BAD 250184634949
BAD 250101060919
BAD 250168922593
BAD 250101060997
BAD 250084068133
BAD 250084068193
BAD 250101241471
BAD 250101258419
BAD 250252338887
BAD 250169176489
BAD 250169176493
BAD 250084405561
BAD 250252744097
BAD 250252744099
BAD 250185679493
BAD 250185679511
BAD 250170229079
BAD 250170229081
BAD 250102858141
BAD 250102858171
BAD 250103193611
BAD 250086067369
BAD 250086067373
BAD 250303250809
BAD 250170654079
BAD 250170691261
BAD 250086232289
BAD 250086566311
BAD 250171121353
BAD 250171121357
BAD 250086917243
BAD 250255422517
BAD 250304266279
BAD 250255422523
BAD 250187718779
BAD 250255422533
BAD 250187718799
BAD 250171381223
BAD 250255422569
BAD 250304266283
BAD 250187718871
BAD 250187718877
BAD 250171391087
BAD 250171391089
BAD 250187754283
BAD 250187754293
BAD 250187853793
BAD 250304510179
BAD 250171848541
BAD 250087544503
BAD 250304912393
BAD 250304912399
BAD 250304912401
BAD 250304912411
BAD 250304912413
BAD 250304912419
BAD 250304912423
BAD 250257135773
BAD 250257135787
BAD 250106731801
BAD 250106731807
BAD 250089661909
BAD 250190906311
BAD 250219605851
BAD 250306346687
BAD 250190906333
BAD 250174371809
BAD 250190906347
BAD 250190906359
BAD 250190906377
BAD 250174371841
BAD 250190948971
BAD 250190993687
BAD 250191327979
BAD 250191327983
BAD 250306800859
BAD 250174863751
BAD 250174863787
BAD 250090238711
BAD 250220204413
BAD 250307015251
BAD 250220443883
BAD 250220473973
BAD 250191898643
BAD 250107926153
BAD 250107926183
BAD 250107926191
BAD 250090878589
BAD 250090878593
BAD 250108023569
BAD 250221113143
BAD 250109037683
BAD 250192740913
BAD 250092924799
BAD 250221113147
BAD 250176940613
BAD 250092924803
BAD 250308946973
BAD 250176940639
BAD 250176940679
BAD 250109344453
BAD 250221581671
BAD 250177756993
BAD 250222175153
BAD 250193844013
BAD 250093983577
BAD 250222396433
BAD 250222396441
BAD 250094542519
BAD 250094800223
BAD 250179748883
BAD 250179748891
BAD 250095565351
BAD 250095602413
BAD 250195628707
BAD 250311944923
BAD 250195641197
BAD 250312023653
BAD 250312023659
BAD 250095834283
BAD 250111974613
BAD 250312457233
BAD 250196774393
BAD 250225575863
BAD 250181732461
BAD 250096701251
BAD 250225575871
BAD 250096701259
BAD 250225672163
BAD 250225672189
BAD 250225672243
BAD 250225718867
BAD 250196978347
BAD 250196978351
BAD 250196978357
BAD 250313154599
BAD 250313154601
BAD 250313154607
BAD 250226606153
BAD 250097707283
BAD 250097707289
BAD 250097707291
BAD 250183119631
BAD 250183401241
BAD 250314687823
BAD 250184104789
BAD 250184400113
BAD 250315300309
BAD 250099526191
BAD 250114524773
BAD 250114524799
BAD 250257873193
BAD 250114524839
BAD 250316325923
BAD 250114524841
BAD 250316325929
BAD 250229582989
BAD 250316530327
BAD 250316530369
BAD 250316530381
BAD 250114956737
BAD 250316846011
BAD 250317204131
BAD 250317204133
BAD 250317735053
BAD 250317735061
BAD 250317735163
BAD 250259036101
BAD 250259176031
BAD 250259176033
BAD 250231266227
BAD 250231266253
BAD 250231600907
BAD 250231600909
BAD 250231824319
BAD 250232077013
BAD 250260463303
BAD 250260500573
BAD 250260500599
BAD 250117428397
BAD 250232939821
BAD 250232939857
BAD 250232939861
BAD 250232939863
BAD 250261840709
BAD 250261840711
BAD 250233774709
BAD 250262152757
BAD 250262152759
BAD 250262741933
BAD 250264088993
BAD 250264595003
BAD 250264850599
BAD 250266603427
BAD 250267442963
BAD 250267442969
BAD 250267929787
BAD 250067624581
BAD 250068453781
BAD 250068454303
BAD 250069696291
BAD 250069787377
BAD 250070911063
BAD 250070911067
BAD 250071107017
BAD 250072122803
BAD 250072122823
BAD 250072599817
BAD 250073220253
BAD 250073220269
BAD 250073220277
BAD 250151531647
BAD 250073220281
BAD 250073220283
BAD 250352440423
BAD 250234943957
BAD 250235409979
BAD 250353670909
BAD 250386288037
BAD 250000232593
BAD 250074764123
BAD 250386702703
BAD 250354106869
BAD 250153097011
BAD 250387369223
BAD 250387369261
BAD 250387369283
BAD 250387404529
BAD 250387404541
BAD 250001227379
BAD 250001227381
BAD 250075320793
BAD 250202825549
BAD 250001309969
BAD 250001309993
BAD 250001330743
BAD 250001330759
BAD 250387954261
BAD 250050517433
BAD 250050517447
BAD 250154339657
BAD 250319184601
BAD 250119980507
BAD 250051654883
BAD 250355926063
BAD 250135505117
BAD 250369977139
BAD 250388526547
BAD 250135505119
BAD 250369977157
BAD 250203530419
BAD 250237356571
BAD 250001839099
BAD 250355926069
BAD 250001839103
BAD 250001839121
BAD 250001839123
BAD 250051697983
BAD 250135720259
BAD 250356207289
BAD 250075850333
BAD 250075850351
BAD 250203843731
BAD 250203843733
BAD 250237708691
BAD 250120516559
BAD 250120516573
BAD 250120516577
BAD 250120516579
BAD 250389206303
BAD 250002659381
BAD 250002659383
BAD 250335776183
BAD 250389403853
BAD 250002662417
BAD 250002662419
BAD 250320289459
BAD 250238411497
BAD 250204738853
BAD 250238475803
BAD 250238904203
BAD 250205186701
BAD 250205186729
BAD 250205186731
BAD 250239062587
BAD 250205424179
BAD 250137434647
BAD 250137434653
BAD 250321129327
BAD 250053686893
BAD 250371736729
BAD 250371736733
BAD 250053804283
BAD 250137600667
BAD 250137600673
BAD 250137600677
BAD 250390383017
BAD 250390383059
BAD 250003599091
BAD 250336849613
BAD 250336860451
BAD 250003638827
BAD 250390577837
BAD 250337319319
BAD 250206755333
BAD 250156802293
BAD 250121927161
BAD 250321589213
BAD 250054807043
BAD 250321589227
BAD 250121927249
BAD 250054807063
BAD 250321589233
BAD 250121927257
BAD 250054807109
BAD 250054807111
BAD 250337431363
BAD 250003920857
BAD 250390935247
BAD 250207185001
BAD 250078973611
BAD 250372226641
BAD 250055448977
BAD 250079177783
BAD 250391444777
BAD 250391450083
BAD 250139510683
BAD 250139510693
BAD 250079375171
BAD 250079375173
BAD 250079375179
BAD 250139659379
BAD 250391799181
BAD 250005485861
BAD 250123080859
BAD 250139659381
BAD 250079969341
BAD 250005485869
BAD 250208528747
BAD 250241811167
BAD 250158316613
BAD 250241811173
BAD 250056111961
BAD 250208571427
BAD 250158420517
BAD 250158420607
BAD 250158473003
BAD 250158473023
BAD 250158473063
BAD 250158473077
BAD 250139862983
BAD 250339345609
BAD 250123535377
BAD 250123551973
BAD 250123551991
BAD 250373548561
BAD 250123591247
BAD 250392402023
BAD 250123712899
BAD 250123712903
BAD 250392608471
BAD 250006340609
BAD 250242528527
BAD 250373951189
BAD 250123886113
BAD 250373951197
BAD 250123886153
BAD 250123886161
BAD 250057309651
BAD 250057309657
BAD 250057309661
BAD 250242613139
BAD 250242613141
BAD 250242613147
BAD 250123946707
BAD 250123946711
BAD 250323719389
BAD 250124089861
BAD 250124089871
BAD 250242978683
BAD 250360113259
BAD 250243214497
BAD 250080985753
BAD 250210133053
BAD 250210133059
BAD 250058232979
BAD 250007458403
BAD 250124502499
BAD 250007486279
BAD 250360418353
BAD 250210489429
BAD 250007869483
BAD 250211083753
BAD 250081576139
BAD 250341724111
BAD 250125092449
BAD 250081576141
BAD 250393915669
BAD 250324882897
BAD 250342227589
BAD 250342227607
BAD 250211549453
BAD 250244923237
BAD 250244923241
BAD 250008465431
BAD 250125785341
BAD 250211907331
BAD 250211907353
BAD 250325389703
BAD 250342934603
BAD 250212271343
BAD 250212271369
BAD 250162434793
BAD 250162434799
BAD 250212271373
BAD 250377212093
BAD 250059815507
BAD 250059956843
BAD 250361795473
BAD 250361795477
BAD 250361830099
BAD 250361830133
BAD 250009582103
BAD 250009582111
BAD 250246613941
BAD 250246614109
BAD 250378159267
BAD 250213448651
BAD 250127347543
BAD 250127347559
BAD 250162998893
BAD 250162998907
BAD 250009843763
BAD 250127546063
BAD 250326890857
BAD 250127697067
BAD 250127697089
BAD 250127697091
BAD 250213822009
BAD 250163352379
BAD 250144408673
BAD 250144408681
BAD 250213960967
BAD 250247309359
BAD 250379062187
BAD 250379062189
BAD 250379062207
BAD 250379062211
BAD 250379062231
BAD 250379062237
BAD 250144885079
BAD 250247603251
BAD 250247615819
BAD 250145141531
BAD 250379464537
BAD 250164249421
BAD 250164249427
BAD 250010968463
BAD 250145571593
BAD 250397268203
BAD 250145634317
BAD 250397360509
BAD 250061610973
BAD 250061610977
BAD 250061610979
BAD 250344794927
BAD 250397445113
BAD 250164914669
BAD 250164914677
BAD 250164914693
BAD 250164932153
BAD 250061854129
BAD 250215269309
BAD 250363973221
BAD 250165359127
BAD 250345322839
BAD 250129913687
BAD 250364303747
BAD 250129967453
BAD 250398336901
BAD 250130066843
BAD 250165871213
BAD 250328581403
BAD 250381155023
BAD 250013213887
BAD 250146859801
BAD 250365307991
BAD 250130388203
BAD 250365307993
BAD 250365307999
BAD 250130401273
BAD 250381182217
BAD 250381182251
BAD 250062818441
BAD 250328621251
BAD 250328621273
BAD 250365378649
BAD 250249569553
BAD 250249577233
BAD 250365446873
BAD 250130547487
BAD 250130547503
BAD 250013412169
BAD 250013412203
BAD 250166039593
BAD 250013481401
BAD 250399889977
BAD 250147260463
BAD 250147260469
BAD 250328967089
BAD 250249907659
BAD 250017154943
BAD 250017154999
BAD 250368107299
BAD 250329844469
BAD 250347286403
BAD 250147404713
BAD 250015127449
BAD 250368107303
BAD 250401099679
BAD 250217885389
BAD 250382305571
BAD 250250486377
BAD 250347286417
BAD 250131479033
BAD 250347286493
BAD 250382305573
BAD 250250642053
BAD 250017309043
BAD 250401288703
BAD 250166271217
BAD 250166294537
BAD 250147660429
BAD 250166339209
BAD 250065929173
BAD 250015694963
BAD 250382809769
BAD 250382809771
BAD 250148208649
BAD 250148208683
BAD 250148208701
BAD 250148208703
BAD 250148208707
BAD 250167214411
BAD 250251642811
BAD 250383420323
BAD 250018161773
BAD 250018215541
BAD 250402441921
BAD 250066718879
BAD 250167654299
BAD 250167654301
BAD 250167654343
BAD 250148656753
BAD 250148698099
BAD 250148779109
BAD 250134135869
BAD 250134135871
BAD 250019369239
BAD 250149246341
BAD 250149246343
BAD 250384850647
BAD 250384850671
BAD 250020422671
BAD 250020658907
BAD 250020964667
BAD 250020964681
BAD 250020964691
BAD 250021229551
BAD 250150474369
BAD 250150474397
BAD 250333355603
BAD 250333486933
BAD 250021634971
BAD 250021694033
BAD 250333612609
BAD 250333676449
BAD 250021872109
BAD 250021872127
BAD 250021872161
BAD 250351627861
BAD 250334301421
BAD 250023155593
BAD 250025627827
BAD 250025627867
BAD 250025627869
BAD 250025923361
BAD 250025923363
BAD 250026932359
BAD 250027985569
BAD 250027985573
BAD 250028435773
BAD 250028435777
BAD 250028435779
BAD 250029171019
BAD 250030429553
BAD 250030718059
BAD 250032546653
BAD 250032992423
BAD 250034157323
BAD 250034279023
BAD 250034287121
BAD 250035939323
BAD 250036174211
BAD 250036670077
BAD 250269393953
BAD 250039449953
BAD 250270882097
BAD 250271565631
BAD 250271565647
BAD 250272496619
BAD 250272511897
BAD 250285598713
BAD 250272923393
BAD 250272923401
BAD 250285704139
BAD 250285978309
BAD 250273710901
BAD 250042439293
BAD 250042439299
BAD 250042439303
BAD 250274496559
BAD 250274496607
BAD 250043081681
BAD 250043081683
BAD 250043171953
BAD 250277009519
BAD 250277088079
BAD 250045056619
BAD 250045056637
BAD 250045056643
BAD 250277219233
BAD 250277219249
BAD 250277219251
BAD 250291007273
BAD 250291257413
BAD 250046783843
BAD 250047566113
BAD 250048510583
BAD 250279965361
BAD 250279965367
BAD 250279965389
BAD 250280216899
BAD 250280684141
BAD 250293917191
BAD 250293990451
BAD 250281431767
BAD 250294871443
BAD 250294871447
BAD 250282518571
BAD 250282852999
BAD 250282853011
BAD 250283327603
BAD 250296358699
BAD 250296663983
BAD 250297282883
BAD 250297356877
BAD 250297409849
BAD 250297409851
BAD 250297740743
BAD 250300533031
BAD 250300533037
BAD 250300533061
BAD 250300834897
BAD 250301091263
BAD 250301398381
BAD 250487758877
BAD 250487758879
BAD 250487758891
BAD 250487924059
BAD 250503783511
BAD 250504482511
BAD 250504585871
BAD 250504585873
BAD 250504941157
BAD 250439508043
BAD 250439579359
BAD 250439982469
BAD 250439982473
BAD 250493377339
BAD 250493377357
BAD 250493581823
BAD 250507067857
BAD 250441507501
BAD 250441507507
BAD 250494200329
BAD 250494247009
BAD 250507589623
BAD 250507589653
BAD 250507690861
BAD 250494665851
BAD 250494665857
BAD 250508782729
BAD 250508782759
BAD 250444104773
BAD 250444104803
BAD 250444104847
BAD 250510170881
BAD 250510303633
BAD 250510303643
BAD 250444678201
BAD 250498562267
BAD 250498913993
BAD 250511355053
BAD 250500009139
BAD 250500009143
BAD 250500009191
BAD 250500096421
BAD 250446145459
BAD 250501417723
BAD 250501482103
BAD 250514878597
BAD 250449001651
BAD 250453181203
BAD 250503063221
BAD 250449675409
BAD 250515864383
BAD 250453810741
BAD 250453810813
BAD 250516476299
BAD 250454177497
BAD 250454435479
BAD 250454526457
BAD 250516909267
BAD 250516909271
BAD 250450936349
BAD 250450936513
BAD 250450936517
BAD 250450943401
BAD 250450993993
BAD 250517643059
BAD 250517643091
BAD 250518535081
BAD 250518729163
BAD 250518753019
BAD 250518825019
BAD 250518835163
BAD 250519688921
BAD 250519951499
BAD 250519951501
BAD 250519951519
BAD 250519951523
BAD 250458257479
BAD 250458508411
BAD 250458508423
BAD 250459642087
BAD 250459642093
BAD 250461608407
BAD 250461992531
BAD 250461992533
BAD 250462018207
BAD 250462992737
BAD 250463887279
BAD 250463887291
BAD 250464947987
BAD 250465062781
BAD 250465062803
BAD 250466347919
BAD 250467241831
BAD 250467241837
BAD 250422020053
BAD 250422020143
BAD 250422333631
BAD 250468571971
BAD 250468571981
BAD 250422732673
BAD 250469537663
BAD 250425965089
BAD 250425965093
BAD 250426530899
BAD 250426530901
BAD 250428416747
BAD 250428416809
BAD 250428416813
BAD 250428725089
BAD 250429308373
BAD 250429438397
BAD 250429438417
BAD 250430547259
BAD 250431589283
BAD 250433334233
BAD 250434544663
BAD 250435285753
BAD 250436093387
BAD 250402738559
BAD 250403795713
BAD 250405795723
BAD 250407327899
BAD 250407824753
BAD 250408174853
BAD 250408319521
BAD 250408550737
BAD 250409057419
BAD 250411572353
BAD 250412310587
BAD 250412310593
BAD 250413599651
BAD 250415658809
BAD 250416649993
BAD 250416660727
BAD 250416660733
BAD 250416660737
BAD 250416660763
BAD 250417055191
BAD 250417317691
BAD 250417317697
BAD 250418136281
BAD 250418136299
BAD 250418136301
BAD 250418158877
BAD 250554303499
BAD 250554777841
BAD 250554851843
BAD 250554851851
BAD 250789094473
BAD 250789094477
BAD 250790174057
BAD 250790174059
BAD 250790386307
BAD 250790743261
BAD 250791058951
BAD 250791649127
BAD 250792151047
BAD 250794301673
BAD 250794672013
BAD 250795980167
BAD 250796207527
BAD 250796207537
BAD 250796207539
BAD 250797050279
BAD 250560703297
BAD 250560887923
BAD 250561180663
BAD 250561538917
BAD 250799468401
BAD 250799468431
BAD 250799507149
BAD 250800363637
BAD 250800363643
BAD 250800557389
BAD 250563107261
BAD 250563107269
BAD 250801468133
BAD 250801518229
BAD 250563402511
BAD 250563725983
BAD 250801867669
BAD 250564815871
BAD 250564815877
BAD 250564815881
BAD 250565439463
BAD 250567246451
BAD 250567953457
BAD 250568303299
BAD 250570276883
BAD 250470243203
BAD 250471431757
BAD 250472306269
BAD 250520786293
BAD 250520786311
BAD 250473081541
BAD 250473081569
BAD 250473081571
BAD 250473081581
BAD 250473081583
BAD 250473081587
BAD 250473081589
BAD 250521725203
BAD 250521755101
BAD 250473688351
BAD 250473919051
BAD 250474082543
BAD 250474210981
BAD 250522902943
BAD 250474233083
BAD 250523172157
BAD 250523421419
BAD 250523549099
BAD 250523606761
BAD 250523606777
BAD 250523606779
BAD 250523606783
BAD 250475778107
BAD 250475778109
BAD 250475778121
BAD 250525978291
BAD 250476597233
BAD 250476597253
BAD 250477757779
BAD 250571914147
BAD 250572487909
BAD 250572487927
BAD 250572487933
BAD 250572487943
BAD 250572497843
BAD 250572522677
BAD 250572522679
BAD 250654573823
BAD 250654580663
BAD 250654580677
BAD 250478801627
BAD 250654607999
BAD 250654887589
BAD 250479642473
BAD 250573653623
BAD 250479920239
BAD 250479920441
BAD 250479920569
BAD 250480081853
BAD 250573832513
BAD 250574038199
BAD 250574038201
BAD 250574446789
BAD 250658351353
BAD 250673389973
BAD 250673438221
BAD 250575237013
BAD 250575237019
BAD 250575237023
BAD 250575237089
BAD 250575237091
BAD 250674085609
BAD 250659219533
BAD 250660198601
BAD 250660198603
BAD 250660198609
BAD 250482813437
BAD 250482813439
BAD 250482813443
BAD 250660321033
BAD 250660321069
BAD 250576512679
BAD 250576512691
BAD 250674961639
BAD 250588514131
BAD 250483649071
BAD 250577123239
BAD 250674961687
BAD 250660769719
BAD 250660893737
BAD 250660893739
BAD 250660893751
BAD 250675115923
BAD 250675115927
BAD 250675119419
BAD 250483861567
BAD 250577400569
BAD 250577400571
BAD 250484077247
BAD 250484090609
BAD 250661308201
BAD 250661308211
BAD 250661308213
BAD 250661308217
BAD 250484176823
BAD 250589473139
BAD 250661748901
BAD 250661748917
BAD 250661748919
BAD 250661748923
BAD 250578453163
BAD 250579469779
BAD 250579469783
BAD 250591124299
BAD 250485427009
BAD 250580068309
BAD 250591571393
BAD 250580562959
BAD 250591835407
BAD 250663311329
BAD 250663348853
BAD 250663348861
BAD 250663348867
BAD 250663781213
BAD 250678125097
BAD 250678125101
BAD 250528906099
BAD 250592445293
BAD 250581901111
BAD 250581901169
BAD 250581901201
BAD 250582040299
BAD 250582040311
BAD 250679389369
BAD 250679389393
BAD 250593485123
BAD 250583264957
BAD 250665044243
BAD 250583482843
BAD 250583482847
BAD 250680167497
BAD 250680167509
BAD 250593980723
BAD 250593980729
BAD 250584608999
BAD 250593980731
BAD 250688397361
BAD 250680766607
BAD 250666790359
BAD 250704836399
BAD 250704836401
BAD 250704836413
BAD 250666928287
BAD 250681053283
BAD 250667040779
BAD 250667044283
BAD 250585274011
BAD 250681526047
BAD 250681526059
BAD 250681526063
BAD 250681725571
BAD 250667362591
BAD 250667362597
BAD 250667362601
BAD 250667362639
BAD 250682143493
BAD 250682317999
BAD 250690019821
BAD 250690019837
BAD 250586448961
BAD 250586448979
BAD 250586448997
BAD 250604742473
BAD 250586577953
BAD 250533522947
BAD 250668421519
BAD 250607743093
BAD 250586953979
BAD 250690614113
BAD 250596433273
BAD 250622294551
BAD 250607743097
BAD 250707692113
BAD 250586953987
BAD 250596433279
BAD 250682915993
BAD 250607743103
BAD 250690632653
BAD 250533577561
BAD 250668670673
BAD 250668731023
BAD 250668731029
BAD 250608288991
BAD 250597056223
BAD 250669239683
BAD 250669241261
BAD 250669241269
BAD 250597261237
BAD 250708196539
BAD 250608918823
BAD 250708342501
BAD 250708468123
BAD 250623867911
BAD 250623867913
BAD 250598138873
BAD 250692603209
BAD 250624105729
BAD 250684223903
BAD 250598138899
BAD 250670982427
BAD 250709274229
BAD 250692603211
BAD 250610915773
BAD 250611212101
BAD 250611212107
BAD 250534667231
BAD 250534667233
BAD 250693000951
BAD 250625001073
BAD 250625001079
BAD 250611847963
BAD 250693610207
BAD 250535630911
BAD 250693917263
BAD 250693917269
BAD 250693965139
BAD 250612385557
BAD 250612385563
BAD 250612385567
BAD 250710162023
BAD 250599134573
BAD 250536055753
BAD 250626078259
BAD 250599445111
BAD 250626460891
BAD 250685364653
BAD 250637937679
BAD 250637937691
BAD 250685471941
BAD 250626556133
BAD 250626556157
BAD 250685534093
BAD 250626628673
BAD 250626628741
BAD 250685606063
BAD 250695889043
BAD 250600433467
BAD 250685873323
BAD 250685873329
BAD 250686033751
BAD 250600828999
BAD 250638882841
BAD 250711979543
BAD 250712143463
BAD 250601135623
BAD 250696873397
BAD 250615069739
BAD 250615069741
BAD 250697006143
BAD 250639237159
BAD 250615466611
BAD 250686730453
BAD 250686730477
BAD 250537591561
BAD 250537591567
BAD 250686794779
BAD 250697368321
BAD 250601664601
BAD 250697632573
BAD 250640151353
BAD 250697859961
BAD 250640350427
BAD 250698076273
BAD 250698076313
BAD 250616784601
BAD 250640623967
BAD 250617100621
BAD 250617100633
BAD 250538665513
BAD 250602868801
BAD 250602868853
BAD 250714533709
BAD 250617556081
BAD 250617556087
BAD 250617557821
BAD 250628975629
BAD 250628975633
BAD 250628975803
BAD 250629089041
BAD 250641787811
BAD 250641787813
BAD 250641787819
BAD 250618533133
BAD 250539662069
BAD 250539662071
BAD 250603932301
BAD 250539662117
BAD 250716233611
BAD 250540290901
BAD 250716522713
BAD 250630294469
BAD 250643001601
BAD 250619663641
BAD 250716761783
BAD 250701159503
BAD 250619947273
BAD 250619947283
BAD 250619947289
BAD 250701290363
BAD 250643407843
BAD 250717218863
BAD 250541465969
BAD 250541465971
BAD 250717622017
BAD 250717622027
BAD 250541885311
BAD 250718105971
BAD 250718105993
BAD 250542204463
BAD 250542284897
BAD 250542284899
BAD 250542284903
BAD 250644477739
BAD 250632000629
BAD 250632000631
BAD 250542520369
BAD 250644825817
BAD 250702939541
BAD 250632000653
BAD 250718665669
BAD 250632000659
BAD 250632000667
BAD 250542633683
BAD 250542633689
BAD 250543098277
BAD 250703537659
BAD 250703537663
BAD 250776021151
BAD 250543404973
BAD 250719592681
BAD 250776215873
BAD 250632965293
BAD 250645851503
BAD 250645860383
BAD 250633046623
BAD 250633046627
BAD 250645977817
BAD 250645977821
BAD 250645977823
BAD 250633163783
BAD 250777274029
BAD 250634008291
BAD 250647004733
BAD 250647004759
BAD 250647004763
BAD 250647004771
BAD 250546556723
BAD 250779016567
BAD 250779016573
BAD 250779038047
BAD 250779220057
BAD 250779220067
BAD 250647763607
BAD 250647763609
BAD 250779499939
BAD 250779578353
BAD 250547207467
BAD 250648153213
BAD 250648153219
BAD 250779913529
BAD 250635557903
BAD 250547637653
BAD 250648912453
BAD 250780673477
BAD 250636497203
BAD 250636497211
BAD 250636497217
BAD 250781727019
BAD 250781727023
BAD 250549266619
BAD 250781828993
BAD 250781862013
BAD 250650166141
BAD 250650166147
BAD 250782044431
BAD 250650393269
BAD 250549563787
BAD 250650393271
BAD 250722116011
BAD 250650930007
BAD 250550488093
BAD 250550629193
BAD 250783324039
BAD 250550974879
BAD 250783863481
BAD 250552030283
BAD 250784578963
BAD 250552639823
BAD 250552656551
BAD 250785781201
BAD 250553608073
BAD 250786547383
BAD 250786547387
BAD 250786547393
BAD 250725070201
BAD 250788163981
BAD 250726661561
BAD 250726661569
BAD 250726661573
BAD 250755216619
BAD 250755216623
BAD 250755662957
BAD 250755662959
BAD 250729375417
BAD 250729573823
BAD 250729694041
BAD 250729694063
BAD 250729694069
BAD 250729694071
BAD 250729713991
BAD 250756876549
BAD 250757029207
BAD 250758143659
BAD 250758143681
BAD 250758505541
BAD 250758689119
BAD 250758868469
BAD 250758868471
BAD 250758910879
BAD 250731173939
BAD 250731173941
BAD 250760392819
BAD 250760392823
BAD 250760392837
BAD 250760392843
BAD 250764187813
BAD 250735293737
BAD 250739388217
BAD 250739615479
BAD 250739615491
BAD 250740178697
BAD 250740178699
BAD 250740594991
BAD 250740594997
BAD 250736699957
BAD 250740930941
BAD 250766927843
BAD 250767357329
BAD 250767357331
BAD 250767591167
BAD 250767591169
BAD 250737829729
BAD 250767743437
BAD 250741569019
BAD 250767815143
BAD 250767815147
BAD 250767815149
BAD 250767815173
BAD 250767960841
BAD 250767960847
BAD 250767960853
BAD 250742356663
BAD 250768800287
BAD 250768926769
BAD 250742563039
BAD 250742563051
BAD 250770437053
BAD 250770531491
BAD 250744186643
BAD 250770629107
BAD 250744376173
BAD 250744376203
BAD 250744498481
BAD 250770995711
BAD 250744631441
BAD 250771352723
BAD 250746847423
BAD 250747983337
BAD 250749084049
BAD 250750537109
BAD 250750537111
BAD 250750601947
BAD 250751096389
BAD 250752411223
BAD 250754289169
BAD 250754564503
BAD 250855883573
BAD 250856365873
BAD 250856365883
BAD 250856789773
BAD 250857561443
BAD 250858148291
BAD 250858148293
BAD 250858688363
BAD 250858896571
BAD 250859098033
BAD 250859980607
BAD 250859980621
BAD 250859980627
BAD 250860366017
BAD 250860366019
BAD 250860392693
BAD 250861344841
BAD 250861611383
BAD 250861611439
BAD 250863552637
BAD 250863978691
BAD 250863978697
BAD 250864101223
BAD 250864738133
BAD 250864780643
BAD 250864816957
BAD 250865099731
BAD 250865236159
BAD 250865438137
BAD 250865865983
BAD 250866674581
BAD 250866787583
BAD 250822509061
BAD 250806368693
BAD 250824336041
BAD 250808024569
BAD 250808024573
BAD 250808753341
BAD 250825569343
BAD 250809432109
BAD 250809454979
BAD 250809454981
BAD 250809454991
BAD 250826382617
BAD 250826608231
BAD 250826873551
BAD 250827154181
BAD 250827154183
BAD 250827609391
BAD 250827970577
BAD 250827970579
BAD 250827970583
BAD 250869181273
BAD 250812022411
BAD 250812473141
BAD 250870078079
BAD 250870239601
BAD 250870239611
BAD 250870989059
BAD 250870989121
BAD 250830156767
BAD 250830156769
BAD 250830259087
BAD 250830634363
BAD 250871770637
BAD 250871770663
BAD 250871770717
BAD 250830744623
BAD 250830744629
BAD 250830744631
BAD 250830892399
BAD 250830892733
BAD 250831268971
BAD 250831493543
BAD 250831611319
BAD 250831611323
BAD 250815561379
BAD 250816835839
BAD 250816835851
BAD 250818019051
BAD 250818019063
BAD 250818019069
BAD 250818019073
BAD 250818019079
BAD 250819189279
BAD 250833356861
BAD 250833356863
BAD 250834207249
BAD 250835428429
BAD 250835428433
BAD 250835464513
BAD 250835629939
BAD 250835706497
BAD 250821538391
BAD 250821538393
BAD 250821538399
BAD 250821538403
BAD 250872429343
BAD 250872682831
BAD 250873042367
BAD 250873042369
BAD 250873042373
BAD 250873244821
BAD 250873602113
BAD 250873602139
BAD 250874313103
BAD 250874493841
BAD 250874493853
BAD 250874493869
BAD 250874493871
BAD 250874663693
BAD 250875334123
BAD 250876457627
BAD 250877131283
BAD 250877131289
BAD 250877131291
BAD 250878267019
BAD 250880264533
BAD 250881420859
BAD 250881982711
BAD 250882661443
BAD 250882772729
BAD 250882772731
BAD 250885957433
BAD 250886286593
BAD 250886600623
BAD 250886600663
BAD 250886805619
BAD 250887215641
BAD 250839928993
BAD 250887513433
BAD 250888018219
BAD 250888028263
BAD 250841024737
BAD 250841399033
BAD 250841399041
BAD 250888708579
BAD 250889142379
BAD 250841850751
BAD 250841925379
BAD 250841989339
BAD 250842055591
BAD 250842340621
BAD 250843605083
BAD 250844601863
BAD 250845483241
BAD 250845483289
BAD 250845562621
BAD 250845618293
BAD 250845618299
BAD 250845618301
BAD 250846236661
BAD 250846891123
BAD 250846891129
BAD 250846891213
BAD 250847019823
BAD 250847019827
BAD 250848007877
BAD 250848202369
BAD 250848276157
BAD 250849395061
BAD 250849395067
BAD 250849818563
BAD 250851385723
BAD 250851385727
BAD 250851846293
BAD 250891583339
BAD 250891961297
BAD 250892508673
BAD 250892508677
BAD 250892508679
BAD 250892723203
BAD 250892797513
BAD 250892797517
BAD 250893042091
BAD 250893778283
BAD 250894009049
BAD 250894174907
BAD 250894174913
BAD 250894825151
BAD 250852108123
BAD 250852383281
BAD 250852641943
BAD 250852641947
BAD 250852642003
BAD 250854772373
BAD 250855318673
BAD 250855357153
BAD 250855357223
BAD 250896275911
BAD 250896275921
BAD 250896275923
BAD 250896756391
BAD 250897063063
BAD 250897284949
BAD 250899198533
BAD 250899381643
BAD 250900354609
BAD 250900695863
BAD 250901417461
BAD 250902263401
BAD 250903178791
BAD 250904248061
BAD 250904510677
BAD 251025211523
BAD 251025309487
BAD 251026840553
BAD 251027493433
BAD 251027730133
BAD 251027894281
BAD 251027894287
BAD 251028245333
BAD 251091066509
BAD 251091066511
BAD 251091121793
BAD 251091517681
BAD 251091517693
BAD 251091937493
BAD 251092052867
BAD 251092052873
BAD 251030918603
BAD 251092211611
BAD 251092741667
BAD 251032210189
BAD 251032210193
BAD 251032697287
BAD 251032697291
BAD 251034108901
BAD 251035874783
BAD 251097357437
BAD 251097464773
BAD 251097464777
BAD 251098009597
BAD 251098050661
BAD 251098050667
BAD 251098843591
BAD 251098970939
BAD 251100133523
BAD 251100222749
BAD 251100718637
BAD 251100885961
BAD 251100885983
BAD 251101019483
BAD 251036877079
BAD 251036877083
BAD 251036877089
BAD 251036887603
BAD 251036887609
BAD 251036887613
BAD 251039014801
BAD 251039777803
BAD 251101416781
BAD 251101603733
BAD 251104334029
BAD 251107966741
BAD 251007143537
BAD 251007143539
BAD 251108980333
BAD 251109526711
BAD 251008649867
BAD 251008694843
BAD 251110041913
BAD 251009226673
BAD 251009226679
BAD 251009226683
BAD 251110700513
BAD 251010305563
BAD 251112059609
BAD 251112560597
BAD 251112761407
BAD 251112852671
BAD 251112852673
BAD 251112852733
BAD 251113567871
BAD 251113567877
BAD 251113795463
BAD 251113960423
BAD 251113960441
BAD 251105257331
BAD 251105257339
BAD 251105257343
BAD 251105257357
BAD 251105329073
BAD 251105415109
BAD 251105686873
BAD 251105809397
BAD 250923074477
BAD 250923078743
BAD 251116941563
BAD 251117532403
BAD 251117837293
BAD 250926128813
BAD 251118529037
BAD 250926771947
BAD 250926961199
BAD 250927196341
BAD 251120330053
BAD 250928169187
BAD 251120935381
BAD 251120935409
BAD 250928600977
BAD 250928662669
BAD 251014062571
BAD 251014062587
BAD 250930214099
BAD 251014254619
BAD 251014254629
BAD 250930515203
BAD 251014549673
BAD 250930825237
BAD 250930825253
BAD 250930825337
BAD 250930825339
BAD 250931431253
BAD 250931446823
BAD 251015816393
BAD 251015958757
BAD 250932097111
BAD 250932171157
BAD 251016901799
BAD 251017219867
BAD 250956821971
BAD 250933366637
BAD 251017219879
BAD 251017219883
BAD 250933366639
BAD 250933366669
BAD 251017302149
BAD 250957132093
BAD 251018387677
BAD 251018387681
BAD 251018387707
BAD 251018768821
BAD 250934719223
BAD 250958905541
BAD 250958905543
BAD 251019260377
BAD 251019260381
BAD 251019260383
BAD 251019260389
BAD 251019519209
BAD 251019519211
BAD 251019519227
BAD 251019519229
BAD 251019519287
BAD 251019519299
BAD 251019543661
BAD 251019697283
BAD 250959820711
BAD 250959820753
BAD 250959886057
BAD 250906865021
BAD 251122509587
BAD 250935371173
BAD 250959991651
BAD 250959991657
BAD 250959991661
BAD 250959991663
BAD 251123463793
BAD 250960917853
BAD 251019985873
BAD 250961461213
BAD 251020330373
BAD 251020330387
BAD 250937159531
BAD 250937159533
BAD 250908163721
BAD 250937554789
BAD 250937554793
BAD 250908424213
BAD 251021326357
BAD 251021326363
BAD 251021326483
BAD 251021512211
BAD 251021512213
BAD 251021512249
BAD 251021512549
BAD 251021512603
BAD 250962693337
BAD 251021715619
BAD 250938758221
BAD 250963027927
BAD 250909241599
BAD 251022364319
BAD 251022364321
BAD 250939058483
BAD 250909449829
BAD 250939230037
BAD 251022714001
BAD 251022714013
BAD 250963773041
BAD 250963773043
BAD 250909933733
BAD 250909933741
BAD 250910033281
BAD 251023340203
BAD 251023340207
BAD 250910785063
BAD 250910785129
BAD 250965037789
BAD 250910919619
BAD 250911222743
BAD 250911222769
BAD 250965703369
BAD 250965983551
BAD 250966353727
BAD 251125366259
BAD 251125366267
BAD 250967582659
BAD 250967838073
BAD 251125960417
BAD 251158292579
BAD 250968419503
BAD 251125960439
BAD 250913089369
BAD 251125960441
BAD 250968419521
BAD 251158434493
BAD 251057397583
BAD 251174778823
BAD 251175124969
BAD 251175124973
BAD 251175124987
BAD 250913761309
BAD 250913761313
BAD 250913761339
BAD 251159493443
BAD 250970238151
BAD 251175594013
BAD 251175594017
BAD 251175952787
BAD 251175952789
BAD 251058774649
BAD 251058774653
BAD 251176078597
BAD 251059352143
BAD 251127675613
BAD 251141288017
BAD 251127915131
BAD 251127915133
BAD 251127915169
BAD 251060394547
BAD 250972568491
BAD 251127915173
BAD 250915411189
BAD 251141456149
BAD 251177422393
BAD 250915411193
BAD 251177422421
BAD 250915411199
BAD 251177422423
BAD 250915411223
BAD 251177422427
BAD 250915411231
BAD 251177422429
BAD 251141553811
BAD 251060500073
BAD 250915538921
BAD 250972669877
BAD 250972669879
BAD 250972992769
BAD 250972992779
BAD 251142197363
BAD 251040573013
BAD 251161074173
BAD 251128650463
BAD 250916117743
BAD 250916128531
BAD 251142451607
BAD 251142659473
BAD 251143173781
BAD 251143173803
BAD 250916664721
BAD 250973147077
BAD 250991731709
BAD 251180270863
BAD 251162786003
BAD 250991731777
BAD 251129379001
BAD 251041531729
BAD 251075584499
BAD 251062820237
BAD 251041531733
BAD 251180270881
BAD 251041531739
BAD 251180272043
BAD 251143309793
BAD 251143322671
BAD 251162956249
BAD 251075991503
BAD 250992287207
BAD 250992287209
BAD 250917433673
BAD 250917433691
BAD 250917433693
BAD 251042187713
BAD 251076378743
BAD 251076378757
BAD 251130189727
BAD 250917834653
BAD 250974069623
BAD 251144215349
BAD 251076503669
BAD 251130467281
BAD 251144215351
BAD 251076649573
BAD 251064676963
BAD 251064676969
BAD 251064777487
BAD 251182299527
BAD 251182299553
BAD 251182299559
BAD 251182299569
BAD 251065050889
BAD 251043288193
BAD 251164744459
BAD 251164769767
BAD 251164769797
BAD 251164769803
BAD 251043477781
BAD 251182693547
BAD 251182693549
BAD 251182693561
BAD 251182721407
BAD 251077325641
BAD 251077500397
BAD 251077500439
BAD 250975680451
BAD 251165317523
BAD 251066219401
BAD 251132283823
BAD 251191790419
BAD 250976602999
BAD 251066592991
BAD 251044459249
BAD 251078260051
BAD 251146454903
BAD 250995509603
BAD 251078260057
BAD 250995559561
BAD 251146616503
BAD 251146616509
BAD 251166564661
BAD 251066775607
BAD 251066871203
BAD 251184545281
BAD 251192143493
BAD 250995893453
BAD 251192295383
BAD 251184753023
BAD 251192481871
BAD 251167092139
BAD 251045117971
BAD 251134129139
BAD 251167585861
BAD 251167585897
BAD 250996739317
BAD 250996739327
BAD 250939583989
BAD 250939584001
BAD 251079725993
BAD 250996905223
BAD 251148419059
BAD 251185731847
BAD 251167975021
BAD 250979261657
BAD 251081152411
BAD 250940015707
BAD 251068706311
BAD 251185731851
BAD 251135017171
BAD 251193575813
BAD 251185731857
BAD 251185731859
BAD 251068706321
BAD 251068706323
BAD 250922169181
BAD 251081242081
BAD 251168160361
BAD 251068988803
BAD 250979665711
BAD 251194015519
BAD 250997431063
BAD 250979926381
BAD 250979926387
BAD 251148790159
BAD 250997491783
BAD 250997491799
BAD 251168564503
BAD 251045741659
BAD 251045741663
BAD 251186381749
BAD 251168842031
BAD 251186381753
BAD 251168851963
BAD 251135941733
BAD 251135941751
BAD 251135941753
BAD 251135941757
BAD 251135941759
BAD 251081934541
BAD 250980714233
BAD 250941438883
BAD 250941438899
BAD 250941438901
BAD 250980761831
BAD 250980761833
BAD 251194695181
BAD 251194695187
BAD 251070213643
BAD 251082204847
BAD 251046647393
BAD 251046677143
BAD 250941923569
BAD 251046936191
BAD 250981300279
BAD 251169535621
BAD 250942356671
BAD 250942376039
BAD 251082787939
BAD 251082787951
BAD 251047403701
BAD 250999875121
BAD 251150845741
BAD 251137962893
BAD 251084405101
BAD 250983577463
BAD 251187819293
BAD 251196366041
BAD 251072215883
BAD 251169916411
BAD 251169916423
BAD 251169916433
BAD 250942842653
BAD 250942850297
BAD 251084590387
BAD 251151087653
BAD 251170087591
BAD 251072430023
BAD 251072430031
BAD 250943338447
BAD 250943338453
BAD 250943425823
BAD 251000464291
BAD 251072711843
BAD 251188829561
BAD 251138834077
BAD 251138834083
BAD 251000761789
BAD 251000761793
BAD 250944040043
BAD 251048451883
BAD 251085637381
BAD 250984767521
BAD 251048451887
BAD 250944282587
BAD 251197542397
BAD 250944282593
BAD 251170899871
BAD 251139442157
BAD 251197542403
BAD 251152461929
BAD 251139442159
BAD 251197542419
BAD 251170954121
BAD 251170954123
BAD 251170954127
BAD 251170954129
BAD 250944640073
BAD 250944756523
BAD 250944756541
BAD 251189825771
BAD 251189825773
BAD 251139906113
BAD 251002127003
BAD 251153242981
BAD 251086830713
BAD 251190513907
BAD 251171741419
BAD 251140395083
BAD 251153673623
BAD 251153673629
BAD 251171833069
BAD 251087080067
BAD 251190635887
BAD 250945552111
BAD 251087080073
BAD 251153779973
BAD 251049857633
BAD 251003204063
BAD 250986242929
BAD 250986242933
BAD 250986242939
BAD 251087514809
BAD 250946063833
BAD 250946063843
BAD 250946095181
BAD 250946286557
BAD 251154765859
BAD 251154765863
BAD 251004001057
BAD 251004001069
BAD 251154799013
BAD 251088019817
BAD 250987020709
BAD 251088107663
BAD 251088253489
BAD 251088253561
BAD 251088253567
BAD 251004514763
BAD 250947206453
BAD 250987571399
BAD 250947462559
BAD 251200685441
BAD 251200685443
BAD 251200685447
BAD 251005452067
BAD 251005452109
BAD 251005461409
BAD 250988312147
BAD 250988312149
BAD 251005746091
BAD 251089446451
BAD 250988620979
BAD 251052425243
BAD 251052468241
BAD 251089664017
BAD 251089849741
BAD 251201783587
BAD 251201783593
BAD 251201783603
BAD 251006479387
BAD 251006583917
BAD 251090063473
BAD 251090063513
BAD 250948485811
BAD 251053059443
BAD 250989499637
BAD 250989499639
BAD 250949200319
BAD 250949200321
BAD 250949592923
BAD 250949802353
BAD 250949890957
BAD 251205851599
BAD 250951294579
BAD 251206348759
BAD 251206348769
BAD 251206348793
BAD 251206349111
BAD 251206349113
BAD 251206761677
BAD 251056427581
BAD 250952930231
BAD 250952930233
BAD 250953286417
BAD 250953286421
BAD 250955785403
BAD 250955785411
BAD 250956021443
BAD 251209565941
BAD 251210395141
BAD 251210395211
BAD 251210790427
BAD 251210941703
BAD 251211105851
BAD 251211105853
BAD 251211105857
BAD 251211105889
BAD 251212184149
BAD 251212709453
BAD 251214780053
BAD 251216412571
BAD 251216580259
BAD 251225097421
BAD 251225097427
BAD 251216709307
BAD 251216709319
BAD 251216709323
BAD 251225164291
BAD 251225495771
BAD 251225495777
BAD 251225495779
BAD 251217216001
BAD 251217266723
BAD 251226146243
BAD 251226146293
BAD 251226280909
BAD 251218375283
BAD 251226925177
BAD 251218734031
BAD 251218734037
BAD 251218868423
BAD 251227908863
BAD 251228432033
BAD 251220481493
BAD 251220481543
BAD 251220481549
BAD 251229941423
BAD 251221026443
BAD 251231278433
BAD 251231362049
BAD 251231362051
BAD 251222421859
BAD 251222699491
BAD 251222699513
BAD 251223082829
BAD 251223082843
BAD 251232253733
BAD 251232751519
BAD 251232751529
BAD 251232751531
BAD 251223775951
BAD 251233267591
BAD 251233666829
BAD 251233710811
BAD 251233792343
BAD 251234539051
BAD 251235672733
BAD 251235672739
BAD 251236152157
BAD 251236152229
BAD 251237633839
BAD 251238250399
BAD 251238743071
BAD 251239075343
BAD 251239075459
BAD 251239075463
BAD 251240135863
BAD 251240329723
BAD 251261267339
BAD 251261267371
BAD 251261267377
BAD 251262430843
BAD 251262648829
BAD 251263599179
BAD 251263599319
BAD 251263956961
BAD 251263956967
BAD 251264250683
BAD 251264884379
BAD 251264884397
BAD 251264884399
BAD 251264886289
BAD 251265165889
BAD 251265165901
BAD 251265690601
BAD 251266836901
BAD 251266865623
BAD 251267271139
BAD 251267482493
BAD 251267671561
BAD 251267960011
BAD 251268182677
BAD 251268288589
BAD 251271364681
BAD 251271387079
BAD 251271387083
BAD 251271387121
BAD 251271541429
BAD 251272876513
BAD 251273520601
BAD 251274213923
BAD 251274403561
BAD 251241956923
BAD 251242097851
BAD 251242097857
BAD 251242097863
BAD 251242097867
BAD 251242471279
BAD 251242557469
BAD 251243345737
BAD 251243433323
BAD 251243433341
BAD 251246292061
BAD 251246536069
BAD 251246786117
BAD 251246807659
BAD 251246807663
BAD 251248178317
BAD 251250707509
BAD 251250707527
BAD 251252813863
BAD 251252813899
BAD 251252999149
BAD 251253040799
BAD 251253811741
BAD 251254187027
BAD 251254187029
BAD 251255267539
BAD 251255674099
BAD 251255674121
BAD 251257062619
BAD 251257125871
BAD 251257125877
BAD 251257701199
BAD 251258242457
BAD 251291912119
BAD 251292797687
BAD 251292797689
BAD 251293757287
BAD 251293757293
BAD 251293952977
BAD 251293953007
BAD 251293953023
BAD 251294150981
BAD 251294150983
BAD 251294570851
BAD 251294924743
BAD 251295393311
BAD 251295393313
BAD 251295883697
BAD 251296426933
BAD 251277489301
BAD 251278383113
BAD 251278383151
BAD 251298380797
BAD 251298515401
BAD 251298806333
BAD 251279237731
BAD 251279449403
BAD 251279519069
BAD 251299679107
BAD 251281045429
BAD 251281538621
BAD 251281538623
BAD 251282818489
BAD 251282855779
BAD 251301485923
BAD 251283504413
BAD 251283975599
BAD 251283975601
BAD 251284196101
BAD 251302486489
BAD 251302486493
BAD 251302767649
BAD 251286653927
BAD 251286696893
BAD 251286843191
BAD 251286843193
BAD 251287287169
BAD 251287287203
BAD 251288271217
BAD 251304168463
BAD 251304189371
BAD 251304189373
BAD 251305323559
BAD 251305548679
BAD 251305548691
BAD 251290567379
BAD 251290567421
BAD 251306137937
BAD 251306137939
BAD 251290769189
BAD 251290940237
BAD 251306517953
BAD 251291473813
BAD 251291473831
BAD 251291595193
BAD 251291644907
BAD 251291644909
BAD 251307232369
BAD 251307232373
BAD 251307280319
BAD 251307308359
BAD 251307308363
BAD 251308163237
BAD 251308739519
BAD 251308869737
BAD 251308869739
BAD 251308869743
BAD 251310619229
BAD 251311478293
BAD 251311478339
BAD 251312252929
BAD 251313042859
BAD 251313042863
BAD 251313069089
BAD 251315347169
BAD 251315378239
BAD 251315378243
BAD 251316560371
BAD 251318641493
BAD 251318936719
BAD 251320917641
BAD 251320917643
BAD 251321291413
BAD 251321433331
BAD 251321433383
BAD 251322888709
BAD 251323360943
BAD 251327493589
BAD 251328236629
BAD 251328565577
BAD 251328565619
BAD 251329197241
BAD 251329555249
BAD 251329558673
BAD 251330055563
BAD 251330139751
BAD 251330139757
BAD 251330575553
BAD 251324411711
BAD 251324411713
BAD 251324411717
BAD 251324411719
BAD 251324461853
BAD 251324689909
BAD 251324689927
BAD 251331322057
BAD 251331322087
BAD 251331839303
BAD 251333213449
BAD 251333229313
BAD 251333468987
BAD 251333468989
BAD 251334734957
BAD 251335230347
BAD 251335355129
BAD 251335604173
BAD 251335737517
BAD 251335737529
BAD 251335964753
BAD 251337046591
BAD 251337577027
BAD 251337577037
BAD 251337577039
BAD 251337703459
BAD 251337880421
BAD 251337880429
BAD 251339163773
BAD 251361854119
BAD 251363273989
BAD 251365449641
BAD 251365449653
BAD 251365449659
BAD 251365449661
BAD 251365449667
BAD 251365538549
BAD 251366181961
BAD 251366378831
BAD 251366378833
BAD 251368298053
BAD 251368938179
BAD 251368938181
BAD 251369486803
BAD 251544423943
BAD 251544423997
BAD 251544853433
BAD 251545570933
BAD 251612007473
BAD 251612007481
BAD 251612007487
BAD 251476500313
BAD 251371957411
BAD 251373283433
BAD 251548954841
BAD 251548954843
BAD 251550013621
BAD 251374454543
BAD 251479580137
BAD 251616885293
BAD 251480026813
BAD 251551028929
BAD 251616970399
BAD 251375491153
BAD 251480663047
BAD 251480663051
BAD 251480663053
BAD 251480663131
BAD 251617152769
BAD 251480928001
BAD 251551347811
BAD 251480986093
BAD 251480986103
BAD 251481111631
BAD 251618345837
BAD 251618521639
BAD 251551929289
BAD 251619573067
BAD 251552292379
BAD 251482558291
BAD 251552425981
BAD 251552425987
BAD 251619637337
BAD 251620042007
BAD 251553142651
BAD 251553142693
BAD 251620179451
BAD 251620179457
BAD 251620603877
BAD 251483262403
BAD 251620787533
BAD 251620995893
BAD 251621099419
BAD 251554959437
BAD 251554959457
BAD 251484010909
BAD 251484287573
BAD 251622210353
BAD 251622210361
BAD 251484462967
BAD 251484462979
BAD 251484462989
BAD 251627957663
BAD 251623598803
BAD 251627957689
BAD 251623598813
BAD 251623598819
BAD 251628109217
BAD 251628109219
BAD 251628109223
BAD 251624267831
BAD 251624267863
BAD 251624854843
BAD 251629265647
BAD 251625879227
BAD 251625879229
BAD 251625879233
BAD 251555675167
BAD 251486879599
BAD 251632276531
BAD 251556230383
BAD 251632562749
BAD 251488094381
BAD 251488094383
BAD 251488094387
BAD 251488181611
BAD 251488181617
BAD 251488181621
BAD 251488181629
BAD 251556653329
BAD 251488198267
BAD 251488495429
BAD 251634184751
BAD 251488495493
BAD 251488634671
BAD 251489086193
BAD 251489385793
BAD 251489571691
BAD 251559859051
BAD 251635308653
BAD 251635308671
BAD 251489876611
BAD 251343104203
BAD 251343596261
BAD 251343596263
BAD 251636547131
BAD 251636547133
BAD 251636547137
BAD 251636547139
BAD 251491119647
BAD 251491119673
BAD 251491119679
BAD 251344702981
BAD 251637648697
BAD 251637648701
BAD 251637648709
BAD 251638173019
BAD 251638173023
BAD 251638173029
BAD 251346423877
BAD 251346423883
BAD 251346434569
BAD 251640200689
BAD 251347355227
BAD 251348608883
BAD 251348617339
BAD 251641751329
BAD 251349164509
BAD 251349164513
BAD 251349164519
BAD 251642095819
BAD 251642370709
BAD 251642370713
BAD 251349490493
BAD 251492928571
BAD 251510714537
BAD 251510714599
BAD 251511072833
BAD 251511082457
BAD 251511460597
BAD 251511460609
BAD 251512201099
BAD 251512918309
BAD 251513141291
BAD 251513141293
BAD 251352628613
BAD 251352628621
BAD 251353052273
BAD 251353402033
BAD 251514826723
BAD 251353792889
BAD 251353792891
BAD 251354946079
BAD 251354946083
BAD 251355967183
BAD 251426148593
BAD 251357660033
BAD 251426872891
BAD 251515546313
BAD 251515546621
BAD 251427278329
BAD 251427634387
BAD 251515924909
BAD 251516093519
BAD 251516916457
BAD 251429163793
BAD 251516997323
BAD 251518128773
BAD 251431555709
BAD 251431555717
BAD 251431555723
BAD 251519672029
BAD 251376372563
BAD 251376372571
BAD 251376552013
BAD 251432414813
BAD 251432414819
BAD 251376888761
BAD 251561438897
BAD 251561438911
BAD 251433118423
BAD 251561810701
BAD 251433198259
BAD 251410042369
BAD 251520558469
BAD 251378508757
BAD 251520558479
BAD 251562024631
BAD 251520558481
BAD 251562270293
BAD 251433462551
BAD 251433462559
BAD 251433462563
BAD 251433589097
BAD 251379178373
BAD 251379517933
BAD 251379517951
BAD 251411285963
BAD 251563612879
BAD 251521929583
BAD 251379862081
BAD 251563717729
BAD 251434913971
BAD 251380287469
BAD 251412097969
BAD 251412097973
BAD 251412173401
BAD 251459700763
BAD 251459977897
BAD 251412535879
BAD 251436129961
BAD 251565485341
BAD 251565485351
BAD 251381674351
BAD 251460863809
BAD 251523784433
BAD 251414219983
BAD 251392925779
BAD 251565485363
BAD 251443301113
BAD 251381674939
BAD 251528896193
BAD 251392925783
BAD 251523784439
BAD 251443301117
BAD 251565485371
BAD 251443301119
BAD 251460978619
BAD 251393065591
BAD 251529279263
BAD 251529279277
BAD 251393427919
BAD 251529610043
BAD 251382177517
BAD 251382177523
BAD 251566015373
BAD 251524615211
BAD 251524615213
BAD 251524615219
BAD 251444504981
BAD 251382606179
BAD 251566358507
BAD 251566358509
BAD 251531352727
BAD 251436634291
BAD 251394285707
BAD 251382923839
BAD 251463462077
BAD 251577143869
BAD 251436634297
BAD 251416941107
BAD 251416941109
BAD 251463615763
BAD 251463720203
BAD 251463724703
BAD 251463724727
BAD 251463724747
BAD 251383099481
BAD 251383099483
BAD 251417429387
BAD 251577734021
BAD 251383483523
BAD 251532349711
BAD 251437581139
BAD 251567360987
BAD 251448302663
BAD 251384012531
BAD 251384012533
BAD 251418434903
BAD 251568118583
BAD 251578500463
BAD 251384091271
BAD 251568338993
BAD 251384619071
BAD 251396384677
BAD 251438700353
BAD 251533608661
BAD 251466481289
BAD 251418756697
BAD 251579647477
BAD 251438700367
BAD 251418756713
BAD 251466481291
BAD 251396426803
BAD 251450523949
BAD 251450523953
BAD 251396739817
BAD 251396739829
BAD 251396739833
BAD 251439029749
BAD 251580030563
BAD 251450779549
BAD 251450779553
BAD 251495081969
BAD 251450930851
BAD 251397101261
BAD 251397101279
BAD 251397101281
BAD 251397238681
BAD 251397238699
BAD 251397283103
BAD 251397289613
BAD 251397289621
BAD 251468623339
BAD 251385193099
BAD 251496330823
BAD 251582923247
BAD 251570017903
BAD 251451648659
BAD 251496330881
BAD 251594323361
BAD 251419876613
BAD 251451648661
BAD 251534714191
BAD 251594323363
BAD 251594323369
BAD 251570047639
BAD 251570047643
BAD 251534736127
BAD 251496688921
BAD 251535189449
BAD 251570642509
BAD 251595118261
BAD 251595243103
BAD 251386056091
BAD 251469505891
BAD 251386166519
BAD 251420864993
BAD 251497271353
BAD 251421021529
BAD 251535744137
BAD 251535744139
BAD 251421065723
BAD 251469766861
BAD 251595651739
BAD 251453413009
BAD 251497943629
BAD 251572198519
BAD 251399141053
BAD 251536723573
BAD 251399199173
BAD 251399263729
BAD 251470599943
BAD 251536885489
BAD 251470676881
BAD 251470676887
BAD 251498691449
BAD 251537126747
BAD 251537126749
BAD 251537126759
BAD 251454580631
BAD 251454580633
BAD 251454580649
BAD 251572941871
BAD 251388389573
BAD 251388459551
BAD 251400609653
BAD 251423700079
BAD 251388890867
BAD 251388890869
BAD 251472471259
BAD 251456120413
BAD 251456120417
BAD 251588215493
BAD 251439633097
BAD 251598519637
BAD 251500770649
BAD 251575335953
BAD 251389894607
BAD 251588215523
BAD 251538787477
BAD 251473435351
BAD 251598519643
BAD 251598519659
BAD 251598519661
BAD 251389952179
BAD 251424233251
BAD 251424233257
BAD 251424338257
BAD 251538961229
BAD 251538961231
BAD 251456345627
BAD 251456345629
BAD 251575695541
BAD 251501049983
BAD 251440040689
BAD 251575964077
BAD 251501427581
BAD 251501427589
BAD 251599076821
BAD 251440586993
BAD 251589262763
BAD 251576740489
BAD 251543057977
BAD 251392269001
BAD 251600336557
BAD 251457823957
BAD 251543057981
BAD 251392269151
BAD 251401174883
BAD 251590449947
BAD 251600336599
BAD 251474622109
BAD 251425751303
BAD 251543100569
BAD 251543171393
BAD 251576891233
BAD 251441139457
BAD 251441139461
BAD 251441139463
BAD 251543395183
BAD 251543395189
BAD 251502334843
BAD 251590900907
BAD 251590900909
BAD 251600998867
BAD 251591600723
BAD 251503240763
BAD 251503240789
BAD 251459122891
BAD 251459194397
BAD 251459279641
BAD 251601727547
BAD 251475591869
BAD 251459572297
BAD 251601727549
BAD 251442749087
BAD 251442749093
BAD 251442749101
BAD 251602056413
BAD 251602056427
BAD 251504563469
BAD 251504667529
BAD 251476119319
BAD 251476177373
BAD 251476224179
BAD 251593343179
BAD 251505197561
BAD 251505197563
BAD 251403841433
BAD 251505724957
BAD 251505724963
BAD 251603100841
BAD 251405581577
BAD 251405581579
BAD 251405761991
BAD 251405761993
BAD 251405762011
BAD 251603830097
BAD 251603830099
BAD 251507649229
BAD 251507649233
BAD 251508543709
BAD 251406582139
BAD 251508984653
BAD 251509113103
BAD 251406801649
BAD 251407624519
BAD 251605110277
BAD 251606775373
BAD 251607442321
BAD 251607442357
BAD 251608044533
BAD 251608412749
BAD 251608412753
BAD 251610291593
BAD 251610593753
BAD 251610593761
BAD 251644666003
BAD 251644852471
BAD 251644852483
BAD 251645386561
BAD 251647203701
BAD 251647717913
BAD 251649342961
BAD 251649356599
BAD 251649356603
BAD 251649420259
BAD 251650729399
BAD 251652610831
BAD 251654305333
BAD 251654305337
BAD 251655030383
BAD 251655030391
BAD 251655260837
BAD 251655260839
BAD 251656120711
BAD 251656120717
BAD 251656618163
BAD 251658044933
BAD 251658411007
BAD 251679388747
BAD 251679810859
BAD 251680203517
BAD 251680210741
BAD 251680514903
BAD 251681171029
BAD 251681171033
BAD 251681171041
BAD 251683233733
BAD 251683233743
BAD 251683245773
BAD 251684466841
BAD 251690789549
BAD 251690822639
BAD 251690822641
BAD 251691345721
BAD 251692292351
BAD 251692292353
BAD 251692968511
BAD 251693643589
BAD 251694433457
BAD 251696469991
BAD 251697104381
BAD 251697104383
BAD 251697104387
BAD 251697104389
BAD 251697813643
BAD 251697813649
BAD 251699352769
BAD 251699514769
BAD 251699615003
BAD 251699704733
BAD 251701574419
BAD 251702048267
BAD 251702335051
BAD 251702698381
BAD 251703947017
BAD 251705370677
BAD 251707249631
BAD 251707349869
BAD 251707622071
BAD 251707695209
BAD 251708598017
BAD 251708598019
BAD 251708605921
BAD 251708605933
BAD 251711013877
BAD 251661699217
BAD 251661855947
BAD 251661983767
BAD 251662421401
BAD 251662540279
BAD 251662578577
BAD 251662578611
BAD 251663858923
BAD 251664163369
BAD 251665259777
BAD 251665259779
BAD 251667787607
BAD 251669313697
BAD 251669342083
BAD 251669789521
BAD 251670295091
BAD 251671742473
BAD 251671742513
BAD 251672308819
BAD 251672664713
BAD 251672843063
BAD 251675068717
BAD 251675068781
BAD 251675068783
BAD 251675068789
BAD 251675068793
BAD 251675398867
BAD 251675398873
BAD 251675712973
BAD 251675712979
BAD 251676056563
BAD 251676316643
BAD 251711366131
BAD 251714893343
BAD 251714893349
BAD 251714893351
BAD 251715879313
BAD 251717409137
BAD 251717409143
BAD 251717527951
BAD 251718649879
BAD 251718649883
BAD 251719715329
BAD 251720441689
BAD 251720441899
BAD 251720980703
BAD 251722231303
BAD 251722752607
BAD 251722752623
BAD 251723002831
BAD 251723896181
BAD 251726301133
BAD 251727076231
BAD 251727076243
BAD 251761741691
BAD 251761741703
BAD 251761741711
BAD 251761741727
BAD 251761741747
BAD 251761898833
BAD 251728377463
BAD 251728862783
BAD 251728862789
BAD 251763766789
BAD 251763766799
BAD 251763766801
BAD 251764325663
BAD 251764325671
BAD 251764386067
BAD 251764567603
BAD 251766183299
BAD 251766183301
BAD 251766183359
BAD 251730364981
BAD 251730364999
BAD 251731055353
BAD 251731055357
BAD 251732754067
BAD 251735473069
BAD 251735473117
BAD 251735590373
BAD 251736151091
BAD 251736151159
BAD 251737366567
BAD 251737366571
BAD 251737814063
BAD 251795254423
BAD 251795302643
BAD 251795445871
BAD 251795539231
BAD 251766765017
BAD 251766765043
BAD 251766897103
BAD 251796119753
BAD 251796119759
BAD 251796119761
BAD 251767509377
BAD 251796119767
BAD 251767509379
BAD 251767688453
BAD 251767709051
BAD 251739781159
BAD 251739940909
BAD 251768395231
BAD 251740515721
BAD 251769466499
BAD 251769466511
BAD 251769466513
BAD 251769466517
BAD 251769466519
BAD 251769466537
BAD 251769466541
BAD 251798406809
BAD 251798406823
BAD 251798584579
BAD 251741523797
BAD 251799063653
BAD 251770150523
BAD 251742213451
BAD 251799573979
BAD 251800233203
BAD 251742900047
BAD 251771007083
BAD 251744173489
BAD 251772488641
BAD 251772488651
BAD 251800691573
BAD 251772509983
BAD 251812830631
BAD 251772712759
BAD 251772874369
BAD 251772997849
BAD 251813286451
BAD 251801325233
BAD 251801530583
BAD 251773227997
BAD 251813862631
BAD 251774477503
BAD 251774477557
BAD 251774477561
BAD 251746304629
BAD 251746304659
BAD 251775939607
BAD 251804274991
BAD 251776647079
BAD 251777590139
BAD 251749270117
BAD 251806875889
BAD 251806875893
BAD 251749976677
BAD 251749976683
BAD 251750288929
BAD 251750570341
BAD 251750570347
BAD 251750616967
BAD 251807823731
BAD 251751291793
BAD 251817270283
BAD 251817436303
BAD 251751531643
BAD 251817729539
BAD 251817785839
BAD 251751867253
BAD 251752079791
BAD 251818470823
BAD 251818470907
BAD 251818470913
BAD 251753628353
BAD 251753628361
BAD 251819203913
BAD 251808471319
BAD 251808561973
BAD 251808703739
BAD 251819887849
BAD 251819887853
BAD 251820060161
BAD 251809711493
BAD 251821173421
BAD 251821839911
BAD 251821839923
BAD 251821839943
BAD 251821839947
BAD 251821839949
BAD 251822432527
BAD 251822432531
BAD 251811860551
BAD 251823218863
BAD 251823468769
BAD 251823605557
BAD 251824665773
BAD 251825396791
BAD 251825621717
BAD 251754441361
BAD 251826751843
BAD 251826751861
BAD 251826988649
BAD 251826988663
BAD 251755214281
BAD 251755214311
BAD 251755214317
BAD 251755251571
BAD 251755251577
BAD 251827976053
BAD 251827976063
BAD 251828456333
BAD 251756072717
BAD 251756072719
BAD 251756072731
BAD 251756174363
BAD 251756362541
BAD 251756406763
BAD 251758948459
BAD 251759014009
BAD 251759287363
BAD 251759287369
BAD 251759361653
BAD 251761341809
BAD 252015393379
BAD 252015639713
BAD 252017718091
BAD 252017718097
BAD 251779768679
BAD 251780041193
BAD 251780041243
BAD 252018433423
BAD 251781069587
BAD 251781113921
BAD 251781113923
BAD 252019266929
BAD 252019266931
BAD 251781410467
BAD 251782013057
BAD 251782013059
BAD 251782548011
BAD 251782896773
BAD 252020416763
BAD 252020416777
BAD 252020614883
BAD 252020690281
BAD 252020690287
BAD 252020690303
BAD 251783053309
BAD 251783815273
BAD 251784379087
BAD 252021959333
BAD 252023148701
BAD 252023148703
BAD 251786327311
BAD 252023148709
BAD 252023570663
BAD 251786730997
BAD 252023894197
BAD 251787046243
BAD 251787046249
BAD 252024311863
BAD 251787445249
BAD 252024525619
BAD 252024525629
BAD 251788765321
BAD 252025366823
BAD 252025744471
BAD 252026007619
BAD 252026082173
BAD 252027475043
BAD 252027475057
BAD 252027504653
BAD 252027504667
BAD 252027504691
BAD 252027694231
BAD 252028321187
BAD 252028321189
BAD 251791748783
BAD 251792200637
BAD 252048574573
BAD 251793792193
BAD 252050362573
BAD 252050675311
BAD 251794508041
BAD 251794797113
BAD 252029873911
BAD 252052019899
BAD 252052019903
BAD 252052019909
BAD 252052269277
BAD 252052269289
BAD 252053740577
BAD 252054354781
BAD 252054469801
BAD 251828718853
BAD 251829598729
BAD 251829635647
BAD 251829635683
BAD 251829695801
BAD 251829955921
BAD 252056267929
BAD 252056537483
BAD 252056773757
BAD 252056959291
BAD 252057027829
BAD 252057027839
BAD 252057027841
BAD 251831291149
BAD 251831779231
BAD 251831779237
BAD 251831918213
BAD 251832166219
BAD 251832166253
BAD 252058595429
BAD 251832253381
BAD 251832445741
BAD 251832554173
BAD 252059270909
BAD 251834341793
BAD 252060502763
BAD 251835903359
BAD 252061317757
BAD 252061459129
BAD 251837121727
BAD 251837480771
BAD 251838184099
BAD 251839109047
BAD 251839410149
BAD 251996833493
BAD 251840131759
BAD 251840131771
BAD 251840525941
BAD 251840652883
BAD 251841562459
BAD 251841562471
BAD 251844627547
BAD 252001978037
BAD 252002055821
BAD 252002163503
BAD 252002727983
BAD 252003696907
BAD 251980014593
BAD 251980014599
BAD 251980014613
BAD 252004037941
BAD 252004037947
BAD 252004180333
BAD 252005487653
BAD 251845769117
BAD 251981323543
BAD 251981591227
BAD 251981591243
BAD 251846554957
BAD 251982239557
BAD 251846554987
BAD 252006997399
BAD 251982573653
BAD 251982573659
BAD 251982580253
BAD 251982580277
BAD 251982580279
BAD 252007453517
BAD 252007672097
BAD 252007672099
BAD 252007926497
BAD 252007926503
BAD 251847614341
BAD 251847614351
BAD 251847695893
BAD 251983635949
BAD 251983846883
BAD 251848780741
BAD 251913140483
BAD 251849342923
BAD 251913140503
BAD 252009981361
BAD 252009981371
BAD 252009981373
BAD 251879199731
BAD 251985297209
BAD 251985297211
BAD 251985297217
BAD 251985311839
BAD 251913957943
BAD 251913957947
BAD 251913957949
BAD 252010592983
BAD 251880078719
BAD 251880078721
BAD 251880183187
BAD 251880241609
BAD 251986111387
BAD 251914751047
BAD 252030160609
BAD 251987006041
BAD 252030457417
BAD 251915111089
BAD 252030640343
BAD 252030939359
BAD 252030939361
BAD 252030939371
BAD 252012351169
BAD 251881740293
BAD 252031333669
BAD 252031376917
BAD 252031376923
BAD 252031376953
BAD 252031650163
BAD 252012711799
BAD 252012711809
BAD 251851778543
BAD 251851981967
BAD 251851982003
BAD 251851982009
BAD 251882477153
BAD 251882477159
BAD 251916344101
BAD 251852418079
BAD 251883077371
BAD 251883077377
BAD 251917412161
BAD 251917673419
BAD 251853995447
BAD 251854385999
BAD 251854386001
BAD 252033861439
BAD 252033861451
BAD 251990363563
BAD 251990363567
BAD 251855327011
BAD 251855327039
BAD 251918896147
BAD 251918896193
BAD 251919142073
BAD 251884797319
BAD 251856360487
BAD 251990891941
BAD 251856360529
BAD 251856360533
BAD 251884833491
BAD 251884833493
BAD 251884912813
BAD 251856933199
BAD 251856933203
BAD 251856933241
BAD 251856933247
BAD 251856933253
BAD 251856933259
BAD 252035802253
BAD 251885265439
BAD 251858072441
BAD 251858072449
BAD 251858072573
BAD 251920832941
BAD 251920832951
BAD 251963745101
BAD 251858404183
BAD 252036995303
BAD 252037016797
BAD 252037016809
BAD 251964201751
BAD 251921684477
BAD 251921684479
BAD 251897213707
BAD 251921971781
BAD 251860591139
BAD 251965115903
BAD 251887526029
BAD 251946213697
BAD 252064440233
BAD 252037519219
BAD 251921971783
BAD 251860591141
BAD 252037519241
BAD 252037519249
BAD 251930193583
BAD 251930193589
BAD 251922160447
BAD 252037849291
BAD 251922374257
BAD 251922585821
BAD 251861361277
BAD 251930868053
BAD 251947167089
BAD 251897846131
BAD 251922954859
BAD 251930941373
BAD 251897914553
BAD 251923139947
BAD 251923196149
BAD 252038596609
BAD 251966020961
BAD 251966020963
BAD 251931282829
BAD 252041053339
BAD 251993082799
BAD 252066544603
BAD 251948070173
BAD 251993082811
BAD 251864178151
BAD 251889149543
BAD 251862226019
BAD 251924035933
BAD 251966411507
BAD 251898606943
BAD 251993200751
BAD 251864295191
BAD 251993264333
BAD 252066958783
BAD 251864981663
BAD 251931958471
BAD 251889885253
BAD 251994036313
BAD 252042344011
BAD 251967375871
BAD 251948781713
BAD 251994477271
BAD 251948807213
BAD 251948807221
BAD 251948807239
BAD 252067410703
BAD 252067410709
BAD 252067410719
BAD 251899953209
BAD 252067705501
BAD 251890408267
BAD 251996118233
BAD 251866573001
BAD 251925633353
BAD 251866573003
BAD 251899953211
BAD 251890408277
BAD 252043656451
BAD 251933550653
BAD 251890408291
BAD 251967726839
BAD 251967726841
BAD 251933774941
BAD 251933774951
BAD 251996463643
BAD 251866906099
BAD 251867144387
BAD 251867144413
BAD 251867144429
BAD 251900407831
BAD 251968388809
BAD 251968388813
BAD 251867656223
BAD 252045020431
BAD 251968975261
BAD 251969160101
BAD 251868235999
BAD 251868236003
BAD 251926417243
BAD 251934972637
BAD 251891260381
BAD 251868324817
BAD 251952170111
BAD 252069149641
BAD 252069149653
BAD 251970510107
BAD 251970510109
BAD 251926536139
BAD 251868395183
BAD 251868395189
BAD 252069243319
BAD 252069243323
BAD 251952288949
BAD 251952288967
BAD 251926672499
BAD 251935179413
BAD 251970709283
BAD 251970900851
BAD 251903244961
BAD 251935864519
BAD 251935890263
BAD 252069769969
BAD 251927346337
BAD 251903559031
BAD 251869109243
BAD 251953046861
BAD 251971631089
BAD 251971631111
BAD 251903990887
BAD 251937277021
BAD 251894530339
BAD 251927958097
BAD 251903990893
BAD 251869450141
BAD 251953361953
BAD 251972380663
BAD 251937277027
BAD 251927958103
BAD 252071394041
BAD 252071394053
BAD 251972380669
BAD 252071394059
BAD 252071394061
BAD 251937476243
BAD 251937501203
BAD 251937501311
BAD 251937501313
BAD 251937501317
BAD 251895114503
BAD 251928652597
BAD 251928703409
BAD 251972819089
BAD 251972819093
BAD 251972819101
BAD 251972819123
BAD 251972965721
BAD 251972965723
BAD 251972965729
BAD 251972965733
BAD 251905415273
BAD 251870485819
BAD 251938964393
BAD 251973218201
BAD 251973248299
BAD 251973369751
BAD 251939341279
BAD 251973609653
BAD 251973609661
BAD 251906161519
BAD 251906639449
BAD 251906639473
BAD 251906761879
BAD 251906761901
BAD 251906761903
BAD 251871633977
BAD 251955671347
BAD 251955671351
BAD 251955671353
BAD 251974674979
BAD 251956010011
BAD 251956162099
BAD 251872559737
BAD 251941923803
BAD 251975590721
BAD 252075953099
BAD 251957000689
BAD 251957216747
BAD 251873569127
BAD 251909301323
BAD 251976537889
BAD 252076892437
BAD 251976537919
BAD 252076892443
BAD 251958340223
BAD 251958461971
BAD 251944054099
BAD 251944054111
BAD 251977462651
BAD 251910250951
BAD 252078159713
BAD 252078159719
BAD 252078159721
BAD 252078159727
BAD 251944512733
BAD 251977719293
BAD 251910475163
BAD 251910503359
BAD 251977779947
BAD 252078459511
BAD 251875341259
BAD 251960119429
BAD 251960246033
BAD 251945744321
BAD 251911550131
BAD 251911550153
BAD 251961040003
BAD 251961040007
BAD 251961245323
BAD 251961245329
BAD 251877886753
BAD 251962717891
BAD 251962750147
BAD 251962750187
BAD 251962750189
BAD 252081130529
BAD 252081130579
BAD 252082121303
BAD 252082541479
BAD 252082541483
BAD 252083541407
BAD 252085404391
BAD 252086592631
BAD 252086621359
BAD 252086621363
BAD 252087328963
BAD 252087328967
BAD 252087328979
BAD 252087328981
BAD 252098209943
BAD 252098209949
BAD 252088173923
BAD 252088308863
BAD 252088354673
BAD 252088817437
BAD 252099221359
BAD 252089214187
BAD 252089214199
BAD 252099585083
BAD 252089464981
BAD 252089464987
BAD 252101120179
BAD 252101120191
BAD 252101120197
BAD 252090105803
BAD 252090105829
BAD 252090940027
BAD 252091527269
BAD 252091527293
BAD 252092352301
BAD 252092352307
BAD 252092795869
BAD 252092795873
BAD 252092795887
BAD 252092795893
BAD 252092795897
BAD 252103985173
BAD 252104100821
BAD 252104100823
BAD 252104100827
BAD 252104112919
BAD 252104124289
BAD 252104124301
BAD 252104124329
BAD 252093478697
BAD 252093478699
BAD 252093478723
BAD 252093478727
BAD 252104740553
BAD 252094216501
BAD 252094702021
BAD 252094702033
BAD 252096668783
BAD 252096921023
BAD 252107144453
BAD 252107144473
BAD 252107753971
BAD 252107753987
BAD 252109190923
BAD 252111064069
BAD 252112674277
BAD 252112674323
BAD 252113221819
BAD 252113368487
BAD 252113368489
BAD 252113729807
BAD 252113729809
BAD 252114232277
BAD 252114733499
BAD 252115689571
BAD 252117284233
BAD 252117393277
BAD 252117567623
BAD 252117567629
BAD 252117567631
BAD 252119514769
BAD 252119876221
BAD 252120349801
BAD 252120999259
BAD 252121519763
BAD 252122019661
BAD 252123867649
BAD 252124212401
BAD 252124618771
BAD 252125238797
BAD 252125238803
BAD 252125238811
BAD 252125767111
BAD 252125893183
BAD 252126160903
BAD 252126160907
BAD 252126294113
BAD 252128124407
BAD 252128124433
BAD 252148856941
BAD 252149781161
BAD 252150340873
BAD 252150340879
BAD 252153347893
BAD 252153579241
BAD 252158605739
BAD 252158740643
BAD 252159014099
BAD 252159014101
BAD 252159217367
BAD 252159217369
BAD 252160620893
BAD 252162671359
BAD 252162671363
BAD 252163039417
BAD 252163500107
BAD 252163500109
BAD 252181253183
BAD 252181253189
BAD 252181285387
BAD 252182636353
BAD 252183799883
BAD 252183799891
BAD 252186019963
BAD 252186505643
BAD 252186505657
BAD 252186775411
BAD 252187093253
BAD 252187896713
BAD 252188951239
BAD 252189456559
BAD 252189983719
BAD 252191460491
BAD 252192041753
BAD 252192363937
BAD 252192411533
BAD 252192411539
BAD 252192717209
BAD 252192717211
BAD 252193873753
BAD 252194758051
BAD 252194758069
BAD 252195197377
BAD 252195197381
BAD 252195500423
BAD 252195500437
BAD 252132210203
BAD 252196025707
BAD 252196025713
BAD 252133812143
BAD 252134283743
BAD 252134283787
BAD 252134283799
BAD 252134948147
BAD 252135451691
BAD 252136871761
BAD 252137894339
BAD 252138031361
BAD 252138031363
BAD 252138031367
BAD 252138278143
BAD 252138278149
BAD 252139026253
BAD 252139827419
BAD 252140612329
BAD 252140612333
BAD 252142951043
BAD 252143363123
BAD 252144291727
BAD 252144291731
BAD 252144291733
BAD 252145041877
BAD 252145041881
BAD 252145441423
BAD 252145986203
BAD 252146078713
BAD 252147129769
BAD 252147440837
BAD 252147440893
BAD 252198857809
BAD 252198857821
BAD 252198857863
BAD 252198857873
BAD 252198985501
BAD 252199148519
BAD 252199148521
BAD 252199342013
BAD 252199342033
BAD 252248658703
BAD 252199968623
BAD 252249525679
BAD 252249552937
BAD 252249851869
BAD 252249851881
BAD 252249851899
BAD 252250293697
BAD 252250293703
BAD 252250293709
BAD 252250293721
BAD 252250744201
BAD 252201606001
BAD 252201650741
BAD 252251418641
BAD 252251468671
BAD 252251518201
BAD 252252671483
BAD 252202775269
BAD 252252671491
BAD 252252671501
BAD 252252671563
BAD 252252671569
BAD 252252848599
BAD 252202884859
BAD 252202884863
BAD 252253264189
BAD 252253352321
BAD 252204002599
BAD 252254722261
BAD 252205566661
BAD 252255685531
BAD 252256208213
BAD 252207165943
BAD 252258012703
BAD 252258378419
BAD 252258856249
BAD 252258856253
BAD 252258856259
BAD 252258856261
BAD 252258856273
BAD 252259102583
BAD 252208856531
BAD 252209262317
BAD 252210143851
BAD 252210625367
BAD 252210625369
BAD 252211832947
BAD 252211832959
BAD 252211832963
BAD 252211832969
BAD 252212293381
BAD 252212293393
BAD 252212435009
BAD 252212801557
BAD 252213079043
BAD 252213923417
BAD 252213923419
BAD 252214443883
BAD 252262100843
BAD 252263066779
BAD 252263066791
BAD 252416128453
BAD 252416568211
BAD 252416657359
BAD 252263747741
BAD 252416832869
BAD 252416965321
BAD 252165830767
BAD 252165830773
BAD 252165830783
BAD 252264163273
BAD 252231736297
BAD 252165998143
BAD 252166106791
BAD 252417610969
BAD 252264744247
BAD 252166371859
BAD 252166421711
BAD 252234124741
BAD 252234580211
BAD 252234580289
BAD 252234580291
BAD 252234599677
BAD 252167376739
BAD 252418138013
BAD 252168120157
BAD 252168120167
BAD 252235149983
BAD 252235150021
BAD 252235150043
BAD 252235150049
BAD 252235150051
BAD 252168425969
BAD 252168426031
BAD 252418967861
BAD 252169103687
BAD 252169103689
BAD 252169253933
BAD 252419555357
BAD 252236114327
BAD 252236114329
BAD 252170027353
BAD 252236613931
BAD 252236614013
BAD 252236614081
BAD 252236825977
BAD 252236982227
BAD 252171240121
BAD 252382940149
BAD 252422766181
BAD 252422979833
BAD 252171506879
BAD 252171938113
BAD 252171938177
BAD 252171938219
BAD 252240640711
BAD 252240640727
BAD 252240797009
BAD 252241133059
BAD 252241235663
BAD 252385914031
BAD 252425679283
BAD 252425679287
BAD 252386044763
BAD 252425753929
BAD 252425897377
BAD 252386217313
BAD 252426013669
BAD 252386582431
BAD 252174151793
BAD 252426602063
BAD 252426602069
BAD 252426602083
BAD 252174561241
BAD 252387432173
BAD 252387729689
BAD 252387729691
BAD 252387888877
BAD 252175305103
BAD 252243736819
BAD 252243779033
BAD 252176093891
BAD 252176889157
BAD 252389448307
BAD 252389471953
BAD 252177119923
BAD 252389585059
BAD 252177733921
BAD 252178084033
BAD 252178420199
BAD 252178420201
BAD 252246156377
BAD 252246156391
BAD 252246156401
BAD 252246156403
BAD 252390789601
BAD 252178856029
BAD 252178923889
BAD 252427804429
BAD 252247066493
BAD 252247066499
BAD 252247066501
BAD 252247066537
BAD 252180025133
BAD 252247446559
BAD 252429286009
BAD 252429286013
BAD 252392486561
BAD 252392486581
BAD 252393301267
BAD 252393305783
BAD 252394875331
BAD 252396244577
BAD 252396244579
BAD 252396646559
BAD 252396646561
BAD 252397953133
BAD 252398658049
BAD 252398693431
BAD 252398958223
BAD 252398958241
BAD 252265490731
BAD 252265906499
BAD 252266071933
BAD 252266898469
BAD 252266898473
BAD 252267431723
BAD 252267431729
BAD 252267681571
BAD 252268037629
BAD 252268647647
BAD 252268647649
BAD 252268786607
BAD 252268786639
BAD 252268786643
BAD 252269220901
BAD 252269686033
BAD 252316063841
BAD 252215771477
BAD 252316063843
BAD 252316231637
BAD 252316231639
BAD 252316231733
BAD 252316379761
BAD 252217003177
BAD 252217003183
BAD 252217003201
BAD 252217003211
BAD 252217237999
BAD 252217238003
BAD 252217238017
BAD 252217238027
BAD 252217238029
BAD 252317315713
BAD 252317500549
BAD 252317510021
BAD 252317510023
BAD 252317510033
BAD 252218902721
BAD 252218902723
BAD 252401589641
BAD 252449511569
BAD 252449511571
BAD 252449511577
BAD 252449511599
BAD 252220348931
BAD 252220348943
BAD 252221105447
BAD 252270508081
BAD 252270582803
BAD 252450996503
BAD 252451017719
BAD 252270991127
BAD 252270991129
BAD 252271528793
BAD 252271528801
BAD 252271528921
BAD 252365713583
BAD 252404284081
BAD 252366134899
BAD 252222648707
BAD 252222648709
BAD 252366683213
BAD 252405366233
BAD 252366983837
BAD 252366983839
BAD 252272773073
BAD 252273081079
BAD 252453917873
BAD 252454001417
BAD 252454001419
BAD 252368234527
BAD 252224659913
BAD 252368555617
BAD 252454519003
BAD 252454519007
BAD 252454790293
BAD 252407353063
BAD 252225514591
BAD 252433727881
BAD 252369767003
BAD 252433727891
BAD 252299560091
BAD 252456205627
BAD 252274765811
BAD 252225713071
BAD 252225713123
BAD 252370214687
BAD 252370214689
BAD 252370214693
BAD 252370229227
BAD 252370229231
BAD 252408148529
BAD 252300085951
BAD 252435020843
BAD 252300313141
BAD 252370986863
BAD 252370986877
BAD 252435212891
BAD 252435212893
BAD 252371178503
BAD 252409163341
BAD 252409163351
BAD 252409163353
BAD 252276369253
BAD 252226851601
BAD 252301189759
BAD 252436178899
BAD 252301308041
BAD 252301308043
BAD 252436294493
BAD 252436294499
BAD 252436430611
BAD 252436473571
BAD 252227359807
BAD 252410445493
BAD 252437194883
BAD 252437254721
BAD 252437254723
BAD 252437377921
BAD 252277442939
BAD 252277442941
BAD 252437460889
BAD 252437575277
BAD 252437575279
BAD 252459700279
BAD 252459789473
BAD 252277668241
BAD 252411525943
BAD 252411592109
BAD 252277839301
BAD 252411826507
BAD 252278394169
BAD 252278394191
BAD 252303795421
BAD 252303795437
BAD 252303795439
BAD 252374877803
BAD 252228622453
BAD 252283558531
BAD 252439594177
BAD 252461836933
BAD 252279387889
BAD 252461836943
BAD 252461836951
BAD 252305058407
BAD 252305058409
BAD 252305058413
BAD 252439705369
BAD 252283693307
BAD 252283693309
BAD 252439942219
BAD 252440298437
BAD 252279980237
BAD 252414762923
BAD 252284284631
BAD 252284284633
BAD 252414820789
BAD 252414820793
BAD 252305805721
BAD 252305805769
BAD 252280201889
BAD 252280201891
BAD 252280276861
BAD 252280276867
BAD 252229627633
BAD 252229627649
BAD 252463119179
BAD 252284906347
BAD 252320507059
BAD 252442015043
BAD 252463293883
BAD 252280779917
BAD 252442015051
BAD 252284906389
BAD 252442015057
BAD 252442015061
BAD 252280779923
BAD 252377739463
BAD 252442122041
BAD 252442122043
BAD 252230469863
BAD 252377895283
BAD 252463560361
BAD 252463560367
BAD 252463560379
BAD 252442286713
BAD 252320810479
BAD 252378156791
BAD 252307570313
BAD 252285733391
BAD 252307708537
BAD 252230955679
BAD 252467692517
BAD 252467692523
BAD 252333994841
BAD 252286315669
BAD 252443557321
BAD 252334271473
BAD 252308616071
BAD 252308616073
BAD 252443955241
BAD 252286832957
BAD 252444074287
BAD 252444074317
BAD 252465388249
BAD 252444242929
BAD 252334545413
BAD 252322872253
BAD 252322872257
BAD 252322872259
BAD 252287576803
BAD 252380833909
BAD 252287658643
BAD 252309768727
BAD 252381069373
BAD 252323411191
BAD 252323411209
BAD 252323411213
BAD 252469636519
BAD 252335347387
BAD 252310430347
BAD 252324087289
BAD 252324087317
BAD 252324087319
BAD 252310651321
BAD 252381657247
BAD 252381657287
BAD 252381657289
BAD 252445937543
BAD 252381657293
BAD 252336121799
BAD 252336121801
BAD 252470466977
BAD 252336154549
BAD 252336154571
BAD 252336154573
BAD 252336154583
BAD 252325324861
BAD 252289939843
BAD 252336623191
BAD 252336623197
BAD 252312423007
BAD 252326150101
BAD 252326150107
BAD 252326246113
BAD 252471338099
BAD 252471338101
BAD 252447718441
BAD 252447843691
BAD 252290669513
BAD 252337365919
BAD 252448455913
BAD 252448711093
BAD 252448711103
BAD 252327328831
BAD 252327399563
BAD 252327529991
BAD 252314341303
BAD 252327706531
BAD 252314341313
BAD 252327706537
BAD 252327829939
BAD 252472623619
BAD 252328263301
BAD 252328263329
BAD 252473141581
BAD 252473264543
BAD 252293175887
BAD 252473462401
BAD 252339032791
BAD 252473593763
BAD 252473593769
BAD 252329207041
BAD 252329207083
BAD 252329566369
BAD 252329566387
BAD 252294511393
BAD 252340149409
BAD 252474666209
BAD 252350109061
BAD 252340488017
BAD 252340488019
BAD 252350328649
BAD 252350328653
BAD 252475357039
BAD 252295582639
BAD 252330878363
BAD 252350812313
BAD 252331003817
BAD 252331003819
BAD 252350831801
BAD 252341375459
BAD 252331211581
BAD 252351014107
BAD 252296613979
BAD 252296645779
BAD 252296645791
BAD 252296645801
BAD 252341859769
BAD 252341859773
BAD 252341900413
BAD 252341900423
BAD 252476759351
BAD 252297374899
BAD 252297980947
BAD 252297980953
BAD 252477505411
BAD 252352541899
BAD 252477585853
BAD 252477611231
BAD 252477611233
BAD 252477611237
BAD 252352721947
BAD 252352721953
BAD 252343301137
BAD 252343301141
BAD 252477904417
BAD 252477904423
BAD 252343376543
BAD 252478039453
BAD 252478039531
BAD 252344097961
BAD 252478974287
BAD 252478974289
BAD 252345358313
BAD 252345692723
BAD 252479853959
BAD 252356460289
BAD 252480712793
BAD 252347125447
BAD 252347148811
BAD 252348086369
BAD 252348086371
BAD 252481700599
BAD 252358182451
BAD 252358182469
BAD 252358182487
BAD 252358182499
BAD 252358283819
BAD 252358283843
BAD 252358326541
BAD 252360877739
BAD 252362042927
BAD 252362042929
BAD 252362225281
BAD 252364216397
BAD 252364216399
BAD 252365324213
BAD 252365324219
BAD 252365324221
BAD 252365324227
BAD 252483226591
BAD 252483841559
BAD 252483841823
BAD 252485222221
BAD 252485222243
BAD 252485292173
BAD 252487186373
BAD 252487683991
BAD 252487683997
BAD 252488057293
BAD 252489001441
BAD 252489892651
BAD 252490979749
BAD 252490979753
BAD 252491447519
BAD 252491447521
BAD 252492443017
BAD 252492443023
BAD 252493180873
BAD 252493180879
BAD 252493180883
BAD 252493259899
BAD 252493259903
BAD 252494642503
BAD 252494642513
BAD 252494884139
BAD 252494884141
BAD 252495226309
BAD 252495370681
BAD 252495792517
BAD 252496086419
BAD 252496086421
BAD 252497472683
BAD 252497778241
BAD 252500228809
BAD 252501339509
BAD 252501339511
BAD 252501339529
BAD 252501339583
BAD 252501851543
BAD 252502987067
BAD 252502987069
BAD 252502987073
BAD 252503066917
BAD 252508750651
BAD 252511535993
BAD 252511536007
BAD 252512061001
BAD 252512061007
BAD 252512813431
BAD 252512813461
BAD 252512853869
BAD 252512853871
BAD 252513077723
BAD 252513890903
BAD 252514137833
BAD 252516892183
BAD 252517327297
BAD 252517337719
BAD 252517827509
BAD 252517827511
BAD 252518133169
BAD 252518133173
BAD 252518133191
BAD 252518133193
BAD 252518133199
BAD 252518133209
BAD 252519421051
BAD 252519421067
BAD 252519421069
BAD 252519450067
BAD 252519992911
BAD 252520963159
BAD 252522064471
BAD 252522064477
BAD 252522150217
BAD 252522159739
BAD 252522159761
BAD 252522159763
BAD 252522715699
BAD 252522869933
BAD 252525106333
BAD 252526216651
BAD 252526960391
BAD 252527094557
BAD 252527249213
BAD 252527249243
BAD 252528284447
BAD 252528284461
BAD 252535183367
BAD 252535386293
BAD 252535386331
BAD 252535386353
BAD 252535386379
BAD 252535421167
BAD 252535539703
BAD 252536053283
BAD 252536817217
BAD 252531159653
BAD 252540152551
BAD 252540897571
BAD 252541699951
BAD 252541699957
BAD 252541721197
BAD 252541721231
BAD 252541721233
BAD 252543809963
BAD 252543809971
BAD 252544332919
BAD 252544332923
BAD 252545268383
BAD 252545568833
BAD 252545568841
BAD 252545890111
BAD 252549052279
BAD 252549198721
BAD 252549198751
BAD 252550211891
BAD 252551550257
BAD 252551550271
BAD 252552099829
BAD 252552202649
BAD 252553503679
BAD 252553963681
BAD 252556120181
BAD 252556703741
BAD 252556704773
BAD 252556971221
BAD 252557478469
BAD 252559324811
BAD 252559670227
BAD 252560095729
BAD 252560197871
BAD 252560994421
BAD 252561527899
BAD 252561527903
BAD 252561527909
BAD 252563928767
BAD 252563928769
BAD 252564340667
BAD 252565415719
BAD 252566510611
BAD 252568151293
BAD 252568151299
BAD 252569617453
BAD 252571297463
BAD 252574815533
BAD 252574815539
BAD 252574815541
BAD 252575217079
BAD 252575779051
BAD 252576186263
BAD 252577397777
BAD 252577722983
BAD 252577797473
BAD 252583731683
BAD 252584008387
BAD 252584008393
BAD 252584141177
BAD 252584274713
BAD 252585361843
BAD 252585373951
BAD 252585397811
BAD 252585421009
BAD 252585990977
BAD 252586168111
BAD 252586168129
BAD 252586669403
BAD 252586669411
BAD 252586709681
BAD 252586709693
BAD 252579085337
BAD 252587084647
BAD 252580102759
BAD 252580102771
BAD 252588245573
BAD 252588746287
BAD 252581049673
BAD 252581081209
BAD 252581081213
BAD 252588800713
BAD 252588800777
BAD 252588800791
BAD 252588800797
BAD 252581351983
BAD 252589802159
BAD 252589802161
BAD 252589802167
BAD 252589847413
BAD 252582636017
BAD 252590491991
BAD 252583501829
BAD 252583501831
BAD 252591040459
BAD 252591088531
BAD 252591088597
BAD 252592713509
BAD 252592713511
BAD 252592713523
BAD 252592791013
BAD 252593912117
BAD 252595499419
BAD 252595499423
BAD 252597359977
BAD 252597359981
BAD 252598170437
BAD 252598170439
BAD 252598170443
BAD 252598598723
BAD 252599061667
BAD 252600164881
BAD 252651258809
BAD 252652753967
BAD 252652802131
BAD 252652867021
BAD 252652867111
BAD 252652867121
BAD 252652867123
BAD 252653165293
BAD 252653250869
BAD 252654942623
BAD 252655240241
BAD 252655240247
BAD 252655240249
BAD 252655617623
BAD 252655723043
BAD 252655820713
BAD 252656060029
BAD 252656355409
BAD 252656355907
BAD 252657136489
BAD 252657835123
BAD 252658486943
BAD 252659840483
BAD 252660078383
BAD 252660936293
BAD 252661879973
BAD 252661879979
BAD 252662403863
BAD 252663204727
BAD 252663204763
BAD 252663204797
BAD 252663204799
BAD 252664957553
BAD 252664957561
BAD 252665284471
BAD 252666554689
BAD 252667518353
BAD 252667518361
BAD 252601946609
BAD 252603825361
BAD 252604086719
BAD 252604086731
BAD 252604663951
BAD 252605144593
BAD 252605144599
BAD 252605839909
BAD 252606522031
BAD 252606522037
BAD 252608543573
BAD 252608598791
BAD 252608598793
BAD 252609696853
BAD 252609845281
BAD 252609845287
BAD 252617363101
BAD 252610569319
BAD 252610800037
BAD 252668357897
BAD 252668357899
BAD 252610973761
BAD 252669030487
BAD 252669062839
BAD 252669526693
BAD 252612406771
BAD 252612406777
BAD 252669849737
BAD 252669849767
BAD 252669849769
BAD 252613520749
BAD 252613750867
BAD 252613771873
BAD 252613771877
BAD 252670886821
BAD 252670886827
BAD 252613902743
BAD 252614367287
BAD 252614367289
BAD 252614367293
BAD 252618690959
BAD 252619250383
BAD 252672103303
BAD 252672103309
BAD 252619920781
BAD 252672627679
BAD 252620788019
BAD 252621978163
BAD 252674190673
BAD 252623323039
BAD 252674876123
BAD 252674876149
BAD 252623964629
BAD 252675605911
BAD 252675763231
BAD 252676430077
BAD 252676560713
BAD 252676622021
BAD 252626090939
BAD 252626090963
BAD 252677259269
BAD 252677259271
BAD 252677470193
BAD 252678839723
BAD 252617187323
BAD 252617187359
BAD 252679820447
BAD 252680667061
BAD 252680748919
BAD 252680748923
BAD 252680810033
BAD 252802120321
BAD 252680998069
BAD 252681671183
BAD 252629135777
BAD 252629135779
BAD 252682007387
BAD 252682007393
BAD 252682047091
BAD 252802959583
BAD 252682107707
BAD 252802959587
BAD 252802959589
BAD 252803612557
BAD 252803612569
BAD 252803612573
BAD 252682620607
BAD 252682620611
BAD 252682620613
BAD 252804254837
BAD 252805140233
BAD 252805140253
BAD 252805140257
BAD 252629647273
BAD 252806926829
BAD 252806926831
BAD 252806926837
BAD 252806926843
BAD 252630258911
BAD 252630258913
BAD 252630258917
BAD 252785114017
BAD 252630939511
BAD 252630939521
BAD 252785357743
BAD 252631376663
BAD 252718712731
BAD 252718808429
BAD 252718808431
BAD 252785754493
BAD 252785754497
BAD 252719769949
BAD 252719814661
BAD 252720075557
BAD 252810977239
BAD 252810977249
BAD 252810977273
BAD 252811101769
BAD 252811101773
BAD 252786494131
BAD 252811504343
BAD 252787476923
BAD 252787476937
BAD 252812055667
BAD 252769533337
BAD 252769533349
BAD 252769688543
BAD 252812656501
BAD 252812656531
BAD 252721683859
BAD 252853488269
BAD 252853488271
BAD 252631796693
BAD 252631796701
BAD 252687632597
BAD 252687632599
BAD 252854914979
BAD 252854914981
BAD 252854914987
BAD 252854915003
BAD 252814129391
BAD 252754706803
BAD 252754706857
BAD 252771712283
BAD 252723667267
BAD 252633052831
BAD 252855378431
BAD 252724096687
BAD 252724129037
BAD 252724129039
BAD 252724129043
BAD 252633168143
BAD 252724204643
BAD 252724440833
BAD 252855900937
BAD 252855900943
BAD 252724685093
BAD 252869179643
BAD 252633626689
BAD 252633707839
BAD 252633849641
BAD 252789417409
BAD 252820109149
BAD 252820109153
BAD 252815941793
BAD 252789525607
BAD 252816080551
BAD 252816080563
BAD 252820384951
BAD 252870302693
BAD 252789722071
BAD 252726022433
BAD 252756992123
BAD 252726022463
BAD 252820728709
BAD 252870344849
BAD 252870344851
BAD 252820936891
BAD 252816470761
BAD 252821149583
BAD 252692010359
BAD 252692025503
BAD 252692025571
BAD 252774784081
BAD 252692123153
BAD 252821533201
BAD 252821552173
BAD 252857663987
BAD 252857690641
BAD 252857690647
BAD 252790461139
BAD 252790461163
BAD 252790461167
BAD 252790461169
BAD 252692759087
BAD 252858045841
BAD 252775681817
BAD 252775681819
BAD 252790689343
BAD 252790689353
BAD 252817272649
BAD 252822502489
BAD 252775811531
BAD 252822502511
BAD 252790689391
BAD 252727566391
BAD 252693437341
BAD 252758850769
BAD 252790815631
BAD 252758910539
BAD 252758910541
BAD 252776097683
BAD 252776197171
BAD 252858891863
BAD 252823082461
BAD 252835718371
BAD 252791147033
BAD 252791187983
BAD 252791188031
BAD 252791188033
BAD 252791195689
BAD 252791195693
BAD 252791195711
BAD 252694464173
BAD 252791447563
BAD 252836180329
BAD 252818386747
BAD 252818386763
BAD 252818386771
BAD 252818386783
BAD 252760179709
BAD 252818386789
BAD 252836351591
BAD 252695259373
BAD 252791910401
BAD 252791910403
BAD 252860560483
BAD 252874450547
BAD 252874450561
BAD 252734817323
BAD 252792722197
BAD 252837063307
BAD 252837063343
BAD 252837063373
BAD 252874783081
BAD 252874783093
BAD 252825213187
BAD 252825213191
BAD 252862129847
BAD 252862406659
BAD 252825759631
BAD 252761670467
BAD 252761670487
BAD 252761670493
BAD 252761970221
BAD 252701547871
BAD 252701547877
BAD 252875746819
BAD 252779638987
BAD 252863130139
BAD 252837885571
BAD 252794640911
BAD 252794640913
BAD 252794640953
BAD 252837885593
BAD 252702067547
BAD 252837939313
BAD 252837939317
BAD 252837939323
BAD 252837939331
BAD 252736824259
BAD 252876347543
BAD 252876362203
BAD 252876362209
BAD 252876362213
BAD 252826886647
BAD 252795078509
BAD 252795078511
BAD 252737103847
BAD 252863903263
BAD 252863903293
BAD 252863903297
BAD 252795536681
BAD 252795536683
BAD 252795536687
BAD 252795536701
BAD 252731397517
BAD 252762938927
BAD 252762938929
BAD 252762938933
BAD 252737473829
BAD 252864386191
BAD 252731564321
BAD 252699435161
BAD 252781386439
BAD 252699678241
BAD 252699678247
BAD 252699793169
BAD 252737972371
BAD 252700250027
BAD 252700250029
BAD 252704122933
BAD 252704122939
BAD 252704127817
BAD 252704127821
BAD 252865259149
BAD 252865371721
BAD 252796958179
BAD 252782028959
BAD 252865475353
BAD 252865475363
BAD 252797217793
BAD 252797217797
BAD 252878385943
BAD 252732765247
BAD 252764478313
BAD 252764479909
BAD 252764534597
BAD 252764534599
BAD 252764557807
BAD 252782573599
BAD 252705014567
BAD 252798050723
BAD 252635043433
BAD 252829566901
BAD 252733463713
BAD 252782945047
BAD 252705830081
BAD 252734030267
BAD 252766210399
BAD 252739972453
BAD 252840937249
BAD 252830609089
BAD 252734384047
BAD 252734384059
BAD 252706716511
BAD 252706716517
BAD 252740300809
BAD 252740373397
BAD 252706993963
BAD 252706993967
BAD 252706993969
BAD 252766931513
BAD 252636849503
BAD 252636849511
BAD 252636849523
BAD 252831062719
BAD 252868579919
BAD 252868579921
BAD 252868579927
BAD 252831073249
BAD 252784271869
BAD 252637263953
BAD 252637263979
BAD 252868866647
BAD 252637274741
BAD 252707815301
BAD 252707815303
BAD 252707815307
BAD 252637455739
BAD 252767620481
BAD 252767620493
BAD 252831639713
BAD 252842621789
BAD 252842621791
BAD 252708308269
BAD 252881359153
BAD 252800526997
BAD 252708418327
BAD 252768063179
BAD 252768063181
BAD 252708684973
BAD 252800940629
BAD 252800940631
BAD 252843370007
BAD 252843370009
BAD 252832550297
BAD 252843460313
BAD 252843460351
BAD 252742023223
BAD 252742050233
BAD 252832906253
BAD 252638824943
BAD 252639263297
BAD 252710842907
BAD 252639461797
BAD 252742915351
BAD 252844883023
BAD 252844883029
BAD 252844883051
BAD 252844883077
BAD 252844883131
BAD 252883212293
BAD 252711211483
BAD 252834058579
BAD 252883323443
BAD 252845186219
BAD 252845186221
BAD 252845186227
BAD 252845186249
BAD 252711476267
BAD 252712094123
BAD 252712165639
BAD 252640310249
BAD 252712351193
BAD 252712351201
BAD 252884185793
BAD 252846254033
BAD 252846254041
BAD 252846254053
BAD 252744442681
BAD 252713045339
BAD 252713045341
BAD 252744719971
BAD 252847084123
BAD 252847084129
BAD 252847597637
BAD 252885464653
BAD 252714430127
BAD 252714502553
BAD 252641812987
BAD 252641813003
BAD 252641813009
BAD 252847935601
BAD 252848042339
BAD 252848042341
BAD 252848042347
BAD 252715115269
BAD 252715115273
BAD 252715352039
BAD 252746986909
BAD 252902904413
BAD 252643026631
BAD 252643026641
BAD 252903413857
BAD 252748314569
BAD 252716288911
BAD 252748417003
BAD 252748493519
BAD 252644000899
BAD 252644000933
BAD 252749000599
BAD 252644068763
BAD 252644068771
BAD 252644068777
BAD 252644068783
BAD 252904870021
BAD 252717013999
BAD 252905037893
BAD 252749626903
BAD 252749635009
BAD 252717630443
BAD 252717778939
BAD 252645393043
BAD 252645393047
BAD 252645791303
BAD 252906779173
BAD 252646264999
BAD 252646620067
BAD 252909044917
BAD 252909201253
BAD 252909245683
BAD 252910288177
BAD 252910456187
BAD 252910456189
BAD 252910456261
BAD 252910560233
BAD 252910816289
BAD 252911130863
BAD 252912215117
BAD 252912215119
BAD 252912663511
BAD 252912725147
BAD 252912829957
BAD 252913328497
BAD 252915031559
BAD 252915031561
BAD 252915168173
BAD 252915893003
BAD 252917917051
BAD 252918222257
BAD 252918222259
BAD 252918666443
BAD 252936401453
BAD 252937161661
BAD 252937856929
BAD 252938410691
BAD 252938410693
BAD 252939325711
BAD 252939782023
BAD 252940672703
BAD 252940672711
BAD 252940892339
BAD 252940892341
BAD 252887732869
BAD 252887932813
BAD 252889070743
BAD 252942225163
BAD 252890005397
BAD 252890005399
BAD 252890192437
BAD 252943526939
BAD 252943635709
BAD 252944503807
BAD 252893562293
BAD 252948145531
BAD 252895752619
BAD 252895752623
BAD 252897496409
BAD 252897756157
BAD 252950549821
BAD 252951231263
BAD 252951284029
BAD 252899379463
BAD 252899379493
BAD 252899588197
BAD 252899588203
BAD 252899588209
BAD 252900091271
BAD 252900091273
BAD 252952789321
BAD 252901816267
BAD 252919841659
BAD 252920426503
BAD 252920430541
BAD 252920430547
BAD 252920430551
BAD 252920430559
BAD 252920430563
BAD 252920721811
BAD 252920721817
BAD 252920721821
BAD 252921231503
BAD 252921897923
BAD 252921897937
BAD 252921897947
BAD 252921897973
BAD 252922181429
BAD 252922181431
BAD 252923648743
BAD 252923982197
BAD 252924019643
BAD 252924019679
BAD 252924019681
BAD 252924082709
BAD 252924082711
BAD 252924738239
BAD 252924886943
BAD 252926770867
BAD 252927698917
BAD 252930251813
BAD 252953329009
BAD 252953857669
BAD 252954523631
BAD 252954523669
BAD 252930689119
BAD 252930689131
BAD 252931288787
BAD 252931288789
BAD 252931288793
BAD 252932735249
BAD 252955606837
BAD 252934572017
BAD 252935781827
BAD 252935781829
BAD 252935959489
BAD 252958022423
BAD 252958022437
BAD 252958180529
BAD 252958205063
BAD 252958289587
BAD 252958469359
BAD 252958469363
BAD 252959015797
BAD 252960075233
BAD 252960075239
BAD 252960075241
BAD 252961319257
BAD 252961860289
BAD 252962229353
BAD 252962257813
BAD 252962257819
BAD 252962996837
BAD 252963408287
BAD 252963408289
BAD 252963408293
BAD 252963804109
BAD 252964078583
BAD 252964324303
BAD 252964324313
BAD 252964663087
BAD 252965380433
BAD 252965380441
BAD 252965566433
BAD 252965667991
BAD 252966371747
BAD 252967150939
BAD 252967169843
BAD 252967269601
BAD 252967312909
BAD 252967312921
BAD 252967899719
BAD 252968146027
BAD 252968785007
BAD 252968785031
BAD 252968881013
BAD 252968925721
BAD 252986898781
BAD 252988624597
BAD 252988624613
BAD 252989133041
BAD 252989133043
BAD 252989133049
BAD 252990710689
BAD 252990710701
BAD 252990903133
BAD 252969641893
BAD 252970559603
BAD 252970917473
BAD 252971033773
BAD 252994139221
BAD 252994139227
BAD 252994728299
BAD 252995057839
BAD 252995705887
BAD 252995848709
BAD 252995848711
BAD 252971473109
BAD 252972274021
BAD 252972826763
BAD 252972826793
BAD 252972826801
BAD 252972826807
BAD 252973982363
BAD 252974190697
BAD 252974779583
BAD 252976900313
BAD 252976900321
BAD 252977103727
BAD 252997237177
BAD 252997237193
BAD 252998484679
BAD 253000318369
BAD 252978710443
BAD 252979235329
BAD 252980000059
BAD 253001614049
BAD 252982690663
BAD 252982690669
BAD 252982690673
BAD 252982963159
BAD 253002150743
BAD 253002184717
BAD 252984283523
BAD 253003216729
BAD 253003423879
BAD 253003423891
BAD 253003589539
BAD 253004552293
BAD 253005264419
BAD 253006208929
BAD 253006208933
BAD 253006349383
BAD 253006349389
BAD 253008026731
BAD 253008026737
BAD 253008026741
BAD 253008026743
BAD 253008049873
BAD 253008397667
BAD 253008397669
BAD 253008397673
BAD 253008948263
BAD 253009307713
BAD 253009962157
BAD 253010072773
BAD 253011550159
BAD 253012824329
BAD 253014420511
BAD 253017786029
BAD 253017786031
BAD 253017786053
BAD 253054336163
BAD 253054640911
BAD 253054717579
BAD 253055053219
BAD 253055602573
BAD 253055770567
BAD 253306491287
BAD 253306491289
BAD 253056686767
BAD 253308161221
BAD 253288966219
BAD 253288966223
BAD 253059528289
BAD 253310082301
BAD 253310082307
BAD 253060395257
BAD 253060395271
BAD 253060395277
BAD 253311116173
BAD 253311224371
BAD 253290176527
BAD 253290176543
BAD 253311555577
BAD 253061391313
BAD 253061808079
BAD 253291573699
BAD 253291588727
BAD 253291588729
BAD 253313269067
BAD 253313269109
BAD 253292684257
BAD 253062904789
BAD 253062904799
BAD 253292872493
BAD 253315018679
BAD 253294597051
BAD 253294874867
BAD 253064509993
BAD 253316725867
BAD 253064878237
BAD 253064958469
BAD 253064958473
BAD 253066169143
BAD 253066484449
BAD 253317903613
BAD 253317903623
BAD 253297056307
BAD 253318210081
BAD 253318210099
BAD 253297591607
BAD 253297591609
BAD 253318946977
BAD 253068584479
BAD 253319374501
BAD 253319374507
BAD 253319374547
BAD 253319529811
BAD 253319529817
BAD 253068938677
BAD 253068984391
BAD 253319627137
BAD 253299334147
BAD 253320156301
BAD 253299710467
BAD 253299978227
BAD 253069604479
BAD 253069604483
BAD 253300261741
BAD 253300663393
BAD 253321725529
BAD 253300976893
BAD 253301192971
BAD 253301384459
BAD 253304673379
BAD 253304673397
BAD 253271583689
BAD 253271684513
BAD 253238304563
BAD 253238592491
BAD 253238592493
BAD 253272263693
BAD 253238834411
BAD 253273226057
BAD 253273226093
BAD 253020102199
BAD 253240765091
BAD 253240765093
BAD 253255936741
BAD 253241242489
BAD 253274696693
BAD 253020871349
BAD 253073387311
BAD 253073387401
BAD 253073387407
BAD 253020871351
BAD 253021152259
BAD 253256347261
BAD 253256347271
BAD 253256347273
BAD 253256347283
BAD 253275478679
BAD 253256662669
BAD 253154657491
BAD 253257058997
BAD 253275897379
BAD 253022316143
BAD 253276942991
BAD 253037137139
BAD 253037137141
BAD 253037137147
BAD 253037137151
BAD 253037137153
BAD 253156795063
BAD 253156795069
BAD 253156795079
BAD 253156795081
BAD 253037627419
BAD 253157077639
BAD 253157077643
BAD 253277469919
BAD 253321989359
BAD 253188094519
BAD 253277469923
BAD 253121384933
BAD 253259979319
BAD 253076282153
BAD 253076282161
BAD 253160003651
BAD 253160003653
BAD 253025906537
BAD 253160003659
BAD 253025906543
BAD 253121616679
BAD 253121651977
BAD 253277736031
BAD 253322953679
BAD 253322953699
BAD 253040576363
BAD 253122407869
BAD 253122407873
BAD 253122541351
BAD 253160665531
BAD 253160665559
BAD 253160665561
BAD 253122626243
BAD 253189028431
BAD 253204474573
BAD 253204474583
BAD 253204474597
BAD 253189161487
BAD 253041210601
BAD 253170974873
BAD 253324172251
BAD 253123034977
BAD 253104425633
BAD 253189531883
BAD 253205756731
BAD 253241546297
BAD 253261453301
BAD 253161277673
BAD 253221883853
BAD 253137828269
BAD 253027706401
BAD 253087079599
BAD 253137828271
BAD 253261453303
BAD 253137828283
BAD 253087079603
BAD 253261453307
BAD 253137828287
BAD 253087079611
BAD 253137828289
BAD 253027706411
BAD 253078234621
BAD 253324268017
BAD 253041309439
BAD 253041309481
BAD 253041309491
BAD 253171216567
BAD 253028074009
BAD 253028074093
BAD 253172170673
BAD 253189847401
BAD 253139080697
BAD 253242843353
BAD 253324992161
BAD 253105507561
BAD 253280462719
BAD 253088194421
BAD 253223364859
BAD 253262723183
BAD 253324992163
BAD 253105507591
BAD 253139080699
BAD 253242843367
BAD 253262723201
BAD 253164164423
BAD 253124373497
BAD 253208776111
BAD 253105507597
BAD 253164164431
BAD 253164164437
BAD 253124373499
BAD 253208776133
BAD 253164164453
BAD 253208776159
BAD 253124373503
BAD 253172232857
BAD 253223523671
BAD 253223523673
BAD 253223523677
BAD 253125023587
BAD 253326812839
BAD 253190581373
BAD 253042073761
BAD 253106007533
BAD 253223523697
BAD 253173928351
BAD 253164807131
BAD 253210800937
BAD 253140170203
BAD 253125023663
BAD 253280590489
BAD 253263336259
BAD 253210802239
BAD 253243147757
BAD 253140170209
BAD 253164825247
BAD 253088537183
BAD 253080550447
BAD 253080550453
BAD 253080550493
BAD 253190768749
BAD 253088918627
BAD 253088918629
BAD 253088955617
BAD 253088955619
BAD 253211235863
BAD 253174173211
BAD 253080632971
BAD 253089039971
BAD 253165915603
BAD 253245571753
BAD 253080844351
BAD 253282037093
BAD 253128266161
BAD 253175942659
BAD 253106846819
BAD 253089040021
BAD 253043893651
BAD 253128266179
BAD 253143271429
BAD 253264909669
BAD 253329250841
BAD 253212158153
BAD 253029189109
BAD 253264909673
BAD 253264909817
BAD 253264909879
BAD 253264909889
BAD 253029189113
BAD 253264982107
BAD 253191693151
BAD 253166064751
BAD 253176095387
BAD 253212300571
BAD 253107045211
BAD 253191743773
BAD 253245804047
BAD 253245804061
BAD 253029284603
BAD 253265468723
BAD 253107535523
BAD 253224379987
BAD 253283157949
BAD 253129676209
BAD 253193345497
BAD 253330863463
BAD 253167258629
BAD 253224380009
BAD 253107535529
BAD 253176823883
BAD 253045285579
BAD 253082624167
BAD 253224380011
BAD 253145749279
BAD 253265468749
BAD 253224380027
BAD 253246081663
BAD 253246081667
BAD 253213150219
BAD 253176924751
BAD 253176924761
BAD 253283304481
BAD 253045541167
BAD 253029554993
BAD 253213367497
BAD 253213367501
BAD 253213367503
BAD 253213367521
BAD 253246430089
BAD 253193527291
BAD 253331419157
BAD 253177177523
BAD 253331419163
BAD 253213454713
BAD 253283572793
BAD 253331419169
BAD 253046608357
BAD 253089693709
BAD 253167751541
BAD 253177177543
BAD 253146123397
BAD 253224856337
BAD 253331419171
BAD 253083415667
BAD 253146123431
BAD 253110540349
BAD 253269367123
BAD 253146123443
BAD 253110540359
BAD 253177287203
BAD 253177287211
BAD 253046741281
BAD 253193674633
BAD 253177402297
BAD 253177402301
BAD 253146349523
BAD 253283817643
BAD 253283817653
BAD 253130074621
BAD 253146569629
BAD 253214046101
BAD 253270989193
BAD 253178714939
BAD 253214046103
BAD 253336025867
BAD 253226154803
BAD 253178714959
BAD 253248164179
BAD 253047379433
BAD 253284312443
BAD 253336025869
BAD 253110999019
BAD 253029839207
BAD 253336025881
BAD 253270989199
BAD 253146569633
BAD 253110999023
BAD 253168941937
BAD 253178714963
BAD 253146569647
BAD 253270989203
BAD 253178714977
BAD 253146569659
BAD 253084473101
BAD 253168941941
BAD 253090291921
BAD 253178714981
BAD 253168941943
BAD 253178714983
BAD 253226243597
BAD 253336571717
BAD 253047399001
BAD 253130192209
BAD 253149026329
BAD 253284566573
BAD 253249320859
BAD 253284566593
BAD 253085914723
BAD 253194815953
BAD 253091101273
BAD 253111110001
BAD 253194815959
BAD 253194815963
BAD 253194815969
BAD 253194815971
BAD 253169280547
BAD 253214661899
BAD 253214695189
BAD 253214695193
BAD 253214695211
BAD 253214695213
BAD 253214695219
BAD 253214695231
BAD 253226419867
BAD 253336810109
BAD 253111313303
BAD 253214929309
BAD 253271159783
BAD 253149427567
BAD 253149427571
BAD 253337052481
BAD 253355993213
BAD 253086502717
BAD 253086502733
BAD 253111896967
BAD 253227162143
BAD 253227162151
BAD 253337423029
BAD 253337423033
BAD 253337505103
BAD 253031373061
BAD 253337505133
BAD 253337505137
BAD 253149743513
BAD 253031415751
BAD 253031415773
BAD 253031415787
BAD 253086914629
BAD 253048494481
BAD 253048494493
BAD 253149915301
BAD 253337741203
BAD 253337741233
BAD 253337741243
BAD 253337762147
BAD 253337762149
BAD 253091696119
BAD 253337891033
BAD 253285837403
BAD 253285837429
BAD 253113149633
BAD 253150434793
BAD 253215655183
BAD 253169803603
BAD 253227726937
BAD 253251224153
BAD 253285837501
BAD 253169803609
BAD 253179702143
BAD 253179702163
BAD 253132030663
BAD 253032546967
BAD 253092554213
BAD 253357531199
BAD 253357531201
BAD 253357531223
BAD 253216068541
BAD 253092776401
BAD 253357561741
BAD 253357561801
BAD 253357631183
BAD 253357631221
BAD 253357631227
BAD 253357631231
BAD 253357631243
BAD 253216205119
BAD 253251935347
BAD 253113885863
BAD 253151034649
BAD 253216484377
BAD 253252308031
BAD 253093178641
BAD 253050120517
BAD 253033413517
BAD 253151168591
BAD 253216484383
BAD 253050120523
BAD 253357954999
BAD 253050120527
BAD 253033413553
BAD 253197601781
BAD 253050120529
BAD 253050120541
BAD 253197641399
BAD 253197641401
BAD 253252408561
BAD 253114410623
BAD 253114410631
BAD 253114424179
BAD 253114424183
BAD 253170752581
BAD 253228988543
BAD 253216697033
BAD 253216702469
BAD 253216702471
BAD 253216702477
BAD 253216702483
BAD 253287284633
BAD 253229288603
BAD 253151623381
BAD 253252868683
BAD 253133541781
BAD 253034151221
BAD 253034151247
BAD 253034151259
BAD 253034151277
BAD 253034151281
BAD 253133583557
BAD 253133583559
BAD 253287819623
BAD 253229694401
BAD 253229694413
BAD 253181107657
BAD 253094169127
BAD 253287978809
BAD 253287986779
BAD 253288096577
BAD 253288096883
BAD 253181507947
BAD 253181507963
BAD 253253295563
BAD 253181593607
BAD 253218003503
BAD 253094662061
BAD 253094662063
BAD 253094662069
BAD 253134106853
BAD 253134106891
BAD 253134106921
BAD 253181829679
BAD 253152248693
BAD 253253585713
BAD 253094823697
BAD 253230633589
BAD 253253618819
BAD 253182131473
BAD 253231038283
BAD 253200017723
BAD 253200017731
BAD 253152645979
BAD 253152645983
BAD 253182458989
BAD 253052709473
BAD 253052709487
BAD 253052709493
BAD 253134917557
BAD 253134917579
BAD 253231350397
BAD 253231350401
BAD 253035600997
BAD 253035601001
BAD 253035601003
BAD 253035601043
BAD 253035601051
BAD 253219238203
BAD 253095541613
BAD 253182896011
BAD 253182896017
BAD 253182933109
BAD 253200625373
BAD 253254656671
BAD 253153322743
BAD 253183089479
BAD 253183089491
BAD 253183089493
BAD 253200683371
BAD 253153634873
BAD 253096113797
BAD 253096113799
BAD 253220195869
BAD 253361724871
BAD 253153883519
BAD 253118148139
BAD 253232429521
BAD 253136029019
BAD 253136029021
BAD 253136029037
BAD 253136029039
BAD 253136029123
BAD 253232571233
BAD 253201641661
BAD 253362204973
BAD 253118601751
BAD 253221177211
BAD 253221177217
BAD 253119069121
BAD 253119081443
BAD 253097002801
BAD 253119370591
BAD 253119382099
BAD 253233334969
BAD 253363378897
BAD 253233334973
BAD 253119782281
BAD 253119782287
BAD 253203343663
BAD 253363983811
BAD 253363983833
BAD 253363983839
BAD 253363983841
BAD 253120154899
BAD 253120360763
BAD 253203839747
BAD 253203839753
BAD 253203874073
BAD 253098426107
BAD 253098426109
BAD 253364577139
BAD 253364577143
BAD 253204144241
BAD 253187109841
BAD 253187109863
BAD 253187109869
BAD 253187109871
BAD 253187133713
BAD 253187133721
BAD 253098825173
BAD 253234938763
BAD 253098949603
BAD 253235138983
BAD 253099070723
BAD 253099264259
BAD 253099264261
BAD 253366133921
BAD 253235898847
BAD 253099987339
BAD 253236023569
BAD 253236023591
BAD 253236092441
BAD 253236092443
BAD 253100153591
BAD 253100153599
BAD 253236434519
BAD 253100627579
BAD 253100741753
BAD 253236631987
BAD 253367755219
BAD 253237504997
BAD 253237504999
BAD 253102399153
BAD 253237967657
BAD 253237967659
BAD 253103154463
BAD 253103160239
BAD 253103160241
BAD 253103504923
BAD 253371517649
BAD 253339215221
BAD 253339215223
BAD 253340647531
BAD 253341385519
BAD 253341385523
BAD 253341762917
BAD 253342226723
BAD 253343718223
BAD 253343718227
BAD 253345152943
BAD 253345527427
BAD 253345527431
BAD 253346567731
BAD 253346630393
BAD 253348033879
BAD 253348737979
BAD 253349521351
BAD 253350371863
BAD 253350371873
BAD 253351624139
BAD 253351694723
BAD 253351694767
BAD 253351694779
BAD 253351694801
BAD 253351694803
BAD 253353452971
BAD 253354076497
BAD 253354076551
BAD 253354076693
BAD 253354333333
BAD 253354359001
BAD 253355128981
BAD 253355133877
BAD 253373160463
BAD 253373467819
BAD 253374711353
BAD 253375721461
BAD 253376324303
BAD 253377279817
BAD 253377279821
BAD 253378111433
BAD 253378836589
BAD 253378836593
BAD 253380272581
BAD 253381766257
BAD 253382118173
BAD 253382118179
BAD 253382118181
BAD 253382239787
BAD 253382646793
BAD 253382851157
BAD 253382851159
BAD 253384370363
BAD 253385059189
BAD 253386944627
BAD 253387030789
BAD 253388824417
BAD 253388824433
BAD 253388824441
BAD 253389127111
BAD 253390425157
BAD 253390425163
BAD 253390749379
BAD 253391958437
BAD 253391958439
BAD 253391958451
BAD 253391974489
BAD 253396737793
BAD 253397344793
BAD 253398118481
BAD 253399570667
BAD 253399570673
BAD 253401001669
BAD 253401001673
BAD 253401001681
BAD 253402145917
BAD 253402145933
BAD 253402145977
BAD 253402145981
BAD 253402493941
BAD 253403712713
BAD 253404188929
BAD 253404842707
BAD 253404842737
BAD 253405043569
BAD 253406964631
BAD 253406964647
BAD 253406964649
BAD 253409087389
BAD 253411015007
BAD 253411015009
BAD 253411597337
BAD 253412830009
BAD 253412830039
BAD 253412830043
BAD 253413578401
BAD 253414198013
BAD 253414198031
BAD 253414198043
BAD 253414523783
BAD 253419569929
BAD 253420353743
BAD 253420353763
BAD 253420472323
BAD 253420472329
BAD 253421494327
BAD 253421494331
BAD 253422332587
BAD 253456868263
BAD 253458105143
BAD 253423429913
BAD 253424159119
BAD 253459802221
BAD 253424627419
BAD 253425031043
BAD 253425031061
BAD 253460692447
BAD 253425342451
BAD 253425379741
BAD 253460825567
BAD 253461061913
BAD 253425856483
BAD 253462708039
BAD 253427309183
BAD 253427309197
BAD 253427626957
BAD 253428645529
BAD 253428645539
BAD 253429378057
BAD 253464305111
BAD 253464305113
BAD 253464573259
BAD 253466619323
BAD 253469894581
BAD 253470266281
BAD 253470509077
BAD 253470569563
BAD 253470743761
BAD 253470920629
BAD 253431295729
BAD 253431816173
BAD 253432445887
BAD 253432604363
BAD 253432907347
BAD 253433502481
BAD 253436131723
BAD 253436928487
BAD 253437092123
BAD 253437194401
BAD 253437935251
BAD 253440501553
BAD 253442052211
BAD 253443535823
BAD 253443769303
BAD 253444072769
BAD 253444072771
BAD 253444184711
BAD 253444184713
BAD 253444419287
BAD 253444419289
BAD 253444660163
BAD 253445865529
BAD 253446112189
BAD 253446112193
BAD 253692900283
BAD 253692900287
BAD 253692900289
BAD 253447057169
BAD 253693847119
BAD 253693847123
BAD 253693847137
BAD 253694527231
BAD 253694648041
BAD 253694881003
BAD 253695970607
BAD 253695970609
BAD 253695984379
BAD 253697701013
BAD 253697701027
BAD 253697701031
BAD 253698352181
BAD 253698352183
BAD 253698422647
BAD 253699953239
BAD 253701503249
BAD 253702178713
BAD 253702968769
BAD 253703237813
BAD 253703237831
BAD 253703237833
BAD 253703237839
BAD 253703857601
BAD 253703906749
BAD 253704419261
BAD 253704419263
BAD 253704570863
BAD 253704570919
BAD 253704570971
BAD 253704570979
BAD 253704693467
BAD 253704693469
BAD 253704841321
BAD 253641008741
BAD 253641008743
BAD 253641313111
BAD 253705808813
BAD 253642031641
BAD 253449347383
BAD 253449347387
BAD 253642488433
BAD 253642488439
BAD 253449742607
BAD 253643142787
BAD 253643142791
BAD 253643374813
BAD 253643374903
BAD 253450416871
BAD 253643493427
BAD 253452067163
BAD 253452067171
BAD 253452067283
BAD 253453447573
BAD 253453447657
BAD 253454255783
BAD 253454255809
BAD 253454763451
BAD 253454799449
BAD 253648276579
BAD 253649150779
BAD 253649441819
BAD 253650844339
BAD 253651001011
BAD 253651208047
BAD 253651585283
BAD 253652676923
BAD 253652676931
BAD 253592961773
BAD 253594492457
BAD 253594492471
BAD 253594492499
BAD 253594524223
BAD 253595121061
BAD 253595407063
BAD 253595407067
BAD 253655081489
BAD 253596088531
BAD 253656058057
BAD 253656525413
BAD 253656599513
BAD 253599479101
BAD 253599479137
BAD 253599479141
BAD 253599479143
BAD 253599479167
BAD 253599479173
BAD 253600137257
BAD 253600168853
BAD 253600193753
BAD 253600303279
BAD 253600705933
BAD 253601211067
BAD 253601251933
BAD 253601322173
BAD 253601446613
BAD 253602247373
BAD 253602930379
BAD 253603481653
BAD 253603481851
BAD 253603584991
BAD 253604594669
BAD 253604594671
BAD 253604946773
BAD 253604946779
BAD 253605683167
BAD 253606108117
BAD 253606880633
BAD 253606880677
BAD 253540463857
BAD 253540698251
BAD 253540698253
BAD 253541245627
BAD 253541582953
BAD 253543349243
BAD 253543349249
BAD 253543349251
BAD 253543568059
BAD 253543568063
BAD 253543568077
BAD 253543951187
BAD 253543951189
BAD 253506582037
BAD 253506618203
BAD 253546178491
BAD 253546178497
BAD 253546598033
BAD 253509365839
BAD 253547438239
BAD 253547438299
BAD 253547600363
BAD 253510109737
BAD 253510643083
BAD 253510670531
BAD 253510670597
BAD 253510670599
BAD 253511687461
BAD 253549327357
BAD 253549487593
BAD 253490340847
BAD 253550521183
BAD 253550837131
BAD 253513337347
BAD 253513337353
BAD 253513337359
BAD 253513337461
BAD 253491104437
BAD 253513421099
BAD 253491477619
BAD 253491477653
BAD 253551218863
BAD 253551218873
BAD 253551218881
BAD 253551296749
BAD 253551296753
BAD 253491833323
BAD 253741643569
BAD 253513864003
BAD 253514077963
BAD 253742038951
BAD 253551941183
BAD 253493279311
BAD 253552747633
BAD 253552747639
BAD 253552747649
BAD 253552811899
BAD 253493581543
BAD 253493631571
BAD 253493991427
BAD 253493991431
BAD 253493991433
BAD 253553948833
BAD 253517241463
BAD 253657953863
BAD 253494850849
BAD 253518112831
BAD 253554671663
BAD 253554671723
BAD 253518227971
BAD 253495100647
BAD 253675530299
BAD 253675530301
BAD 253675559873
BAD 253746211853
BAD 253658840923
BAD 253658840933
BAD 253554989473
BAD 253746570563
BAD 253659374753
BAD 253518850463
BAD 253518873469
BAD 253518873473
BAD 253758656339
BAD 253758656341
BAD 253659669281
BAD 253747300193
BAD 253496087269
BAD 253759371251
BAD 253520082889
BAD 253555720073
BAD 253660676123
BAD 253707923719
BAD 253759371253
BAD 253724664553
BAD 253747649809
BAD 253624933493
BAD 253573951727
BAD 253724664559
BAD 253573951733
BAD 253520140319
BAD 253574192659
BAD 253574192693
BAD 253574192699
BAD 253574192701
BAD 253661157733
BAD 253748110883
BAD 253556270551
BAD 253556270557
BAD 253556270567
BAD 253556270573
BAD 253574519153
BAD 253574519161
BAD 253760104537
BAD 253748635207
BAD 253676482733
BAD 253725820141
BAD 253626154219
BAD 253472887363
BAD 253750611181
BAD 253556829709
BAD 253608174109
BAD 253664784467
BAD 253726471967
BAD 253575200033
BAD 253761364403
BAD 253522524821
BAD 253709985877
BAD 253497175207
BAD 253726471969
BAD 253575200069
BAD 253522524823
BAD 253677797827
BAD 253575200071
BAD 253575200083
BAD 253575200101
BAD 253709991013
BAD 253709991019
BAD 253710025301
BAD 253664858429
BAD 253664858431
BAD 253664858441
BAD 253497273811
BAD 253665011399
BAD 253608668591
BAD 253626688891
BAD 253575704233
BAD 253608711481
BAD 253473427309
BAD 253497838829
BAD 253497838849
BAD 253678504699
BAD 253665707797
BAD 253665812221
BAD 253665848659
BAD 253665848663
BAD 253609072669
BAD 253665892253
BAD 253665984457
BAD 253711133953
BAD 253751870963
BAD 253558180879
BAD 253666245061
BAD 253752023201
BAD 253752023207
BAD 253752023209
BAD 253752023221
BAD 253609615019
BAD 253679446483
BAD 253679446487
BAD 253498823429
BAD 253609896167
BAD 253609896173
BAD 253609896181
BAD 253558837163
BAD 253610018843
BAD 253763441377
BAD 253474340183
BAD 253680840019
BAD 253499436613
BAD 253628754391
BAD 253611808741
BAD 253560457739
BAD 253712186323
BAD 253628754397
BAD 253765353253
BAD 253611808771
BAD 253578156901
BAD 253729762249
BAD 253611808777
BAD 253611808783
BAD 253611808787
BAD 253611808789
BAD 253765432097
BAD 253765596067
BAD 253474630657
BAD 253474630663
BAD 253474630687
BAD 253755297511
BAD 253629282223
BAD 253560987103
BAD 253578810721
BAD 253578810731
BAD 253578810757
BAD 253500274969
BAD 253713137999
BAD 253612756147
BAD 253713138001
BAD 253561480493
BAD 253500698449
BAD 253630868371
BAD 253681828979
BAD 253500698453
BAD 253670456363
BAD 253580047639
BAD 253730946089
BAD 253681828987
BAD 253757582233
BAD 253612756151
BAD 253730946103
BAD 253766395133
BAD 253612756153
BAD 253475452697
BAD 253730946109
BAD 253730946113
BAD 253730946211
BAD 253612798321
BAD 253766478047
BAD 253475846737
BAD 253475846761
BAD 253670962901
BAD 253475949203
BAD 253613394361
BAD 253613394379
BAD 253580751301
BAD 253501521079
BAD 253501559963
BAD 253613682953
BAD 253523882371
BAD 253733164379
BAD 253633682527
BAD 253562688271
BAD 253477226053
BAD 253684026703
BAD 253477226077
BAD 253562688277
BAD 253633682531
BAD 253671634009
BAD 253581248941
BAD 253713705143
BAD 253562688283
BAD 253767612491
BAD 253713705151
BAD 253562688287
BAD 253684026707
BAD 253562688289
BAD 253733164381
BAD 253684026709
BAD 253523936293
BAD 253767693889
BAD 253767693899
BAD 253767693901
BAD 253477429043
BAD 253733559713
BAD 253563108481
BAD 253768202563
BAD 253768202587
BAD 253714290563
BAD 253714290569
BAD 253524621277
BAD 253478101159
BAD 253768505863
BAD 253768517309
BAD 253768517311
BAD 253614874957
BAD 253563720889
BAD 253478545081
BAD 253769003141
BAD 253505774779
BAD 253505801249
BAD 253505801251
BAD 253615159661
BAD 253769173013
BAD 253769173019
BAD 253582797709
BAD 253582797731
BAD 253734386509
BAD 253715167033
BAD 253506306623
BAD 253635622469
BAD 253635644267
BAD 253635644299
BAD 253673084641
BAD 253526161423
BAD 253526225791
BAD 253636032893
BAD 253636032901
BAD 253479851593
BAD 253685745503
BAD 253673357167
BAD 253686277939
BAD 253735381943
BAD 253616782459
BAD 253527102233
BAD 253527102239
BAD 253527102253
BAD 253527102263
BAD 253527102271
BAD 253771330159
BAD 253717252891
BAD 253637140811
BAD 253673906839
BAD 253584480739
BAD 253617113809
BAD 253674044431
BAD 253527573121
BAD 253687038259
BAD 253687038263
BAD 253687038271
BAD 253771789951
BAD 253617511223
BAD 253637937739
BAD 253637937743
BAD 253736497691
BAD 253565506199
BAD 253687836713
BAD 253481883937
BAD 253481900543
BAD 253481900563
BAD 253737132667
BAD 253528665017
BAD 253638683873
BAD 253638683891
BAD 253528749913
BAD 253528749917
BAD 253528749919
BAD 253737231667
BAD 253737231749
BAD 253737316649
BAD 253528957949
BAD 253528957951
BAD 253773455513
BAD 253773589073
BAD 253585617223
BAD 253566831263
BAD 253585680503
BAD 253585749523
BAD 253689143737
BAD 253689143749
BAD 253529884903
BAD 253774261549
BAD 253774261553
BAD 253530071633
BAD 253620111097
BAD 253567579687
BAD 253689697853
BAD 253689697913
BAD 253689697939
BAD 253689697957
BAD 253567619033
BAD 253567705673
BAD 253586398477
BAD 253586497369
BAD 253620750049
BAD 253620750083
BAD 253483920769
BAD 253483920779
BAD 253621294651
BAD 253621294657
BAD 253621307581
BAD 253621307647
BAD 253586962151
BAD 253621417043
BAD 253739454019
BAD 253484332669
BAD 253484383949
BAD 253484383951
BAD 253531882033
BAD 253621801753
BAD 253722093749
BAD 253722125233
BAD 253722125243
BAD 253722215671
BAD 253722220883
BAD 253739843813
BAD 253569348521
BAD 253569348523
BAD 253569446437
BAD 253533021223
BAD 253623311203
BAD 253740119909
BAD 253723643743
BAD 253533225823
BAD 253570328933
BAD 253623709309
BAD 253589135069
BAD 253589135071
BAD 253589135081
BAD 253486055093
BAD 253724137489
BAD 253724137493
BAD 253589249161
BAD 253724421259
BAD 253724421263
BAD 253570720789
BAD 253740572053
BAD 253589979593
BAD 253590006121
BAD 253741060147
BAD 253741060151
BAD 253571842621
BAD 253535285929
BAD 253488989717
BAD 253488989723
BAD 253536088153
BAD 253536233539
BAD 253536233543
BAD 253573234171
BAD 253536361877
BAD 253489552937
BAD 253573340599
BAD 253536361879
BAD 253536361891
BAD 253536549367
BAD 253538232413
BAD 253538900449
BAD 253539721349
BAD 253795593223
BAD 253795593229
BAD 253796212157
BAD 253798973359
BAD 253798973369
BAD 253798973371
BAD 253799293879
BAD 253799293883
BAD 253799293903
BAD 253800140467
BAD 253800792281
BAD 253800792283
BAD 253801249763
BAD 253802641019
BAD 253802641021
BAD 253805071243
BAD 253805699579
BAD 253806448243
BAD 253807129949
BAD 253807129951
BAD 253807621261
BAD 253807855901
BAD 253807941019
BAD 253775259239
BAD 253776870187
BAD 253777703273
BAD 253779969049
BAD 253781824213
BAD 253784364907
BAD 253785305243
BAD 253785865171
BAD 253786122229
BAD 253786837333
BAD 253787045737
BAD 253787045741
BAD 253787303149
BAD 253788174019
BAD 253788661573
BAD 253788661603
BAD 253788661613
BAD 253788661627
BAD 253789866541
BAD 253825949023
BAD 253825949033
BAD 253825949059
BAD 253826013449
BAD 253826275763
BAD 253826985409
BAD 253828050739
BAD 253828050743
BAD 253828666163
BAD 253828666171
BAD 253828938991
BAD 253828938997
BAD 253829177873
BAD 253829698729
BAD 253829698739
BAD 253831079251
BAD 253832255507
BAD 253808943217
BAD 253809521821
BAD 253809727069
BAD 253810100809
BAD 253810124783
BAD 253810327037
BAD 253810327039
BAD 253810327049
BAD 253810327051
BAD 253811355001
BAD 253811468569
BAD 253812058613
BAD 253812685129
BAD 253812775597
BAD 253812775763
BAD 253812930991
BAD 253812930997
BAD 253812931003
BAD 253813221763
BAD 253813221791
BAD 253813221793
BAD 253813350199
BAD 253813350233
BAD 253834981531
BAD 253813980617
BAD 253813980619
BAD 253814195827
BAD 253835290231
BAD 253814851571
BAD 253814851573
BAD 253836229841
BAD 253836367387
BAD 253836699737
BAD 253816508063
BAD 253816898417
BAD 253837055713
BAD 253816945309
BAD 253817070739
BAD 253837231741
BAD 253837343723
BAD 253837343729
BAD 253837343731
BAD 253837569523
BAD 253819280269
BAD 253819280279
BAD 253821795107
BAD 253821795109
BAD 253821925223
BAD 253840558837
BAD 253842658253
BAD 253842658259
BAD 253842658261
BAD 253842658273
BAD 253822358971
BAD 253843881373
BAD 253843907011
BAD 253844825149
BAD 253823400797
BAD 253823400799
BAD 253823637499
BAD 253823637503
BAD 253823637511
BAD 253823637517
BAD 253823752859
BAD 253845809809
BAD 253845809813
BAD 253845858257
BAD 253846870313
BAD 253847550919
BAD 253847868773
BAD 253848107431
BAD 253848277093
BAD 253848855233
BAD 253848939419
BAD 253849139381
BAD 253841051089
BAD 253849268159
BAD 253849268161
BAD 253849337429
BAD 253852565293
BAD 253852942523
BAD 253852998743
BAD 253853161907
BAD 253853161909
BAD 253855620479
BAD 253855620481
BAD 253856977399
BAD 253857929519
BAD 253858070857
BAD 253858070861
BAD 253858070863
BAD 253858163003
BAD 253859091953
BAD 253859091961
BAD 253859488957
BAD 253859553617
BAD 253859553643
BAD 253860729719
BAD 253860729721
BAD 253861787149
BAD 253861787177
BAD 253862290621
BAD 253864365151
BAD 253865086801
BAD 253865086807
BAD 253865398561
BAD 253865845547
BAD 253866234931
BAD 253868718941
BAD 253868718967
BAD 253868764573
BAD 253868808181
BAD 253868808203
BAD 253869025691
BAD 253869025693
BAD 253869560327
BAD 253869637103
BAD 253869929197
BAD 253870093339
BAD 253873773539
BAD 253875120199
BAD 253875120203
BAD 253909255087
BAD 253909260617
BAD 253909260623
BAD 253909881503
BAD 253910271631
BAD 253910864203
BAD 253916928961
BAD 253917302761
BAD 253917437341
BAD 253917437351
BAD 253917437353
BAD 253919741921
BAD 253919741941
BAD 253919741983
BAD 253920394951
BAD 253921230401
BAD 253921230403
BAD 253922069123
BAD 253923703441
BAD 253924310093
BAD 253924310099
BAD 253925104669
BAD 253925104673
BAD 253925104681
BAD 253925104687
BAD 254178220859
BAD 254178220861
BAD 254178673459
BAD 253892842393
BAD 253893351013
BAD 253893351053
BAD 253893351059
BAD 253893384637
BAD 253893589009
BAD 253893589013
BAD 253893919471
BAD 253893948727
BAD 254179804033
BAD 253894258099
BAD 253894402343
BAD 254180341913
BAD 254181233707
BAD 254181308299
BAD 254182000351
BAD 254182235423
BAD 254182235431
BAD 254182235453
BAD 254182978561
BAD 253898060203
BAD 253898060209
BAD 253898428417
BAD 253898428423
BAD 253898428429
BAD 254184712897
BAD 254184712913
BAD 254186871907
BAD 253901276719
BAD 254187259397
BAD 254187259399
BAD 253901527603
BAD 253901637071
BAD 253902296749
BAD 253902296759
BAD 254192215841
BAD 254192215843
BAD 254192596913
BAD 254192876033
BAD 254193817099
BAD 254193817103
BAD 253902897893
BAD 253902897931
BAD 253903742249
BAD 253903742251
BAD 253903742263
BAD 253903742273
BAD 253903876741
BAD 253904331953
BAD 253905243313
BAD 253905440101
BAD 253905537619
BAD 253908445157
BAD 253908445159
BAD 253876386859
BAD 253876749163
BAD 253877203343
BAD 253881166543
BAD 253881166549
BAD 253882397239
BAD 253882397243
BAD 253882606697
BAD 253960762093
BAD 253960946543
BAD 253884503311
BAD 253884555203
BAD 253961705843
BAD 253884726353
BAD 253961804923
BAD 253961804927
BAD 253961804933
BAD 253961885101
BAD 253961885119
BAD 253961891089
BAD 253885023323
BAD 253962730033
BAD 253962730037
BAD 253962730039
BAD 253962989437
BAD 253963401821
BAD 253963401823
BAD 253963404287
BAD 253887494173
BAD 253964998043
BAD 253889349281
BAD 253964998057
BAD 253889349283
BAD 253889522063
BAD 253889522069
BAD 253889522071
BAD 253890435713
BAD 253967104219
BAD 253891120229
BAD 253891120237
BAD 253967298289
BAD 253967298293
BAD 253891512751
BAD 253968583189
BAD 253969049143
BAD 253969049149
BAD 253969049153
BAD 253969049167
BAD 253969049171
BAD 253971631289
BAD 253972670999
BAD 253973050637
BAD 254027985229
BAD 253975109611
BAD 253975109617
BAD 253975109621
BAD 253975109623
BAD 253975181101
BAD 254028303413
BAD 254028303457
BAD 254028324743
BAD 254028324757
BAD 254028335653
BAD 254029933093
BAD 254030140213
BAD 254030140237
BAD 254030279263
BAD 254194372661
BAD 254030936837
BAD 254030936839
BAD 254032835003
BAD 254033094019
BAD 254033094023
BAD 253926098779
BAD 254077192183
BAD 254077897771
BAD 254077987181
BAD 254034698653
BAD 253927457941
BAD 253928003689
BAD 253928120161
BAD 254198696797
BAD 254198696803
BAD 254198696821
BAD 254198696923
BAD 254035858697
BAD 254035858723
BAD 254035858729
BAD 254079556651
BAD 254079577463
BAD 253993130863
BAD 254079920873
BAD 254009870759
BAD 254199787561
BAD 253929454463
BAD 254144529113
BAD 253942746833
BAD 254130331657
BAD 254162192003
BAD 254130331667
BAD 254130331669
BAD 254009992603
BAD 254162330813
BAD 253993396637
BAD 253993396639
BAD 253993396649
BAD 253993396651
BAD 254130921511
BAD 253993734271
BAD 254145123217
BAD 254130988121
BAD 254110657159
BAD 253993802779
BAD 254131064687
BAD 254200248397
BAD 254200248409
BAD 253994046829
BAD 253994099131
BAD 254010466711
BAD 253930343239
BAD 253930343243
BAD 254146553833
BAD 254010969349
BAD 254043636577
BAD 254111250511
BAD 254163867557
BAD 254131605877
BAD 253994348407
BAD 254146553851
BAD 253943908811
BAD 254201022479
BAD 254146554073
BAD 254131605883
BAD 254080693051
BAD 254131605887
BAD 254163903131
BAD 254163961591
BAD 254201233103
BAD 254080810183
BAD 254044120861
BAD 254094181219
BAD 254094181223
BAD 253930858309
BAD 254094206329
BAD 254044419799
BAD 253931202023
BAD 254011796351
BAD 253931415281
BAD 254147815693
BAD 254147815741
BAD 254081587651
BAD 254060351627
BAD 254047944307
BAD 254012358323
BAD 254165763587
BAD 253996141463
BAD 254134179067
BAD 253945875839
BAD 254203292443
BAD 254114856689
BAD 254095138057
BAD 254165763589
BAD 254047944323
BAD 254148288577
BAD 253931851273
BAD 254114856691
BAD 254165766949
BAD 254114882143
BAD 254060493103
BAD 253946044291
BAD 254048148593
BAD 254148510757
BAD 254148510761
BAD 254060646509
BAD 254203616633
BAD 254203616671
BAD 254166098623
BAD 254166098633
BAD 254166098639
BAD 254048341433
BAD 254166148219
BAD 254134628063
BAD 253932358219
BAD 253996725613
BAD 253996725617
BAD 254048593321
BAD 254013006757
BAD 254048609071
BAD 254048609081
BAD 254095749497
BAD 254095749499
BAD 254061057673
BAD 254115737737
BAD 254115737773
BAD 253932627961
BAD 254061294343
BAD 254013396467
BAD 254082658981
BAD 254082683251
BAD 253932855877
BAD 253932855881
BAD 254115991139
BAD 254115991141
BAD 254116166047
BAD 254013665183
BAD 254116201187
BAD 254116201189
BAD 254135381813
BAD 254013797993
BAD 254013798013
BAD 254116311949
BAD 254137206419
BAD 254083782949
BAD 254149899643
BAD 253998638401
BAD 253933710883
BAD 253947847357
BAD 254036450167
BAD 254061790403
BAD 253933710889
BAD 254052029069
BAD 253933710893
BAD 254097588361
BAD 254052029071
BAD 254097588391
BAD 254137251871
BAD 254014175579
BAD 254204892589
BAD 254083946359
BAD 254204892593
BAD 253999127359
BAD 253999397437
BAD 253948676693
BAD 253948710439
BAD 253948710443
BAD 254138190893
BAD 254150871133
BAD 254138237083
BAD 254015028473
BAD 254117054857
BAD 254117054861
BAD 254015621887
BAD 254063176201
BAD 254152332691
BAD 253949553061
BAD 254037782137
BAD 254053385513
BAD 254167010677
BAD 254139078733
BAD 254085051173
BAD 253935719449
BAD 254205779629
BAD 254167010681
BAD 254167010683
BAD 254167010687
BAD 254167010689
BAD 254098737967
BAD 254015667319
BAD 254167091219
BAD 254167091221
BAD 254015760329
BAD 254015760331
BAD 254015760337
BAD 254152490573
BAD 254139202319
BAD 254139202321
BAD 254063402939
BAD 254063402941
BAD 254063402947
BAD 254063426363
BAD 254117372581
BAD 254228580803
BAD 254140404841
BAD 254101091539
BAD 253939503557
BAD 254000100229
BAD 254156380477
BAD 254167623041
BAD 253950257699
BAD 254101091549
BAD 254167623043
BAD 254017527019
BAD 253977022463
BAD 254086255921
BAD 254038344929
BAD 254140404871
BAD 254101091551
BAD 254228584213
BAD 254101091557
BAD 254053936597
BAD 253950257711
BAD 254206170769
BAD 254053936601
BAD 253950257713
BAD 253950258649
BAD 254228594561
BAD 254228594563
BAD 253939622701
BAD 253939622707
BAD 254156477761
BAD 254206395733
BAD 254063715827
BAD 254063715833
BAD 254063715923
BAD 254063715931
BAD 254000388377
BAD 254000388379
BAD 254156843887
BAD 254017747367
BAD 254140846769
BAD 253940105101
BAD 253940105113
BAD 254156962393
BAD 254156962403
BAD 254064047407
BAD 253940279941
BAD 253940279947
BAD 253940279953
BAD 254038982849
BAD 254038982851
BAD 254038982861
BAD 254038982863
BAD 254087137877
BAD 254087137879
BAD 254141144821
BAD 254141144827
BAD 254039196823
BAD 254064449887
BAD 254018098363
BAD 254001143129
BAD 254001143131
BAD 253978141873
BAD 254169814147
BAD 253951808777
BAD 254039846597
BAD 254018609587
BAD 254088025099
BAD 253978141877
BAD 254209400713
BAD 254157740047
BAD 254018609591
BAD 254054709383
BAD 254102050711
BAD 254066516863
BAD 253940969299
BAD 254157740051
BAD 254117924947
BAD 254209400723
BAD 254245108787
BAD 254143007483
BAD 254088025133
BAD 254245108801
BAD 254117924953
BAD 254143007491
BAD 254117924971
BAD 254066704027
BAD 254001208003
BAD 254018970263
BAD 254001230563
BAD 254143417337
BAD 254245537459
BAD 254040324283
BAD 253952401103
BAD 254210391289
BAD 254067047029
BAD 253978530779
BAD 254230954163
BAD 254001592561
BAD 254158756933
BAD 253978530781
BAD 254040324287
BAD 254245566997
BAD 254019446767
BAD 253978530787
BAD 254245567033
BAD 254245567039
BAD 254088742213
BAD 254230960703
BAD 254088742223
BAD 254230960903
BAD 254230960913
BAD 254040355579
BAD 254067204121
BAD 254210599333
BAD 253952607229
BAD 254245830623
BAD 254245830637
BAD 254056111843
BAD 253978881361
BAD 254067507623
BAD 254231263109
BAD 254056271411
BAD 254171249153
BAD 254246214379
BAD 254102748871
BAD 254171249159
BAD 254171249161
BAD 254246214401
BAD 254246214403
BAD 254246214413
BAD 254102748881
BAD 254102748883
BAD 254171250409
BAD 254020077469
BAD 254020077473
BAD 254056366219
BAD 253953168473
BAD 253953168481
BAD 253953168487
BAD 253953168493
BAD 253953168499
BAD 253953169369
BAD 253953169417
BAD 253953169429
BAD 254056444483
BAD 254159723633
BAD 254171565359
BAD 254171565383
BAD 254120152703
BAD 254159887459
BAD 254120177713
BAD 254120177719
BAD 254159898439
BAD 254246841049
BAD 254120177723
BAD 253979694127
BAD 254159990423
BAD 254020904131
BAD 254020904153
BAD 253979789969
BAD 254068781933
BAD 253953802969
BAD 253980002461
BAD 253980002489
BAD 254042201779
BAD 254056983511
BAD 254042303653
BAD 254103940949
BAD 254172619627
BAD 254104099999
BAD 253954248413
BAD 254069230159
BAD 254003867147
BAD 254003867149
BAD 254042732557
BAD 254042829259
BAD 254069465813
BAD 254104459507
BAD 254104459513
BAD 254247976153
BAD 254021804363
BAD 254090648197
BAD 253980754567
BAD 253954714933
BAD 253980754571
BAD 253954714939
BAD 254173225183
BAD 253954714943
BAD 254004694927
BAD 254248633193
BAD 254004757313
BAD 253954985279
BAD 253954985281
BAD 253955037719
BAD 254233787209
BAD 254233787231
BAD 254233787233
BAD 254091060347
BAD 254121686183
BAD 254105541611
BAD 254105541841
BAD 253955270147
BAD 254174137891
BAD 254174137901
BAD 254058317551
BAD 254058317563
BAD 254105706557
BAD 254249509583
BAD 254070801757
BAD 254234399477
BAD 254234399479
BAD 254234399483
BAD 254122261741
BAD 254023266949
BAD 254122261753
BAD 254234399513
BAD 254023266953
BAD 254122261759
BAD 254023266961
BAD 254234488121
BAD 254005889341
BAD 254071144981
BAD 253982553683
BAD 254059171889
BAD 254059171901
BAD 254059171903
BAD 254006248283
BAD 254175176963
BAD 254250682171
BAD 254006471827
BAD 254024014723
BAD 254024014729
BAD 254024014733
BAD 254175437629
BAD 254235231743
BAD 254072102191
BAD 254092803221
BAD 254007134551
BAD 253983944341
BAD 253984121891
BAD 253984121893
BAD 253984121903
BAD 254176474549
BAD 254093225209
BAD 254176474603
BAD 254025381097
BAD 254093366089
BAD 254007888419
BAD 254093569651
BAD 254252860307
BAD 254252860313
BAD 254236892999
BAD 254008260293
BAD 253984700731
BAD 254107786693
BAD 254253340073
BAD 253984893341
BAD 254253608407
BAD 254237425063
BAD 254108126417
BAD 254108126429
BAD 254108126431
BAD 254125262791
BAD 254125542331
BAD 254108395417
BAD 253959088193
BAD 253959088199
BAD 253959088211
BAD 254238107303
BAD 254254390933
BAD 254238280999
BAD 254238329809
BAD 254126139347
BAD 254074584167
BAD 254126139349
BAD 253985984173
BAD 253985984177
BAD 254074921411
BAD 254238666533
BAD 254126520649
BAD 254126520653
BAD 254255315087
BAD 254255315089
BAD 254109426017
BAD 253986897649
BAD 253986897653
BAD 254239304003
BAD 253987073731
BAD 254110173089
BAD 254255944193
BAD 253987685333
BAD 254256378683
BAD 254256591583
BAD 253988530199
BAD 253988530261
BAD 253988530357
BAD 254240536201
BAD 254257469029
BAD 254257469033
BAD 253989133049
BAD 253989133051
BAD 253990028603
BAD 254258577931
BAD 254241956263
BAD 254258648153
BAD 254242330943
BAD 254243106881
BAD 254243106883
BAD 254243106889
BAD 254243106893
BAD 254243106917
BAD 254243106919
BAD 254243505553
BAD 253991705839
BAD 254260705403
BAD 254260785721
BAD 254261091809
BAD 254261091811
BAD 254212371353
BAD 254213119333
BAD 254213242841
BAD 254213669251
BAD 254214929543
BAD 254215230167
BAD 254215230169
BAD 254215337743
BAD 254215337899
BAD 254215337903
BAD 254215337947
BAD 254215530353
BAD 254216416021
BAD 254217116437
BAD 254217116441
BAD 254217116443
BAD 254217122209
BAD 254217122213
BAD 254217122231
BAD 254217122233
BAD 254218389263
BAD 254218842833
BAD 254219562481
BAD 254219858449
BAD 254219858471
BAD 254219858479
BAD 254219858483
BAD 254219901343
BAD 254220736417
BAD 254220736423
BAD 254221517413
BAD 254221517423
BAD 254222416717
BAD 254223214879
BAD 254223214943
BAD 254223742477
BAD 254224111811
BAD 254224456567
BAD 254224466677
BAD 254225818291
BAD 254225888647
BAD 254225963309
BAD 254227761259
BAD 254261489593
BAD 254262555331
BAD 254262555377
BAD 254263812721
BAD 254266253453
BAD 254266266589
BAD 254266266593
BAD 254266266607
BAD 254268099313
BAD 254269905319
BAD 254270178377
BAD 254270562047
BAD 254270562053
BAD 254270702311
BAD 254270704033
BAD 254270962831
BAD 254271379519
BAD 254272081121
BAD 254272081123
BAD 254272287053
BAD 254272426747
BAD 254273107927
BAD 254273167787
BAD 254273167789
BAD 254273167793
BAD 254274445441
BAD 254275362373
BAD 254275362377
BAD 254276155303
BAD 254276472907
BAD 254276472917
BAD 254276512943
BAD 254277466973
BAD 254277627119
BAD 254278377449
BAD 254281782463
BAD 254281843609
BAD 254282776403
BAD 254282776411
BAD 254283984233
BAD 254284478641
BAD 254285118713
BAD 254286939733
BAD 254286939763
BAD 254287319771
BAD 254287319779
BAD 254287446323
BAD 254287446331
BAD 254287446337
BAD 254287446341
BAD 254288273527
BAD 254289530113
BAD 254290196749
BAD 254290196767
BAD 254290196779
BAD 254290870033
BAD 254290971139
BAD 254290971149
BAD 254291267611
BAD 254291276719
BAD 254291794201
BAD 254292272719
BAD 254292272723
BAD 254292428011
BAD 254294049497
BAD 254295868703
BAD 254296567051
BAD 254296934599
BAD 254297103173
BAD 254297666351
BAD 254300177179
BAD 254300356913
BAD 254300814743
BAD 254300814763
BAD 254300814773
BAD 254303019283
BAD 254303931467
BAD 254303931503
BAD 254304816769
BAD 254304816781
BAD 254309580409
BAD 254309673353
BAD 254310064453
BAD 254310075493
BAD 254310075497
BAD 254310310733
BAD 254311032973
BAD 254311032991
BAD 254311417799
BAD 254311417807
BAD 254311523803
BAD 254311523819
BAD 254313586411
BAD 254314329617
BAD 254314329637
BAD 254315025829
BAD 254315025847
BAD 254318919763
BAD 254320968019
BAD 254320968023
BAD 254321672431
BAD 254322171757
BAD 254323115393
BAD 254323721503
BAD 254323765159
BAD 254323930207
BAD 254325822467
BAD 254326123993
BAD 254326489939
BAD 254326489943
BAD 254326976161
BAD 254327040991
BAD 254327040997
BAD 254327482741
BAD 254330160481
BAD 254331041543
BAD 254331322471
BAD 254564432543
BAD 254597010139
BAD 254597080817
BAD 254597080819
BAD 254597306947
BAD 254334853273
BAD 254345363443
BAD 254567555129
BAD 254567555131
BAD 254345398061
BAD 254345398063
BAD 254345398067
BAD 254345398123
BAD 254345398127
BAD 254345398129
BAD 254345398141
BAD 254568262831
BAD 254568866291
BAD 254598621097
BAD 254346809791
BAD 254599010299
BAD 254569423973
BAD 254569584431
BAD 254569584433
BAD 254599490443
BAD 254347457257
BAD 254569966699
BAD 254569966709
BAD 254599978553
BAD 254600145889
BAD 254600145893
BAD 254600145953
BAD 254600145959
BAD 254347853329
BAD 254570528843
BAD 254337675799
BAD 254348461127
BAD 254337675803
BAD 254338255117
BAD 254338255121
BAD 254338255123
BAD 254338614331
BAD 254349541141
BAD 254339077103
BAD 254349946099
BAD 254571966113
BAD 254571999233
BAD 254350301683
BAD 254350301693
BAD 254350389919
BAD 254350686871
BAD 254572617587
BAD 254572617589
BAD 254546763851
BAD 254546763853
BAD 254546763857
BAD 254546763859
BAD 254572907627
BAD 254572907629
BAD 254600361419
BAD 254600361427
BAD 254600361439
BAD 254600542463
BAD 254547770963
BAD 254351664113
BAD 254572998217
BAD 254613967381
BAD 254549960449
BAD 254342619577
BAD 254549960453
BAD 254549960491
BAD 254351711431
BAD 254573113471
BAD 254351828411
BAD 254351828429
BAD 254351828431
BAD 254550286031
BAD 254550286033
BAD 254550286037
BAD 254352198077
BAD 254614621171
BAD 254614837223
BAD 254614837229
BAD 254352616519
BAD 254551293631
BAD 254353052357
BAD 254551469989
BAD 254551469993
BAD 254574331261
BAD 254615763223
BAD 254601998719
BAD 254601998723
BAD 254615851859
BAD 254615851891
BAD 254551938821
BAD 254552378461
BAD 254574977497
BAD 254552449847
BAD 254552631701
BAD 254344846253
BAD 254344846267
BAD 254345046523
BAD 254617542821
BAD 254553449191
BAD 254553449201
BAD 254553574843
BAD 254553574853
BAD 254618322533
BAD 254554446323
BAD 254605996261
BAD 254577985267
BAD 254620248703
BAD 254620248709
BAD 254620248721
BAD 254620405651
BAD 254555975857
BAD 254555975881
BAD 254579951467
BAD 254355027439
BAD 254355279559
BAD 254621254933
BAD 254621342161
BAD 254621385871
BAD 254557974053
BAD 254621718623
BAD 254622030673
BAD 254607445669
BAD 254357219261
BAD 254357219327
BAD 254357219329
BAD 254357271577
BAD 254607621991
BAD 254607622001
BAD 254607773333
BAD 254623084369
BAD 254608731413
BAD 254558268893
BAD 254623633349
BAD 254623633351
BAD 254623667827
BAD 254624435509
BAD 254359734203
BAD 254360003509
BAD 254610571459
BAD 254610571493
BAD 254610571507
BAD 254610718729
BAD 254560388239
BAD 254610760123
BAD 254625321607
BAD 254611104893
BAD 254611824301
BAD 254611824319
BAD 254561030137
BAD 254611986557
BAD 254626155781
BAD 254561473721
BAD 254612603863
BAD 254561473723
BAD 254626234883
BAD 254562055259
BAD 254613356243
BAD 254613472213
BAD 254613472219
BAD 254361872339
BAD 254361872341
BAD 254361872351
BAD 254361872371
BAD 254627927429
BAD 254627927431
BAD 254629076671
BAD 254629984771
BAD 254647911743
BAD 254648377549
BAD 254648377561
BAD 254648377567
BAD 254650101389
BAD 254650542467
BAD 254651639443
BAD 254651639447
BAD 254651639449
BAD 254651639659
BAD 254652625897
BAD 254653429939
BAD 254653429949
BAD 254653429951
BAD 254654197673
BAD 254362363093
BAD 254362858447
BAD 254655615283
BAD 254364822979
BAD 254364822983
BAD 254364958349
BAD 254432332747
BAD 254657017151
BAD 254657313863
BAD 254366644421
BAD 254366644423
BAD 254366774971
BAD 254366855887
BAD 254657596667
BAD 254657788403
BAD 254657788433
BAD 254433356971
BAD 254433404047
BAD 254367623459
BAD 254658250013
BAD 254463161521
BAD 254463577939
BAD 254658993997
BAD 254658994001
BAD 254435158213
BAD 254435659217
BAD 254435659223
BAD 254435659237
BAD 254435659249
BAD 254464793221
BAD 254660645431
BAD 254371722827
BAD 254436226493
BAD 254371748011
BAD 254465240143
BAD 254465240173
BAD 254436392051
BAD 254436392053
BAD 254436392057
BAD 254436392107
BAD 254465361617
BAD 254661023119
BAD 254661119899
BAD 254378896033
BAD 254661192061
BAD 254379132661
BAD 254437089409
BAD 254466100879
BAD 254466100883
BAD 254373468169
BAD 254373468203
BAD 254373798271
BAD 254373798311
BAD 254662118911
BAD 254373870287
BAD 254437660759
BAD 254437660777
BAD 254437660781
BAD 254374058101
BAD 254396418071
BAD 254380809757
BAD 254467784917
BAD 254412620089
BAD 254500217921
BAD 254438247703
BAD 254500217927
BAD 254500217929
BAD 254467940203
BAD 254412741533
BAD 254468124103
BAD 254381211949
BAD 254374709461
BAD 254381455333
BAD 254501084143
BAD 254438975123
BAD 254381653837
BAD 254375210059
BAD 254469119183
BAD 254469119197
BAD 254397638083
BAD 254375600431
BAD 254382482591
BAD 254382482593
BAD 254382482603
BAD 254439942403
BAD 254479984279
BAD 254414412053
BAD 254513331313
BAD 254398434559
BAD 254530415123
BAD 254414662849
BAD 254382978139
BAD 254414662897
BAD 254440492771
BAD 254382978229
BAD 254414662903
BAD 254382978233
BAD 254513843543
BAD 254398620913
BAD 254398661773
BAD 254530739521
BAD 254503331051
BAD 254470520989
BAD 254480848681
BAD 254530930783
BAD 254377097213
BAD 254377130873
BAD 254514470321
BAD 254514470323
BAD 254514470333
BAD 254514523079
BAD 254531323373
BAD 254383877711
BAD 254383889659
BAD 254531350771
BAD 254531350793
BAD 254531396407
BAD 254514779419
BAD 254514779423
BAD 254401118039
BAD 254447538757
BAD 254442768709
BAD 254531815339
BAD 254506309669
BAD 254471395177
BAD 254401118047
BAD 254416278733
BAD 254506309691
BAD 254482058591
BAD 254378512057
BAD 254471395193
BAD 254632488757
BAD 254506309693
BAD 254506309709
BAD 254442956839
BAD 254442956843
BAD 254482316401
BAD 254384050919
BAD 254632769593
BAD 254632769617
BAD 254401388377
BAD 254506866899
BAD 254632939313
BAD 254384415953
BAD 254507177887
BAD 254448321691
BAD 254448321697
BAD 254532636829
BAD 254482865243
BAD 254515566433
BAD 254507509313
BAD 254515884127
BAD 254449186193
BAD 254449186207
BAD 254449186217
BAD 254449186219
BAD 254444203907
BAD 254533721447
BAD 254533721459
BAD 254483679143
BAD 254444446121
BAD 254444469709
BAD 254444469739
BAD 254444476919
BAD 254385628369
BAD 254385628373
BAD 254484044293
BAD 254403038033
BAD 254450019601
BAD 254473615183
BAD 254473615189
BAD 254450380999
BAD 254403466333
BAD 254635117883
BAD 254635273703
BAD 254450981663
BAD 254450981669
BAD 254474484983
BAD 254474484991
BAD 254404054747
BAD 254635753969
BAD 254535489379
BAD 254517985703
BAD 254404054753
BAD 254419452319
BAD 254419452323
BAD 254474808593
BAD 254635864411
BAD 254474888587
BAD 254451735833
BAD 254485738879
BAD 254451888443
BAD 254452027813
BAD 254452090283
BAD 254475252931
BAD 254475379309
BAD 254510579657
BAD 254536400693
BAD 254510590729
BAD 254510703053
BAD 254452673381
BAD 254452673383
BAD 254510859613
BAD 254420254709
BAD 254510952937
BAD 254537003143
BAD 254537003153
BAD 254388444181
BAD 254388444187
BAD 254476236199
BAD 254421913919
BAD 254453647307
BAD 254520045973
BAD 254389024499
BAD 254637767641
BAD 254389024501
BAD 254453647309
BAD 254538358601
BAD 254512044503
BAD 254520045977
BAD 254520045979
BAD 254487112699
BAD 254538396019
BAD 254637838673
BAD 254422139539
BAD 254512238711
BAD 254476507097
BAD 254476507099
BAD 254520463123
BAD 254520463129
BAD 254407076663
BAD 254407195171
BAD 254539022797
BAD 254580631313
BAD 254580631321
BAD 254389511477
BAD 254389511479
BAD 254389511491
BAD 254512756723
BAD 254488123303
BAD 254512909759
BAD 254580887447
BAD 254512909793
BAD 254638733413
BAD 254454167101
BAD 254477224681
BAD 254521213801
BAD 254454323309
BAD 254638958479
BAD 254638958491
BAD 254407845743
BAD 254407845767
BAD 254407867141
BAD 254581242031
BAD 254539814003
BAD 254581295597
BAD 254581295599
BAD 254408032903
BAD 254423666771
BAD 254454655591
BAD 254477804171
BAD 254454843623
BAD 254454843631
BAD 254581969801
BAD 254408846243
BAD 254541219787
BAD 254478489217
BAD 254582876663
BAD 254582876671
BAD 254425120441
BAD 254392191293
BAD 254523421183
BAD 254542608647
BAD 254478631139
BAD 254542608653
BAD 254523421189
BAD 254490503359
BAD 254582946313
BAD 254542608667
BAD 254523421193
BAD 254523421199
BAD 254523421219
BAD 254490508403
BAD 254490508423
BAD 254490508427
BAD 254490508429
BAD 254425143149
BAD 254425143151
BAD 254542761061
BAD 254542761073
BAD 254642443151
BAD 254642488469
BAD 254642488483
BAD 254425428527
BAD 254425437293
BAD 254543035039
BAD 254543035049
BAD 254543035051
BAD 254543065169
BAD 254543065171
BAD 254425710919
BAD 254583445891
BAD 254524151957
BAD 254583547417
BAD 254583547423
BAD 254524380553
BAD 254643265483
BAD 254426053831
BAD 254543483041
BAD 254458587293
BAD 254426308687
BAD 254426308691
BAD 254426308693
BAD 254543725741
BAD 254458703713
BAD 254393858549
BAD 254393858573
BAD 254525001443
BAD 254458933139
BAD 254458933147
BAD 254458933153
BAD 254644129933
BAD 254544504233
BAD 254394554209
BAD 254394554213
BAD 254394554221
BAD 254544620971
BAD 254544620977
BAD 254644485089
BAD 254644485091
BAD 254460202657
BAD 254427649823
BAD 254587380169
BAD 254544847853
BAD 254493685393
BAD 254394810101
BAD 254544847859
BAD 254526687073
BAD 254493685399
BAD 254493685403
BAD 254427886459
BAD 254427886463
BAD 254427886553
BAD 254644796947
BAD 254494053109
BAD 254428259713
BAD 254527356661
BAD 254645322857
BAD 254645322859
BAD 254527440763
BAD 254527440821
BAD 254527440823
BAD 254527440829
BAD 254527440847
BAD 254527440863
BAD 254545763411
BAD 254545763413
BAD 254545763419
BAD 254545836607
BAD 254494642781
BAD 254461127209
BAD 254461127213
BAD 254494922221
BAD 254664203933
BAD 254664760489
BAD 254664815927
BAD 254589963413
BAD 254665516867
BAD 254667593581
BAD 254667593591
BAD 254667593597
BAD 254668260761
BAD 254593546699
BAD 254593546703
BAD 254593546709
BAD 254594172751
BAD 254669492723
BAD 254670067733
BAD 254670067739
BAD 254670067741
BAD 254670964579
BAD 254595880351
BAD 254671219111
BAD 254596299833
BAD 254596547929
BAD 254672497459
BAD 254672574049
BAD 254674403351
BAD 254675490263
BAD 254675490271
BAD 254675543957
BAD 254675543959
BAD 254675786951
BAD 254676373729
BAD 254676373733
BAD 254676557633
BAD 254677150927
BAD 254677268999
BAD 254678240549
BAD 254680444817
BAD 254680444819
BAD 254698855429
BAD 254699292079
BAD 254700311951
BAD 254700311953
BAD 254700311993
BAD 254700425341
BAD 254700425347
BAD 254701433689
BAD 254702281891
BAD 254702883241
BAD 254703001771
BAD 254703034153
BAD 254705196173
BAD 254705196233
BAD 254707223527
BAD 254707635157
BAD 254707635163
BAD 254708805661
BAD 254709281389
BAD 254710118833
BAD 254710118909
BAD 254710118911
BAD 254710708277
BAD 254710708279
BAD 254711032801
BAD 254711858221
BAD 254712416779
BAD 254712416789
BAD 254712853069
BAD 254713623029
BAD 254682017827
BAD 254682017831
BAD 254682017833
BAD 254683361843
BAD 254683968139
BAD 254684068033
BAD 254684791411
BAD 254685374527
BAD 254685374569
BAD 254685409423
BAD 254685934567
BAD 254686472923
BAD 254686519883
BAD 254686519891
BAD 254687664331
BAD 254689251709
BAD 254689850801
BAD 254689850803
BAD 254691640507
BAD 254691640513
BAD 254691809863
BAD 254692293283
BAD 254692748257
BAD 254695041863
BAD 254695169647
BAD 254695169657
BAD 254696926349
BAD 254696956561
BAD 254697519113
BAD 254714580683
BAD 254714580689
BAD 254714748811
BAD 254715070243
BAD 254715648137
BAD 254717325721
BAD 254717325727
BAD 254719453007
BAD 254720098823
BAD 254720169271
BAD 254720237251
BAD 254720461547
BAD 254720461549
BAD 254720461553
BAD 254720461559
BAD 254720461561
BAD 254721365599
BAD 254722093177
BAD 254722835377
BAD 254723918653
BAD 254723918663
BAD 254724682801
BAD 254724933587
BAD 254724933601
BAD 254725194263
BAD 254726759401
BAD 254726761657
BAD 254726804947
BAD 254727024913
BAD 254727406403
BAD 254727406643
BAD 254727406673
BAD 254728052783
BAD 254816337203
BAD 254816653171
BAD 254816653177
BAD 254816653187
BAD 254817331471
BAD 254732037829
BAD 254732298809
BAD 254732298811
BAD 254732910589
BAD 254819194607
BAD 254733276781
BAD 254733948023
BAD 254820512357
BAD 254734152209
BAD 254734336741
BAD 254734337653
BAD 254735686043
BAD 254735686067
BAD 254765931661
BAD 254735686069
BAD 254737082087
BAD 254737082101
BAD 254767890809
BAD 254767890833
BAD 254768039527
BAD 254737790851
BAD 254738307683
BAD 254738307689
BAD 254738366653
BAD 254738621029
BAD 254822892421
BAD 254823262283
BAD 254823273587
BAD 254823604951
BAD 254771251411
BAD 254771373433
BAD 254771824669
BAD 254771824673
BAD 254826338587
BAD 254827035647
BAD 254827035649
BAD 254827426069
BAD 254773607093
BAD 254739349009
BAD 254773908847
BAD 254739861899
BAD 254774602657
BAD 254740265497
BAD 254775371203
BAD 254775371209
BAD 254740705433
BAD 254740705463
BAD 254775935263
BAD 254775967097
BAD 254775967111
BAD 254776062433
BAD 254776062439
BAD 254776062481
BAD 254740989799
BAD 254776822081
BAD 254777596481
BAD 254777596483
BAD 254777596657
BAD 254742063319
BAD 254742365431
BAD 254778492721
BAD 254779140439
BAD 254779140443
BAD 254779140787
BAD 254779140793
BAD 254779140817
BAD 254779140821
BAD 254779140823
BAD 254779140829
BAD 254743349779
BAD 254743349983
BAD 254779557349
BAD 254779557359
BAD 254832239131
BAD 254827559213
BAD 254828050759
BAD 254828076541
BAD 254780122043
BAD 254828287957
BAD 254828287991
BAD 254828287993
BAD 254743625497
BAD 254743767119
BAD 254743767121
BAD 254832986209
BAD 254833645279
BAD 254744927329
BAD 254835157501
BAD 254835339259
BAD 254835784657
BAD 254745829951
BAD 254746672813
BAD 254836665553
BAD 254837515393
BAD 254837612137
BAD 254837914781
BAD 254838292867
BAD 254838422273
BAD 254838422281
BAD 254838547307
BAD 254838547309
BAD 254838547319
BAD 254838619433
BAD 254839535123
BAD 254839535149
BAD 254840235109
BAD 254840314237
BAD 254840314241
BAD 255067175639
BAD 255067175641
BAD 255068183543
BAD 255069686189
BAD 255069686191
BAD 255069686197
BAD 255069686203
BAD 255069705431
BAD 255069705433
BAD 255070225457
BAD 255070225463
BAD 255070225517
BAD 255070225733
BAD 255071853571
BAD 255071853601
BAD 255005039999
BAD 255005040001
BAD 255005040013
BAD 254841846341
BAD 254842167851
BAD 254842167857
BAD 254842167859
BAD 254842200919
BAD 255005982817
BAD 255006430909
BAD 255074611843
BAD 255075106217
BAD 255075106219
BAD 255075812011
BAD 255007470511
BAD 255007470517
BAD 255077551511
BAD 255077746213
BAD 255077884891
BAD 255077884951
BAD 255008493853
BAD 255008622313
BAD 255008622331
BAD 255008853739
BAD 254798494607
BAD 254798494609
BAD 254798496457
BAD 254798496461
BAD 255009606857
BAD 254798673589
BAD 254798673593
BAD 255079476881
BAD 255079476889
BAD 255079476893
BAD 255079576417
BAD 255079758863
BAD 255079954523
BAD 254799377641
BAD 255010334933
BAD 255010339531
BAD 254799706813
BAD 254842681039
BAD 254842681043
BAD 254842794691
BAD 254842794697
BAD 255080455571
BAD 255080455573
BAD 254844253913
BAD 254844253933
BAD 254844656623
BAD 254844656629
BAD 254801243273
BAD 254801243297
BAD 254844998701
BAD 254801813939
BAD 254801813941
BAD 254801813947
BAD 255010339537
BAD 254802380033
BAD 255010773403
BAD 255011386711
BAD 255011386739
BAD 255011386741
BAD 254803194697
BAD 255011728943
BAD 255012171941
BAD 255012171943
BAD 255013320451
BAD 255013320473
BAD 255013419853
BAD 255013597381
BAD 254951845691
BAD 255013703083
BAD 254952277871
BAD 254952277873
BAD 254805437617
BAD 254966582551
BAD 255014244983
BAD 254966767501
BAD 254953251353
BAD 254915930851
BAD 254915930873
BAD 254915930881
BAD 254915930887
BAD 254967082687
BAD 254967082697
BAD 254967082703
BAD 254916192931
BAD 254953613051
BAD 254953618103
BAD 254916260789
BAD 254916260791
BAD 254953680691
BAD 254916429659
BAD 254954404981
BAD 254954404993
BAD 254968724239
BAD 254807675737
BAD 254848201043
BAD 254848201051
BAD 254848201057
BAD 254848201061
BAD 254848201063
BAD 254807975663
BAD 254848319533
BAD 254955120803
BAD 254969739931
BAD 254808458813
BAD 254808554321
BAD 254808554323
BAD 254808638527
BAD 254808638537
BAD 254808649169
BAD 254808649171
BAD 254970536299
BAD 254809161181
BAD 254918954663
BAD 254918954687
BAD 254809686233
BAD 254956492639
BAD 254971554451
BAD 254972176531
BAD 254972176549
BAD 254920386349
BAD 254920386353
BAD 254920387727
BAD 254957843323
BAD 254957961353
BAD 254920592461
BAD 254920625873
BAD 254973499877
BAD 254958463021
BAD 254973499883
BAD 254973621839
BAD 254973621841
BAD 254973621863
BAD 254921597113
BAD 254812362559
BAD 254974069513
BAD 254974114699
BAD 254974114753
BAD 254922037243
BAD 254812836913
BAD 254812897177
BAD 254747982959
BAD 254747982989
BAD 254747982991
BAD 254932583209
BAD 254974690079
BAD 254974690081
BAD 254959687531
BAD 254959687547
BAD 254813209943
BAD 254813209949
BAD 254922545809
BAD 254960051263
BAD 254960051267
BAD 254923330943
BAD 254814223127
BAD 254923755907
BAD 254923755941
BAD 254814360067
BAD 254935103287
BAD 254749330249
BAD 254923755943
BAD 254963510653
BAD 254963510677
BAD 254935388159
BAD 254935388161
BAD 254975325181
BAD 254964765073
BAD 254750427739
BAD 254750430281
BAD 254925370129
BAD 254751156307
BAD 254936990981
BAD 254936990983
BAD 254926289941
BAD 254751882043
BAD 254926430267
BAD 254975833061
BAD 254975833067
BAD 254975833069
BAD 254752158317
BAD 254752158319
BAD 254938004371
BAD 254938004389
BAD 254938004393
BAD 254752466543
BAD 254752466557
BAD 254752466561
BAD 254938170211
BAD 254927312881
BAD 254938288321
BAD 254938288327
BAD 254938288337
BAD 254927703293
BAD 254928253513
BAD 254753546287
BAD 254754040993
BAD 254977905841
BAD 254754292657
BAD 254754292703
BAD 254754292717
BAD 254754292721
BAD 254754292729
BAD 254754292733
BAD 254978010691
BAD 254978010743
BAD 254929146113
BAD 254940576749
BAD 254754910159
BAD 254784444853
BAD 254941295093
BAD 254851060403
BAD 254784718193
BAD 254929940989
BAD 254755426621
BAD 254979526261
BAD 254930573371
BAD 254930835967
BAD 254941939741
BAD 254979968171
BAD 254979998969
BAD 254979998971
BAD 254980346479
BAD 254756957209
BAD 255050618467
BAD 254931771517
BAD 254852825863
BAD 254757588193
BAD 254757826669
BAD 254757829943
BAD 254757829981
BAD 254757829987
BAD 254853086569
BAD 254786076341
BAD 254786076343
BAD 254987388109
BAD 254987388113
BAD 254981579243
BAD 254853456133
BAD 254758782151
BAD 254758782181
BAD 255052513193
BAD 255052531883
BAD 254759212651
BAD 254759212657
BAD 254854307047
BAD 254854307051
BAD 254854307053
BAD 255053367167
BAD 254944713211
BAD 254944713223
BAD 254944713241
BAD 254855262463
BAD 254855262517
BAD 254855262521
BAD 254788616227
BAD 254855486839
BAD 254855552957
BAD 254989619821
BAD 254945099207
BAD 254945099209
BAD 254945099377
BAD 254855865751
BAD 255055161061
BAD 254761840471
BAD 254856410849
BAD 255055531573
BAD 255055531589
BAD 255055952663
BAD 254857134463
BAD 254946119273
BAD 254857862131
BAD 254763396169
BAD 255057128251
BAD 254991471677
BAD 254858306123
BAD 254858332979
BAD 255057388441
BAD 254882179267
BAD 254764184971
BAD 254947002097
BAD 254859733099
BAD 254947162387
BAD 255057815297
BAD 255057815303
BAD 254993441783
BAD 255058161823
BAD 255058241491
BAD 254860630433
BAD 254860630441
BAD 254865566797
BAD 254901403321
BAD 254901403331
BAD 254901403333
BAD 255058609459
BAD 255058915801
BAD 254948544143
BAD 254901824263
BAD 254866037971
BAD 254901867293
BAD 254866037983
BAD 254901867299
BAD 254901867301
BAD 254793958891
BAD 254793958931
BAD 254793958933
BAD 254948746849
BAD 255059373353
BAD 254994763511
BAD 254861576077
BAD 254861576083
BAD 255059864629
BAD 255059864641
BAD 254794887419
BAD 254995309027
BAD 254995496281
BAD 254903155589
BAD 254795317223
BAD 254795317243
BAD 254903385733
BAD 255034590331
BAD 254862895081
BAD 254903648317
BAD 255061528619
BAD 254996430869
BAD 255035171803
BAD 254868422449
BAD 254868422453
BAD 254903994271
BAD 254903994277
BAD 254868458941
BAD 254996812129
BAD 254797021909
BAD 254797021931
BAD 254904431479
BAD 254886067087
BAD 254904521173
BAD 254904521177
BAD 254868993653
BAD 254886746341
BAD 255062903131
BAD 254904838333
BAD 254904838343
BAD 254864599579
BAD 255037379581
BAD 254864617879
BAD 255037412029
BAD 254864671153
BAD 255063634457
BAD 255063634459
BAD 255063634481
BAD 255063634493
BAD 254998855093
BAD 254865036011
BAD 254887627667
BAD 254887627669
BAD 254869696283
BAD 254906144791
BAD 254906144807
BAD 254906144809
BAD 254906144813
BAD 254906144821
BAD 254888523301
BAD 255065688769
BAD 255065688781
BAD 255065994793
BAD 255065994797
BAD 254889501431
BAD 254871114713
BAD 254890295609
BAD 254871471593
BAD 254871471607
BAD 255040632419
BAD 255040632421
BAD 254890962481
BAD 254891503201
BAD 254891503219
BAD 254891664691
BAD 254891664697
BAD 254908987369
BAD 254872353653
BAD 254872353661
BAD 254909109293
BAD 254892897449
BAD 255042601621
BAD 254892897451
BAD 254894470223
BAD 254894607859
BAD 254874449461
BAD 254895728251
BAD 255045499069
BAD 255045499073
BAD 254913014183
BAD 254913071573
BAD 254913108143
BAD 254876158409
BAD 254913869323
BAD 255046570969
BAD 254876604239
BAD 254914224589
BAD 254914224601
BAD 254914596773
BAD 255047310319
BAD 254877044963
BAD 254914740739
BAD 254914824289
BAD 254877368413
BAD 254915417699
BAD 254915417723
BAD 254877712321
BAD 255047855779
BAD 254898125773
BAD 254898125791
BAD 254878688003
BAD 254878688011
BAD 254878724231
BAD 254878724237
BAD 254878724239
BAD 254879152397
BAD 254879152399
BAD 254879152403
BAD 254879488763
BAD 255049851211
BAD 254879774189
BAD 254879774197
BAD 254879774209
BAD 254880726277
BAD 255016645253
BAD 255016645259
BAD 254881083659
BAD 254881083661
BAD 254881418689
BAD 254881418713
BAD 255017151469
BAD 255017151481
BAD 255017590921
BAD 255018331391
BAD 255020908943
BAD 255022462699
BAD 255022487791
BAD 255022576747
BAD 255022576751
BAD 255022576759
BAD 255022576763
BAD 255022576769
BAD 255022576771
BAD 255022671247
BAD 255022838281
BAD 255023946193
BAD 255023977961
BAD 255023977963
BAD 255023978003
BAD 255024802733
BAD 255025048813
BAD 255026403001
BAD 255026403031
BAD 255027543193
BAD 255027653761
BAD 255028798579
BAD 255029340877
BAD 255029656129
BAD 255030229613
BAD 255031226731
BAD 255032844049
BAD 255033040057
BAD 255033040063
BAD 255084545231
BAD 255086299739
BAD 255086322901
BAD 255088038811
BAD 255088038817
BAD 255088038823
BAD 255088583377
BAD 255088583381
BAD 255090118489
BAD 255090248009
BAD 255090248011
BAD 255090248141
BAD 255090248143
BAD 255090941563
BAD 255091155443
BAD 255091913851
BAD 255093813313
BAD 255093888479
BAD 255093888481
BAD 255093888487
BAD 255100551553
BAD 255100551557
BAD 255094886383
BAD 255101726359
BAD 255095956537
BAD 255096131701
BAD 255096131713
BAD 255096131723
BAD 255096131729
BAD 255096217301
BAD 255096217303
BAD 255096529427
BAD 255096529433
BAD 255096529483
BAD 255106099879
BAD 255106099883
BAD 255106099889
BAD 255106099891
BAD 255108402103
BAD 255110954207
BAD 255110954209
BAD 255111835883
BAD 255112942823
BAD 255114152453
BAD 255115196657
BAD 255115706213
BAD 255115806733
BAD 255116729687
BAD 255116729689
BAD 255117071137
BAD 255117117601
BAD 255120050903
BAD 255120050917
BAD 255120050929
BAD 255120959969
BAD 255120959971
BAD 255122047003
BAD 255122481631
BAD 255122842003
BAD 255123625963
BAD 255124511101
BAD 255124698799
BAD 255125741203
BAD 255125741207
BAD 255125741209
BAD 255126020843
BAD 255128343493
BAD 255128343497
BAD 255128343499
BAD 255129674561
BAD 255129674563
BAD 255130366261
BAD 255131132701
BAD 255131845789
BAD 255167495663
BAD 255168041677
BAD 255169494739
BAD 255170960873
BAD 255170960881
BAD 255171273443
BAD 255171273449
BAD 255171273451
BAD 255171387203
BAD 255172041307
BAD 255174842459
BAD 255175439419
BAD 255175439423
BAD 255176361241
BAD 255135829189
BAD 255135858253
BAD 255136294981
BAD 255136303553
BAD 255138243557
BAD 255139050643
BAD 255139074833
BAD 255139760299
BAD 255177765421
BAD 255178303433
BAD 255178303439
BAD 255178303441
BAD 255178452157
BAD 255178966219
BAD 255178966223
BAD 255179097559
BAD 255179596831
BAD 255144014317
BAD 255144014329
BAD 255180439447
BAD 255180439453
BAD 255180741031
BAD 255180741037
BAD 255181551997
BAD 255146468119
BAD 255148105073
BAD 255148105087
BAD 255148105097
BAD 255148105099
BAD 255148105111
BAD 255148135289
BAD 255148135321
BAD 255148245889
BAD 255148825873
BAD 255148983041
BAD 255148983043
BAD 255150177629
BAD 255150177631
BAD 255150177637
BAD 255150439399
BAD 255150439403
BAD 255182977043
BAD 255182977051
BAD 255183606289
BAD 255183913993
BAD 255183913997
BAD 255183914003
BAD 255184217363
BAD 255184217371
BAD 255185505439
BAD 255187296671
BAD 255187296673
BAD 255187424153
BAD 255188413693
BAD 255188637541
BAD 255188647733
BAD 255188647739
BAD 255188647741
BAD 255190118039
BAD 255190118041
BAD 255190296481
BAD 255191962037
BAD 255191983699
BAD 255151383611
BAD 255251910601
BAD 255193601023
BAD 255193601027
BAD 255193601029
BAD 255194314511
BAD 255153237533
BAD 255153237553
BAD 255153597011
BAD 255154511569
BAD 255256912763
BAD 255256912793
BAD 255257312003
BAD 255258304501
BAD 255258304507
BAD 255284935463
BAD 255284935469
BAD 255284935471
BAD 255285094993
BAD 255259402127
BAD 255259402129
BAD 255194976271
BAD 255286403311
BAD 255260576449
BAD 255260772667
BAD 255261166343
BAD 255160008703
BAD 255287097631
BAD 255261758819
BAD 255261758821
BAD 255287202017
BAD 255287202019
BAD 255196102373
BAD 255261978089
BAD 255261978091
BAD 255196308259
BAD 255196308403
BAD 255287438521
BAD 255262293919
BAD 255262294013
BAD 255287813093
BAD 255262673933
BAD 255161111423
BAD 255197301019
BAD 255197718833
BAD 255161755021
BAD 255289534169
BAD 255198871547
BAD 255198871549
BAD 255290338763
BAD 255265987261
BAD 255265987289
BAD 255164078489
BAD 255290973283
BAD 255353000689
BAD 255164662373
BAD 255164662381
BAD 255353363669
BAD 255291670253
BAD 255291670259
BAD 255291670261
BAD 255291912793
BAD 255354358339
BAD 255354358351
BAD 255292763087
BAD 255292763149
BAD 255292763153
BAD 255166547569
BAD 255293401061
BAD 255293401063
BAD 255293401073
BAD 255293799931
BAD 255294103223
BAD 255294779791
BAD 255357499231
BAD 255357499237
BAD 255295361491
BAD 255358355803
BAD 255295790707
BAD 255266871289
BAD 255266970529
BAD 255359584231
BAD 255267819061
BAD 255267824347
BAD 255361866307
BAD 255362463563
BAD 255362814953
BAD 255362829223
BAD 255362829259
BAD 255362829263
BAD 255362829301
BAD 255363095657
BAD 255363386573
BAD 255363386581
BAD 255363553129
BAD 255299562173
BAD 255299775193
BAD 255299775197
BAD 255299938501
BAD 255365130593
BAD 255365130599
BAD 255365130623
BAD 255365707679
BAD 255365782291
BAD 255366210713
BAD 255366210733
BAD 255366615043
BAD 255367438903
BAD 255367696201
BAD 255368466953
BAD 255435938321
BAD 255435938323
BAD 255435951007
BAD 255435951011
BAD 255435951013
BAD 255435951019
BAD 255436253231
BAD 255437198209
BAD 255437450803
BAD 255437652203
BAD 255437652209
BAD 255438376363
BAD 255387600991
BAD 255440267063
BAD 255440992577
BAD 255440992579
BAD 255201379441
BAD 255389306191
BAD 255201943223
BAD 255201943231
BAD 255389885953
BAD 255389885963
BAD 255219851657
BAD 255220164239
BAD 255220164247
BAD 255452679259
BAD 255452679263
BAD 255203318959
BAD 255220661723
BAD 255320597473
BAD 255453308839
BAD 255453308843
BAD 255320696731
BAD 255454501837
BAD 255368979319
BAD 255269426389
BAD 255443135977
BAD 255335361377
BAD 255269426393
BAD 255221501477
BAD 255320696737
BAD 255204755809
BAD 255335361383
BAD 255393385043
BAD 255204755831
BAD 255335361409
BAD 255393550897
BAD 255454758451
BAD 255221934211
BAD 255454927267
BAD 255454963999
BAD 255454964003
BAD 255205571333
BAD 255205571339
BAD 255236150833
BAD 255236256487
BAD 255236256491
BAD 255236256493
BAD 255321755809
BAD 255321755813
BAD 255270205579
BAD 255270205583
BAD 255394234679
BAD 255444243631
BAD 255322319393
BAD 255455963183
BAD 255444436747
BAD 255336498301
BAD 255456418859
BAD 255456453547
BAD 255456568403
BAD 255371762983
BAD 255271138459
BAD 255419256163
BAD 255271311443
BAD 255207667261
BAD 255445349759
BAD 255207884881
BAD 255207884887
BAD 255224414287
BAD 255224449483
BAD 255224449489
BAD 255372439297
BAD 255208021069
BAD 255208021073
BAD 255419894839
BAD 255208253411
BAD 255208253413
BAD 255208253513
BAD 255208274833
BAD 255395104711
BAD 255420213131
BAD 255420213133
BAD 255420213137
BAD 255404105969
BAD 255240898153
BAD 255208970173
BAD 255446344591
BAD 255324671353
BAD 255375261157
BAD 255273000473
BAD 255338321957
BAD 255324671359
BAD 255273000481
BAD 255324671363
BAD 255273000487
BAD 255338321963
BAD 255338322053
BAD 255457355521
BAD 255457355551
BAD 255209007973
BAD 255209007983
BAD 255241027541
BAD 255457447417
BAD 255457447423
BAD 255457447439
BAD 255397915249
BAD 255241406933
BAD 255398273461
BAD 255338877593
BAD 255338877601
BAD 255273893977
BAD 255241787167
BAD 255241787183
BAD 255278533067
BAD 255376385717
BAD 255210036293
BAD 255224925661
BAD 255327858769
BAD 255241787189
BAD 255421467683
BAD 255401598377
BAD 255448135711
BAD 255241787191
BAD 255458286179
BAD 255339331673
BAD 255458286203
BAD 255401598379
BAD 255278559083
BAD 255278559089
BAD 255406282589
BAD 255210067313
BAD 255406282591
BAD 255376454573
BAD 255210117053
BAD 255421863581
BAD 255421863583
BAD 255279033649
BAD 255458837033
BAD 255339510401
BAD 255339510409
BAD 255448789901
BAD 255448789903
BAD 255225629489
BAD 255339618839
BAD 255377107969
BAD 255469997753
BAD 255210909077
BAD 255406828321
BAD 255339618841
BAD 255469997771
BAD 255469997779
BAD 255242734001
BAD 255242734003
BAD 255459520783
BAD 255470534093
BAD 255211555673
BAD 255329542861
BAD 255377947739
BAD 255377956531
BAD 255243425903
BAD 255378162679
BAD 255378215489
BAD 255378215513
BAD 255423685639
BAD 255450483781
BAD 255407984341
BAD 255330257263
BAD 255450693781
BAD 255424071601
BAD 255340824803
BAD 255340824811
BAD 255460886209
BAD 255379214659
BAD 255244720021
BAD 255408993737
BAD 255244720033
BAD 255342476639
BAD 255228383807
BAD 255463646303
BAD 255212997469
BAD 255424861981
BAD 255244720043
BAD 255228383833
BAD 255471469103
BAD 255281736727
BAD 255408993739
BAD 255451337747
BAD 255408993743
BAD 255331450027
BAD 255213023189
BAD 255471529321
BAD 255342537137
BAD 255342537139
BAD 255331518811
BAD 255331518821
BAD 255331518823
BAD 255213161117
BAD 255425142047
BAD 255379537513
BAD 255282334381
BAD 255472085131
BAD 255228998831
BAD 255228998833
BAD 255245393243
BAD 255343269617
BAD 255343269619
BAD 255343269637
BAD 255229013629
BAD 255229013653
BAD 255229013693
BAD 255452336549
BAD 255452336551
BAD 255464386873
BAD 255380356183
BAD 255343566901
BAD 255343566943
BAD 255214261123
BAD 255464867299
BAD 255464867341
BAD 255229629563
BAD 255229749233
BAD 255229749239
BAD 255229749241
BAD 255229749251
BAD 255229749253
BAD 255229749263
BAD 255229749277
BAD 255283571731
BAD 255381146569
BAD 255283637551
BAD 255283637569
BAD 255283637573
BAD 255332788693
BAD 255411153331
BAD 255215630899
BAD 255381787163
BAD 255465659467
BAD 255230264833
BAD 255246908461
BAD 255381787169
BAD 255230264843
BAD 255344130599
BAD 255426610301
BAD 255473366189
BAD 255426610303
BAD 255332788699
BAD 255332788703
BAD 255473366191
BAD 255411247913
BAD 255230373007
BAD 255230373011
BAD 255332973703
BAD 255411338701
BAD 255247187761
BAD 255333064339
BAD 255333064387
BAD 255344430799
BAD 255473598661
BAD 255473598707
BAD 255247310011
BAD 255382275823
BAD 255382275829
BAD 255382275833
BAD 255333439399
BAD 255216493619
BAD 255247729603
BAD 255216493621
BAD 255382275839
BAD 255411952591
BAD 255333733493
BAD 255333761653
BAD 255333768737
BAD 255333768743
BAD 255333768763
BAD 255333768799
BAD 255333782491
BAD 255427872319
BAD 255412361573
BAD 255412361629
BAD 255412361641
BAD 255428016353
BAD 255412443563
BAD 255412443569
BAD 255412443623
BAD 255383151631
BAD 255383151799
BAD 255217326323
BAD 255428459467
BAD 255428459479
BAD 255346029031
BAD 255346029041
BAD 255231658219
BAD 255231658223
BAD 255334847359
BAD 255217692287
BAD 255468202387
BAD 255383712041
BAD 255468202391
BAD 255468202393
BAD 255383712053
BAD 255413373991
BAD 255413374003
BAD 255429273587
BAD 255384109381
BAD 255384109391
BAD 255232029859
BAD 255232029863
BAD 255232029869
BAD 255413661163
BAD 255384430823
BAD 255384430831
BAD 255232369219
BAD 255385001761
BAD 255250431563
BAD 255232460993
BAD 255430382957
BAD 255430382959
BAD 255430478671
BAD 255348337009
BAD 255348547793
BAD 255415061437
BAD 255476511623
BAD 255349287013
BAD 255415423583
BAD 255476832367
BAD 255415779589
BAD 255415779811
BAD 255416499619
BAD 255416635081
BAD 255416635087
BAD 255416970437
BAD 255416970439
BAD 255433935209
BAD 255434501689
BAD 255434915303
BAD 255418628341
BAD 255435238909
BAD 255435238921
BAD 255435414193
BAD 255479089303
BAD 255479089409
BAD 255482214067
BAD 255483839753
BAD 255484474151
BAD 255484474153
BAD 255484474159
BAD 255484796431
BAD 255302460667
BAD 255302561747
BAD 255303969083
BAD 255304561243
BAD 255304822523
BAD 255305763347
BAD 255306127319
BAD 255306151717
BAD 255307282843
BAD 255307441681
BAD 255307774387
BAD 255307991359
BAD 255308077103
BAD 255308861903
BAD 255308861917
BAD 255311421439
BAD 255311421461
BAD 255314596921
BAD 255315969203
BAD 255316198873
BAD 255316199063
BAD 255316199069
BAD 255316553431
BAD 255316553483
BAD 255318118291
BAD 255318230833
BAD 255503552221
BAD 255503552243
BAD 255503552303
BAD 255505231357
BAD 255505932973
BAD 255506541683
BAD 255508553821
BAD 255509513111
BAD 255509513113
BAD 255511403033
BAD 255512429101
BAD 255513285593
BAD 255514910683
BAD 255515205811
BAD 255518245139
BAD 255518245141
BAD 255519370237
BAD 255486333503
BAD 255486688889
BAD 255487679179
BAD 255488079089
BAD 255491894137
BAD 255491894453
BAD 255493238293
BAD 255495004783
BAD 255495004789
BAD 255497108063
BAD 255497108071
BAD 255497690213
BAD 255498862921
BAD 255499960501
BAD 255499960511
BAD 255500698997
BAD 255502381283
BAD 255502488931
BAD 255502711393
BAD 255520131599
BAD 255523623631
BAD 255523702859
BAD 255523833893
BAD 255525055663
BAD 255554023009
BAD 255525225229
BAD 255525495331
BAD 255555010999
BAD 255555341903
BAD 255526092467
BAD 255526092469
BAD 255526092473
BAD 255556320469
BAD 255556370317
BAD 255527383847
BAD 255527383849
BAD 255527573167
BAD 255527573173
BAD 255556809979
BAD 255556809983
BAD 255557600047
BAD 255557731283
BAD 255557786293
BAD 255558865853
BAD 255559296547
BAD 255559958267
BAD 255559958273
BAD 255528518261
BAD 255528518263
BAD 255529540547
BAD 255530223961
BAD 255530712763
BAD 255564792361
BAD 255564792367
BAD 255565031863
BAD 255565031867
BAD 255565031879
BAD 255565031881
BAD 255536647843
BAD 255536647853
BAD 255536831177
BAD 255565823659
BAD 255538354069
BAD 255567635809
BAD 255539110867
BAD 255539110913
BAD 255539351581
BAD 255568441169
BAD 255539693863
BAD 255539693867
BAD 255539693869
BAD 255530901739
BAD 255540432319
BAD 255540537047
BAD 255531451211
BAD 255531451213
BAD 255532048697
BAD 255532048727
BAD 255532048729
BAD 255532121993
BAD 255543140179
BAD 255533602481
BAD 255533602483
BAD 255544098349
BAD 255569672311
BAD 255569672381
BAD 255569672383
BAD 255569672387
BAD 255569760073
BAD 255544187057
BAD 255544377863
BAD 255535783381
BAD 255544533617
BAD 255544937009
BAD 255546446767
BAD 255546446783
BAD 255546446843
BAD 255546446849
BAD 255547269847
BAD 255547575937
BAD 255548087869
BAD 255548558663
BAD 255548771209
BAD 255548774191
BAD 255549804079
BAD 255550136453
BAD 255551853653
BAD 255551853691
BAD 255552221641
BAD 255552897037
BAD 255552897043
BAD 255552903811
BAD 255552903817
BAD 255552974101
BAD 255570065951
BAD 255570946489
BAD 255572441087
BAD 255572913919
BAD 255573496553
BAD 255573653669
BAD 255574128547
BAD 255574128553
BAD 255575447207
BAD 255575447209
BAD 255576186673
BAD 255577159633
BAD 255577199359
BAD 255577199363
BAD 255578750863
BAD 255578750957
BAD 255580058707
BAD 255580529887
BAD 255581095117
BAD 255581095129
BAD 255581384573
BAD 255582033283
BAD 255582415111
BAD 255583871723
BAD 255584177729
BAD 255585091529
BAD 255603750491
BAD 255603951797
BAD 255603951803
BAD 255605347099
BAD 255606329119
BAD 255607072033
BAD 255608469241
BAD 255608469247
BAD 255609156169
BAD 255610382281
BAD 255611567461
BAD 255611567473
BAD 255612507869
BAD 255612893761
BAD 255612893839
BAD 255612904559
BAD 255612904583
BAD 255616374973
BAD 255616374977
BAD 255617010703
BAD 255617287687
BAD 255617518801
BAD 255617915521
BAD 255618198559
BAD 255618393571
BAD 255587976043
BAD 255588743659
BAD 255588810481
BAD 255590351087
BAD 255590351089
BAD 255590493259
BAD 255590529203
BAD 255590529251
BAD 255591670307
BAD 255591670309
BAD 255592247929
BAD 255592423951
BAD 255593827087
BAD 255593887597
BAD 255596063003
BAD 255596238769
BAD 255596493631
BAD 255596657023
BAD 255596657053
BAD 255597033301
BAD 255771620749
BAD 255653957653
BAD 255653957659
BAD 255772784203
BAD 255772784207
BAD 255772784209
BAD 255773542711
BAD 255773542729
BAD 255773542741
BAD 255773550259
BAD 255655674367
BAD 255774011917
BAD 255774183059
BAD 255656850023
BAD 255656850047
BAD 255656850049
BAD 255656899429
BAD 255774306947
BAD 255774306979
BAD 255774456803
BAD 255598017589
BAD 255598017593
BAD 255774654143
BAD 255775577809
BAD 255599119609
BAD 255599147449
BAD 255599196577
BAD 255599196583
BAD 255775819399
BAD 255599819243
BAD 255600062041
BAD 255777290603
BAD 255777892847
BAD 255777892849
BAD 255778221737
BAD 255778533541
BAD 255779250091
BAD 255602792789
BAD 255602792791
BAD 255602808677
BAD 255602984641
BAD 255779360537
BAD 255779360539
BAD 255603032239
BAD 255603062069
BAD 255603384667
BAD 255603384679
BAD 255603384683
BAD 255780020149
BAD 255780292199
BAD 255657188707
BAD 255657188753
BAD 255657188767
BAD 255780430699
BAD 255780529309
BAD 255658845361
BAD 255659166811
BAD 255659457343
BAD 255781889821
BAD 255660965953
BAD 255782859481
BAD 255661377641
BAD 255661419661
BAD 255783014959
BAD 255663203491
BAD 255666338869
BAD 255666338927
BAD 255666576521
BAD 255622026811
BAD 255622026817
BAD 255622026833
BAD 255622434211
BAD 255667775239
BAD 255783556591
BAD 255783723893
BAD 255784305857
BAD 255669058261
BAD 255784698787
BAD 255669411743
BAD 255669411773
BAD 255784726891
BAD 255785327191
BAD 255670324421
BAD 255670324423
BAD 255786026389
BAD 255786026393
BAD 255786333053
BAD 255786333073
BAD 255786670297
BAD 255786670313
BAD 255629517331
BAD 255787454971
BAD 255630272959
BAD 255787748399
BAD 255787776427
BAD 255630886969
BAD 255631113743
BAD 255632853277
BAD 255632853283
BAD 255632884909
BAD 255633028003
BAD 255634027081
BAD 255635280247
BAD 255635644921
BAD 255822732497
BAD 255822732499
BAD 255638682083
BAD 255823340449
BAD 255823340453
BAD 255823590263
BAD 255639502933
BAD 255823590271
BAD 255872861329
BAD 255872861333
BAD 255640649749
BAD 255640649753
BAD 255640649773
BAD 255874334413
BAD 255874334423
BAD 255826308217
BAD 255876182641
BAD 255826607461
BAD 255826607497
BAD 255826607501
BAD 255826607503
BAD 255642599453
BAD 255642599461
BAD 255642929957
BAD 255642930041
BAD 255642930043
BAD 255827149579
BAD 255827149583
BAD 255643501891
BAD 255827287921
BAD 255643501903
BAD 255877546559
BAD 255827556409
BAD 255827963929
BAD 255827963933
BAD 255827963947
BAD 255878331983
BAD 255828000529
BAD 255878696891
BAD 255878696893
BAD 255878696897
BAD 255828366979
BAD 255644347261
BAD 255879711727
BAD 255879734777
BAD 255879734791
BAD 255841004483
BAD 255841008061
BAD 255841008133
BAD 255841008197
BAD 255841008271
BAD 255841008287
BAD 255841008289
BAD 255880065713
BAD 255830555611
BAD 255830555623
BAD 255842219209
BAD 255880997507
BAD 255880997509
BAD 255880997513
BAD 255831288553
BAD 255831288577
BAD 255831288589
BAD 255881070461
BAD 255831710623
BAD 255881384093
BAD 255646959713
BAD 255832035013
BAD 255687812189
BAD 255855469069
BAD 255721207103
BAD 255855469073
BAD 255832035023
BAD 255855469081
BAD 255843066779
BAD 255843066781
BAD 255721232387
BAD 255855511687
BAD 255881667091
BAD 255688416589
BAD 255688416593
BAD 255688416601
BAD 255688426501
BAD 255721817803
BAD 255882084019
BAD 255648275963
BAD 255833472733
BAD 255689134681
BAD 255856688797
BAD 255856688807
BAD 255882601673
BAD 255672208093
BAD 255672208097
BAD 255882620579
BAD 255788248237
BAD 255833706959
BAD 255689433949
BAD 255705912023
BAD 255723108947
BAD 255883057523
BAD 255834261173
BAD 255883462073
BAD 255883462129
BAD 255789221143
BAD 255789221147
BAD 255789355127
BAD 255789355163
BAD 255673117333
BAD 255835095013
BAD 255835095017
BAD 255883807831
BAD 255790078997
BAD 255650473831
BAD 255884153971
BAD 255884153983
BAD 255724601959
BAD 255724601989
BAD 255674174731
BAD 255707139473
BAD 255844931599
BAD 255650875951
BAD 255724828033
BAD 255790675213
BAD 255737942893
BAD 255884644273
BAD 255884644297
BAD 255674894789
BAD 255791502181
BAD 255738833983
BAD 255836366783
BAD 255846020603
BAD 255674894791
BAD 255651293119
BAD 255755250931
BAD 255805138909
BAD 255674894819
BAD 255846020611
BAD 255708883481
BAD 255708883483
BAD 255708883499
BAD 255708883501
BAD 255692105533
BAD 255858387329
BAD 255858387331
BAD 255846081223
BAD 255651467341
BAD 255846220741
BAD 255709132069
BAD 255884968127
BAD 255739300909
BAD 255739317109
BAD 255692507347
BAD 255885196433
BAD 255805764569
BAD 255858972559
BAD 255858972563
BAD 255837779303
BAD 255676976293
BAD 255887535601
BAD 255709355417
BAD 255692749111
BAD 255795230461
BAD 255887535649
BAD 255709355423
BAD 255757407161
BAD 255795230491
BAD 255807349339
BAD 255887535653
BAD 255795249841
BAD 255795309751
BAD 255846812563
BAD 255837978973
BAD 255740661289
BAD 255740661331
BAD 255651997697
BAD 255677529229
BAD 255677635193
BAD 255677635211
BAD 255859631059
BAD 255859631063
BAD 255807935951
BAD 255807935953
BAD 255807935959
BAD 255807994339
BAD 255860159843
BAD 255860159851
BAD 255847839563
BAD 255653162507
BAD 255678549859
BAD 255847839631
BAD 255678549869
BAD 255653162509
BAD 255678549871
BAD 255678549887
BAD 255860534341
BAD 255860534351
BAD 255860534353
BAD 255860534359
BAD 255653212751
BAD 255653212753
BAD 255725529469
BAD 255725529473
BAD 255725529481
BAD 255710777117
BAD 255710777131
BAD 255710777149
BAD 255710777159
BAD 255848085223
BAD 255758507471
BAD 255725822357
BAD 255725822389
BAD 255679130243
BAD 255848606887
BAD 255742453357
BAD 255861066749
BAD 255861066751
BAD 255694916357
BAD 255808862539
BAD 255679539613
BAD 255758993593
BAD 255679539617
BAD 255726241363
BAD 255798000481
BAD 255808862563
BAD 255742834657
BAD 255726246439
BAD 255849203581
BAD 255849203587
BAD 255849203593
BAD 255861458491
BAD 255695376457
BAD 255759681503
BAD 255861916883
BAD 255861916889
BAD 255861916897
BAD 255861916903
BAD 255712895071
BAD 255743464861
BAD 255696024383
BAD 255696024401
BAD 255696024403
BAD 255696024407
BAD 255680791217
BAD 255799273843
BAD 255799273883
BAD 255743724127
BAD 255799761163
BAD 255851471509
BAD 255810811523
BAD 255682034519
BAD 255799781689
BAD 255799781693
BAD 255697125727
BAD 255744485693
BAD 255863351357
BAD 255800083039
BAD 255697693939
BAD 255744948713
BAD 255697936079
BAD 255715320403
BAD 255715320409
BAD 255698005417
BAD 255762440677
BAD 255762440683
BAD 255683388319
BAD 255683388329
BAD 255762797393
BAD 255729995219
BAD 255729995221
BAD 255864276121
BAD 255864276127
BAD 255763305827
BAD 255763305829
BAD 255763305839
BAD 255716391559
BAD 255746043277
BAD 255684009407
BAD 255801158633
BAD 255684009409
BAD 255813201673
BAD 255763588169
BAD 255716755583
BAD 255813455189
BAD 255865273529
BAD 255813584303
BAD 255801706679
BAD 255801706681
BAD 255801706687
BAD 255801804553
BAD 255746523673
BAD 255717061609
BAD 255854383303
BAD 255731480701
BAD 255731480707
BAD 255802021549
BAD 255700004401
BAD 255700004407
BAD 255700004437
BAD 255802212761
BAD 255764488183
BAD 255764488201
BAD 255764488229
BAD 255764488237
BAD 255700188649
BAD 255764552909
BAD 255717435821
BAD 255717435823
BAD 255866235577
BAD 255700473683
BAD 255802475959
BAD 255866235607
BAD 255732042619
BAD 255747120203
BAD 255814621553
BAD 255814634167
BAD 255765020683
BAD 255814863233
BAD 255718047527
BAD 255765482837
BAD 255718047551
BAD 255718047553
BAD 255765482839
BAD 255732597361
BAD 255718157941
BAD 255815403469
BAD 255701134643
BAD 255685633921
BAD 255685633927
BAD 255718627951
BAD 255867509731
BAD 255748377127
BAD 255748377133
BAD 255748377139
BAD 255816147803
BAD 255816147809
BAD 255733632299
BAD 255733658539
BAD 255867783121
BAD 255719332153
BAD 255733658549
BAD 255766660999
BAD 255733658561
BAD 255733658569
BAD 255733658573
BAD 255719464081
BAD 255804348781
BAD 255734135693
BAD 255804803101
BAD 255767300213
BAD 255719999413
BAD 255749250829
BAD 255767509667
BAD 255767509687
BAD 255767509709
BAD 255767509717
BAD 255816902389
BAD 255816902401
BAD 255868529263
BAD 255686957467
BAD 255868713967
BAD 255817169921
BAD 255869001517
BAD 255817282663
BAD 255817294963
BAD 255817294969
BAD 255735876379
BAD 255735894019
BAD 255703470949
BAD 255735894023
BAD 255769353263
BAD 255736206083
BAD 255769750351
BAD 255751110061
BAD 255751110067
BAD 255736942327
BAD 255819298619
BAD 255819298621
BAD 255752413513
BAD 255752556667
BAD 255871421903
BAD 255871421909
BAD 255752798527
BAD 255820340471
BAD 255820340473
BAD 255871779659
BAD 255753399859
BAD 255872024609
BAD 255872024621
BAD 255753696127
BAD 255821339243
BAD 255821339251
BAD 255754438201
BAD 255890681161
BAD 255891553013
BAD 255892375633
BAD 255893189491
BAD 255894200719
BAD 255895470923
BAD 255896245981
BAD 255906063769
BAD 255898382617
BAD 255907196003
BAD 255907196023
BAD 255907775887
BAD 255907949599
BAD 255907949603
BAD 255907967023
BAD 255908272541
BAD 255901173071
BAD 255901184831
BAD 255901184837
BAD 255911950471
BAD 255911950477
BAD 255914159671
BAD 255916580233
BAD 255916580237
BAD 255916580239
BAD 255916580273
BAD 255902471689
BAD 255917848441
BAD 255917848457
BAD 255918034591
BAD 255903420473
BAD 255903751111
BAD 255918564469
BAD 255918564479
BAD 255918564481
BAD 255918564491
BAD 255918564493
BAD 255918564511
BAD 255919190753
BAD 255919190783
BAD 255919355899
BAD 255920873993
BAD 255904780741
BAD 255904780757
BAD 255904780759
BAD 255904780763
BAD 255904780793
BAD 255905439553
BAD 255940920149
BAD 255943102243
BAD 255943208903
BAD 255944037653
BAD 255944891359
BAD 255945435899
BAD 255945435901
BAD 255946035529
BAD 255946229417
BAD 255946229419
BAD 255946229423
BAD 255946898761
BAD 255947299259
BAD 255947299261
BAD 255922422407
BAD 255922422409
BAD 255948142531
BAD 255948142537
BAD 255949110847
BAD 255950391397
BAD 255950391421
BAD 255922747547
BAD 255923418511
BAD 255923475883
BAD 255923886007
BAD 255923886011
BAD 255924203719
BAD 255924203723
BAD 255924564229
BAD 255924564257
BAD 255924564293
BAD 255924619703
BAD 255925222219
BAD 255927302131
BAD 255927615809
BAD 255927674399
BAD 255927674407
BAD 255927674413
BAD 255927975293
BAD 255951672247
BAD 255951672259
BAD 255952069369
BAD 255956667847
BAD 255956667851
BAD 255929333861
BAD 255929896403
BAD 255930228481
BAD 255958229453
BAD 255958245019
BAD 255954254033
BAD 255954848657
BAD 255954848659
BAD 255954901357
BAD 255954901361
BAD 255954985619
BAD 255954985621
BAD 255959245291
BAD 255959806433
BAD 255932936933
BAD 255932936957
BAD 255933542101
BAD 255934231703
BAD 255934491871
BAD 255935702111
BAD 255963245821
BAD 255937208269
BAD 255963428653
BAD 255963677413
BAD 255963847739
BAD 255937623653
BAD 255937791379
BAD 255937875019
BAD 255937875071
BAD 255937875073
BAD 255964590293
BAD 255938290771
BAD 255938335207
BAD 255939007253
BAD 255939087247
BAD 255965932669
BAD 255966161917
BAD 255966161951
BAD 255966161953
BAD 255966532013
BAD 255967181251
BAD 255969944921
BAD 255970610941
BAD 255971951453
BAD 255971951531
BAD 255974694067
BAD 255974731891
BAD 255975815629
BAD 255976543913
BAD 255977001593
BAD 255977003861
BAD 255977108173
BAD 255978643549
BAD 255978643559
BAD 255978643561
BAD 255978643567
BAD 255978643577
BAD 255978643579
BAD 255981028207
BAD 255981161881
BAD 255981279451
BAD 255983098639
BAD 255983810353
BAD 255984044903
BAD 255984044917
BAD 255984945193
BAD 255985138093
BAD 255985427927
BAD 255985679219
BAD 255985679221
BAD 255986150509
BAD 255986150521
BAD 255986479747
BAD 255986479751
BAD 255988343033
BAD 255988967893
BAD 255989337841
BAD 255989337847
BAD 256007289871
BAD 256007398453
BAD 256007713139
BAD 256007713141
BAD 256007713147
BAD 256007713153
BAD 256008112571
BAD 256008112573
BAD 256008834727
BAD 256011023329
BAD 256011254383
BAD 255990271549
BAD 256011755317
BAD 256011755333
BAD 255990433703
BAD 255991226977
BAD 255992351653
BAD 256014136607
BAD 256014212689
BAD 255993933137
BAD 255994092499
BAD 255994504357
BAD 255994504379
BAD 255994504397
BAD 255994504399
BAD 255995251411
BAD 255995870887
BAD 256017495121
BAD 256018829401
BAD 256020438607
BAD 256020854363
BAD 256021057183
BAD 255996057379
BAD 255996057389
BAD 255996057391
BAD 255997696223
BAD 255999118369
BAD 255999522523
BAD 255999715897
BAD 255999715901
BAD 255999715903
BAD 256001072759
BAD 256001896193
BAD 256001896201
BAD 256001946979
BAD 256001946983
BAD 256002073111
BAD 256002201139
BAD 256003902757
BAD 256003902811
BAD 256004211349
BAD 256040563211
BAD 256040563213
BAD 256041713699
BAD 256041713701
BAD 256042082089
BAD 256042082117
BAD 256042082119
BAD 256042082173
BAD 256042409471
BAD 256042619999
BAD 256075967267
BAD 256075967269
BAD 256043990107
BAD 256043990119
BAD 256043990123
BAD 256043990149
BAD 256076407291
BAD 256077268973
BAD 256077599683
BAD 256077660011
BAD 256077777583
BAD 256077777587
BAD 256077777589
BAD 256079062079
BAD 256079062081
BAD 256047747743
BAD 256048317923
BAD 256080207083
BAD 256080609307
BAD 256049456749
BAD 256081037999
BAD 256081159063
BAD 256081159067
BAD 256081159069
BAD 256081956443
BAD 256050538897
BAD 256050538901
BAD 256050538903
BAD 256051393537
BAD 256084038913
BAD 256023360913
BAD 256023360919
BAD 256084209743
BAD 256025088257
BAD 256025238683
BAD 256025245397
BAD 256025245403
BAD 256085056589
BAD 256025855479
BAD 256085457787
BAD 256085600011
BAD 256085600033
BAD 256027043581
BAD 256027157479
BAD 256027157483
BAD 256088086637
BAD 256027267943
BAD 256088488651
BAD 256089113851
BAD 256027937497
BAD 256089577663
BAD 256089798259
BAD 256028476687
BAD 256028844121
BAD 256209420923
BAD 256030169963
BAD 256030169977
BAD 256030243043
BAD 256190809417
BAD 256191213787
BAD 256211851043
BAD 256212480553
BAD 256032041597
BAD 256032041599
BAD 256032883493
BAD 256033024493
BAD 256107576913
BAD 256107576917
BAD 256107576919
BAD 256108273753
BAD 256108273763
BAD 256193758637
BAD 256034028223
BAD 256034028227
BAD 256034227201
BAD 256194255959
BAD 256108955831
BAD 256108955833
BAD 256194334111
BAD 256034493733
BAD 256034493739
BAD 256034493751
BAD 256034493773
BAD 256034551489
BAD 256109243993
BAD 256109278021
BAD 256109278027
BAD 256109278031
BAD 256195080157
BAD 256034879651
BAD 256034879663
BAD 256034879669
BAD 256034879671
BAD 256034879819
BAD 256034917451
BAD 256214684569
BAD 256214684573
BAD 256195602833
BAD 256110787321
BAD 256215621187
BAD 256157372929
BAD 256157372941
BAD 256036219801
BAD 256216407739
BAD 256036493003
BAD 256036510579
BAD 256197193961
BAD 256112130731
BAD 256275050539
BAD 256197193963
BAD 256158900401
BAD 256036510589
BAD 256218223381
BAD 256036510591
BAD 256158900449
BAD 256197198317
BAD 256158900451
BAD 256197198319
BAD 256218223399
BAD 256218223403
BAD 256197245569
BAD 256197476869
BAD 256140649861
BAD 256159391809
BAD 256159391819
BAD 256159391821
BAD 256159391827
BAD 256159391843
BAD 256198887083
BAD 256198887089
BAD 256198887101
BAD 256198887103
BAD 256159800737
BAD 256159800739
BAD 256159800773
BAD 256159800781
BAD 256276031377
BAD 256276031383
BAD 256276031387
BAD 256276031423
BAD 256159800823
BAD 256159800847
BAD 256276131343
BAD 256038583849
BAD 256038583859
BAD 256038583861
BAD 256038720367
BAD 256038720373
BAD 256114520719
BAD 256241870029
BAD 256219722559
BAD 256200195131
BAD 256200195133
BAD 256115012183
BAD 256142893297
BAD 256142893319
BAD 256142893343
BAD 256200403279
BAD 256200403289
BAD 256039612711
BAD 256039612831
BAD 256039612837
BAD 256039612841
BAD 256200761183
BAD 256242824611
BAD 256160573299
BAD 256243000021
BAD 256243309507
BAD 256243309513
BAD 256201303433
BAD 256220510269
BAD 256278320993
BAD 256161046157
BAD 256161046159
BAD 256116257477
BAD 256116257479
BAD 256116568679
BAD 256116568681
BAD 256144786153
BAD 256161413003
BAD 256221084971
BAD 256279232207
BAD 256244758871
BAD 256202384107
BAD 256117371091
BAD 256221316553
BAD 256176313951
BAD 256245082997
BAD 256245082999
BAD 256245083053
BAD 256245083057
BAD 256176762143
BAD 256176762169
BAD 256176762173
BAD 256280417027
BAD 256202948249
BAD 256280518079
BAD 256202948251
BAD 256202948263
BAD 256280729099
BAD 256177622693
BAD 256177997059
BAD 256058429789
BAD 256118627563
BAD 256146678989
BAD 256146679001
BAD 256222456849
BAD 256281809293
BAD 256164002881
BAD 256164002893
BAD 256123842721
BAD 256146980197
BAD 256146980213
BAD 256282799063
BAD 256282988347
BAD 256124716621
BAD 256247713483
BAD 256059898967
BAD 256059898973
BAD 256059898987
BAD 256124985007
BAD 256120220101
BAD 256125362953
BAD 256125362971
BAD 256223601259
BAD 256148011429
BAD 256181230273
BAD 256168907509
BAD 256125773867
BAD 256168907513
BAD 256284112333
BAD 256223961577
BAD 256248783391
BAD 256125773887
BAD 256205840173
BAD 256061808031
BAD 256121512081
BAD 256258424567
BAD 256125773903
BAD 256224795803
BAD 256224795817
BAD 256168945297
BAD 256168945309
BAD 256148071747
BAD 256248906367
BAD 256284316133
BAD 256169140621
BAD 256169140627
BAD 256206126181
BAD 256062173993
BAD 256122168517
BAD 256206523673
BAD 256122208423
BAD 256122208429
BAD 256148440073
BAD 256285038953
BAD 256062663713
BAD 256126715129
BAD 256062878899
BAD 256062878909
BAD 256062878917
BAD 256062878921
BAD 256127063149
BAD 256149395519
BAD 256149395521
BAD 256127461159
BAD 256250841421
BAD 256207453133
BAD 256226390041
BAD 256226393729
BAD 256251566891
BAD 256251566903
BAD 256251566917
BAD 256226848783
BAD 256182888197
BAD 256182949513
BAD 256150781251
BAD 256183049123
BAD 256227285751
BAD 256261654931
BAD 256261654933
BAD 256252238659
BAD 256227458177
BAD 256183475843
BAD 256183475851
BAD 256090457461
BAD 256262327287
BAD 256287997811
BAD 256287997813
BAD 256287997817
BAD 256129586353
BAD 256129586357
BAD 256129586359
BAD 256288260869
BAD 256130006453
BAD 256130006491
BAD 256130006501
BAD 256151936563
BAD 256253929963
BAD 256288883401
BAD 256172719639
BAD 256254123379
BAD 256185124253
BAD 256172935903
BAD 256172953559
BAD 256130594329
BAD 256290056131
BAD 256173401483
BAD 256152715229
BAD 256130908711
BAD 256092432721
BAD 256092507137
BAD 256186306729
BAD 256255285651
BAD 256230344863
BAD 256230344879
BAD 256065335693
BAD 256255688257
BAD 256231027951
BAD 256173867503
BAD 256291130941
BAD 256255688261
BAD 256065335699
BAD 256255688263
BAD 256255688267
BAD 256093390339
BAD 256065501067
BAD 256255802923
BAD 256255863079
BAD 256154035457
BAD 256132129873
BAD 256231586993
BAD 256231587011
BAD 256231587013
BAD 256187411203
BAD 256066236469
BAD 256066236473
BAD 256154310719
BAD 256154310721
BAD 256154454697
BAD 256154454701
BAD 256154454713
BAD 256132533511
BAD 256266523159
BAD 256132820353
BAD 256256990719
BAD 256094563213
BAD 256155072101
BAD 256067676661
BAD 256067839891
BAD 256094737859
BAD 256094737861
BAD 256094737867
BAD 256267577063
BAD 256155767251
BAD 256155951991
BAD 256155952001
BAD 256156000447
BAD 256190183903
BAD 256268232383
BAD 256068778429
BAD 256068859621
BAD 256096830001
BAD 256068898903
BAD 256068898907
BAD 256068898909
BAD 256068898913
BAD 256268592079
BAD 256268592133
BAD 256268592137
BAD 256097093611
BAD 256234620289
BAD 256268808559
BAD 256268808571
BAD 256234633397
BAD 256234633399
BAD 256234633411
BAD 256097415029
BAD 256269169327
BAD 256269169381
BAD 256269182909
BAD 256069338703
BAD 256234918909
BAD 256269599147
BAD 256269753703
BAD 256269834521
BAD 256269834523
BAD 256098394133
BAD 256099030417
BAD 256235793439
BAD 256099764859
BAD 256099764863
BAD 256099764871
BAD 256099799633
BAD 256271671993
BAD 256137906799
BAD 256137906803
BAD 256101202481
BAD 256101390367
BAD 256070917247
BAD 256101739921
BAD 256102054007
BAD 256102054009
BAD 256071372043
BAD 256238094017
BAD 256238094019
BAD 256238094023
BAD 256103270503
BAD 256104037603
BAD 256072138123
BAD 256238997829
BAD 256105228007
BAD 256105228009
BAD 256105484549
BAD 256240145519
BAD 256240145521
BAD 256240145533
BAD 256240145537
BAD 256106573033
BAD 256240494689
BAD 256240494691
BAD 256240494703
BAD 256240632457
BAD 256240632467
BAD 256240632469
BAD 256342236301
BAD 256343081153
BAD 256308630121
BAD 256308630133
BAD 256308630139
BAD 256308630143
BAD 256344227551
BAD 256291893679
BAD 256292216863
BAD 256292314573
BAD 256344990793
BAD 256310247559
BAD 256345661881
BAD 256293213361
BAD 256311171253
BAD 256346105137
BAD 256295008289
BAD 256348196977
BAD 256348314473
BAD 256313514199
BAD 256348810777
BAD 256314091763
BAD 256314278093
BAD 256296398329
BAD 256296398333
BAD 256350559643
BAD 256316141777
BAD 256316141779
BAD 256351709279
BAD 256351709281
BAD 256316931137
BAD 256316931139
BAD 256299302123
BAD 256352726621
BAD 256352936353
BAD 256352968219
BAD 256353270889
BAD 256353270893
BAD 256353270913
BAD 256353270917
BAD 256353270919
BAD 256300309163
BAD 256320890951
BAD 256353800917
BAD 256320890953
BAD 256353890341
BAD 256353890347
BAD 256321115059
BAD 256321115069
BAD 256300712783
BAD 256354288507
BAD 256322436499
BAD 256322436521
BAD 256323477331
BAD 256323488263
BAD 256323614233
BAD 256323791729
BAD 256324107241
BAD 256324107301
BAD 256303333733
BAD 256303333753
BAD 256324861453
BAD 256324900787
BAD 256324900789
BAD 256357387639
BAD 256357947049
BAD 256357947071
BAD 256357947073
BAD 256357947091
BAD 256305505459
BAD 256358252693
BAD 256358252719
BAD 256307793439
BAD 256307819233
BAD 256377030293
BAD 256377260717
BAD 256377260719
BAD 256325161523
BAD 256377781211
BAD 256378341847
BAD 256378341851
BAD 256378341853
BAD 256378341859
BAD 256378341871
BAD 256325992801
BAD 256325992807
BAD 256326174499
BAD 256379348089
BAD 256327678883
BAD 256327678897
BAD 256380541609
BAD 256380541619
BAD 256380541621
BAD 256328238379
BAD 256381393207
BAD 256381525657
BAD 256381525669
BAD 256331579369
BAD 256383857231
BAD 256332803611
BAD 256385089999
BAD 256333783109
BAD 256386270871
BAD 256387563151
BAD 256387619249
BAD 256387619251
BAD 256387728847
BAD 256336288051
BAD 256336288057
BAD 256336288141
BAD 256388307557
BAD 256388307559
BAD 256388307563
BAD 256338137723
BAD 256391813189
BAD 256391813191
BAD 256340388037
BAD 256341431783
BAD 256341607663
BAD 256341607667
BAD 256358995051
BAD 256359163117
BAD 256359163121
BAD 256360484243
BAD 256360484249
BAD 256361621123
BAD 256362253957
BAD 256362515749
BAD 256365616673
BAD 256368455159
BAD 256368856217
BAD 256369991203
BAD 256371153527
BAD 256371153529
BAD 256371384103
BAD 256371384107
BAD 256371384109
BAD 256372653931
BAD 256372653961
BAD 256373563487
BAD 256373563489
BAD 256374782863
BAD 256374782869
BAD 256374782929
BAD 256374782933
BAD 256374939713
BAD 256374939721
BAD 256394229283
BAD 256395696257
BAD 256395696259
BAD 256396350703
BAD 256396673227
BAD 256397839697
BAD 256397839699
BAD 256397932883
BAD 256398447343
BAD 256398647513
BAD 256398647569
BAD 256398829189
BAD 256401494383
BAD 256401664583
BAD 256402300493
BAD 256402300501
BAD 256402998053
BAD 256403153099
BAD 256404208997
BAD 256404208999
BAD 256404209003
BAD 256405134457
BAD 256408670359
BAD 256411057193
BAD 256412014153
BAD 256412111383
BAD 256413543611
BAD 256413543613
BAD 256414099927
BAD 256414643299
BAD 256414643347
BAD 256415014633
BAD 256415379859
BAD 256415379901
BAD 256417056349
BAD 256417624753
BAD 256417717489
BAD 256417717513
BAD 256418518183
BAD 256418911747
BAD 256419674209
BAD 256420433851
BAD 256420433879
BAD 256420433881
BAD 256420455337
BAD 256420645373
BAD 256420672603
BAD 256421090881
BAD 256421472613
BAD 256421472631
BAD 256421472691
BAD 256421594843
BAD 256421692883
BAD 256422749279
BAD 256422749281
BAD 256730853593
BAD 256731134921
BAD 256628712751
BAD 256629913591
BAD 256630757101
BAD 256630757129
BAD 256734334159
BAD 256734334177
BAD 256631746607
BAD 256735222327
BAD 256735315201
BAD 256633006801
BAD 256633006811
BAD 256633006813
BAD 256633562821
BAD 256634089583
BAD 256634725909
BAD 256634725913
BAD 256736745157
BAD 256736826053
BAD 256738246381
BAD 256738246393
BAD 256636819519
BAD 256638288107
BAD 256739666543
BAD 256639680667
BAD 256639937237
BAD 256742311081
BAD 256640971843
BAD 256742976713
BAD 256641945953
BAD 256641945961
BAD 256744904267
BAD 256745056343
BAD 256763753693
BAD 256763753699
BAD 256763808079
BAD 256763808083
BAD 256745940727
BAD 256743528319
BAD 256764062857
BAD 256746410783
BAD 256764267631
BAD 256764267691
BAD 256747201871
BAD 256747201873
BAD 256765256003
BAD 256748108489
BAD 256748166887
BAD 256748166889
BAD 256748324563
BAD 256748324593
BAD 256767277411
BAD 256749457903
BAD 256749904013
BAD 256768010179
BAD 256768010189
BAD 256426452943
BAD 256768506109
BAD 256427007607
BAD 256427007611
BAD 256769161079
BAD 256769161081
BAD 256752227483
BAD 256428231701
BAD 256752957157
BAD 256428456763
BAD 256753399621
BAD 256753399633
BAD 256753399957
BAD 256753399961
BAD 256753399963
BAD 256428740041
BAD 256428740047
BAD 256771490959
BAD 256754011069
BAD 256771844851
BAD 256772142103
BAD 256754739653
BAD 256429829339
BAD 256430416681
BAD 256756394551
BAD 256756394561
BAD 256757030323
BAD 256430953879
BAD 256774937567
BAD 256774937569
BAD 256775336569
BAD 256431729583
BAD 256431785843
BAD 256758621997
BAD 256432080577
BAD 256432080581
BAD 256432272533
BAD 256432272539
BAD 256775559773
BAD 256776146959
BAD 256759519909
BAD 256759519927
BAD 256776606707
BAD 256433043109
BAD 256433575129
BAD 256433973571
BAD 256433973643
BAD 256434209849
BAD 256434209851
BAD 256434985273
BAD 256436071523
BAD 256436071531
BAD 256436071537
BAD 256436071543
BAD 256436071561
BAD 256437089947
BAD 256438396793
BAD 256438396807
BAD 256439293013
BAD 256439341801
BAD 256459370221
BAD 256460024213
BAD 256461257267
BAD 256461257293
BAD 256461390259
BAD 256461416153
BAD 256461630121
BAD 256461630143
BAD 256594434073
BAD 256476336307
BAD 256462054399
BAD 256462054403
BAD 256462054447
BAD 256462097599
BAD 256476699709
BAD 256477118957
BAD 256477118959
BAD 256439916991
BAD 256440100229
BAD 256440100237
BAD 256440100373
BAD 256440100417
BAD 256440100531
BAD 256440100537
BAD 256678687093
BAD 256477737049
BAD 256467515771
BAD 256695028789
BAD 256477737097
BAD 256596709189
BAD 256596709199
BAD 256596709217
BAD 256596709267
BAD 256596709279
BAD 256596709283
BAD 256543710091
BAD 256678791443
BAD 256440216469
BAD 256695281077
BAD 256695281081
BAD 256695281083
BAD 256440341071
BAD 256511210251
BAD 256511210261
BAD 256511302493
BAD 256468137953
BAD 256597902073
BAD 256597902091
BAD 256468746019
BAD 256468922309
BAD 256441520779
BAD 256598182717
BAD 256468955759
BAD 256468955761
BAD 256696810651
BAD 256469192827
BAD 256469192831
BAD 256469192843
BAD 256644145523
BAD 256680442399
BAD 256512416653
BAD 256598649623
BAD 256598649631
BAD 256697296463
BAD 256469684971
BAD 256469684981
BAD 256469684983
BAD 256544629493
BAD 256512871807
BAD 256512968209
BAD 256512968213
BAD 256697910673
BAD 256513196593
BAD 256698082499
BAD 256644826489
BAD 256778716241
BAD 256778951131
BAD 256778951137
BAD 256514221133
BAD 256514221141
BAD 256645294099
BAD 256514281493
BAD 256514515889
BAD 256514515891
BAD 256645521619
BAD 256779379673
BAD 256601217421
BAD 256482285091
BAD 256682682439
BAD 256514746309
BAD 256545648769
BAD 256471787591
BAD 256699562941
BAD 256645521623
BAD 256471787599
BAD 256546097083
BAD 256683337753
BAD 256546337429
BAD 256546337431
BAD 256546388159
BAD 256546388173
BAD 256546388183
BAD 256780063937
BAD 256780086727
BAD 256527107171
BAD 256527107173
BAD 256646399083
BAD 256646399089
BAD 256483333069
BAD 256472874263
BAD 256472874283
BAD 256483507477
BAD 256473007253
BAD 256515800603
BAD 256602558853
BAD 256684314751
BAD 256782077183
BAD 256602558857
BAD 256528263653
BAD 256602558859
BAD 256473387539
BAD 256661690543
BAD 256647050003
BAD 256661690569
BAD 256782077191
BAD 256700937169
BAD 256546883503
BAD 256484707417
BAD 256473387563
BAD 256518593251
BAD 256546883513
BAD 256484707441
BAD 256700937173
BAD 256647210949
BAD 256484964781
BAD 256647416197
BAD 256647416203
BAD 256611829373
BAD 256485105607
BAD 256528809241
BAD 256647608003
BAD 256493788823
BAD 256647805879
BAD 256485501551
BAD 256485501583
BAD 256519243109
BAD 256485501593
BAD 256519243111
BAD 256519243117
BAD 256612376599
BAD 256612410181
BAD 256685404433
BAD 256685404483
BAD 256685404513
BAD 256494341581
BAD 256612693643
BAD 256612693717
BAD 256663071541
BAD 256494597067
BAD 256702000249
BAD 256702000253
BAD 256603649947
BAD 256603649963
BAD 256559922301
BAD 256486360069
BAD 256486360073
BAD 256486360087
BAD 256702165523
BAD 256486528861
BAD 256603838041
BAD 256603838047
BAD 256603874719
BAD 256686503617
BAD 256530471391
BAD 256649252737
BAD 256687256333
BAD 256784457107
BAD 256495285591
BAD 256784457109
BAD 256664059913
BAD 256784457133
BAD 256560489193
BAD 256784457211
BAD 256784457217
BAD 256560489197
BAD 256487800493
BAD 256711473883
BAD 256521103159
BAD 256649335027
BAD 256649335031
BAD 256531699679
BAD 256784714629
BAD 256784714633
BAD 256711745299
BAD 256614414019
BAD 256784783663
BAD 256604861881
BAD 256687792973
BAD 256604940643
BAD 256650117091
BAD 256549105801
BAD 256650531289
BAD 256605529069
BAD 256605529073
BAD 256605529093
BAD 256443241079
BAD 256533106031
BAD 256497148253
BAD 256689883531
BAD 256533106033
BAD 256524369979
BAD 256562892683
BAD 256443241081
BAD 256786526749
BAD 256489286407
BAD 256665590057
BAD 256713532741
BAD 256665590059
BAD 256706002373
BAD 256549808003
BAD 256489286423
BAD 256616815229
BAD 256489286429
BAD 256653029141
BAD 256489286453
BAD 256549808023
BAD 256616815289
BAD 256549808033
BAD 256665628903
BAD 256665634123
BAD 256533331997
BAD 256550176643
BAD 256550176723
BAD 256617221603
BAD 256617221617
BAD 256605934037
BAD 256605934049
BAD 256605934051
BAD 256617304483
BAD 256617304487
BAD 256550406043
BAD 256690678109
BAD 256666170961
BAD 256563658699
BAD 256617633907
BAD 256714587001
BAD 256444476839
BAD 256617960961
BAD 256654578073
BAD 256654578079
BAD 256654578083
BAD 256654649137
BAD 256654649183
BAD 256654649191
BAD 256715021293
BAD 256534582981
BAD 256534583051
BAD 256498323409
BAD 256498323413
BAD 256715281429
BAD 256787832361
BAD 256787832407
BAD 256707813017
BAD 256707813023
BAD 256707813083
BAD 256691843963
BAD 256551437839
BAD 256564030577
BAD 256551437869
BAD 256535007901
BAD 256551437873
BAD 256564030579
BAD 256445207833
BAD 256655065703
BAD 256445207839
BAD 256618224871
BAD 256490413043
BAD 256490413051
BAD 256490413063
BAD 256788146203
BAD 256788163537
BAD 256715767549
BAD 256691956861
BAD 256708033823
BAD 256535291869
BAD 256535291891
BAD 256445523199
BAD 256788465919
BAD 256788465949
BAD 256499045743
BAD 256708275469
BAD 256708275547
BAD 256535375363
BAD 256445618197
BAD 256667415541
BAD 256499864743
BAD 256566280549
BAD 256692739129
BAD 256716547133
BAD 256709059913
BAD 256619987161
BAD 256576766287
BAD 256446513419
BAD 256576766291
BAD 256536331069
BAD 256490861863
BAD 256619987167
BAD 256655451097
BAD 256789986961
BAD 256609056503
BAD 256692739133
BAD 256576766293
BAD 256552689023
BAD 256552689031
BAD 256552689037
BAD 256716558781
BAD 256499997461
BAD 256499997463
BAD 256500010733
BAD 256566453029
BAD 256536537031
BAD 256609310623
BAD 256536595291
BAD 256536595327
BAD 256716770669
BAD 256609417583
BAD 256716770671
BAD 256716770683
BAD 256577300437
BAD 256620547133
BAD 256790651473
BAD 256790651483
BAD 256668129691
BAD 256566881609
BAD 256566881611
BAD 256693177571
BAD 256447341779
BAD 256447341781
BAD 256447341791
BAD 256447341793
BAD 256790829209
BAD 256537153183
BAD 256537153193
BAD 256609788473
BAD 256656368491
BAD 256656368539
BAD 256656368543
BAD 256609989137
BAD 256537487033
BAD 256668696803
BAD 256553694203
BAD 256500549007
BAD 256491974407
BAD 256710536497
BAD 256710536501
BAD 256710536503
BAD 256567662209
BAD 256693886093
BAD 256657005769
BAD 256621432841
BAD 256500925669
BAD 256492040809
BAD 256500925673
BAD 256492040813
BAD 256492040821
BAD 256500953803
BAD 256669354883
BAD 256537990129
BAD 256537990133
BAD 256710740947
BAD 256554455603
BAD 256538281973
BAD 256538281991
BAD 256538281999
BAD 256567879459
BAD 256501440571
BAD 256501471183
BAD 256492509997
BAD 256670068513
BAD 256568242453
BAD 256658034541
BAD 256718988587
BAD 256568366377
BAD 256670655991
BAD 256719180149
BAD 256539370837
BAD 256568803891
BAD 256539370853
BAD 256555419103
BAD 256449546383
BAD 256449546389
BAD 256449546391
BAD 256555516291
BAD 256671384293
BAD 256671432319
BAD 256502713567
BAD 256555735511
BAD 256671658823
BAD 256580623253
BAD 256580623261
BAD 256580623267
BAD 256793895203
BAD 256793895221
BAD 256793895223
BAD 256793895227
BAD 256569776263
BAD 256672093801
BAD 256672093807
BAD 256580844517
BAD 256580844521
BAD 256672202257
BAD 256503284393
BAD 256659587383
BAD 256659587389
BAD 256659756781
BAD 256672831523
BAD 256556615779
BAD 256570756391
BAD 256556615789
BAD 256672831537
BAD 256570999907
BAD 256570999943
BAD 256570999973
BAD 256673086541
BAD 256624216369
BAD 256451575283
BAD 256504546723
BAD 256504546741
BAD 256451750351
BAD 256451750353
BAD 256582170667
BAD 256673756111
BAD 256673756161
BAD 256504819303
BAD 256451947553
BAD 256571879497
BAD 256571879503
BAD 256721969113
BAD 256542558089
BAD 256542558091
BAD 256572276959
BAD 256572276967
BAD 256572276971
BAD 256572276973
BAD 256572276979
BAD 256505469643
BAD 256452679381
BAD 256722452887
BAD 256625186219
BAD 256582881517
BAD 256625186221
BAD 256543099363
BAD 256675119031
BAD 256543099369
BAD 256675119053
BAD 256675119059
BAD 256452758959
BAD 256452939893
BAD 256722768959
BAD 256722768961
BAD 256722769021
BAD 256675495543
BAD 256573776293
BAD 256583649953
BAD 256675962737
BAD 256676460941
BAD 256676460949
BAD 256676473117
BAD 256676687503
BAD 256584470189
BAD 256676687521
BAD 256559454223
BAD 256454492513
BAD 256626569701
BAD 256626769801
BAD 256626769813
BAD 256585340293
BAD 256507232827
BAD 256454942993
BAD 256507232831
BAD 256507232833
BAD 256507232843
BAD 256507232981
BAD 256507232983
BAD 256626827399
BAD 256725036331
BAD 256626966863
BAD 256575929791
BAD 256507388183
BAD 256507388191
BAD 256725502577
BAD 256508158019
BAD 256456396909
BAD 256456396913
BAD 256456397009
BAD 256586925619
BAD 256587031879
BAD 256456726853
BAD 256726916993
BAD 256726966849
BAD 256727206669
BAD 256457440273
BAD 256457610403
BAD 256457610407
BAD 256588415869
BAD 256588415879
BAD 256589590237
BAD 256589590241
BAD 256589655233
BAD 256590717809
BAD 256590717811
BAD 256590858221
BAD 256590915107
BAD 256590915109
BAD 256590915127
BAD 256591560209
BAD 256797425041
BAD 256797825301
BAD 256798427177
BAD 256799085113
BAD 256799416891
BAD 256799416919
BAD 256800582979
BAD 256800582991
BAD 256802006233
BAD 256802435191
BAD 256802437757
BAD 256803088669
BAD 256803088673
BAD 256804028731
BAD 256804967899
BAD 256805566021
BAD 256808880973
BAD 256809373351
BAD 256809660889
BAD 256809959513
BAD 256811599493
BAD 256811599501
BAD 256812342289
BAD 256812536713
BAD 256814181803
BAD 256814787583
BAD 256815625819
BAD 256815654947
BAD 256816279639
BAD 256816344451
BAD 256817324077
BAD 256817593789
BAD 256818377983
BAD 256818377989
BAD 256818378001
BAD 256819925449
BAD 256821674971
BAD 256825956263
BAD 256826402093
BAD 256826402101
BAD 256827820289
BAD 256827822323
BAD 256828347511
BAD 256828723321
BAD 256829882173
BAD 256829947343
BAD 256830717601
BAD 256830979267
BAD 256830979417
BAD 256830979421
BAD 256862374553
BAD 256830979423
BAD 256864470113
BAD 256864470151
BAD 256833167839
BAD 256865260231
BAD 256833973817
BAD 256833973897
BAD 256866400643
BAD 256867028503
BAD 256867028507
BAD 256867137313
BAD 256880337029
BAD 256880337031
BAD 256880418383
BAD 256880418397
BAD 256880418401
BAD 256869837187
BAD 256870518743
BAD 256870936643
BAD 256871221291
BAD 256871454263
BAD 256871454271
BAD 256871491771
BAD 256871491777
BAD 256882213927
BAD 256882842991
BAD 256883308387
BAD 256883308421
BAD 256872520217
BAD 256872849763
BAD 256872883447
BAD 256872883481
BAD 256872883483
BAD 256883934631
BAD 256884138229
BAD 256884138233
BAD 256884138253
BAD 256884138341
BAD 256836849721
BAD 256836946357
BAD 256873232573
BAD 256837765141
BAD 256885183081
BAD 256885692257
BAD 256885692263
BAD 256838853611
BAD 256838861359
BAD 256838861567
BAD 256838885731
BAD 256839101587
BAD 256839101591
BAD 256839101593
BAD 256839109633
BAD 256839109651
BAD 256839246913
BAD 256886495009
BAD 256886495011
BAD 256875366331
BAD 256875366343
BAD 256886706079
BAD 256875983173
BAD 256887702433
BAD 256887702437
BAD 256887702439
BAD 256887723929
BAD 256887723931
BAD 256888214663
BAD 256877557861
BAD 256889038687
BAD 256889416123
BAD 256889428613
BAD 256889428619
BAD 256890186043
BAD 256890520441
BAD 256890893849
BAD 256890893851
BAD 256890989323
BAD 256840074541
BAD 256841434279
BAD 256842324313
BAD 256843195003
BAD 256843214297
BAD 256843723891
BAD 256844073163
BAD 256844073301
BAD 256844197703
BAD 256844220407
BAD 256892219141
BAD 256892468321
BAD 256892468323
BAD 256893768323
BAD 256894759201
BAD 256894759207
BAD 256895269693
BAD 257164485827
BAD 257164764869
BAD 257164814779
BAD 257164814791
BAD 257165178469
BAD 257165886589
BAD 257166807593
BAD 257166807631
BAD 257167367003
BAD 257167371379
BAD 257169535081
BAD 257170431907
BAD 257170431911
BAD 257170431913
BAD 257170431923
BAD 257171016961
BAD 257171984521
BAD 257171984527
BAD 257172748139
BAD 257172748141
BAD 257031557837
BAD 257031557863
BAD 257031557869
BAD 257031557873
BAD 257032246843
BAD 257173296227
BAD 257173296229
BAD 257032745491
BAD 257032925371
BAD 257174012873
BAD 257033485507
BAD 256979494973
BAD 257033919563
BAD 257033927791
BAD 256980281993
BAD 257034252473
BAD 257176125121
BAD 257176125133
BAD 257176125139
BAD 256983320483
BAD 256983320491
BAD 256983866569
BAD 256983965461
BAD 257037738767
BAD 257037738799
BAD 256985066213
BAD 257038903577
BAD 257038903579
BAD 257039265367
BAD 256985771963
BAD 256985771969
BAD 256985771971
BAD 256985771981
BAD 256985771983
BAD 256986843019
BAD 256987265131
BAD 257176962697
BAD 256987285367
BAD 256987285369
BAD 257176987129
BAD 257041675369
BAD 257041675379
BAD 257041675381
BAD 257042206007
BAD 257179720337
BAD 257179720339
BAD 257179798241
BAD 257179807589
BAD 257180603539
BAD 257180603543
BAD 256989008561
BAD 256989494033
BAD 256990362721
BAD 257043690041
BAD 257043690049
BAD 257043837241
BAD 257044009951
BAD 257044823933
BAD 257044823939
BAD 257044823941
BAD 257045479619
BAD 257045484617
BAD 257045484653
BAD 256991346539
BAD 256991346541
BAD 257045811991
BAD 256992616627
BAD 256992616633
BAD 256993349719
BAD 256993451063
BAD 256993498537
BAD 256993533553
BAD 256993677607
BAD 256993677613
BAD 256993888219
BAD 256994932639
BAD 256995804817
BAD 256913401123
BAD 256913401127
BAD 256914332513
BAD 256914332527
BAD 256914612781
BAD 256914789991
BAD 256915290967
BAD 256915290977
BAD 256915504663
BAD 256915504667
BAD 257014644079
BAD 256916820913
BAD 256963850417
BAD 256963850419
BAD 256964067961
BAD 257015900707
BAD 257016020993
BAD 257016021001
BAD 257081109919
BAD 256996100503
BAD 256920590299
BAD 257017621759
BAD 257148792961
BAD 256996100513
BAD 257081109953
BAD 256920590323
BAD 256946215439
BAD 256897179983
BAD 256965715861
BAD 257148887707
BAD 257081297227
BAD 257081297243
BAD 257081297269
BAD 257081297287
BAD 257017878503
BAD 256920738257
BAD 256920738259
BAD 256946604353
BAD 256946604379
BAD 256946604413
BAD 256966130821
BAD 257149431307
BAD 256921064203
BAD 256921064221
BAD 256921064227
BAD 256921064233
BAD 256997164037
BAD 256897925969
BAD 256897925971
BAD 257150116609
BAD 257150164157
BAD 257150164163
BAD 257150164171
BAD 256947764933
BAD 256947826253
BAD 256967086799
BAD 256967086801
BAD 256921515769
BAD 256921515793
BAD 256998035951
BAD 256998035953
BAD 256998036007
BAD 256998036011
BAD 256998036013
BAD 257082428321
BAD 256948102427
BAD 256948102429
BAD 256948252259
BAD 256948252261
BAD 257082753701
BAD 257082753703
BAD 257082753709
BAD 256967705473
BAD 257019476743
BAD 256968455743
BAD 257083611583
BAD 256949300029
BAD 256949300033
BAD 257150910773
BAD 256951123619
BAD 256998554723
BAD 257084804227
BAD 256922353073
BAD 257113893397
BAD 256951123621
BAD 257150910787
BAD 256951123633
BAD 256899944071
BAD 257113893403
BAD 257021175673
BAD 257150910791
BAD 257113904689
BAD 257021390347
BAD 257021390369
BAD 257021390371
BAD 257021390377
BAD 256968683071
BAD 256968683077
BAD 257114252809
BAD 257114412497
BAD 256900253299
BAD 256900253303
BAD 256922887261
BAD 256998807943
BAD 256923551663
BAD 256923555131
BAD 256923555137
BAD 256923555139
BAD 256923555143
BAD 256923615539
BAD 257151876259
BAD 256900768219
BAD 257022580013
BAD 257151876271
BAD 256923615541
BAD 257022580019
BAD 257115407039
BAD 257115407041
BAD 257086316639
BAD 257152034813
BAD 257086368349
BAD 257086368353
BAD 256923879599
BAD 256923879601
BAD 257086510157
BAD 257086510159
BAD 257086510169
BAD 257086510171
BAD 256924142929
BAD 257116178783
BAD 257116250263
BAD 256924512511
BAD 257000227163
BAD 256901425223
BAD 257086898881
BAD 256901671441
BAD 256901671451
BAD 256901708389
BAD 256953094753
BAD 257023760117
BAD 257153608043
BAD 256971502373
BAD 256925535431
BAD 257116877419
BAD 256902442609
BAD 256925535437
BAD 257180827763
BAD 256925535439
BAD 257001175447
BAD 256925535443
BAD 256929317851
BAD 257001175463
BAD 256953288401
BAD 256929317867
BAD 257088394007
BAD 257088394009
BAD 257088448093
BAD 257096879423
BAD 256925678063
BAD 257153806339
BAD 257088617251
BAD 257181230027
BAD 257181230029
BAD 257181230083
BAD 257117304781
BAD 257117318543
BAD 256929610493
BAD 256929610507
BAD 256929610519
BAD 257117414053
BAD 257024426539
BAD 257001808223
BAD 256926318007
BAD 256972059173
BAD 257001808243
BAD 257181474353
BAD 257001808253
BAD 257154347383
BAD 257117466713
BAD 256926489733
BAD 256926489811
BAD 256930127431
BAD 257089860127
BAD 257089860143
BAD 257089860191
BAD 257089860199
BAD 256926742613
BAD 257002226947
BAD 257089988711
BAD 257089988723
BAD 256972499899
BAD 256972603649
BAD 256972603651
BAD 256927008931
BAD 257155025539
BAD 256927069523
BAD 256972978201
BAD 257155299031
BAD 257155331753
BAD 257182559587
BAD 257098537627
BAD 256927364261
BAD 257182559597
BAD 256954736543
BAD 257155590413
BAD 256973386303
BAD 256973443219
BAD 256905122099
BAD 256905122101
BAD 256846107923
BAD 256973584921
BAD 256930968421
BAD 256930968439
BAD 257091151951
BAD 257098953803
BAD 256973811907
BAD 257091324121
BAD 257156061361
BAD 257026289213
BAD 257091433441
BAD 256973936783
BAD 256928135929
BAD 256955236387
BAD 257156518351
BAD 257099625661
BAD 256905486857
BAD 256905486863
BAD 256905486889
BAD 257091843031
BAD 257091843079
BAD 257131206529
BAD 257131206593
BAD 256974808949
BAD 256974808973
BAD 256847650357
BAD 256847650361
BAD 256847650363
BAD 256847650369
BAD 256847650373
BAD 256847650379
BAD 256847650403
BAD 256847650421
BAD 256975029083
BAD 256931831341
BAD 256931831369
BAD 256931831371
BAD 257092143713
BAD 257092143719
BAD 256931886859
BAD 256931886863
BAD 257092182233
BAD 256975402729
BAD 257027890703
BAD 257092508353
BAD 256932287627
BAD 256932287629
BAD 256975786517
BAD 256975786519
BAD 256975786523
BAD 256848583393
BAD 257005598197
BAD 256907022109
BAD 257028423137
BAD 257101158107
BAD 256907065043
BAD 257028733543
BAD 257028733547
BAD 257132810119
BAD 257158704997
BAD 257101524271
BAD 256956607433
BAD 256956607463
BAD 256849128919
BAD 257093846693
BAD 257006251543
BAD 256849417597
BAD 257101959743
BAD 256956943393
BAD 256977173311
BAD 257094223861
BAD 257094223871
BAD 257133525953
BAD 257133611029
BAD 257133611041
BAD 257121307643
BAD 256977351187
BAD 256977351203
BAD 256977351233
BAD 256977351247
BAD 256977351251
BAD 257094576889
BAD 257094576901
BAD 257102584561
BAD 257134029721
BAD 256850203283
BAD 257007311087
BAD 257007381823
BAD 257102881339
BAD 256908741359
BAD 256850510393
BAD 257094964913
BAD 256934330209
BAD 257007816137
BAD 257007816139
BAD 256850920927
BAD 256957846447
BAD 257160483847
BAD 257134866353
BAD 256978473613
BAD 257135221393
BAD 257135221397
BAD 257095868527
BAD 257008606711
BAD 257135356741
BAD 257103934121
BAD 256958355263
BAD 256958355271
BAD 257161039129
BAD 257122708559
BAD 257122708561
BAD 256935244597
BAD 256910291093
BAD 257009140711
BAD 257135661413
BAD 256958423867
BAD 256958423873
BAD 256958423881
BAD 256958423933
BAD 256958423941
BAD 256851961637
BAD 257215218721
BAD 257161362259
BAD 256935318803
BAD 257186539307
BAD 257186539321
BAD 257104811671
BAD 257186701987
BAD 256852624339
BAD 256911141353
BAD 257162275681
BAD 257123643193
BAD 257123643197
BAD 257123643199
BAD 257136993643
BAD 256853385013
BAD 256853385059
BAD 256911619763
BAD 257216807401
BAD 257011106309
BAD 257011106311
BAD 257124063451
BAD 257163024421
BAD 256912021981
BAD 256960342897
BAD 257124283789
BAD 257124334531
BAD 257124341993
BAD 256960726051
BAD 257124342001
BAD 256960726067
BAD 256960726069
BAD 256960726073
BAD 256960726081
BAD 256960726133
BAD 257163374893
BAD 257163374903
BAD 257163375877
BAD 257138198101
BAD 257163491251
BAD 257163491269
BAD 256960913899
BAD 256960913903
BAD 256960913917
BAD 256960913921
BAD 256937525591
BAD 257107328131
BAD 257107421071
BAD 257107421083
BAD 257218579253
BAD 257124952489
BAD 257124952493
BAD 257219104871
BAD 257012420831
BAD 257219104873
BAD 257139100727
BAD 257107773931
BAD 257219104897
BAD 257125048409
BAD 257125136249
BAD 257125136251
BAD 256962276427
BAD 257190121943
BAD 256938502193
BAD 257220106777
BAD 257140163671
BAD 257140163689
BAD 257220322327
BAD 257190839869
BAD 257125902623
BAD 257190962179
BAD 257140472683
BAD 257126050777
BAD 257126050781
BAD 256939239811
BAD 257191437583
BAD 257191437593
BAD 257109676403
BAD 256939851811
BAD 257109738803
BAD 256857879379
BAD 256858064273
BAD 257127212423
BAD 257142246799
BAD 256858266781
BAD 257192883869
BAD 257192883931
BAD 257142467521
BAD 257142494597
BAD 257142494599
BAD 257221949209
BAD 257221949219
BAD 257221949221
BAD 256858741729
BAD 256858741771
BAD 256858741781
BAD 257193312637
BAD 256858809047
BAD 256858809049
BAD 256858809071
BAD 256858942733
BAD 257143123943
BAD 257143123949
BAD 257143211933
BAD 257143211939
BAD 257143318151
BAD 257143318153
BAD 257143319453
BAD 257143319483
BAD 257143333061
BAD 257143333063
BAD 257143333093
BAD 257128022317
BAD 256942146697
BAD 257143427641
BAD 257128108583
BAD 256859591179
BAD 256859591203
BAD 257222739979
BAD 257222740007
BAD 257222740009
BAD 257222773567
BAD 257111521789
BAD 257128353379
BAD 257143659439
BAD 257128406539
BAD 257128406543
BAD 256942707739
BAD 256942707743
BAD 256859903821
BAD 257111710183
BAD 256942848089
BAD 256942848091
BAD 256860116567
BAD 256943726483
BAD 256943726489
BAD 256943726491
BAD 257223622031
BAD 256860875143
BAD 256860875147
BAD 256861021423
BAD 257130045593
BAD 257224380733
BAD 256944450053
BAD 257130305881
BAD 257130305959
BAD 257130305963
BAD 257145827467
BAD 257145827539
BAD 256945363547
BAD 256945363561
BAD 256945363589
BAD 257196798587
BAD 257196798589
BAD 257196800999
BAD 257196997693
BAD 257196997697
BAD 257196997699
BAD 257226224221
BAD 257146699351
BAD 257197401193
BAD 257197401247
BAD 257146863107
BAD 257146863109
BAD 257146863121
BAD 257226823463
BAD 257227642801
BAD 257227642813
BAD 257227642817
BAD 257228159371
BAD 257229201743
BAD 257064819679
BAD 257065108219
BAD 257065362721
BAD 257065897877
BAD 257066088623
BAD 257067195719
BAD 257067568531
BAD 257069099293
BAD 257046616831
BAD 257047022191
BAD 257047022203
BAD 257047312523
BAD 257047574479
BAD 257070720469
BAD 257047675249
BAD 257048332969
BAD 257048332973
BAD 257048663119
BAD 257072113247
BAD 257050452541
BAD 257050452587
BAD 257050632079
BAD 257073635747
BAD 257073635789
BAD 257050997653
BAD 257051373043
BAD 257074696171
BAD 257075206733
BAD 257052908573
BAD 257075820193
BAD 257075820203
BAD 257075820277
BAD 257075820301
BAD 257054848229
BAD 257054848231
BAD 257055137723
BAD 257077570523
BAD 257056302719
BAD 257056302721
BAD 257056302749
BAD 257056302751
BAD 257078285663
BAD 257078285671
BAD 257078285677
BAD 257057636933
BAD 257057689663
BAD 257058547013
BAD 257058941773
BAD 257079888019
BAD 257079888077
BAD 257060243371
BAD 257061045257
BAD 257061045259
BAD 257197494271
BAD 257062082119
BAD 257198673169
BAD 257201146463
BAD 257201267207
BAD 257201267209
BAD 257201267243
BAD 257201267249
BAD 257202098233
BAD 257202543053
BAD 257203389097
BAD 257204371783
BAD 257204735107
BAD 257204803787
BAD 257204992969
BAD 257205669739
BAD 257206121959
BAD 257206637497
BAD 257207310499
BAD 257207446147
BAD 257207446151
BAD 257207446157
BAD 257209576111
BAD 257209725361
BAD 257210084533
BAD 257210084653
BAD 257210278051
BAD 257210569027
BAD 257210855149
BAD 257211357889
BAD 257211522901
BAD 257211849613
BAD 257213719831
BAD 257232058697
BAD 257232058703
BAD 257232177757
BAD 257232221557
BAD 257232683243
BAD 257264876467
BAD 257232721663
BAD 257265112639
BAD 257233178639
BAD 257233238513
BAD 257233385023
BAD 257234464549
BAD 257267114029
BAD 257268426067
BAD 257268843311
BAD 257269393531
BAD 257269480001
BAD 257269480003
BAD 257269585711
BAD 257270195057
BAD 257270576503
BAD 257271269573
BAD 257271568693
BAD 257271568699
BAD 257271672961
BAD 257271672979
BAD 257271817499
BAD 257271817501
BAD 257271817511
BAD 257272176233
BAD 257272310551
BAD 257272310597
BAD 257272310599
BAD 257272545797
BAD 257272625809
BAD 257272823911
BAD 257237763661
BAD 257237763689
BAD 257237763691
BAD 257237763697
BAD 257237763707
BAD 257237957887
BAD 257273778389
BAD 257273979451
BAD 257273979461
BAD 257273979463
BAD 257239666631
BAD 257239666633
BAD 257239666639
BAD 257239666643
BAD 257240948413
BAD 257240948429
BAD 257240948431
BAD 257242974959
BAD 257243829013
BAD 257243936119
BAD 257243936137
BAD 257244423707
BAD 257244979193
BAD 257245121897
BAD 257245121933
BAD 257245121953
BAD 257245121957
BAD 257277293359
BAD 257277293393
BAD 257246971517
BAD 257246971519
BAD 257246971523
BAD 257247306419
BAD 257281077617
BAD 257281077619
BAD 257281077623
BAD 257281077637
BAD 257281194763
BAD 257281700813
BAD 257282031389
BAD 257283907189
BAD 257283907193
BAD 257283907217
BAD 257283907219
BAD 257284113019
BAD 257285581013
BAD 257285658139
BAD 257285852059
BAD 257287850959
BAD 257288871197
BAD 257288871199
BAD 257288981933
BAD 257289289843
BAD 257289496831
BAD 257289496837
BAD 257290836941
BAD 257291911033
BAD 257291918311
BAD 257294482463
BAD 257294482483
BAD 257294482507
BAD 257315564213
BAD 257315564249
BAD 257315564251
BAD 257316674773
BAD 257316674833
BAD 257316674837
BAD 257319568217
BAD 257320005799
BAD 257320136519
BAD 257322162761
BAD 257322162763
BAD 257322162767
BAD 257322403187
BAD 257322403253
BAD 257322560813
BAD 257323561387
BAD 257323561393
BAD 257323561399
BAD 257323728661
BAD 257296651471
BAD 257324256403
BAD 257324500759
BAD 257324576329
BAD 257324616317
BAD 257324891869
BAD 257324891893
BAD 257297614963
BAD 257297614967
BAD 257297614969
BAD 257325121241
BAD 257325574159
BAD 257325691669
BAD 257326727663
BAD 257326970969
BAD 257328716233
BAD 257329048453
BAD 257330716039
BAD 257247985963
BAD 257247985979
BAD 257248334183
BAD 257248451813
BAD 257248874419
BAD 257248874423
BAD 257249742457
BAD 257249742461
BAD 257250087979
BAD 257250245363
BAD 257250245383
BAD 257250372121
BAD 257251320721
BAD 257251730521
BAD 257251832599
BAD 257253094009
BAD 257253268529
BAD 257253523771
BAD 257253523783
BAD 257254720279
BAD 257255690467
BAD 257255690473
BAD 257257107733
BAD 257257107739
BAD 257258368547
BAD 257258368559
BAD 257258368561
BAD 257301514433
BAD 257302169881
BAD 257303963281
BAD 257261243401
BAD 257304738323
BAD 257262217403
BAD 257262880681
BAD 257262880691
BAD 257306326339
BAD 257307031469
BAD 257263619491
BAD 257263690729
BAD 257263750729
BAD 257264231689
BAD 257264231701
BAD 257309253863
BAD 257309465851
BAD 257310024353
BAD 257310359129
BAD 257310553711
BAD 257310553723
BAD 257310553727
BAD 257311737679
BAD 257312438093
BAD 257312438101
BAD 257312925997
BAD 257313547999
BAD 257313548081
BAD 257313548083
BAD 257314597643
BAD 257566980259
BAD 257568043151
BAD 257568865537
BAD 257569397101
BAD 257569882189
BAD 257569882201
BAD 257569901063
BAD 257569901093
BAD 257570371273
BAD 257572066693
BAD 257572330459
BAD 257572619329
BAD 257573884999
BAD 257573885003
BAD 257573885011
BAD 257575155841
BAD 257578594267
BAD 257578594279
BAD 257578594283
BAD 257579156123
BAD 257580231353
BAD 257581005989
BAD 257581005991
BAD 257581502459
BAD 257581502461
BAD 257581502467
BAD 257581502491
BAD 257581763311
BAD 257581763317
BAD 257581763333
BAD 257581763339
BAD 257583098203
BAD 257382441269
BAD 257382441271
BAD 257383658537
BAD 257619376669
BAD 257619376673
BAD 257620221871
BAD 257386286401
BAD 257386286419
BAD 257348844479
BAD 257348844481
BAD 257348888513
BAD 257387274803
BAD 257349104801
BAD 257449449353
BAD 257622158623
BAD 257387975851
BAD 257622329959
BAD 257449583983
BAD 257622398833
BAD 257388589729
BAD 257450062069
BAD 257450283709
BAD 257350371503
BAD 257552527501
BAD 257451211651
BAD 257365433209
BAD 257389937771
BAD 257332422563
BAD 257469753199
BAD 257552527511
BAD 257389937773
BAD 257469753271
BAD 257451319933
BAD 257332734787
BAD 257350771243
BAD 257553173897
BAD 257553173903
BAD 257553173939
BAD 257553262123
BAD 257553262139
BAD 257351127203
BAD 257623902113
BAD 257553518923
BAD 257553518927
BAD 257351357849
BAD 257452359431
BAD 257351776613
BAD 257470837801
BAD 257333465843
BAD 257470942051
BAD 257333757413
BAD 257624918543
BAD 257624942231
BAD 257453234851
BAD 257334428107
BAD 257367950251
BAD 257625921503
BAD 257472160727
BAD 257352438313
BAD 257557832083
BAD 257367950269
BAD 257625937931
BAD 257393726587
BAD 257453423509
BAD 257393893459
BAD 257453540473
BAD 257394312271
BAD 257394467441
BAD 257335413409
BAD 257473116919
BAD 257473116931
BAD 257335811303
BAD 257473499761
BAD 257473499807
BAD 257473499809
BAD 257473499821
BAD 257473499923
BAD 257454906521
BAD 257454906523
BAD 257454906557
BAD 257454906559
BAD 257454906563
BAD 257473749773
BAD 257473761707
BAD 257455323271
BAD 257560173659
BAD 257560173679
BAD 257455323283
BAD 257629087033
BAD 257355474073
BAD 257629166521
BAD 257337685343
BAD 257560385633
BAD 257474219879
BAD 257474219881
BAD 257337987323
BAD 257397649939
BAD 257338318753
BAD 257456386553
BAD 257398056767
BAD 257456430313
BAD 257456430323
BAD 257456430331
BAD 257630220083
BAD 257372273243
BAD 257630446379
BAD 257372318869
BAD 257475137873
BAD 257338992811
BAD 257475378557
BAD 257432371303
BAD 257432371321
BAD 257432371327
BAD 257432371351
BAD 257630993839
BAD 257373413551
BAD 257341200563
BAD 257562101053
BAD 257476321793
BAD 257357619557
BAD 257458593967
BAD 257630993843
BAD 257357619559
BAD 257458593971
BAD 257458593991
BAD 257631152461
BAD 257373788983
BAD 257341610371
BAD 257631446717
BAD 257631446719
BAD 257358100201
BAD 257373934843
BAD 257476875907
BAD 257341752643
BAD 257562691051
BAD 257562699991
BAD 257562797603
BAD 257631738107
BAD 257477055083
BAD 257342117359
BAD 257342117363
BAD 257632261099
BAD 257374718743
BAD 257374718753
BAD 257583477721
BAD 257477945719
BAD 257477945723
BAD 257359358639
BAD 257633020583
BAD 257433653303
BAD 257564549533
BAD 257583951377
BAD 257583951379
BAD 257360265887
BAD 257360265889
BAD 257360641381
BAD 257565095243
BAD 257584156231
BAD 257360796403
BAD 257461650283
BAD 257360884013
BAD 257360884021
BAD 257399560157
BAD 257399560163
BAD 257462502937
BAD 257462502943
BAD 257434815301
BAD 257345345171
BAD 257480736847
BAD 257480736853
BAD 257377681969
BAD 257377681973
BAD 257377681993
BAD 257585649271
BAD 257435245253
BAD 257362367419
BAD 257345926031
BAD 257345926099
BAD 257400496957
BAD 257378133619
BAD 257378286593
BAD 257346348719
BAD 257481885487
BAD 257435587207
BAD 257346507169
BAD 257346713851
BAD 257346713861
BAD 257346798899
BAD 257346798901
BAD 257464349881
BAD 257363298811
BAD 257363298823
BAD 257363298827
BAD 257363298833
BAD 257363298859
BAD 257363298893
BAD 257378957767
BAD 257363501599
BAD 257363501677
BAD 257363524543
BAD 257379094871
BAD 257379094873
BAD 257379094877
BAD 257379094879
BAD 257401195703
BAD 257465060681
BAD 257482441933
BAD 257436517297
BAD 257465060683
BAD 257586927821
BAD 257436517343
BAD 257465062669
BAD 257586927841
BAD 257347681909
BAD 257586930493
BAD 257436539033
BAD 257379465773
BAD 257379465779
BAD 257379465781
BAD 257401591939
BAD 257465798927
BAD 257465798929
BAD 257517128993
BAD 257402157869
BAD 257380066687
BAD 257517767873
BAD 257517940891
BAD 257438301511
BAD 257588517569
BAD 257588517583
BAD 257588866943
BAD 257588973751
BAD 257588973757
BAD 257519039389
BAD 257439279619
BAD 257439279623
BAD 257589923093
BAD 257589998683
BAD 257589998689
BAD 257589998693
BAD 257519130697
BAD 257519130709
BAD 257500174651
BAD 257519577817
BAD 257519745247
BAD 257519879489
BAD 257440184389
BAD 257440184399
BAD 257440184401
BAD 257440303541
BAD 257440303543
BAD 257440303553
BAD 257440777793
BAD 257520799927
BAD 257440984303
BAD 257441029331
BAD 257441029333
BAD 257441032531
BAD 257521046527
BAD 257521094209
BAD 257441161927
BAD 257441161933
BAD 257441161951
BAD 257441211829
BAD 257521428727
BAD 257406527249
BAD 257406527251
BAD 257521754419
BAD 257521754423
BAD 257592656653
BAD 257592687031
BAD 257522253589
BAD 257522253607
BAD 257593261199
BAD 257593261201
BAD 257522541979
BAD 257522700833
BAD 257442372673
BAD 257503581343
BAD 257503581353
BAD 257600814371
BAD 257600814379
BAD 257442940561
BAD 257442940571
BAD 257601052913
BAD 257523509933
BAD 257443090369
BAD 257408296073
BAD 257523537883
BAD 257523812939
BAD 257523924971
BAD 257443594259
BAD 257443616981
BAD 257595472753
BAD 257505688613
BAD 257444278271
BAD 257595488701
BAD 257505910679
BAD 257505910681
BAD 257525238637
BAD 257410022203
BAD 257410022209
BAD 257410022213
BAD 257444746487
BAD 257445263899
BAD 257445273859
BAD 257602825399
BAD 257526459397
BAD 257411085331
BAD 257596567399
BAD 257527422443
BAD 257508187967
BAD 257508187969
BAD 257603603083
BAD 257508314407
BAD 257508314411
BAD 257508314423
BAD 257597232733
BAD 257528218043
BAD 257528218067
BAD 257528218069
BAD 257528218109
BAD 257528218111
BAD 257597800619
BAD 257604238819
BAD 257412969733
BAD 257447837951
BAD 257412969739
BAD 257447837953
BAD 257412969833
BAD 257509991701
BAD 257604474067
BAD 257529688153
BAD 257604732971
BAD 257448790777
BAD 257510847263
BAD 257598901033
BAD 257598984287
BAD 257598984289
BAD 257449064359
BAD 257449064371
BAD 257511046469
BAD 257511046477
BAD 257511123889
BAD 257414375453
BAD 257414375467
BAD 257414375473
BAD 257414412223
BAD 257605697473
BAD 257511495559
BAD 257512019423
BAD 257531462767
BAD 257512148653
BAD 257512330043
BAD 257531764123
BAD 257512750223
BAD 257512805293
BAD 257608265869
BAD 257513481713
BAD 257514251867
BAD 257416240463
BAD 257609883079
BAD 257416433657
BAD 257416561547
BAD 257417256667
BAD 257417256689
BAD 257417256713
BAD 257514991189
BAD 257514991193
BAD 257417362561
BAD 257611487911
BAD 257611998421
BAD 257419852463
BAD 257614721563
BAD 257614800271
BAD 257420524099
BAD 257420524111
BAD 257420524117
BAD 257420524121
BAD 257615024003
BAD 257615024011
BAD 257615024021
BAD 257615024087
BAD 257615024089
BAD 257615374987
BAD 257421371671
BAD 257421730219
BAD 257421730249
BAD 257422011331
BAD 257483301643
BAD 257422806539
BAD 257422812113
BAD 257423233141
BAD 257484227641
BAD 257424211909
BAD 257424542993
BAD 257424543007
BAD 257485918843
BAD 257485918847
BAD 257485918849
BAD 257486019563
BAD 257486019577
BAD 257486695513
BAD 257487525461
BAD 257488141891
BAD 257489355163
BAD 257489355173
BAD 257427778711
BAD 257427778717
BAD 257427778723
BAD 257427778733
BAD 257490064739
BAD 257490064789
BAD 257490064823
BAD 257490064829
BAD 257428015861
BAD 257490064831
BAD 257428098157
BAD 257428344361
BAD 257490804643
BAD 257490804653
BAD 257491108411
BAD 257491228937
BAD 257492519623
BAD 257430446003
BAD 257493397019
BAD 257493397027
BAD 257431047361
BAD 257493735869
BAD 257493735871
BAD 257537843753
BAD 257537843767
BAD 257493830221
BAD 257493830227
BAD 257493915229
BAD 257493915233
BAD 257431533397
BAD 257432163349
BAD 257432163353
BAD 257494864147
BAD 257494864183
BAD 257538513731
BAD 257538714793
BAD 257538714799
BAD 257495539243
BAD 257496073451
BAD 257540403193
BAD 257540713459
BAD 257496662473
BAD 257496662477
BAD 257497069433
BAD 257541071573
BAD 257497589423
BAD 257497589429
BAD 257497589431
BAD 257497901431
BAD 257541997187
BAD 257541997189
BAD 257541997201
BAD 257541997211
BAD 257541997213
BAD 257542451237
BAD 257499021631
BAD 257543102017
BAD 257543220569
BAD 257543338711
BAD 257543543053
BAD 257544023941
BAD 257544066601
BAD 257544066653
BAD 257544813403
BAD 257546003027
BAD 257546187473
BAD 257546512547
BAD 257546512549
BAD 257547163561
BAD 257547723637
BAD 257547723659
BAD 257547723661
BAD 257548526203
BAD 257548811393
BAD 257549007587
BAD 257651367683
BAD 257653232297
BAD 257653232299
BAD 257654721601
BAD 257654721607
BAD 257654721661
BAD 257654926681
BAD 257656159051
BAD 257656159099
BAD 257656515559
BAD 257659725541
BAD 257660212141
BAD 257660306791
BAD 257660508767
BAD 257660587579
BAD 257661419053
BAD 257661419063
BAD 257665060927
BAD 257665651003
BAD 257665708277
BAD 257665715023
BAD 257665715057
BAD 257666235199
BAD 257666847313
BAD 257634351721
BAD 257634775093
BAD 257634775109
BAD 257636088217
BAD 257636399497
BAD 257639283367
BAD 257639665343
BAD 257639977537
BAD 257640939481
BAD 257642196143
BAD 257643338377
BAD 257644410043
BAD 257644481327
BAD 257644481329
BAD 257645777041
BAD 257646956473
BAD 257647416413
BAD 257649869707
BAD 257649869767
BAD 257650141171
BAD 257701254541
BAD 257702222257
BAD 257703761899
BAD 257705402749
BAD 257705402753
BAD 257705402761
BAD 257705972021
BAD 257706205103
BAD 257707274479
BAD 257707592357
BAD 257707812253
BAD 257710886567
BAD 257710886569
BAD 257712321953
BAD 257712376937
BAD 257712376939
BAD 257712376963
BAD 257712484319
BAD 257712484321
BAD 257713768891
BAD 257713768987
BAD 257713797661
BAD 257713797667
BAD 257713797673
BAD 257714067229
BAD 257714083189
BAD 257715022321
BAD 257715311047
BAD 257715901231
BAD 257715901237
BAD 257715901241
BAD 257716553209
BAD 257734610543
BAD 257734653013
BAD 257734696567
BAD 257735568557
BAD 257736365191
BAD 257736583933
BAD 257736775463
BAD 257736881951
BAD 257736882079
BAD 257737601911
BAD 257740548959
BAD 257740566803
BAD 257740566817
BAD 257667595777
BAD 257741712323
BAD 257741712329
BAD 257741712331
BAD 257669523907
BAD 257669772193
BAD 257669772197
BAD 257669772253
BAD 257669891461
BAD 257744037931
BAD 257744037953
BAD 257670884719
BAD 257745198091
BAD 257670984451
BAD 257671018531
BAD 257671018547
BAD 257671116181
BAD 257671116191
BAD 257671116193
BAD 257745580097
BAD 257672149391
BAD 257747205953
BAD 257747654009
BAD 257747654011
BAD 257747842159
BAD 257673488609
BAD 257747899163
BAD 257748166657
BAD 257674164049
BAD 257674164053
BAD 257748882827
BAD 257748882829
BAD 257748882889
BAD 257748882893
BAD 257674935473
BAD 257749581083
BAD 257749631107
BAD 257675369227
BAD 257750226497
BAD 257675662273
BAD 257750373901
BAD 257751007477
BAD 257678041963
BAD 257678041969
BAD 257678205023
BAD 257679833933
BAD 257681107031
BAD 257683436063
BAD 257683523161
BAD 257683709093
BAD 257683709099
BAD 257684160763
BAD 257684519513
BAD 257684726953
BAD 257686244419
BAD 257687437313
BAD 257688286243
BAD 257688606781
BAD 257688643913
BAD 257688821941
BAD 257689627099
BAD 257689722893
BAD 257691324173
BAD 257691324181
BAD 257691641881
BAD 257691641929
BAD 257693111671
BAD 257693644669
BAD 257693644673
BAD 257693940797
BAD 257695198469
BAD 257695198471
BAD 257695955941
BAD 257696580751
BAD 257696580769
BAD 257696580773
BAD 257697010477
BAD 257698528291
BAD 257698636939
BAD 257717534957
BAD 257717534959
BAD 257717647331
BAD 257717647339
BAD 257718532873
BAD 257718532913
BAD 257718998239
BAD 257719170161
BAD 257721320833
BAD 257721465709
BAD 257885794981
BAD 257885795029
BAD 257885816233
BAD 257885816273
BAD 257885911273
BAD 257886442169
BAD 257886442171
BAD 257887144831
BAD 257887471381
BAD 257888218667
BAD 257970238139
BAD 257888941537
BAD 257889801361
BAD 257890468201
BAD 257890468211
BAD 257972356513
BAD 257972356519
BAD 257891581693
BAD 257973698791
BAD 257973965551
BAD 257973965563
BAD 257973965569
BAD 257973965573
BAD 257723488783
BAD 257724730141
BAD 257724730147
BAD 257897122531
BAD 257726770597
BAD 257726815217
BAD 257726815231
BAD 257726815243
BAD 257726815319
BAD 257726815321
BAD 257899431247
BAD 257727368797
BAD 257727368839
BAD 257899661221
BAD 257900274497
BAD 257900274539
BAD 257728225523
BAD 257728225543
BAD 257977085719
BAD 257977581503
BAD 257900958023
BAD 257979709909
BAD 257979709913
BAD 257835658853
BAD 257835696743
BAD 257835709619
BAD 257835821003
BAD 257835974639
BAD 257836612729
BAD 257836740067
BAD 257981149343
BAD 257981157569
BAD 257981157571
BAD 257729110843
BAD 257729342623
BAD 257729342641
BAD 257981846293
BAD 257729741791
BAD 257729741803
BAD 257729807903
BAD 257982198571
BAD 257982198647
BAD 257730149951
BAD 257730149953
BAD 257730149959
BAD 257730320371
BAD 257982801943
BAD 257730545243
BAD 257730545251
BAD 257730545257
BAD 257731115287
BAD 257731115293
BAD 257768788091
BAD 257769372739
BAD 257769609217
BAD 257769675571
BAD 257732647037
BAD 257732823323
BAD 257732823329
BAD 257732823331
BAD 257770368091
BAD 257984508643
BAD 257984508647
BAD 257770576549
BAD 257733204959
BAD 257733204961
BAD 257837323963
BAD 257837390543
BAD 257837847277
BAD 257837847283
BAD 257984508757
BAD 257771774243
BAD 257984733847
BAD 257984733901
BAD 257772185543
BAD 257838656521
BAD 257838825799
BAD 257773335403
BAD 257985866093
BAD 257773806403
BAD 257773806611
BAD 257773806613
BAD 257773806617
BAD 257773806623
BAD 257840170519
BAD 257840171761
BAD 257775899581
BAD 257840844539
BAD 257840844553
BAD 257776628429
BAD 257841370921
BAD 257776977649
BAD 257776998803
BAD 257842351883
BAD 257785674781
BAD 257785674787
BAD 257777293427
BAD 257777293429
BAD 257843582879
BAD 257843582881
BAD 257843736511
BAD 257843736517
BAD 257778513193
BAD 257786591197
BAD 257786735449
BAD 257778532871
BAD 257778532873
BAD 257778624659
BAD 257778624661
BAD 257844373999
BAD 257844700019
BAD 257787466711
BAD 257845084969
BAD 257845084999
BAD 257779593451
BAD 257845472761
BAD 257788355911
BAD 257788355917
BAD 257788355921
BAD 257845810163
BAD 257845813427
BAD 257845813429
BAD 257780177639
BAD 257788735189
BAD 257819592917
BAD 257819592949
BAD 257819850889
BAD 257801417389
BAD 257801603099
BAD 257820511063
BAD 257852045461
BAD 257781503689
BAD 257852363347
BAD 257782116287
BAD 257852914661
BAD 257821274773
BAD 257852914679
BAD 257821274779
BAD 257852914681
BAD 257821274783
BAD 257821289339
BAD 257821289357
BAD 257821289359
BAD 257853020879
BAD 257853020881
BAD 257821402313
BAD 257790698299
BAD 257790746071
BAD 257821670857
BAD 257821674931
BAD 257821674937
BAD 257821797617
BAD 257821797619
BAD 257803781611
BAD 257823408419
BAD 257792775379
BAD 257853707017
BAD 257846054959
BAD 257823408421
BAD 257846375123
BAD 257846633041
BAD 257846633047
BAD 257804403683
BAD 257804564989
BAD 257793392707
BAD 257793796399
BAD 257805962153
BAD 257848136999
BAD 257825442769
BAD 257856494869
BAD 257856494879
BAD 257856494881
BAD 257856494891
BAD 257856494893
BAD 257848484539
BAD 257920528637
BAD 257794783123
BAD 257920585651
BAD 257920751873
BAD 257795351509
BAD 257807280781
BAD 257795635709
BAD 257795635711
BAD 257795635717
BAD 257850439669
BAD 257828134919
BAD 257857771817
BAD 258021840803
BAD 257857771819
BAD 257795635729
BAD 257857771823
BAD 257986321613
BAD 257921122703
BAD 257783462917
BAD 258021840809
BAD 257986321633
BAD 258021840833
BAD 257921122709
BAD 258021840841
BAD 257828393869
BAD 257921307257
BAD 257903565767
BAD 257903565769
BAD 257986585853
BAD 257796120871
BAD 257796120877
BAD 258022202623
BAD 257784108781
BAD 258022251083
BAD 257851331209
BAD 257904200363
BAD 258003030499
BAD 258003030503
BAD 257796464399
BAD 257809182419
BAD 257829446513
BAD 257987706049
BAD 257922470461
BAD 257859814007
BAD 257859814013
BAD 258003840863
BAD 257905584457
BAD 257905584479
BAD 257830338683
BAD 258004060109
BAD 257810340181
BAD 257860327157
BAD 257860327159
BAD 257830580213
BAD 257798233093
BAD 257830827157
BAD 257906377523
BAD 257923363703
BAD 257798600753
BAD 257923557869
BAD 257989393297
BAD 257923744523
BAD 258024721909
BAD 258024721973
BAD 257907084233
BAD 257752199401
BAD 257752199423
BAD 258004943123
BAD 258025039543
BAD 257831739313
BAD 257868785917
BAD 258005311483
BAD 257752689253
BAD 257831911373
BAD 257799740857
BAD 258005606003
BAD 258025430777
BAD 258025430791
BAD 257869277977
BAD 257869277983
BAD 257832291403
BAD 257832291407
BAD 257869519717
BAD 258006101543
BAD 257812542601
BAD 257908972667
BAD 257908972669
BAD 257863101757
BAD 257863520227
BAD 257863520249
BAD 257863520251
BAD 257833190623
BAD 257833190627
BAD 257909633461
BAD 257909648329
BAD 257754363499
BAD 257754452887
BAD 257909936387
BAD 257909936419
BAD 257926934329
BAD 257871800117
BAD 257992439953
BAD 257834604877
BAD 257871800119
BAD 258007514497
BAD 257801186971
BAD 258026219813
BAD 257754542413
BAD 257834604883
BAD 257864384101
BAD 257834604893
BAD 257814289193
BAD 258007514503
BAD 258007514507
BAD 258007514509
BAD 257992461109
BAD 257754560461
BAD 257814347473
BAD 257754625741
BAD 257927114713
BAD 257910256441
BAD 257872157911
BAD 258026778109
BAD 258026778143
BAD 257910743773
BAD 257927697871
BAD 257927697947
BAD 257927697949
BAD 257927697953
BAD 257815121191
BAD 258008249503
BAD 258026864507
BAD 257993295323
BAD 258026864509
BAD 258008264309
BAD 258026894779
BAD 258026894803
BAD 258026894809
BAD 258026894813
BAD 258026894819
BAD 258026894821
BAD 257935761463
BAD 257935761469
BAD 257911262209
BAD 257936112953
BAD 257936194639
BAD 257815865413
BAD 258027377341
BAD 258009243277
BAD 257911912631
BAD 257911912633
BAD 257911912639
BAD 257873423807
BAD 257873423809
BAD 257873423813
BAD 258009400609
BAD 258009400613
BAD 257756672449
BAD 257994287987
BAD 258027829379
BAD 258009779243
BAD 257912130173
BAD 258027829391
BAD 258009779257
BAD 258027829393
BAD 258009783337
BAD 257928887149
BAD 258009984137
BAD 258009984139
BAD 258009984143
BAD 258009984149
BAD 258009984151
BAD 257994449441
BAD 257994449443
BAD 257929054267
BAD 257929054303
BAD 257817140143
BAD 257817151639
BAD 257817151643
BAD 258028091263
BAD 258028091273
BAD 257874273739
BAD 257874273749
BAD 257874273751
BAD 257866126019
BAD 257866126027
BAD 257874463181
BAD 257874463183
BAD 257874463193
BAD 257817870389
BAD 257866269929
BAD 257866269931
BAD 257912967469
BAD 257995225183
BAD 257938034927
BAD 257874877357
BAD 257874877369
BAD 257758353571
BAD 257758353577
BAD 257875120889
BAD 257996086367
BAD 258029554019
BAD 258029554021
BAD 257939179747
BAD 257939179753
BAD 257875636433
BAD 257930742061
BAD 257867017417
BAD 257867017423
BAD 257930773301
BAD 257930816557
BAD 257930816597
BAD 257930816599
BAD 257914386683
BAD 257867240161
BAD 257939805553
BAD 257931648553
BAD 257997310757
BAD 257997310759
BAD 258030882679
BAD 257760958789
BAD 257868308311
BAD 257953285573
BAD 257915560433
BAD 257941925887
BAD 257868308353
BAD 257933129689
BAD 257877919973
BAD 258013464707
BAD 257933129693
BAD 257997426143
BAD 258013464713
BAD 257997516253
BAD 257953542383
BAD 257761398509
BAD 257761398511
BAD 257761545709
BAD 257953698259
BAD 257953698263
BAD 257761719731
BAD 257998197563
BAD 257998197581
BAD 257998197607
BAD 258032027663
BAD 257762076667
BAD 257762091179
BAD 257762103553
BAD 257762125807
BAD 257762125853
BAD 257998570447
BAD 258014994817
BAD 257954819327
BAD 257916787651
BAD 257935477889
BAD 257943368191
BAD 257954819329
BAD 257762392163
BAD 258033471239
BAD 257954819333
BAD 257879681093
BAD 257879704111
BAD 257880001591
BAD 257880001627
BAD 257880001633
BAD 258034136011
BAD 257763132139
BAD 258015956371
BAD 258015959891
BAD 258015959893
BAD 258034538719
BAD 257763307807
BAD 257917807789
BAD 257917807793
BAD 257955827401
BAD 257917807879
BAD 257917807883
BAD 257955827407
BAD 257917807891
BAD 257918122927
BAD 257881379267
BAD 257764127279
BAD 257881379269
BAD 257956471051
BAD 258017603483
BAD 257944996667
BAD 257944996669
BAD 257944996681
BAD 258036092851
BAD 258036092869
BAD 258036238399
BAD 258036257131
BAD 257882194117
BAD 257882194123
BAD 257882429843
BAD 257882463701
BAD 257764803059
BAD 257764803061
BAD 258002394583
BAD 258002394589
BAD 258002394593
BAD 258002394607
BAD 257958105313
BAD 257958105319
BAD 257958105323
BAD 257883663967
BAD 257946218213
BAD 257884081249
BAD 257884081253
BAD 257884081267
BAD 257884081271
BAD 257766101303
BAD 257960033311
BAD 257960094949
BAD 257960643847
BAD 257960643859
BAD 257885006543
BAD 257885124083
BAD 257885124089
BAD 257960949541
BAD 257948124529
BAD 257948337407
BAD 257961653629
BAD 257949471383
BAD 257950079419
BAD 257950079423
BAD 257963445029
BAD 257963445031
BAD 257963715073
BAD 257963715083
BAD 257963715091
BAD 257964587147
BAD 257964587149
BAD 257951131283
BAD 257964885809
BAD 257964885811
BAD 257965170571
BAD 257968530763
BAD 257968530773
BAD 258053632961
BAD 258053846243
BAD 258037353811
BAD 258054290413
BAD 258038595949
BAD 258055201069
BAD 258041034011
BAD 258057158873
BAD 258041254019
BAD 258041254021
BAD 258041662609
BAD 258042443843
BAD 258044836607
BAD 258044836613
BAD 258045342967
BAD 258045373199
BAD 258045861079
BAD 258058209421
BAD 258058685147
BAD 258058735411
BAD 258059204113
BAD 258059204119
BAD 258059204147
BAD 258047643949
BAD 258047940671
BAD 258047940673
BAD 258048079087
BAD 258048796373
BAD 258060318233
BAD 258060670213
BAD 258060670223
BAD 258060841699
BAD 258050164199
BAD 258050164201
BAD 258050194291
BAD 258050367049
BAD 258062859233
BAD 258063456397
BAD 258063526969
BAD 258066377983
BAD 258066918523
BAD 258067450639
BAD 258067713713
BAD 258067713727
BAD 258087412321
BAD 258087488963
BAD 258087818333
BAD 258088052743
BAD 258088432307
BAD 258088432309
BAD 258088445683
BAD 258089670373
BAD 258090036461
BAD 258090902417
BAD 258070059241
BAD 258093674123
BAD 258093674129
BAD 258093674131
BAD 258094209371
BAD 258071427533
BAD 258071427541
BAD 258094678469
BAD 258094678489
BAD 258094853987
BAD 258072891977
BAD 258072967829
BAD 258073075471
BAD 258073729483
BAD 258073729493
BAD 258073729499
BAD 258073988371
BAD 258097969561
BAD 258098633179
BAD 258075548057
BAD 258099252979
BAD 258076772809
BAD 258076772813
BAD 258077093009
BAD 258077093011
BAD 258099908569
BAD 258077231003
BAD 258077231011
BAD 258100053823
BAD 258077691589
BAD 258078014191
BAD 258078014197
BAD 258078233603
BAD 258078695341
BAD 258078761221
BAD 258102165947
BAD 258102165949
BAD 258102165953
BAD 258080242129
BAD 258081371663
BAD 258082590613
BAD 258083531183
BAD 258083531191
BAD 258083975623
BAD 258083975629
BAD 258084476641
BAD 258086017289
BAD 258086017291
BAD 258086017309
BAD 258086017313
BAD 258086553271
BAD 258086553289
BAD 258104036431
BAD 258104108179
BAD 258105109169
BAD 258121873417
BAD 258121873423
BAD 258122088071
BAD 258122088073
BAD 258123981163
BAD 258124042667
BAD 258124239179
BAD 258124239181
BAD 258125042801
BAD 258125042803
BAD 258125042807
BAD 258125042809
BAD 258125387783
BAD 258125387791
BAD 258125399803
BAD 258128824199
BAD 258128824201
BAD 258129079391
BAD 258129079393
BAD 258108602639
BAD 258108602641
BAD 258108730249
BAD 258108730267
BAD 258108730291
BAD 258110464639
BAD 258111585023
BAD 258112187243
BAD 258112187261
BAD 258112187269
BAD 258112187273
BAD 258113165003
BAD 258113493181
BAD 258113991997
BAD 258113992001
BAD 258114351961
BAD 258114539173
BAD 258115409053
BAD 258116272343
BAD 258130332157
BAD 258118665379
BAD 258119099179
BAD 258133119067
BAD 258133119259
BAD 258133119263
BAD 258134770939
BAD 258134963363
BAD 258135350051
BAD 258135350063
BAD 258136099981
BAD 258137486161
BAD 258138989093
BAD 258139104191
BAD 258139718597
BAD 258139994423
BAD 258141572011
BAD 258143142349
BAD 258143142353
BAD 258143241841
BAD 258143527619
BAD 258143670571
BAD 258143670593
BAD 258143670613
BAD 258143859383
BAD 258143985193
BAD 258144744787
BAD 258144976681
BAD 258145039367
BAD 258145368913
BAD 258146321621
BAD 258148085773
BAD 258148795873
BAD 258150217231
BAD 258150217243
BAD 258150868769
BAD 258150868861
BAD 258150868867
BAD 258151374067
BAD 258151694659
BAD 258151694663
BAD 258151792013
BAD 258151986649
BAD 258151986661
BAD 258152779363
BAD 258153371611
BAD 258153371617
BAD 258238822837
BAD 258238822841
BAD 258238822843
BAD 258240040823
BAD 258241166047
BAD 258241406029
BAD 258241851473
BAD 258242467687
BAD 258242827729
BAD 258154610183
BAD 258154610191
BAD 258244276799
BAD 258244565401
BAD 258244565531
BAD 258244565533
BAD 258244565539
BAD 258155143583
BAD 258245715083
BAD 258246199957
BAD 258246456427
BAD 258246456431
BAD 258246456437
BAD 258158129927
BAD 258158348423
BAD 258247344203
BAD 258247607809
BAD 258158791427
BAD 258159106003
BAD 258248373263
BAD 258248392769
BAD 258248553853
BAD 258159422117
BAD 258159422119
BAD 258159422141
BAD 258405558419
BAD 258405558421
BAD 258405558427
BAD 258161155801
BAD 258406625731
BAD 258407471977
BAD 258407471981
BAD 258162321829
BAD 258162321847
BAD 258162754337
BAD 258162809903
BAD 258408010919
BAD 258408010921
BAD 258408012529
BAD 258408657281
BAD 258164135641
BAD 258408657289
BAD 258164543467
BAD 258164543477
BAD 258164543479
BAD 258409538041
BAD 258409538047
BAD 258410595529
BAD 258410595533
BAD 258165097781
BAD 258165244567
BAD 258410963299
BAD 258165377473
BAD 258411722983
BAD 258412151423
BAD 258412151429
BAD 258166021909
BAD 258166021913
BAD 258439065611
BAD 258413095373
BAD 258439321897
BAD 258249103303
BAD 258271610413
BAD 258249407989
BAD 258271886513
BAD 258271985791
BAD 258272012171
BAD 258168055031
BAD 258168055039
BAD 258250056709
BAD 258272541077
BAD 258422187641
BAD 258172211723
BAD 258422187643
BAD 258422378251
BAD 258250401679
BAD 258168953773
BAD 258423292997
BAD 258423292999
BAD 258423293003
BAD 258442172633
BAD 258442172641
BAD 258442379513
BAD 258170419579
BAD 258413470459
BAD 258274002277
BAD 258274002289
BAD 258274002293
BAD 258274002313
BAD 258274002319
BAD 258424501969
BAD 258413597137
BAD 258252264163
BAD 258252264173
BAD 258173467999
BAD 258252338453
BAD 258443243153
BAD 258443243173
BAD 258443282653
BAD 258173918603
BAD 258425188249
BAD 258444292679
BAD 258425188253
BAD 258414460861
BAD 258275193991
BAD 258414460867
BAD 258444409681
BAD 258444409693
BAD 258174198133
BAD 258444633289
BAD 258425481581
BAD 258425481583
BAD 258425586593
BAD 258444875881
BAD 258425692103
BAD 258425717101
BAD 258445000069
BAD 258174561023
BAD 258174561031
BAD 258174561041
BAD 258445169909
BAD 258275982791
BAD 258275982793
BAD 258275982847
BAD 258275982851
BAD 258275982859
BAD 258275982883
BAD 258275982893
BAD 258445481989
BAD 258445821107
BAD 258276677689
BAD 258445821121
BAD 258416290621
BAD 258416818771
BAD 258427301521
BAD 258175897403
BAD 258175897439
BAD 258175897501
BAD 258427521511
BAD 258427529053
BAD 258427529057
BAD 258278101901
BAD 258278101903
BAD 258278101919
BAD 258278228783
BAD 258427880093
BAD 258427998559
BAD 258448324891
BAD 258176876701
BAD 258448772693
BAD 258419219347
BAD 258419219351
BAD 258419812381
BAD 258419895211
BAD 258419895271
BAD 258279802519
BAD 258420207691
BAD 258429665621
BAD 258429665623
BAD 258280321499
BAD 258430126351
BAD 258187326751
BAD 258280321501
BAD 258421141603
BAD 258204166567
BAD 258187452329
BAD 258187452331
BAD 258430246733
BAD 258179793803
BAD 258179793811
BAD 258204325997
BAD 258204325999
BAD 258456055631
BAD 258180214249
BAD 258188197247
BAD 258188197249
BAD 258188197277
BAD 258188197297
BAD 258188197301
BAD 258188197303
BAD 258188197409
BAD 258204779797
BAD 258188330971
BAD 258180556103
BAD 258450120713
BAD 258188440571
BAD 258431087953
BAD 258281527703
BAD 258205182181
BAD 258205304311
BAD 258181413487
BAD 258457704079
BAD 258206217751
BAD 258432232111
BAD 258432232117
BAD 258432232213
BAD 258338978873
BAD 258206910229
BAD 258182771813
BAD 258182771863
BAD 258190149557
BAD 258190149559
BAD 258190178227
BAD 258283624253
BAD 258207349721
BAD 258207349723
BAD 258207349733
BAD 258283688423
BAD 258183448423
BAD 258183448433
BAD 258452407273
BAD 258452407303
BAD 258207889573
BAD 258207889801
BAD 258452902601
BAD 258184468757
BAD 258184468777
BAD 258184468783
BAD 258340789667
BAD 258340789669
BAD 258184558033
BAD 258305116529
BAD 258192154027
BAD 258340839613
BAD 258460802059
BAD 258192154069
BAD 258284262571
BAD 258210149413
BAD 258435765257
BAD 258453547403
BAD 258210224669
BAD 258460907633
BAD 258210332257
BAD 258192569059
BAD 258284690497
BAD 258461381707
BAD 258185461333
BAD 258210917303
BAD 258436709191
BAD 258285280459
BAD 258436962793
BAD 258285431087
BAD 258285431093
BAD 258193714729
BAD 258193714733
BAD 258455087243
BAD 258211462211
BAD 258211462219
BAD 258194425259
BAD 258194425261
BAD 258455384857
BAD 258211931641
BAD 258194461607
BAD 258194461649
BAD 258194477647
BAD 258194477657
BAD 258194477659
BAD 258194518349
BAD 258286481113
BAD 258286481119
BAD 258438191173
BAD 258438191177
BAD 258307759043
BAD 258438191213
BAD 258438191233
BAD 258438191237
BAD 258438275629
BAD 258307919491
BAD 258308125067
BAD 258308489851
BAD 258212755363
BAD 258212755369
BAD 258212837329
BAD 258287620469
BAD 258287620471
BAD 258287620477
BAD 258308998523
BAD 258287684071
BAD 258256451707
BAD 258463447261
BAD 258213628459
BAD 258463724333
BAD 258213628469
BAD 258256994587
BAD 258196535677
BAD 258257471761
BAD 258197231063
BAD 258311699137
BAD 258311699147
BAD 258465413497
BAD 258347552941
BAD 258465522229
BAD 258312728059
BAD 258198812687
BAD 258465707053
BAD 258216019163
BAD 258216019177
BAD 258313141913
BAD 258199594511
BAD 258466371953
BAD 258313660643
BAD 258466614829
BAD 258466614853
BAD 258466614859
BAD 258313921381
BAD 258313921387
BAD 258313921399
BAD 258260248849
BAD 258466981273
BAD 258349102951
BAD 258467288641
BAD 258200584399
BAD 258217588633
BAD 258314988793
BAD 258467288647
BAD 258217588723
BAD 258315110113
BAD 258315422033
BAD 258315422047
BAD 258200857591
BAD 258468070759
BAD 258351270241
BAD 258351270259
BAD 258261993193
BAD 258469189313
BAD 258219126343
BAD 258469629113
BAD 258317327819
BAD 258470011733
BAD 258470203819
BAD 258317651887
BAD 258470651287
BAD 258471456889
BAD 258471573439
BAD 258471589723
BAD 258290808571
BAD 258471654293
BAD 258471758423
BAD 258388838479
BAD 258388838503
BAD 258472071527
BAD 258319239803
BAD 258203210273
BAD 258389151767
BAD 258319239809
BAD 258203210281
BAD 258203210311
BAD 258354454261
BAD 258354454279
BAD 258472193311
BAD 258203507767
BAD 258291795547
BAD 258354788851
BAD 258319551719
BAD 258319551727
BAD 258389570171
BAD 258203779411
BAD 258390096841
BAD 258390188999
BAD 258292614737
BAD 258292614739
BAD 258292614743
BAD 258264614813
BAD 258264614821
BAD 258390477073
BAD 258390477077
BAD 258390477083
BAD 258390477089
BAD 258390477091
BAD 258390477097
BAD 258265119751
BAD 258293472007
BAD 258321055549
BAD 258321055561
BAD 258321055567
BAD 258321076669
BAD 258321076681
BAD 258265464007
BAD 258265464011
BAD 258265464013
BAD 258372340789
BAD 258321428513
BAD 258266072039
BAD 258266072041
BAD 258294701551
BAD 258355226047
BAD 258355226089
BAD 258355226093
BAD 258266449657
BAD 258266452243
BAD 258266452261
BAD 258295184479
BAD 258356239597
BAD 258267772207
BAD 258296393129
BAD 258296393137
BAD 258296393153
BAD 258357149551
BAD 258269160179
BAD 258269400503
BAD 258357934993
BAD 258223023007
BAD 258357934997
BAD 258298407509
BAD 258298407511
BAD 258270114943
BAD 258270114953
BAD 258223342261
BAD 258270601189
BAD 258270678751
BAD 258375690767
BAD 258394342537
BAD 258224506411
BAD 258224506417
BAD 258300293107
BAD 258300409123
BAD 258300409127
BAD 258359404873
BAD 258322822013
BAD 258300442063
BAD 258300442139
BAD 258300650203
BAD 258300650207
BAD 258300870593
BAD 258376618613
BAD 258376893727
BAD 258360211897
BAD 258360211919
BAD 258324096937
BAD 258225721939
BAD 258301964119
BAD 258324918961
BAD 258226493593
BAD 258325155617
BAD 258226607003
BAD 258325337393
BAD 258361893221
BAD 258361893233
BAD 258303128221
BAD 258362328971
BAD 258303304081
BAD 258303304087
BAD 258303304093
BAD 258303304099
BAD 258227351419
BAD 258303452513
BAD 258326359999
BAD 258326360003
BAD 258326360011
BAD 258396750347
BAD 258396750349
BAD 258326658607
BAD 258326663167
BAD 258326674561
BAD 258396879589
BAD 258396879593
BAD 258304086991
BAD 258379994513
BAD 258228167677
BAD 258228292279
BAD 258380387633
BAD 258380387663
BAD 258304635929
BAD 258380387669
BAD 258304635931
BAD 258380397439
BAD 258397525103
BAD 258364614127
BAD 258364722601
BAD 258365033629
BAD 258398004559
BAD 258398076949
BAD 258398076967
BAD 258381493973
BAD 258365840573
BAD 258398335537
BAD 258398618521
BAD 258382136093
BAD 258366917069
BAD 258366917071
BAD 258366917077
BAD 258230686039
BAD 258330943309
BAD 258230986423
BAD 258331598059
BAD 258383834453
BAD 258368681071
BAD 258368681093
BAD 258368681101
BAD 258400094429
BAD 258400094431
BAD 258400104631
BAD 258232039631
BAD 258332997541
BAD 258232244519
BAD 258232244521
BAD 258232244563
BAD 258400501069
BAD 258400501081
BAD 258400605391
BAD 258400893353
BAD 258333779131
BAD 258333875419
BAD 258333875453
BAD 258333875461
BAD 258233015741
BAD 258334054493
BAD 258384933379
BAD 258384933383
BAD 258401999551
BAD 258371140591
BAD 258371140597
BAD 258402267503
BAD 258334868899
BAD 258402578999
BAD 258402579013
BAD 258385747927
BAD 258402969829
BAD 258234541561
BAD 258234541619
BAD 258234541639
BAD 258234541681
BAD 258403647241
BAD 258387575723
BAD 258335691079
BAD 258387575731
BAD 258335691083
BAD 258234679723
BAD 258235086763
BAD 258235086773
BAD 258235086779
BAD 258336903287
BAD 258336903289
BAD 258336903301
BAD 258235892749
BAD 258235999039
BAD 258236944673
BAD 258237114019
BAD 258489272563
BAD 258489272603
BAD 258490167757
BAD 258490167763
BAD 258490167773
BAD 258490488427
BAD 258490706113
BAD 258491844991
BAD 258492634471
BAD 258494277499
BAD 258495043801
BAD 258495043841
BAD 258496071683
BAD 258474569359
BAD 258496670543
BAD 258474569363
BAD 258497194783
BAD 258497505841
BAD 258475639403
BAD 258475777771
BAD 258498004519
BAD 258476015269
BAD 258476015327
BAD 258476015353
BAD 258498442949
BAD 258498914783
BAD 258476862211
BAD 258499435561
BAD 258499648651
BAD 258500124601
BAD 258500297101
BAD 258500988157
BAD 258501041371
BAD 258501281981
BAD 258478607509
BAD 258501861833
BAD 258501861887
BAD 258503532923
BAD 258503532929
BAD 258504418111
BAD 258505756877
BAD 258505756879
BAD 258481320677
BAD 258481320679
BAD 258481320683
BAD 258482312551
BAD 258482388293
BAD 258483074321
BAD 258483074323
BAD 258484258013
BAD 258485053927
BAD 258485053933
BAD 258485117689
BAD 258486934339
BAD 258486934351
BAD 258488962961
BAD 258489244973
BAD 258506831017
BAD 258506831021
BAD 258509921869
BAD 258510687811
BAD 258511531477
BAD 258512107507
BAD 258512539631
BAD 258512539633
BAD 258513384091
BAD 258513384097
BAD 258514601963
BAD 258517988273
BAD 258518141797
BAD 258518141801
BAD 258518141803
BAD 258518615843
BAD 258519012187
BAD 258519690281
BAD 258520188413
BAD 258520986481
BAD 258524854457
BAD 258524854459
BAD 258526066651
BAD 258527069923
BAD 258527295083
BAD 258529620467
BAD 258529620469
BAD 258529620473
BAD 258529749503
BAD 258529857151
BAD 258529857161
BAD 258529857163
BAD 258530507437
BAD 258530967833
BAD 258530967839
BAD 258530967841
BAD 258534109297
BAD 258534288757
BAD 258536250901
BAD 258536250911
BAD 258536250913
BAD 258540852893
BAD 258542999593
BAD 258542999599
BAD 258543040039
BAD 258543133463
BAD 258543172037
BAD 258543587119
BAD 258544395413
BAD 258544686793
BAD 258544686821
BAD 258544686823
BAD 258546747853
BAD 258547219529
BAD 258547219613
BAD 258548074831
BAD 258549192227
BAD 258549192229
BAD 258551525623
BAD 258552788759
BAD 258552788761
BAD 258553038871
BAD 258553038893
BAD 258553038907
BAD 258590090287
BAD 258590308121
BAD 258590308127
BAD 258554280997
BAD 258591706283
BAD 258591706327
BAD 258642182543
BAD 258642182549
BAD 258592267343
BAD 258555284657
BAD 258555439957
BAD 258593454473
BAD 258741908251
BAD 258691818173
BAD 258741908261
BAD 258595932391
BAD 258741908263
BAD 258596151313
BAD 258596218843
BAD 258596218883
BAD 258692208457
BAD 258692208503
BAD 258596359817
BAD 258596359831
BAD 258596497223
BAD 258596879551
BAD 258597142201
BAD 258692994913
BAD 258597267697
BAD 258597267701
BAD 258597267703
BAD 258597267713
BAD 258597313001
BAD 258597313027
BAD 258597519863
BAD 258597880951
BAD 258598766537
BAD 258598766539
BAD 258694929611
BAD 258745288129
BAD 258745462291
BAD 258644681231
BAD 258644681233
BAD 258644681657
BAD 258644681693
BAD 258600190169
BAD 258696536437
BAD 258696711313
BAD 258697193647
BAD 258602060699
BAD 258602060701
BAD 258602060707
BAD 258602060713
BAD 258602313863
BAD 258699179119
BAD 258660209491
BAD 258699575863
BAD 258699575867
BAD 258699575903
BAD 258699575909
BAD 258699575917
BAD 258661064663
BAD 258661282703
BAD 258661282727
BAD 258661431139
BAD 258661605703
BAD 258604856527
BAD 258661739143
BAD 258661739153
BAD 258661739159
BAD 258661845997
BAD 258661846013
BAD 258662163871
BAD 258662163887
BAD 258662163889
BAD 258662422429
BAD 258662521891
BAD 258606249949
BAD 258606664853
BAD 258703456513
BAD 258664516519
BAD 258704287747
BAD 258664882537
BAD 258664882583
BAD 258704496377
BAD 258674837287
BAD 258666305671
BAD 258666305719
BAD 258751223167
BAD 258751223173
BAD 258751223183
BAD 258666578879
BAD 258666578881
BAD 258706205269
BAD 258666658981
BAD 258650118593
BAD 258650118599
BAD 258751689643
BAD 258751784413
BAD 258676301963
BAD 258752164529
BAD 258752164549
BAD 258650572681
BAD 258753316141
BAD 258651554677
BAD 258668293649
BAD 258668293651
BAD 258668293669
BAD 258651853013
BAD 258651853027
BAD 258668780663
BAD 258652271093
BAD 258652271107
BAD 258669108781
BAD 258669108787
BAD 258652586131
BAD 258669370261
BAD 258669370273
BAD 258669370307
BAD 258652763209
BAD 258754806707
BAD 258652965523
BAD 258653047589
BAD 258653047591
BAD 258653056331
BAD 258653056381
BAD 258653128189
BAD 258653128193
BAD 258653128213
BAD 258670860883
BAD 258670860901
BAD 258681012539
BAD 258670966891
BAD 258681187447
BAD 258756211111
BAD 258671203579
BAD 258681187459
BAD 258671203597
BAD 258756211117
BAD 258756211121
BAD 258756211123
BAD 258756211163
BAD 258654300797
BAD 258671403983
BAD 258671403989
BAD 258757032739
BAD 258672118921
BAD 258672165793
BAD 258672165797
BAD 258757453967
BAD 258655182361
BAD 258655718033
BAD 258655718089
BAD 258655994819
BAD 258655994827
BAD 258673562201
BAD 258673641893
BAD 258656738617
BAD 258684362483
BAD 258685212241
BAD 258686396431
BAD 258688207403
BAD 258688422803
BAD 258688886857
BAD 258689036033
BAD 258689048701
BAD 258689048719
BAD 258689279003
BAD 258708266911
BAD 258708266923
BAD 258708603053
BAD 258709080871
BAD 258709573103
BAD 258711452761
BAD 258712621033
BAD 258712723057
BAD 258715102993
BAD 258715102999
BAD 258758173931
BAD 258718063003
BAD 258718063007
BAD 258759167783
BAD 258719003857
BAD 258719014777
BAD 258721008199
BAD 258761605987
BAD 258761606023
BAD 258721152439
BAD 258607441097
BAD 258721899937
BAD 258762545863
BAD 258721972409
BAD 258557077531
BAD 258557080081
BAD 258763029047
BAD 258722890549
BAD 258763029053
BAD 258608979151
BAD 258763029073
BAD 258763029079
BAD 258722950433
BAD 258609427883
BAD 258609427897
BAD 258723325327
BAD 258609717367
BAD 258723380567
BAD 258723380569
BAD 258763972021
BAD 258764332247
BAD 258764332249
BAD 258764332301
BAD 258764332303
BAD 258764545483
BAD 258558609901
BAD 258765086989
BAD 258559386409
BAD 258559386413
BAD 258611348819
BAD 258611348843
BAD 258611371607
BAD 258765431933
BAD 258611444303
BAD 258611882119
BAD 258766230563
BAD 258613400713
BAD 258725153539
BAD 258560715901
BAD 258613489391
BAD 258766409029
BAD 258766409039
BAD 258614492173
BAD 258561807073
BAD 258614536043
BAD 258562846963
BAD 258562846973
BAD 258615635903
BAD 258727805563
BAD 258727805579
BAD 258616036183
BAD 258769186847
BAD 258769186849
BAD 258769201283
BAD 258728126873
BAD 258769521827
BAD 258616293919
BAD 258616293953
BAD 258728495327
BAD 258728495329
BAD 258728571203
BAD 258728571217
BAD 258728571263
BAD 258728571271
BAD 258729034517
BAD 258729034519
BAD 258618885037
BAD 258565979863
BAD 258729034523
BAD 258566211217
BAD 258619538431
BAD 258566659399
BAD 258566659457
BAD 258566659459
BAD 258729633103
BAD 258619885561
BAD 258620127893
BAD 258730088657
BAD 258567621469
BAD 258567631603
BAD 258568035139
BAD 258731067047
BAD 258568744867
BAD 258622258093
BAD 258731464259
BAD 258731464261
BAD 258622424077
BAD 258622509773
BAD 258731738281
BAD 258569610913
BAD 258623058979
BAD 258623058983
BAD 258623059007
BAD 258623467561
BAD 258770403407
BAD 258570277613
BAD 258570277619
BAD 258570277621
BAD 258570277633
BAD 258570337703
BAD 258570608987
BAD 258772078291
BAD 258772078297
BAD 258571627081
BAD 258572051533
BAD 258572051537
BAD 258734544121
BAD 258734544151
BAD 258773782543
BAD 258791753333
BAD 258735107633
BAD 258735107641
BAD 258774326207
BAD 258843075593
BAD 258792418459
BAD 258792418499
BAD 258792528307
BAD 258735694549
BAD 258793177373
BAD 258793569409
BAD 258793569413
BAD 258793950619
BAD 258808184903
BAD 258808184911
BAD 258808184927
BAD 258808184939
BAD 258808184941
BAD 258844508521
BAD 258808443263
BAD 258808443269
BAD 258738330913
BAD 258844897951
BAD 258738606349
BAD 258738941063
BAD 258795352507
BAD 258739037633
BAD 258739037659
BAD 258795788963
BAD 258810459811
BAD 258810459857
BAD 258810459871
BAD 258740637013
BAD 258797104549
BAD 258740885233
BAD 258797346289
BAD 258811377301
BAD 258797877139
BAD 258811694003
BAD 258859073569
BAD 258859857079
BAD 258859857083
BAD 258799418503
BAD 258799481663
BAD 258813150697
BAD 258813236333
BAD 258775169777
BAD 258849518009
BAD 258777098803
BAD 258862229503
BAD 258814565041
BAD 258625394113
BAD 258800498989
BAD 258814565101
BAD 258625394123
BAD 258800498993
BAD 258625458961
BAD 258777536093
BAD 258800913493
BAD 258849992803
BAD 258815122297
BAD 258777990671
BAD 258777990673
BAD 258777990683
BAD 258815140127
BAD 258801415429
BAD 258815906233
BAD 258802741513
BAD 258802741517
BAD 258850853441
BAD 258816261931
BAD 258851222059
BAD 258864628213
BAD 258851337973
BAD 258851372149
BAD 258851372161
BAD 258851372183
BAD 258851372191
BAD 258865166249
BAD 258781508603
BAD 258851374643
BAD 258628373719
BAD 258865166251
BAD 258805069363
BAD 258628373753
BAD 258818676619
BAD 258805069381
BAD 258818676631
BAD 258781745153
BAD 258781951097
BAD 258865925063
BAD 258866015851
BAD 258852276773
BAD 258819537721
BAD 258806512969
BAD 258819619679
BAD 258782835931
BAD 258866740609
BAD 258783587947
BAD 258867624413
BAD 258783874639
BAD 258783969449
BAD 258807834053
BAD 258807958373
BAD 258784195093
BAD 258784195097
BAD 258784195099
BAD 258868102159
BAD 258820727663
BAD 258868102169
BAD 258784203949
BAD 258868102177
BAD 258855244133
BAD 258855244147
BAD 258855265577
BAD 258784463363
BAD 258631024469
BAD 258631024471
BAD 258869229917
BAD 258869229919
BAD 258869229943
BAD 258631773409
BAD 258786522697
BAD 258857171873
BAD 258857171879
BAD 258822467713
BAD 258822521869
BAD 258822521873
BAD 258870779281
BAD 258870779333
BAD 258822749123
BAD 258822749131
BAD 258857615017
BAD 258857615021
BAD 258857615039
BAD 258857615041
BAD 258857615059
BAD 258822860633
BAD 258857954323
BAD 258857954339
BAD 258871350863
BAD 258871350869
BAD 258871350893
BAD 258632974879
BAD 258632974883
BAD 258872282261
BAD 258872751289
BAD 258634082611
BAD 258634418773
BAD 258789081823
BAD 258789303203
BAD 258789303211
BAD 258789635081
BAD 258873682313
BAD 258873736613
BAD 258789922717
BAD 258789922723
BAD 258789989149
BAD 258789989153
BAD 258635963137
BAD 258790448407
BAD 258636104543
BAD 258636104567
BAD 258875128097
BAD 258790951877
BAD 258637207421
BAD 258639255113
BAD 258574060267
BAD 258574536301
BAD 258575608909
BAD 258575962111
BAD 258576072151
BAD 258577571983
BAD 258578175811
BAD 258578176163
BAD 258578427391
BAD 258578427397
BAD 258578912563
BAD 258579089113
BAD 258579753353
BAD 258579753361
BAD 258581325983
BAD 258583057517
BAD 258583235509
BAD 258583883491
BAD 258583883497
BAD 258584114531
BAD 258584114533
BAD 258584133043
BAD 258584768731
BAD 258584768737
BAD 258585123367
BAD 258586524253
BAD 258587208379
BAD 258587208409
BAD 258587316499
BAD 258588016831
BAD 258588698059
BAD 258826436887
BAD 258589824169
BAD 258589824173
BAD 258589826503
BAD 258589826507
BAD 258589826513
BAD 258827495137
BAD 258828519679
BAD 258828519683
BAD 258828528949
BAD 258829943881
BAD 258830060161
BAD 258831475501
BAD 258832057117
BAD 258832225681
BAD 258832268743
BAD 258832268749
BAD 258832589233
BAD 258832589237
BAD 258832817927
BAD 258832817933
BAD 258833479871
BAD 258833479873
BAD 258833634413
BAD 258834066773
BAD 258834066781
BAD 258834066787
BAD 258834066791
BAD 258834066793
BAD 258834066811
BAD 258834066823
BAD 258834066859
BAD 258834456247
BAD 258834935663
BAD 258835256689
BAD 258837258623
BAD 258837488137
BAD 258838467851
BAD 258838467863
BAD 258838467869
BAD 258838467871
BAD 258839905483
BAD 258927053269
BAD 258927102361
BAD 258927102367
BAD 258927280699
BAD 258927609173
BAD 258891933901
BAD 258927898783
BAD 258927898787
BAD 258927898819
BAD 258927936203
BAD 258927936209
BAD 258840856627
BAD 258894144583
BAD 258929914291
BAD 258894989123
BAD 258895055533
BAD 258895055581
BAD 258895055593
BAD 258895055609
BAD 258930435679
BAD 258895055611
BAD 258895325341
BAD 258895325347
BAD 258931856233
BAD 258931941379
BAD 258896298571
BAD 258932415509
BAD 258896834953
BAD 258934025033
BAD 258934134947
BAD 258898637639
BAD 258934857029
BAD 258934857031
BAD 258934857037
BAD 258935436451
BAD 258935752133
BAD 258936084689
BAD 258936084691
BAD 258936084707
BAD 258936084709
BAD 258937603621
BAD 258937603627
BAD 258937844413
BAD 258939224087
BAD 258939224099
BAD 258940327879
BAD 258940327883
BAD 258940327889
BAD 258940849939
BAD 258941648137
BAD 258941769869
BAD 258941769871
BAD 258941792957
BAD 258941944231
BAD 258901382293
BAD 258901807711
BAD 258903175873
BAD 258903379363
BAD 258904230743
BAD 258904245101
BAD 258905114987
BAD 258905114989
BAD 258905800319
BAD 258905800343
BAD 258905800381
BAD 258906241753
BAD 258906318113
BAD 258906809519
BAD 258906809521
BAD 258906809537
BAD 258907292351
BAD 258907292353
BAD 258908266651
BAD 258909157499
BAD 258909157501
BAD 258909959701
BAD 258910596877
BAD 258910596881
BAD 258910596883
BAD 258911451451
BAD 258912703267
BAD 258912703271
BAD 258912736883
BAD 258916394813
BAD 258918664289
BAD 258919430789
BAD 258919901857
BAD 258919901861
BAD 258923682559
BAD 258924202283
BAD 258876087167
BAD 258876087179
BAD 258876087181
BAD 258876473567
BAD 258876543319
BAD 258876575563
BAD 258879480581
BAD 258879960331
BAD 258879966421
BAD 258879966427
BAD 258880642253
BAD 258881191913
BAD 258881389009
BAD 258881389069
BAD 258881496371
BAD 258881532317
BAD 258882255767
BAD 258882255769
BAD 258882669937
BAD 258884568967
BAD 258885717383
BAD 258885717413
BAD 258886487239
BAD 258886691957
BAD 258886718327
BAD 258887564297
BAD 258888644083
BAD 258888644143
BAD 258891065701
BAD 258891065707
BAD 258891654481
BAD 258891654503
BAD 258891793031
BAD 258891793033
BAD 258944518747
BAD 258944968699
BAD 258944968703
BAD 258945515117
BAD 258945649111
BAD 258947722381
BAD 258947722433
BAD 258947737099
BAD 258947737231
BAD 258948267827
BAD 258948267829
BAD 258948267847
BAD 258948318487
BAD 258948750629
BAD 258948750631
BAD 258948750637
BAD 258949429831
BAD 258950224321
BAD 258951347887
BAD 258952750897
BAD 258953669647
BAD 259009720493
BAD 258953669657
BAD 258953669659
BAD 258954616171
BAD 259043773633
BAD 259043887591
BAD 259043887601
BAD 259043887603
BAD 258955692353
BAD 259044309709
BAD 259044441647
BAD 259026776551
BAD 259045784009
BAD 259045784033
BAD 259027732501
BAD 259046561491
BAD 259028358703
BAD 259029051343
BAD 259047339301
BAD 259047339307
BAD 259014232207
BAD 259029175313
BAD 259047563809
BAD 259048630249
BAD 259017449549
BAD 259030562881
BAD 259048686839
BAD 259017778853
BAD 259017778889
BAD 259017778891
BAD 259017778897
BAD 259017782003
BAD 259049327443
BAD 259018219223
BAD 259018439377
BAD 259050881273
BAD 259050957049
BAD 259019873443
BAD 259051695883
BAD 259020853043
BAD 259020853061
BAD 258957625159
BAD 258957879679
BAD 259021550239
BAD 258957879683
BAD 258957879689
BAD 258957925103
BAD 259021977659
BAD 259021977661
BAD 258958901087
BAD 258958901099
BAD 258958910999
BAD 258958928131
BAD 259023554191
BAD 259036173731
BAD 259036173733
BAD 259023845077
BAD 259024186219
BAD 259024186249
BAD 259036733707
BAD 259036733713
BAD 259025021317
BAD 259025021329
BAD 259037441737
BAD 259025719453
BAD 259026075943
BAD 259026075953
BAD 259026075989
BAD 259026075991
BAD 259038136073
BAD 259038136087
BAD 259038774829
BAD 259038774833
BAD 259052919841
BAD 259052919847
BAD 259053010277
BAD 259053010283
BAD 259039616839
BAD 259040335343
BAD 259054257131
BAD 259054746383
BAD 259054746473
BAD 259055574797
BAD 259055830409
BAD 259042240931
BAD 259056097193
BAD 258959595131
BAD 258959595133
BAD 259042299101
BAD 259042299119
BAD 259042299121
BAD 259042299127
BAD 259042299143
BAD 259056238919
BAD 259056574267
BAD 259056678119
BAD 259056678121
BAD 258961527247
BAD 258961552783
BAD 258961552807
BAD 258961552813
BAD 259057844179
BAD 259058179763
BAD 258962626771
BAD 258962626777
BAD 258962838661
BAD 258962851643
BAD 258963843023
BAD 259059651317
BAD 258964620841
BAD 258965230081
BAD 258965880473
BAD 258967006261
BAD 258967006267
BAD 258968218787
BAD 258969156307
BAD 258970640549
BAD 258971598233
BAD 258972867337
BAD 258973024861
BAD 258973133149
BAD 258974121353
BAD 258974201443
BAD 258974244167
BAD 258974244169
BAD 258974329849
BAD 258974466511
BAD 258995175403
BAD 258995880937
BAD 258996172739
BAD 258999471173
BAD 258999471217
BAD 258999471239
BAD 258999471251
BAD 258999471253
BAD 258999471257
BAD 258999471259
BAD 258999638869
BAD 259000173479
BAD 259000816609
BAD 259001024719
BAD 259001770789
BAD 259002471997
BAD 259002491753
BAD 259002988471
BAD 259003082003
BAD 259003087373
BAD 259003087381
BAD 259004301991
BAD 259004302003
BAD 259004731723
BAD 259006187353
BAD 259006187357
BAD 259006187359
BAD 259007648041
BAD 259178891407
BAD 259178976341
BAD 259179228109
BAD 259179228131
BAD 259179367663
BAD 259179765857
BAD 259179765863
BAD 259180942907
BAD 259182089527
BAD 259008476039
BAD 259009213237
BAD 259183884439
BAD 259185879871
BAD 259186276249
BAD 259186276253
BAD 259186614443
BAD 259190394979
BAD 259190394997
BAD 259190510573
BAD 258977056099
BAD 259191916427
BAD 258977056103
BAD 259191916429
BAD 259191916433
BAD 258977514721
BAD 258977514727
BAD 258978369613
BAD 259193865143
BAD 259193865157
BAD 258978809527
BAD 258979513921
BAD 258980978653
BAD 258981811643
BAD 258981916849
BAD 258983071937
BAD 258983802971
BAD 258985244801
BAD 258985835753
BAD 258985835761
BAD 258987922579
BAD 258987922591
BAD 258987922597
BAD 258987922619
BAD 258987922621
BAD 258988367497
BAD 258988367503
BAD 258989428073
BAD 258989428081
BAD 258989515891
BAD 258989515913
BAD 258989630807
BAD 258990966349
BAD 258991208041
BAD 258991208059
BAD 258991627117
BAD 259194272213
BAD 259060169419
BAD 259195767043
BAD 259195767067
BAD 259195767073
BAD 259195767079
BAD 259195867993
BAD 259195876169
BAD 259195876171
BAD 259196452093
BAD 259197182929
BAD 259197734641
BAD 259197997417
BAD 259062634847
BAD 259062634849
BAD 259063246171
BAD 259063609817
BAD 259063751413
BAD 259201196677
BAD 259064730679
BAD 259064730773
BAD 259161333203
BAD 259161733939
BAD 259077590929
BAD 259162507531
BAD 259162507561
BAD 259162599173
BAD 259078277839
BAD 259202496607
BAD 259066486711
BAD 259203565501
BAD 259066561373
BAD 259079132869
BAD 259203848089
BAD 259203848093
BAD 259066918613
BAD 259066918661
BAD 259164500537
BAD 259204419689
BAD 259204419703
BAD 259204419713
BAD 259080022081
BAD 259080022087
BAD 259067719819
BAD 259204821797
BAD 259165610653
BAD 259113492049
BAD 259113528851
BAD 259113528853
BAD 259166362867
BAD 259206377839
BAD 259070016239
BAD 259070016241
BAD 259070053063
BAD 259081514213
BAD 259114647991
BAD 259071189823
BAD 259127621791
BAD 259167339359
BAD 259093381441
BAD 259114647997
BAD 259071189827
BAD 259071189829
BAD 259167339373
BAD 259114728581
BAD 259167526823
BAD 259093829063
BAD 259093829069
BAD 259167888169
BAD 259168037873
BAD 259127973127
BAD 259168136609
BAD 259094403683
BAD 259094403691
BAD 259094435087
BAD 259128208373
BAD 259094531203
BAD 259115767109
BAD 259115767111
BAD 259115790943
BAD 259169169383
BAD 259169169421
BAD 259169169463
BAD 259116188437
BAD 259116198973
BAD 259096737751
BAD 259073163779
BAD 259128947261
BAD 259116199009
BAD 259261606217
BAD 259207322681
BAD 259228405993
BAD 259128947263
BAD 259261606229
BAD 259073163781
BAD 259228405999
BAD 259207322683
BAD 259228406011
BAD 259171428647
BAD 259210808029
BAD 259210986977
BAD 259129453489
BAD 259097548807
BAD 259097548817
BAD 259097548819
BAD 259097548823
BAD 259171872919
BAD 259208247343
BAD 259208247349
BAD 259130183993
BAD 259130184013
BAD 259211850593
BAD 259229455153
BAD 259145096033
BAD 259145096107
BAD 259133083829
BAD 259213517419
BAD 259172523901
BAD 259098818893
BAD 259133083831
BAD 259074092477
BAD 259208518369
BAD 259265299831
BAD 259074092479
BAD 259230394063
BAD 259074092489
BAD 259074092491
BAD 259074092539
BAD 259265351353
BAD 259213694041
BAD 259133408887
BAD 259172902673
BAD 259083355849
BAD 259265835869
BAD 259074603559
BAD 259074603563
BAD 259230726563
BAD 259230726581
BAD 259074645241
BAD 259083570077
BAD 259083570079
BAD 259173246503
BAD 259230862493
BAD 259145609399
BAD 259214566493
BAD 259075218247
BAD 259214566579
BAD 259075218251
BAD 259214566591
BAD 259075218253
BAD 259100129653
BAD 259100129657
BAD 259209567073
BAD 259209567077
BAD 259209567091
BAD 259084238993
BAD 259231701797
BAD 259214828297
BAD 259134663883
BAD 259209849013
BAD 259084478537
BAD 259084478539
BAD 259134979429
BAD 259075904753
BAD 259215099263
BAD 259215099301
BAD 259101017767
BAD 259135266833
BAD 259101077761
BAD 259101077777
BAD 259101077797
BAD 259076231573
BAD 259076231671
BAD 259076231699
BAD 259210308983
BAD 259210373131
BAD 259102228501
BAD 259215420469
BAD 259267763033
BAD 259234085983
BAD 259118023063
BAD 259174979689
BAD 259234085987
BAD 259234085989
BAD 259234085993
BAD 259234224233
BAD 259234224251
BAD 259234224253
BAD 259102583063
BAD 259102583087
BAD 259102583093
BAD 259268238239
BAD 259146994763
BAD 259085940511
BAD 259086170753
BAD 259086170773
BAD 259147239803
BAD 259139184617
BAD 259103158087
BAD 259103603971
BAD 259103603981
BAD 259103603989
BAD 259118806957
BAD 259139672321
BAD 259217109589
BAD 259139820133
BAD 259087982711
BAD 259271324311
BAD 259148408723
BAD 259235267623
BAD 259104431281
BAD 259235267653
BAD 259218151109
BAD 259104431359
BAD 259119953513
BAD 259218151111
BAD 259218214261
BAD 259271386351
BAD 259235523791
BAD 259271467859
BAD 259218852149
BAD 259272175627
BAD 259140838501
BAD 259088918329
BAD 259089320153
BAD 259089320159
BAD 259106118391
BAD 259237135621
BAD 259237154027
BAD 259089684289
BAD 259141944653
BAD 259121099101
BAD 259089934487
BAD 259150679497
BAD 259220466551
BAD 259220466553
BAD 259121156143
BAD 259150876031
BAD 259273820657
BAD 259273820671
BAD 259273820677
BAD 259090159771
BAD 259237517557
BAD 259237517579
BAD 259090270223
BAD 259090354373
BAD 259107164713
BAD 259237623019
BAD 259121656757
BAD 259121656771
BAD 259237762939
BAD 259090734787
BAD 259151727337
BAD 259221538483
BAD 259221538493
BAD 259238033917
BAD 259122586369
BAD 259122586417
BAD 259091436533
BAD 259152602477
BAD 259152602479
BAD 259152602509
BAD 259152672643
BAD 259123003519
BAD 259222296587
BAD 259152931679
BAD 259091856239
BAD 259238740867
BAD 259152931823
BAD 259091856241
BAD 259152931831
BAD 259238740939
BAD 259152931847
BAD 259275550519
BAD 259223000929
BAD 259238948687
BAD 259238948693
BAD 259239167123
BAD 259109745847
BAD 259223404283
BAD 259223453173
BAD 259239582037
BAD 259223950201
BAD 259240343521
BAD 259125212779
BAD 259125212783
BAD 259277411399
BAD 259125301759
BAD 259224994351
BAD 259125909619
BAD 259155026659
BAD 259155267403
BAD 259155267407
BAD 259226450179
BAD 259226450183
BAD 259243140931
BAD 259226815399
BAD 259226815403
BAD 259226815409
BAD 259226815411
BAD 259244526271
BAD 259244526293
BAD 259245245437
BAD 259243757449
BAD 259156529857
BAD 259156529861
BAD 259245673961
BAD 259245673963
BAD 259245674099
BAD 259245674101
BAD 259246131379
BAD 259246131383
BAD 259247262251
BAD 259158158269
BAD 259247433101
BAD 259247433103
BAD 259247662403
BAD 259159018051
BAD 259159090669
BAD 259248899911
BAD 259249282163
BAD 259250247871
BAD 259251274357
BAD 259251428419
BAD 259252188607
BAD 259252188623
BAD 259252237969
BAD 259252237973
BAD 259256308501
BAD 259256308523
BAD 259256908121
BAD 259256908123
BAD 259256908129
BAD 259256908133
BAD 259258647589
BAD 259259847751
BAD 259260798527
BAD 259311922091
BAD 259311954599
BAD 259314634393
BAD 259315156613
BAD 259315156627
BAD 259315156651
BAD 259315728979
BAD 259315728983
BAD 259315827259
BAD 259316322533
BAD 259316925269
BAD 259316949811
BAD 259317127231
BAD 259317200719
BAD 259318067971
BAD 259318404803
BAD 259318574899
BAD 259318574903
BAD 259319235983
BAD 259320000707
BAD 259295854343
BAD 259296009893
BAD 259296009899
BAD 259296009901
BAD 259297772039
BAD 259297772047
BAD 259297772051
BAD 259297772053
BAD 259297880987
BAD 259298380813
BAD 259299233959
BAD 259299754013
BAD 259300527691
BAD 259300527697
BAD 259300882747
BAD 259301103631
BAD 259301103637
BAD 259301103647
BAD 259301103653
BAD 259303228427
BAD 259303228433
BAD 259303228447
BAD 259323601543
BAD 259323601547
BAD 259323794441
BAD 259304072243
BAD 259304283263
BAD 259324652341
BAD 259324652381
BAD 259305075083
BAD 259324652383
BAD 259305075091
BAD 259325380033
BAD 259305746153
BAD 259327019533
BAD 259307087959
BAD 259327440241
BAD 259307473237
BAD 259307922563
BAD 259307922571
BAD 259307952103
BAD 259311009179
BAD 259311190147
BAD 259311190153
BAD 259278279991
BAD 259278684143
BAD 259279206169
BAD 259279528759
BAD 259279528763
BAD 259279533893
BAD 259279971091
BAD 259279971101
BAD 259280978317
BAD 259280978321
BAD 259280978323
BAD 259280978329
BAD 259280978353
BAD 259282512781
BAD 259284179923
BAD 259328994391
BAD 259328994443
BAD 259284385753
BAD 259285124603
BAD 259285175899
BAD 259330731619
BAD 259331204221
BAD 259286710381
BAD 259332676979
BAD 259287337733
BAD 259287573907
BAD 259287573911
BAD 259333182653
BAD 259333182679
BAD 259333577359
BAD 259334397481
BAD 259334887793
BAD 259335144583
BAD 259335223181
BAD 259335223183
BAD 259335986369
BAD 259337123663
BAD 259337123693
BAD 259337123699
BAD 259337123701
BAD 259337345497
BAD 259337361799
BAD 259337692909
BAD 259338484109
BAD 259339001629
BAD 259289358421
BAD 259289358431
BAD 259289358437
BAD 259289358457
BAD 259341337909
BAD 259341534149
BAD 259341912587
BAD 259341912589
BAD 259341912607
BAD 259341912611
BAD 259341958333
BAD 259341958339
BAD 259341986479
BAD 259341986483
BAD 259342208791
BAD 259290870931
BAD 259291117471
BAD 259293377243
BAD 259293587671
BAD 259378463833
BAD 259378544063
BAD 259378828823
BAD 259379243833
BAD 259379243863
BAD 259380038039
BAD 259380783481
BAD 259383344611
BAD 259383621743
BAD 259384831253
BAD 259384831261
BAD 259362771763
BAD 259414353103
BAD 259362771769
BAD 259395740243
BAD 259395740521
BAD 259395777211
BAD 259396086709
BAD 259396086713
BAD 259415078647
BAD 259415915783
BAD 259396948711
BAD 259364182397
BAD 259364182403
BAD 259364182411
BAD 259397108909
BAD 259397108911
BAD 259397108917
BAD 259397668157
BAD 259417020647
BAD 259365062753
BAD 259398203033
BAD 259417326109
BAD 259417487359
BAD 259417487491
BAD 259417487501
BAD 259365373129
BAD 259365373133
BAD 259365373139
BAD 259398762409
BAD 259365726289
BAD 259365954871
BAD 259418579821
BAD 259399230457
BAD 259399230469
BAD 259399230473
BAD 259386211267
BAD 259399293631
BAD 259386958529
BAD 259386958531
BAD 259400537887
BAD 259420812361
BAD 259401547411
BAD 259401547487
BAD 259420996717
BAD 259420996741
BAD 259420996753
BAD 259420996759
BAD 259420996763
BAD 259401966643
BAD 259401966647
BAD 259388760751
BAD 259421619889
BAD 259421619893
BAD 259389178219
BAD 259402732703
BAD 259402732711
BAD 259402732717
BAD 259402812709
BAD 259402862611
BAD 259403131723
BAD 259403131727
BAD 259422558559
BAD 259390154143
BAD 259390401797
BAD 259390401799
BAD 259365954877
BAD 259423313603
BAD 259423313629
BAD 259366738559
BAD 259367598601
BAD 259367799881
BAD 259405968839
BAD 259405968841
BAD 259405968869
BAD 259425553729
BAD 259425553733
BAD 259426296769
BAD 259426296781
BAD 259426583519
BAD 259426900573
BAD 259426900591
BAD 259370383213
BAD 259370383249
BAD 259370383253
BAD 259407928163
BAD 259370517509
BAD 259408118491
BAD 259371535573
BAD 259371573079
BAD 259391270959
BAD 259391271001
BAD 259428322799
BAD 259391271017
BAD 259428322801
BAD 259428459281
BAD 259409844271
BAD 259409844277
BAD 259392018967
BAD 259392103409
BAD 259392103423
BAD 259393225373
BAD 259393578193
BAD 259393903807
BAD 259411524899
BAD 259394121319
BAD 259394121323
BAD 259372546093
BAD 259372546099
BAD 259372953331
BAD 259372953337
BAD 259372953341
BAD 259373921071
BAD 259374102209
BAD 259374941783
BAD 259375950023
BAD 259376054633
BAD 259376135327
BAD 259376135329
BAD 259376996191
BAD 259377638213
BAD 259378086749
BAD 259378086791
BAD 259345321369
BAD 259345548103
BAD 259347339157
BAD 259347339179
BAD 259348686061
BAD 259349775799
BAD 259349775869
BAD 259349775871
BAD 259349775877
BAD 259349775887
BAD 259349775889
BAD 259349848489
BAD 259350107581
BAD 259350107587
BAD 259350456523
BAD 259350456571
BAD 259350610669
BAD 259351409111
BAD 259351999267
BAD 259351999271
BAD 259351999273
BAD 259352211787
BAD 259352691683
BAD 259353271237
BAD 259353985291
BAD 259353985301
BAD 259353985309
BAD 259355953567
BAD 259359034609
BAD 259360343183
BAD 259360343191
BAD 259360343197
BAD 259446569033
BAD 259447969763
BAD 259447969769
BAD 259447969771
BAD 259448647501
BAD 259448661239
BAD 259449204299
BAD 259449204307
BAD 259450112237
BAD 259450112239
BAD 259451278231
BAD 259451881463
BAD 259452419293
BAD 259453858739
BAD 259454080519
BAD 259454671813
BAD 259454762407
BAD 259457632327
BAD 259457920669
BAD 259458830473
BAD 259459441823
BAD 259459441841
BAD 259459441847
BAD 259459441849
BAD 259459441883
BAD 259459797031
BAD 259459858883
BAD 259498989209
BAD 259499019277
BAD 259499771761
BAD 259500035033
BAD 259500035051
BAD 259500475733
BAD 259500817273
BAD 259500817291
BAD 259501843351
BAD 259502290819
BAD 259502290823
BAD 259502290841
BAD 259502290849
BAD 259502338553
BAD 259504186943
BAD 259504254391
BAD 259504624163
BAD 259505742079
BAD 259505800013
BAD 259505800051
BAD 259506010147
BAD 259507328183
BAD 259509920773
BAD 259509955417
BAD 259510732549
BAD 259512398239
BAD 259462530931
BAD 259462556477
BAD 259462898339
BAD 259462898341
BAD 259428878923
BAD 259466733403
BAD 259466733413
BAD 259466733419
BAD 259430171881
BAD 259468256647
BAD 259468906831
BAD 259468906859
BAD 259468906861
BAD 259547359879
BAD 259547360161
BAD 259430946041
BAD 259547636809
BAD 259469462599
BAD 259431593243
BAD 259470206971
BAD 259548939281
BAD 259548939283
BAD 259699057207
BAD 259470668213
BAD 259549513403
BAD 259549513411
BAD 259549513423
BAD 259699697633
BAD 259432972027
BAD 259699970053
BAD 259433468033
BAD 259433497801
BAD 259433497823
BAD 259433755663
BAD 259433790799
BAD 259513576171
BAD 259472210227
BAD 259551127573
BAD 259472866361
BAD 259472866363
BAD 259514544917
BAD 259701328009
BAD 259701328013
BAD 259473540283
BAD 259473540353
BAD 259515210211
BAD 259552036553
BAD 259515449581
BAD 259598446477
BAD 259598446483
BAD 259598446511
BAD 259474306139
BAD 259474306141
BAD 259474357591
BAD 259702479691
BAD 259599097531
BAD 259702897073
BAD 259529943391
BAD 259517621689
BAD 259703157079
BAD 259518047573
BAD 259553768533
BAD 259476113599
BAD 259703472893
BAD 259476603283
BAD 259630427993
BAD 259555746949
BAD 259479159817
BAD 259519854983
BAD 259530722393
BAD 259630427999
BAD 259600423073
BAD 259519855013
BAD 259600423081
BAD 259519855019
BAD 259617033679
BAD 259479198703
BAD 259436437223
BAD 259476788267
BAD 259476788269
BAD 259600644593
BAD 259520098237
BAD 259600783903
BAD 259647359149
BAD 259520539013
BAD 259479720433
BAD 259437076799
BAD 259631523721
BAD 259631611777
BAD 259631611783
BAD 259556528501
BAD 259648404091
BAD 259437731767
BAD 259480081699
BAD 259480081703
BAD 259704143539
BAD 259618731371
BAD 259602635953
BAD 259633167623
BAD 259650295591
BAD 259602635959
BAD 259532584169
BAD 259522074703
BAD 259439305483
BAD 259633167631
BAD 259559453123
BAD 259633167637
BAD 259439305487
BAD 259480224713
BAD 259633303819
BAD 259633303861
BAD 259619187313
BAD 259650851221
BAD 259650851233
BAD 259560064481
BAD 259560064483
BAD 259633562341
BAD 259651182047
BAD 259603684693
BAD 259651386661
BAD 259651386667
BAD 259523153663
BAD 259523153761
BAD 259620025879
BAD 259620025883
BAD 259480982197
BAD 259533729529
BAD 259480982207
BAD 259480982209
BAD 259604719081
BAD 259634688697
BAD 259441243043
BAD 259441260623
BAD 259620862861
BAD 259652901337
BAD 259635023491
BAD 259535118683
BAD 259605682199
BAD 259605682261
BAD 259566816167
BAD 259566816169
BAD 259635287357
BAD 259566870151
BAD 259566870169
BAD 259442562503
BAD 259524274007
BAD 259524274021
BAD 259524274027
BAD 259524274033
BAD 259605978109
BAD 259567100209
BAD 259707894637
BAD 259482255229
BAD 259482255233
BAD 259567445303
BAD 259477918969
BAD 259567445309
BAD 259567445453
BAD 259477926749
BAD 259536483769
BAD 259536483799
BAD 259635621083
BAD 259635621107
BAD 259622467693
BAD 259709078933
BAD 259483021823
BAD 259622800673
BAD 259537116499
BAD 259444214063
BAD 259537316149
BAD 259537316153
BAD 259525275091
BAD 259655366303
BAD 259525379591
BAD 259525379593
BAD 259525379599
BAD 259444535047
BAD 259525433771
BAD 259525433773
BAD 259709959261
BAD 259525474499
BAD 259525474501
BAD 259623542489
BAD 259623542491
BAD 259623703957
BAD 259710210443
BAD 259579889753
BAD 259710307243
BAD 259483953307
BAD 259538094493
BAD 259538094503
BAD 259538094511
BAD 259538133329
BAD 259538133331
BAD 259445246351
BAD 259445246353
BAD 259656207511
BAD 259526529791
BAD 259526529793
BAD 259624178887
BAD 259624178951
BAD 259624178953
BAD 259608565949
BAD 259538683643
BAD 259711159021
BAD 259711267813
BAD 259580638579
BAD 259609030321
BAD 259580819917
BAD 259656723923
BAD 259580819929
BAD 259580819933
BAD 259681971443
BAD 259484730523
BAD 259484730529
BAD 259539498653
BAD 259625368283
BAD 259609720343
BAD 259625423089
BAD 259625423093
BAD 259638637483
BAD 259638637487
BAD 259657497961
BAD 259609983151
BAD 259625927081
BAD 259625927083
BAD 259625927087
BAD 259625927089
BAD 259540133443
BAD 259540183459
BAD 259581793771
BAD 259582017271
BAD 259528848673
BAD 259639861487
BAD 259639861489
BAD 259713654593
BAD 259713654643
BAD 259713654647
BAD 259582331059
BAD 259582331077
BAD 259582331081
BAD 259486249109
BAD 259486249111
BAD 259659083083
BAD 259627066043
BAD 259541332763
BAD 259486553429
BAD 259659164003
BAD 259611755639
BAD 259640477431
BAD 259659321451
BAD 259659321589
BAD 259583182051
BAD 259684202549
BAD 259684202551
BAD 259640848693
BAD 259572389429
BAD 259659800611
BAD 259541741881
BAD 259627827163
BAD 259627827187
BAD 259487450381
BAD 259584113993
BAD 259584114001
BAD 259487676887
BAD 259487677013
BAD 259641880579
BAD 259628294719
BAD 259685162521
BAD 259642104433
BAD 259542382559
BAD 259542382579
BAD 259628515067
BAD 259661217637
BAD 259661217643
BAD 259661217661
BAD 259573541419
BAD 259489191053
BAD 259573891177
BAD 259585300991
BAD 259585300993
BAD 259686036373
BAD 259686036377
BAD 259543244167
BAD 259686361171
BAD 259686361177
BAD 259686361189
BAD 259490090809
BAD 259490090837
BAD 259490090869
BAD 259644658817
BAD 259686697033
BAD 259686697051
BAD 259585907393
BAD 259644889261
BAD 259586140301
BAD 259586140309
BAD 259586140313
BAD 259544191303
BAD 259586335501
BAD 259687179067
BAD 259687179071
BAD 259687179079
BAD 259687179083
BAD 259575383581
BAD 259645598269
BAD 259544532353
BAD 259586928983
BAD 259646031613
BAD 259492184513
BAD 259492326323
BAD 259576430131
BAD 259545250043
BAD 259494082049
BAD 259494082051
BAD 259690245833
BAD 259494192271
BAD 259691438791
BAD 259714093297
BAD 259579053641
BAD 259691976703
BAD 259692084571
BAD 259579523569
BAD 259579523573
BAD 259579523579
BAD 259692386539
BAD 259715101889
BAD 259715101907
BAD 259579724869
BAD 259579724879
BAD 259579774621
BAD 259715437613
BAD 259590145531
BAD 259590145567
BAD 259590328411
BAD 259590340381
BAD 259693640951
BAD 259664485309
BAD 259716783803
BAD 259716783811
BAD 259694677111
BAD 259694677117
BAD 259694842543
BAD 259694943437
BAD 259694943439
BAD 259717629533
BAD 259695225949
BAD 259695259283
BAD 259718817601
BAD 259592375687
BAD 259592375689
BAD 259719343007
BAD 259696751569
BAD 259696770173
BAD 259667456903
BAD 259667456911
BAD 259720007303
BAD 259667755759
BAD 259593560747
BAD 259593560749
BAD 259668407561
BAD 259668407563
BAD 259668407591
BAD 259668407597
BAD 259668407599
BAD 259668407617
BAD 259721730349
BAD 259668763951
BAD 259722388529
BAD 259722388531
BAD 259669680293
BAD 259723884811
BAD 259724148067
BAD 259724276101
BAD 259726304503
BAD 259726304507
BAD 259672864051
BAD 259726705367
BAD 259726705369
BAD 259726966159
BAD 259673340079
BAD 259727218327
BAD 259727374177
BAD 259728053911
BAD 259731340417
BAD 259675117853
BAD 259729423279
BAD 259675616527
BAD 259730121773
BAD 259732271809
BAD 259730713973
BAD 259730713987
BAD 259677035791
BAD 259732652603
BAD 259732713533
BAD 259677424771
BAD 259733038399
BAD 259733298577
BAD 259733298613
BAD 259733302123
BAD 259677945407
BAD 259679244361
BAD 259679510479
BAD 259734357811
BAD 259679985613
BAD 259734637733
BAD 259734714989
BAD 259734714991
BAD 259680282859
BAD 259736380793
BAD 259737227527
BAD 259737340501
BAD 259737340507
BAD 259738906507
BAD 259740177553
BAD 259742949437
BAD 259742949439
BAD 259742949443
BAD 259742949481
BAD 259743333679
BAD 259743615683
BAD 259745129467
BAD 259745308793
BAD 259747406599
BAD 259747429751
BAD 259747429759
BAD 259999950799
BAD 259781294767
BAD 259782314933
BAD 259782681049
BAD 259783840669
BAD 259784460511
BAD 259784460521
BAD 259784460571
BAD 259784460577
BAD 259784460731
BAD 259784460743
BAD 259784667853
BAD 259784738243
BAD 259784813947
BAD 259785291613
BAD 259786751071
BAD 259786978757
BAD 259786978771
BAD 259787163791
BAD 259787163809
BAD 259790802211
BAD 259791040261
BAD 259791339541
BAD 259791339547
BAD 259792498663
BAD 259793360863
BAD 259793365771
BAD 259794004553
BAD 259747854263
BAD 259749339559
BAD 259796123149
BAD 259796193389
BAD 259749410093
BAD 259749410101
BAD 259797475853
BAD 259750649933
BAD 259750649971
BAD 259752667123
BAD 259798300733
BAD 259798352423
BAD 259798352431
BAD 259798641703
BAD 259754458363
BAD 259798874113
BAD 259799110763
BAD 259799110777
BAD 259800290083
BAD 259801010473
BAD 259758293633
BAD 259802156743
BAD 259802156749
BAD 259802156759
BAD 259758403783
BAD 259802776663
BAD 259802815757
BAD 259760487113
BAD 259760487121
BAD 259762291471
BAD 259762427279
BAD 259762967777
BAD 259807245587
BAD 259807245589
BAD 259762967881
BAD 259762967897
BAD 259762967899
BAD 259762967903
BAD 259763628781
BAD 259763952163
BAD 259764205963
BAD 259809712249
BAD 259809715063
BAD 259810063741
BAD 259810806223
BAD 259810818437
BAD 259810818439
BAD 259812187007
BAD 259812281371
BAD 259814043373
BAD 259814043409
BAD 259814200543
BAD 259764621619
BAD 259764621631
BAD 259765088333
BAD 259765781293
BAD 259765781311
BAD 259765781333
BAD 259767345473
BAD 259767445913
BAD 259767445939
BAD 259767445943
BAD 259769917513
BAD 259771341241
BAD 259771341259
BAD 259771755511
BAD 259771969711
BAD 259771969733
BAD 259772761783
BAD 259772761793
BAD 259773163943
BAD 259773163963
BAD 259774197349
BAD 259774233353
BAD 259774233359
BAD 259774233361
BAD 259774318213
BAD 259777392983
BAD 259777392997
BAD 259777533319
BAD 259778187871
BAD 259778249933
BAD 259778452099
BAD 259778877559
BAD 259778895863
BAD 259778895877
BAD 259779131713
BAD 259779131719
BAD 259815604921
BAD 259816182559
BAD 259816481791
BAD 259818050003
BAD 259819216453
BAD 259831842469
BAD 259832497879
BAD 259832592563
BAD 259832592581
BAD 259821495943
BAD 259833813121
BAD 259821768721
BAD 259834587877
BAD 259834587923
BAD 259823344493
BAD 259823344507
BAD 259823344513
BAD 259823356711
BAD 259823356717
BAD 259823356721
BAD 259823629201
BAD 259840012043
BAD 259840012049
BAD 259840012051
BAD 259840012057
BAD 259841149133
BAD 259841149147
BAD 259841149151
BAD 259826001881
BAD 259826002021
BAD 259826002027
BAD 259826041711
BAD 259843323799
BAD 259844469473
BAD 259844961557
BAD 259844961559
BAD 259844961613
BAD 259844961617
BAD 259844961619
BAD 259828382987
BAD 259845325673
BAD 259829120807
BAD 259829120809
BAD 259830181337
BAD 259830401003
BAD 259830418093
BAD 259830980267
BAD 259830980273
BAD 259846531963
BAD 259846531979
BAD 259846531981
BAD 259831207523
BAD 259846718863
BAD 259847028587
BAD 259847028691
BAD 259847252323
BAD 259847830793
BAD 259848632243
BAD 259848720049
BAD 259850718091
BAD 259852530391
BAD 259852530409
BAD 259853942087
BAD 259856048789
BAD 259856048791
BAD 259856952437
BAD 259856952469
BAD 259856952473
BAD 259860203623
BAD 259860706279
BAD 259861744999
BAD 259864576529
BAD 259915341871
BAD 259949423413
BAD 259949423417
BAD 259949423431
BAD 259949672071
BAD 259915814693
BAD 259950108239
BAD 259950108241
BAD 259916703217
BAD 259916703259
BAD 259950866933
BAD 259951214573
BAD 259918367641
BAD 259952888779
BAD 259899737791
BAD 259919062463
BAD 259919062471
BAD 259919062477
BAD 259919222753
BAD 259900310959
BAD 259900310963
BAD 259920532499
BAD 259901150693
BAD 259955158313
BAD 259955158403
BAD 259955530727
BAD 259955554447
BAD 259955778169
BAD 259902203299
BAD 259957282733
BAD 259903292083
BAD 259903292087
BAD 259903292093
BAD 259903292107
BAD 259958074169
BAD 259958074171
BAD 259904326133
BAD 259925158169
BAD 259925158189
BAD 259925308681
BAD 259959745547
BAD 259926095633
BAD 259905488417
BAD 259905488419
BAD 259926332461
BAD 259926332467
BAD 259960469903
BAD 259960469911
BAD 259881881603
BAD 259906079971
BAD 259882206869
BAD 259960795903
BAD 259906325143
BAD 259882493419
BAD 259982880119
BAD 259982880121
BAD 259927657909
BAD 259927743409
BAD 259966529903
BAD 259983289549
BAD 259927837783
BAD 259966638931
BAD 259961817301
BAD 259966791719
BAD 259928113639
BAD 259962129281
BAD 259962129283
BAD 259962129341
BAD 259883437553
BAD 259883437577
BAD 259883437579
BAD 259962266857
BAD 259962266873
BAD 259962324007
BAD 259928838581
BAD 259928838583
BAD 259928958361
BAD 259984526693
BAD 259932307861
BAD 259932307871
BAD 259884163403
BAD 259884620869
BAD 259967975401
BAD 259985299339
BAD 259933213789
BAD 259908515683
BAD 259885039187
BAD 259985299373
BAD 259885039189
BAD 259964187281
BAD 259964187283
BAD 259930594849
BAD 259930614199
BAD 259885699069
BAD 259930742179
BAD 259933939943
BAD 259933939949
BAD 259986058823
BAD 259986058837
BAD 259986058841
BAD 259885969639
BAD 259934318687
BAD 259934318689
BAD 259968837371
BAD 259931315617
BAD 259910356943
BAD 259935549859
BAD 259969870409
BAD 259969870411
BAD 259987835651
BAD 259987835659
BAD 259987835663
BAD 259987861519
BAD 259936504057
BAD 259970158397
BAD 259936504063
BAD 259911378763
BAD 259865460203
BAD 259936550431
BAD 259865460209
BAD 259970283787
BAD 259911511319
BAD 259988012341
BAD 259888773349
BAD 259889251577
BAD 259889251579
BAD 259889251591
BAD 259912587901
BAD 259889667707
BAD 259889802923
BAD 259889943037
BAD 259938547727
BAD 259938595537
BAD 259938595549
BAD 259913437117
BAD 259938875201
BAD 259938875269
BAD 259913714479
BAD 259913714483
BAD 259972826153
BAD 259989928453
BAD 259973199391
BAD 259939597343
BAD 259939597349
BAD 259940207083
BAD 259893098929
BAD 259893098939
BAD 259991710423
BAD 259991710441
BAD 259940950757
BAD 259975523089
BAD 259975523131
BAD 259992172511
BAD 259992172513
BAD 259893613093
BAD 259992541129
BAD 259976917853
BAD 259872380531
BAD 259976995051
BAD 259942909537
BAD 259872465383
BAD 259895158819
BAD 259895158829
BAD 259872624367
BAD 259872624379
BAD 259872624383
BAD 259994043613
BAD 259872965609
BAD 259994319511
BAD 259896304849
BAD 259944109603
BAD 259944158081
BAD 259944158083
BAD 259896418123
BAD 259873783123
BAD 259995026449
BAD 259873783139
BAD 259978465871
BAD 259995026453
BAD 259995026471
BAD 259995084421
BAD 259995125749
BAD 259995852481
BAD 259995852511
BAD 259979248189
BAD 259995852563
BAD 259995852593
BAD 259874727677
BAD 259874727683
BAD 259874727689
BAD 259996010389
BAD 259897363513
BAD 259897388239
BAD 259897388243
BAD 259897550677
BAD 259897550767
BAD 259980152381
BAD 259875959831
BAD 259875959869
BAD 259946797529
BAD 259898208527
BAD 259898208601
BAD 259997522537
BAD 259946988421
BAD 259997522539
BAD 259980896573
BAD 259946988437
BAD 259876433659
BAD 259980896579
BAD 259981182401
BAD 259981182403
BAD 259947724433
BAD 259947724447
BAD 259998402047
BAD 259998402049
BAD 259877356903
BAD 259982009101
BAD 259982009107
BAD 259982009117
BAD 259877550721
BAD 259982146703
BAD 259982146709
BAD 259982197219
BAD 259998921913
BAD 259878006007
BAD 259878006013
BAD 259878006023
BAD 259878006083
BAD 259999151791
BAD 259878855827
BAD 259878855829
BAD 259878855833
BAD 259879973557
BAD 259880002037
BAD 259880638879
BAD 259880638883
BAD 259880638891
BAD 259881565403
BAD 259881655171
RANGE 250000000000 260000000000 PRIMES 380744649 BAD 17233
