BAD 370184821933
BAD 370134763321
BAD 370134876931
BAD 370185701911
BAD 370338021013
BAD 370286740673
BAD 370186074317
BAD 370186074319
BAD 370287485521
BAD 370136168593
BAD 370136576633
BAD 370136645507
BAD 370136645509
BAD 370339492093
BAD 370137066913
BAD 370188754549
BAD 370189701229
BAD 370341886531
BAD 370290551833
BAD 370190815669
BAD 370343056861
BAD 370190909051
BAD 370345123517
BAD 370345123523
BAD 370345123537
BAD 370143326767
BAD 370143497677
BAD 370193723891
BAD 370193823523
BAD 370145234353
BAD 370347843949
BAD 370298558041
BAD 370195664089
BAD 370196570761
BAD 370196570767
BAD 370196570803
BAD 370196570813
BAD 370197844021
BAD 370350233167
BAD 370301916997
BAD 370154221399
BAD 370351209517
BAD 370199363819
BAD 370199932079
BAD 370146418933
BAD 370147098179
BAD 370156464943
BAD 370147514599
BAD 370147689601
BAD 370147769153
BAD 370149328069
BAD 370117580719
BAD 370117825949
BAD 370117825951
BAD 370159127207
BAD 370159127209
BAD 370160289539
BAD 370119181193
BAD 370161361579
BAD 370161432833
BAD 370163575127
BAD 370122778801
BAD 370163575129
BAD 370354695973
BAD 370131881563
BAD 370319489003
BAD 370319489009
BAD 370319489011
BAD 370319786971
BAD 370357732081
BAD 370000102687
BAD 370323515719
BAD 370323869543
BAD 370323892343
BAD 370361645923
BAD 370002253793
BAD 370002676213
BAD 370325918177
BAD 370326228227
BAD 370003297969
BAD 370003297973
BAD 370327257631
BAD 370327302893
BAD 370364319097
BAD 370364319103
BAD 370005851549
BAD 370329179791
BAD 370365781481
BAD 370365781483
BAD 370365870503
BAD 370235594321
BAD 370006896871
BAD 370007688803
BAD 370007688811
BAD 370237295971
BAD 370008374083
BAD 370331181611
BAD 370367724457
BAD 370331584607
BAD 370331584613
BAD 370009194523
BAD 370010221831
BAD 370238773789
BAD 370239584251
BAD 370011313603
BAD 370011313619
BAD 370011313621
BAD 370333622447
BAD 370333717561
BAD 370333817047
BAD 370333817057
BAD 370333817059
BAD 370334125787
BAD 370334125789
BAD 370334125793
BAD 370334541133
BAD 370334541221
BAD 370334566451
BAD 370334566453
BAD 370390107121
BAD 370334859383
BAD 370302191689
BAD 370335277357
BAD 370391842087
BAD 370391842091
BAD 370302797197
BAD 370302797201
BAD 370302797203
BAD 370014587543
BAD 370201359659
BAD 370243378937
BAD 370015148627
BAD 370015148641
BAD 370015148663
BAD 370015148669
BAD 370201958393
BAD 370016076853
BAD 370016076869
BAD 370016076893
BAD 370016076901
BAD 370016076917
BAD 370016076919
BAD 370016076931
BAD 370202326453
BAD 370202351851
BAD 370395260119
BAD 370395278657
BAD 370395278663
BAD 370016474183
BAD 370245252379
BAD 370245252383
BAD 370204322987
BAD 370204322989
BAD 370204322993
BAD 370396773853
BAD 370396801997
BAD 370396802033
BAD 370204550609
BAD 370204762877
BAD 370204762883
BAD 370205253811
BAD 370102130351
BAD 370102130353
BAD 370052817601
BAD 370052817671
BAD 370369276033
BAD 370399102943
BAD 370247927479
BAD 370311682133
BAD 370102972727
BAD 370102972741
BAD 370248083269
BAD 370311775711
BAD 370103512789
BAD 370312421207
BAD 370312723309
BAD 370249612351
BAD 370249612363
BAD 370249612367
BAD 370249612409
BAD 370371349529
BAD 370401748513
BAD 370208431669
BAD 370314507751
BAD 370218134113
BAD 370104463667
BAD 370371349531
BAD 370104463669
BAD 370218338641
BAD 370218338647
BAD 370371652537
BAD 370016813087
BAD 370218552133
BAD 370218552139
BAD 370402489943
BAD 370017186857
BAD 370017186859
BAD 370017186863
BAD 370372459397
BAD 370372459399
BAD 370315789771
BAD 370209794203
BAD 370373109173
BAD 370086265909
BAD 370106568203
BAD 370373802943
BAD 370316472413
BAD 370316784259
BAD 370316784263
BAD 370316784293
BAD 370171611179
BAD 370088408663
BAD 370034167193
BAD 370062397157
BAD 370318072363
BAD 370220947543
BAD 370375213763
BAD 370108972049
BAD 370062400973
BAD 370171882819
BAD 370063175627
BAD 370172763271
BAD 370022697199
BAD 370022697203
BAD 370110120781
BAD 370064277383
BAD 370173497873
BAD 370215460597
BAD 370036338761
BAD 370064483251
BAD 370064770093
BAD 370223606839
BAD 370174115029
BAD 370378242961
BAD 370174607093
BAD 370092089839
BAD 370216734127
BAD 370216734137
BAD 370216734143
BAD 370217273539
BAD 370066201361
BAD 370038294359
BAD 370038294361
BAD 370038294443
BAD 370092914603
BAD 370379189899
BAD 370176048149
BAD 370066848079
BAD 370066848083
BAD 370066883971
BAD 370380039163
BAD 370226702179
BAD 370095090949
BAD 370114071707
BAD 370027307593
BAD 370382175643
BAD 370179115741
BAD 370042169971
BAD 370042169989
BAD 370042170019
BAD 370096830847
BAD 370179435961
BAD 370042347617
BAD 370383226987
BAD 370042666493
BAD 370042666507
BAD 370115757881
BAD 370180437721
BAD 370383641843
BAD 370028608069
BAD 370180944421
BAD 370116316993
BAD 370029011879
BAD 370043835211
BAD 370029011881
BAD 370098742339
BAD 370385193901
BAD 370043835229
BAD 370230698221
BAD 370043835233
BAD 370184235451
BAD 370043835247
BAD 370043835253
BAD 370117303769
BAD 370117303771
BAD 370045066309
BAD 370232846063
BAD 370232846077
BAD 370232846083
BAD 370232846089
BAD 370232966161
BAD 370046216629
BAD 370233456169
BAD 370234089041
BAD 370033325873
BAD 370033518013
BAD 370271193997
BAD 370273348337
BAD 370274219101
BAD 370274663623
BAD 370275192607
BAD 370276026889
BAD 370276026907
BAD 370276495373
BAD 370277275703
BAD 370277578193
BAD 370277980181
BAD 370071408211
BAD 370279032143
BAD 370074344131
BAD 370074859663
BAD 370074859673
BAD 370281878867
BAD 370281878873
BAD 370078468121
BAD 370078468159
BAD 370078468183
BAD 370078468187
BAD 370078468189
BAD 370079743673
BAD 370079743687
BAD 370079945633
BAD 370079945647
BAD 370080512443
BAD 370253389729
BAD 370254716423
BAD 370256975689
BAD 370257545431
BAD 370259190701
BAD 370259190703
BAD 370263982117
BAD 370265124227
BAD 370265124233
BAD 370265124239
BAD 370266024917
BAD 370266024923
BAD 370267598867
BAD 370267735543
BAD 370453648403
BAD 370456933291
BAD 370458883591
BAD 370459688971
BAD 370459688981
BAD 370459688983
BAD 370460723663
BAD 370461126073
BAD 370461461213
BAD 370461461221
BAD 370463985043
BAD 370463985049
BAD 370464098611
BAD 370465550293
BAD 370465550303
BAD 370466165753
BAD 370467270181
BAD 370436795983
BAD 370436796007
BAD 370437054971
BAD 370469809001
BAD 370469809007
BAD 370469809009
BAD 370471648873
BAD 370472146069
BAD 370473662621
BAD 370473662623
BAD 370442013427
BAD 370443425857
BAD 370446586997
BAD 370446587011
BAD 370446587041
BAD 370446726101
BAD 370446726103
BAD 370476269363
BAD 370476269389
BAD 370477325011
BAD 370448500151
BAD 370450306033
BAD 370479758323
BAD 370480325261
BAD 370480325263
BAD 370481466083
BAD 370451328119
BAD 370451642723
BAD 370451642731
BAD 370483762133
BAD 370483762153
BAD 370452047843
BAD 370484231527
BAD 370452855481
BAD 370485838279
BAD 370487897599
BAD 370491210787
BAD 370494065873
BAD 370500104281
BAD 370500104287
BAD 370500448649
BAD 370500448651
BAD 370501599271
BAD 370501599277
BAD 370501599337
BAD 370502483123
BAD 370755622379
BAD 370755870157
BAD 370755870193
BAD 370757491849
BAD 370758579319
BAD 370758891289
BAD 370656037993
BAD 370656114041
BAD 370759308281
BAD 370759308313
BAD 370657224439
BAD 370760534891
BAD 370760534933
BAD 370760534939
BAD 370760534941
BAD 370761769699
BAD 370762376251
BAD 370767073013
BAD 370767167003
BAD 370767167009
BAD 370767167011
BAD 370421297693
BAD 370738312759
BAD 370768122631
BAD 370768239077
BAD 370739332283
BAD 370665740387
BAD 370665740413
BAD 370769993807
BAD 370770140509
BAD 370770140513
BAD 370770140527
BAD 370770140669
BAD 370423728931
BAD 370537932229
BAD 370667113849
BAD 370770887659
BAD 370743451643
BAD 370743451657
BAD 370424941223
BAD 370743610141
BAD 370425630583
BAD 370539384829
BAD 370539384847
BAD 370744321573
BAD 370744321583
BAD 370744439567
BAD 370668238909
BAD 370668568763
BAD 370744951963
BAD 370745163311
BAD 370427200237
BAD 370670222893
BAD 370745412421
BAD 370542880363
BAD 370542880369
BAD 370544891617
BAD 370430301139
BAD 370430382529
BAD 370430382533
BAD 370749163501
BAD 370749404827
BAD 370749404833
BAD 370430912443
BAD 370750552283
BAD 370432310093
BAD 370432638649
BAD 370434002011
BAD 370754465987
BAD 370754465989
BAD 370521186047
BAD 370521493129
BAD 370521493141
BAD 370521915349
BAD 370521915353
BAD 370522584721
BAD 370522584727
BAD 370522584769
BAD 370553912273
BAD 370553912299
BAD 370553912543
BAD 370553912569
BAD 370529156219
BAD 370530162731
BAD 370530162733
BAD 370571959913
BAD 370555942261
BAD 370572914927
BAD 370572914947
BAD 370532293039
BAD 370573388123
BAD 370532863963
BAD 370557279151
BAD 370533336533
BAD 370403109361
BAD 370533890921
BAD 370403528071
BAD 370403907173
BAD 370558436503
BAD 370558436519
BAD 370558531471
BAD 370558531487
BAD 370558531489
BAD 370576061131
BAD 370576061137
BAD 370404821141
BAD 370559231479
BAD 370559401031
BAD 370559401033
BAD 370559472181
BAD 370578289583
BAD 370578289591
BAD 370789179679
BAD 370789193591
BAD 370607697521
BAD 370407592943
BAD 370608177113
BAD 370608177143
BAD 370608469457
BAD 370608469459
BAD 370608469463
BAD 370562975203
BAD 370581129889
BAD 370581129899
BAD 370581129901
BAD 370792264819
BAD 370609363643
BAD 370792450969
BAD 370581282413
BAD 370792582709
BAD 370792582711
BAD 370563676723
BAD 370793127049
BAD 370409580001
BAD 370622169587
BAD 370610577223
BAD 370794176609
BAD 370794176611
BAD 370584603583
BAD 370584760951
BAD 370624733257
BAD 370585322363
BAD 370568424101
BAD 370798317697
BAD 370625770903
BAD 370689014029
BAD 370568424103
BAD 370568424113
BAD 370569412999
BAD 370569413003
BAD 370569757373
BAD 370627099981
BAD 370627387483
BAD 370612898449
BAD 370799791343
BAD 370415792161
BAD 370692549289
BAD 370506793121
BAD 370506793123
BAD 370506793133
BAD 370614280103
BAD 370614280109
BAD 370801139669
BAD 370801139671
BAD 370801139677
BAD 370629831647
BAD 370637979841
BAD 370694017517
BAD 370638096467
BAD 370638096469
BAD 370508603761
BAD 370694616379
BAD 370722271111
BAD 370616868833
BAD 370632051571
BAD 370632051583
BAD 370632221899
BAD 370722868687
BAD 370804127413
BAD 370510730377
BAD 370640032967
BAD 370640032981
BAD 370640315989
BAD 370640316001
BAD 370512730499
BAD 370697238427
BAD 370697238433
BAD 370619853713
BAD 370590028111
BAD 370590028141
BAD 370725068899
BAD 370513711523
BAD 370513711583
BAD 370513711627
BAD 370513711643
BAD 370671090203
BAD 370620719281
BAD 370671406549
BAD 370725548929
BAD 370725548933
BAD 370671712627
BAD 370671781043
BAD 370671781087
BAD 370671781091
BAD 370636504811
BAD 370636504813
BAD 370636504817
BAD 370726544627
BAD 370726544633
BAD 370707437123
BAD 370672487671
BAD 370672487687
BAD 370672487701
BAD 370707564373
BAD 370771988317
BAD 370707745853
BAD 370707745861
BAD 370593275113
BAD 370593275119
BAD 370593275141
BAD 370645031723
BAD 370728896381
BAD 370728896383
BAD 370728896389
BAD 370728896393
BAD 370675324891
BAD 370701524057
BAD 370675573063
BAD 370675573067
BAD 370675573069
BAD 370701790807
BAD 370729468327
BAD 370594667299
BAD 370702140047
BAD 370702140049
BAD 370702140077
BAD 370774812061
BAD 370595159873
BAD 370702739773
BAD 370702739783
BAD 370702739791
BAD 370519372357
BAD 370519372361
BAD 370595622043
BAD 370775517557
BAD 370775517559
BAD 370646947613
BAD 370775517589
BAD 370730826559
BAD 370647494491
BAD 370677880541
BAD 370677880543
BAD 370731369277
BAD 370648248571
BAD 370777282021
BAD 370777282033
BAD 370777352479
BAD 370777352489
BAD 370713270173
BAD 370713270181
BAD 370598365639
BAD 370732542511
BAD 370598823103
BAD 370714258433
BAD 370714258441
BAD 370680041639
BAD 370680041651
BAD 370680041653
BAD 370714517363
BAD 370779292861
BAD 370779479647
BAD 370779576061
BAD 370779886693
BAD 370680914783
BAD 370681173133
BAD 370734266267
BAD 370734266269
BAD 370734633271
BAD 370734633281
BAD 370734928913
BAD 370734928931
BAD 370734928933
BAD 370734928951
BAD 370602472469
BAD 370652098549
BAD 370603044839
BAD 370603044841
BAD 370603045123
BAD 370717313017
BAD 370736602319
BAD 370736602321
BAD 370783539499
BAD 370783671529
BAD 370737145253
BAD 370718357693
BAD 370718537929
BAD 370718537933
BAD 370784457413
BAD 370784979377
BAD 370784979379
BAD 370785672841
BAD 370685409097
BAD 370686721907
BAD 370787297851
BAD 370787570119
BAD 370788053903
BAD 370807498241
BAD 370810258939
BAD 370810852663
BAD 370810852691
BAD 370814012047
BAD 370816883519
BAD 370819624283
BAD 370819624291
BAD 370819624297
BAD 370838996713
BAD 370827544651
BAD 370829979439
BAD 370830141959
BAD 370830141961
BAD 370831050949
BAD 370843143977
BAD 370843509307
BAD 370833582407
BAD 370833582409
BAD 370845544369
BAD 370845544373
BAD 370845544411
BAD 370834599931
BAD 370835930503
BAD 370837420133
BAD 370848595783
BAD 370848595787
BAD 370848597991
BAD 370849285133
BAD 370849943939
BAD 370849943941
BAD 370852705943
BAD 370855809923
BAD 370859258723
BAD 370860639607
BAD 370860639623
BAD 370864019641
BAD 370865935733
BAD 370866075331
BAD 370866075341
BAD 370866075343
BAD 370866075361
BAD 370866562799
BAD 370867889461
BAD 370867939993
BAD 370868764741
BAD 370869445459
BAD 370874980621
BAD 370874980631
BAD 370874980649
BAD 370875412363
BAD 370876115303
BAD 370877179021
BAD 370877179027
BAD 370877191991
BAD 370877192017
BAD 370879446409
BAD 370880976863
BAD 370881382777
BAD 370881382783
BAD 370881382787
BAD 370881382789
BAD 370882612007
BAD 370882612013
BAD 370882612019
BAD 370882612021
BAD 370882612069
BAD 370882612073
BAD 370885328441
BAD 370885832797
BAD 370885832803
BAD 370888827641
BAD 370888827643
BAD 370889154221
BAD 370977020657
BAD 371026446997
BAD 371026447021
BAD 370980303103
BAD 371193335041
BAD 371026969367
BAD 370981928267
BAD 371040652109
BAD 371040652111
BAD 371040652117
BAD 370941852367
BAD 370941962929
BAD 370923924689
BAD 370942535209
BAD 370942535219
BAD 370984296863
BAD 371029354793
BAD 371195961001
BAD 371195961007
BAD 371195961023
BAD 371195961043
BAD 371043466447
BAD 370985133173
BAD 370926271229
BAD 370943429611
BAD 370986058871
BAD 371197079789
BAD 371197079791
BAD 371197079821
BAD 370928071991
BAD 370928071993
BAD 370928072003
BAD 370928362729
BAD 370929091873
BAD 370929091879
BAD 371198335511
BAD 370988901929
BAD 371198335513
BAD 370988901931
BAD 371047054909
BAD 371047054913
BAD 371047146103
BAD 370946116633
BAD 371047703909
BAD 371047703911
BAD 370946889967
BAD 371198982019
BAD 371199104743
BAD 371049108109
BAD 371049108119
BAD 371049108121
BAD 370948070849
BAD 370948070851
BAD 371049637271
BAD 371090818997
BAD 371090818999
BAD 370950321361
BAD 370950321487
BAD 370950321503
BAD 371030603039
BAD 370951618637
BAD 370935780899
BAD 370935926219
BAD 371053281113
BAD 370952997803
BAD 370890220933
BAD 371092272269
BAD 370890284003
BAD 370890284021
BAD 370953249229
BAD 370912117033
BAD 370890923903
BAD 370890923911
BAD 370890924049
BAD 370936673717
BAD 370936673719
BAD 371036886161
BAD 371036886163
BAD 371036886169
BAD 371055383401
BAD 371055861601
BAD 371055861607
BAD 370937233903
BAD 370937287403
BAD 370937340769
BAD 370937340817
BAD 370937474951
BAD 370937474953
BAD 370955488669
BAD 370955488679
BAD 370955488681
BAD 371202238193
BAD 371202238201
BAD 371094978113
BAD 370894716397
BAD 370894716407
BAD 370894738463
BAD 370938978257
BAD 370938978259
BAD 371038782043
BAD 371204410517
BAD 371096715263
BAD 370991398793
BAD 370991398801
BAD 371205948251
BAD 371205948257
BAD 371205948259
BAD 371205948263
BAD 371206004173
BAD 371206004177
BAD 371206338553
BAD 371206410727
BAD 371098104973
BAD 370916742473
BAD 371098618181
BAD 371098618201
BAD 370898854069
BAD 371099276329
BAD 371099451649
BAD 370994074753
BAD 370994110073
BAD 370994110079
BAD 370994110087
BAD 370917949427
BAD 371100859697
BAD 371100859699
BAD 370900743223
BAD 370901239151
BAD 370901239153
BAD 370995216923
BAD 370995216937
BAD 371102208941
BAD 370901970353
BAD 370919253589
BAD 370903228543
BAD 370903493239
BAD 370903493243
BAD 370919880781
BAD 370996879007
BAD 370996879009
BAD 370919925949
BAD 370919925953
BAD 370903817303
BAD 370903817309
BAD 370903817311
BAD 371179039747
BAD 371179422223
BAD 370904924347
BAD 370904924353
BAD 371179979593
BAD 370999083503
BAD 370921813753
BAD 370921813789
BAD 370921813793
BAD 370921828687
BAD 371004579983
BAD 370956615907
BAD 371005514533
BAD 371158340629
BAD 371158340653
BAD 370957413257
BAD 370957413259
BAD 371006446177
BAD 371159794199
BAD 371190542011
BAD 371190542017
BAD 371161526809
BAD 371162470909
BAD 371124576751
BAD 371124576761
BAD 371124576763
BAD 371074893701
BAD 371074893703
BAD 370962842333
BAD 371124991907
BAD 371163964931
BAD 371163964933
BAD 371164501297
BAD 371007725791
BAD 371007725797
BAD 371126022019
BAD 371076721621
BAD 371077207643
BAD 371111296009
BAD 371127608461
BAD 371009964893
BAD 371010956851
BAD 371010956857
BAD 371168214559
BAD 371168772497
BAD 371012161231
BAD 371130340843
BAD 371130340859
BAD 371115302539
BAD 371081481779
BAD 371081481781
BAD 371081481817
BAD 370969302259
BAD 371082104233
BAD 371171659351
BAD 371171659409
BAD 371171659433
BAD 371116779469
BAD 371132653691
BAD 371117438213
BAD 371172737567
BAD 371172737569
BAD 371133037441
BAD 371133037447
BAD 371083143157
BAD 371117999047
BAD 371015972969
BAD 371118551003
BAD 371084172181
BAD 371017760299
BAD 371135362823
BAD 371174402881
BAD 371017760303
BAD 371135362837
BAD 371135362841
BAD 370971547477
BAD 371135547667
BAD 371084973683
BAD 370972694567
BAD 370972694569
BAD 370972694611
BAD 371085527489
BAD 371019269323
BAD 371058539483
BAD 371120921629
BAD 371120921641
BAD 371086619173
BAD 371086619177
BAD 371086619179
BAD 371138126773
BAD 371138126791
BAD 371086653739
BAD 371059665293
BAD 371138283941
BAD 371087091779
BAD 371121927151
BAD 371087828893
BAD 371022411379
BAD 371123613323
BAD 371123613361
BAD 371140722371
BAD 371063428133
BAD 371063428139
BAD 371090162603
BAD 371090162609
BAD 371090162647
BAD 371090367649
BAD 371063963827
BAD 371064607831
BAD 371065196717
BAD 371065200503
BAD 371066079169
BAD 371066079173
BAD 371067545341
BAD 371067898303
BAD 371068436663
BAD 371068436671
BAD 371069697391
BAD 371143805359
BAD 371143805363
BAD 371143805369
BAD 371144022343
BAD 371144022349
BAD 371146379777
BAD 371150265433
BAD 371151611449
BAD 371154149719
BAD 371154353093
BAD 371154353099
BAD 371154353161
BAD 371155322651
BAD 371155322653
BAD 371155956841
BAD 371156939009
BAD 371156939011
BAD 371211292043
BAD 371212372163
BAD 371212372169
BAD 371212372171
BAD 371212511161
BAD 371214496837
BAD 371214496853
BAD 371214635063
BAD 371214635069
BAD 371215127873
BAD 371215224019
BAD 371215224031
BAD 371216174533
BAD 371222006599
BAD 371222006663
BAD 371222564081
BAD 371224239317
BAD 371224239319
BAD 371225186977
BAD 371226390559
BAD 371226820849
BAD 371227064783
BAD 371227064809
BAD 371234195491
BAD 371235725257
BAD 371239900951
BAD 371241088529
BAD 371242488007
BAD 371242786933
BAD 371242786939
BAD 371243591623
BAD 371244011449
BAD 371244380249
BAD 371244380251
BAD 371246850113
BAD 371246971331
BAD 371248900579
BAD 371251728629
BAD 371251728691
BAD 371257162169
BAD 371257162189
BAD 371257162193
BAD 371258155979
BAD 371258155981
BAD 371278049839
BAD 371287111301
BAD 371287111303
BAD 371258323783
BAD 371258323789
BAD 371258532769
BAD 371258532773
BAD 371259423751
BAD 371260155989
BAD 371260155991
BAD 371260155997
BAD 371262606067
BAD 371262606073
BAD 371264746591
BAD 371265011681
BAD 371265042373
BAD 371268962303
BAD 371272844863
BAD 371274432803
BAD 371461572973
BAD 371463623623
BAD 371463623651
BAD 371463623653
BAD 371465599723
BAD 371467261801
BAD 371294309909
BAD 371346577871
BAD 371295246929
BAD 371471941601
BAD 371296890199
BAD 371348064361
BAD 371472768451
BAD 371349086663
BAD 371349086701
BAD 371474625751
BAD 371410019203
BAD 371410019207
BAD 371410019209
BAD 371410309223
BAD 371351113247
BAD 371351113249
BAD 371351113253
BAD 371300553607
BAD 371300757713
BAD 371411963693
BAD 371411963701
BAD 371412288607
BAD 371353004599
BAD 371413638263
BAD 371354372491
BAD 371611927483
BAD 371414151323
BAD 371414572063
BAD 371355092681
BAD 371355092683
BAD 371355092687
BAD 371356270603
BAD 371356270613
BAD 371416102997
BAD 371416102999
BAD 371306597491
BAD 371418415493
BAD 371418415499
BAD 371597503003
BAD 371617327541
BAD 371617327561
BAD 371617327567
BAD 371598913831
BAD 371598913837
BAD 371419620751
BAD 371420002201
BAD 371393258177
BAD 371619754553
BAD 371601449993
BAD 371601450001
BAD 371622904573
BAD 371396124109
BAD 371623003163
BAD 371623003231
BAD 371623003243
BAD 371603007263
BAD 371624214617
BAD 371624214631
BAD 371603982473
BAD 371425772873
BAD 371624941711
BAD 371624941717
BAD 371625299207
BAD 371625299209
BAD 371399703023
BAD 371626711501
BAD 371401101157
BAD 371401101193
BAD 371401101199
BAD 371608197619
BAD 371608276129
BAD 371608276139
BAD 371608276141
BAD 371403315799
BAD 371609121361
BAD 371403733553
BAD 371403740483
BAD 371403936217
BAD 371403936301
BAD 371404171093
BAD 371404782629
BAD 371404782631
BAD 371560307753
BAD 371560307773
BAD 371560307777
BAD 371560307779
BAD 371444775349
BAD 371444775353
BAD 371562325877
BAD 371562325879
BAD 371562840811
BAD 371526908281
BAD 371526908293
BAD 371563568951
BAD 371563568953
BAD 371563612843
BAD 371563612873
BAD 371563612883
BAD 371563612891
BAD 371563612897
BAD 371563867357
BAD 371563867369
BAD 371527766063
BAD 371448204961
BAD 371327090647
BAD 371327599717
BAD 371327599733
BAD 371451059677
BAD 371309805337
BAD 371309805341
BAD 371309805343
BAD 371328660011
BAD 371328660013
BAD 371531728703
BAD 371452239931
BAD 371578480913
BAD 371568746779
BAD 371310999419
BAD 371310999421
BAD 371578983121
BAD 371578983137
BAD 371579008399
BAD 371533051327
BAD 371533051349
BAD 371311421123
BAD 371311842557
BAD 371569974409
BAD 371570702821
BAD 371534557579
BAD 371377973599
BAD 371313267427
BAD 371313267433
BAD 371313267439
BAD 371313267473
BAD 371581256029
BAD 371572689673
BAD 371572689679
BAD 371379453157
BAD 371314765321
BAD 371380166813
BAD 371582367487
BAD 371582449729
BAD 371543544793
BAD 371316157717
BAD 371316157721
BAD 371381070383
BAD 371381070391
BAD 371476958527
BAD 371544176671
BAD 371381280983
BAD 371381280989
BAD 371458223519
BAD 371544638701
BAD 371381899747
BAD 371544789989
BAD 371544789991
BAD 371575328269
BAD 371382143731
BAD 371382143753
BAD 371317390039
BAD 371317390043
BAD 371382480683
BAD 371336022721
BAD 371382944987
BAD 371382944993
BAD 371545800029
BAD 371540244641
BAD 371383348069
BAD 371479299883
BAD 371540244643
BAD 371383348073
BAD 371584395043
BAD 371584395053
BAD 371337582503
BAD 371584893139
BAD 371541522841
BAD 371427803819
BAD 371427803821
BAD 371499234713
BAD 371499234721
BAD 371586353123
BAD 371385370831
BAD 371481469283
BAD 371321383621
BAD 371587113019
BAD 371385844393
BAD 371359029817
BAD 371339893807
BAD 371339893811
BAD 371339893829
BAD 371339893831
BAD 371386130897
BAD 371481917999
BAD 371481918001
BAD 371482101101
BAD 371482101103
BAD 371588467853
BAD 371482101161
BAD 371429319103
BAD 371482101163
BAD 371340398993
BAD 371340967351
BAD 371482865753
BAD 371323950937
BAD 371323950947
BAD 371323950953
BAD 371589785311
BAD 371550032939
BAD 371550032941
BAD 371341676521
BAD 371388780109
BAD 371388780151
BAD 371342144533
BAD 371342144539
BAD 371389113763
BAD 371513753207
BAD 371513753209
BAD 371550999331
BAD 371514236243
BAD 371591507971
BAD 371484682351
BAD 371591746853
BAD 371432386363
BAD 371432386379
BAD 371515037239
BAD 371515355521
BAD 371515414939
BAD 371391046643
BAD 371391046687
BAD 371485959751
BAD 371485959773
BAD 371505121103
BAD 371505213113
BAD 371486368091
BAD 371486368093
BAD 371434082573
BAD 371434137517
BAD 371434137523
BAD 371434137533
BAD 371505627223
BAD 371593810397
BAD 371487632969
BAD 371487633007
BAD 371434898011
BAD 371434898017
BAD 371487737611
BAD 371363332891
BAD 371555012141
BAD 371488970417
BAD 371436236753
BAD 371489190571
BAD 371489244859
BAD 371436697501
BAD 371508173551
BAD 371490200209
BAD 371508173557
BAD 371508173563
BAD 371508221479
BAD 371490933973
BAD 371491017473
BAD 371519658611
BAD 371519713619
BAD 371557379653
BAD 371438732813
BAD 371438732869
BAD 371439519601
BAD 371365639891
BAD 371559171121
BAD 371521500601
BAD 371521500617
BAD 371522424841
BAD 371442180167
BAD 371442245413
BAD 371525271853
BAD 371525271857
BAD 371526399347
BAD 371368540073
BAD 371368688641
BAD 371370169351
BAD 371370169363
BAD 371627886859
BAD 371627886863
BAD 371630108261
BAD 371631060407
BAD 371633607679
BAD 371638106407
BAD 371641912051
BAD 371650257931
BAD 371651641693
BAD 371652510811
BAD 371653698617
BAD 371653698631
BAD 371654788301
BAD 371655412981
BAD 371657373487
BAD 371657373491
BAD 371658328177
BAD 371658328201
BAD 371662333193
BAD 371663941189
BAD 371669408269
BAD 371669813549
BAD 371669813551
BAD 371669813573
BAD 371669889557
BAD 371669889601
BAD 371669889673
BAD 371669894461
BAD 371672178349
BAD 371674884601
BAD 371675838631
BAD 371678661163
BAD 371679263849
BAD 371679263867
BAD 371679858469
BAD 371679931397
BAD 371699983609
BAD 371686534679
BAD 371701849511
BAD 371701849513
BAD 371701849531
BAD 371701937779
BAD 371701975363
BAD 371702111453
BAD 371702832103
BAD 371706197287
BAD 371688037837
BAD 371688037841
BAD 371688037843
BAD 371688145159
BAD 371689409999
BAD 371689410007
BAD 371712328093
BAD 371712328111
BAD 371710187971
BAD 371714028877
BAD 371715684803
BAD 371692368667
BAD 371719204817
BAD 371719204819
BAD 371719204823
BAD 371778980941
BAD 371720592983
BAD 371720593009
BAD 371694345949
BAD 371694412321
BAD 371720875453
BAD 371722004051
BAD 371782206311
BAD 371723032873
BAD 371723032883
BAD 371724068731
BAD 371724984233
BAD 371725376809
BAD 371725376881
BAD 371725988917
BAD 371726033863
BAD 371726505869
BAD 371726505919
BAD 371787522893
BAD 371788943797
BAD 371788943809
BAD 371789900869
BAD 371730198211
BAD 371732458129
BAD 371733948601
BAD 371733948613
BAD 371734778993
BAD 371734779001
BAD 371734988509
BAD 371763882043
BAD 371764011781
BAD 371735655149
BAD 372013556119
BAD 371735791033
BAD 371735791039
BAD 371766627899
BAD 371735791043
BAD 371766627901
BAD 371736771227
BAD 371736771229
BAD 371736771233
BAD 371736859541
BAD 371736859553
BAD 371768128819
BAD 371769530813
BAD 372019057831
BAD 372019057877
BAD 372019057913
BAD 371770450433
BAD 371770450553
BAD 372019161259
BAD 371739272101
BAD 371739371503
BAD 371740197151
BAD 371897148979
BAD 371741758823
BAD 371741914759
BAD 371741914763
BAD 371742399599
BAD 371742404273
BAD 371898728213
BAD 371774320591
BAD 371774320597
BAD 371774320601
BAD 371774320609
BAD 371774320613
BAD 372023415391
BAD 372024695221
BAD 372024812053
BAD 372024812063
BAD 371903719633
BAD 372025946653
BAD 372026709469
BAD 372026709473
BAD 371777624641
BAD 371904792719
BAD 372027448579
BAD 371743114343
BAD 372027702979
BAD 371905462571
BAD 371905462573
BAD 372027897403
BAD 371743666771
BAD 372028279039
BAD 372028279043
BAD 371906056283
BAD 371906056309
BAD 371906778479
BAD 371906778493
BAD 371906778497
BAD 371906778499
BAD 371906778587
BAD 371906778589
BAD 371813250343
BAD 371909409271
BAD 371814140521
BAD 371910087799
BAD 371910087803
BAD 371910371641
BAD 371910643109
BAD 371864380193
BAD 371911231049
BAD 371911231051
BAD 371911231057
BAD 371911231073
BAD 371815915481
BAD 371815915483
BAD 371816389213
BAD 371816809103
BAD 371880030503
BAD 371818282609
BAD 371818923181
BAD 371868672089
BAD 371868789923
BAD 371868810799
BAD 371868810809
BAD 371868810811
BAD 371820228893
BAD 371883251843
BAD 371820777763
BAD 371821504141
BAD 371871659351
BAD 371871659363
BAD 371871659413
BAD 371871808409
BAD 371871808411
BAD 371885856137
BAD 371745230183
BAD 371873136379
BAD 371823807029
BAD 371746219673
BAD 371746219681
BAD 371887575139
BAD 371887575151
BAD 371827596983
BAD 371827596989
BAD 371827993393
BAD 371827993403
BAD 371827993423
BAD 371749041413
BAD 371828669843
BAD 371749741457
BAD 371749741459
BAD 371749741463
BAD 371749741469
BAD 371750018293
BAD 371750214061
BAD 371750529853
BAD 371750529863
BAD 371750537143
BAD 371891319287
BAD 371878761061
BAD 371878761071
BAD 371795943419
BAD 371795943433
BAD 371795943439
BAD 371892487927
BAD 371795943443
BAD 371795943451
BAD 371751818569
BAD 371752132261
BAD 371983950523
BAD 371983950529
BAD 371983950563
BAD 371984261191
BAD 371797394053
BAD 371984584121
BAD 371984584123
BAD 371984883443
BAD 371985419903
BAD 371799222343
BAD 371755532359
BAD 371755532363
BAD 371799512611
BAD 371799512653
BAD 371757029437
BAD 371800912583
BAD 371800912673
BAD 371800912687
BAD 371757071929
BAD 371830762027
BAD 371802382397
BAD 371831229191
BAD 371831233897
BAD 371803243633
BAD 371803243639
BAD 371760143281
BAD 371992626233
BAD 371803791871
BAD 371803791881
BAD 371760878611
BAD 371760992773
BAD 371760992783
BAD 371804358031
BAD 371804358049
BAD 371996094377
BAD 371996443141
BAD 371835709339
BAD 371835709351
BAD 371806439989
BAD 371806633609
BAD 371806633613
BAD 371806633619
BAD 371806633621
BAD 371808552503
BAD 371837497501
BAD 371809126033
BAD 372001441639
BAD 372001653677
BAD 372002097503
BAD 371847084953
BAD 371847085013
BAD 371847085019
BAD 371847085021
BAD 371847085037
BAD 371847130667
BAD 371839673857
BAD 371839673861
BAD 371841106033
BAD 371841106073
BAD 371841106079
BAD 371841106081
BAD 371841958379
BAD 371842381297
BAD 371946576109
BAD 371843273797
BAD 371947276937
BAD 371947276957
BAD 371947276963
BAD 371843484967
BAD 371947862057
BAD 371851421899
BAD 371844757771
BAD 371852198981
BAD 371852198983
BAD 372009092261
BAD 371852489969
BAD 371852489971
BAD 371852490019
BAD 371948918401
BAD 371949298507
BAD 371949298519
BAD 371949819869
BAD 372010694423
BAD 372010878791
BAD 372010878793
BAD 371913219443
BAD 371854054073
BAD 371950248883
BAD 372010878797
BAD 371950306313
BAD 371854265479
BAD 371854265483
BAD 372011592353
BAD 372011896621
BAD 372012712373
BAD 371914926547
BAD 371914926553
BAD 371952581023
BAD 371953631747
BAD 371953631761
BAD 371953631767
BAD 371916796879
BAD 371953994033
BAD 371954024683
BAD 371954138183
BAD 371857242037
BAD 371857242041
BAD 371857256389
BAD 371963028427
BAD 371963028433
BAD 371956820563
BAD 371956820581
BAD 371920090211
BAD 371920090219
BAD 371858688809
BAD 371920711553
BAD 371957157031
BAD 371858688811
BAD 371964837031
BAD 371957157083
BAD 371965268047
BAD 371921788229
BAD 371921880199
BAD 371921936689
BAD 371921936693
BAD 371860126387
BAD 371922483083
BAD 371922483113
BAD 371922483133
BAD 371922483151
BAD 371860466933
BAD 371860473353
BAD 371922768443
BAD 371861192713
BAD 371861192723
BAD 371861691217
BAD 371960116459
BAD 371924294179
BAD 371924490233
BAD 371924629513
BAD 371924629523
BAD 371924629529
BAD 371969351557
BAD 371969351561
BAD 371969351563
BAD 371932760027
BAD 371961833167
BAD 371932760029
BAD 371969387989
BAD 371932833163
BAD 371932833169
BAD 371926344929
BAD 371926344931
BAD 371933591233
BAD 371970066289
BAD 371970066311
BAD 371970066313
BAD 371933607049
BAD 371970127657
BAD 371934839053
BAD 371934839083
BAD 371971355689
BAD 371928897217
BAD 371928897247
BAD 371936877121
BAD 371973811493
BAD 371976720151
BAD 371939853947
BAD 371939853949
BAD 371977682371
BAD 371977682389
BAD 371977682393
BAD 371940705683
BAD 371943433259
BAD 371943433261
BAD 371944241429
BAD 372030212611
BAD 372030212621
BAD 372031561277
BAD 372031878349
BAD 372041406193
BAD 372042732029
BAD 372042732031
BAD 372043035193
BAD 372044750093
BAD 372046291531
BAD 372046468861
BAD 372048400027
BAD 372048400033
BAD 372048436561
BAD 372049042021
BAD 372050032337
BAD 372050032339
BAD 372050032351
BAD 372050748781
BAD 372051533123
BAD 372054972721
BAD 372056644733
BAD 372056756867
BAD 372058128031
BAD 372058128037
BAD 372059842883
BAD 372062021959
BAD 372062583107
BAD 372064105393
BAD 372064105397
BAD 372081906319
BAD 372081906323
BAD 372087295033
BAD 372087295043
BAD 372088807973
BAD 372090014143
BAD 372067487347
BAD 372091244677
BAD 372068984363
BAD 372069166793
BAD 372069588391
BAD 372092279203
BAD 372072821473
BAD 372073115933
BAD 372074778667
BAD 372075376207
BAD 372076798909
BAD 372076798913
BAD 372130748789
BAD 372130748791
BAD 372130748797
BAD 372130765733
BAD 372078705871
BAD 372078888499
BAD 372132828503
BAD 372141150767
BAD 372141150769
BAD 372141822929
BAD 372141822931
BAD 372143244133
BAD 372143887891
BAD 372143887937
BAD 372143887939
BAD 372145352239
BAD 372145352251
BAD 372198005989
BAD 372184278919
BAD 372184278931
BAD 372199129681
BAD 372199742153
BAD 372200001083
BAD 372200132501
BAD 372200132503
BAD 372186625253
BAD 372186625277
BAD 372186960059
BAD 372202985423
BAD 372191732173
BAD 372191833201
BAD 372191833213
BAD 372192050161
BAD 372193761371
BAD 372195473929
BAD 372114347069
BAD 372147806003
BAD 372147806011
BAD 372213218917
BAD 372213229169
BAD 372282555259
BAD 372213813481
BAD 372117506977
BAD 372213813487
BAD 372117506983
BAD 372150822233
BAD 372283138027
BAD 372151404353
BAD 372284020231
BAD 372284020253
BAD 372285251213
BAD 372120796037
BAD 372120796063
BAD 372120940859
BAD 372121455751
BAD 372121455757
BAD 372154351493
BAD 372097575823
BAD 372097575827
BAD 372154680563
BAD 372122866099
BAD 372098463509
BAD 372098463511
BAD 372155943631
BAD 372286725233
BAD 372156281843
BAD 372287015861
BAD 372156510181
BAD 372125360303
BAD 372158213159
BAD 372288610583
BAD 372159500249
BAD 372290321329
BAD 372101950027
BAD 372290337709
BAD 372290337721
BAD 372316362101
BAD 372291808001
BAD 372291808003
BAD 372317788397
BAD 372317788399
BAD 372103798247
BAD 372317906689
BAD 372127637491
BAD 372128286241
BAD 372104613743
BAD 372104613901
BAD 372128607271
BAD 372106031953
BAD 372130192261
BAD 372320949199
BAD 372296323579
BAD 372365919503
BAD 372110513371
BAD 372110513381
BAD 372367908091
BAD 372110925113
BAD 372111290743
BAD 372111436069
BAD 372111646463
BAD 372111646513
BAD 372325686263
BAD 372370586747
BAD 372112647107
BAD 372370806317
BAD 372370806319
BAD 372113005921
BAD 372113005937
BAD 372113005939
BAD 372327677671
BAD 372328898273
BAD 372373086103
BAD 372373086109
BAD 372333630373
BAD 372333630377
BAD 372333630379
BAD 372375696757
BAD 372375696761
BAD 372376491259
BAD 372331594111
BAD 372331623329
BAD 372331623331
BAD 372331623343
BAD 372331710353
BAD 372335747809
BAD 372377685109
BAD 372337844453
BAD 372381906727
BAD 372381906733
BAD 372381949217
BAD 372381949223
BAD 372340207037
BAD 372340459837
BAD 372382441763
BAD 372382822489
BAD 372232286333
BAD 372341337343
BAD 372232464229
BAD 372341541347
BAD 372341541349
BAD 372402998533
BAD 372341908459
BAD 372342851989
BAD 372404697563
BAD 372404697569
BAD 372404697571
BAD 372385795783
BAD 372385986529
BAD 372387401333
BAD 372387401339
BAD 372387401341
BAD 372345733499
BAD 372237996527
BAD 372408409963
BAD 372214984837
BAD 372215127563
BAD 372390028531
BAD 372390458863
BAD 372390458873
BAD 372239669911
BAD 372239669933
BAD 372347720141
BAD 372410332531
BAD 372410332549
BAD 372410332577
BAD 372410332579
BAD 372165209573
BAD 372165209627
BAD 372165209629
BAD 372410789203
BAD 372218009509
BAD 372242179739
BAD 372242179741
BAD 372413368553
BAD 372167340707
BAD 372167340709
BAD 372220034051
BAD 372397921373
BAD 372416924821
BAD 372221432131
BAD 372247126193
BAD 372247126201
BAD 372419221571
BAD 372222398459
BAD 372222398461
BAD 372222567019
BAD 372222567029
BAD 372266817499
BAD 372222769343
BAD 372267968231
BAD 372269360863
BAD 372269360867
BAD 372422810569
BAD 372225270259
BAD 372423121853
BAD 372423121859
BAD 372423121867
BAD 372172386121
BAD 372172386127
BAD 372173232163
BAD 372271780429
BAD 372254170441
BAD 372271909027
BAD 372425176523
BAD 372425176537
BAD 372174268033
BAD 372229992559
BAD 372426972943
BAD 372426972959
BAD 372426972961
BAD 372426972991
BAD 372426972997
BAD 372427152901
BAD 372427179331
BAD 372427179337
BAD 372230753903
BAD 372257310713
BAD 372257737613
BAD 372177001109
BAD 372275878237
BAD 372276960877
BAD 372276968143
BAD 372276968207
BAD 372276968209
BAD 372178630529
BAD 372277294133
BAD 372178671133
BAD 372178671143
BAD 372178818343
BAD 372260045011
BAD 372431056831
BAD 372180944173
BAD 372281204279
BAD 372300527597
BAD 372302430743
BAD 372302430749
BAD 372304313323
BAD 372305146271
BAD 372307001333
BAD 372308535811
BAD 372309993829
BAD 372310689571
BAD 372312234529
BAD 372312234533
BAD 372312270839
BAD 372312270853
BAD 372313790633
BAD 372349761467
BAD 372351462913
BAD 372351462919
BAD 372351989629
BAD 372356798441
BAD 372356802893
BAD 372358193033
BAD 372358193041
BAD 372360208459
BAD 372360208487
BAD 372362011843
BAD 372365221747
BAD 372365394781
BAD 372432844543
BAD 372434288893
BAD 372434293883
BAD 372434383339
BAD 372435998743
BAD 372437746243
BAD 372438085573
BAD 372439460389
BAD 372440576219
BAD 372440576227
BAD 372442907113
BAD 372442907119
BAD 372445505239
BAD 372448861321
BAD 372448861327
BAD 372449221981
BAD 372449272249
BAD 372449272253
BAD 372466338037
BAD 372467088013
BAD 372470321659
BAD 372471512137
BAD 372472676141
BAD 372472676143
BAD 372474722831
BAD 372474722833
BAD 372475291423
BAD 372475598633
BAD 372477029251
BAD 372477029257
BAD 372477029261
BAD 372477029263
BAD 372478311031
BAD 372478709749
BAD 372484431353
BAD 372484431359
BAD 372479286931
BAD 372479416163
BAD 372479416193
BAD 372480417187
BAD 372480489973
BAD 372480618053
BAD 372451896967
BAD 372452060179
BAD 372454065799
BAD 372454065803
BAD 372490533631
BAD 372490764307
BAD 372456258253
BAD 372456330479
BAD 372456330481
BAD 372456656653
BAD 372493006943
BAD 372493006961
BAD 372460747231
BAD 372495283481
BAD 372495283483
BAD 372496393553
BAD 372464275021
BAD 372500933191
BAD 372502501213
BAD 372503191943
BAD 372505020031
BAD 372505026349
BAD 372537116269
BAD 372508300501
BAD 372508300621
BAD 372508898719
BAD 372538722377
BAD 372538722379
BAD 372538722383
BAD 372541515091
BAD 372542007473
BAD 372542219851
BAD 372542219857
BAD 372513200063
BAD 372513200083
BAD 372513602623
BAD 372543397637
BAD 372543454873
BAD 372543454879
BAD 372517214963
BAD 372515478299
BAD 372515478301
BAD 372546981773
BAD 372516249337
BAD 372548367949
BAD 372548374897
BAD 372548374907
BAD 372548374951
BAD 372548375113
BAD 372548375119
BAD 372518960431
BAD 372518960467
BAD 372519431527
BAD 372519431533
BAD 372519431539
BAD 372520637551
BAD 372520970483
BAD 372521446771
BAD 372524285893
BAD 372735020071
BAD 372735020117
BAD 372529399607
BAD 372529399609
BAD 372529399621
BAD 372529779773
BAD 372574380883
BAD 372574600009
BAD 372738081563
BAD 372738085651
BAD 372532312199
BAD 372770325469
BAD 372576014869
BAD 372770833859
BAD 372577515617
BAD 372577515619
BAD 372771813781
BAD 372577515623
BAD 372577563623
BAD 372772184171
BAD 372578325533
BAD 372578473877
BAD 372578473879
BAD 372772798429
BAD 372772903759
BAD 372773468761
BAD 372743609479
BAD 372774844381
BAD 372775375249
BAD 372581550247
BAD 372581550259
BAD 372582120931
BAD 372776261623
BAD 372776684737
BAD 372746262901
BAD 372747241723
BAD 372749393987
BAD 372780679657
BAD 372749786837
BAD 372753406877
BAD 372783370273
BAD 372783427813
BAD 372784173337
BAD 372784941673
BAD 372757573733
BAD 372757573739
BAD 372757613539
BAD 372758152229
BAD 372759575053
BAD 372759671761
BAD 372583931311
BAD 372583931347
BAD 372583931351
BAD 372583931353
BAD 372762365839
BAD 372762365851
BAD 372762365893
BAD 372590381963
BAD 372590970833
BAD 372591427199
BAD 372591427211
BAD 372591613663
BAD 372767373137
BAD 372767373169
BAD 372685119473
BAD 372685614913
BAD 372593494759
BAD 372593591299
BAD 372550563211
BAD 372668044193
BAD 372634982029
BAD 372634982033
BAD 372668771809
BAD 372618723251
BAD 372686390929
BAD 372634982039
BAD 372594050911
BAD 372551727421
BAD 372552137723
BAD 372619397789
BAD 372619397791
BAD 372619566569
BAD 372669914173
BAD 372620419427
BAD 372670476203
BAD 372670525541
BAD 372670525543
BAD 372670525571
BAD 372651487199
BAD 372651487213
BAD 372670791061
BAD 372670858123
BAD 372553634503
BAD 372553815947
BAD 372637981321
BAD 372554315101
BAD 372719317547
BAD 372719317549
BAD 372719317559
BAD 372596491931
BAD 372596491933
BAD 372596491937
BAD 372554656577
BAD 372689799331
BAD 372597093199
BAD 372653854429
BAD 372623284933
BAD 372641547181
BAD 372672669799
BAD 372641547233
BAD 372641547241
BAD 372554774377
BAD 372690316057
BAD 372555458003
BAD 372673487677
BAD 372673487689
BAD 372691245503
BAD 372691245541
BAD 372624816653
BAD 372643086593
BAD 372691744853
BAD 372556819199
BAD 372656127709
BAD 372656127721
BAD 372556857391
BAD 372556857397
BAD 372556857419
BAD 372556857427
BAD 372625913461
BAD 372656861293
BAD 372675831709
BAD 372693277241
BAD 372558309553
BAD 372558309559
BAD 372644727971
BAD 372644863627
BAD 372644863631
BAD 372558716171
BAD 372788504701
BAD 372628317143
BAD 372628472903
BAD 372789375319
BAD 372559976557
BAD 372559976587
BAD 372678633721
BAD 372695755853
BAD 372602720701
BAD 372646483009
BAD 372790068383
BAD 372696471247
BAD 372603536363
BAD 372680506643
BAD 372630565039
BAD 372648138901
BAD 372648138911
BAD 372648138913
BAD 372648138923
BAD 372698234647
BAD 372698234651
BAD 372681191381
BAD 372681191383
BAD 372734205439
BAD 372648474323
BAD 372605650237
BAD 372605650247
BAD 372605650253
BAD 372662459971
BAD 372792696271
BAD 372563151001
BAD 372699392503
BAD 372682594651
BAD 372563612851
BAD 372563635267
BAD 372631704461
BAD 372631704463
BAD 372700263983
BAD 372564595439
BAD 372564595441
BAD 372794253683
BAD 372794645239
BAD 372703407539
BAD 372703502233
BAD 372566898493
BAD 372666450421
BAD 372608677843
BAD 372705403381
BAD 372705403387
BAD 372705403391
BAD 372705403393
BAD 372797041061
BAD 372797041063
BAD 372797459641
BAD 372706619573
BAD 372609657829
BAD 372707064481
BAD 372609876403
BAD 372799533529
BAD 372707863471
BAD 372610423217
BAD 372801331549
BAD 372610859041
BAD 372611087353
BAD 372714485461
BAD 372836745629
BAD 372716131399
BAD 372716774867
BAD 372716774869
BAD 372837920639
BAD 372837920641
BAD 372838894063
BAD 372616923803
BAD 372842078783
BAD 372842863793
BAD 372845683087
BAD 372845964539
BAD 372845964541
BAD 372845964559
BAD 372845964563
BAD 372805242991
BAD 372847390873
BAD 372847390879
BAD 372847390897
BAD 372807043627
BAD 372849247307
BAD 372807153949
BAD 372849531293
BAD 372819065243
BAD 372819065351
BAD 372819361309
BAD 372820099807
BAD 372821235349
BAD 372810569783
BAD 372810589777
BAD 372822340843
BAD 372813523387
BAD 372813523393
BAD 372814167727
BAD 372814167731
BAD 372824301683
BAD 372814873733
BAD 372815221489
BAD 372815652283
BAD 372815652289
BAD 372815880617
BAD 372827205889
BAD 372827643971
BAD 372827643973
BAD 372828190883
BAD 372830075857
BAD 372830684147
BAD 372831718141
BAD 372831775571
BAD 372831775573
BAD 372832244489
BAD 372834151763
BAD 372834151771
BAD 372834745909
BAD 372834995303
BAD 372852959293
BAD 372854922413
BAD 372856909571
BAD 372856909619
BAD 372859264423
BAD 372860678689
BAD 372860977649
BAD 372860977651
BAD 372861180271
BAD 372861180283
BAD 372862241677
BAD 372862241681
BAD 372862241683
BAD 372862936157
BAD 372862936163
BAD 372863161553
BAD 372863205079
BAD 372865901929
BAD 372867644873
BAD 372867978601
BAD 372868889153
BAD 372885932033
BAD 372886326811
BAD 372891117199
BAD 372891646381
BAD 372896666299
BAD 372898304731
BAD 372898492403
BAD 372898492411
BAD 372898492433
BAD 372899812739
BAD 372899812741
BAD 372869481007
BAD 372869804081
BAD 372869804093
BAD 372871038649
BAD 372871038697
BAD 372871038703
BAD 372871696081
BAD 372872787577
BAD 372874312739
BAD 372876011227
BAD 372876720341
BAD 372879851173
BAD 372879851263
BAD 372879851273
BAD 372879896581
BAD 372880856581
BAD 372880856587
BAD 372880856653
BAD 372880856659
BAD 372882629843
BAD 372921540001
BAD 372922685777
BAD 372928597609
BAD 372903221753
BAD 372903657391
BAD 372905063501
BAD 372905063519
BAD 372905063521
BAD 372907812593
BAD 372908762803
BAD 372909221731
BAD 372910902719
BAD 372910902773
BAD 372914104193
BAD 372914717573
BAD 372915444619
BAD 372915629767
BAD 372917889703
BAD 372918389797
BAD 372918389827
BAD 372919055681
BAD 372919055683
BAD 372954494467
BAD 372956155571
BAD 372956155573
BAD 372956155577
BAD 372956630723
BAD 372957118889
BAD 372958579969
BAD 372962378081
BAD 372962378083
BAD 372964641953
BAD 372964641961
BAD 372964641971
BAD 372936511273
BAD 372936511279
BAD 372967465657
BAD 372967573259
BAD 372967573261
BAD 372967751503
BAD 372967751509
BAD 372967830503
BAD 372939710191
BAD 372968772373
BAD 372968772377
BAD 372941263493
BAD 372942188491
BAD 372942188497
BAD 372943002727
BAD 372943002739
BAD 372943522153
BAD 372943522177
BAD 372943522183
BAD 372943522187
BAD 372943522201
BAD 372943636613
BAD 372943877129
BAD 372946238911
BAD 372948328969
BAD 372948328981
BAD 372948328993
BAD 373003282297
BAD 373005221983
BAD 372951157177
BAD 373008055439
BAD 372951157193
BAD 372951157237
BAD 373008492433
BAD 373010379923
BAD 373014385333
BAD 373014385369
BAD 373015473013
BAD 373015473053
BAD 373015473059
BAD 373015783379
BAD 373015783381
BAD 373019243329
BAD 373019586221
BAD 373107657113
BAD 373110483133
BAD 373111099051
BAD 373111099057
BAD 373111747381
BAD 373112149063
BAD 373112189441
BAD 373112504003
BAD 373113185117
BAD 373113185119
BAD 373115327203
BAD 373115327209
BAD 373115621029
BAD 373115621033
BAD 373117987013
BAD 373119802673
BAD 373037175739
BAD 373037606573
BAD 373040190101
BAD 373041378139
BAD 373041912667
BAD 373041912671
BAD 372986669717
BAD 372986669719
BAD 373042953859
BAD 373043327453
BAD 373043523667
BAD 372987574823
BAD 372987574831
BAD 372987574837
BAD 373138040861
BAD 372988477639
BAD 373045689259
BAD 372990424439
BAD 372990424441
BAD 372990657733
BAD 372990677693
BAD 372991676989
BAD 372991677067
BAD 373142348611
BAD 373142448977
BAD 373238154931
BAD 373142680033
BAD 373143225353
BAD 373239538961
BAD 373239538963
BAD 373144452773
BAD 373221980267
BAD 373051301993
BAD 372993576229
BAD 373221980269
BAD 373051301999
BAD 373221980281
BAD 372993576233
BAD 372993576289
BAD 373144566317
BAD 373222445333
BAD 373222445339
BAD 372994017989
BAD 373223107489
BAD 373223107501
BAD 372974081069
BAD 372974081071
BAD 373223677027
BAD 373223717453
BAD 373223737729
BAD 373052811721
BAD 373052811727
BAD 373147232203
BAD 373148208833
BAD 373148257021
BAD 373148257043
BAD 372997850233
BAD 372997850237
BAD 372976217239
BAD 372976302157
BAD 373171270951
BAD 373087709149
BAD 373244623909
BAD 373154960729
BAD 373171270957
BAD 372976302203
BAD 373087709153
BAD 373225295633
BAD 372998588933
BAD 373155244537
BAD 373088205739
BAD 373088504837
BAD 373088504839
BAD 373246743139
BAD 373246743143
BAD 373000751401
BAD 373000751411
BAD 373000751413
BAD 373000751429
BAD 373122367313
BAD 373020202309
BAD 373001812333
BAD 372979042871
BAD 373247580793
BAD 373229127353
BAD 373002121861
BAD 373002121867
BAD 373158276041
BAD 373158276151
BAD 373002539323
BAD 373158397853
BAD 373123077079
BAD 373021247213
BAD 373090193159
BAD 373249783241
BAD 373249783243
BAD 373249783253
BAD 373249922113
BAD 373091559563
BAD 373231344721
BAD 373231392649
BAD 373124555581
BAD 373160526931
BAD 373160526953
BAD 373175983151
BAD 373175983153
BAD 373175983163
BAD 373093562461
BAD 373093715651
BAD 373160793653
BAD 373160981273
BAD 373094370403
BAD 373177806503
BAD 373094670217
BAD 373254497359
BAD 373127812711
BAD 373024651583
BAD 373235730887
BAD 373025088647
BAD 373178665939
BAD 373178724701
BAD 373178724703
BAD 373236933473
BAD 373236977783
BAD 373179054181
BAD 372984874817
BAD 372984874819
BAD 373179516109
BAD 373179516113
BAD 373179516121
BAD 373179547963
BAD 373163936843
BAD 373055683459
BAD 373027241347
BAD 373182223811
BAD 373027556989
BAD 373027699021
BAD 373027699027
BAD 373027699039
BAD 373027699043
BAD 373027699049
BAD 373165493401
BAD 373165493587
BAD 373184212283
BAD 373184212301
BAD 373166953261
BAD 373059520711
BAD 373135549543
BAD 373135549547
BAD 373060546063
BAD 373060546097
BAD 373103357251
BAD 373169995447
BAD 373031879329
BAD 373031879351
BAD 373188128279
BAD 373188128281
BAD 373061771143
BAD 373170692371
BAD 373032962233
BAD 373062161023
BAD 373034076313
BAD 373034076323
BAD 373034446669
BAD 373034446691
BAD 373034446693
BAD 373035214063
BAD 373035214067
BAD 373190362277
BAD 373190362297
BAD 373063651309
BAD 373063651313
BAD 373064657039
BAD 373064657041
BAD 373066076821
BAD 373066174519
BAD 373207168459
BAD 373207168463
BAD 373207168471
BAD 373207213681
BAD 373067591723
BAD 373207674139
BAD 373207674143
BAD 373069500347
BAD 373209178471
BAD 373209178487
BAD 373255159051
BAD 373255316873
BAD 373210814719
BAD 373210814723
BAD 373198578169
BAD 373198578173
BAD 373212481507
BAD 373258326613
BAD 373258326619
BAD 373258822639
BAD 373201231331
BAD 373259610683
BAD 373259610697
BAD 373259610743
BAD 373259610751
BAD 373217050981
BAD 373217127721
BAD 373261467463
BAD 373218760897
BAD 373262811799
BAD 373219459969
BAD 373263020521
BAD 373220724923
BAD 373266624557
BAD 373266624559
BAD 373267148131
BAD 373267366081
BAD 373268290799
BAD 373268290807
BAD 373269229943
BAD 373269229951
BAD 373070537779
BAD 373071091163
BAD 373071091171
BAD 373071740443
BAD 373071740453
BAD 373071740491
BAD 373071868811
BAD 373071970489
BAD 373071970501
BAD 373072914899
BAD 373072914901
BAD 373073250029
BAD 373076752369
BAD 373077138257
BAD 373077708811
BAD 373079095481
BAD 373079095483
BAD 373081127761
BAD 373082017591
BAD 373082535229
BAD 373086986731
BAD 373273960561
BAD 373273960571
BAD 373273960573
BAD 373273960589
BAD 373277671493
BAD 373277671519
BAD 373283387333
BAD 373283387341
BAD 373285250003
BAD 373286970409
BAD 373322191951
BAD 373322509667
BAD 373322802481
BAD 373323159529
BAD 373325170529
BAD 373325170531
BAD 373325170613
BAD 373326570787
BAD 373327405379
BAD 373289210251
BAD 373289369963
BAD 373289369969
BAD 373332373793
BAD 373332373801
BAD 373290903511
BAD 373290903523
BAD 373334760853
BAD 373334760857
BAD 373292242877
BAD 373293042079
BAD 373339970011
BAD 373293681323
BAD 373336570927
BAD 373297580603
BAD 373337018797
BAD 373299243479
BAD 373299243481
BAD 373338541273
BAD 373300514539
BAD 373301505883
BAD 373342583707
BAD 373301994083
BAD 373342754657
BAD 373302675107
BAD 373344291277
BAD 373344291289
BAD 373346291341
BAD 373346291347
BAD 373346640307
BAD 373347550861
BAD 373347550867
BAD 373347550879
BAD 373347550921
BAD 373350007817
BAD 373351926559
BAD 373357440829
BAD 373357807021
BAD 373357807027
BAD 373355046353
BAD 373364784943
BAD 373365503477
BAD 373365503479
BAD 373365503491
BAD 373367645809
BAD 373368165143
BAD 373370677159
BAD 373378338401
BAD 373378338409
BAD 373379789513
BAD 373306946153
BAD 373306946161
BAD 373380659699
BAD 373308375073
BAD 373391044447
BAD 373391044471
BAD 373309365959
BAD 373309365983
BAD 373393816253
BAD 373394944309
BAD 373386760759
BAD 373386869839
BAD 373386869881
BAD 373397558257
BAD 373397558299
BAD 373313282803
BAD 373398400513
BAD 373398400523
BAD 373398400537
BAD 373398586579
BAD 373388284177
BAD 373388316701
BAD 373388316703
BAD 373314538523
BAD 373388392607
BAD 373314709309
BAD 373388964251
BAD 373388964253
BAD 373388964259
BAD 373388964271
BAD 373315673063
BAD 373317202711
BAD 373317207323
BAD 373403079703
BAD 373318166267
BAD 373403511373
BAD 373507099717
BAD 373640920531
BAD 373640920537
BAD 373508905339
BAD 373407539639
BAD 373407539641
BAD 373512254603
BAD 373512254611
BAD 373645470439
BAD 373411180073
BAD 373515303409
BAD 373515303443
BAD 373515767179
BAD 373516497457
BAD 373648957447
BAD 373648957453
BAD 373518504157
BAD 373518504167
BAD 373651990493
BAD 373518504169
BAD 373414898123
BAD 373518504173
BAD 373652725681
BAD 373652725687
BAD 373456422721
BAD 373519594963
BAD 373519594999
BAD 373456781701
BAD 373519799503
BAD 373519933573
BAD 373520085943
BAD 373520085947
BAD 373520085949
BAD 373415979751
BAD 373653906421
BAD 373654289689
BAD 373654289711
BAD 373654289713
BAD 373659035311
BAD 373659035317
BAD 373417508423
BAD 373659154591
BAD 373523004781
BAD 373417969703
BAD 373422837091
BAD 373460909051
BAD 373460909053
BAD 373418169899
BAD 373660740757
BAD 373474934017
BAD 373474934059
BAD 373474934093
BAD 373656500639
BAD 373656500641
BAD 373475623403
BAD 373657177903
BAD 373419775793
BAD 373476830273
BAD 373463202691
BAD 373421499481
BAD 373426045073
BAD 373478336999
BAD 373478337007
BAD 373663459231
BAD 373663459237
BAD 373663459241
BAD 373663459243
BAD 373479481723
BAD 373479481729
BAD 373479481733
BAD 373479922469
BAD 373479922471
BAD 373664650889
BAD 373664782039
BAD 373465475029
BAD 373465475063
BAD 373465633273
BAD 373665561083
BAD 373485218287
BAD 373485218543
BAD 373485218567
BAD 373485218569
BAD 373485218599
BAD 373432436477
BAD 373432457719
BAD 373668073981
BAD 373668073993
BAD 373433983849
BAD 373668931687
BAD 373668931711
BAD 373668931721
BAD 373668931723
BAD 373488608513
BAD 373625348801
BAD 373436349619
BAD 373670391079
BAD 373670925689
BAD 373671520051
BAD 373671520069
BAD 373438134263
BAD 373438134269
BAD 373438134271
BAD 373472015737
BAD 373438503187
BAD 373438598629
BAD 373438598633
BAD 373438598641
BAD 373631750249
BAD 373631750251
BAD 373631750273
BAD 373608104783
BAD 373634101153
BAD 373609768397
BAD 373635138523
BAD 373635138533
BAD 373610302253
BAD 373610325083
BAD 373610548099
BAD 373610548211
BAD 373610571349
BAD 373610571353
BAD 373610571391
BAD 373636221397
BAD 373636229297
BAD 373636783073
BAD 373612526167
BAD 373493371201
BAD 373493371213
BAD 373613162893
BAD 373613162899
BAD 373613162911
BAD 373613454677
BAD 373613454679
BAD 373613466091
BAD 373639565683
BAD 373639748191
BAD 373614681397
BAD 373614945973
BAD 373614945983
BAD 373614945989
BAD 373524161273
BAD 373558008289
BAD 373540017971
BAD 373540017973
BAD 373448333983
BAD 373448333989
BAD 373616942011
BAD 373525749607
BAD 373560037729
BAD 373618100699
BAD 373618100701
BAD 373618100719
BAD 373541210773
BAD 373450159573
BAD 373618886527
BAD 373500832921
BAD 373527587201
BAD 373527587203
BAD 373527587207
BAD 373527587273
BAD 373562756267
BAD 373562756269
BAD 373528816459
BAD 373621625911
BAD 373529583283
BAD 373564498487
BAD 373564498529
BAD 373503296323
BAD 373564858397
BAD 373453500331
BAD 373503909113
BAD 373530658541
BAD 373530658583
BAD 373454185969
BAD 373565890613
BAD 373531252189
BAD 373566427217
BAD 373505122493
BAD 373505122499
BAD 373505122513
BAD 373531738109
BAD 373455457831
BAD 373545613487
BAD 373545613489
BAD 373568291731
BAD 373568495227
BAD 373569322409
BAD 373569322411
BAD 373570746233
BAD 373572251869
BAD 373572251887
BAD 373572251917
BAD 373537699571
BAD 373572699307
BAD 373572699319
BAD 373548843859
BAD 373538700889
BAD 373538700893
BAD 373590564661
BAD 373549752379
BAD 373591206319
BAD 373591469929
BAD 373552263047
BAD 373552263053
BAD 373552465879
BAD 373552465883
BAD 373592952433
BAD 373553749021
BAD 373554429277
BAD 373554723889
BAD 373554723901
BAD 373594511981
BAD 373555659383
BAD 373556397463
BAD 373556423431
BAD 373598828599
BAD 373674276851
BAD 373674276853
BAD 373601020493
BAD 373601020511
BAD 373601183341
BAD 373676154169
BAD 373676154227
BAD 373676154251
BAD 373676154253
BAD 373573561541
BAD 373677762473
BAD 373677762481
BAD 373678342091
BAD 373574435629
BAD 373603150913
BAD 373603150919
BAD 373574958013
BAD 373575552601
BAD 373575607063
BAD 373575861613
BAD 373575861619
BAD 373679169757
BAD 373604555617
BAD 373679863987
BAD 373679863993
BAD 373605294719
BAD 373605294721
BAD 373577814913
BAD 373580419943
BAD 373580419951
BAD 373582185829
BAD 373582492193
BAD 373582492201
BAD 373684620251
BAD 373684620263
BAD 373684784287
BAD 373685215999
BAD 373585955453
BAD 373687142123
BAD 373586365091
BAD 373687317149
BAD 373687317151
BAD 373687317613
BAD 373687600711
BAD 373687832209
BAD 373589032951
BAD 373689051233
BAD 373726663423
BAD 373726663603
BAD 373743300263
BAD 373728802193
BAD 373728802201
BAD 373728802207
BAD 373744505707
BAD 373744505723
BAD 373729281559
BAD 373745131373
BAD 373730359763
BAD 373746310859
BAD 373731642133
BAD 373731642139
BAD 373748287799
BAD 373758112249
BAD 373758521209
BAD 373758521243
BAD 373758521249
BAD 373758521251
BAD 373734584527
BAD 373750722773
BAD 373750722781
BAD 373736396941
BAD 373760553169
BAD 373753192733
BAD 373739369491
BAD 373740795419
BAD 373756147307
BAD 373756294837
BAD 373756294843
BAD 373756294861
BAD 373761596671
BAD 373761683083
BAD 373761683093
BAD 373761683101
BAD 373761683111
BAD 373762768583
BAD 373763203579
BAD 373763847103
BAD 373763847143
BAD 373795726771
BAD 373766510779
BAD 373766510783
BAD 373776561451
BAD 373757494393
BAD 373757494399
BAD 373757494403
BAD 373798564771
BAD 373757575861
BAD 373777862383
BAD 373778389189
BAD 373769604647
BAD 373770279041
BAD 373780178251
BAD 373780732111
BAD 373771476109
BAD 373771661479
BAD 373781407117
BAD 373804504949
BAD 373804504951
BAD 373783823573
BAD 373783823579
BAD 373783823587
BAD 373773760699
BAD 373784590261
BAD 373806946913
BAD 373807236571
BAD 373808229313
BAD 373787050391
BAD 373787325253
BAD 373787483249
BAD 373787483257
BAD 373787483263
BAD 373791619309
BAD 373708398131
BAD 373709368801
BAD 373709402531
BAD 373709402533
BAD 373710040699
BAD 373710040703
BAD 373710691583
BAD 373712693143
BAD 373713890881
BAD 373713890887
BAD 373713890903
BAD 373714564319
BAD 373717379083
BAD 373717379089
BAD 373717379093
BAD 373717570189
BAD 373718564389
BAD 373718564393
BAD 373723231267
BAD 373691312873
BAD 373691312887
BAD 373693853179
BAD 373693853189
BAD 373693853191
BAD 373693853213
BAD 373695106397
BAD 373695106399
BAD 373695106403
BAD 373695594269
BAD 373695594271
BAD 373695594289
BAD 373695691973
BAD 373695692011
BAD 373696467827
BAD 373696467829
BAD 373698326863
BAD 373702675153
BAD 373704928123
BAD 373705120829
BAD 374077202987
BAD 374079759323
BAD 374082114157
BAD 374045620583
BAD 374045626519
BAD 374082276391
BAD 374046335371
BAD 374046475031
BAD 374047876297
BAD 374048474609
BAD 374086150289
BAD 374086150309
BAD 374086758679
BAD 374051895563
BAD 374052704323
BAD 374052704327
BAD 374052704329
BAD 373825598371
BAD 373825598389
BAD 373825598483
BAD 374088078797
BAD 373876521313
BAD 373876758887
BAD 373876758889
BAD 374088860293
BAD 374088860297
BAD 374088860303
BAD 374089333591
BAD 374091141329
BAD 373879326883
BAD 374091627253
BAD 373879685581
BAD 373879792837
BAD 373829569111
BAD 373829569133
BAD 373880241347
BAD 373880241349
BAD 373831512709
BAD 373831512721
BAD 373881539657
BAD 374010100181
BAD 374010100183
BAD 374010100327
BAD 373882191803
BAD 373882191827
BAD 373882191829
BAD 373882716803
BAD 373883074321
BAD 373909918957
BAD 373884022333
BAD 373884022339
BAD 373884022399
BAD 374012105123
BAD 374093234243
BAD 373926466733
BAD 373911127861
BAD 373927300631
BAD 373927300633
BAD 373814395741
BAD 373885564649
BAD 373885564651
BAD 374013177347
BAD 373814644859
BAD 374014672847
BAD 373929741077
BAD 373837632307
BAD 373912508447
BAD 373814644873
BAD 373929741079
BAD 373837632313
BAD 374014672849
BAD 373929741109
BAD 374014672861
BAD 373912508449
BAD 373885885129
BAD 373885885133
BAD 374014933013
BAD 373839102083
BAD 373894188529
BAD 373931827207
BAD 373931827223
BAD 373816332293
BAD 373840172611
BAD 373894755623
BAD 373914885623
BAD 373914885629
BAD 373887475373
BAD 374016665303
BAD 373915535971
BAD 373959683029
BAD 373959683033
BAD 373959911813
BAD 373960114771
BAD 373934235481
BAD 373895667169
BAD 373934235491
BAD 373960362389
BAD 373916612941
BAD 373934616269
BAD 373934616271
BAD 373934836831
BAD 373934836837
BAD 373960794673
BAD 373960794677
BAD 373960794679
BAD 373935332657
BAD 373961329909
BAD 373917245629
BAD 373889663527
BAD 373936550821
BAD 373897321079
BAD 373897321081
BAD 373937121991
BAD 373937122001
BAD 373937122003
BAD 373890632041
BAD 373963790149
BAD 374060896529
BAD 374060896549
BAD 374060896553
BAD 373891470133
BAD 373939278623
BAD 373939278631
BAD 374061561067
BAD 374061817313
BAD 373939742161
BAD 373939742167
BAD 373939742171
BAD 373939742173
BAD 373939742177
BAD 373939742179
BAD 373899548713
BAD 373899548719
BAD 373899548741
BAD 373996156109
BAD 373996156111
BAD 373996156117
BAD 373940310979
BAD 373979179921
BAD 373979422603
BAD 373979422651
BAD 373900161619
BAD 373900161623
BAD 374063750999
BAD 374063751001
BAD 373979684399
BAD 373979684401
BAD 373940655061
BAD 373980143311
BAD 373980232253
BAD 373922799247
BAD 373998291397
BAD 374065715209
BAD 374065715213
BAD 373941990943
BAD 373923800149
BAD 373982190119
BAD 373982190121
BAD 373982190133
BAD 374066590427
BAD 374023298149
BAD 374023298153
BAD 373925667421
BAD 374001596923
BAD 373971115673
BAD 373903151269
BAD 374024129333
BAD 373903476937
BAD 373903476943
BAD 374024366971
BAD 374069528971
BAD 373971903391
BAD 373972162549
BAD 373972162559
BAD 373904361583
BAD 373904361601
BAD 374070642661
BAD 374004435379
BAD 374004435383
BAD 374004435391
BAD 373905348797
BAD 373905348799
BAD 373987291081
BAD 373974000721
BAD 373905834529
BAD 373905834563
BAD 373905834571
BAD 373987766083
BAD 373987863331
BAD 373988078951
BAD 373988078953
BAD 373988079013
BAD 373988079019
BAD 373988079029
BAD 374073692219
BAD 374073692221
BAD 374074195819
BAD 374074195823
BAD 373907077501
BAD 373908107411
BAD 373908107413
BAD 374009061011
BAD 374009127851
BAD 374009127853
BAD 374009381639
BAD 373858853219
BAD 373943151893
BAD 373943512597
BAD 373943512609
BAD 373991629883
BAD 373991629901
BAD 373991629903
BAD 373861290223
BAD 373944491287
BAD 373944491293
BAD 373944491303
BAD 373992691889
BAD 373946140283
BAD 373946140303
BAD 373992916417
BAD 373947030913
BAD 374032243007
BAD 374032243009
BAD 373842295663
BAD 373842295667
BAD 373842295669
BAD 374032798507
BAD 373948334261
BAD 373948334273
BAD 374033151203
BAD 374033369641
BAD 373864122763
BAD 373949272447
BAD 373949272457
BAD 373864321219
BAD 374034303347
BAD 373950374221
BAD 373950789497
BAD 373950789503
BAD 373951677529
BAD 373846020047
BAD 373846020049
BAD 373846783769
BAD 373846783771
BAD 373847044147
BAD 373847187941
BAD 373954014859
BAD 374039047541
BAD 374039047573
BAD 373954370129
BAD 373954370131
BAD 373847858837
BAD 373868118007
BAD 373868177689
BAD 374039574721
BAD 374040583393
BAD 373849163599
BAD 374041096423
BAD 374041996507
BAD 374042010863
BAD 374043005179
BAD 373872027517
BAD 373872027521
BAD 373874837563
BAD 373874837569
BAD 373874837573
BAD 373875195821
BAD 373875195823
BAD 373875195839
BAD 373875399067
BAD 373855416667
BAD 373856762371
BAD 373858419301
BAD 374160831907
BAD 374161918189
BAD 374164640011
BAD 374165952913
BAD 374096918551
BAD 374097054631
BAD 374097054637
BAD 374147016109
BAD 374147136029
BAD 374147136031
BAD 374147136073
BAD 374147687899
BAD 374147687909
BAD 374147687911
BAD 374148372713
BAD 374099383297
BAD 374171425633
BAD 374171425643
BAD 374172892189
BAD 374172892241
BAD 374172892277
BAD 374151831421
BAD 374152657709
BAD 374176645573
BAD 374177483363
BAD 374155211609
BAD 374155211611
BAD 374156817743
BAD 374156817751
BAD 374114955689
BAD 374114955691
BAD 374157377261
BAD 374108430139
BAD 374157871753
BAD 374108987557
BAD 374116646483
BAD 374117547511
BAD 374121238727
BAD 374122520659
BAD 374122520693
BAD 374127468007
BAD 374128114823
BAD 374128174877
BAD 374128174879
BAD 374129297299
BAD 374130272671
BAD 374134954343
BAD 374136176707
BAD 374138331079
BAD 374139368741
BAD 374141492167
BAD 374142843803
BAD 374177944537
BAD 374181954109
BAD 374183698729
BAD 374183817067
BAD 374188648943
BAD 374189303269
BAD 374189303273
BAD 374191716331
BAD 374192175067
BAD 374193497963
BAD 374196207589
BAD 374196819221
BAD 374196819223
BAD 374196819233
BAD 374198523011
BAD 374199276037
BAD 374199663043
BAD 374201571983
BAD 374204826661
BAD 374205466123
BAD 374206357153
BAD 374206357157
BAD 374207499493
BAD 374207711821
BAD 374207856461
BAD 374209726963
BAD 374209870417
BAD 374210549003
BAD 374279246119
BAD 374284038143
BAD 374284691959
BAD 374288052923
BAD 374288053039
BAD 374288096599
BAD 374295085621
BAD 374299019929
BAD 374294935061
BAD 374301552517
BAD 374301576349
BAD 374301576353
BAD 374305331929
BAD 374307425837
BAD 374307425839
BAD 374307492589
BAD 374309420773
BAD 374396129981
BAD 374396129983
BAD 374396562751
BAD 374397751129
BAD 374310379921
BAD 374310379943
BAD 374310379973
BAD 374310379987
BAD 374400185239
BAD 374400185249
BAD 374400185251
BAD 374401426153
BAD 374401426159
BAD 374401426163
BAD 374401426183
BAD 374401426187
BAD 374412923333
BAD 374413787023
BAD 374415346733
BAD 374416137817
BAD 374407935241
BAD 374408951107
BAD 374419707463
BAD 374419707469
BAD 374411444219
BAD 374411444221
BAD 374412185401
BAD 374231807731
BAD 374424088999
BAD 374328562847
BAD 374211261653
BAD 374231985163
BAD 374231985167
BAD 374231985173
BAD 374231985181
BAD 374329053421
BAD 374211677327
BAD 374425246243
BAD 374425246249
BAD 374382254791
BAD 374382359389
BAD 374330541031
BAD 374330541061
BAD 374233706533
BAD 374426598781
BAD 374426598787
BAD 374426943379
BAD 374431383091
BAD 374431383097
BAD 374331804139
BAD 374332063913
BAD 374428081283
BAD 374383479563
BAD 374482730129
BAD 374482730131
BAD 374215312043
BAD 374464004671
BAD 374334640081
BAD 374263619453
BAD 374263619461
BAD 374385768019
BAD 374312304511
BAD 374433832249
BAD 374484672979
BAD 374484672983
BAD 374484694013
BAD 374465544683
BAD 374433969391
BAD 374433969397
BAD 374246197433
BAD 374265171073
BAD 374265171079
BAD 374387141903
BAD 374336910799
BAD 374336910817
BAD 374336910821
BAD 374336910823
BAD 374466766867
BAD 374387849993
BAD 374446450709
BAD 374486441767
BAD 374239813973
BAD 374467507573
BAD 374388610097
BAD 374241045323
BAD 374339096633
BAD 374266795183
BAD 374314757833
BAD 374248492573
BAD 374388610103
BAD 374435647919
BAD 374266795187
BAD 374471312543
BAD 374486958653
BAD 374219300813
BAD 374471638669
BAD 374248836763
BAD 374268174593
BAD 374268174617
BAD 374268174619
BAD 374315721139
BAD 374488022773
BAD 374250032609
BAD 374389762339
BAD 374389762343
BAD 374250240853
BAD 374269439671
BAD 374342114033
BAD 374390699197
BAD 374390699203
BAD 374243956843
BAD 374269875079
BAD 374474330611
BAD 374474330731
BAD 374447055571
BAD 374223161723
BAD 374270210063
BAD 374244498469
BAD 374439532241
BAD 374223161729
BAD 374223161731
BAD 374253282017
BAD 374253282061
BAD 374492278519
BAD 374223534679
BAD 374223534689
BAD 374318594173
BAD 374447634037
BAD 374346009139
BAD 374346009151
BAD 374223835813
BAD 374253933047
BAD 374253933049
BAD 374493552659
BAD 374493552661
BAD 374493552679
BAD 374493552683
BAD 374270951767
BAD 374224717127
BAD 374224717129
BAD 374224717133
BAD 374448578843
BAD 374441321363
BAD 374476061423
BAD 374476061431
BAD 374347258573
BAD 374319346433
BAD 374476100953
BAD 374476100959
BAD 374394477323
BAD 374394518467
BAD 374494595183
BAD 374395209743
BAD 374395209751
BAD 374395209757
BAD 374395209767
BAD 374449959371
BAD 374449959407
BAD 374226622183
BAD 374320541563
BAD 374227736083
BAD 374478760717
BAD 374478760723
BAD 374479115519
BAD 374351238323
BAD 374452109453
BAD 374445280283
BAD 374445280291
BAD 374452275563
BAD 374321521081
BAD 374497823059
BAD 374453358691
BAD 374274790543
BAD 374274790559
BAD 374274790613
BAD 374354185003
BAD 374500119361
BAD 374275806869
BAD 374275806871
BAD 374276350171
BAD 374276350177
BAD 374276562119
BAD 374276562139
BAD 374323648903
BAD 374323648943
BAD 374323666669
BAD 374502267389
BAD 374323946699
BAD 374323946839
BAD 374323946851
BAD 374277737863
BAD 374324494681
BAD 374362893769
BAD 374533067873
BAD 374363427601
BAD 374460424081
BAD 374460424099
BAD 374460424103
BAD 374460552313
BAD 374534714731
BAD 374534714737
BAD 374535062399
BAD 374535062401
BAD 374461374913
BAD 374461569743
BAD 374461796167
BAD 374327500579
BAD 374509153027
BAD 374537876291
BAD 374328345091
BAD 374510587799
BAD 374366404403
BAD 374511086311
BAD 374366979863
BAD 374367331783
BAD 374540977957
BAD 374540977963
BAD 374540977999
BAD 374540978059
BAD 374512602757
BAD 374512696291
BAD 374514548999
BAD 374514549001
BAD 374514549029
BAD 374514549037
BAD 374514549053
BAD 374514549061
BAD 374543761021
BAD 374544302863
BAD 374516157949
BAD 374516555951
BAD 374516555953
BAD 374545773997
BAD 374545850867
BAD 374545850869
BAD 374545850873
BAD 374545850881
BAD 374545850893
BAD 374517813323
BAD 374371325161
BAD 374518736869
BAD 374372503559
BAD 374521788841
BAD 374547265201
BAD 374374958569
BAD 374375038969
BAD 374525361911
BAD 374525361913
BAD 374525361929
BAD 374525371613
BAD 374525468137
BAD 374550849103
BAD 374525696749
BAD 374551607161
BAD 374551607167
BAD 374377985819
BAD 374377985903
BAD 374528395399
BAD 374528395403
BAD 374553643381
BAD 374554216747
BAD 374554216753
BAD 374557961363
BAD 374558388437
BAD 374560422529
BAD 374560422563
BAD 374560883209
BAD 374563986661
BAD 374564668637
BAD 374564932673
BAD 374566653613
BAD 374567370421
BAD 374567370433
BAD 374567370439
BAD 374568251279
BAD 374571225629
BAD 374573593973
BAD 374574454493
BAD 374576557661
BAD 374598504503
BAD 374576975659
BAD 374599523863
BAD 374578605463
BAD 374579014819
BAD 374605224823
BAD 374607251719
BAD 374607251723
BAD 374607586891
BAD 374607586897
BAD 374607878041
BAD 374608187021
BAD 374609460167
BAD 374611262329
BAD 374612938373
BAD 374613035227
BAD 374613306623
BAD 374587254841
BAD 374588518103
BAD 374588518127
BAD 374590940069
BAD 374590940071
BAD 374593407767
BAD 374595822581
BAD 374596779313
BAD 374596779317
BAD 374614218613
BAD 374614218631
BAD 374614218709
BAD 374614704473
BAD 374616036629
BAD 374616036631
BAD 374616105239
BAD 374616482179
BAD 374617152211
BAD 374617152253
BAD 374620064501
BAD 374620064503
BAD 374621402599
BAD 374622297397
BAD 374622297403
BAD 374622297419
BAD 374626142213
BAD 374629479661
BAD 374629479673
BAD 374629479677
BAD 374629886513
BAD 374952552371
BAD 374649365791
BAD 374932951319
BAD 374933451359
BAD 374651263549
BAD 374651524969
BAD 374651524979
BAD 374651764163
BAD 374651764169
BAD 374935688849
BAD 374935688851
BAD 374653445987
BAD 374653445989
BAD 374653445993
BAD 374653446001
BAD 374936722351
BAD 374936722441
BAD 374936722451
BAD 374936722453
BAD 374937402053
BAD 374654552149
BAD 374866800859
BAD 374866800863
BAD 374958869381
BAD 374958869407
BAD 374866954523
BAD 374655119567
BAD 374867630303
BAD 374867630311
BAD 374960876011
BAD 374867963153
BAD 374942790853
BAD 374963320103
BAD 374816536247
BAD 374816536249
BAD 374816536253
BAD 374817165319
BAD 374817165323
BAD 374817165329
BAD 374818141021
BAD 374945066231
BAD 374945066233
BAD 374882379803
BAD 374945574979
BAD 374945575007
BAD 374945575009
BAD 374873529187
BAD 374656163513
BAD 374820157321
BAD 374656756363
BAD 374947333547
BAD 374947333549
BAD 374884654399
BAD 374947983199
BAD 374885084479
BAD 374821891757
BAD 374822147701
BAD 374825456689
BAD 374825559553
BAD 374825562913
BAD 374874708443
BAD 374874708451
BAD 374874708457
BAD 374874762191
BAD 374826012349
BAD 374662641053
BAD 374662641061
BAD 374662641071
BAD 374827289849
BAD 374827968343
BAD 374828125703
BAD 374891118313
BAD 374891118383
BAD 374891118401
BAD 374878190723
BAD 374878517033
BAD 374892347341
BAD 374829817231
BAD 374880570797
BAD 374895130933
BAD 374881590241
BAD 374898627589
BAD 374632767143
BAD 374635690643
BAD 374637880811
BAD 374638157923
BAD 374638158157
BAD 374638158161
BAD 374638158163
BAD 374638821259
BAD 374800033921
BAD 374640935881
BAD 374640935899
BAD 374641831181
BAD 374641831183
BAD 374803271747
BAD 374803271749
BAD 374803271767
BAD 374803271771
BAD 374805729691
BAD 374806613627
BAD 374807017483
BAD 374807017499
BAD 374808116521
BAD 374644361737
BAD 374644769509
BAD 374809042763
BAD 374809837169
BAD 374809911067
BAD 374809984343
BAD 374697786923
BAD 374698444811
BAD 374698444823
BAD 374812617661
BAD 374700888721
BAD 374814921631
BAD 374814921647
BAD 374664557803
BAD 374767786231
BAD 374768282869
BAD 374666453999
BAD 374769825343
BAD 374769825347
BAD 374769825349
BAD 374917088303
BAD 374668122949
BAD 374917454651
BAD 374917454663
BAD 374917454731
BAD 374707018883
BAD 374918406529
BAD 374670010411
BAD 374681208299
BAD 374681208301
BAD 374670409417
BAD 374920478593
BAD 374920527911
BAD 374920527913
BAD 374773549573
BAD 374750338279
BAD 374773757599
BAD 374750711581
BAD 374750832683
BAD 374671508543
BAD 374921281643
BAD 374921281649
BAD 374921296889
BAD 374921353507
BAD 374921353519
BAD 374921353529
BAD 374774381609
BAD 374921353531
BAD 374921353549
BAD 374774381651
BAD 374751568111
BAD 374711137711
BAD 374832499631
BAD 374832626317
BAD 374832626359
BAD 374921898229
BAD 374921898233
BAD 374673977401
BAD 374922813319
BAD 374922813323
BAD 374834141729
BAD 374834141753
BAD 374834141761
BAD 374834141767
BAD 374834208713
BAD 374834208719
BAD 374713071017
BAD 374753140417
BAD 374776850603
BAD 374731881289
BAD 374715586769
BAD 374715586771
BAD 374732278013
BAD 374777322151
BAD 374924133817
BAD 374924133823
BAD 374732938873
BAD 374754576631
BAD 374777597671
BAD 374924133839
BAD 374777597681
BAD 374777597683
BAD 374754994573
BAD 374754994597
BAD 374836117703
BAD 374687606011
BAD 374755810433
BAD 374688779719
BAD 374688779723
BAD 374688828931
BAD 374756831017
BAD 374756831087
BAD 374756831089
BAD 374756831093
BAD 374756831101
BAD 374677706551
BAD 374734882147
BAD 374689355153
BAD 374689389001
BAD 374689415371
BAD 374689415423
BAD 374927075053
BAD 374718521299
BAD 374718743339
BAD 374718743341
BAD 374719075337
BAD 374927479669
BAD 374735812169
BAD 374838829709
BAD 374838829711
BAD 374719549273
BAD 374690530243
BAD 374759315893
BAD 374679916159
BAD 374840708083
BAD 374738924191
BAD 374759980831
BAD 374930856523
BAD 374930894641
BAD 374739369443
BAD 374931861571
BAD 374842027793
BAD 374722663067
BAD 374722663069
BAD 374694682927
BAD 374761236481
BAD 374842231891
BAD 374741122397
BAD 374842879067
BAD 374762247793
BAD 374762247803
BAD 374696713519
BAD 374762579273
BAD 374743161473
BAD 374843806973
BAD 374762983349
BAD 374762983351
BAD 374726253409
BAD 374745040009
BAD 374745040013
BAD 374745040039
BAD 374745271427
BAD 374745271429
BAD 374746855057
BAD 374845973171
BAD 374747368883
BAD 374729241443
BAD 374848058003
BAD 374901723883
BAD 374901723887
BAD 374904059119
BAD 374906204479
BAD 374906282089
BAD 374906409289
BAD 374911038433
BAD 374911786219
BAD 374911786229
BAD 374911786231
BAD 374850229409
BAD 374850229433
BAD 374850914929
BAD 374850914959
BAD 374850914981
BAD 374851934489
BAD 374852172271
BAD 374852299039
BAD 374852299043
BAD 374852404321
BAD 374967376649
BAD 374967376657
BAD 374967439117
BAD 374853456451
BAD 374968746499
BAD 374968746511
BAD 374854975321
BAD 374855573581
BAD 374855573647
BAD 374856333421
BAD 374856458413
BAD 374856458429
BAD 374857055413
BAD 374973263317
BAD 374973263321
BAD 374973263323
BAD 374974443469
BAD 374783482823
BAD 374783500033
BAD 374783500051
BAD 374858978983
BAD 374860322581
BAD 374786623979
BAD 374787909677
BAD 374787909679
BAD 374978734441
BAD 374863406833
BAD 374789191327
BAD 374979434441
BAD 374979434443
BAD 374863638563
BAD 374789475241
BAD 374789475251
BAD 374789475253
BAD 374983678879
BAD 374983678889
BAD 374983678921
BAD 374983678933
BAD 374984145581
BAD 374984145583
BAD 374790997423
BAD 374985758783
BAD 374982750917
BAD 374793368821
BAD 374987238167
BAD 374987238169
BAD 374987433707
BAD 374989376633
BAD 374989721893
BAD 374796718693
BAD 374797173943
BAD 374990785111
BAD 374991304223
BAD 374991304253
BAD 374992155767
BAD 374992859431
BAD 374994030787
BAD 374994855461
BAD 374994905543
BAD 374995303279
BAD 374997153059
BAD 374998011547
BAD 375000147029
BAD 375000147031
BAD 375000456167
BAD 375000456169
BAD 375002556967
BAD 375002557021
BAD 375003572627
BAD 375008225311
BAD 375008444687
BAD 375010703497
BAD 375011799923
BAD 375012380291
BAD 375012380293
BAD 375012434941
BAD 375013160947
BAD 375014889413
BAD 375015728147
BAD 375015728149
BAD 375017174747
BAD 375018344671
BAD 375018344677
BAD 375023093671
BAD 375026941243
BAD 375028209097
BAD 375028322063
BAD 375028938569
BAD 375031478839
BAD 375031478851
BAD 375031515139
BAD 375031749503
BAD 375031749509
BAD 375031749511
BAD 375031749517
BAD 375050427421
BAD 375050540807
BAD 375051646183
BAD 375054273091
BAD 375054720133
BAD 375056041193
BAD 375056123749
BAD 375060919537
BAD 375063099643
BAD 375063099823
BAD 375065408813
BAD 375065434847
BAD 375065434873
BAD 375101192659
BAD 375101451433
BAD 375101451443
BAD 375066760307
BAD 375105099883
BAD 375106258843
BAD 375106258847
BAD 375074071103
BAD 375074249833
BAD 375107803901
BAD 375108312367
BAD 375078208573
BAD 375108312373
BAD 375079321493
BAD 375079397701
BAD 375079397729
BAD 375079397731
BAD 375079637239
BAD 375079966969
BAD 375110371037
BAD 375111726991
BAD 375111727037
BAD 375111727043
BAD 375083045783
BAD 375083337953
BAD 375083390131
BAD 375113764703
BAD 375117093217
BAD 375117093223
BAD 375119449127
BAD 375119449129
BAD 375120199403
BAD 375120432233
BAD 375120432241
BAD 375120743483
BAD 375121213177
BAD 375121213183
BAD 375123854113
BAD 375125254003
BAD 375125254013
BAD 375125661803
BAD 375125661811
BAD 375126563351
BAD 375129137951
BAD 375129137953
BAD 375133903343
BAD 375137138933
BAD 375137138951
BAD 375137144461
BAD 375137514649
BAD 375138067861
BAD 375138067867
BAD 375130944829
BAD 375131596759
BAD 375131596771
BAD 375140773823
BAD 375141542779
BAD 375142281541
BAD 375083883347
BAD 375084528233
BAD 375145452337
BAD 375086516249
BAD 375086516251
BAD 375088079903
BAD 375088929403
BAD 375088929409
BAD 375089971831
BAD 375148856123
BAD 375149072737
BAD 375149726773
BAD 375150353527
BAD 375150353533
BAD 375093440389
BAD 375095145499
BAD 375095811709
BAD 375035609341
BAD 375037818413
BAD 375037818457
BAD 375037853761
BAD 375037853767
BAD 375037853783
BAD 375037989643
BAD 375038393083
BAD 375038393087
BAD 375039756307
BAD 375039756337
BAD 375039756341
BAD 375040925821
BAD 375041190047
BAD 375041190049
BAD 375041190053
BAD 375043473659
BAD 375043473661
BAD 375044502739
BAD 375044502743
BAD 375045586009
BAD 375048431269
BAD 375049295927
BAD 375049295941
BAD 375049295953
BAD 375167553589
BAD 375217784251
BAD 375217784257
BAD 375167905061
BAD 375167924323
BAD 375167924363
BAD 375167924371
BAD 375170758693
BAD 375171825097
BAD 375171825101
BAD 375171825103
BAD 375222336493
BAD 375223266641
BAD 375320503211
BAD 375320503213
BAD 375320503219
BAD 375225450503
BAD 375225506239
BAD 375321916433
BAD 375226309141
BAD 375226352287
BAD 375227692789
BAD 375323941513
BAD 375408279229
BAD 375228977989
BAD 375229076791
BAD 375325215451
BAD 375410876693
BAD 375173022793
BAD 375286319413
BAD 375154499149
BAD 375287315993
BAD 375268234351
BAD 375235852669
BAD 375352055581
BAD 375177969511
BAD 375330619589
BAD 375231828931
BAD 375339836497
BAD 375369403337
BAD 375330619591
BAD 375330655373
BAD 375268390703
BAD 375385665649
BAD 375369779053
BAD 375414516949
BAD 375386077321
BAD 375269050973
BAD 375233031967
BAD 375233118419
BAD 375341126191
BAD 375341126197
BAD 375331758803
BAD 375331758811
BAD 375386632681
BAD 375386672209
BAD 375332446609
BAD 375288932423
BAD 375237771217
BAD 375270724351
BAD 375270724357
BAD 375291641449
BAD 375416678633
BAD 375353937271
BAD 375156970703
BAD 375335137531
BAD 375182232331
BAD 375238124419
BAD 375270724363
BAD 375389051311
BAD 375345204473
BAD 375238124423
BAD 375157056217
BAD 375374111941
BAD 375182771933
BAD 375182848463
BAD 375201294631
BAD 375201583873
BAD 375201583901
BAD 375183445691
BAD 375201583903
BAD 375183445711
BAD 375272021363
BAD 375355155419
BAD 375183764173
BAD 375184055657
BAD 375293362681
BAD 375293376281
BAD 375293376349
BAD 375158617261
BAD 375240308659
BAD 375375712969
BAD 375356087479
BAD 375159277291
BAD 375294135017
BAD 375294135019
BAD 375391769353
BAD 375159644029
BAD 375274190839
BAD 375274190843
BAD 375274530487
BAD 375357287581
BAD 375349392601
BAD 375274774283
BAD 375274833127
BAD 375160230259
BAD 375357840821
BAD 375295466323
BAD 375295466327
BAD 375204843977
BAD 375205042879
BAD 375295739701
BAD 375350417903
BAD 375296155261
BAD 375276121621
BAD 375276121631
BAD 375276121639
BAD 375276138901
BAD 375206020949
BAD 375206020951
BAD 375161619533
BAD 375359772661
BAD 375162392953
BAD 375359772679
BAD 375359772701
BAD 375359772703
BAD 375359772757
BAD 375277988011
BAD 375207802939
BAD 375207802943
BAD 375360409201
BAD 375298999093
BAD 375298999099
BAD 375395867003
BAD 375299398489
BAD 375299398493
BAD 375208700959
BAD 375279077783
BAD 375279077791
BAD 375299971261
BAD 375396529367
BAD 375396529369
BAD 375396623603
BAD 375381896647
BAD 375382469149
BAD 375164879851
BAD 375280131571
BAD 375246725431
BAD 375210793219
BAD 375280817323
BAD 375363008089
BAD 375363008093
BAD 375383501963
BAD 375363008131
BAD 375383619109
BAD 375398518553
BAD 375398518567
BAD 375281441851
BAD 375166762847
BAD 375166762849
BAD 375167155249
BAD 375399194371
BAD 375399194377
BAD 375248344981
BAD 375212655641
BAD 375187958779
BAD 375213212267
BAD 375283231303
BAD 375283231307
BAD 375365573131
BAD 375188650103
BAD 375365611897
BAD 375188892863
BAD 375188894809
BAD 375302216539
BAD 375302216543
BAD 375250167473
BAD 375189700741
BAD 375189700757
BAD 375367611343
BAD 375368245673
BAD 375190983499
BAD 375252416107
BAD 375306145693
BAD 375217459957
BAD 375252416111
BAD 375252416113
BAD 375191271577
BAD 375253685161
BAD 375254608951
BAD 375308613949
BAD 375256712689
BAD 375256984339
BAD 375257341279
BAD 375257341289
BAD 375310932251
BAD 375196019333
BAD 375311070691
BAD 375311443061
BAD 375311443063
BAD 375197359393
BAD 375198247519
BAD 375261114463
BAD 375200660413
BAD 375315645127
BAD 375316672567
BAD 375264288911
BAD 375264288913
BAD 375317871167
BAD 375317871169
BAD 375265451311
BAD 375266639873
BAD 375266639879
BAD 375436092907
BAD 375437554783
BAD 375437744419
BAD 375438015683
BAD 375438973009
BAD 375442534471
BAD 375443171641
BAD 375443171647
BAD 375443700353
BAD 375444297889
BAD 375444565129
BAD 375419942399
BAD 375446453807
BAD 375425668777
BAD 375426433717
BAD 375428273299
BAD 375428273303
BAD 375433431083
BAD 375435595219
BAD 375454124131
BAD 375469678723
BAD 375454743847
BAD 375456206821
BAD 375472246489
BAD 375472246493
BAD 375459805009
BAD 375460104001
BAD 375476640953
BAD 375463108309
BAD 375479371669
BAD 375463842121
BAD 375464930287
BAD 375464955667
BAD 375464992621
BAD 375466555759
BAD 375466594553
BAD 375466828897
BAD 375466828909
BAD 375484265137
BAD 375486132451
BAD 375486132457
BAD 375670963781
BAD 375670963783
BAD 375670979081
BAD 375688702043
BAD 375688702057
BAD 375504999413
BAD 375690591923
BAD 375690591937
BAD 375673809617
BAD 375673809619
BAD 375691574059
BAD 375674543903
BAD 375674543921
BAD 375691757093
BAD 375506962583
BAD 375692114053
BAD 375507923521
BAD 375587302621
BAD 375692729411
BAD 375489123953
BAD 375587302627
BAD 375511643267
BAD 375511643341
BAD 375490201369
BAD 375588762779
BAD 375588762781
BAD 375694008779
BAD 375694035139
BAD 375490442573
BAD 375513176197
BAD 375513176221
BAD 375589499767
BAD 375695071421
BAD 375695071441
BAD 375590022503
BAD 375695308403
BAD 375695308409
BAD 375695308411
BAD 375514477123
BAD 375514495129
BAD 375676715783
BAD 375515750849
BAD 375515750851
BAD 375516079801
BAD 375516079823
BAD 375678202453
BAD 375516445879
BAD 375698159383
BAD 375494408701
BAD 375516706949
BAD 375516706951
BAD 375698159387
BAD 375517861909
BAD 375679676353
BAD 375496571851
BAD 375496571867
BAD 375496571869
BAD 375496904623
BAD 375518724073
BAD 375680250167
BAD 375680250173
BAD 375497629069
BAD 375497629081
BAD 375519235733
BAD 375681364283
BAD 375701524259
BAD 375591858263
BAD 375591858269
BAD 375591858293
BAD 375682576783
BAD 375605282873
BAD 375592241329
BAD 375592241333
BAD 375683533531
BAD 375683533559
BAD 375606839723
BAD 375684635173
BAD 375500330759
BAD 375684635177
BAD 375500330761
BAD 375684737203
BAD 375684737209
BAD 375684737279
BAD 375500766383
BAD 375500964719
BAD 375500964721
BAD 375501560509
BAD 375501560537
BAD 375501560543
BAD 375685337701
BAD 375685337707
BAD 375501784423
BAD 375686430619
BAD 375686430629
BAD 375596343923
BAD 375701740763
BAD 375597982693
BAD 375613696027
BAD 375523243873
BAD 375523243913
BAD 375523243919
BAD 375616019231
BAD 375600310973
BAD 375600423901
BAD 375526062113
BAD 375600826277
BAD 375617396753
BAD 375617724973
BAD 375617740819
BAD 375601509433
BAD 375618004067
BAD 375602843831
BAD 375603022547
BAD 375603022549
BAD 375603312067
BAD 375528776297
BAD 375528776299
BAD 375619282867
BAD 375530760421
BAD 375638029693
BAD 375638029709
BAD 375532964581
BAD 375532964591
BAD 375532964593
BAD 375533151073
BAD 375533151079
BAD 375641288161
BAD 375788766643
BAD 375788766653
BAD 375644030869
BAD 375738254737
BAD 375738319217
BAD 375738319219
BAD 375738319223
BAD 375738319237
BAD 375739078027
BAD 375791176549
BAD 375739782889
BAD 375805673083
BAD 375792308611
BAD 375645872803
BAD 375805673101
BAD 375741060769
BAD 375540440293
BAD 375807091867
BAD 375808903553
BAD 375808903559
BAD 375541876513
BAD 375541876517
BAD 375809308723
BAD 375794426173
BAD 375794426179
BAD 375542280167
BAD 375810596191
BAD 375745601989
BAD 375745601993
BAD 375745601999
BAD 375746474063
BAD 375746474069
BAD 375746474071
BAD 375746474087
BAD 375544054603
BAD 375544054607
BAD 375544054609
BAD 375622418473
BAD 375651342497
BAD 375651342499
BAD 375651352673
BAD 375651352697
BAD 375622577243
BAD 375796842373
BAD 375796907797
BAD 375796907833
BAD 375813779017
BAD 375813837071
BAD 375813837073
BAD 375813837079
BAD 375546042259
BAD 375814654703
BAD 375814654741
BAD 375798001897
BAD 375721816891
BAD 375624560723
BAD 375721914619
BAD 375721914629
BAD 375652596203
BAD 375750361583
BAD 375750361627
BAD 375625437923
BAD 375723086659
BAD 375800082677
BAD 375753100873
BAD 375753100883
BAD 375550601719
BAD 375550604353
BAD 375550781399
BAD 375754231051
BAD 375551180197
BAD 375551180239
BAD 375551180243
BAD 375628950049
BAD 375802039043
BAD 375802454213
BAD 375727424671
BAD 375821346899
BAD 375804490783
BAD 375804490793
BAD 375631273373
BAD 375631273379
BAD 375729868979
BAD 375729868981
BAD 375631763893
BAD 375731410871
BAD 375632953373
BAD 375732201421
BAD 375732610973
BAD 375774052793
BAD 375774817109
BAD 375733992107
BAD 375774817111
BAD 375733992113
BAD 375774817127
BAD 375733992143
BAD 375774817129
BAD 375634393877
BAD 375634393879
BAD 375635260019
BAD 375776631863
BAD 375776631871
BAD 375736025323
BAD 375776631907
BAD 375776735497
BAD 375570352433
BAD 375657064487
BAD 375657064499
BAD 375657064501
BAD 375779547113
BAD 375659163203
BAD 375659163211
BAD 375781797871
BAD 375782176423
BAD 375574558267
BAD 375574735111
BAD 375574821343
BAD 375759089311
BAD 375576782401
BAD 375662696333
BAD 375577041817
BAD 375760704391
BAD 375760960063
BAD 375760960073
BAD 375763807673
BAD 375765083933
BAD 375765720719
BAD 375581845643
BAD 375669480421
BAD 375769389161
BAD 375555249697
BAD 375556362967
BAD 375556670243
BAD 375707405483
BAD 375558847933
BAD 375558847943
BAD 375707788943
BAD 375559389917
BAD 375559401859
BAD 375559829707
BAD 375709941001
BAD 375709941007
BAD 375709941023
BAD 375561857417
BAD 375713971153
BAD 375716879611
BAD 375568226401
BAD 375569119073
BAD 375569119103
BAD 375822192511
BAD 375823513003
BAD 375824257261
BAD 375825248039
BAD 375825248041
BAD 375828910651
BAD 375829335971
BAD 375829335979
BAD 375830399291
BAD 375830399293
BAD 375830526397
BAD 375830526403
BAD 375830806051
BAD 375831145933
BAD 375835293997
BAD 375835826189
BAD 375837456607
BAD 375837947213
BAD 375838131841
BAD 375838131847
BAD 375841331617
BAD 375843462019
BAD 375843462023
BAD 375845279851
BAD 375845628343
BAD 375852577697
BAD 375852577699
BAD 375853595797
BAD 375858041633
BAD 375858743681
BAD 375858945349
BAD 375865764829
BAD 375866319713
BAD 375866319727
BAD 375874413091
BAD 375869097533
BAD 375871542283
BAD 375871542289
BAD 375879921889
BAD 375880477043
BAD 375887296711
BAD 375888174533
BAD 375889661869
BAD 375940406563
BAD 375890336051
BAD 375890431607
BAD 375941746913
BAD 375941746949
BAD 375941746951
BAD 375941746963
BAD 375941746967
BAD 375941746969
BAD 375942606343
BAD 375942606349
BAD 376124113007
BAD 376124113009
BAD 375943066351
BAD 375943185743
BAD 375945024277
BAD 376126630219
BAD 375946089241
BAD 375892939663
BAD 375951869011
BAD 375896679503
BAD 375953285473
BAD 375953285479
BAD 376130168269
BAD 376130168273
BAD 376130168279
BAD 376130440549
BAD 376130875609
BAD 376131573841
BAD 376131934127
BAD 376134733787
BAD 376134733789
BAD 376137060193
BAD 376137500131
BAD 376137743951
BAD 376137743959
BAD 376137743963
BAD 375902492369
BAD 376139709311
BAD 376139709313
BAD 375977527543
BAD 375979768279
BAD 375922909283
BAD 375981197029
BAD 375981197047
BAD 375984223627
BAD 376006251253
BAD 376006965421
BAD 375985626803
BAD 376007490293
BAD 376008134087
BAD 375986717881
BAD 375928735801
BAD 376111513933
BAD 376009855037
BAD 376112185717
BAD 376010709443
BAD 375931043119
BAD 375931043123
BAD 376010827109
BAD 376010827121
BAD 376010827123
BAD 375931844027
BAD 375932181817
BAD 375932310079
BAD 375932373379
BAD 376114015579
BAD 375932717933
BAD 375932717987
BAD 376114511327
BAD 376114511329
BAD 375932964961
BAD 375933099803
BAD 376114929917
BAD 376114929919
BAD 376114929923
BAD 376115353073
BAD 375913050013
BAD 376013022719
BAD 376076282443
BAD 376076282447
BAD 376076282453
BAD 376076817107
BAD 376056867973
BAD 376056867983
BAD 375935790691
BAD 376057012043
BAD 376057012049
BAD 376117240711
BAD 376057311481
BAD 376014458359
BAD 375936743269
BAD 375914887099
BAD 376078745573
BAD 376078745597
BAD 376078745599
BAD 376118821031
BAD 376118821033
BAD 376118821097
BAD 375937166771
BAD 375937766513
BAD 375937766521
BAD 375937766527
BAD 376059559663
BAD 375915928189
BAD 376080603211
BAD 376017896281
BAD 376081227527
BAD 376081564153
BAD 376081893871
BAD 376019138857
BAD 376019138861
BAD 376019138863
BAD 376020071423
BAD 376083026093
BAD 376090423997
BAD 376090423999
BAD 376083941161
BAD 375919215181
BAD 376084279513
BAD 376063715903
BAD 375919862977
BAD 376022162693
BAD 376092166561
BAD 376084711523
BAD 376027421543
BAD 376027599119
BAD 376027599121
BAD 376243033813
BAD 376243033843
BAD 375920292623
BAD 376243175017
BAD 376243175027
BAD 376243175029
BAD 376086641813
BAD 376030087967
BAD 376030087969
BAD 376030087973
BAD 376030087999
BAD 376094093527
BAD 375922278707
BAD 376094149373
BAD 376094149391
BAD 376224869873
BAD 376095508969
BAD 376245980423
BAD 376245980443
BAD 376095772573
BAD 376095772579
BAD 376095772583
BAD 376095772589
BAD 376095772601
BAD 376176028609
BAD 376176028619
BAD 376176028621
BAD 376088662661
BAD 376247050853
BAD 376096240007
BAD 376247551969
BAD 376247551973
BAD 376227280027
BAD 376227280049
BAD 376042934749
BAD 376042934753
BAD 376248238463
BAD 376227596917
BAD 376177019767
BAD 376177019773
BAD 376043175533
BAD 376248562483
BAD 376248632629
BAD 376248632633
BAD 376034252849
BAD 376034252851
BAD 376034252857
BAD 376034294401
BAD 376034294417
BAD 376034294423
BAD 376097668703
BAD 376097668721
BAD 376249366343
BAD 376142409259
BAD 376034801663
BAD 376044289871
BAD 376071492547
BAD 376071606811
BAD 376071606817
BAD 376098819799
BAD 376098819857
BAD 376229582717
BAD 376229582731
BAD 376229582741
BAD 376229598167
BAD 376229598169
BAD 376035918421
BAD 376208250919
BAD 376208250923
BAD 376208250931
BAD 376144271291
BAD 376044848639
BAD 376044848651
BAD 376044848671
BAD 376209010747
BAD 376037100119
BAD 376037100121
BAD 376144858603
BAD 375991702129
BAD 375992174431
BAD 376145643589
BAD 376232188253
BAD 376101274897
BAD 376038059869
BAD 376252697851
BAD 375992568673
BAD 376211687279
BAD 376190869843
BAD 376184913113
BAD 376159276531
BAD 376184913119
BAD 376211687281
BAD 375992568683
BAD 376232864809
BAD 376146166447
BAD 376184913121
BAD 376047246481
BAD 376159276583
BAD 376252986563
BAD 376038473203
BAD 376038473207
BAD 376038473233
BAD 376146669499
BAD 376185978769
BAD 376253820601
BAD 376213694299
BAD 376213694303
BAD 376103622833
BAD 376234925569
BAD 376234928581
BAD 376193024761
BAD 376193024771
BAD 376193024773
BAD 376255242439
BAD 376104009959
BAD 375994504399
BAD 376187687321
BAD 376187687333
BAD 376187995231
BAD 376187995241
BAD 376149369613
BAD 376236253313
BAD 376215678413
BAD 376215682253
BAD 376236585721
BAD 376052042371
BAD 375996099683
BAD 375964188443
BAD 375964188451
BAD 376150601699
BAD 376150601707
BAD 376150601713
BAD 376150601719
BAD 376257116203
BAD 376216212109
BAD 375996384737
BAD 375996384739
BAD 376237689031
BAD 376237689053
BAD 376237689097
BAD 376237689127
BAD 376237689133
BAD 376106549281
BAD 376151493833
BAD 375997895701
BAD 375997895717
BAD 375997895719
BAD 376196939273
BAD 376054587011
BAD 376152700577
BAD 376152700579
BAD 376055022683
BAD 376055022743
BAD 376240217791
BAD 376240217807
BAD 376240217809
BAD 376198925983
BAD 376153841269
BAD 376153841281
BAD 376220370023
BAD 376220370047
BAD 376220370049
BAD 376154428739
BAD 376200112657
BAD 376167983987
BAD 376168128449
BAD 376200880361
BAD 376200914239
BAD 375969634793
BAD 376003383181
BAD 375969987247
BAD 376170132647
BAD 376170132649
BAD 376223859601
BAD 376204025711
BAD 376204025713
BAD 376006217749
BAD 376172490209
BAD 376172688863
BAD 375972441157
BAD 376173470597
BAD 376173470599
BAD 376207046123
BAD 376207135261
BAD 376259221889
BAD 376259569969
BAD 376260793123
BAD 376262207609
BAD 376262207611
BAD 376263137507
BAD 376268601749
BAD 376275231407
BAD 376270100939
BAD 376272545659
BAD 376278008723
BAD 376278661823
BAD 376278691697
BAD 376278939293
BAD 376279140961
BAD 376279140977
BAD 376279140983
BAD 376279702459
BAD 376282335001
BAD 376285454407
BAD 376286033051
BAD 376286033059
BAD 376288714643
BAD 376289194951
BAD 376289879389
BAD 376289879393
BAD 376290550861
BAD 376290550891
BAD 376328505313
BAD 376328505323
BAD 376328505347
BAD 376329538171
BAD 376329538177
BAD 376331238259
BAD 376331819053
BAD 376332145681
BAD 376332145687
BAD 376332145691
BAD 376332145733
BAD 376309194559
BAD 376309194563
BAD 376332925433
BAD 376334002279
BAD 376334002283
BAD 376334775863
BAD 376310939843
BAD 376310939869
BAD 376310939881
BAD 376335753151
BAD 376335753161
BAD 376335753163
BAD 376338345899
BAD 376338345907
BAD 376338600049
BAD 376338600061
BAD 376315759201
BAD 376317954919
BAD 376339026187
BAD 376339358149
BAD 376340172217
BAD 376340172223
BAD 376409566103
BAD 376322671211
BAD 376341639689
BAD 376427588611
BAD 376427588617
BAD 376543732013
BAD 376413331163
BAD 376430318291
BAD 376413789893
BAD 376430318293
BAD 376430318311
BAD 376430318359
BAD 376431093901
BAD 376431682699
BAD 376415475593
BAD 376546365919
BAD 376546365931
BAD 376415722099
BAD 376432930103
BAD 376432930109
BAD 376417265381
BAD 376476024163
BAD 376476024167
BAD 376476074677
BAD 376476074683
BAD 376434680779
BAD 376550186899
BAD 376436193613
BAD 376436193631
BAD 376436286469
BAD 376478759983
BAD 376437404023
BAD 376437404027
BAD 376437404029
BAD 376421756653
BAD 376438184503
BAD 376438184509
BAD 376422125089
BAD 376480075519
BAD 376480384759
BAD 376439170871
BAD 376439170873
BAD 376553300129
BAD 376553300131
BAD 376553706713
BAD 376440325279
BAD 376440700919
BAD 376440700921
BAD 376440700943
BAD 376482627251
BAD 376482627253
BAD 376556196043
BAD 376345656877
BAD 376557102683
BAD 376557105917
BAD 376442213629
BAD 376484313893
BAD 376425290753
BAD 376558671193
BAD 376484811337
BAD 376425626683
BAD 376487525383
BAD 376350877501
BAD 376351715611
BAD 376351945201
BAD 376353894949
BAD 376377950579
BAD 376377950581
BAD 376492284967
BAD 376294705667
BAD 376294705669
BAD 376294705673
BAD 376380289123
BAD 376380598219
BAD 376356823783
BAD 376382116433
BAD 376382116441
BAD 376299903799
BAD 376382816333
BAD 376300930283
BAD 376383239237
BAD 376301078093
BAD 376384201213
BAD 376384201231
BAD 376302012923
BAD 376384474831
BAD 376384478851
BAD 376386261983
BAD 376386261989
BAD 376386261991
BAD 376387061839
BAD 376304095009
BAD 376387415923
BAD 376387415933
BAD 376307488313
BAD 376390059967
BAD 376390059973
BAD 376459382861
BAD 376459771049
BAD 376611547603
BAD 376391467609
BAD 376461321349
BAD 376613797793
BAD 376462548229
BAD 376462548233
BAD 376616584639
BAD 376464560041
BAD 376464560063
BAD 376619391191
BAD 376392548153
BAD 376466268823
BAD 376392583249
BAD 376393545713
BAD 376467291293
BAD 376467456091
BAD 376393932713
BAD 376393932757
BAD 376622529341
BAD 376444240069
BAD 376395167389
BAD 376395167413
BAD 376395167419
BAD 376446675239
BAD 376626563749
BAD 376470881561
BAD 376471594067
BAD 376471594069
BAD 376398205643
BAD 376398915337
BAD 376451071433
BAD 376400975389
BAD 376400975393
BAD 376400975443
BAD 376526617879
BAD 376475421559
BAD 376577913053
BAD 376577913083
BAD 376493467837
BAD 376404452927
BAD 376528949593
BAD 376628475623
BAD 376493833493
BAD 376646087869
BAD 376404471481
BAD 376529115133
BAD 376457463631
BAD 376457463647
BAD 376457463649
BAD 376628912089
BAD 376458118217
BAD 376458118219
BAD 376494327829
BAD 376629436763
BAD 376647117397
BAD 376647117409
BAD 376530357241
BAD 376530863363
BAD 376530863381
BAD 376530863383
BAD 376530863393
BAD 376530871501
BAD 376583197069
BAD 376583449199
BAD 376583449201
BAD 376630944619
BAD 376630944623
BAD 376630944629
BAD 376630944631
BAD 376406994451
BAD 376360880017
BAD 376407495887
BAD 376407495889
BAD 376361876591
BAD 376361876593
BAD 376497431987
BAD 376362372949
BAD 376362372973
BAD 376534546417
BAD 376534600331
BAD 376534600333
BAD 376596653341
BAD 376534825453
BAD 376498702711
BAD 376653403817
BAD 376589643307
BAD 376500792023
BAD 376500792029
BAD 376500803557
BAD 376636661293
BAD 376636797623
BAD 376654667989
BAD 376538486851
BAD 376501547273
BAD 376591247807
BAD 376600491739
BAD 376591894583
BAD 376601181527
BAD 376638311059
BAD 376503067763
BAD 376592896201
BAD 376564766239
BAD 376368416563
BAD 376640164951
BAD 376603312793
BAD 376640425103
BAD 376640793181
BAD 376603822169
BAD 376603822171
BAD 376567027247
BAD 376660125637
BAD 376520423453
BAD 376520423459
BAD 376520423473
BAD 376520503061
BAD 376520503069
BAD 376506495097
BAD 376643039923
BAD 376371779423
BAD 376606333153
BAD 376507296317
BAD 376521871223
BAD 376569172691
BAD 376569172697
BAD 376569172711
BAD 376569510953
BAD 376508974493
BAD 376608227663
BAD 376522999921
BAD 376522999927
BAD 376522999933
BAD 376522999939
BAD 376522999949
BAD 376570844263
BAD 376610101669
BAD 376572889181
BAD 376573601941
BAD 376573728893
BAD 376661944627
BAD 376664093599
BAD 376665757763
BAD 376666898423
BAD 376668799343
BAD 376671183677
BAD 376671183683
BAD 376671705211
BAD 376671705217
BAD 376678897459
BAD 376674287461
BAD 376674287467
BAD 376676312497
BAD 376676312503
BAD 376677167107
BAD 376686886759
BAD 376689244913
BAD 376690468939
BAD 376690468951
BAD 376690607353
BAD 376691309263
BAD 376691391809
BAD 376691391871
BAD 376691993221
BAD 376693436807
BAD 376693436809
BAD 376693436813
BAD 376694993461
BAD 376695204091
BAD 376695204181
BAD 376696375723
BAD 376696615403
BAD 376778432453
BAD 376779330259
BAD 376699020479
BAD 376780540337
BAD 376780540343
BAD 376780629083
BAD 376780671959
BAD 376780671961
BAD 376700914171
BAD 376702329869
BAD 376783515307
BAD 376783515313
BAD 376783515323
BAD 376704012127
BAD 376704144833
BAD 376785509299
BAD 376705822573
BAD 376787640577
BAD 376787640601
BAD 376828913119
BAD 376829691479
BAD 376709675081
BAD 376762944157
BAD 376745795383
BAD 376763226551
BAD 376746221653
BAD 376746221659
BAD 376747005937
BAD 376747005941
BAD 376747005949
BAD 376831486553
BAD 376747951579
BAD 376765681627
BAD 376789805551
BAD 376768329739
BAD 376768599391
BAD 376769597003
BAD 376769597033
BAD 376790820677
BAD 376769796779
BAD 376769796787
BAD 376770895219
BAD 376770895231
BAD 376770895247
BAD 376772171887
BAD 376755962111
BAD 376755962113
BAD 376755962117
BAD 376755962119
BAD 376755962131
BAD 376755962137
BAD 376794193843
BAD 376794193861
BAD 376774534001
BAD 376774702373
BAD 376758394601
BAD 376758394603
BAD 376758394609
BAD 376758394613
BAD 376727724497
BAD 376727724517
BAD 376727724521
BAD 376727724523
BAD 376776491107
BAD 376776666379
BAD 376835762803
BAD 376728875983
BAD 376777582141
BAD 376839034937
BAD 376839034939
BAD 376839034951
BAD 376839639331
BAD 376731586321
BAD 376841199949
BAD 376733303717
BAD 376733303719
BAD 376733597203
BAD 376842999901
BAD 376843291933
BAD 376843291943
BAD 376734414787
BAD 376735216163
BAD 376736082113
BAD 376736417947
BAD 376946402431
BAD 376736533973
BAD 376737599653
BAD 376737599657
BAD 376737616379
BAD 376737616393
BAD 376948054673
BAD 376948054699
BAD 376738959859
BAD 376819028881
BAD 376949563723
BAD 376949563729
BAD 376949936813
BAD 376949936863
BAD 376949936899
BAD 376951687817
BAD 376821757079
BAD 376822533421
BAD 376823022013
BAD 376955350573
BAD 376895546719
BAD 376896298171
BAD 376896666833
BAD 376896666859
BAD 376898411119
BAD 376880476831
BAD 376880476837
BAD 376899575053
BAD 376900722361
BAD 376900722371
BAD 376883106553
BAD 376902624751
BAD 376845158449
BAD 376886078213
BAD 376903797313
BAD 376903797317
BAD 376904259349
BAD 376904259373
BAD 376847058503
BAD 376904331983
BAD 376904868317
BAD 376904868323
BAD 376848265421
BAD 376906011269
BAD 376906011271
BAD 376906011277
BAD 376906011301
BAD 376850240113
BAD 376850240119
BAD 376851316493
BAD 376907051557
BAD 376908019517
BAD 376908019519
BAD 376862591929
BAD 376862591933
BAD 376862832781
BAD 376888875793
BAD 376910138273
BAD 376854752723
BAD 376854814291
BAD 376910990111
BAD 376855650443
BAD 376891332211
BAD 376891332217
BAD 376865847187
BAD 376856705783
BAD 376866096427
BAD 376857319273
BAD 376857319277
BAD 376892619773
BAD 376892619781
BAD 376894536923
BAD 376860096817
BAD 376894653337
BAD 376894671403
BAD 376894671409
BAD 376894993513
BAD 376795857619
BAD 376795857623
BAD 376795857631
BAD 376930916449
BAD 376964165689
BAD 376796944597
BAD 376796944663
BAD 376964218693
BAD 376872800191
BAD 376872916741
BAD 376798574941
BAD 376966014121
BAD 376799099779
BAD 376799099783
BAD 376937526949
BAD 376937526961
BAD 376966959781
BAD 376713426787
BAD 376713426799
BAD 376800934193
BAD 376939357981
BAD 376997709833
BAD 376997779969
BAD 376998366713
BAD 376803140473
BAD 377049096331
BAD 377049096337
BAD 376941308357
BAD 377049197831
BAD 377049197839
BAD 377049559543
BAD 376715744183
BAD 376999382429
BAD 377029735219
BAD 376805138263
BAD 376805138267
BAD 377000254937
BAD 377000286457
BAD 376973094709
BAD 376973094713
BAD 376806461851
BAD 376975303387
BAD 377001775093
BAD 377052172507
BAD 377032447531
BAD 376943800633
BAD 376806593269
BAD 377052828391
BAD 377053022659
BAD 376976330623
BAD 376976572447
BAD 377003550403
BAD 377003550409
BAD 377035157243
BAD 376945472273
BAD 376717827751
BAD 376918773053
BAD 377056757513
BAD 376809920393
BAD 376809920401
BAD 376809961823
BAD 377006693351
BAD 377006693353
BAD 377057384203
BAD 377037892919
BAD 377037892921
BAD 377007433753
BAD 377057817637
BAD 377057817649
BAD 376919980001
BAD 376919980007
BAD 376919980009
BAD 376919980013
BAD 377008097857
BAD 377008097863
BAD 377039649991
BAD 377059680233
BAD 377040852667
BAD 377014107263
BAD 377014250579
BAD 377041313881
BAD 376922135599
BAD 376922135617
BAD 376721596813
BAD 377061009739
BAD 377061009761
BAD 376721946661
BAD 377043018019
BAD 377043447127
BAD 377043447139
BAD 377016274939
BAD 376924013761
BAD 376924221701
BAD 376924221703
BAD 377044517783
BAD 377010519763
BAD 377017020181
BAD 377017020203
BAD 377017020217
BAD 377017020221
BAD 377018591903
BAD 376724420339
BAD 376724420341
BAD 377020539089
BAD 377023009009
BAD 377024107879
BAD 377025396661
BAD 377025675751
BAD 377026188709
BAD 377026188713
BAD 377026188757
BAD 377027210143
BAD 377027752729
BAD 377027752733
BAD 377027752741
BAD 377029473211
BAD 377080054523
BAD 377082068273
BAD 377083315813
BAD 377085366439
BAD 377086293229
BAD 377086293239
BAD 376979731223
BAD 377089214443
BAD 376981147853
BAD 376982673083
BAD 377093829199
BAD 376984758989
BAD 376984758991
BAD 376988993509
BAD 377064198131
BAD 377065422199
BAD 377065422211
BAD 377065443619
BAD 377066194543
BAD 377066712131
BAD 377069240323
BAD 377070924121
BAD 377072320943
BAD 377072648041
BAD 377074203173
BAD 377076104441
BAD 377076239261
BAD 377076239263
BAD 377078261701
BAD 377116186651
BAD 377118631303
BAD 377118631367
BAD 377118631369
BAD 377119431517
BAD 377119431523
BAD 377119869751
BAD 377119869757
BAD 377119869761
BAD 377122992383
BAD 377122992419
BAD 377122992443
BAD 377123953573
BAD 377126769197
BAD 377127707689
BAD 377127707717
BAD 377128216373
BAD 377198644037
BAD 377100275869
BAD 377203793753
BAD 377203793767
BAD 377204335243
BAD 377204378753
BAD 377206131361
BAD 377208283891
BAD 377182903219
BAD 377209116989
BAD 377209321201
BAD 377209711831
BAD 377109088043
BAD 377183835893
BAD 377211407231
BAD 377112483107
BAD 377112483109
BAD 377112483169
BAD 377112483173
BAD 377112483179
BAD 377112562537
BAD 377212204819
BAD 377187817007
BAD 377212453559
BAD 377187817009
BAD 377213245589
BAD 377213513783
BAD 377213513797
BAD 377213513801
BAD 377215919033
BAD 377192856181
BAD 377193499127
BAD 377193499129
BAD 377218782569
BAD 377219123731
BAD 377219123737
BAD 377196697069
BAD 377196697103
BAD 377197357261
BAD 377220813841
BAD 377222444407
BAD 377222661883
BAD 377148350197
BAD 377223901841
BAD 377223901843
BAD 377224018841
BAD 377150215111
BAD 377225822447
BAD 377226563893
BAD 377226563897
BAD 377226563899
BAD 377226563911
BAD 377226563929
BAD 377226563933
BAD 377226622483
BAD 377151678989
BAD 377151678991
BAD 377131022777
BAD 377164457779
BAD 377164457783
BAD 377154330151
BAD 377166679349
BAD 377157155941
BAD 377157155953
BAD 377135394827
BAD 377135394829
BAD 377168296369
BAD 377227943791
BAD 377227943803
BAD 377227943809
BAD 377159189233
BAD 377228700853
BAD 377137792939
BAD 377137792943
BAD 377160039343
BAD 377229566089
BAD 377160514669
BAD 377230428923
BAD 377169379733
BAD 377169379739
BAD 377170758457
BAD 377141849899
BAD 377141850199
BAD 377142083257
BAD 377176174099
BAD 377176174103
BAD 377176311361
BAD 377145532271
BAD 377145532273
BAD 377177868161
BAD 377177868163
BAD 377417069093
BAD 377179977931
BAD 377452599631
BAD 377452599743
BAD 377452933073
BAD 377452933079
BAD 377418510751
BAD 377454194473
BAD 377454194477
BAD 377454194479
BAD 377454324019
BAD 377454324031
BAD 377454890009
BAD 377454890011
BAD 377455176367
BAD 377420077597
BAD 377314894321
BAD 377459277683
BAD 377459795431
BAD 377422937483
BAD 377422937503
BAD 377424178007
BAD 377424178009
BAD 377424178013
BAD 377462695307
BAD 377426119729
BAD 377426918017
BAD 377427206621
BAD 377427206623
BAD 377427206633
BAD 377428461049
BAD 377248444291
BAD 377248444297
BAD 377248721459
BAD 377249200723
BAD 377430257051
BAD 377326976269
BAD 377250259213
BAD 377327514503
BAD 377328523303
BAD 377328523307
BAD 377328523309
BAD 377328790357
BAD 377329169983
BAD 377252249611
BAD 377252664533
BAD 377267130623
BAD 377267130707
BAD 377268362137
BAD 377269213501
BAD 377255276071
BAD 377257950583
BAD 377257950613
BAD 377257960931
BAD 377257997509
BAD 377258815159
BAD 377259437623
BAD 377260680169
BAD 377466314273
BAD 377466314279
BAD 377274023881
BAD 377401745737
BAD 377262476897
BAD 377467825909
BAD 377467825913
BAD 377467825927
BAD 377263519891
BAD 377402820331
BAD 377276628277
BAD 377404655239
BAD 377404710451
BAD 377471462239
BAD 377471462243
BAD 377472304753
BAD 377278930297
BAD 377278930307
BAD 377278930309
BAD 377406293123
BAD 377406293129
BAD 377406293137
BAD 377407116371
BAD 377332018831
BAD 377475394717
BAD 377475803599
BAD 377475803611
BAD 377475916351
BAD 377477778641
BAD 377334955381
BAD 377412464333
BAD 377335706273
BAD 377335706317
BAD 377412654589
BAD 377412848633
BAD 377338807801
BAD 377299808563
BAD 377300458883
BAD 377300552207
BAD 377339986427
BAD 377339986433
BAD 377340027839
BAD 377301906703
BAD 377301906713
BAD 377302245547
BAD 377302245553
BAD 377302245559
BAD 377303189399
BAD 377342702987
BAD 377343535889
BAD 377343535897
BAD 377282497877
BAD 377348463383
BAD 377348639783
BAD 377283233161
BAD 377283233221
BAD 377382069223
BAD 377283622297
BAD 377382787493
BAD 377305477403
BAD 377383135841
BAD 377352477361
BAD 377306221231
BAD 377433895313
BAD 377346054031
BAD 377366605633
BAD 377383135853
BAD 377285285303
BAD 377232229519
BAD 377366864933
BAD 377383584631
BAD 377367413051
BAD 377367413053
BAD 377353369511
BAD 377353369513
BAD 377353369517
BAD 377233435393
BAD 377384430593
BAD 377384430617
BAD 377384430623
BAD 377307790073
BAD 377307790081
BAD 377354377121
BAD 377354377123
BAD 377354417863
BAD 377308276259
BAD 377308276273
BAD 377385673759
BAD 377369472253
BAD 377348222821
BAD 377437371053
BAD 377370010051
BAD 377236503023
BAD 377310837493
BAD 377310837503
BAD 377236756579
BAD 377289390529
BAD 377236756583
BAD 377371286503
BAD 377357245351
BAD 377371516051
BAD 377439411631
BAD 377439411637
BAD 377439411641
BAD 377358081563
BAD 377290597531
BAD 377388443479
BAD 377372622101
BAD 377372622103
BAD 377440558511
BAD 377440558513
BAD 377440558519
BAD 377238400951
BAD 377389588351
BAD 377441837821
BAD 377373870241
BAD 377373975707
BAD 377373975709
BAD 377442345619
BAD 377390171219
BAD 377390171227
BAD 377292908059
BAD 377292908071
BAD 377292908077
BAD 377292908081
BAD 377374446619
BAD 377443081039
BAD 377390573741
BAD 377390573743
BAD 377374772507
BAD 377374772521
BAD 377443457407
BAD 377443617293
BAD 377444188213
BAD 377363233633
BAD 377294951029
BAD 377445368959
BAD 377295539359
BAD 377295539363
BAD 377295539371
BAD 377296018621
BAD 377446646063
BAD 377447188711
BAD 377447603567
BAD 377447603569
BAD 377447603573
BAD 377447603581
BAD 377242785323
BAD 377242785329
BAD 377242785331
BAD 377393678153
BAD 377379453301
BAD 377297891339
BAD 377243340737
BAD 377448275059
BAD 377243340739
BAD 377448375701
BAD 377394078143
BAD 377394078157
BAD 377448765293
BAD 377243785931
BAD 377394633181
BAD 377395698259
BAD 377381333353
BAD 377381333359
BAD 377381333363
BAD 377245128889
BAD 377396586379
BAD 377245821881
BAD 377482715581
BAD 377482715587
BAD 377483858123
BAD 377485520569
BAD 377488984469
BAD 377488984471
BAD 377493014753
BAD 377493380911
BAD 377493398287
BAD 377493398311
BAD 377496808453
BAD 377496808457
BAD 377496808459
BAD 377497153777
BAD 377533602317
BAD 377533602319
BAD 377533602323
BAD 377534362561
BAD 377534362567
BAD 377536336433
BAD 377540548039
BAD 377540548043
BAD 377542453339
BAD 377506580309
BAD 377506639649
BAD 377506639651
BAD 377543286737
BAD 377543286739
BAD 377507603987
BAD 377507603989
BAD 377507857817
BAD 377544532537
BAD 377544532543
BAD 377544532583
BAD 377544676661
BAD 377544708923
BAD 377546284373
BAD 377509931899
BAD 377510848103
BAD 377548378511
BAD 377511951457
BAD 377568702593
BAD 377512992151
BAD 377512992161
BAD 377512992193
BAD 377513083867
BAD 377513083943
BAD 377617022389
BAD 377513923261
BAD 377618622713
BAD 377572650709
BAD 377572650713
BAD 377515745569
BAD 377620155379
BAD 377620155541
BAD 377620155547
BAD 377620155553
BAD 377622005153
BAD 377576353339
BAD 377624467489
BAD 377624888689
BAD 377578527617
BAD 377578527619
BAD 377578527649
BAD 377625653761
BAD 377627063771
BAD 377628034649
BAD 377581341997
BAD 377628777961
BAD 377582719489
BAD 377630085517
BAD 377600096723
BAD 377602199281
BAD 377602258511
BAD 377602258513
BAD 377602258519
BAD 377516720551
BAD 377603362657
BAD 377603362663
BAD 377518206293
BAD 377604554057
BAD 377604554059
BAD 377634225239
BAD 377650893911
BAD 377650893913
BAD 377650893923
BAD 377650893937
BAD 377650893953
BAD 377518996763
BAD 377636088043
BAD 377653169591
BAD 377653169599
BAD 377653169603
BAD 377520404483
BAD 377520404491
BAD 377653423363
BAD 377653650239
BAD 377653725479
BAD 377653725481
BAD 377638478851
BAD 377640033943
BAD 377523260407
BAD 377523459883
BAD 377658701341
BAD 377658701347
BAD 377658720743
BAD 377523980527
BAD 377659596491
BAD 377659596493
BAD 377659596539
BAD 377524760869
BAD 377524760881
BAD 377524822877
BAD 377524822879
BAD 377612368387
BAD 377527053949
BAD 377640911761
BAD 377640911831
BAD 377641029763
BAD 377641029973
BAD 377614851973
BAD 377614851979
BAD 377642158457
BAD 377642158459
BAD 377665616609
BAD 377643944999
BAD 377643945001
BAD 377549888773
BAD 377549888777
BAD 377552641159
BAD 377552641163
BAD 377552641171
BAD 377552641177
BAD 377552945779
BAD 377647501633
BAD 377555188141
BAD 377649744113
BAD 377561108543
BAD 377561108599
BAD 377561468489
BAD 377561468491
BAD 377561485633
BAD 377562841703
BAD 377564275093
BAD 377565003199
BAD 377565003203
BAD 377786418439
BAD 377788110083
BAD 377789539349
BAD 377791987873
BAD 377792130743
BAD 377792536999
BAD 377792537011
BAD 377793119167
BAD 377794451483
BAD 377795478821
BAD 377796066359
BAD 377796072859
BAD 377796847027
BAD 377798562653
BAD 377798562667
BAD 377799428563
BAD 377799428581
BAD 377768351791
BAD 377769554761
BAD 377770762321
BAD 377822331863
BAD 377822331869
BAD 377822393723
BAD 377773692853
BAD 377773888159
BAD 377824367161
BAD 377824591667
BAD 377825059163
BAD 377825059243
BAD 377825119327
BAD 377775796127
BAD 377775796147
BAD 377825698193
BAD 377825698199
BAD 377825698213
BAD 377826112759
BAD 377872902181
BAD 377827121521
BAD 377777989243
BAD 377777989247
BAD 377778093703
BAD 377778898603
BAD 377779189687
BAD 377781647741
BAD 377781647743
BAD 377781771943
BAD 377781771947
BAD 377781771949
BAD 377781771953
BAD 377832314389
BAD 377832314393
BAD 377783037133
BAD 377783037139
BAD 377752144459
BAD 377878442803
BAD 377878442807
BAD 377878442813
BAD 377833657321
BAD 377833657351
BAD 377752946167
BAD 377753164337
BAD 377753548111
BAD 377702047847
BAD 377702485493
BAD 377836032757
BAD 377880106039
BAD 377880106063
BAD 377880106091
BAD 377836298179
BAD 377836298269
BAD 377685137239
BAD 377703340921
BAD 377755925303
BAD 377755925321
BAD 377755925329
BAD 377880891253
BAD 377756283661
BAD 377757508433
BAD 377757508439
BAD 377734514981
BAD 377840278399
BAD 377688158401
BAD 377883037639
BAD 377840908507
BAD 377688817931
BAD 377758943131
BAD 377883790733
BAD 377883790741
BAD 377736339889
BAD 377736429487
BAD 377737293653
BAD 377706849539
BAD 377583342491
BAD 377737933063
BAD 377761552901
BAD 377707816489
BAD 377692402189
BAD 377804147011
BAD 377692618363
BAD 377804497403
BAD 377719519999
BAD 377719523299
BAD 377719576823
BAD 377694332051
BAD 377694332053
BAD 377668867363
BAD 377668867369
BAD 377587519591
BAD 377805737107
BAD 377722905061
BAD 377764065299
BAD 377855898881
BAD 377694624583
BAD 377722905073
BAD 377742298643
BAD 377855898883
BAD 377694624589
BAD 377742298673
BAD 377855898949
BAD 377855969011
BAD 377742667381
BAD 377723381779
BAD 377710150589
BAD 377710150591
BAD 377806880623
BAD 377710311793
BAD 377710311799
BAD 377588403683
BAD 377856810413
BAD 377670124987
BAD 377670359233
BAD 377670359237
BAD 377670359239
BAD 377670359243
BAD 377724603043
BAD 377857613323
BAD 377808161873
BAD 377724899593
BAD 377697073093
BAD 377671445527
BAD 377767011277
BAD 377671445531
BAD 377858774023
BAD 377712380569
BAD 377767011289
BAD 377744759369
BAD 377589881261
BAD 377589881269
BAD 377589926711
BAD 377589926713
BAD 377589926717
BAD 377589926719
BAD 377589926723
BAD 377589926731
BAD 377858931739
BAD 377671676381
BAD 377671676383
BAD 377712845063
BAD 377745290207
BAD 377745298793
BAD 377859243211
BAD 377859243217
BAD 377725543277
BAD 377810994503
BAD 377713098731
BAD 377713098733
BAD 377725603147
BAD 377725653931
BAD 377859606601
BAD 377745673003
BAD 377725949863
BAD 377713721269
BAD 377591367617
BAD 377591367619
BAD 377591552363
BAD 377591625667
BAD 377698638077
BAD 377746743643
BAD 377746743653
BAD 377746743667
BAD 377746743691
BAD 377746743701
BAD 377592460103
BAD 377699573399
BAD 377592708071
BAD 377592708079
BAD 377592708083
BAD 377715857293
BAD 377748229739
BAD 377748229741
BAD 377700326209
BAD 377716093333
BAD 377716121269
BAD 377674910089
BAD 377749138103
BAD 377814757273
BAD 377729676983
BAD 377815167391
BAD 377594769593
BAD 377750815963
BAD 377731506731
BAD 377677087943
BAD 377750815979
BAD 377862795841
BAD 377862795847
BAD 377594834731
BAD 377594834737
BAD 377717026019
BAD 377717026021
BAD 377717331193
BAD 377595472013
BAD 377677629913
BAD 377677629919
BAD 377677629929
BAD 377732629201
BAD 377596406233
BAD 377816276779
BAD 377864213017
BAD 377678252093
BAD 377816944793
BAD 377597626753
BAD 377865399943
BAD 377865399953
BAD 377680766161
BAD 377680766167
BAD 377680800199
BAD 377680800239
BAD 377680800241
BAD 377682158459
BAD 377682158461
BAD 377682158467
BAD 377682765797
BAD 377682765799
BAD 377888929441
BAD 377893873471
BAD 377894991283
BAD 377894991289
BAD 377894991293
BAD 377899335829
BAD 377899335833
BAD 377899335839
BAD 377899335841
BAD 377899335857
BAD 377900659309
BAD 377900659313
BAD 377900659337
BAD 377900659343
BAD 377902753471
BAD 377903163193
BAD 377904451877
BAD 377904451879
BAD 377904451907
BAD 377907523381
BAD 377907570323
BAD 377912595803
BAD 377917805149
BAD 377940442367
BAD 377940442409
BAD 377919715819
BAD 377919715853
BAD 377920525919
BAD 377920525921
BAD 377920616191
BAD 377942580251
BAD 377943504529
BAD 377943761243
BAD 377943761249
BAD 377943761263
BAD 377943761291
BAD 377943761329
BAD 377925789859
BAD 377926777387
BAD 377927226619
BAD 377927932709
BAD 377927932729
BAD 377946109927
BAD 377946622093
BAD 377946622117
BAD 377946796111
BAD 377946796127
BAD 377946931853
BAD 377947285091
BAD 377929927733
BAD 377929927777
BAD 377930049271
BAD 377930644303
BAD 377931037559
BAD 377949242563
BAD 377931801433
BAD 377932526239
BAD 377932526243
BAD 377933853613
BAD 377934547087
BAD 377949515369
BAD 377949515431
BAD 377949755273
BAD 377950503863
BAD 377950862257
BAD 377950862299
BAD 377950992799
BAD 377952313261
BAD 377959807523
BAD 377959807549
BAD 377960916019
BAD 377962304579
BAD 377962304581
BAD 377962438193
BAD 377986976077
BAD 377986976083
BAD 377964899311
BAD 377969355859
BAD 377969804371
BAD 377970018931
BAD 377988711871
BAD 377970884869
BAD 377989843549
BAD 377989971581
BAD 377966563813
BAD 377973788347
BAD 377974299641
BAD 377974299643
BAD 377974299649
BAD 377974299653
BAD 377992675043
BAD 377993551099
BAD 377994956267
BAD 377977087721
BAD 377977087723
BAD 377996173411
BAD 377978696143
BAD 377998260593
BAD 377980819219
BAD 377981391107
BAD 377982079093
BAD 377982618877
BAD 378002439443
BAD 377984174713
BAD 377984501029
BAD 377985035809
BAD 377985085273
BAD 377985247987
BAD 377985767749
BAD 378020434189
BAD 378020997803
BAD 378039518809
BAD 378023689633
BAD 378041197333
BAD 378041651599
BAD 378041914771
BAD 378026404549
BAD 378043171721
BAD 378026842783
BAD 378044877601
BAD 378045366379
BAD 378045366383
BAD 378045366409
BAD 378031643543
BAD 378032089249
BAD 378032089261
BAD 378033430813
BAD 378033756263
BAD 378049308173
BAD 378049678459
BAD 378049678463
BAD 378050735483
BAD 378051486823
BAD 378051486829
BAD 378051486833
BAD 378052185871
BAD 378054743903
BAD 378055874407
BAD 378057214573
BAD 378057214583
BAD 378057238261
BAD 378060979693
BAD 378061803617
BAD 378061803619
BAD 378062324953
BAD 378062334997
BAD 378062335003
BAD 378062335009
BAD 378064136089
BAD 378064679081
BAD 378103750831
BAD 378104380039
BAD 378066232603
BAD 378067520123
BAD 378067520153
BAD 378067520209
BAD 378067520213
BAD 378068552461
BAD 378107631907
BAD 378109903277
BAD 378221032549
BAD 378221680561
BAD 378221680583
BAD 378111511313
BAD 378222258553
BAD 378112604183
BAD 378224903783
BAD 378115454083
BAD 378115911541
BAD 378228009017
BAD 378117722789
BAD 378118364251
BAD 378229391329
BAD 378118474051
BAD 378118810387
BAD 378119702179
BAD 378238460783
BAD 378089200303
BAD 378240716743
BAD 378240716747
BAD 378241179083
BAD 378241179109
BAD 378089789689
BAD 378241630189
BAD 378241630201
BAD 378236026979
BAD 378236026981
BAD 378242232229
BAD 378236978423
BAD 378236978461
BAD 378237012653
BAD 378237012683
BAD 378237012689
BAD 378237012691
BAD 378243023789
BAD 378243023791
BAD 378243023881
BAD 378237187717
BAD 378237187721
BAD 378237187723
BAD 378237367591
BAD 378092481803
BAD 378092943829
BAD 378095241781
BAD 378122442823
BAD 378122777509
BAD 378096356279
BAD 378122777519
BAD 378122777521
BAD 378097599083
BAD 378125034691
BAD 378250109053
BAD 378250109057
BAD 378250109059
BAD 378099672931
BAD 378250392979
BAD 378250392983
BAD 378100519271
BAD 378100519273
BAD 378100519283
BAD 378253437511
BAD 378128251691
BAD 378128251693
BAD 378128251741
BAD 378128251747
BAD 378128251751
BAD 378128367053
BAD 378128419951
BAD 378129349877
BAD 378130614607
BAD 378130614611
BAD 378130614613
BAD 378132203903
BAD 378132503059
BAD 378132679159
BAD 378133779043
BAD 378134113013
BAD 378135114529
BAD 378136234673
BAD 378069960529
BAD 378072942593
BAD 378075466861
BAD 378075678899
BAD 378078300779
BAD 378078300781
BAD 378080781623
BAD 378080781629
BAD 378081504271
BAD 378081504277
BAD 378081842531
BAD 378205610777
BAD 378189887963
BAD 378206378071
BAD 378083984569
BAD 378191041771
BAD 378191041793
BAD 378084852833
BAD 378084852841
BAD 378004797127
BAD 378004882169
BAD 378208145071
BAD 378191712799
BAD 378208724093
BAD 378208736209
BAD 378192236509
BAD 378192644917
BAD 378193049413
BAD 378193049417
BAD 378193049419
BAD 378007075813
BAD 378007141019
BAD 378138622957
BAD 378138622973
BAD 378007757317
BAD 378007757321
BAD 378193221883
BAD 378008740771
BAD 378194847203
BAD 378194847287
BAD 378194847293
BAD 378212959391
BAD 378212959493
BAD 378142219837
BAD 378011307041
BAD 378011307043
BAD 378011456423
BAD 378011456453
BAD 378142753007
BAD 378143059223
BAD 378143059249
BAD 378143059277
BAD 378143059279
BAD 378214631437
BAD 378197189099
BAD 378197189101
BAD 378197678533
BAD 378198020281
BAD 378198020287
BAD 378146059003
BAD 378015159481
BAD 378198818483
BAD 378198874463
BAD 378217531847
BAD 378217531849
BAD 378217562993
BAD 378217563001
BAD 378148055359
BAD 378148482871
BAD 378149074187
BAD 378149074189
BAD 378149367181
BAD 378018247231
BAD 378018247249
BAD 378018247253
BAD 378152629807
BAD 378153247363
BAD 378255736477
BAD 378255814549
BAD 378255814553
BAD 378256106429
BAD 378279856327
BAD 378256533377
BAD 378256533379
BAD 378256533383
BAD 378256594921
BAD 378281630513
BAD 378258113633
BAD 378153785987
BAD 378263157977
BAD 378155892031
BAD 378156743161
BAD 378266401883
BAD 378268000973
BAD 378158650981
BAD 378268955243
BAD 378161870881
BAD 378161870887
BAD 378161870893
BAD 378271085393
BAD 378163150133
BAD 378164827463
BAD 378164827471
BAD 378164827477
BAD 378169776143
BAD 378170317249
BAD 378291983393
BAD 378294268853
BAD 378295979029
BAD 378172024651
BAD 378172472449
BAD 378173133743
BAD 378302657581
BAD 378302657617
BAD 378173684041
BAD 378302809909
BAD 378173834023
BAD 378173834029
BAD 378173834039
BAD 378173834041
BAD 378302913269
BAD 378302913271
BAD 378174089401
BAD 378303466403
BAD 378175282697
BAD 378175908181
BAD 378176986183
BAD 378177359671
BAD 378177359683
BAD 378177640387
BAD 378181517123
BAD 378182905699
BAD 378182905703
BAD 378185689963
BAD 378306669361
BAD 378310073887
BAD 378312273433
BAD 378312273439
BAD 378312382561
BAD 378314641787
BAD 378315717029
BAD 378316369531
BAD 378318661187
BAD 378371891567
BAD 378373570583
BAD 378373570591
BAD 378373664671
BAD 378379523491
BAD 378380052649
BAD 378380052653
BAD 378380484373
BAD 378380484379
BAD 378380484389
BAD 378321720323
BAD 378323831749
BAD 378327078319
BAD 378327864493
BAD 378328264477
BAD 378328530037
BAD 378355879241
BAD 378355879243
BAD 378355879249
BAD 378330503599
BAD 378330619657
BAD 378357652921
BAD 378358322789
BAD 378358322791
BAD 378331706663
BAD 378362089243
BAD 378362507297
BAD 378337363609
BAD 378388149589
BAD 378388149593
BAD 378367033141
BAD 378367279613
BAD 378405524317
BAD 378405524333
BAD 378405524363
BAD 378369401419
BAD 378423538627
BAD 378424038493
BAD 378424054741
BAD 378424800059
BAD 378338598361
BAD 378338666341
BAD 378427278049
BAD 378427278067
BAD 378427278077
BAD 378427278079
BAD 378427278083
BAD 378427423483
BAD 378341231509
BAD 378413407327
BAD 378429397223
BAD 378429397231
BAD 378429397237
BAD 378429403511
BAD 378429403519
BAD 378429403523
BAD 378429900757
BAD 378430000703
BAD 378430000733
BAD 378414882673
BAD 378414882679
BAD 378431187487
BAD 378415768943
BAD 378431860769
BAD 378431860771
BAD 378431860777
BAD 378416532563
BAD 378345142051
BAD 378345554999
BAD 378419407049
BAD 378419407063
BAD 378346417093
BAD 378420136229
BAD 378420136231
BAD 378437032423
BAD 378437032427
BAD 378437032429
BAD 378437754623
BAD 378437754631
BAD 378348604831
BAD 378438062939
BAD 378438062941
BAD 378349023553
BAD 378349972043
BAD 378350509403
BAD 378350786993
BAD 378351720023
BAD 378352173361
BAD 378352173371
BAD 378352173373
BAD 378393255419
BAD 378393255421
BAD 378393761971
BAD 378393842521
BAD 378394823903
BAD 378396484853
BAD 378398435383
BAD 378398435399
BAD 378400979303
BAD 378400979309
BAD 378400979311
BAD 378401163551
BAD 378401851969
BAD 378404778823
BAD 378404778827
BAD 378489350321
BAD 378489418537
BAD 378490931359
BAD 378502081973
BAD 378456737903
BAD 378456737909
BAD 378503168123
BAD 378503328961
BAD 378503328967
BAD 378458657581
BAD 378458657587
BAD 378503428291
BAD 378503695699
BAD 378459634643
BAD 378461899639
BAD 378462254453
BAD 378462254459
BAD 378462254461
BAD 378473959099
BAD 378473959103
BAD 378464013569
BAD 378464013593
BAD 378464013623
BAD 378475268191
BAD 378475268209
BAD 378475396099
BAD 378465614993
BAD 378465615013
BAD 378475787101
BAD 378475787153
BAD 378507063601
BAD 378475876699
BAD 378508059113
BAD 378508393343
BAD 378466486589
BAD 378466486591
BAD 378466609459
BAD 378509003461
BAD 378509809921
BAD 378512683799
BAD 378513008273
BAD 378513194149
BAD 378514224133
BAD 378514562269
BAD 378514608223
BAD 378470442583
BAD 378514647509
BAD 378470578729
BAD 378471243779
BAD 378442022281
BAD 378517060193
BAD 378517060199
BAD 378481140001
BAD 378517405009
BAD 378518129767
BAD 378482483387
BAD 378482483389
BAD 378444096439
BAD 378444619711
BAD 378445008047
BAD 378445008049
BAD 378445237969
BAD 378485304839
BAD 378485413883
BAD 378485413897
BAD 378488031121
BAD 378449115791
BAD 378451423549
BAD 378451423591
BAD 378452694181
BAD 378453195209
BAD 378453543781
BAD 378454991977
BAD 378455335553
BAD 378524108401
BAD 378525959293
BAD 378525959297
BAD 378525959299
BAD 378525959303
BAD 378531163651
BAD 378531163657
BAD 378531333373
BAD 378533090543
BAD 378533090549
BAD 378534371443
BAD 378535487311
BAD 378535636249
BAD 378535636253
BAD 378539494591
BAD 378675078311
BAD 378675078337
BAD 378676612667
BAD 378676612669
BAD 378678236353
BAD 378678236371
BAD 378679366931
BAD 378680346433
BAD 378680346437
BAD 378682130791
BAD 378682130807
BAD 378682130809
BAD 378623983183
BAD 378629740369
BAD 378630313367
BAD 378630495811
BAD 378630704869
BAD 378630704873
BAD 378632003951
BAD 378541265911
BAD 378634267339
BAD 378634267343
BAD 378641621803
BAD 378544028183
BAD 378544028189
BAD 378643797871
BAD 378643797887
BAD 378546137183
BAD 378546137311
BAD 378691679593
BAD 378691679599
BAD 378691798801
BAD 378637279003
BAD 378592484447
BAD 378557401363
BAD 378693342457
BAD 378637606813
BAD 378637687009
BAD 378609440569
BAD 378609440581
BAD 378609621883
BAD 378696254623
BAD 378650337613
BAD 378650337617
BAD 378650337619
BAD 378596018137
BAD 378611444839
BAD 378611851951
BAD 378611851999
BAD 378611852041
BAD 378596876893
BAD 378697766539
BAD 378596876897
BAD 378596876899
BAD 378551929853
BAD 378551929883
BAD 378652757393
BAD 378657477791
BAD 378657477817
BAD 378598446403
BAD 378563862739
BAD 378598771409
BAD 378563994833
BAD 378658277483
BAD 378599273453
BAD 378599273467
BAD 378659073073
BAD 378615501437
BAD 378565148723
BAD 378565148729
BAD 378565148743
BAD 378565148749
BAD 378615993683
BAD 378565906883
BAD 378565906913
BAD 378565906921
BAD 378660869971
BAD 378660973643
BAD 378655393463
BAD 378655393477
BAD 378655393481
BAD 378600875581
BAD 378655393483
BAD 378600875593
BAD 378701951123
BAD 378655591889
BAD 378655591891
BAD 378661590193
BAD 378661590211
BAD 378601706143
BAD 378703413503
BAD 378703413523
BAD 378703413527
BAD 378662983297
BAD 378619486631
BAD 378619486633
BAD 378619725403
BAD 378619725443
BAD 378663467003
BAD 378663467011
BAD 378603572299
BAD 378569685763
BAD 378706168943
BAD 378706168957
BAD 378665528713
BAD 378605907443
BAD 378622911229
BAD 378572386463
BAD 378572386483
BAD 378572386651
BAD 378572386667
BAD 378572386669
BAD 378706942807
BAD 378572723863
BAD 378667034443
BAD 378667049791
BAD 378667197011
BAD 378667197067
BAD 378667197079
BAD 378667197091
BAD 378668839141
BAD 378668839147
BAD 378668839163
BAD 378668839169
BAD 378669750331
BAD 378669750427
BAD 378670345513
BAD 378670345523
BAD 378574476361
BAD 378574476367
BAD 378575100373
BAD 378671772847
BAD 378671772863
BAD 378672688283
BAD 378580418729
BAD 378585759289
BAD 378587884957
BAD 378589859119
BAD 378708713087
BAD 378710110643
BAD 378710253293
BAD 378710253307
BAD 378713875879
BAD 378716387107
BAD 378716387117
BAD 378718891667
BAD 378719143303
BAD 378721110413
BAD 378722073841
BAD 378722114009
BAD 378722114011
BAD 378723424669
BAD 378758466623
BAD 378758466629
BAD 378758466631
BAD 378758466673
BAD 378760006489
BAD 378741721229
BAD 378762679879
BAD 378762679913
BAD 378763371487
BAD 378745922231
BAD 378764000843
BAD 378746917853
BAD 378765294643
BAD 378765294673
BAD 378765485269
BAD 378766356481
BAD 378766356491
BAD 378724934059
BAD 378724934183
BAD 378750811709
BAD 378769720741
BAD 378750811711
BAD 378750811729
BAD 378727616149
BAD 378727616153
BAD 378782931301
BAD 378782931313
BAD 378729477383
BAD 378783295003
BAD 378772433461
BAD 378772433483
BAD 378730963579
BAD 378731760919
BAD 378732114647
BAD 378786613801
BAD 378733203421
BAD 378788312401
BAD 378788499247
BAD 378788499251
BAD 378788499283
BAD 378788499289
BAD 378755640779
BAD 378737100421
BAD 378756898813
BAD 378756929437
BAD 378756935471
BAD 378757382779
BAD 378757549879
BAD 378738694933
BAD 378809719157
BAD 378791670241
BAD 378791670263
BAD 378812453827
BAD 378812453867
BAD 378812453869
BAD 378812976701
BAD 378812976713
BAD 378795251231
BAD 378797146223
BAD 378797146229
BAD 378797492999
BAD 378797493001
BAD 378797493029
BAD 378797493031
BAD 378825465461
BAD 378825465463
BAD 378799007903
BAD 378799444469
BAD 378827089877
BAD 378800426261
BAD 378800426269
BAD 378800426281
BAD 378828519857
BAD 378828519859
BAD 378828519863
BAD 378828847697
BAD 378816286523
BAD 378817499813
BAD 378817499821
BAD 378830932913
BAD 378804343979
BAD 378818118559
BAD 378830932919
BAD 378804417437
BAD 378804417661
BAD 378805337611
BAD 378805612741
BAD 378832377907
BAD 378807477289
BAD 378807477317
BAD 378807477319
BAD 378823247353
BAD 378824748163
BAD 378824748193
BAD 378824748199
BAD 378824748209
BAD 378824748241
BAD 378824748251
BAD 378824748259
BAD 378824748271
BAD 378835707799
BAD 378837924859
BAD 378837924901
BAD 378838584547
BAD 378838932397
BAD 378840637489
BAD 378877479803
BAD 378841656889
BAD 378879817891
BAD 378842603599
BAD 378842838301
BAD 378842913151
BAD 378842913157
BAD 378882378593
BAD 378843814103
BAD 378882719051
BAD 378882719053
BAD 378844974397
BAD 378844974413
BAD 378885353953
BAD 378885556591
BAD 378885980509
BAD 378885980513
BAD 378885980587
BAD 378885980593
BAD 378885980597
BAD 378846327499
BAD 378846333277
BAD 378846333289
BAD 378859541743
BAD 378860716261
BAD 378902278201
BAD 378903173123
BAD 378849638053
BAD 378849638117
BAD 378865570411
BAD 378865908541
BAD 378865908559
BAD 378929268331
BAD 378866436391
BAD 378906890431
BAD 378866436427
BAD 378850946297
BAD 378851177473
BAD 378907613933
BAD 378931942751
BAD 378932899393
BAD 378869540993
BAD 378853471069
BAD 378870204833
BAD 378854325313
BAD 378871783013
BAD 378935685421
BAD 378855877129
BAD 378855877139
BAD 378936520609
BAD 378856521167
BAD 378856775653
BAD 378856775657
BAD 378857106709
BAD 378857106713
BAD 378937264841
BAD 378874217153
BAD 378874536823
BAD 378874536857
BAD 378874536907
BAD 378857849911
BAD 378938707627
BAD 378940766843
BAD 378942630593
BAD 378910105943
BAD 378943616773
BAD 378943616789
BAD 378944550401
BAD 378944550403
BAD 378912190529
BAD 378912883717
BAD 378912883763
BAD 378946332641
BAD 378913468553
BAD 378915077159
BAD 378915077161
BAD 378976181063
BAD 378916732891
BAD 378916841929
BAD 378978523039
BAD 378978523043
BAD 378918211681
BAD 378980311153
BAD 378949285073
BAD 378949285103
BAD 378949285111
BAD 378949285129
BAD 378949285133
BAD 378949285177
BAD 378949285181
BAD 378918441533
BAD 378918441541
BAD 378918441571
BAD 378980799193
BAD 378980799233
BAD 378950914763
BAD 378952894459
BAD 378954861983
BAD 378954908263
BAD 378920369171
BAD 378920369173
BAD 378920369189
BAD 378957071659
BAD 378957071663
BAD 378922170049
BAD 378923198099
BAD 378923198117
BAD 378923198119
BAD 378924980813
BAD 378925370833
BAD 378987435661
BAD 378990071597
BAD 378990071599
BAD 378990642799
BAD 378990642827
BAD 378990642829
BAD 378991092889
BAD 378991891319
BAD 378991891321
BAD 378959276483
BAD 378959463721
BAD 378960945697
BAD 378960945709
BAD 379093355917
BAD 378961723381
BAD 379093863013
BAD 379094339903
BAD 378962085077
BAD 379094519723
BAD 378962402971
BAD 378963070823
BAD 378963070841
BAD 379096135219
BAD 379096614179
BAD 379096614181
BAD 379077522547
BAD 379078325317
BAD 379100645947
BAD 379100645951
BAD 379100645953
BAD 379078732327
BAD 379080541381
BAD 378965913329
BAD 378965913331
BAD 379101285889
BAD 379101407933
BAD 378992717423
BAD 378967134127
BAD 378967134131
BAD 378967134199
BAD 379102026323
BAD 379102835711
BAD 379082180273
BAD 379027291933
BAD 379082758783
BAD 379044335647
BAD 379027709059
BAD 379010435627
BAD 378972349699
BAD 379027709063
BAD 378995464621
BAD 379010435633
BAD 378995464633
BAD 379061039053
BAD 379061039059
BAD 379011516293
BAD 378996825947
BAD 379045637983
BAD 378973361659
BAD 378973529071
BAD 379085030609
BAD 378998988169
BAD 379085988199
BAD 379029958663
BAD 379048525651
BAD 379030199467
BAD 379048631893
BAD 379030339249
BAD 379087120969
BAD 379087120991
BAD 379000152413
BAD 379049368531
BAD 379033461073
BAD 379017317879
BAD 379051937287
BAD 379018518097
BAD 379067459437
BAD 379051937291
BAD 379002726709
BAD 379018518101
BAD 379051937293
BAD 379091765243
BAD 379067459443
BAD 379018518103
BAD 379002726719
BAD 379033752743
BAD 379002726721
BAD 379018518107
BAD 379052057011
BAD 379033929397
BAD 379019212697
BAD 379003665473
BAD 379003665493
BAD 379003665499
BAD 379034307811
BAD 379019841773
BAD 379004619593
BAD 379005172471
BAD 379054546867
BAD 379070422849
BAD 379036106243
BAD 379056053953
BAD 379022854129
BAD 379022965591
BAD 379023197599
BAD 379007778739
BAD 379058837011
BAD 379072417103
BAD 379038437159
BAD 379038437161
BAD 379038594773
BAD 379008384481
BAD 379024400681
BAD 379024400683
BAD 379024400693
BAD 379073738867
BAD 379074208607
BAD 379074208609
BAD 379074493009
BAD 379074493019
BAD 379074833987
BAD 379074833989
BAD 379074833993
BAD 379025618837
BAD 379025686033
BAD 379075962829
BAD 379076175329
BAD 379112591807
BAD 379112591813
BAD 379113579307
BAD 379115239231
BAD 379117208027
BAD 379117959037
BAD 379117959041
BAD 379117959043
BAD 379120307081
BAD 379121033677
BAD 379121075089
BAD 379121075093
BAD 379121937331
BAD 379125562391
BAD 379125562393
BAD 379125562397
BAD 379125562399
BAD 379125562429
BAD 379125562433
BAD 379179157417
BAD 379179355207
BAD 379179355213
BAD 379180852447
BAD 379181525389
BAD 379181714749
BAD 379183439473
BAD 379183439483
BAD 379185213487
BAD 379185624439
BAD 379185624457
BAD 379185624463
BAD 379128663349
BAD 379128663383
BAD 379186855477
BAD 379186855589
BAD 379186855591
BAD 379189999339
BAD 379190409289
BAD 379190409319
BAD 379190409343
BAD 379192313117
BAD 379192313119
BAD 379192650653
BAD 379192711699
BAD 379133009639
BAD 379133009641
BAD 379193473661
BAD 379195871029
BAD 379195871053
BAD 379197862753
BAD 379198867829
BAD 379198867849
BAD 379138042291
BAD 379200709603
BAD 379201407847
BAD 379202172409
BAD 379202172413
BAD 379203197707
BAD 379204762711
BAD 379205055863
BAD 379205055871
BAD 379205055893
BAD 379205055899
BAD 379141906523
BAD 379150046731
BAD 379150209419
BAD 379150209421
BAD 379162003967
BAD 379152170519
BAD 379152170521
BAD 379152170539
BAD 379152665993
BAD 379162797997
BAD 379154636753
BAD 379154636801
BAD 379154636803
BAD 379155135019
BAD 379156322059
BAD 379156414289
BAD 379156414291
BAD 379157064919
BAD 379157344799
BAD 379157344801
BAD 379157344807
BAD 379212558541
BAD 379168422461
BAD 379168422463
BAD 379158224111
BAD 379168731661
BAD 379214879423
BAD 379216488653
BAD 379160079847
BAD 379160079869
BAD 379160079871
BAD 379170993469
BAD 379170993473
BAD 379170993499
BAD 379170993503
BAD 379218815303
BAD 379218815309
BAD 379171276403
BAD 379219955843
BAD 379220870659
BAD 379220870669
BAD 379222447223
BAD 379222447231
BAD 379222447237
BAD 379222447273
BAD 379224342923
BAD 379224342929
BAD 379224342941
BAD 379175664547
BAD 379175664551
BAD 379226907691
BAD 379176044987
BAD 379227402331
BAD 379176133519
BAD 379230275273
BAD 379231064227
BAD 379231064231
BAD 379233828359
BAD 379234335163
BAD 379312998949
BAD 379314439313
BAD 379315495333
BAD 379238127371
BAD 379238562931
BAD 379238562943
BAD 379317742591
BAD 379240745887
BAD 379241279393
BAD 379320218491
BAD 379320362137
BAD 379242184553
BAD 379243332709
BAD 379321273711
BAD 379321479007
BAD 379321479013
BAD 379321517459
BAD 379321517461
BAD 379278720833
BAD 379278720859
BAD 379278720871
BAD 379322897441
BAD 379278780431
BAD 379279546669
BAD 379279546703
BAD 379324738633
BAD 379281389593
BAD 379283532581
BAD 379297427779
BAD 379298281211
BAD 379298281213
BAD 379286294851
BAD 379286294873
BAD 379286593867
BAD 379287348443
BAD 379244743169
BAD 379326796909
BAD 379304590601
BAD 379249669009
BAD 379304590603
BAD 379249669013
BAD 379290633577
BAD 379290633593
BAD 379327339093
BAD 379291449259
BAD 379292510647
BAD 379292510651
BAD 379253222839
BAD 379293412297
BAD 379293465101
BAD 379293570457
BAD 379293717709
BAD 379255764553
BAD 379308925789
BAD 379309448783
BAD 379310166113
BAD 379311141221
BAD 379259045621
BAD 379259342873
BAD 379260922793
BAD 379263618001
BAD 379263618011
BAD 379266728657
BAD 379266763517
BAD 379267004429
BAD 379267004437
BAD 379267004449
BAD 379267004461
BAD 379267541033
BAD 379269143069
BAD 379269375671
BAD 379270726889
BAD 379270726897
BAD 379271422531
BAD 379272091973
BAD 379272091981
BAD 379272718681
BAD 379272718687
BAD 379272718697
BAD 379273358047
BAD 379274294747
BAD 379275013223
BAD 379330186661
BAD 379330186663
BAD 379330186667
BAD 379337627051
BAD 379339279819
BAD 379339420723
BAD 379339420727
BAD 379339420729
BAD 379340587783
BAD 379341507289
BAD 379342837799
BAD 379342837801
BAD 379342986577
BAD 379397082523
BAD 379398317491
BAD 379344042403
BAD 379344042409
BAD 379399059763
BAD 379402795153
BAD 379403022533
BAD 379403749177
BAD 379403749223
BAD 379403749237
BAD 379405325333
BAD 379405991689
BAD 379407381037
BAD 379407381053
BAD 379408287967
BAD 379363270673
BAD 379409181709
BAD 379410504673
BAD 379366888567
BAD 379367281313
BAD 379368605381
BAD 379370530241
BAD 379371835343
BAD 379371835351
BAD 379374457247
BAD 379374457249
BAD 379374837781
BAD 379375888753
BAD 379376428933
BAD 379377187183
BAD 379378051993
BAD 379462528691
BAD 379462528693
BAD 379463704897
BAD 379463704909
BAD 379463704913
BAD 379464625549
BAD 379466555497
BAD 379469719883
BAD 379471319453
BAD 379471380427
BAD 379474921733
BAD 379475184059
BAD 379475184061
BAD 379475787323
BAD 379476124051
BAD 379479534293
BAD 379479534319
BAD 379479534323
BAD 379479534337
BAD 379479534341
BAD 379379366461
BAD 379379366629
BAD 379381174919
BAD 379381914599
BAD 379381914601
BAD 379381914607
BAD 379384623533
BAD 379384704271
BAD 379384908283
BAD 379483600219
BAD 379483600231
BAD 379346603213
BAD 379416514261
BAD 379346603219
BAD 379346603221
BAD 379416675613
BAD 379416675629
BAD 379416675637
BAD 379385965957
BAD 379484100979
BAD 379386246103
BAD 379386475781
BAD 379387064257
BAD 379485496787
BAD 379485737711
BAD 379418065399
BAD 379348232437
BAD 379348750639
BAD 379487255347
BAD 379488690047
BAD 379350378007
BAD 379350378013
BAD 379350667253
BAD 379390488583
BAD 379351581649
BAD 379392362281
BAD 379393643143
BAD 379393643149
BAD 379393643359
BAD 379353626123
BAD 379353626129
BAD 379423493483
BAD 379395030551
BAD 379429674233
BAD 379395053299
BAD 379424010631
BAD 379354820513
BAD 379354849513
BAD 379430678873
BAD 379425312337
BAD 379425312341
BAD 379425312347
BAD 379425312349
BAD 379514105983
BAD 379426777633
BAD 379357340731
BAD 379357340807
BAD 379357340809
BAD 379357682227
BAD 379357682269
BAD 379515052859
BAD 379432490629
BAD 379432572587
BAD 379358007349
BAD 379489864531
BAD 379433977963
BAD 379434257039
BAD 379491011387
BAD 379434776089
BAD 379360745321
BAD 379519452049
BAD 379436781431
BAD 379436781433
BAD 379436953591
BAD 379493949391
BAD 379493949397
BAD 379497090703
BAD 379495541833
BAD 379438416187
BAD 379522374493
BAD 379522766551
BAD 379499599879
BAD 379499599883
BAD 379499599903
BAD 379448721829
BAD 379440571141
BAD 379450795853
BAD 379501284293
BAD 379525722679
BAD 379525984949
BAD 379525984951
BAD 379502589943
BAD 379444634641
BAD 379504032331
BAD 379504644301
BAD 379528892153
BAD 379528892161
BAD 379454411551
BAD 379454869349
BAD 379454965919
BAD 379509226891
BAD 379509226897
BAD 379457173063
BAD 379512155521
BAD 379462164611
BAD 379547331511
BAD 379547338657
BAD 379547665561
BAD 379547974609
BAD 379547974613
BAD 379548580591
BAD 379548580597
BAD 379530777359
BAD 379530777361
BAD 379530777383
BAD 379531119661
BAD 379531119683
BAD 379531807313
BAD 379532171033
BAD 379532171041
BAD 379553286947
BAD 379553286949
BAD 379555858081
BAD 379556584681
BAD 379536476303
BAD 379538404129
BAD 379559832109
BAD 379539885103
BAD 379540421867
BAD 379540682753
BAD 379562418919
BAD 379541424893
BAD 379542730093
BAD 379545102583
BAD 379545102593
BAD 379613897423
BAD 379614346831
BAD 379614648331
BAD 379614648337
BAD 379616097607
BAD 379616097613
BAD 379616470637
BAD 379596686621
BAD 379596686627
BAD 379620024193
BAD 379602027451
BAD 379621424971
BAD 379602649889
BAD 379602649891
BAD 379602663653
BAD 379622007871
BAD 379622367083
BAD 379579929283
BAD 379623912439
BAD 379580625847
BAD 379580916653
BAD 379580916661
BAD 379580916667
BAD 379581451631
BAD 379624982257
BAD 379625380531
BAD 379608571319
BAD 379608571327
BAD 379608571333
BAD 379584964403
BAD 379584964411
BAD 379608848491
BAD 379609101307
BAD 379564002577
BAD 379609214951
BAD 379609214953
BAD 379609237129
BAD 379609237141
BAD 379565183149
BAD 379587511453
BAD 379566484159
BAD 379568085289
BAD 379589720801
BAD 379569462763
BAD 379590621271
BAD 379570178899
BAD 379591404419
BAD 379591404421
BAD 379591783303
BAD 379573851823
BAD 379595139727
BAD 379595643631
BAD 379578490171
BAD 379578704251
BAD 379578907033
BAD 379579199033
BAD 379999326799
BAD 379999326829
BAD 379663718407
BAD 379665416093
BAD 379668079129
BAD 379670173723
BAD 379671782033
BAD 379673832397
BAD 379675313119
BAD 379636792967
BAD 379636792993
BAD 379636792999
BAD 379636793009
BAD 379638187879
BAD 379638406531
BAD 379678996063
BAD 379638939061
BAD 379639967417
BAD 379639967419
BAD 379639967431
BAD 379639967437
BAD 379640909413
BAD 379640909423
BAD 379642184749
BAD 379642300033
BAD 379645603553
BAD 379645840499
BAD 379702475533
BAD 379704316399
BAD 379704316403
BAD 379704864631
BAD 379706609221
BAD 379706609231
BAD 379707146677
BAD 379707147563
BAD 379708008781
BAD 379712139773
BAD 379648218283
BAD 379648218307
BAD 379648218311
BAD 379648793333
BAD 379650938899
BAD 379684005331
BAD 379651113983
BAD 379684388599
BAD 379651698241
BAD 379651698247
BAD 379651698253
BAD 379686774031
BAD 379686948967
BAD 379686948973
BAD 379656797899
BAD 379656797903
BAD 379657557949
BAD 379657557953
BAD 379689122053
BAD 379659014183
BAD 379659014191
BAD 379659014197
BAD 379689459493
BAD 379690950307
BAD 379693737229
BAD 379693775479
BAD 379696433267
BAD 379735265113
BAD 379735371623
BAD 379735953367
BAD 379738298629
BAD 379738298633
BAD 379738432231
BAD 379740031393
BAD 379740031397
BAD 379740352993
BAD 379740352997
BAD 379740956633
BAD 379750886257
BAD 379750886261
BAD 379751017879
BAD 379751317471
BAD 379751962973
BAD 379742692019
BAD 379715719741
BAD 379716415051
BAD 379743700043
BAD 379716885533
BAD 379716991021
BAD 379753371253
BAD 379744229401
BAD 379744229413
BAD 379744229419
BAD 379744373737
BAD 379744439533
BAD 379744439537
BAD 379718074759
BAD 379754157259
BAD 379719337979
BAD 379719337981
BAD 379754891029
BAD 379720307767
BAD 379720535797
BAD 379720535801
BAD 379720535807
BAD 379720535809
BAD 379720535813
BAD 379720535827
BAD 379721381243
BAD 379721381251
BAD 379747038703
BAD 379747038707
BAD 379747038709
BAD 379747038721
BAD 379722608627
BAD 379722608647
BAD 379722608677
BAD 379722740963
BAD 379724685619
BAD 379724685623
BAD 379724685629
BAD 379724685631
BAD 379757350741
BAD 379725244127
BAD 379758065483
BAD 379758595441
BAD 379726359269
BAD 379726502893
BAD 379760493533
BAD 379728222557
BAD 379729579321
BAD 379762199449
BAD 379762201891
BAD 379730209129
BAD 379730444461
BAD 379762820971
BAD 379849277383
BAD 379850366839
BAD 379851043843
BAD 379901600051
BAD 379901600053
BAD 379853136151
BAD 379902763483
BAD 379854471053
BAD 379854471103
BAD 379904466107
BAD 379904466113
BAD 379904988191
BAD 379765034503
BAD 379765034521
BAD 379765828399
BAD 379765844993
BAD 379906559453
BAD 379856933257
BAD 379908296843
BAD 379908296903
BAD 379857339193
BAD 379909240759
BAD 379909326499
BAD 379858773493
BAD 379911475441
BAD 379771224829
BAD 379784801849
BAD 379772017831
BAD 379914867727
BAD 379773410431
BAD 379773410437
BAD 379773410441
BAD 379863253883
BAD 379776841337
BAD 379791638959
BAD 379777529149
BAD 379802446501
BAD 379865017823
BAD 379865017837
BAD 379803214487
BAD 379795271803
BAD 379795271809
BAD 379795271813
BAD 379795271819
BAD 379795271879
BAD 379795271881
BAD 379795271887
BAD 379866856951
BAD 379796350117
BAD 379781076137
BAD 379796350121
BAD 379796350123
BAD 379781076139
BAD 379796350127
BAD 379781083153
BAD 379809488923
BAD 379810908691
BAD 379810908739
BAD 379870638559
BAD 379812110047
BAD 379812110053
BAD 379812110063
BAD 379812110071
BAD 379871551343
BAD 379872549877
BAD 379874344939
BAD 379874344943
BAD 379874834917
BAD 379915558829
BAD 379915558831
BAD 379882448599
BAD 379875673577
BAD 379875673579
BAD 379915829669
BAD 379876000969
BAD 379883320051
BAD 379876477051
BAD 379876594739
BAD 379884252691
BAD 379878048463
BAD 379880102359
BAD 379880102363
BAD 379933784693
BAD 379933784743
BAD 379933784749
BAD 379933784767
BAD 379888513853
BAD 379880818243
BAD 379880818259
BAD 379880835463
BAD 379880835473
BAD 379880874077
BAD 379888749113
BAD 379934665939
BAD 379934901277
BAD 379822645361
BAD 379889281921
BAD 379889281931
BAD 379889281939
BAD 379889281943
BAD 379823028451
BAD 379889662829
BAD 379936080653
BAD 379936080661
BAD 379891217813
BAD 379891217821
BAD 379832028349
BAD 379951487029
BAD 379825829027
BAD 379825829029
BAD 379952314639
BAD 379826402471
BAD 379826402581
BAD 379826402597
BAD 379826402603
BAD 379952801689
BAD 379952801693
BAD 379833477269
BAD 379833477271
BAD 379833515161
BAD 379940076653
BAD 379834059229
BAD 379925440793
BAD 379895166533
BAD 379895811643
BAD 379828357343
BAD 379828357351
BAD 379828357369
BAD 379828357373
BAD 379942489813
BAD 379943436889
BAD 379943436893
BAD 379829050177
BAD 379956945997
BAD 379956946001
BAD 379956946003
BAD 379956946007
BAD 379956946009
BAD 379836398873
BAD 379830327379
BAD 379836398881
BAD 379946260231
BAD 379947148121
BAD 379960913809
BAD 379838768977
BAD 379947973319
BAD 379982874871
BAD 379961697859
BAD 379961697889
BAD 379961697893
BAD 379839277261
BAD 379961907697
BAD 379962219199
BAD 379984229293
BAD 379840477069
BAD 379840815383
BAD 379985944141
BAD 379965313537
BAD 379987130401
BAD 379843633549
BAD 379843659607
BAD 379843741309
BAD 379844112149
BAD 379988442901
BAD 379844522143
BAD 379846854553
BAD 379991137627
BAD 379999124971
BAD 379968540043
BAD 379969458163
BAD 379971198559
BAD 379973330753
BAD 379974415369
BAD 379974494101
BAD 379974494111
BAD 379974494113
BAD 379976946301
BAD 379980264511
BAD 379980264533
BAD 379981902277
BAD 379981902281
BAD 379981902283
BAD 379982230907
BAD 379982230909
RANGE 370000000000 380000000000 PRIMES 375232730 BAD 8599
