BAD 360285581021
BAD 360336225049
BAD 360252006503
BAD 360252006509
BAD 360252006511
BAD 360252129553
BAD 360254217859
BAD 360338485363
BAD 360338485369
BAD 360355184411
BAD 360340403519
BAD 360340461361
BAD 360134382241
BAD 360034752023
BAD 360357364613
BAD 360357600541
BAD 360035624131
BAD 360035624149
BAD 360035624153
BAD 360135625351
BAD 360358436453
BAD 360258867289
BAD 360258867337
BAD 360258867347
BAD 360258867349
BAD 360343389919
BAD 360136838393
BAD 360360241543
BAD 360360241567
BAD 360038838391
BAD 360361105201
BAD 360138778313
BAD 360039973253
BAD 360139601959
BAD 360361813633
BAD 360361813639
BAD 360040607783
BAD 360140396773
BAD 360140396779
BAD 360290086837
BAD 360363450241
BAD 360291575999
BAD 360043595011
BAD 360265880581
BAD 360265880587
BAD 360265880593
BAD 360350189671
BAD 360266200061
BAD 360044798011
BAD 360266791427
BAD 360366426787
BAD 360366426793
BAD 360366715703
BAD 360045971521
BAD 360045971539
BAD 360045971543
BAD 360366943219
BAD 360046135363
BAD 360046135367
BAD 360046752707
BAD 360268301857
BAD 360295404397
BAD 360368661287
BAD 360142509137
BAD 360295404433
BAD 360295404439
BAD 360047007871
BAD 360047007877
BAD 360047722393
BAD 360048102901
BAD 360145028741
BAD 360145028743
BAD 360297898351
BAD 360145642963
BAD 360149144759
BAD 360149184001
BAD 360149276833
BAD 360149276887
BAD 360149276891
BAD 360149834881
BAD 360150590609
BAD 360101062171
BAD 360101062313
BAD 360101612729
BAD 360101612737
BAD 360102254279
BAD 360102415997
BAD 360102415999
BAD 360103111279
BAD 360104980457
BAD 360106796503
BAD 360106796513
BAD 360106796519
BAD 360107453689
BAD 360107620603
BAD 360107640983
BAD 360107640989
BAD 360109350179
BAD 360109461419
BAD 360110719981
BAD 360151949239
BAD 360152902751
BAD 360111451771
BAD 360154554499
BAD 360113586923
BAD 360113586929
BAD 360155784827
BAD 360155784829
BAD 360303587689
BAD 360114823261
BAD 360156558667
BAD 360115305559
BAD 360051051343
BAD 360051215467
BAD 360115571857
BAD 360184900843
BAD 360184900861
BAD 360305037907
BAD 360118416953
BAD 360118416961
BAD 360185643031
BAD 360118488413
BAD 360185643043
BAD 360118728143
BAD 360118728157
BAD 360186237713
BAD 360186237721
BAD 360186288751
BAD 360305835067
BAD 360053201611
BAD 360305982461
BAD 360119855983
BAD 360119855993
BAD 360187049723
BAD 360187049749
BAD 360158725547
BAD 360054152021
BAD 360054152023
BAD 360000239453
BAD 360120671641
BAD 360000432433
BAD 360235726793
BAD 360188858429
BAD 360235943467
BAD 360001891231
BAD 360160827919
BAD 360002612009
BAD 360002612023
BAD 360190372733
BAD 360309310463
BAD 360237434701
BAD 360003073471
BAD 360310206413
BAD 360124182799
BAD 360190734061
BAD 360058588891
BAD 360162342037
BAD 360124182809
BAD 360124182811
BAD 360124182827
BAD 360058804717
BAD 360058804723
BAD 360238226857
BAD 360059467477
BAD 360311415881
BAD 360311415883
BAD 360192475073
BAD 360192475081
BAD 360126202363
BAD 360193112777
BAD 360193112779
BAD 360312843923
BAD 360312843931
BAD 360312843937
BAD 360126932303
BAD 360240127259
BAD 360061509133
BAD 360061509139
BAD 360061509173
BAD 360313499839
BAD 360006633463
BAD 360166235683
BAD 360194635753
BAD 360007199161
BAD 360166621583
BAD 360315131993
BAD 360063471263
BAD 360063471269
BAD 360063584207
BAD 360063627083
BAD 360063627109
BAD 360063627113
BAD 360063627127
BAD 360008350007
BAD 360115756769
BAD 360196114793
BAD 360242941439
BAD 360242941441
BAD 360064485811
BAD 360116262703
BAD 360243736513
BAD 360196679341
BAD 360064937263
BAD 360244145297
BAD 360244145299
BAD 360116709181
BAD 360130484257
BAD 360197270819
BAD 360197270821
BAD 360197394917
BAD 360197394919
BAD 360318659557
BAD 360318659611
BAD 360197688589
BAD 360132339601
BAD 360247698659
BAD 360247698661
BAD 360248676517
BAD 360248753173
BAD 360248753177
BAD 360248753219
BAD 360133239073
BAD 360133239079
BAD 360133239083
BAD 360200740903
BAD 360019379113
BAD 360014704261
BAD 360202756399
BAD 360388119257
BAD 360388119263
BAD 360202985339
BAD 360202985341
BAD 360202985423
BAD 360202985431
BAD 360202985437
BAD 360250793491
BAD 360250864823
BAD 360251096561
BAD 360251096563
BAD 360251096567
BAD 360388795103
BAD 360219853759
BAD 360388795121
BAD 360219853793
BAD 360203979943
BAD 360203979959
BAD 360016413319
BAD 360168633137
BAD 360168711211
BAD 360168711307
BAD 360205416289
BAD 360205416293
BAD 360390433639
BAD 360023756957
BAD 360023756959
BAD 360023898491
BAD 360024079111
BAD 360170516177
BAD 360170516179
BAD 360170516243
BAD 360392225629
BAD 360222913123
BAD 360269051819
BAD 360269051833
BAD 360269141899
BAD 360208114501
BAD 360393099889
BAD 360393099893
BAD 360027011263
BAD 360270670381
BAD 360270687131
BAD 360173209373
BAD 360394093219
BAD 360271559701
BAD 360225417323
BAD 360225417337
BAD 360225772663
BAD 360173860693
BAD 360173860699
BAD 360173860703
BAD 360320109089
BAD 360320109091
BAD 360320376569
BAD 360175049093
BAD 360211351771
BAD 360211351777
BAD 360211351789
BAD 360211351793
BAD 360320979253
BAD 360274588561
BAD 360274588571
BAD 360274588573
BAD 360227726213
BAD 360175854083
BAD 360275312303
BAD 360228686143
BAD 360276094993
BAD 360276424817
BAD 360276424819
BAD 360321948289
BAD 360321948293
BAD 360177007147
BAD 360229339147
BAD 360276983029
BAD 360276983039
BAD 360276983041
BAD 360398222453
BAD 360398222461
BAD 360277857529
BAD 360277857539
BAD 360277857547
BAD 360277876237
BAD 360277876241
BAD 360277876243
BAD 360277876249
BAD 360277876261
BAD 360322777783
BAD 360398813221
BAD 360376368659
BAD 360214548593
BAD 360230822383
BAD 360230822389
BAD 360178773959
BAD 360178773961
BAD 360377388509
BAD 360178864987
BAD 360215668559
BAD 360215668573
BAD 360280001219
BAD 360400332289
BAD 360400332293
BAD 360232188391
BAD 360280747579
BAD 360280747583
BAD 360280747643
BAD 360280788887
BAD 360280788893
BAD 360281359483
BAD 360281359489
BAD 360216807331
BAD 360216807347
BAD 360180613469
BAD 360401490563
BAD 360401490569
BAD 360401490571
BAD 360379667611
BAD 360379667633
BAD 360379679609
BAD 360181125979
BAD 360181125989
BAD 360181125991
BAD 360379847609
BAD 360282388831
BAD 360181313339
BAD 360181313341
BAD 360181313347
BAD 360233413357
BAD 360402125911
BAD 360382053583
BAD 360382053587
BAD 360382053589
BAD 360383614211
BAD 360384009589
BAD 360330504497
BAD 360330504517
BAD 360331473743
BAD 360331591027
BAD 360332779369
BAD 360333086513
BAD 360069124193
BAD 360084036359
BAD 360084056713
BAD 360084768559
BAD 360072399503
BAD 360085106033
BAD 360073384579
BAD 360074084231
BAD 360074205871
BAD 360074205877
BAD 360074412029
BAD 360074412031
BAD 360074412067
BAD 360087880309
BAD 360076058581
BAD 360076983197
BAD 360076983199
BAD 360089719373
BAD 360077938579
BAD 360077954077
BAD 360077954179
BAD 360090229087
BAD 360078445303
BAD 360078638923
BAD 360091645073
BAD 360079061359
BAD 360092690767
BAD 360093392237
BAD 360093553013
BAD 360081126709
BAD 360082749269
BAD 360082763363
BAD 360082763371
BAD 360082886363
BAD 360099536191
BAD 360100080293
BAD 360454541693
BAD 360455472529
BAD 360455664031
BAD 360456118181
BAD 360456118201
BAD 360456118219
BAD 360456118223
BAD 360459181039
BAD 360461092193
BAD 360461985913
BAD 360462741187
BAD 360462741193
BAD 360464115559
BAD 360464115563
BAD 360464115569
BAD 360464115589
BAD 360464115593
BAD 360467747293
BAD 360469100911
BAD 360488096273
BAD 360488871863
BAD 360490990711
BAD 360494004839
BAD 360495155791
BAD 360495244883
BAD 360495244891
BAD 360495244903
BAD 360501519409
BAD 360502036369
BAD 360502036373
BAD 360502036423
BAD 360419433559
BAD 360420455971
BAD 360422827781
BAD 360425703829
BAD 360426567703
BAD 360426567713
BAD 360428304829
BAD 360428304833
BAD 360429381601
BAD 360429388909
BAD 360430534493
BAD 360431098493
BAD 360431904491
BAD 360432472879
BAD 360432473003
BAD 360435563581
BAD 360437109581
BAD 360437109583
BAD 360437452483
BAD 360437452489
BAD 360437452493
BAD 360437452499
BAD 360437701051
BAD 360438341539
BAD 360438701201
BAD 360438701209
BAD 360439357909
BAD 360439692113
BAD 360439692121
BAD 360402672733
BAD 360442524961
BAD 360523208663
BAD 360403534747
BAD 360403534753
BAD 360523753831
BAD 360404378311
BAD 360537854063
BAD 360524933161
BAD 360444522511
BAD 360538182811
BAD 360538278937
BAD 360538278941
BAD 360538278943
BAD 360788814247
BAD 360788814251
BAD 360445157719
BAD 360539032397
BAD 360791498629
BAD 360405608791
BAD 360791498633
BAD 360723010301
BAD 360723010303
BAD 360791652589
BAD 360445320359
BAD 360445996979
BAD 360446481673
BAD 360446481677
BAD 360446481679
BAD 360540506873
BAD 360540506881
BAD 360793092089
BAD 360793092091
BAD 360407247091
BAD 360541455529
BAD 360541455541
BAD 360794218273
BAD 360726235459
BAD 360795308777
BAD 360795308779
BAD 360795308789
BAD 360795308791
BAD 360543185131
BAD 360543200071
BAD 360449473123
BAD 360409678939
BAD 360525770093
BAD 360526003967
BAD 360526003969
BAD 360797395433
BAD 360412198651
BAD 360797688073
BAD 360412853453
BAD 360798127307
BAD 360527432311
BAD 360730098961
BAD 360730098973
BAD 360546102127
BAD 360799134593
BAD 360414319103
BAD 360731211889
BAD 360731318461
BAD 360731565659
BAD 360731565661
BAD 360529328101
BAD 360529328119
BAD 360529328123
BAD 360732605789
BAD 360732605791
BAD 360800621417
BAD 360800806733
BAD 360530042423
BAD 360801507263
BAD 360801507281
BAD 360802441343
BAD 360549986761
BAD 360550020689
BAD 360417948139
BAD 360550943107
BAD 360736895293
BAD 360531609023
BAD 360805124531
BAD 360737272471
BAD 360552283939
BAD 360738032953
BAD 360552728551
BAD 360534491971
BAD 360535804441
BAD 360536031733
BAD 360536031749
BAD 360606513233
BAD 360608059081
BAD 360608059087
BAD 360610718921
BAD 360611185183
BAD 360612034301
BAD 360612034303
BAD 360613041319
BAD 360614330471
BAD 360616646933
BAD 360616646941
BAD 360616646947
BAD 360617091787
BAD 360618418757
BAD 360618418759
BAD 360553780973
BAD 360554237851
BAD 360554446807
BAD 360654604309
BAD 360654604313
BAD 360654604327
BAD 360655658417
BAD 360556145881
BAD 360556205491
BAD 360556588027
BAD 360637932271
BAD 360556960471
BAD 360638355667
BAD 360557459963
BAD 360557459971
BAD 360639226183
BAD 360639226231
BAD 360658578601
BAD 360640706011
BAD 360641859467
BAD 360641859469
BAD 360571300097
BAD 360571300099
BAD 360572035387
BAD 360572577559
BAD 360572577569
BAD 360572577571
BAD 360572577587
BAD 360662624263
BAD 360662624269
BAD 360740718367
BAD 360755606347
BAD 360573287587
BAD 360742954597
BAD 360645768877
BAD 360759312317
BAD 360759312341
BAD 360647179091
BAD 360587984513
BAD 360588084139
BAD 360760796269
BAD 360760796273
BAD 360761437727
BAD 360745550597
BAD 360745550603
BAD 360761958239
BAD 360761958241
BAD 360762052933
BAD 360772471441
BAD 360772471459
BAD 360649861703
BAD 360561820027
BAD 360561820037
BAD 360561820039
BAD 360773259181
BAD 360651164803
BAD 360577298453
BAD 360577298461
BAD 360651738919
BAD 360577866241
BAD 360591781279
BAD 360591781283
BAD 360591783047
BAD 360578507041
BAD 360623165017
BAD 360591783049
BAD 360652684649
BAD 360563553887
BAD 360764636731
BAD 360749711617
BAD 360749711627
BAD 360671319121
BAD 360623531627
BAD 360623531629
BAD 360623531633
BAD 360778278677
BAD 360653723719
BAD 360653723723
BAD 360778591267
BAD 360778591273
BAD 360778591279
BAD 360765491843
BAD 360691062889
BAD 360653866147
BAD 360579845167
BAD 360705527789
BAD 360705708619
BAD 360580106153
BAD 360692451283
BAD 360625346383
BAD 360625346387
BAD 360780124619
BAD 360780124631
BAD 360693392221
BAD 360595581083
BAD 360707919073
BAD 360595581113
BAD 360583362883
BAD 360708324209
BAD 360708324211
BAD 360583758053
BAD 360780723053
BAD 360693953731
BAD 360694059541
BAD 360694059547
BAD 360568437709
BAD 360568907627
BAD 360569168299
BAD 360628712863
BAD 360695286121
BAD 360676410077
BAD 360676410079
BAD 360770620369
BAD 360770620373
BAD 360770620393
BAD 360770620403
BAD 360770620411
BAD 360676517449
BAD 360629322593
BAD 360782850443
BAD 360782850451
BAD 360782850457
BAD 360710594791
BAD 360470562691
BAD 360505182749
BAD 360470562713
BAD 360598376959
BAD 360677748931
BAD 360630747233
BAD 360678025283
BAD 360471049973
BAD 360471049979
BAD 360697921043
BAD 360697959217
BAD 360711660151
BAD 360784714733
BAD 360712388749
BAD 360712388761
BAD 360699129733
BAD 360507327353
BAD 360472275913
BAD 360785553209
BAD 360785553211
BAD 360633251023
BAD 360633251029
BAD 360508151191
BAD 360601065481
BAD 360680279593
BAD 360786234661
BAD 360509040823
BAD 360509409361
BAD 360786820663
BAD 360509787929
BAD 360635087909
BAD 360474349943
BAD 360681216409
BAD 360474349951
BAD 360509787931
BAD 360715235173
BAD 360474349957
BAD 360715235197
BAD 360474349967
BAD 360474349969
BAD 360474349973
BAD 360474349979
BAD 360474349981
BAD 360715295497
BAD 360509882539
BAD 360702084991
BAD 360715404323
BAD 360602494817
BAD 360510132107
BAD 360510132109
BAD 360510132113
BAD 360510322591
BAD 360681648647
BAD 360681648781
BAD 360716132719
BAD 360716598181
BAD 360703773013
BAD 360511647499
BAD 360717689363
BAD 360683110981
BAD 360512459911
BAD 360718414801
BAD 360718414853
BAD 360683225761
BAD 360718501727
BAD 360512811563
BAD 360718737583
BAD 360514091867
BAD 360514091869
BAD 360684812963
BAD 360684853481
BAD 360684853483
BAD 360684853523
BAD 360684853531
BAD 360685026523
BAD 360685026551
BAD 360685026563
BAD 360514786477
BAD 360479636983
BAD 360479636989
BAD 360685859299
BAD 360685859311
BAD 360480493213
BAD 360518230231
BAD 360518703757
BAD 360483564803
BAD 360483872873
BAD 360485746561
BAD 360485746571
BAD 360485746573
BAD 360486099209
BAD 360486145351
BAD 360805866587
BAD 360806615179
BAD 360806615203
BAD 360806744399
BAD 360806744401
BAD 360808268633
BAD 360809387447
BAD 360809387453
BAD 360810240211
BAD 360810791251
BAD 360811287359
BAD 360811826803
BAD 360811960189
BAD 360811960193
BAD 360812197411
BAD 360814474483
BAD 360814474487
BAD 360817453103
BAD 360822618503
BAD 360822618529
BAD 360820510651
BAD 360826889257
BAD 360831346879
BAD 360831713159
BAD 360831713161
BAD 360831798109
BAD 360833028331
BAD 360833028343
BAD 360834598921
BAD 360836181707
BAD 360836181709
BAD 360837643813
BAD 360840258661
BAD 360843315097
BAD 360843642589
BAD 360844334209
BAD 360844542827
BAD 360845625769
BAD 360847147321
BAD 360847718461
BAD 360849205337
BAD 360852817123
BAD 360853307491
BAD 360855522563
BAD 360855522589
BAD 360855522593
BAD 360855531823
BAD 360856177001
BAD 360957314479
BAD 360957314483
BAD 360957314489
BAD 360958903069
BAD 360858389519
BAD 360858786083
BAD 360859336639
BAD 360859504813
BAD 360860502559
BAD 360860825539
BAD 360860825543
BAD 360964996069
BAD 360964996103
BAD 360964996109
BAD 360964996111
BAD 360861636133
BAD 360861636143
BAD 360861636151
BAD 360923436997
BAD 360923437001
BAD 360923437003
BAD 360967288369
BAD 360924098723
BAD 360925298813
BAD 360925589653
BAD 360925688749
BAD 360926572583
BAD 360970381621
BAD 360971286553
BAD 360863703467
BAD 360863703469
BAD 360864248233
BAD 360972294541
BAD 360972294559
BAD 360972746551
BAD 360865961501
BAD 360939654961
BAD 360868394333
BAD 360940018633
BAD 360940018661
BAD 360940018667
BAD 360928572833
BAD 360940018669
BAD 360928908331
BAD 360940501981
BAD 360928908343
BAD 360940501997
BAD 360928959221
BAD 360928959229
BAD 360940660849
BAD 360929459567
BAD 360942625411
BAD 361041221617
BAD 360870240827
BAD 360931939631
BAD 360931939649
BAD 360931939651
BAD 360871508303
BAD 360871989011
BAD 360872097479
BAD 360872097517
BAD 361043405143
BAD 361043405147
BAD 361091054903
BAD 361043959501
BAD 361043959513
BAD 361043959517
BAD 361043959519
BAD 361091288743
BAD 361091563321
BAD 360936368497
BAD 360936368567
BAD 361094371597
BAD 361094575213
BAD 360947174227
BAD 361095671273
BAD 361045628513
BAD 361045628521
BAD 361046913407
BAD 360950273449
BAD 360950699869
BAD 360951314771
BAD 360952521211
BAD 361052115737
BAD 361053967231
BAD 361102084073
BAD 361055944603
BAD 360955237673
BAD 361056433523
BAD 361103823271
BAD 361103823293
BAD 361104598079
BAD 361104598081
BAD 361106474213
BAD 361060143979
BAD 361060409959
BAD 361024521259
BAD 361025909693
BAD 361026121763
BAD 361026929539
BAD 361175336479
BAD 361065756223
BAD 361030488919
BAD 361031287999
BAD 361191716737
BAD 361067022257
BAD 361067022259
BAD 361067022263
BAD 361067022271
BAD 361192510429
BAD 361192510433
BAD 361068125941
BAD 361178503823
BAD 361193815813
BAD 361193815817
BAD 361193815819
BAD 361193815837
BAD 361193815841
BAD 361069371227
BAD 361069371241
BAD 361069371253
BAD 361069371269
BAD 361194433267
BAD 361034358511
BAD 361034684513
BAD 361034848673
BAD 361034848703
BAD 361034848709
BAD 361034848711
BAD 361180678643
BAD 361035269951
BAD 361182275659
BAD 360991279093
BAD 361035269953
BAD 361071585073
BAD 361071585079
BAD 361071749663
BAD 361182539659
BAD 360992611801
BAD 361073726107
BAD 360994108549
BAD 360908136661
BAD 361039274207
BAD 361184546161
BAD 361039676513
BAD 360995939461
BAD 361185817463
BAD 361185830749
BAD 360873179089
BAD 360873179101
BAD 360891481921
BAD 360891481927
BAD 360891481933
BAD 360891482059
BAD 360873549373
BAD 360873549403
BAD 360873549419
BAD 360892225853
BAD 360893900033
BAD 360999419311
BAD 360999419317
BAD 360911815193
BAD 360894641213
BAD 360875215193
BAD 361207043993
BAD 360894641221
BAD 361190403481
BAD 361190403487
BAD 361190403493
BAD 360875273557
BAD 360895104643
BAD 360896219881
BAD 360913164947
BAD 360913164949
BAD 360913258159
BAD 360913258163
BAD 360913571509
BAD 360914215273
BAD 360914215283
BAD 360914215289
BAD 360914236513
BAD 360877599793
BAD 360877599799
BAD 360877802303
BAD 360878065423
BAD 360914821973
BAD 360914959277
BAD 361003339771
BAD 360915934009
BAD 360898193701
BAD 361004137097
BAD 361004137099
BAD 360881023669
BAD 361004137103
BAD 360899652599
BAD 360881023673
BAD 361004137111
BAD 360899652601
BAD 360899652613
BAD 361124207791
BAD 361124370707
BAD 361124370709
BAD 360881525579
BAD 360881525581
BAD 360881525623
BAD 360881525659
BAD 361124478941
BAD 360900075533
BAD 360900075671
BAD 360900075673
BAD 361124503013
BAD 361124503021
BAD 360919244977
BAD 360919244999
BAD 361004897719
BAD 360919596133
BAD 361126054129
BAD 360883032833
BAD 360883094329
BAD 360883094333
BAD 360883094339
BAD 361006400569
BAD 360884959217
BAD 360903867287
BAD 361159381267
BAD 360920739833
BAD 361006926767
BAD 361006926769
BAD 361007124721
BAD 361007124727
BAD 361160016047
BAD 360921673493
BAD 361160616653
BAD 360922037747
BAD 361132274233
BAD 361132274249
BAD 360922552189
BAD 360922599979
BAD 361133414899
BAD 361009470659
BAD 361009634459
BAD 361010472461
BAD 361010472463
BAD 361010738129
BAD 361010738131
BAD 361012254923
BAD 361012438643
BAD 361108629589
BAD 361075412153
BAD 361075431527
BAD 361075431529
BAD 361075431533
BAD 361137972383
BAD 361138209541
BAD 361075715899
BAD 361075767937
BAD 361109869313
BAD 361109869319
BAD 361109869339
BAD 361076648573
BAD 361140134227
BAD 361111239347
BAD 361111239361
BAD 361143988021
BAD 361143988027
BAD 361143988057
BAD 361143988069
BAD 360975919573
BAD 360975919583
BAD 361077323641
BAD 361077323647
BAD 361015897013
BAD 361016059099
BAD 360976923247
BAD 361145185729
BAD 361145185733
BAD 360977362463
BAD 361017136729
BAD 361172209067
BAD 361112925883
BAD 361017530023
BAD 361146266581
BAD 361114100287
BAD 361018330609
BAD 361018330643
BAD 361018351097
BAD 361018720327
BAD 361018720331
BAD 361018720333
BAD 361174130753
BAD 361146578929
BAD 360979671449
BAD 361081337069
BAD 361019884969
BAD 361019884987
BAD 361020475853
BAD 361020475859
BAD 361020475861
BAD 361020641231
BAD 361116459107
BAD 360981473507
BAD 360981473509
BAD 361083712201
BAD 361149267991
BAD 360983420159
BAD 361023106909
BAD 361150088419
BAD 361150088423
BAD 361150213603
BAD 361119215521
BAD 360984399799
BAD 361151283487
BAD 360985086757
BAD 361086164077
BAD 361086164083
BAD 361120542781
BAD 361086480889
BAD 361153350601
BAD 361088885851
BAD 360989151451
BAD 360989151463
BAD 361154939659
BAD 361089964919
BAD 361156687543
BAD 361156687693
BAD 361210965811
BAD 361211055083
BAD 361211055157
BAD 361211529859
BAD 361211548513
BAD 361211548517
BAD 361211548519
BAD 361212830791
BAD 361214028631
BAD 361215934003
BAD 361216066853
BAD 361221716147
BAD 361222370123
BAD 361225646153
BAD 361225646167
BAD 361227981943
BAD 361228474603
BAD 361229764957
BAD 361230720649
BAD 361230924563
BAD 361230924577
BAD 361230924581
BAD 361230924583
BAD 361231275557
BAD 361232918639
BAD 361232918647
BAD 361232918653
BAD 361232918659
BAD 361234560857
BAD 361234560859
BAD 361235636491
BAD 361235636501
BAD 361236501247
BAD 361236501259
BAD 361241427653
BAD 361241427763
BAD 361241439409
BAD 361241439413
BAD 361241439421
BAD 361242727583
BAD 361242727597
BAD 361246453853
BAD 361246453871
BAD 361249364899
BAD 361250443583
BAD 361255041383
BAD 361255543249
BAD 361258390567
BAD 361258423231
BAD 361262995801
BAD 361262995829
BAD 361262995831
BAD 361263419789
BAD 361263419791
BAD 361265002859
BAD 361266488719
BAD 361268176609
BAD 361268176613
BAD 361268335837
BAD 361268670083
BAD 361268670163
BAD 361268670173
BAD 361269029213
BAD 361273739419
BAD 361273739423
BAD 361273739443
BAD 361274678029
BAD 361274976301
BAD 361274976319
BAD 361342228909
BAD 361342228913
BAD 361342474957
BAD 361342870247
BAD 361342870249
BAD 361342870253
BAD 361342870261
BAD 361342870283
BAD 361326019363
BAD 361343028181
BAD 361579302673
BAD 361579302677
BAD 361579302713
BAD 361579302757
BAD 361326499691
BAD 361326499693
BAD 361580303473
BAD 361580303477
BAD 361344568987
BAD 361344683743
BAD 361344836029
BAD 361344836033
BAD 361581258559
BAD 361581758423
BAD 361581758431
BAD 361582071143
BAD 361328687683
BAD 361346504693
BAD 361584213709
BAD 361584312499
BAD 361331012083
BAD 361331012093
BAD 361331259691
BAD 361585362889
BAD 361586722411
BAD 361586751269
BAD 361586751271
BAD 361333533601
BAD 361333685213
BAD 361333685227
BAD 361334144851
BAD 361334570503
BAD 361588572997
BAD 361588573001
BAD 361588573009
BAD 361335833149
BAD 361335833161
BAD 361335833167
BAD 361335833171
BAD 361352210599
BAD 361352210603
BAD 361352743471
BAD 361356519967
BAD 361338423379
BAD 361338568781
BAD 361338568783
BAD 361339948303
BAD 361340908681
BAD 361341711463
BAD 361291995739
BAD 361291995751
BAD 361292040299
BAD 361292040301
BAD 361292350063
BAD 361292605637
BAD 361293082547
BAD 361294914907
BAD 361294914913
BAD 361294914931
BAD 361377094831
BAD 361377094849
BAD 361377094853
BAD 361295921543
BAD 361295921551
BAD 361296873341
BAD 361296938153
BAD 361296938183
BAD 361297210433
BAD 361297210459
BAD 361360920203
BAD 361379460961
BAD 361379754031
BAD 361361891987
BAD 361380305753
BAD 361309441487
BAD 361380940969
BAD 361299537853
BAD 361381089389
BAD 361309984597
BAD 361309984621
BAD 361309984627
BAD 361299660443
BAD 361381399121
BAD 361381399123
BAD 361381399139
BAD 361300078729
BAD 361300078739
BAD 361300130839
BAD 361300130879
BAD 361300130881
BAD 361363471439
BAD 361494478087
BAD 361494478091
BAD 361426796813
BAD 361301325089
BAD 361382936119
BAD 361427834959
BAD 361428267691
BAD 361496604047
BAD 361428330619
BAD 361496857937
BAD 361312449151
BAD 361312449161
BAD 361394876047
BAD 361394876053
BAD 361303664273
BAD 361384009717
BAD 361409697673
BAD 361429555273
BAD 361410186037
BAD 361410186043
BAD 361304791093
BAD 361304791097
BAD 361498684543
BAD 361498783309
BAD 361498783313
BAD 361396295503
BAD 361396295509
BAD 361385038771
BAD 361432980383
BAD 361305964843
BAD 361314826343
BAD 361305964853
BAD 361396747897
BAD 361501606751
BAD 361385038787
BAD 361412904163
BAD 361368437959
BAD 361385038789
BAD 361385038801
BAD 361501990193
BAD 361397336743
BAD 361369332067
BAD 361398254587
BAD 361398254597
BAD 361398254599
BAD 361307446693
BAD 361503200323
BAD 361307550629
BAD 361307550631
BAD 361307643049
BAD 361315916083
BAD 361398948451
BAD 361435637281
BAD 361308521773
BAD 361371852859
BAD 361400958409
BAD 361388449579
BAD 361417722623
BAD 361401925453
BAD 361373094029
BAD 361527119713
BAD 361317756143
BAD 361439967701
BAD 361506732233
BAD 361439967703
BAD 361317756161
BAD 361440551863
BAD 361544340413
BAD 361441054003
BAD 361319178349
BAD 361544908133
BAD 361545289849
BAD 361319796007
BAD 361545655169
BAD 361545753713
BAD 361528548323
BAD 361545802867
BAD 361545809509
BAD 361320526043
BAD 361320526057
BAD 361420609961
BAD 361392455821
BAD 361508837483
BAD 361421520043
BAD 361421520049
BAD 361547359933
BAD 361422140719
BAD 361509947371
BAD 361406826493
BAD 361548335243
BAD 361548335257
BAD 361548335371
BAD 361511550031
BAD 361511550181
BAD 361511796091
BAD 361548922013
BAD 361423351351
BAD 361423351357
BAD 361423646191
BAD 361459752263
BAD 361459752299
BAD 361459752301
BAD 361595099821
BAD 361595099843
BAD 361595099849
BAD 361595099851
BAD 361595265547
BAD 361595265553
BAD 361408585403
BAD 361323980071
BAD 361408928857
BAD 361408928861
BAD 361408928863
BAD 361409210419
BAD 361461040921
BAD 361461202261
BAD 361324888207
BAD 361515136919
BAD 361462140289
BAD 361515136921
BAD 361462140293
BAD 361551336557
BAD 361551342857
BAD 361597048559
BAD 361534349611
BAD 361516487573
BAD 361517030723
BAD 361464283847
BAD 361535734501
BAD 361518477781
BAD 361518551437
BAD 361518559667
BAD 361518559669
BAD 361518559673
BAD 361519249253
BAD 361561468861
BAD 361466413837
BAD 361599347051
BAD 361561859027
BAD 361520044043
BAD 361538269283
BAD 361538269291
BAD 361538269303
BAD 361538269307
BAD 361538269319
BAD 361520338279
BAD 361562524759
BAD 361554622411
BAD 361562602283
BAD 361539257137
BAD 361539257153
BAD 361522227623
BAD 361600707001
BAD 361600868809
BAD 361600868813
BAD 361600868819
BAD 361600868821
BAD 361522656799
BAD 361445211013
BAD 361445211037
BAD 361445211041
BAD 361556576663
BAD 361556576677
BAD 361523267533
BAD 361445822083
BAD 361470124759
BAD 361470124777
BAD 361470124781
BAD 361541955083
BAD 361470703183
BAD 361446757603
BAD 361524814661
BAD 361524814663
BAD 361558425383
BAD 361565300713
BAD 361565300729
BAD 361565300731
BAD 361479185611
BAD 361559409863
BAD 361559409881
BAD 361603522087
BAD 361479724129
BAD 361480037647
BAD 361473508499
BAD 361449655321
BAD 361449995167
BAD 361449995287
BAD 361605420863
BAD 361567051771
BAD 361567170203
BAD 361605647383
BAD 361481870053
BAD 361481870083
BAD 361475346773
BAD 361475422513
BAD 361450909847
BAD 361450909849
BAD 361606994347
BAD 361482409999
BAD 361483201669
BAD 361483201679
BAD 361571258021
BAD 361571258023
BAD 361571258029
BAD 361571258033
BAD 361483884919
BAD 361484402963
BAD 361453485409
BAD 361572184429
BAD 361453936483
BAD 361454172509
BAD 361454553241
BAD 361454553263
BAD 361485848419
BAD 361486142893
BAD 361573728053
BAD 361456026797
BAD 361456026803
BAD 361487151967
BAD 361487151973
BAD 361487151983
BAD 361489504171
BAD 361489504183
BAD 361489538383
BAD 361489795543
BAD 361459065703
BAD 361490145353
BAD 361490563043
BAD 361278606473
BAD 361278606551
BAD 361278606553
BAD 361280709773
BAD 361610869913
BAD 361611230597
BAD 361611230599
BAD 361616978197
BAD 361616978249
BAD 361617153829
BAD 361288488203
BAD 361618514071
BAD 361618514077
BAD 361618514107
BAD 361619938111
BAD 361622177563
BAD 361622523013
BAD 361622523019
BAD 361624194797
BAD 361625016463
BAD 361625025533
BAD 361625742083
BAD 361626050581
BAD 361626266017
BAD 361626266063
BAD 361627552931
BAD 361627552933
BAD 361627552943
BAD 361630252579
BAD 361632906799
BAD 361635773963
BAD 361638153313
BAD 361638153319
BAD 361638422183
BAD 361638422191
BAD 361640280017
BAD 361640280019
BAD 361640825873
BAD 361643648251
BAD 361645006313
BAD 361645976899
BAD 361645977001
BAD 361646263393
BAD 361651463813
BAD 361651672339
BAD 361653558919
BAD 361653558923
BAD 361654277953
BAD 361654346303
BAD 361656772567
BAD 361656772571
BAD 361656772573
BAD 361661617741
BAD 361664323249
BAD 361664323253
BAD 361666801063
BAD 361668117113
BAD 361668810427
BAD 361669141663
BAD 361671555151
BAD 361673193397
BAD 361674264577
BAD 361674479927
BAD 361674479941
BAD 361677502477
BAD 361678394887
BAD 361678757491
BAD 361681814821
BAD 361682252483
BAD 361682843153
BAD 361683217627
BAD 361812938063
BAD 361685419399
BAD 361685664181
BAD 361685664187
BAD 361685664217
BAD 361816130933
BAD 361686218303
BAD 361686365323
BAD 361686365371
BAD 361686365377
BAD 361686466159
BAD 361686466171
BAD 361964406203
BAD 361818345991
BAD 361965758933
BAD 361819669763
BAD 361819669769
BAD 361819669789
BAD 361980195029
BAD 361821177349
BAD 361981523389
BAD 361982264269
BAD 361822291307
BAD 361822291309
BAD 361822291319
BAD 361822291321
BAD 362014602373
BAD 361982967701
BAD 362014880771
BAD 362014944331
BAD 361823244239
BAD 361823378803
BAD 361823378809
BAD 362016109397
BAD 362016109423
BAD 361824620659
BAD 361824620701
BAD 361971865363
BAD 361986715693
BAD 361986715697
BAD 361689464063
BAD 361972175573
BAD 361972175581
BAD 361987175923
BAD 361826475193
BAD 361973645959
BAD 361973645963
BAD 361690986731
BAD 361690986733
BAD 361691009899
BAD 361988034607
BAD 361988034613
BAD 362018494111
BAD 361828185637
BAD 361693248949
BAD 361693381333
BAD 361693381337
BAD 362021293169
BAD 362021528963
BAD 362021724091
BAD 361694085317
BAD 361694085323
BAD 362021901139
BAD 361992853507
BAD 361979416613
BAD 361979416627
BAD 362022996763
BAD 361979607323
BAD 361979607349
BAD 361729303213
BAD 361729390129
BAD 361729390133
BAD 361882453217
BAD 361729452319
BAD 361729452323
BAD 361729581193
BAD 361729581197
BAD 362023669729
BAD 362024030131
BAD 362024473571
BAD 362024502611
BAD 362024502613
BAD 361730760841
BAD 362025077483
BAD 362025077489
BAD 361883739863
BAD 361883739869
BAD 361883739871
BAD 361995762113
BAD 361995762133
BAD 362025397891
BAD 361885626317
BAD 362027926303
BAD 361734386521
BAD 361734386527
BAD 361886170069
BAD 361886394451
BAD 361886394469
BAD 361713825379
BAD 362029641203
BAD 361736580571
BAD 361736600963
BAD 361736769943
BAD 361736769949
BAD 361714984313
BAD 361714984321
BAD 361715028511
BAD 361737370693
BAD 361737370703
BAD 361737514367
BAD 361715415133
BAD 361715415181
BAD 361738875143
BAD 361889617049
BAD 361889617051
BAD 361716583703
BAD 361739375203
BAD 361739375213
BAD 361739375219
BAD 361889838451
BAD 361890075301
BAD 361890075317
BAD 361890200281
BAD 361717164469
BAD 361741244797
BAD 361718601259
BAD 361742988799
BAD 361744479013
BAD 361893197443
BAD 361893197447
BAD 361701795517
BAD 361701795523
BAD 361701795547
BAD 361704672169
BAD 361704860833
BAD 361704860837
BAD 361704860843
BAD 361705728421
BAD 361705728427
BAD 361705728431
BAD 361705925359
BAD 361707628757
BAD 361707628759
BAD 361708330369
BAD 361709880157
BAD 361710731323
BAD 361711233293
BAD 361711233319
BAD 361930254937
BAD 361898272459
BAD 361930955669
BAD 361745513939
BAD 361930955671
BAD 361898272469
BAD 361795945613
BAD 361745513957
BAD 361898272471
BAD 361745513959
BAD 361931147153
BAD 361846877017
BAD 361796241517
BAD 361796241523
BAD 361899065641
BAD 361899065651
BAD 361847237359
BAD 361931583007
BAD 361847361053
BAD 361797259183
BAD 361847893307
BAD 361847893313
BAD 361932400523
BAD 361863387989
BAD 361798716781
BAD 361902534173
BAD 361850928391
BAD 361864947841
BAD 361851772301
BAD 361851772369
BAD 361996636769
BAD 361996636777
BAD 361800782293
BAD 361946495497
BAD 361764763337
BAD 361946495513
BAD 361870313149
BAD 361997656487
BAD 361908028219
BAD 361853196079
BAD 361751657417
BAD 361946495557
BAD 361936111643
BAD 361751657419
BAD 361751657429
BAD 361997724929
BAD 361997724931
BAD 361936398331
BAD 361997854781
BAD 361946763403
BAD 361946763427
BAD 361936610219
BAD 361936610221
BAD 361936621049
BAD 361936621051
BAD 361936806421
BAD 361765531811
BAD 361947356059
BAD 361947356063
BAD 361909508977
BAD 361802213473
BAD 361872759683
BAD 361802736941
BAD 361754653921
BAD 361856203573
BAD 361802915363
BAD 361755100027
BAD 361755100087
BAD 362000673557
BAD 361755569183
BAD 361755569191
BAD 362001181279
BAD 361769258911
BAD 361755983093
BAD 361769470639
BAD 361769470687
BAD 361769470691
BAD 362001682073
BAD 361859061607
BAD 361805064683
BAD 361805064727
BAD 361859256643
BAD 361859256653
BAD 361950927229
BAD 361951156871
BAD 361941263029
BAD 361805689327
BAD 361829848403
BAD 362003576899
BAD 362004023683
BAD 362004023687
BAD 361758734431
BAD 361830379693
BAD 361915200511
BAD 362005351363
BAD 361830379717
BAD 361943652467
BAD 361772012891
BAD 361772012893
BAD 361952986039
BAD 361760529421
BAD 361943767657
BAD 361807725151
BAD 361807846223
BAD 361953265733
BAD 361953384293
BAD 361953384301
BAD 361953384319
BAD 361953384323
BAD 361831185523
BAD 361953505733
BAD 361916854081
BAD 361809231761
BAD 361809475681
BAD 361809724559
BAD 361946013073
BAD 362008143961
BAD 361832717429
BAD 361779358081
BAD 361918630763
BAD 361954981051
BAD 362010278191
BAD 361919241643
BAD 362010594067
BAD 361834501537
BAD 361834501549
BAD 361776377233
BAD 361834834943
BAD 361781037283
BAD 361781037287
BAD 362012300269
BAD 362012427289
BAD 361777798289
BAD 361920734143
BAD 361836251771
BAD 361921320443
BAD 361783169273
BAD 361783169281
BAD 361783169287
BAD 361783169291
BAD 361783169443
BAD 361837292077
BAD 361837339433
BAD 361837339439
BAD 361837339441
BAD 361922312513
BAD 361922312519
BAD 361922312539
BAD 361923302683
BAD 361957605857
BAD 361957605859
BAD 361785301733
BAD 361839359003
BAD 361786386293
BAD 361786386301
BAD 361958509223
BAD 361787175863
BAD 361841153083
BAD 361842888163
BAD 361842888167
BAD 361842888307
BAD 361961677529
BAD 361961677531
BAD 361792410019
BAD 361962277921
BAD 361962634367
BAD 361793568053
BAD 362047728901
BAD 362048954467
BAD 362050904693
BAD 362065653617
BAD 362065653619
BAD 362065653623
BAD 362066441309
BAD 362033857883
BAD 362033857921
BAD 362069149601
BAD 362069201929
BAD 362069201939
BAD 362069201941
BAD 362035365661
BAD 362035365667
BAD 362055282959
BAD 362055282961
BAD 362036158123
BAD 362055613219
BAD 362036647457
BAD 362036647459
BAD 362036647463
BAD 362071077989
BAD 362071235767
BAD 362056259423
BAD 362056259437
BAD 362056259479
BAD 362037965491
BAD 362073552683
BAD 362073815693
BAD 362040078041
BAD 362074091773
BAD 362040256499
BAD 362076645979
BAD 362077590473
BAD 362045087953
BAD 362060157787
BAD 362060554523
BAD 362046077299
BAD 362046077303
BAD 362060843387
BAD 362060843393
BAD 362062955599
BAD 362063242441
BAD 362097653483
BAD 362097653531
BAD 362147649709
BAD 362098939177
BAD 362099716313
BAD 362100210539
BAD 362100210541
BAD 362100356221
BAD 362116072889
BAD 362116072891
BAD 362116072897
BAD 362117596369
BAD 362154530461
BAD 362118362519
BAD 362118362521
BAD 362120118691
BAD 362120384371
BAD 362121329443
BAD 362104444879
BAD 362104444883
BAD 362124037193
BAD 362105290711
BAD 362105290717
BAD 362106232823
BAD 362126571929
BAD 362126571931
BAD 362126839981
BAD 362126839993
BAD 362160994621
BAD 362163064561
BAD 362163064567
BAD 362107991747
BAD 362107991753
BAD 362107991759
BAD 362107991761
BAD 362111216611
BAD 362163600847
BAD 362163600853
BAD 362164029541
BAD 362164336489
BAD 362164336493
BAD 362165902963
BAD 362165906413
BAD 362165906419
BAD 362165906423
BAD 362165906429
BAD 362166259831
BAD 362166481879
BAD 362112873803
BAD 362113394239
BAD 362113394273
BAD 362169165353
BAD 362169587363
BAD 362169705871
BAD 362170543853
BAD 362170664941
BAD 362171080279
BAD 362171080283
BAD 362171080291
BAD 362172083899
BAD 362172300617
BAD 362172300619
BAD 362172353707
BAD 362172932423
BAD 362083971287
BAD 362083971289
BAD 362173579819
BAD 362175026131
BAD 362176828963
BAD 362176828969
BAD 362177961227
BAD 362178403861
BAD 362089485169
BAD 362178966811
BAD 362091415997
BAD 362091415999
BAD 362091968167
BAD 362091968191
BAD 362092930063
BAD 362093950763
BAD 362093950769
BAD 362094187009
BAD 362095213399
BAD 362095312783
BAD 362095611413
BAD 362097106453
BAD 362185157309
BAD 362189485069
BAD 362190150743
BAD 362192614549
BAD 362192614559
BAD 362196299827
BAD 362196299833
BAD 362197926379
BAD 362203532113
BAD 362208627023
BAD 362209501523
BAD 362210505229
BAD 362210505233
BAD 362215048417
BAD 362215318819
BAD 362215318823
BAD 362215329781
BAD 362266520393
BAD 362266520401
BAD 362266570747
BAD 362216976749
BAD 362268693739
BAD 362268693751
BAD 362268778919
BAD 362218069729
BAD 362269580161
BAD 362270366561
BAD 362271050347
BAD 362221054583
BAD 362272126859
BAD 362272126861
BAD 362274698603
BAD 362275361351
BAD 362275589471
BAD 362275589477
BAD 362275589479
BAD 362275589483
BAD 362276788481
BAD 362276788483
BAD 362276788487
BAD 362278222531
BAD 362279182129
BAD 362279306173
BAD 362279616553
BAD 362382490123
BAD 362382490133
BAD 362382490159
BAD 362382490163
BAD 362279995537
BAD 362385042731
BAD 362299426823
BAD 362399933369
BAD 362302325741
BAD 362302325743
BAD 362302325747
BAD 362391501239
BAD 362303770363
BAD 362401194061
BAD 362401434271
BAD 362392630727
BAD 362283995483
BAD 362402240881
BAD 362402308523
BAD 362402396149
BAD 362284509289
BAD 362402611013
BAD 362233012313
BAD 362233410001
BAD 362285784533
BAD 362285861723
BAD 362405176513
BAD 362308822921
BAD 362235363601
BAD 362235654799
BAD 362287438523
BAD 362236077451
BAD 362236077457
BAD 362407218787
BAD 362407218799
BAD 362407477219
BAD 362407573279
BAD 362290528531
BAD 362349198709
BAD 362349198713
BAD 362238434153
BAD 362238434191
BAD 362350108231
BAD 362292486323
BAD 362350425211
BAD 362316131431
BAD 362333050159
BAD 362418183643
BAD 362418183649
BAD 362239301617
BAD 362239380691
BAD 362418583913
BAD 362351327161
BAD 362315074747
BAD 362315122133
BAD 362411569511
BAD 362351748959
BAD 362351748961
BAD 362351748973
BAD 362411662279
BAD 362411662609
BAD 362411662619
BAD 362411662621
BAD 362419476421
BAD 362351861873
BAD 362295743743
BAD 362412425729
BAD 362412425731
BAD 362296498703
BAD 362420477663
BAD 362296701973
BAD 362296701979
BAD 362296701989
BAD 362353449151
BAD 362353743659
BAD 362296888879
BAD 362337041219
BAD 362337041221
BAD 362242153883
BAD 362421638771
BAD 362421638773
BAD 362338225057
BAD 362338225147
BAD 362422671311
BAD 362414717417
BAD 362414717419
BAD 362355577973
BAD 362423244683
BAD 362423244691
BAD 362244330971
BAD 362244330997
BAD 362244331133
BAD 362244895291
BAD 362244895297
BAD 362424171143
BAD 362424171149
BAD 362434714711
BAD 362434714787
BAD 362434714793
BAD 362434714799
BAD 362245319729
BAD 362245319731
BAD 362340199553
BAD 362435066783
BAD 362340434923
BAD 362435366017
BAD 362424989657
BAD 362424989659
BAD 362357769001
BAD 362322036287
BAD 362322036289
BAD 362368204129
BAD 362247628973
BAD 362439277523
BAD 362323908967
BAD 362371461391
BAD 362343818363
BAD 362428656133
BAD 362343818371
BAD 362323909019
BAD 362358476033
BAD 362323909021
BAD 362358660871
BAD 362372167891
BAD 362359331783
BAD 362345279581
BAD 362359596439
BAD 362359596451
BAD 362359642741
BAD 362440886477
BAD 362442167257
BAD 362361566527
BAD 362361566531
BAD 362361566533
BAD 362374945679
BAD 362327717677
BAD 362131241333
BAD 362328284683
BAD 362347344143
BAD 362328785551
BAD 362329030571
BAD 362329030573
BAD 362330232499
BAD 362444529493
BAD 362132820193
BAD 362365491427
BAD 362248614787
BAD 362331725281
BAD 362249963813
BAD 362250243293
BAD 362378951749
BAD 362379187399
BAD 362379187403
BAD 362135806321
BAD 362135806411
BAD 362379388237
BAD 362136158543
BAD 362379948871
BAD 362252293453
BAD 362252293457
BAD 362253090659
BAD 362253483173
BAD 362138247019
BAD 362138255671
BAD 362448661283
BAD 362382076621
BAD 362382076627
BAD 362254876037
BAD 362141518523
BAD 362141518553
BAD 362142077551
BAD 362257718671
BAD 362258556287
BAD 362145122881
BAD 362259761119
BAD 362261069363
BAD 362450791123
BAD 362450791133
BAD 362452775759
BAD 362452775761
BAD 362452966543
BAD 362452966591
BAD 362456770699
BAD 362456770703
BAD 362457260071
BAD 362460513139
BAD 362461125121
BAD 362461183013
BAD 362461810369
BAD 362461810387
BAD 362462570059
BAD 362462885909
BAD 362464238987
BAD 362464239031
BAD 362464239037
BAD 362465143223
BAD 362465884873
BAD 362469691043
BAD 362469921337
BAD 362471977033
BAD 362472422747
BAD 362472422749
BAD 362472610243
BAD 362474777003
BAD 362476393733
BAD 362478268909
BAD 362481741829
BAD 362482113923
BAD 362482262347
BAD 362484975379
BAD 362485718941
BAD 362487100403
BAD 362487100447
BAD 362487856729
BAD 362487856733
BAD 362487856747
BAD 362487856789
BAD 362487856793
BAD 362489141957
BAD 362489264989
BAD 362489282819
BAD 362489864201
BAD 362489864203
BAD 362536704811
BAD 362538614761
BAD 362491251631
BAD 362538948271
BAD 362492368669
BAD 362492368673
BAD 362540265193
BAD 362494624643
BAD 362495638559
BAD 362542144463
BAD 362543264101
BAD 362543264107
BAD 362545329511
BAD 362546106233
BAD 362546282899
BAD 362546768543
BAD 362497799687
BAD 362497799689
BAD 362497799693
BAD 362504625887
BAD 362504636629
BAD 362504636633
BAD 362504636639
BAD 362505116041
BAD 362505116047
BAD 362507671807
BAD 362508962483
BAD 362509262917
BAD 362510751931
BAD 362512707259
BAD 362512707301
BAD 362513421937
BAD 362516003033
BAD 362550552509
BAD 362553367783
BAD 362558186681
BAD 362558186689
BAD 362558186831
BAD 362558186833
BAD 362562540007
BAD 362563180127
BAD 362563180129
BAD 362563783369
BAD 362566377023
BAD 362521982371
BAD 362524471819
BAD 362524471823
BAD 362524894663
BAD 362529407731
BAD 362533194097
BAD 362585836373
BAD 362588584417
BAD 362588987083
BAD 362591004511
BAD 362591086523
BAD 362592641053
BAD 362592751463
BAD 362594881403
BAD 362595356491
BAD 362597133169
BAD 362597923747
BAD 362597923771
BAD 362599064689
BAD 362567181433
BAD 362569777849
BAD 362570209223
BAD 362574143557
BAD 362574143563
BAD 362577315917
BAD 362581171373
BAD 362581171387
BAD 362821037717
BAD 362821314091
BAD 362822702069
BAD 362822702071
BAD 362701300873
BAD 362824977553
BAD 362685118519
BAD 362685118573
BAD 362870139917
BAD 362703476479
BAD 362870264213
BAD 362704151759
BAD 362827681081
BAD 362827693121
BAD 362686792163
BAD 362705122009
BAD 362705122081
BAD 362874049721
BAD 362874049723
BAD 362829776539
BAD 362688778877
BAD 362688778897
BAD 362706252463
BAD 362830602559
BAD 362831361463
BAD 362831361467
BAD 362853319567
BAD 362853319571
BAD 362853319573
BAD 362853319651
BAD 362853681797
BAD 362832201107
BAD 362832201113
BAD 362691129293
BAD 362708677081
BAD 362708677091
BAD 362876732929
BAD 362878225921
BAD 362693093573
BAD 362693256623
BAD 362856778639
BAD 362856778643
BAD 362856778649
BAD 362856778651
BAD 362856778751
BAD 362878797979
BAD 362878797991
BAD 362835098291
BAD 362835098293
BAD 362857481797
BAD 362857481809
BAD 362857481813
BAD 362602120709
BAD 362602120711
BAD 362695410167
BAD 362695410169
BAD 362695410173
BAD 362634540589
BAD 362773751321
BAD 362773751411
BAD 362655557023
BAD 362859054967
BAD 362634846263
BAD 362634846271
BAD 362669332937
BAD 362669332997
BAD 362669332999
BAD 362634961583
BAD 362634961589
BAD 362656098929
BAD 362774335849
BAD 362774335883
BAD 362635464817
BAD 362860291613
BAD 362860318679
BAD 362883083099
BAD 362605683313
BAD 362605907371
BAD 362606782511
BAD 362606782513
BAD 362698790393
BAD 362607996937
BAD 362699800549
BAD 362659198073
BAD 362659198091
BAD 362659198093
BAD 362609025601
BAD 362700607987
BAD 362716750849
BAD 362716756487
BAD 362864099041
BAD 362674076341
BAD 362778693653
BAD 362864599723
BAD 362864599729
BAD 362864599733
BAD 362864814121
BAD 362717611591
BAD 362717611601
BAD 362717611603
BAD 362779447441
BAD 362865042647
BAD 362674831303
BAD 362674831307
BAD 362639851009
BAD 362610933653
BAD 362866181269
BAD 362866188337
BAD 362866188343
BAD 362866188367
BAD 362675785531
BAD 362867013451
BAD 362662238863
BAD 362641379071
BAD 362662434181
BAD 362662522309
BAD 362618112817
BAD 362676859253
BAD 362782351289
BAD 362782351291
BAD 362663078333
BAD 362782351313
BAD 362613110449
BAD 362664605299
BAD 362664804409
BAD 362664910483
BAD 362664958321
BAD 362784373639
BAD 362784373643
BAD 362784373649
BAD 362620836169
BAD 362620836181
BAD 362614322003
BAD 362614322017
BAD 362621219489
BAD 362644233377
BAD 362666008399
BAD 362666008403
BAD 362666008409
BAD 362614762513
BAD 362644458433
BAD 362644458443
BAD 362644554413
BAD 362680013539
BAD 362622558677
BAD 362623362217
BAD 362667323453
BAD 362623924217
BAD 362623924219
BAD 362646528703
BAD 362646528707
BAD 362625357067
BAD 362646528709
BAD 362838728981
BAD 362648153519
BAD 362648153521
BAD 362840308553
BAD 362840308559
BAD 362840308561
BAD 362840308577
BAD 362840308583
BAD 362753481697
BAD 362753877901
BAD 362734699253
BAD 362842011739
BAD 362842011751
BAD 362735738093
BAD 362736476449
BAD 362756175563
BAD 362756271751
BAD 362756271769
BAD 362843066237
BAD 362843066239
BAD 362756575501
BAD 362756575507
BAD 362632715873
BAD 362739169007
BAD 362739169033
BAD 362721617501
BAD 362758988203
BAD 362722366697
BAD 362722366703
BAD 362740419059
BAD 362740419061
BAD 362740514723
BAD 362740593253
BAD 362741831633
BAD 362723799247
BAD 362742184037
BAD 362742184039
BAD 362742213137
BAD 362742213139
BAD 362724441661
BAD 362804720731
BAD 362804720743
BAD 362763691981
BAD 362763692047
BAD 362763946879
BAD 362726110367
BAD 362726110403
BAD 362726473243
BAD 362850925643
BAD 362765882191
BAD 362765882221
BAD 362806646689
BAD 362806646693
BAD 362806646707
BAD 362746071661
BAD 362796281663
BAD 362796281723
BAD 362766729049
BAD 362796746597
BAD 362766729053
BAD 362747401469
BAD 362748160727
BAD 362748160729
BAD 362748160739
BAD 362748160741
BAD 362808673963
BAD 362798321029
BAD 362798321033
BAD 362729867573
BAD 362799321067
BAD 362809779931
BAD 362800472497
BAD 362810787991
BAD 362810914043
BAD 362800818739
BAD 362731750133
BAD 362732848427
BAD 362733073639
BAD 362733073643
BAD 362812739053
BAD 362815615859
BAD 362818089703
BAD 362887347643
BAD 362888133337
BAD 362889249799
BAD 362889662843
BAD 362890535467
BAD 362890535509
BAD 362893202333
BAD 362893221521
BAD 362895629927
BAD 362896779083
BAD 362897310337
BAD 362920652851
BAD 362898375923
BAD 362920895111
BAD 362920895123
BAD 362920895153
BAD 362920946761
BAD 362920946767
BAD 362900497321
BAD 362923263067
BAD 362901315877
BAD 362902186357
BAD 362927426539
BAD 362927675659
BAD 362929676189
BAD 362929676191
BAD 362934231637
BAD 362934231641
BAD 362934231643
BAD 362934249593
BAD 362934952363
BAD 362902503289
BAD 362907607739
BAD 362908090487
BAD 362910075271
BAD 362910075277
BAD 362910075293
BAD 362910081181
BAD 362910081187
BAD 362910654319
BAD 362911629239
BAD 362911799461
BAD 362936646047
BAD 362937029647
BAD 362937073879
BAD 362937073913
BAD 362937981787
BAD 362938743787
BAD 362940217279
BAD 362941228933
BAD 362941337581
BAD 362941337587
BAD 362914653877
BAD 362914954043
BAD 362914961527
BAD 362916885379
BAD 362917761083
BAD 362918055259
BAD 362918259773
BAD 362947619873
BAD 362948159671
BAD 362948159683
BAD 362948159713
BAD 362948224159
BAD 362948981851
BAD 362951398081
BAD 362972374579
BAD 362972969719
BAD 362973245059
BAD 362974868429
BAD 362976928687
BAD 362976928711
BAD 362985430553
BAD 362986008919
BAD 362986055101
BAD 362954242613
BAD 362956146181
BAD 362959633537
BAD 362960923043
BAD 362960923051
BAD 362963685647
BAD 362963685649
BAD 362964140579
BAD 362964140587
BAD 362964140603
BAD 362965755967
BAD 362966188309
BAD 362966188313
BAD 362966806333
BAD 362968434853
BAD 362968434901
BAD 362968434911
BAD 362969094283
BAD 363037227997
BAD 363037994087
BAD 363037994089
BAD 363039774833
BAD 363041023733
BAD 363041023783
BAD 363041023789
BAD 363042073237
BAD 363239486719
BAD 363239486723
BAD 363239749237
BAD 363239998871
BAD 363239998873
BAD 363239998883
BAD 363044635939
BAD 363045043253
BAD 363045043259
BAD 363045043261
BAD 363045043267
BAD 363045130463
BAD 363045130477
BAD 363241873133
BAD 363241873139
BAD 363243137129
BAD 363243495287
BAD 363243495289
BAD 363045801091
BAD 363046658573
BAD 363047156093
BAD 363248123089
BAD 363048015503
BAD 363048015509
BAD 363048015511
BAD 363252232703
BAD 363252331613
BAD 363253341911
BAD 363254422283
BAD 363049914257
BAD 363049914259
BAD 363019929359
BAD 363019929373
BAD 363052164151
BAD 363021463711
BAD 363022659707
BAD 363022659709
BAD 363009434743
BAD 363009683329
BAD 363025402561
BAD 363012711953
BAD 363029239757
BAD 363029434673
BAD 363014398237
BAD 363032426551
BAD 362987012681
BAD 362987381509
BAD 363018092057
BAD 363018248947
BAD 363034152829
BAD 363019269923
BAD 362990105341
BAD 363035605201
BAD 363019575461
BAD 362991827593
BAD 362992642487
BAD 362992642489
BAD 362994516359
BAD 362994516361
BAD 362995094827
BAD 362995094831
BAD 362995094849
BAD 362995094851
BAD 362995094857
BAD 362995853953
BAD 362996166443
BAD 362998527271
BAD 362998527277
BAD 363000673771
BAD 363001628923
BAD 363204722227
BAD 363204722233
BAD 363204722263
BAD 363204722267
BAD 363204722269
BAD 363204722291
BAD 363088812773
BAD 363088812787
BAD 363088812791
BAD 363089674489
BAD 363090205507
BAD 363090205519
BAD 363090205531
BAD 363090234823
BAD 363188022601
BAD 363091676581
BAD 363208448929
BAD 363271883717
BAD 363271883719
BAD 363222317573
BAD 363190719263
BAD 363272824793
BAD 363272824801
BAD 363272824807
BAD 363272824813
BAD 363272824819
BAD 363272824823
BAD 363222885793
BAD 363210014723
BAD 363191377099
BAD 363191747629
BAD 363274263707
BAD 363224217833
BAD 363224217883
BAD 363211183897
BAD 363138531163
BAD 363121368251
BAD 363193775341
BAD 363193838807
BAD 363193838809
BAD 363139581199
BAD 363194034803
BAD 363212081233
BAD 363122481991
BAD 363122958691
BAD 363122958733
BAD 363122958763
BAD 363123185129
BAD 363123185149
BAD 363123425563
BAD 363141320117
BAD 363278987803
BAD 363278987807
BAD 363214622707
BAD 363124715563
BAD 363099651743
BAD 363229364899
BAD 363229364903
BAD 363099856331
BAD 363215209733
BAD 363196787917
BAD 363215435987
BAD 363215436019
BAD 363125889967
BAD 363125889983
BAD 363280427711
BAD 363197827177
BAD 363197827183
BAD 363197827189
BAD 363197827193
BAD 363198563969
BAD 363198700061
BAD 363198700063
BAD 363216689041
BAD 363102286913
BAD 363054527959
BAD 363200420861
BAD 363070709761
BAD 363171583513
BAD 363145253777
BAD 363054527963
BAD 363102611161
BAD 363282330613
BAD 363054528013
BAD 363232641623
BAD 363128612701
BAD 363128612723
BAD 363102863681
BAD 363103135081
BAD 363129360211
BAD 363201106417
BAD 363201106421
BAD 363201106423
BAD 363201106427
BAD 363172334183
BAD 363201293417
BAD 363201293419
BAD 363071395403
BAD 363217816891
BAD 363283371449
BAD 363233832397
BAD 363233832407
BAD 363055973689
BAD 363146702761
BAD 363284393611
BAD 363146784701
BAD 363218841599
BAD 363154311853
BAD 363131064077
BAD 363056897713
BAD 363173593009
BAD 363285825131
BAD 363202534637
BAD 363073827691
BAD 363146784703
BAD 363173593019
BAD 363235730329
BAD 363173593021
BAD 363202628197
BAD 363146911123
BAD 363146911147
BAD 363146911181
BAD 363057320183
BAD 363131776201
BAD 363287332099
BAD 363155787809
BAD 363155787811
BAD 363058409201
BAD 363288268663
BAD 363156695063
BAD 363176318207
BAD 363176318209
BAD 363176318213
BAD 363076525921
BAD 363133702471
BAD 363177809243
BAD 363061178033
BAD 363151594373
BAD 363152289833
BAD 363152434669
BAD 363152434681
BAD 363078836083
BAD 363159751373
BAD 363159751379
BAD 363063622619
BAD 363064457491
BAD 363161196337
BAD 363161196347
BAD 363107320073
BAD 363180655931
BAD 363180655933
BAD 363081290393
BAD 363081408901
BAD 363181277839
BAD 363258075941
BAD 363258075949
BAD 363066539057
BAD 363163169381
BAD 363163169387
BAD 363163169389
BAD 363163169393
BAD 363163169461
BAD 363163409803
BAD 363182740187
BAD 363067201711
BAD 363110105359
BAD 363183947449
BAD 363164629489
BAD 363110857609
BAD 363164819117
BAD 363164819119
BAD 363111034441
BAD 363111164593
BAD 363165211999
BAD 363111349919
BAD 363111602479
BAD 363111633557
BAD 363086582863
BAD 363086582899
BAD 363086582917
BAD 363261830447
BAD 363261830461
BAD 363262177609
BAD 363262617059
BAD 363166789333
BAD 363186669667
BAD 363187061143
BAD 363263768867
BAD 363187354711
BAD 363114250027
BAD 363168288319
BAD 363168288337
BAD 363115271089
BAD 363168883537
BAD 363168883541
BAD 363115680947
BAD 363288986807
BAD 363115681069
BAD 363288986813
BAD 363266544601
BAD 363291441229
BAD 363118101013
BAD 363269141497
BAD 363292566193
BAD 363119425423
BAD 363119425429
BAD 363119425561
BAD 363270506663
BAD 363294455429
BAD 363304176461
BAD 363304772071
BAD 363304839473
BAD 363305026607
BAD 363305958419
BAD 363307930079
BAD 363307930081
BAD 363309079901
BAD 363309300437
BAD 363309300439
BAD 363309399823
BAD 363311841847
BAD 363313598443
BAD 363313598447
BAD 363313598449
BAD 363315559933
BAD 363316742653
BAD 363321174599
BAD 363321365713
BAD 363321365723
BAD 363356184979
BAD 363361602481
BAD 363362274113
BAD 363362274133
BAD 363363018133
BAD 363367758583
BAD 363371858503
BAD 363371858513
BAD 363338696603
BAD 363340019773
BAD 363340252909
BAD 363345250453
BAD 363347629369
BAD 363348193471
BAD 363350712577
BAD 363350712581
BAD 363350712583
BAD 363350712589
BAD 363353749579
BAD 363354354613
BAD 363321906529
BAD 363322306213
BAD 363322306229
BAD 363322306231
BAD 363323316793
BAD 363325147231
BAD 363325531193
BAD 363328394713
BAD 363330739201
BAD 363333401003
BAD 363333401009
BAD 363333438499
BAD 363333654259
BAD 363333654263
BAD 363334841413
BAD 363372424903
BAD 363372857149
BAD 363372857153
BAD 363373098107
BAD 363373098113
BAD 363373832057
BAD 363378190013
BAD 363378190039
BAD 363381084149
BAD 363381084151
BAD 363383078603
BAD 363383078609
BAD 363386042339
BAD 363387087461
BAD 363387851263
BAD 363388159271
BAD 363691367401
BAD 363692389943
BAD 363693099199
BAD 363693526447
BAD 363694796687
BAD 363695447083
BAD 363695949377
BAD 363642257333
BAD 363642576919
BAD 363643168201
BAD 363457352059
BAD 363457755301
BAD 363697997731
BAD 363700076107
BAD 363700076123
BAD 363700365299
BAD 363613683841
BAD 363613683847
BAD 363613683887
BAD 363613683889
BAD 363709415689
BAD 363701185741
BAD 363461407339
BAD 363461407343
BAD 363461407349
BAD 363701704309
BAD 363701704313
BAD 363701704319
BAD 363701704321
BAD 363616266487
BAD 363616355989
BAD 363648678593
BAD 363648678607
BAD 363648686099
BAD 363648686101
BAD 363702574643
BAD 363702574667
BAD 363702608153
BAD 363702608209
BAD 363711703681
BAD 363711703687
BAD 363649890181
BAD 363617422813
BAD 363651243469
BAD 363591666311
BAD 363591666313
BAD 363591666323
BAD 363591666331
BAD 363591668369
BAD 363591668371
BAD 363465482399
BAD 363465482461
BAD 363465482467
BAD 363705754759
BAD 363620018719
BAD 363653053013
BAD 363653053147
BAD 363715940723
BAD 363467876509
BAD 363593334851
BAD 363653900237
BAD 363654335761
BAD 363468817667
BAD 363468817669
BAD 363655598321
BAD 363655598323
BAD 363655598329
BAD 363656688397
BAD 363470249783
BAD 363470918693
BAD 363596990431
BAD 363471375413
BAD 363471429257
BAD 363471429259
BAD 363471429263
BAD 363720343339
BAD 363472413203
BAD 363721370569
BAD 363721545001
BAD 363721545007
BAD 363721614107
BAD 363723026311
BAD 363723026321
BAD 363723026323
BAD 363723268453
BAD 363408417233
BAD 363723358619
BAD 363723358627
BAD 363408489449
BAD 363723650573
BAD 363601006309
BAD 363602043403
BAD 363602081239
BAD 363410370361
BAD 363410587123
BAD 363410862613
BAD 363411757909
BAD 363605089327
BAD 363411941803
BAD 363389998193
BAD 363413123023
BAD 363413416867
BAD 363391165021
BAD 363392462149
BAD 363414538453
BAD 363393031459
BAD 363415024627
BAD 363415842289
BAD 363418325623
BAD 363397508717
BAD 363397508723
BAD 363398452771
BAD 363398763997
BAD 363399005213
BAD 363399005219
BAD 363399005257
BAD 363399005261
BAD 363421651343
BAD 363421651357
BAD 363421732673
BAD 363421732679
BAD 363400731143
BAD 363400731181
BAD 363400731233
BAD 363400731241
BAD 363401204527
BAD 363423755213
BAD 363423851017
BAD 363439561853
BAD 363439561861
BAD 363405607403
BAD 363440053771
BAD 363440462797
BAD 363440462977
BAD 363440855423
BAD 363441111991
BAD 363425962409
BAD 363426030007
BAD 363427203047
BAD 363443515213
BAD 363443515231
BAD 363443515283
BAD 363443515289
BAD 363443515291
BAD 363429280831
BAD 363444287081
BAD 363444287083
BAD 363444287093
BAD 363444287099
BAD 363429615979
BAD 363434737163
BAD 363435144227
BAD 363435144229
BAD 363676771613
BAD 363451057159
BAD 363451057163
BAD 363451442671
BAD 363453392363
BAD 363437413831
BAD 363437413837
BAD 363453477859
BAD 363562646483
BAD 363438565439
BAD 363439328293
BAD 363625238833
BAD 363506708867
BAD 363506708869
BAD 363564853063
BAD 363542920633
BAD 363542920639
BAD 363683025337
BAD 363683248757
BAD 363683248759
BAD 363543556813
BAD 363543886883
BAD 363628062487
BAD 363628249997
BAD 363544313609
BAD 363544313611
BAD 363525448723
BAD 363567164047
BAD 363567164063
BAD 363629155303
BAD 363629155313
BAD 363629229331
BAD 363508664749
BAD 363685302857
BAD 363574180303
BAD 363567651173
BAD 363510320753
BAD 363528444289
BAD 363510320759
BAD 363567651179
BAD 363546798463
BAD 363630017239
BAD 363630174751
BAD 363568044589
BAD 363686256523
BAD 363631150979
BAD 363511822153
BAD 363549800459
BAD 363549800461
BAD 363570852587
BAD 363578036329
BAD 363578036333
BAD 363578036351
BAD 363633653599
BAD 363578366743
BAD 363689359219
BAD 363514200767
BAD 363514200769
BAD 363579005107
BAD 363514829143
BAD 363690245719
BAD 363551706031
BAD 363635670703
BAD 363636131569
BAD 363553864189
BAD 363534226543
BAD 363517608331
BAD 363581607721
BAD 363518077651
BAD 363582089837
BAD 363582089839
BAD 363582131953
BAD 363582131971
BAD 363518154157
BAD 363555857689
BAD 363556193393
BAD 363556193401
BAD 363535709363
BAD 363582922009
BAD 363518734223
BAD 363518734253
BAD 363518951233
BAD 363518951249
BAD 363518951251
BAD 363489782023
BAD 363489859519
BAD 363583879433
BAD 363583882483
BAD 363536720977
BAD 363520141163
BAD 363584835409
BAD 363584835413
BAD 363584943823
BAD 363492200719
BAD 363492200749
BAD 363586378333
BAD 363538828553
BAD 363587383307
BAD 363587383309
BAD 363587659459
BAD 363539525443
BAD 363539525449
BAD 363494170103
BAD 363588763283
BAD 363588763301
BAD 363588763303
BAD 363588763309
BAD 363588763313
BAD 363494900191
BAD 363657554657
BAD 363657948853
BAD 363658232437
BAD 363495636353
BAD 363658841347
BAD 363658841353
BAD 363658841393
BAD 363658935049
BAD 363658935053
BAD 363658935067
BAD 363658935083
BAD 363496389463
BAD 363475401769
BAD 363475708627
BAD 363475828013
BAD 363661375879
BAD 363476629193
BAD 363498956221
BAD 363476629253
BAD 363476954707
BAD 363724913483
BAD 363477172879
BAD 363499529741
BAD 363499833713
BAD 363499833733
BAD 363500997173
BAD 363478925401
BAD 363663367943
BAD 363727092023
BAD 363727092041
BAD 363727397347
BAD 363665204479
BAD 363728531171
BAD 363503769481
BAD 363503769487
BAD 363503769493
BAD 363665842549
BAD 363729438953
BAD 363666271127
BAD 363504333463
BAD 363482523829
BAD 363506126617
BAD 363732050963
BAD 363732050971
BAD 363484788827
BAD 363484788829
BAD 363485372683
BAD 363485776163
BAD 363485776169
BAD 363485785393
BAD 363485785417
BAD 363485785433
BAD 363485785441
BAD 363733922779
BAD 363486863273
BAD 363487260053
BAD 363487800037
BAD 363735396811
BAD 363672777739
BAD 363672969323
BAD 363672969329
BAD 363673902643
BAD 363673902649
BAD 363737697377
BAD 363737697383
BAD 363742575743
BAD 363744638041
BAD 363745760783
BAD 363746018521
BAD 363748723109
BAD 363748723111
BAD 363750253043
BAD 363752236249
BAD 363752236259
BAD 363752236261
BAD 363776707351
BAD 363756430273
BAD 363757013143
BAD 363779652739
BAD 363783349819
BAD 363783349823
BAD 363785250331
BAD 363786843919
BAD 363789003007
BAD 363790101613
BAD 363790101667
BAD 363790101671
BAD 363758263189
BAD 363759357053
BAD 363759707629
BAD 363761309969
BAD 363761309971
BAD 363762371263
BAD 363763233049
BAD 363764737351
BAD 363765170189
BAD 363765170191
BAD 363765533603
BAD 363765533609
BAD 363770020387
BAD 363770762207
BAD 363770762209
BAD 363875582009
BAD 363809012341
BAD 363810004603
BAD 363810682051
BAD 363825565163
BAD 363810682063
BAD 363812322857
BAD 363812322859
BAD 363812351143
BAD 363827543819
BAD 363830377303
BAD 363877640323
BAD 363877640327
BAD 363878804801
BAD 363878804803
BAD 363831932153
BAD 363832849649
BAD 363832849651
BAD 363833767733
BAD 363834598811
BAD 363834896119
BAD 363834896123
BAD 363816113629
BAD 363837457163
BAD 363837457201
BAD 363837681631
BAD 363818610653
BAD 363839054963
BAD 363839520007
BAD 363883563611
BAD 363883563613
BAD 363884515063
BAD 363886954369
BAD 363886954399
BAD 363887250599
BAD 363887258957
BAD 363888820793
BAD 363890045111
BAD 363890045117
BAD 363890045119
BAD 363843835151
BAD 363843835153
BAD 363844158493
BAD 363844158499
BAD 364127269427
BAD 364128172427
BAD 363892040443
BAD 363892040453
BAD 363845904193
BAD 363846512411
BAD 363846512413
BAD 363846512431
BAD 363846512437
BAD 363846512453
BAD 363846512483
BAD 363846512489
BAD 363846512507
BAD 364129398151
BAD 364129398161
BAD 364129398163
BAD 363847272829
BAD 364130096027
BAD 363823670761
BAD 364130645111
BAD 363848203049
BAD 364130645113
BAD 363848203051
BAD 363848203057
BAD 363824312197
BAD 364130851397
BAD 363848797621
BAD 363848797639
BAD 363848797649
BAD 364131416191
BAD 363849301327
BAD 363852153523
BAD 364134756703
BAD 364135164233
BAD 364135364093
BAD 364095561811
BAD 364137535691
BAD 364137535693
BAD 363855314239
BAD 364098095033
BAD 364138685587
BAD 364138685591
BAD 364138685593
BAD 364099759157
BAD 364099759159
BAD 364100081141
BAD 364100081143
BAD 364100081581
BAD 364142155093
BAD 364142155133
BAD 364101925417
BAD 364106532409
BAD 364106532421
BAD 364043323597
BAD 364043665943
BAD 364044648841
BAD 364048931461
BAD 364049245793
BAD 364049245831
BAD 364049245841
BAD 364049245843
BAD 364049245849
BAD 364049245853
BAD 364049271769
BAD 364050167029
BAD 364052835053
BAD 364053714889
BAD 364054121111
BAD 364054121113
BAD 364026992873
BAD 364055772937
BAD 364027620533
BAD 364056193559
BAD 364056193561
BAD 364056309007
BAD 364057581763
BAD 364058464747
BAD 364058530621
BAD 364032872303
BAD 364036669103
BAD 364036669111
BAD 363929841997
BAD 363929842021
BAD 364037495153
BAD 364037495257
BAD 364039161691
BAD 364040101627
BAD 364040534791
BAD 363932834033
BAD 364042919113
BAD 364081717949
BAD 363935668507
BAD 363994878833
BAD 363935896483
BAD 363792621139
BAD 363936302711
BAD 363936302713
BAD 363936734251
BAD 363859987319
BAD 363859987349
BAD 363937877003
BAD 364084487791
BAD 364084487813
BAD 364084487839
BAD 363860869517
BAD 364085068759
BAD 363861274393
BAD 363861274397
BAD 363861274411
BAD 364085250731
BAD 364085250733
BAD 363795246077
BAD 363864297631
BAD 363999394487
BAD 364085250743
BAD 363864297637
BAD 363999394489
BAD 363795246079
BAD 363795327541
BAD 363795327547
BAD 363795327551
BAD 363942958579
BAD 363942958591
BAD 363942958601
BAD 363796091143
BAD 363796167739
BAD 363944442629
BAD 363944784211
BAD 364086543319
BAD 364086543323
BAD 364086543329
BAD 364002818261
BAD 364086988129
BAD 363912475243
BAD 364087958161
BAD 363939598219
BAD 363939598223
BAD 363939725791
BAD 364004547191
BAD 364004547271
BAD 363868456921
BAD 363939978397
BAD 364005092939
BAD 363868747111
BAD 363868747117
BAD 363893926657
BAD 363893926661
BAD 363893926681
BAD 363868869913
BAD 363948341299
BAD 363948471811
BAD 363799822381
BAD 363799822459
BAD 363869095573
BAD 363948667373
BAD 363948667387
BAD 363948667391
BAD 363948667393
BAD 364005888229
BAD 364005888269
BAD 364005888271
BAD 363869190383
BAD 363977169463
BAD 363977422121
BAD 363977422129
BAD 364006856803
BAD 363941229823
BAD 363870183601
BAD 363870183613
BAD 363950310049
BAD 363801881153
BAD 363872687221
BAD 364091769809
BAD 364060810469
BAD 363801881171
BAD 363897316733
BAD 363801881173
BAD 363917092397
BAD 363978648203
BAD 363872687239
BAD 364060810471
BAD 364091769817
BAD 363917092403
BAD 363917092411
BAD 363917092423
BAD 363917092433
BAD 363917135221
BAD 363951265109
BAD 363872785753
BAD 363898007051
BAD 363898007069
BAD 363898007071
BAD 364092679829
BAD 364092679831
BAD 364092911353
BAD 364092911359
BAD 363979504561
BAD 364008801749
BAD 364008801757
BAD 364062539693
BAD 364009215151
BAD 363803657957
BAD 364062892189
BAD 363919036189
BAD 363953393863
BAD 363803750111
BAD 363803750113
BAD 363803750131
BAD 363803750137
BAD 363960078583
BAD 363804085913
BAD 363804085921
BAD 363980847179
BAD 363901205137
BAD 364015242113
BAD 363901220237
BAD 363960703661
BAD 363804475823
BAD 363804475831
BAD 364064199691
BAD 363902095367
BAD 363902095369
BAD 363902095373
BAD 363955499827
BAD 363805139279
BAD 363805139281
BAD 364016421113
BAD 364016421127
BAD 364064633029
BAD 364064685043
BAD 364016796061
BAD 364016796067
BAD 364016796071
BAD 363921050629
BAD 363982505233
BAD 364111291163
BAD 363982542101
BAD 363982542103
BAD 363982542151
BAD 363962237929
BAD 363903652843
BAD 364017724997
BAD 364017724999
BAD 364017725011
BAD 364017753007
BAD 363921904921
BAD 364066112173
BAD 363983753873
BAD 363983871883
BAD 363983871959
BAD 363983871961
BAD 363983871989
BAD 363983871991
BAD 364018661459
BAD 363963271759
BAD 364112972723
BAD 364112972731
BAD 363905304593
BAD 363905304599
BAD 363905304601
BAD 363808153099
BAD 363959184871
BAD 363808153103
BAD 363964042031
BAD 363959184881
BAD 363808153133
BAD 363924026341
BAD 363964042049
BAD 363924026387
BAD 363964042051
BAD 364068137443
BAD 363985396057
BAD 363985516441
BAD 363964305079
BAD 363964305097
BAD 363964305101
BAD 363964305109
BAD 363964305113
BAD 364020254503
BAD 363964355893
BAD 363985852303
BAD 363985852369
BAD 363985852471
BAD 363964678867
BAD 363964758823
BAD 363906639157
BAD 363906639169
BAD 364115284607
BAD 364115284609
BAD 364115735371
BAD 364115735383
BAD 364070162641
BAD 364070171693
BAD 364022480477
BAD 363965706679
BAD 363965706683
BAD 364070841919
BAD 363908138941
BAD 364116527779
BAD 364023686381
BAD 363966701869
BAD 363966701873
BAD 363967018463
BAD 363967018469
BAD 364118762587
BAD 364118762591
BAD 364118860463
BAD 364026042337
BAD 363968923429
BAD 363968980027
BAD 363968980043
BAD 363969064961
BAD 363992037853
BAD 363992037869
BAD 364120682609
BAD 364120925809
BAD 363992960173
BAD 364076612209
BAD 364076612213
BAD 364121255947
BAD 364121781229
BAD 364122535561
BAD 363973583899
BAD 363973583903
BAD 364123073317
BAD 364124826119
BAD 364145339659
BAD 364161125417
BAD 364161125431
BAD 364147604371
BAD 364147722109
BAD 364148112847
BAD 364164247319
BAD 364150478473
BAD 364150662361
BAD 364151220581
BAD 364151220583
BAD 364153634717
BAD 364154425279
BAD 364154825719
BAD 364154825761
BAD 364170870983
BAD 364170870991
BAD 364157352079
BAD 364158116941
BAD 364158116947
BAD 364158176923
BAD 364158424009
BAD 364158424013
BAD 364159208159
BAD 364159208167
BAD 364159454117
BAD 364159454119
BAD 364174834369
BAD 364174834459
BAD 364177186591
BAD 364178045857
BAD 364180776859
BAD 364183401031
BAD 364183513261
BAD 364184727173
BAD 364186696849
BAD 364188181039
BAD 364189552897
BAD 364244767363
BAD 364244767387
BAD 364245123989
BAD 364245505801
BAD 364194900373
BAD 364194900499
BAD 364194900533
BAD 364246348399
BAD 364196135783
BAD 364196346443
BAD 364196346473
BAD 364261782827
BAD 364199422553
BAD 364199422579
BAD 364199422583
BAD 364263125423
BAD 364199794393
BAD 364199794397
BAD 364199794403
BAD 364263582811
BAD 364263778913
BAD 364263778919
BAD 364200280597
BAD 364200280601
BAD 364200280603
BAD 364200280621
BAD 364200570809
BAD 364265417809
BAD 364201738801
BAD 364254010763
BAD 364254778333
BAD 364267180331
BAD 364255529311
BAD 364257146821
BAD 364269214373
BAD 364270393699
BAD 364270600051
BAD 364272135131
BAD 364272135133
BAD 364204150033
BAD 364260431551
BAD 364205356741
BAD 364274518277
BAD 364274694001
BAD 364274933227
BAD 364274933261
BAD 364274933263
BAD 364206997751
BAD 364206997753
BAD 364207843949
BAD 364210221877
BAD 364275366929
BAD 364275530893
BAD 364279215031
BAD 364279215037
BAD 364279215049
BAD 364279906853
BAD 364281668629
BAD 364283247137
BAD 364283247143
BAD 364284088913
BAD 364285096033
BAD 364285096039
BAD 364229628907
BAD 364230182917
BAD 364230626701
BAD 364230834523
BAD 364230834563
BAD 364230834577
BAD 364230834599
BAD 364230834601
BAD 364230978499
BAD 364231501987
BAD 364231637929
BAD 364290047509
BAD 364231816943
BAD 364233089659
BAD 364291964623
BAD 364234820239
BAD 364235026009
BAD 364236031241
BAD 364236284219
BAD 364236284221
BAD 364238084489
BAD 364238084491
BAD 364239164239
BAD 364239164243
BAD 364239164257
BAD 364239609743
BAD 364241975633
BAD 364243954103
BAD 364244490683
BAD 364244490689
BAD 364328721313
BAD 364328721343
BAD 364330715731
BAD 364334094127
BAD 364334094337
BAD 364334692621
BAD 364335259979
BAD 364337512951
BAD 364337556263
BAD 364339049059
BAD 364343691553
BAD 364344841951
BAD 364379280079
BAD 364381624813
BAD 364381624829
BAD 364383707717
BAD 364383707719
BAD 364212580103
BAD 364213358141
BAD 364213358143
BAD 364215037883
BAD 364388076643
BAD 364216469543
BAD 364216469557
BAD 364216631797
BAD 364216631819
BAD 364216631827
BAD 364218633323
BAD 364390199993
BAD 364219273163
BAD 364219273181
BAD 364219273183
BAD 364220677369
BAD 364220677399
BAD 364221698443
BAD 364392916717
BAD 364223096137
BAD 364223096143
BAD 364223691499
BAD 364312766183
BAD 364365398101
BAD 364365398107
BAD 364365398119
BAD 364312819571
BAD 364312819573
BAD 364365471803
BAD 364225872277
BAD 364225872281
BAD 364366228087
BAD 364314205393
BAD 364314205399
BAD 364295430151
BAD 364295430157
BAD 364368185749
BAD 364296854287
BAD 364369033891
BAD 364317248333
BAD 364317634567
BAD 364369921313
BAD 364369921319
BAD 364369921327
BAD 364298253601
BAD 364298253607
BAD 364318739977
BAD 364413711401
BAD 364414229563
BAD 364414634183
BAD 364372167043
BAD 364372173479
BAD 364372173481
BAD 364322446307
BAD 364322446309
BAD 364322446321
BAD 364322446357
BAD 364302529967
BAD 364372874531
BAD 364323857501
BAD 364372874533
BAD 364372874543
BAD 364372874557
BAD 364372874561
BAD 364372874563
BAD 364302676429
BAD 364302676433
BAD 364373360167
BAD 364373784109
BAD 364373784113
BAD 364325573803
BAD 364325738783
BAD 364326137467
BAD 364304169113
BAD 364417073401
BAD 364417073443
BAD 364326577393
BAD 364376328703
BAD 364327292911
BAD 364327803113
BAD 364327846471
BAD 364419114841
BAD 364328453911
BAD 364328453917
BAD 364328453921
BAD 364346486563
BAD 364346486599
BAD 364346486633
BAD 364304895113
BAD 364420052141
BAD 364421159429
BAD 364422006439
BAD 364308687671
BAD 364309276763
BAD 364309645813
BAD 364349923163
BAD 364423229803
BAD 364310658511
BAD 364310658521
BAD 364350547339
BAD 364423927333
BAD 364423927337
BAD 364423927339
BAD 364424753557
BAD 364424791303
BAD 364424791307
BAD 364352274277
BAD 364425752153
BAD 364426898981
BAD 364361307227
BAD 364361307229
BAD 364446216769
BAD 364446216773
BAD 364446216779
BAD 364446279649
BAD 364446279653
BAD 364447550899
BAD 364464345689
BAD 364464345691
BAD 364396378579
BAD 364530827761
BAD 364448773379
BAD 364464345697
BAD 364396378583
BAD 364530827767
BAD 364464345719
BAD 364449740311
BAD 364450168639
BAD 364532580211
BAD 364451780689
BAD 364451780761
BAD 364496474189
BAD 364496474191
BAD 364496474197
BAD 364452344273
BAD 364468633447
BAD 364452545257
BAD 364535936551
BAD 364536304843
BAD 364536458059
BAD 364536458063
BAD 364470178703
BAD 364470178711
BAD 364453597199
BAD 364498717777
BAD 364498996093
BAD 364499240437
BAD 364499468467
BAD 364401928493
BAD 364456841989
BAD 364471561907
BAD 364501742329
BAD 364456841993
BAD 364538157023
BAD 364456841999
BAD 364482115013
BAD 364501742333
BAD 364482305683
BAD 364482305689
BAD 364402141801
BAD 364457566441
BAD 364502769541
BAD 364403148743
BAD 364403222111
BAD 364459059169
BAD 364474279399
BAD 364515584911
BAD 364474365187
BAD 364474432759
BAD 364403744891
BAD 364516181383
BAD 364404176839
BAD 364541443999
BAD 364541601673
BAD 364542392891
BAD 364518112711
BAD 364507007671
BAD 364507007677
BAD 364432113187
BAD 364486809019
BAD 364507993879
BAD 364432115701
BAD 364519602521
BAD 364520100887
BAD 364520412733
BAD 364488339263
BAD 364488339269
BAD 364433703961
BAD 364488817157
BAD 364488817159
BAD 364546108897
BAD 364546108919
BAD 364546108921
BAD 364546176307
BAD 364434560057
BAD 364489611901
BAD 364489611907
BAD 364522399393
BAD 364489710163
BAD 364490570221
BAD 364525088423
BAD 364437585007
BAD 364437585019
BAD 364437585023
BAD 364493662193
BAD 364438607699
BAD 364493750963
BAD 364411194359
BAD 364411194361
BAD 364439843723
BAD 364528676923
BAD 364528676927
BAD 364528676929
BAD 364528676947
BAD 364528676951
BAD 364529446283
BAD 364442669453
BAD 364444778651
BAD 364444778653
BAD 364445021267
BAD 364564529603
BAD 364564529611
BAD 364564529617
BAD 364564529621
BAD 364565180071
BAD 364565270851
BAD 364565439559
BAD 364565674859
BAD 364566340813
BAD 364570377029
BAD 364570644211
BAD 364574865131
BAD 364574865133
BAD 364575561601
BAD 364575633139
BAD 364575633151
BAD 364575633157
BAD 364575742343
BAD 364576544693
BAD 364576758593
BAD 364577083111
BAD 364579194997
BAD 364580158651
BAD 364581731561
BAD 364582460959
BAD 364550953913
BAD 364552037827
BAD 364552037831
BAD 364552442279
BAD 364552442281
BAD 364553255221
BAD 364554504079
BAD 364554504091
BAD 364556207963
BAD 364556684509
BAD 364558147441
BAD 364558805209
BAD 364558805213
BAD 364558805227
BAD 364592067953
BAD 364592119763
BAD 364592173111
BAD 364559772601
BAD 364560919633
BAD 364594513021
BAD 364562110369
BAD 364595633981
BAD 364595633993
BAD 364596529831
BAD 364596529837
BAD 364596529841
BAD 364596529861
BAD 364596634613
BAD 364596749483
BAD 364598755399
BAD 364598755403
BAD 364599389527
BAD 364599395581
BAD 364599472357
BAD 364602949903
BAD 364606768093
BAD 364607639507
BAD 364607660849
BAD 364609385117
BAD 364611405343
BAD 364611445111
BAD 364611445117
BAD 364611726709
BAD 364612528127
BAD 364612528129
BAD 364613818013
BAD 364615549183
BAD 364616872033
BAD 364617743573
BAD 364618162771
BAD 364619275201
BAD 364619275213
BAD 364619275217
BAD 364619814413
BAD 364626906859
BAD 364629906967
BAD 364629906973
BAD 364630947617
BAD 364630947631
BAD 364631895623
BAD 364631895631
BAD 364631895637
BAD 364634957179
BAD 364634957257
BAD 364635206401
BAD 364648500113
BAD 364649220853
BAD 364649220857
BAD 364649220863
BAD 364649220931
BAD 364649220937
BAD 364649220979
BAD 364637568781
BAD 364649421293
BAD 364649421307
BAD 364649571337
BAD 364649571343
BAD 364649571353
BAD 364649571367
BAD 364637874833
BAD 364665175019
BAD 364650151609
BAD 364638239897
BAD 364638239899
BAD 364668161401
BAD 364668619969
BAD 364670473507
BAD 364650857071
BAD 364671985177
BAD 364672711453
BAD 364652057359
BAD 364652057369
BAD 364652057377
BAD 364672960291
BAD 364653128041
BAD 364653398209
BAD 364653992887
BAD 364674888847
BAD 364675212133
BAD 364675212137
BAD 364678931371
BAD 364678931377
BAD 364679290631
BAD 364679290639
BAD 364644983341
BAD 364680078391
BAD 364680117247
BAD 364680117271
BAD 364680572629
BAD 364680622741
BAD 364645624633
BAD 364645624669
BAD 364657353043
BAD 364657486969
BAD 364658297569
BAD 364658297573
BAD 364658870189
BAD 364661051101
BAD 364661340529
BAD 364662442801
BAD 364663624753
BAD 364663624757
BAD 364664030023
BAD 364916774507
BAD 364916774549
BAD 364918332683
BAD 364918332697
BAD 364919384981
BAD 364919384983
BAD 364919384987
BAD 364919384989
BAD 364919384993
BAD 364924496851
BAD 364926223381
BAD 364927265513
BAD 364928088529
BAD 364929316231
BAD 364932419993
BAD 364685402243
BAD 364685402371
BAD 364685402377
BAD 364687113841
BAD 364751305019
BAD 364751305021
BAD 364751305049
BAD 364698962569
BAD 364689531337
BAD 364699954561
BAD 364690516181
BAD 364701442291
BAD 364701442297
BAD 364692364367
BAD 364692364369
BAD 364692779083
BAD 364692779093
BAD 364702299347
BAD 364702299349
BAD 364849040771
BAD 364704022079
BAD 364704022103
BAD 364704796283
BAD 364753809451
BAD 364753809493
BAD 364851270559
BAD 364851270571
BAD 364706963641
BAD 364755960797
BAD 364708212443
BAD 364756911209
BAD 364757212409
BAD 364757212411
BAD 364854033161
BAD 364854033163
BAD 364757670913
BAD 364710991243
BAD 364710991261
BAD 364932543379
BAD 364711453459
BAD 364711453471
BAD 364711538209
BAD 364711538221
BAD 364711538239
BAD 364711538251
BAD 364855957429
BAD 364818814561
BAD 364818870761
BAD 364818870763
BAD 364818870811
BAD 364857105629
BAD 364857105631
BAD 364819573093
BAD 364934018963
BAD 364857914461
BAD 364934770331
BAD 364934770351
BAD 364781576779
BAD 364713514727
BAD 364781576791
BAD 364713514729
BAD 364859492773
BAD 364820676431
BAD 364821236191
BAD 364903729249
BAD 364903861891
BAD 364903861897
BAD 364782577321
BAD 364821923761
BAD 364822268281
BAD 364803860807
BAD 364803860809
BAD 364904443711
BAD 364760342213
BAD 364783160023
BAD 364783160033
BAD 364937832913
BAD 364862587553
BAD 364804549597
BAD 364804900963
BAD 364938694069
BAD 364938694073
BAD 364865873269
BAD 364864413943
BAD 364907536459
BAD 364907536463
BAD 364940222123
BAD 364784893219
BAD 364784893223
BAD 364864809733
BAD 364764786163
BAD 364806873451
BAD 364765256573
BAD 364765256593
BAD 364765256599
BAD 364786001081
BAD 364886355599
BAD 364807459147
BAD 364886355601
BAD 364786493257
BAD 364786493273
BAD 364827611723
BAD 364910875229
BAD 364828293383
BAD 364870671967
BAD 364766730217
BAD 364808580067
BAD 364808580079
BAD 364808580083
BAD 364808580089
BAD 364808580091
BAD 364809268939
BAD 364872138263
BAD 364809578827
BAD 364912009799
BAD 364912009801
BAD 364912054789
BAD 364872481163
BAD 364872486457
BAD 364809947189
BAD 364809947191
BAD 364809947197
BAD 364715442041
BAD 364715442043
BAD 364715442121
BAD 364788835157
BAD 364788835193
BAD 364912950673
BAD 364912950683
BAD 364769539559
BAD 364789746949
BAD 364716812203
BAD 364716812209
BAD 364811454767
BAD 364811454779
BAD 364811454781
BAD 364889212469
BAD 364717326481
BAD 364717326487
BAD 364770544393
BAD 364770544403
BAD 364875016631
BAD 364770756079
BAD 364770756089
BAD 364812154963
BAD 364875723211
BAD 364876002797
BAD 364876030067
BAD 364876030069
BAD 364876030073
BAD 364718462033
BAD 364718562671
BAD 364791872611
BAD 364876683181
BAD 364718757547
BAD 364718839283
BAD 364718839291
BAD 364813530409
BAD 364718967829
BAD 364915260803
BAD 364915260811
BAD 364915260817
BAD 364915260823
BAD 364915525999
BAD 364915575709
BAD 364915575721
BAD 364793550403
BAD 364793550409
BAD 364915640161
BAD 364915640171
BAD 364814366123
BAD 364879007047
BAD 364879007069
BAD 364879007071
BAD 364794364423
BAD 364892669929
BAD 364774431979
BAD 364795400029
BAD 364775096867
BAD 364775096869
BAD 364775609551
BAD 364894711579
BAD 364777187689
BAD 364724329103
BAD 364724329111
BAD 364724600399
BAD 364897161389
BAD 364897161397
BAD 364897161401
BAD 364897161403
BAD 364832229809
BAD 364832259833
BAD 364732247713
BAD 364966846627
BAD 364733624293
BAD 364967295467
BAD 364729805227
BAD 364834893463
BAD 364734412129
BAD 364968994813
BAD 364835551673
BAD 364969886431
BAD 364969886441
BAD 364969886443
BAD 364970512429
BAD 364736842807
BAD 364737281003
BAD 364737281011
BAD 364738582171
BAD 364738582183
BAD 364738582199
BAD 364738582237
BAD 364837976233
BAD 364974816319
BAD 364974847361
BAD 364838878879
BAD 364740255889
BAD 364976400721
BAD 364976400727
BAD 364977224569
BAD 364977545353
BAD 364840236619
BAD 364978140781
BAD 364979076499
BAD 364979076503
BAD 364979076509
BAD 364980456571
BAD 364842332909
BAD 364744155211
BAD 364843669793
BAD 364843669807
BAD 364981826617
BAD 364981826623
BAD 364744589689
BAD 364844324851
BAD 364844324857
BAD 364982448121
BAD 364745112383
BAD 364845135901
BAD 364845971341
BAD 364747228231
BAD 364747228267
BAD 364747660561
BAD 364847725621
BAD 364847729437
BAD 364847811271
BAD 365001462359
BAD 365001462361
BAD 365001462373
BAD 365001462379
BAD 365003572363
BAD 365003864131
BAD 365003864143
BAD 365004775237
BAD 365004775241
BAD 365004775243
BAD 365004775249
BAD 365006355061
BAD 365010464543
BAD 365011256699
BAD 365012243209
BAD 364950997049
BAD 364950997051
BAD 364951892629
BAD 364951892633
BAD 364953205633
BAD 364955290171
BAD 364957432397
BAD 364957432481
BAD 364983326893
BAD 364983326899
BAD 364959107503
BAD 364984807001
BAD 364984807003
BAD 364984807007
BAD 364984807009
BAD 364984807013
BAD 364985082751
BAD 364960516357
BAD 364985404229
BAD 364985557663
BAD 364986470903
BAD 364962531181
BAD 364963602469
BAD 364963602779
BAD 364963602781
BAD 364964722219
BAD 364965538321
BAD 364965538351
BAD 364992040913
BAD 364993331723
BAD 364995196697
BAD 364995389267
BAD 364996832597
BAD 364999262087
BAD 365020615679
BAD 365020806727
BAD 365021590201
BAD 365023955819
BAD 365025169913
BAD 365025442099
BAD 365036486917
BAD 365025853043
BAD 365037589303
BAD 365029085783
BAD 365029085851
BAD 365029085857
BAD 365039779459
BAD 365039779463
BAD 365041556389
BAD 365031995281
BAD 365042629453
BAD 365045240323
BAD 365045336507
BAD 365048718319
BAD 365050259359
BAD 365052308003
BAD 365054148377
BAD 365054148379
BAD 365054236717
BAD 365067769921
BAD 365068099259
BAD 365072206063
BAD 365072206073
BAD 365063875391
BAD 365064369437
BAD 365064369443
BAD 365064369479
BAD 365075321407
BAD 365066213093
BAD 365066665163
BAD 365077242653
BAD 365078203741
BAD 365078203747
BAD 365079020903
BAD 365080460887
BAD 365081027191
BAD 365081027203
BAD 365081027209
BAD 365081227283
BAD 365081325863
BAD 365081325877
BAD 365081325881
BAD 365081325883
BAD 365087203823
BAD 365087251609
BAD 365087851789
BAD 365088845063
BAD 365088926707
BAD 365319486131
BAD 365090057887
BAD 365090057923
BAD 365322479663
BAD 365303907413
BAD 365322837199
BAD 365093309453
BAD 365094500983
BAD 365306475049
BAD 365307126991
BAD 365307497609
BAD 365096177753
BAD 365097550463
BAD 365098902463
BAD 365310738083
BAD 365099303083
BAD 365099303123
BAD 365099303131
BAD 365330916179
BAD 365330916211
BAD 365333313889
BAD 365333313893
BAD 365333313899
BAD 365333313901
BAD 365333500381
BAD 365312881993
BAD 365313153287
BAD 365313993761
BAD 365315226013
BAD 365315920069
BAD 365271459953
BAD 365402343799
BAD 365274292099
BAD 365403945407
BAD 365403945409
BAD 365275414349
BAD 365275414351
BAD 365404334723
BAD 365404334741
BAD 365404334749
BAD 365404334753
BAD 365405576663
BAD 365369040797
BAD 365277267473
BAD 365277267503
BAD 365135114297
BAD 365135114299
BAD 365136348103
BAD 365371111297
BAD 365371148183
BAD 365371790353
BAD 365371790359
BAD 365371790363
BAD 365138472241
BAD 365138472247
BAD 365138472253
BAD 365410024223
BAD 365410024229
BAD 365281101257
BAD 365281101259
BAD 365281428013
BAD 365140267801
BAD 365374057417
BAD 365412500513
BAD 365283678701
BAD 365283678703
BAD 365283678713
BAD 365142979939
BAD 365102638867
BAD 365218014229
BAD 365218014233
BAD 365218014247
BAD 365415730783
BAD 365415730807
BAD 365415730819
BAD 365147480053
BAD 365118917131
BAD 365118917179
BAD 365118962011
BAD 365219541571
BAD 365220556549
BAD 365379776791
BAD 365149629373
BAD 365149629379
BAD 365149629391
BAD 365149876457
BAD 365419161031
BAD 365150509081
BAD 365419377683
BAD 365380892941
BAD 365419935367
BAD 365419935373
BAD 365108842253
BAD 365108842261
BAD 365108842279
BAD 365202354343
BAD 365202354347
BAD 365202354353
BAD 365222924333
BAD 365382115783
BAD 365202596153
BAD 365202937513
BAD 365202937543
BAD 365203023643
BAD 365203179637
BAD 365110013089
BAD 365110776187
BAD 365204111773
BAD 365110776193
BAD 365153083837
BAD 365204461163
BAD 365123943169
BAD 365123943181
BAD 365384974529
BAD 365384974531
BAD 365252148119
BAD 365252546557
BAD 365112106211
BAD 365112106213
BAD 365253299513
BAD 365253372019
BAD 365253372023
BAD 365253469741
BAD 365337319223
BAD 365207044261
BAD 365253654923
BAD 365112942811
BAD 365112942991
BAD 365113284499
BAD 365208123083
BAD 365208689509
BAD 365209144411
BAD 365425367053
BAD 365425367063
BAD 365339826589
BAD 365114746573
BAD 365425813471
BAD 365127703841
BAD 365115192877
BAD 365288453333
BAD 365288656951
BAD 365288656961
BAD 365288656963
BAD 365158217429
BAD 365158217449
BAD 365158217453
BAD 365158217461
BAD 365341886617
BAD 365342275201
BAD 365342275211
BAD 365342275213
BAD 365129107051
BAD 365342347717
BAD 365342479529
BAD 365342479531
BAD 365352209713
BAD 365352209723
BAD 365159141359
BAD 365257896547
BAD 365428272697
BAD 365258194447
BAD 365258194451
BAD 365258194453
BAD 365428302803
BAD 365129789747
BAD 365129789749
BAD 365428511113
BAD 365428511117
BAD 365428511143
BAD 365116818659
BAD 365258939093
BAD 365214085193
BAD 365428927909
BAD 365290949213
BAD 365353970209
BAD 365184507299
BAD 365116818667
BAD 365233707719
BAD 365184507301
BAD 365344829303
BAD 365132370749
BAD 365184508921
BAD 365233707721
BAD 365344829309
BAD 365233707739
BAD 365132370751
BAD 365291057167
BAD 365291099671
BAD 365159434279
BAD 365346706339
BAD 365346706343
BAD 365215774639
BAD 365215774643
BAD 365260605341
BAD 365260605343
BAD 365216210173
BAD 365216210179
BAD 365161156793
BAD 365347802279
BAD 365431037963
BAD 365431037971
BAD 365186733941
BAD 365186733943
BAD 365186733953
BAD 365186733959
BAD 365186734009
BAD 365348377351
BAD 365348377531
BAD 365186863513
BAD 365186863523
BAD 365186863529
BAD 365162657567
BAD 365162657569
BAD 365162657621
BAD 365162657623
BAD 365357140583
BAD 365189466487
BAD 365295801271
BAD 365351461861
BAD 365351722861
BAD 365351738771
BAD 365265337673
BAD 365358587467
BAD 365191378507
BAD 365265964013
BAD 365266176329
BAD 365191681073
BAD 365192129873
BAD 365165993251
BAD 365166292037
BAD 365267256169
BAD 365166292039
BAD 365267256191
BAD 365267864593
BAD 365193691903
BAD 365360489453
BAD 365360778709
BAD 365235984593
BAD 365360950321
BAD 365360950333
BAD 365300708603
BAD 365361703171
BAD 365196268783
BAD 365196268849
BAD 365196268859
BAD 365301080383
BAD 365237672363
BAD 365436678181
BAD 365363612269
BAD 365199338303
BAD 365240426591
BAD 365364097481
BAD 365439047489
BAD 365200648727
BAD 365365331239
BAD 365365331273
BAD 365242522123
BAD 365242891579
BAD 365242970227
BAD 365242970231
BAD 365441251337
BAD 365242970233
BAD 365441251339
BAD 365243482369
BAD 365243517871
BAD 365244448999
BAD 365245140461
BAD 365246004223
BAD 365169186331
BAD 365445389039
BAD 365445389041
BAD 365446104901
BAD 365247196877
BAD 365247532781
BAD 365247532829
BAD 365247532831
BAD 365247532843
BAD 365248387129
BAD 365171281903
BAD 365172696983
BAD 365448803441
BAD 365448803443
BAD 365250220553
BAD 365173197517
BAD 365173346539
BAD 365173346543
BAD 365173467103
BAD 365450835797
BAD 365450835803
BAD 365176104883
BAD 365176120499
BAD 365176120501
BAD 365176120531
BAD 365452264829
BAD 365452264831
BAD 365178451277
BAD 365178451279
BAD 365178451283
BAD 365385569377
BAD 365182568581
BAD 365182754459
BAD 365469705061
BAD 365388178789
BAD 365183865601
BAD 365470506017
BAD 365470506019
BAD 365471439799
BAD 365471782267
BAD 365472003269
BAD 365472627563
BAD 365473062589
BAD 365391875633
BAD 365474425651
BAD 365474425661
BAD 365393524021
BAD 365393909833
BAD 365393909843
BAD 365395548359
BAD 365397192799
BAD 365397192803
BAD 365397811279
BAD 365397979351
BAD 365398780037
BAD 365399484301
BAD 365399484313
BAD 365399484319
BAD 365399863957
BAD 365401146589
BAD 365485771843
BAD 365452707947
BAD 365453242019
BAD 365455337197
BAD 365455488001
BAD 365456415721
BAD 365457360817
BAD 365457360823
BAD 365462041127
BAD 365462531663
BAD 365465236963
BAD 365465671843
BAD 365467584289
BAD 365467584299
BAD 365467584301
BAD 365503141219
BAD 365503141231
BAD 365504300377
BAD 365504300401
BAD 365504300407
BAD 365506785341
BAD 365507731261
BAD 365508744841
BAD 365508744847
BAD 365510361287
BAD 365510361289
BAD 365511142363
BAD 365511142369
BAD 365515459223
BAD 365586851303
BAD 365537520937
BAD 365537520949
BAD 365537521007
BAD 365537521009
BAD 365516728261
BAD 365516728267
BAD 365486940779
BAD 365486940781
BAD 365486962261
BAD 365538146159
BAD 365538146161
BAD 365538146167
BAD 365518220363
BAD 365593302097
BAD 365488577569
BAD 365540609849
BAD 365540609851
BAD 365540718953
BAD 365540718973
BAD 365540718989
BAD 365540719021
BAD 365540719031
BAD 365594757757
BAD 365489191681
BAD 365594757769
BAD 365489191687
BAD 365489191709
BAD 365541266521
BAD 365541266539
BAD 365595785809
BAD 365595785813
BAD 365570861353
BAD 365570861363
BAD 365597167387
BAD 365597323711
BAD 365597323717
BAD 365597323723
BAD 365855990603
BAD 365541970253
BAD 365493248077
BAD 365493248083
BAD 365572021159
BAD 365519758073
BAD 365542468381
BAD 365519379079
BAD 365495255987
BAD 365495461291
BAD 365600102827
BAD 365600237641
BAD 365574034297
BAD 365496080869
BAD 365496080879
BAD 365496080881
BAD 365496080899
BAD 365496107443
BAD 365496107453
BAD 365496107467
BAD 365858573881
BAD 365858573887
BAD 365522090851
BAD 365601466963
BAD 365575295933
BAD 365774029771
BAD 365860578767
BAD 365860578773
BAD 365775410479
BAD 365523417979
BAD 365523418069
BAD 365775568693
BAD 365862387479
BAD 365862387481
BAD 365862489413
BAD 365544326929
BAD 365544326933
BAD 365525815507
BAD 365499833759
BAD 365499833761
BAD 365777887333
BAD 365581232333
BAD 365779385249
BAD 365779465367
BAD 365779465369
BAD 365866202441
BAD 365780164163
BAD 365528520979
BAD 365780607013
BAD 365866912603
BAD 365866912613
BAD 365866912627
BAD 365584445467
BAD 365789644573
BAD 365789644579
BAD 365585027671
BAD 365585252761
BAD 365790298513
BAD 365868376343
BAD 365868376351
BAD 365868376429
BAD 365869814179
BAD 365531581069
BAD 365784036173
BAD 365532069691
BAD 365870715547
BAD 365870882899
BAD 365870882903
BAD 365871192859
BAD 365785405177
BAD 365785927589
BAD 365785927601
BAD 365785927603
BAD 365552427571
BAD 365794330241
BAD 365794330243
BAD 365534768153
BAD 365787999827
BAD 365795341993
BAD 365796792401
BAD 365798098163
BAD 365798717269
BAD 365799027001
BAD 365799027007
BAD 365801607449
BAD 365801833409
BAD 365803590739
BAD 365654951521
BAD 365654951587
BAD 365654951591
BAD 365654951593
BAD 365655008053
BAD 365655008063
BAD 365655167431
BAD 365656289291
BAD 365656289293
BAD 365656289309
BAD 365741393603
BAD 365742174613
BAD 365742174619
BAD 365660195183
BAD 365660507941
BAD 365743866391
BAD 365744659127
BAD 365744659129
BAD 365744702993
BAD 365662262929
BAD 365663908723
BAD 365555867249
BAD 365556072319
BAD 365664632849
BAD 365746290907
BAD 365746290911
BAD 365746290913
BAD 365638480223
BAD 365746636421
BAD 365747426189
BAD 365747867239
BAD 365747957719
BAD 365747957723
BAD 365747957741
BAD 365747957749
BAD 365747957761
BAD 365640318209
BAD 365641027883
BAD 365604733003
BAD 365604733007
BAD 365605067749
BAD 365605365247
BAD 365642020699
BAD 365750913193
BAD 365643285677
BAD 365607993811
BAD 365608302109
BAD 365608302113
BAD 365608330567
BAD 365608330573
BAD 365608330583
BAD 365608330603
BAD 365608330609
BAD 365645144903
BAD 365567772697
BAD 365609939719
BAD 365609977459
BAD 365754314059
BAD 365610195193
BAD 365688606937
BAD 365688606947
BAD 365688606949
BAD 365610941713
BAD 365610941719
BAD 365647235363
BAD 365612100829
BAD 365612100857
BAD 365612100859
BAD 365612100863
BAD 365690631323
BAD 365690653043
BAD 365647494833
BAD 365569813771
BAD 365691432961
BAD 365612418449
BAD 365821873147
BAD 365821873163
BAD 365692529551
BAD 365693081521
BAD 365650011589
BAD 365823504439
BAD 365616813637
BAD 365823504443
BAD 365616813641
BAD 365616813643
BAD 365693426851
BAD 365721048691
BAD 365721048697
BAD 365721048709
BAD 365693845207
BAD 365824203973
BAD 365617380413
BAD 365651031773
BAD 365651283623
BAD 365722663291
BAD 365618743481
BAD 365826208457
BAD 365826208459
BAD 365723915273
BAD 365697708547
BAD 365827503131
BAD 365827503133
BAD 365724598913
BAD 365755604629
BAD 365755921561
BAD 365727337127
BAD 365728400909
BAD 365728400911
BAD 365758728109
BAD 365833038127
BAD 365621255773
BAD 365675869967
BAD 365758728113
BAD 365728898453
BAD 365833432873
BAD 365676282053
BAD 365676282067
BAD 365676282073
BAD 365834059543
BAD 365677132517
BAD 365677132529
BAD 365677132531
BAD 365677203623
BAD 365677203659
BAD 365677203691
BAD 365677203701
BAD 365835067867
BAD 365761021823
BAD 365761021831
BAD 365678419363
BAD 365732798513
BAD 365836469599
BAD 365836471291
BAD 365680008409
BAD 365680008413
BAD 365704851563
BAD 365704851569
BAD 365704851571
BAD 365705456783
BAD 365736231871
BAD 365625952529
BAD 365838372619
BAD 365681281753
BAD 365763814583
BAD 365682156097
BAD 365764832633
BAD 365766306349
BAD 365838851071
BAD 365838926963
BAD 365766715697
BAD 365684027521
BAD 365708528923
BAD 365839622849
BAD 365839622851
BAD 365839622933
BAD 365708765887
BAD 365629300073
BAD 365839903657
BAD 365839903673
BAD 365631391973
BAD 365842708249
BAD 365632734871
BAD 365632734899
BAD 365712801397
BAD 365634666077
BAD 365634666079
BAD 365634666083
BAD 365874626333
BAD 365874626371
BAD 365635262233
BAD 365846938549
BAD 365846938553
BAD 365716025509
BAD 365716025513
BAD 365876397217
BAD 365876397241
BAD 365876591989
BAD 365877552091
BAD 365878365497
BAD 365878365499
BAD 365878476637
BAD 365878476641
BAD 365879477941
BAD 365879886419
BAD 365851436989
BAD 365851679827
BAD 365851841371
BAD 365851841417
BAD 365851841419
BAD 365880750143
BAD 365880750149
BAD 365880880747
BAD 365880880751
BAD 365880880753
BAD 365852356847
BAD 365881372133
BAD 365854783873
BAD 365885480537
BAD 365885480539
BAD 365887320233
BAD 365805699407
BAD 365805699409
BAD 365806423211
BAD 365807137081
BAD 365807408933
BAD 365808095491
BAD 365811166621
BAD 365811956989
BAD 365811957001
BAD 365814727249
BAD 365814727253
BAD 365815534369
BAD 365815534373
BAD 365815534429
BAD 365816686853
BAD 365890728913
BAD 365890825771
BAD 365891373391
BAD 365891937973
BAD 365891937977
BAD 365891937979
BAD 365892821249
BAD 365892821251
BAD 365894583731
BAD 365894604571
BAD 365894604577
BAD 365896549243
BAD 365896549247
BAD 365896549253
BAD 365896966313
BAD 365897464159
BAD 365898806341
BAD 365898806369
BAD 365899528201
BAD 365923506343
BAD 365923506359
BAD 365923506367
BAD 365908733821
BAD 365924297539
BAD 365924297551
BAD 365901016933
BAD 365901016937
BAD 365901016939
BAD 365901944929
BAD 365925906979
BAD 365925906991
BAD 365911757933
BAD 365904620831
BAD 365913426841
BAD 365914268921
BAD 365914434631
BAD 365929038679
BAD 366123725663
BAD 366124216987
BAD 365930236753
BAD 366124656871
BAD 365930414599
BAD 366027215737
BAD 366027215797
BAD 366027215803
BAD 366027215809
BAD 366027573283
BAD 366027573287
BAD 366027853603
BAD 365920406993
BAD 365920407037
BAD 365920407053
BAD 365934038851
BAD 365934038863
BAD 365934038867
BAD 366028476683
BAD 366129424523
BAD 366029546977
BAD 366029621341
BAD 366029814343
BAD 366030366763
BAD 366030366817
BAD 366031393669
BAD 365905069997
BAD 365937095681
BAD 365937193051
BAD 366132857693
BAD 366133820281
BAD 366133820287
BAD 366133820291
BAD 366133820293
BAD 366133820303
BAD 366032114893
BAD 366032335987
BAD 365938717457
BAD 366032599117
BAD 366032599123
BAD 366135279581
BAD 366034759957
BAD 366034759969
BAD 366034777879
BAD 366035193967
BAD 366035193977
BAD 366035596561
BAD 366035774417
BAD 366259202189
BAD 366259202191
BAD 366138217073
BAD 366138217079
BAD 366139484071
BAD 366261387409
BAD 366261387421
BAD 366037951651
BAD 366263109241
BAD 366265854151
BAD 366267739373
BAD 366268770761
BAD 366269305399
BAD 366270410941
BAD 366270410977
BAD 366270958607
BAD 366270958609
BAD 366271044157
BAD 366271405673
BAD 366272883233
BAD 366272883253
BAD 366273843883
BAD 366273863183
BAD 366006333529
BAD 366006663443
BAD 366013099103
BAD 365973930169
BAD 365973930173
BAD 365974151009
BAD 365974151017
BAD 366017724313
BAD 366017969633
BAD 366020173819
BAD 366020283857
BAD 366021320869
BAD 366058721033
BAD 366058721053
BAD 366021532141
BAD 365975820299
BAD 366062052163
BAD 366062052179
BAD 365978046541
BAD 366109215403
BAD 366062576857
BAD 366062576861
BAD 366062576863
BAD 366062576879
BAD 366062576881
BAD 365990353297
BAD 366063964291
BAD 366276780487
BAD 366063964297
BAD 365995606919
BAD 366276780521
BAD 365981153207
BAD 366040236313
BAD 366112248721
BAD 366076160189
BAD 366276780523
BAD 366112248731
BAD 366090293761
BAD 366090312619
BAD 366277181617
BAD 366277612663
BAD 366112839739
BAD 366277943821
BAD 366091337881
BAD 366091337897
BAD 366091337903
BAD 365997254869
BAD 365997254873
BAD 366041262407
BAD 366041262421
BAD 366041262427
BAD 366041262451
BAD 365997499471
BAD 366078181529
BAD 366078181531
BAD 366078181537
BAD 366279028471
BAD 365983044157
BAD 366066230303
BAD 366042166393
BAD 365983978909
BAD 365984260639
BAD 365984260643
BAD 365984260693
BAD 365999093461
BAD 366115103243
BAD 366115103293
BAD 365999165293
BAD 366094043411
BAD 365985118981
BAD 365985855923
BAD 366000848641
BAD 366095569009
BAD 366281462119
BAD 366281462123
BAD 366081496541
BAD 366001915933
BAD 366070023901
BAD 366045276007
BAD 366045276019
BAD 366194203447
BAD 366081864277
BAD 366081864283
BAD 366070475779
BAD 366194361811
BAD 365987583691
BAD 366045827827
BAD 366118930649
BAD 366072254087
BAD 366002899597
BAD 366143221933
BAD 365988841793
BAD 366045827831
BAD 366176203297
BAD 366118930651
BAD 366195379877
BAD 366002899741
BAD 366157601753
BAD 366045827843
BAD 366157601759
BAD 366283344001
BAD 366143330521
BAD 366157760407
BAD 366158156129
BAD 366046527667
BAD 366046527673
BAD 366158295871
BAD 366046661969
BAD 366046661971
BAD 366158488853
BAD 366100111411
BAD 366100137353
BAD 366196693301
BAD 366003791479
BAD 366085906297
BAD 366145097161
BAD 366145097167
BAD 366101098423
BAD 366178498267
BAD 366197268769
BAD 366121519327
BAD 366284693569
BAD 366086222239
BAD 366145658873
BAD 366121529101
BAD 366121529107
BAD 366161448941
BAD 366161448943
BAD 366225112987
BAD 366102330833
BAD 366102330991
BAD 366179403001
BAD 366179403019
BAD 366005346079
BAD 366198534799
BAD 366225455839
BAD 366225455851
BAD 366225455857
BAD 366225455863
BAD 366005441849
BAD 366147293131
BAD 366147293137
BAD 366198999307
BAD 366198999311
BAD 366005760223
BAD 366226162279
BAD 366163153261
BAD 366180635423
BAD 366181119233
BAD 366089392313
BAD 366207737179
BAD 366201661493
BAD 366289511101
BAD 366289717777
BAD 366053747363
BAD 365958044731
BAD 366182872751
BAD 366182872753
BAD 366209397329
BAD 366209397331
BAD 366209397349
BAD 366209472467
BAD 366209472469
BAD 366183431597
BAD 366183431599
BAD 366230128643
BAD 366054923981
BAD 366152082301
BAD 366204160141
BAD 365940379733
BAD 365940379741
BAD 366055976677
BAD 366055976683
BAD 366231818453
BAD 366153125029
BAD 366169655783
BAD 366169655801
BAD 365941642579
BAD 366185761673
BAD 365960860189
BAD 366205972981
BAD 366205972987
BAD 366186044269
BAD 366154494089
BAD 366154494091
BAD 366154494109
BAD 365962156411
BAD 365943530699
BAD 366187908197
BAD 366187908271
BAD 365944074343
BAD 365944074347
BAD 365944074359
BAD 365944074361
BAD 366236228009
BAD 366236228011
BAD 366236228023
BAD 366156454427
BAD 366156454429
BAD 366173404801
BAD 366188543689
BAD 366188609299
BAD 366236733391
BAD 366236733397
BAD 366236733409
BAD 365963681641
BAD 366173813287
BAD 366237277013
BAD 365945482481
BAD 365945482541
BAD 365946286501
BAD 366238027037
BAD 366238027039
BAD 366238027163
BAD 366216332863
BAD 366217974917
BAD 366217974919
BAD 366217975099
BAD 365967261343
BAD 366219653771
BAD 366242031983
BAD 365968852547
BAD 366243122131
BAD 366243122137
BAD 366221488057
BAD 365970602929
BAD 366244864459
BAD 365951924111
BAD 365971498873
BAD 365952037553
BAD 366222997103
BAD 366223052333
BAD 366223052359
BAD 366245413291
BAD 365953293557
BAD 365953677883
BAD 365953974811
BAD 366248071069
BAD 365955309583
BAD 365955309593
BAD 365955760637
BAD 366252237541
BAD 366252419263
BAD 366253037851
BAD 366253878983
BAD 366255438187
BAD 366291511099
BAD 366291511189
BAD 366293387753
BAD 366293550631
BAD 366293589283
BAD 366293589287
BAD 366293589289
BAD 366294775603
BAD 366294775621
BAD 366295359613
BAD 366296099261
BAD 366296099263
BAD 366297053233
BAD 366297062161
BAD 366297062179
BAD 366298733011
BAD 366308353447
BAD 366299491843
BAD 366308773583
BAD 366299915363
BAD 366299915479
BAD 366309221693
BAD 366310238971
BAD 366310421123
BAD 366301600789
BAD 366310782451
BAD 366311333527
BAD 366312229609
BAD 366303386597
BAD 366303386599
BAD 366304143677
BAD 366304143679
BAD 366305046803
BAD 366307838161
BAD 366313530161
BAD 366319878623
BAD 366321084091
BAD 366321700111
BAD 366321998921
BAD 366321998923
BAD 366321998927
BAD 366321998929
BAD 366375704587
BAD 366379328251
BAD 366379421231
BAD 366381361219
BAD 366381361231
BAD 366382576117
BAD 366384223003
BAD 366384223039
BAD 366384223043
BAD 366384234767
BAD 366384251881
BAD 366385707383
BAD 366387501803
BAD 366387501817
BAD 366390119749
BAD 366390119773
BAD 366390119873
BAD 366390234313
BAD 366342491663
BAD 366342491707
BAD 366343344187
BAD 366343508039
BAD 366343884799
BAD 366343884817
BAD 366343884821
BAD 366346510199
BAD 366347076401
BAD 366347076413
BAD 366347076419
BAD 366347076421
BAD 366348404887
BAD 366348679703
BAD 366350542141
BAD 366351169783
BAD 366352444261
BAD 366333585781
BAD 366333682921
BAD 366333682937
BAD 366337322761
BAD 366337776071
BAD 366337776073
BAD 366337776107
BAD 366337776109
BAD 366337776113
BAD 366338508317
BAD 366360371731
BAD 366360371737
BAD 366339797443
BAD 366339797479
BAD 366339933313
BAD 366340256987
BAD 366340896583
BAD 366340896589
BAD 366361734553
BAD 366361734559
BAD 366363560161
BAD 366364192351
BAD 366364192357
BAD 366364864501
BAD 366364864507
BAD 366364864513
BAD 366366822803
BAD 366373752413
BAD 366644363093
BAD 366547486139
BAD 366547486141
BAD 366646652321
BAD 366549651781
BAD 366549651799
BAD 366549654049
BAD 366652231327
BAD 366652231331
BAD 366551100793
BAD 366551515769
BAD 366551515777
BAD 366551848211
BAD 366551848213
BAD 366552162107
BAD 366655180981
BAD 366655492223
BAD 366656300471
BAD 366657391699
BAD 366657391703
BAD 366555235759
BAD 366555235771
BAD 366555235777
BAD 366657763573
BAD 366557813239
BAD 366557813269
BAD 366557813273
BAD 366558023011
BAD 366559075957
BAD 366559075963
BAD 366478794281
BAD 366479531503
BAD 366479531521
BAD 366481226611
BAD 366481818473
BAD 366481818487
BAD 366481818491
BAD 366485580247
BAD 366486902101
BAD 366488069327
BAD 366488069329
BAD 366488761889
BAD 366490546231
BAD 366491631859
BAD 366491631889
BAD 366677705903
BAD 366680124721
BAD 366681038461
BAD 366681597517
BAD 366681597521
BAD 366681597523
BAD 366681597533
BAD 366682021163
BAD 366493083529
BAD 366493083533
BAD 366682361453
BAD 366682361473
BAD 366682361477
BAD 366628353023
BAD 366560704819
BAD 366409435061
BAD 366561273181
BAD 366460369399
BAD 366460369403
BAD 366460369411
BAD 366630585877
BAD 366561933233
BAD 366684408067
BAD 366460957403
BAD 366630799793
BAD 366494849491
BAD 366630799807
BAD 366495150829
BAD 366495150907
BAD 366495150929
BAD 366495150937
BAD 366495614453
BAD 366495614467
BAD 366562980781
BAD 366411832691
BAD 366411832693
BAD 366411832711
BAD 366563144099
BAD 366563455763
BAD 366632471573
BAD 366412131353
BAD 366412131367
BAD 366412131469
BAD 366462051103
BAD 366564037421
BAD 366564037423
BAD 366564343601
BAD 366462589799
BAD 366413668513
BAD 366526741181
BAD 366526741183
BAD 366687777041
BAD 366430082453
BAD 366688293823
BAD 366464762479
BAD 366413979293
BAD 366635173643
BAD 366464762483
BAD 366599619511
BAD 366599692531
BAD 366599692567
BAD 366599692577
BAD 366599692579
BAD 366599692607
BAD 366599692609
BAD 366443031571
BAD 366579098233
BAD 366579098243
BAD 366599979217
BAD 366443355151
BAD 366443355181
BAD 366600522209
BAD 366430752641
BAD 366430840697
BAD 366430840703
BAD 366600835999
BAD 366636320173
BAD 366690338869
BAD 366601432069
BAD 366445019767
BAD 366445019779
BAD 366602129591
BAD 366582022853
BAD 366469777913
BAD 366513990257
BAD 366433629241
BAD 366513990259
BAD 366534986381
BAD 366418665439
BAD 366565963279
BAD 366513990281
BAD 366534986383
BAD 366418665443
BAD 366535207921
BAD 366637748921
BAD 366505726429
BAD 366447030427
BAD 366506061953
BAD 366470295683
BAD 366434115953
BAD 366536223749
BAD 366536223751
BAD 366448140833
BAD 366638096933
BAD 366638096939
BAD 366583476911
BAD 366583476913
BAD 366583476923
BAD 366506746607
BAD 366506746609
BAD 366536744317
BAD 366536744323
BAD 366583834193
BAD 366569024309
BAD 366420767189
BAD 366639128101
BAD 366435891091
BAD 366539886863
BAD 366420767191
BAD 366471907213
BAD 366569024323
BAD 366516223771
BAD 366507875791
BAD 366539886901
BAD 366639128137
BAD 366539886907
BAD 366516223789
BAD 366436168759
BAD 366436168837
BAD 366584319481
BAD 366451232401
BAD 366584611103
BAD 366585378713
BAD 366508969469
BAD 366508969471
BAD 366473310947
BAD 366473310949
BAD 366473310953
BAD 366452149171
BAD 366570739583
BAD 366517380241
BAD 366542020399
BAD 366640425301
BAD 366517428623
BAD 366640488493
BAD 366437399639
BAD 366437399641
BAD 366517828507
BAD 366423101881
BAD 366542878109
BAD 366542878111
BAD 366641154521
BAD 366474876673
BAD 366474876683
BAD 366587442173
BAD 366439071643
BAD 366439183577
BAD 366641770393
BAD 366454488797
BAD 366454488811
BAD 366454488823
BAD 366454488839
BAD 366454488847
BAD 366424819153
BAD 366519818411
BAD 366395338789
BAD 366520455863
BAD 366440560561
BAD 366590266649
BAD 366590266673
BAD 366590523097
BAD 366590523163
BAD 366575151379
BAD 366442389097
BAD 366522455087
BAD 366591649483
BAD 366592032589
BAD 366592032593
BAD 366523117043
BAD 366592489009
BAD 366592489073
BAD 366525189893
BAD 366525189907
BAD 366400487039
BAD 366400487041
BAD 366401452583
BAD 366401946863
BAD 366612159377
BAD 366612159379
BAD 366405132707
BAD 366615239857
BAD 366661438177
BAD 366406244861
BAD 366406261519
BAD 366662079019
BAD 366662079023
BAD 366617232049
BAD 366407629309
BAD 366407829839
BAD 366407829841
BAD 366407829847
BAD 366619373873
BAD 366665209861
BAD 366620022767
BAD 366620022773
BAD 366622179361
BAD 366667286003
BAD 366622728793
BAD 366622728799
BAD 366622728803
BAD 366625371677
BAD 366625537219
BAD 366626644313
BAD 366670602869
BAD 366670602871
BAD 366670733719
BAD 366672853753
BAD 366673270069
BAD 366677153719
BAD 366677153723
BAD 366696848333
BAD 366697653661
BAD 366697653667
BAD 366698863483
BAD 366699576377
BAD 366699576379
BAD 366701458609
BAD 366702793679
BAD 366704370481
BAD 366704834701
BAD 366708802223
BAD 366708802403
BAD 366708802409
BAD 366710568727
BAD 366715643663
BAD 366716620441
BAD 366716950493
BAD 366716950513
BAD 366719137553
BAD 366719137559
BAD 366721095953
BAD 366730338211
BAD 366730558591
BAD 366731261657
BAD 366725347363
BAD 366731951123
BAD 366731951129
BAD 366726139387
BAD 366726139391
BAD 366726219661
BAD 366726219667
BAD 366734200523
BAD 366737026813
BAD 366737037539
BAD 366738228169
BAD 366738228173
BAD 366738419543
BAD 366744613051
BAD 366745567303
BAD 366742611779
BAD 366742756493
BAD 366742801441
BAD 366747429823
BAD 366747548711
BAD 366747548719
BAD 366748186759
BAD 366750930713
BAD 366752078933
BAD 366753048691
BAD 366754805009
BAD 366754817461
BAD 366757677113
BAD 366757766429
BAD 366757949287
BAD 366757949291
BAD 366759033569
BAD 366778853957
BAD 366780099019
BAD 366784501277
BAD 366785442799
BAD 366787158623
BAD 366788487031
BAD 366790177493
BAD 366793069949
BAD 366793069957
BAD 366793476529
BAD 366794562391
BAD 366811779307
BAD 366811779311
BAD 366812178559
BAD 366812178563
BAD 366815208953
BAD 366816837983
BAD 366816837991
BAD 366816837997
BAD 366816838001
BAD 366816838009
BAD 366761930209
BAD 366761930251
BAD 366761930273
BAD 366761984437
BAD 366817754203
BAD 366817754231
BAD 366762321473
BAD 366800414809
BAD 366763455287
BAD 366818790901
BAD 366801215509
BAD 366763812829
BAD 366819916153
BAD 366801743593
BAD 366801743603
BAD 366802156493
BAD 366765015217
BAD 366765090863
BAD 366805111831
BAD 366805469363
BAD 366806215549
BAD 366806215561
BAD 366806215571
BAD 366806215591
BAD 366823216733
BAD 366806292977
BAD 366823953721
BAD 366807762071
BAD 366807762073
BAD 366809265391
BAD 366809265397
BAD 366809265401
BAD 366809541283
BAD 366769362431
BAD 366769362461
BAD 366810503749
BAD 366770190133
BAD 366774085429
BAD 366774750079
BAD 366776108249
BAD 366776353861
BAD 366777466973
BAD 366835267501
BAD 366836273963
BAD 366840321409
BAD 366840321413
BAD 366840321427
BAD 366841285309
BAD 366841285313
BAD 366841285339
BAD 366844130881
BAD 366845068573
BAD 367069363879
BAD 367069363883
BAD 366863319289
BAD 367070182613
BAD 367070339903
BAD 367070381471
BAD 367070381473
BAD 367070381479
BAD 367072351447
BAD 367015070449
BAD 367073267543
BAD 366996384529
BAD 366996384533
BAD 366996384539
BAD 366996384541
BAD 366996605551
BAD 366996888001
BAD 366998087899
BAD 366864165169
BAD 367017681403
BAD 366998612863
BAD 367046453539
BAD 367000946959
BAD 367000946971
BAD 367001301983
BAD 367001324597
BAD 367020279413
BAD 367048432081
BAD 367048432087
BAD 367021172753
BAD 366868808221
BAD 367002821839
BAD 366868903811
BAD 366868903813
BAD 366868926889
BAD 367021682353
BAD 367076852719
BAD 367051295311
BAD 367051295371
BAD 367051295383
BAD 367051295399
BAD 367022287943
BAD 367051760081
BAD 367051760083
BAD 367051760111
BAD 366878910053
BAD 367078032329
BAD 367078032331
BAD 367052917883
BAD 366870293249
BAD 366880707527
BAD 366871317853
BAD 366871317877
BAD 366871317881
BAD 366871317893
BAD 367054983989
BAD 367054983991
BAD 367003019269
BAD 366872067721
BAD 366872393207
BAD 367003535453
BAD 366852107899
BAD 366872789209
BAD 366931855943
BAD 366931855967
BAD 366883388327
BAD 366873893671
BAD 367057269091
BAD 366883388329
BAD 366853278203
BAD 366873893677
BAD 367005072593
BAD 366883388429
BAD 367080308017
BAD 367028027347
BAD 366883414621
BAD 367057920037
BAD 367058444693
BAD 366895519433
BAD 367059292189
BAD 367007137213
BAD 367059468509
BAD 367059468511
BAD 367081764019
BAD 367081866601
BAD 366876448553
BAD 366876497749
BAD 366884395861
BAD 366884395909
BAD 367059807077
BAD 367007635339
BAD 367082292923
BAD 367060333441
BAD 367060333447
BAD 366914149699
BAD 367061363363
BAD 367083199969
BAD 367008746603
BAD 366914149733
BAD 366857689621
BAD 366897144877
BAD 366878282557
BAD 367083199981
BAD 366858169537
BAD 366914640773
BAD 366897781039
BAD 366897781043
BAD 366897781057
BAD 366979683079
BAD 366979794109
BAD 366979794113
BAD 366858774001
BAD 366885160531
BAD 366885632693
BAD 367031380019
BAD 367031380021
BAD 367010333177
BAD 366886122859
BAD 366886122871
BAD 366860144393
BAD 366899388979
BAD 366899432213
BAD 366981750703
BAD 367085830051
BAD 367032909799
BAD 366982758833
BAD 366983474239
BAD 367034294359
BAD 367012684351
BAD 367088202071
BAD 367088202073
BAD 367088202077
BAD 367088383723
BAD 367088438599
BAD 366985682863
BAD 366985682873
BAD 367035599761
BAD 367035599773
BAD 367035599779
BAD 366985989553
BAD 366903932293
BAD 367036026233
BAD 366891161479
BAD 366986640751
BAD 366948210533
BAD 366905539943
BAD 366949444243
BAD 366943640953
BAD 366892897313
BAD 366906038173
BAD 366906038183
BAD 366944065387
BAD 366906497779
BAD 366988885189
BAD 366950368559
BAD 367039590233
BAD 367039590241
BAD 367039590251
BAD 366908039221
BAD 366908066507
BAD 366908066509
BAD 367040260973
BAD 367040260981
BAD 367040261023
BAD 366921271307
BAD 366921271309
BAD 366991328167
BAD 366991328189
BAD 366991328191
BAD 366991667641
BAD 366991825489
BAD 366991825493
BAD 366953137939
BAD 366992142641
BAD 367043125349
BAD 366955252073
BAD 366955713151
BAD 366923761313
BAD 366956159509
BAD 367045673809
BAD 366959128849
BAD 366963799949
BAD 366963799963
BAD 366927732011
BAD 366927732013
BAD 366964303333
BAD 366964434181
BAD 366928257503
BAD 366961333951
BAD 366928804819
BAD 366967106923
BAD 366967416463
BAD 366971974939
BAD 366972918583
BAD 366978499939
BAD 367096856981
BAD 367097863579
BAD 367097877259
BAD 367098807563
BAD 367147253659
BAD 367147348349
BAD 367100039783
BAD 367100039791
BAD 367100039797
BAD 367148128117
BAD 367100644919
BAD 367100644921
BAD 367100644927
BAD 367148888311
BAD 367149549061
BAD 367149549073
BAD 367102256981
BAD 367149957323
BAD 367151229503
BAD 367133181937
BAD 367105636463
BAD 367133978963
BAD 367106986559
BAD 367134791843
BAD 367134791851
BAD 367107619187
BAD 367107619189
BAD 367107897097
BAD 367109022281
BAD 367109022283
BAD 367110552383
BAD 367152697939
BAD 367153223083
BAD 367138657309
BAD 367138830287
BAD 367153970483
BAD 367154392531
BAD 367155292633
BAD 367155292643
BAD 367158128059
BAD 367113650153
BAD 367113650177
BAD 367145089151
BAD 367115404013
BAD 367115538901
BAD 367113481489
BAD 367117505323
BAD 367117505333
BAD 367160538469
BAD 367160779663
BAD 367161186473
BAD 367161392821
BAD 367120051339
BAD 367121442383
BAD 367163623303
BAD 367122591151
BAD 367122591169
BAD 367123044263
BAD 367123044269
BAD 367123044271
BAD 367124320553
BAD 367125947627
BAD 367125947641
BAD 367125947653
BAD 367125947659
BAD 367127137483
BAD 367127137493
BAD 367127707411
BAD 367130198311
BAD 367164332959
BAD 367167599333
BAD 367168570453
BAD 367168570459
BAD 367170852493
BAD 367171728967
BAD 367171728971
BAD 367171729039
BAD 367171729097
BAD 367175443933
BAD 367176390323
BAD 367176390337
BAD 367176390341
BAD 367178170459
BAD 367178170481
BAD 367178170483
BAD 367178680993
BAD 367179298069
BAD 367198652383
BAD 367199683673
BAD 367203651281
BAD 367205049829
BAD 367212153673
BAD 367182402731
BAD 367182402733
BAD 367184359757
BAD 367184359781
BAD 367184359783
BAD 367185399299
BAD 367189783757
BAD 367189783789
BAD 367189783801
BAD 367189813733
BAD 367189872001
BAD 367190116373
BAD 367192249691
BAD 367197221191
BAD 367365368761
BAD 367367152013
BAD 367231495751
BAD 367232106019
BAD 367232106023
BAD 367368624199
BAD 367234263091
BAD 367374980899
BAD 367237791923
BAD 367238882221
BAD 367238989801
BAD 367238989813
BAD 367378935199
BAD 367239445303
BAD 367379865499
BAD 367380175831
BAD 367380287347
BAD 367380318793
BAD 367242090071
BAD 367242453247
BAD 367214539123
BAD 367214539201
BAD 367451672747
BAD 367216341421
BAD 367452192983
BAD 367452396697
BAD 367245848273
BAD 367218514681
BAD 367247384183
BAD 367247653849
BAD 367455829561
BAD 367455829571
BAD 367455937501
BAD 367456480211
BAD 367456480213
BAD 367457122897
BAD 367226223361
BAD 367226820749
BAD 367227116239
BAD 367227600679
BAD 367283101699
BAD 367285270111
BAD 367285270133
BAD 367286481889
BAD 367462381807
BAD 367463049511
BAD 367288571371
BAD 367289376413
BAD 367289411311
BAD 367289411317
BAD 367465603723
BAD 367292392009
BAD 367350632611
BAD 367333045403
BAD 367333045423
BAD 367333045427
BAD 367333888027
BAD 367351953511
BAD 367352363179
BAD 367335973867
BAD 367337015963
BAD 367337046823
BAD 367337612843
BAD 367342294511
BAD 367400649761
BAD 367342919903
BAD 367357538533
BAD 367400686469
BAD 367482891709
BAD 367482896423
BAD 367401376483
BAD 367401376487
BAD 367432336577
BAD 367483842679
BAD 367483842683
BAD 367358264731
BAD 367432700197
BAD 367432700209
BAD 367432700213
BAD 367402406071
BAD 367484305849
BAD 367343875351
BAD 367343875387
BAD 367484356669
BAD 367484356711
BAD 367344071933
BAD 367433119679
BAD 367433119681
BAD 367433119699
BAD 367484892673
BAD 367344379819
BAD 367485375589
BAD 367361085703
BAD 367247918509
BAD 367361670887
BAD 367248639881
BAD 367265715083
BAD 367405496461
BAD 367362665321
BAD 367316378131
BAD 367347020059
BAD 367362665323
BAD 367490722541
BAD 367436750089
BAD 367248639883
BAD 367490722631
BAD 367347020071
BAD 367266017333
BAD 367362905963
BAD 367362905969
BAD 367362905971
BAD 367347590693
BAD 367348240759
BAD 367437604199
BAD 367437604201
BAD 367267688483
BAD 367364442463
BAD 367364442469
BAD 367407520633
BAD 367407520637
BAD 367407520639
BAD 367438601539
BAD 367476663907
BAD 367476668653
BAD 367251733033
BAD 367251733049
BAD 367300261487
BAD 367439307779
BAD 367493567593
BAD 367251840547
BAD 367408828027
BAD 367409296493
BAD 367494343771
BAD 367269082291
BAD 367252705109
BAD 367252705111
BAD 367409962217
BAD 367409962219
BAD 367409962237
BAD 367409962253
BAD 367302234121
BAD 367302234139
BAD 367495539869
BAD 367495539871
BAD 367254261107
BAD 367254261109
BAD 367254261113
BAD 367270138423
BAD 367270138427
BAD 367270138429
BAD 367479269849
BAD 367254713993
BAD 367412372419
BAD 367412372423
BAD 367255799303
BAD 367480174661
BAD 367304821063
BAD 367324433173
BAD 367304821073
BAD 367499379113
BAD 367499379119
BAD 367499379139
BAD 367444485743
BAD 367305346703
BAD 367305346711
BAD 367258539691
BAD 367481375059
BAD 367305780943
BAD 367325826893
BAD 367258903129
BAD 367258903133
BAD 367481889991
BAD 367383159047
BAD 367383266737
BAD 367482200497
BAD 367482200513
BAD 367482200537
BAD 367482200539
BAD 367482200543
BAD 367272414709
BAD 367327693787
BAD 367327693793
BAD 367260767171
BAD 367260825391
BAD 367327926281
BAD 367327926283
BAD 367273300981
BAD 367273300987
BAD 367261806911
BAD 367261806913
BAD 367273860713
BAD 367273906943
BAD 367385589619
BAD 367262556853
BAD 367262681117
BAD 367262681119
BAD 367417164089
BAD 367417164091
BAD 367448794681
BAD 367329521233
BAD 367329521239
BAD 367417325623
BAD 367417325633
BAD 367329661063
BAD 367263353333
BAD 367263353383
BAD 367263353449
BAD 367263353467
BAD 367263353473
BAD 367386612811
BAD 367386810031
BAD 367263940543
BAD 367263940573
BAD 367263940579
BAD 367263940583
BAD 367275854047
BAD 367387185961
BAD 367387185967
BAD 367264398979
BAD 367264398983
BAD 367331460997
BAD 367310909851
BAD 367310909863
BAD 367310909881
BAD 367387788017
BAD 367387788023
BAD 367277173763
BAD 367388468693
BAD 367277791319
BAD 367278081647
BAD 367278081649
BAD 367278081659
BAD 367278081683
BAD 367278394403
BAD 367389206441
BAD 367389206449
BAD 367389206453
BAD 367389206461
BAD 367389206467
BAD 367313680891
BAD 367423141837
BAD 367423888729
BAD 367423888739
BAD 367314582137
BAD 367424336359
BAD 367424397517
BAD 367424397521
BAD 367424397523
BAD 367427003033
BAD 367427647271
BAD 367427647273
BAD 367429930291
BAD 367429959839
BAD 367431168967
BAD 367431168983
BAD 367431169003
BAD 367431591083
BAD 367431873469
BAD 367432289179
BAD 367432289249
BAD 367499918257
BAD 367500526693
BAD 367503203971
BAD 367504086923
BAD 367504086931
BAD 367504275059
BAD 367504275079
BAD 367504275091
BAD 367504275097
BAD 367518255397
BAD 367518586049
BAD 367519097083
BAD 367519097093
BAD 367511271563
BAD 367520924413
BAD 367520924423
BAD 367520924437
BAD 367521405469
BAD 367522233649
BAD 367522233653
BAD 367522391107
BAD 367525774549
BAD 367526887667
BAD 367526887669
BAD 367555286647
BAD 367555738037
BAD 367530646999
BAD 367531135801
BAD 367531518331
BAD 367531937083
BAD 367531937099
BAD 367533448363
BAD 367533448367
BAD 367533448369
BAD 367533679651
BAD 367535166899
BAD 367535337629
BAD 367535337643
BAD 367566029029
BAD 367566406069
BAD 367566406073
BAD 367566406079
BAD 367541829247
BAD 367541829253
BAD 367545117319
BAD 367545117341
BAD 367545117343
BAD 367545594223
BAD 367545594239
BAD 367569861653
BAD 367574572891
BAD 367576980263
BAD 367580699779
BAD 367580968849
BAD 367584260633
BAD 367584939167
BAD 367585356031
BAD 367586359897
BAD 367587193093
BAD 367587193097
BAD 367587193133
BAD 367589880773
BAD 367593707423
BAD 367596198293
BAD 367597051819
BAD 367598804809
BAD 367598925053
BAD 367598925059
BAD 367598925061
BAD 367618410227
BAD 367618765313
BAD 367620589339
BAD 367620918893
BAD 367621880419
BAD 367624815263
BAD 367628230303
BAD 367629706589
BAD 367631534393
BAD 367633081741
BAD 367633325287
BAD 367668617809
BAD 367669894883
BAD 367670490769
BAD 367670657213
BAD 367672242877
BAD 367675625171
BAD 367675625173
BAD 367675625189
BAD 367676169307
BAD 367676424263
BAD 367687442053
BAD 367687442063
BAD 367678278769
BAD 367689038419
BAD 367680109579
BAD 367681675609
BAD 367694159431
BAD 367695208697
BAD 367695208703
BAD 367700176621
BAD 367634985349
BAD 367635676201
BAD 367635676217
BAD 367637285329
BAD 367637342557
BAD 367637510959
BAD 367637510971
BAD 367637552567
BAD 367639054109
BAD 367639054117
BAD 367639054129
BAD 367639633189
BAD 367639861559
BAD 367603026001
BAD 367604318629
BAD 367604675309
BAD 367604675311
BAD 367605586279
BAD 367605586343
BAD 367607308261
BAD 367607528609
BAD 367607528611
BAD 367608932293
BAD 367609408097
BAD 367609408099
BAD 367610045993
BAD 367610251553
BAD 367645432177
BAD 367645432183
BAD 367611451169
BAD 367611451171
BAD 367648335953
BAD 367648335973
BAD 367648335991
BAD 367613785813
BAD 367649251181
BAD 367869292411
BAD 367869466483
BAD 367869738053
BAD 367869916003
BAD 367869916009
BAD 367751164201
BAD 367870420459
BAD 367752639019
BAD 367752639031
BAD 367652774063
BAD 367652774081
BAD 367652774087
BAD 367652774089
BAD 367822624021
BAD 367822624027
BAD 367822624049
BAD 367822825633
BAD 367654559611
BAD 367654782961
BAD 367654782967
BAD 367873807453
BAD 367755646007
BAD 367755646009
BAD 367825924789
BAD 367825924793
BAD 367825924813
BAD 367655292049
BAD 367756029889
BAD 367827032843
BAD 367827032857
BAD 367827032863
BAD 367657052261
BAD 367903387367
BAD 367717562489
BAD 367875610519
BAD 367717562491
BAD 367717562497
BAD 367856192881
BAD 367856192887
BAD 367759855537
BAD 367760021753
BAD 367876591741
BAD 367658739379
BAD 367658739401
BAD 367658739403
BAD 367658739467
BAD 367761564113
BAD 367905340043
BAD 367877982617
BAD 367906214327
BAD 367906214329
BAD 367659006529
BAD 367659006541
BAD 367720392653
BAD 367907357003
BAD 367720723973
BAD 367734832363
BAD 367907504191
BAD 367879422671
BAD 367919691229
BAD 367860226231
BAD 367908540221
BAD 367860226243
BAD 367735791677
BAD 367735791679
BAD 367764152689
BAD 367764398611
BAD 367721635381
BAD 367860737243
BAD 367722033461
BAD 367722033463
BAD 367881191669
BAD 367765082719
BAD 367736898541
BAD 367703117113
BAD 367765568647
BAD 367765568663
BAD 367910091559
BAD 367765822483
BAD 367663191631
BAD 367766924069
BAD 367766924071
BAD 367784902327
BAD 367767035443
BAD 367767035453
BAD 367862607403
BAD 367724215897
BAD 367663489223
BAD 367911934223
BAD 367911934231
BAD 367724641883
BAD 367739929121
BAD 367863806467
BAD 367863806473
BAD 367882650439
BAD 367912716443
BAD 367740364391
BAD 367864500083
BAD 367831074409
BAD 367725351923
BAD 367725988943
BAD 367725989023
BAD 367742127107
BAD 367914856501
BAD 367708636747
BAD 367726407557
BAD 367726407563
BAD 367915163933
BAD 367915163947
BAD 367915163951
BAD 367915163953
BAD 367709107589
BAD 367743215947
BAD 367743215951
BAD 367743215953
BAD 367743215963
BAD 367789685849
BAD 367867488031
BAD 367927387141
BAD 367917047599
BAD 367728519593
BAD 367927818301
BAD 367728519617
BAD 367728519619
BAD 367928143549
BAD 367729724393
BAD 367929502693
BAD 367953881599
BAD 367954041577
BAD 367954045583
BAD 367793203699
BAD 367930605283
BAD 367930605331
BAD 367713704789
BAD 367713704791
BAD 367713761087
BAD 367713761089
BAD 367731002393
BAD 367845474637
BAD 367845474653
BAD 367747407499
BAD 367794440063
BAD 367794440077
BAD 367731340709
BAD 367731529283
BAD 367731529289
BAD 367747994759
BAD 367795072481
BAD 367933401943
BAD 367847517703
BAD 367748941643
BAD 367934224433
BAD 367715381963
BAD 367796054011
BAD 367957477759
BAD 367715422057
BAD 367715422069
BAD 367715634073
BAD 367749695959
BAD 367797984779
BAD 367797984781
BAD 367750848407
BAD 367959798007
BAD 367798731473
BAD 367798731481
BAD 367801607531
BAD 367801607533
BAD 367960080997
BAD 367798922611
BAD 367798922639
BAD 367798922641
BAD 367886419709
BAD 367886419711
BAD 367800106253
BAD 367887444019
BAD 367939242511
BAD 367939322609
BAD 367888004663
BAD 367888813519
BAD 367889971753
BAD 367889971759
BAD 367963788571
BAD 367941545791
BAD 367889971763
BAD 367805527741
BAD 367805527763
BAD 367805753311
BAD 367805753327
BAD 367942040261
BAD 367806276829
BAD 367942614049
BAD 367806999457
BAD 367806999463
BAD 367965082423
BAD 367965082427
BAD 367807784371
BAD 367891756873
BAD 367943869309
BAD 367965709537
BAD 367807966319
BAD 367965709541
BAD 367807966321
BAD 367807966343
BAD 367807966349
BAD 367966375891
BAD 367966466827
BAD 367966466863
BAD 367966548031
BAD 367892911849
BAD 367892911853
BAD 367893131743
BAD 367809651373
BAD 367967260781
BAD 367967260783
BAD 367967260789
BAD 367967260807
BAD 367967346961
BAD 367947320479
BAD 367947320483
BAD 367947320491
BAD 367947320497
BAD 367947320509
BAD 367947677497
BAD 367947677501
BAD 367947872431
BAD 367811931673
BAD 367812271313
BAD 367896650041
BAD 367896650047
BAD 367950905783
BAD 367952145461
BAD 367816275949
BAD 367900328801
BAD 367900431517
BAD 367900431529
BAD 367900431541
BAD 367817375557
BAD 367817375567
BAD 367817375573
BAD 367817375581
BAD 367817375609
BAD 367768315787
BAD 367901660899
BAD 367771168663
BAD 367772852371
BAD 367772852389
BAD 367775707007
BAD 367775707009
BAD 367777780243
BAD 367777780273
BAD 367777780421
BAD 367777780423
BAD 367777780427
BAD 367777780429
BAD 367777780651
BAD 367777780663
BAD 367778031079
BAD 367778031083
BAD 367778031113
BAD 367778562451
BAD 367779199147
BAD 367779199153
BAD 367780150357
BAD 367780300561
BAD 367782218449
BAD 367784395129
BAD 367784395133
BAD 367970587823
BAD 367970587939
BAD 367972513613
BAD 367976041921
BAD 367976815277
BAD 367976815279
BAD 367978930069
BAD 367980285473
BAD 367984628383
BAD 367985586907
BAD 367985899867
BAD 367987504043
BAD 367989062773
BAD 367989759721
BAD 367989759737
BAD 367991050853
BAD 367991050859
BAD 367991152603
BAD 367991209057
BAD 367991735879
BAD 367993645027
BAD 367995254659
BAD 367995333031
BAD 367998273347
BAD 367998698807
BAD 367998698813
BAD 367998698869
BAD 367998699023
BAD 367998699053
BAD 367999960067
BAD 368000548261
BAD 368003593973
BAD 368004643009
BAD 368008059983
BAD 368009604049
BAD 368009709649
BAD 368010538411
BAD 368010538429
BAD 368010567949
BAD 368014770527
BAD 368015397863
BAD 368017216043
BAD 368018003791
BAD 368018392771
BAD 368018575921
BAD 368018575943
BAD 368036740873
BAD 368036740879
BAD 368037190693
BAD 368037675937
BAD 368038121527
BAD 368043161543
BAD 368043161561
BAD 368043194513
BAD 368043375257
BAD 368044208773
BAD 368045054161
BAD 368048067349
BAD 368048067353
BAD 368048837869
BAD 368052352543
BAD 368020709393
BAD 368021135359
BAD 368021719453
BAD 368021719469
BAD 368024547757
BAD 368024547773
BAD 368025292981
BAD 368025292993
BAD 368206768681
BAD 368207299771
BAD 368207299777
BAD 368207299781
BAD 368207299783
BAD 368208037579
BAD 368209226557
BAD 368026526159
BAD 368322755783
BAD 368322755791
BAD 368027230177
BAD 368323516423
BAD 368213403797
BAD 368213403799
BAD 368325059497
BAD 368325059503
BAD 368325059527
BAD 368029338151
BAD 368030031157
BAD 368214423173
BAD 368030298593
BAD 368031960587
BAD 368031960589
BAD 368217246703
BAD 368328631201
BAD 368329102963
BAD 368218501457
BAD 368032441433
BAD 368034507331
BAD 368330769929
BAD 368330968807
BAD 368220420131
BAD 368035457303
BAD 368332480193
BAD 368332480199
BAD 368333443297
BAD 368334293713
BAD 368334293731
BAD 368335495951
BAD 368335495973
BAD 368335496413
BAD 368335581091
BAD 368336092309
BAD 368053420093
BAD 368054184383
BAD 368055392609
BAD 368055392611
BAD 368057164919
BAD 368086839613
BAD 368087422561
BAD 368087422567
BAD 368059397533
BAD 368089526293
BAD 368061000809
BAD 368138658581
BAD 368138658583
BAD 368091292501
BAD 368091395059
BAD 368062024339
BAD 368091628013
BAD 368091628031
BAD 368091628033
BAD 368139906451
BAD 368139906473
BAD 368139906479
BAD 368139906481
BAD 368139906487
BAD 368140119481
BAD 368092301833
BAD 368092301839
BAD 368092497407
BAD 368140593019
BAD 368093138239
BAD 368093138243
BAD 368093138249
BAD 368093138251
BAD 368141612791
BAD 368154473989
BAD 368154636331
BAD 368094791521
BAD 368095073737
BAD 368155539361
BAD 368155784153
BAD 368155784167
BAD 368155784179
BAD 368103943133
BAD 368099704813
BAD 368103943189
BAD 368069679473
BAD 368070899033
BAD 368069679479
BAD 368142144571
BAD 368156248561
BAD 368100140179
BAD 368071703933
BAD 368071703939
BAD 368071703983
BAD 368238142957
BAD 368304728069
BAD 368304728123
BAD 368304927527
BAD 368072327509
BAD 368072327521
BAD 368305304209
BAD 368238921137
BAD 368238921139
BAD 368305945723
BAD 368105592739
BAD 368102283547
BAD 368073827333
BAD 368158253341
BAD 368158253347
BAD 368158512737
BAD 368240412217
BAD 368240541589
BAD 368158891123
BAD 368241007819
BAD 368308185503
BAD 368075009389
BAD 368188169941
BAD 368159055499
BAD 368159055503
BAD 368143785743
BAD 368188323091
BAD 368188323109
BAD 368188323131
BAD 368159433689
BAD 368241870511
BAD 368309975303
BAD 368309975323
BAD 368076348271
BAD 368160469741
BAD 368189590831
BAD 368242269457
BAD 368242269469
BAD 368242269481
BAD 368109613831
BAD 368161201633
BAD 368161650481
BAD 368312684711
BAD 368312684713
BAD 368111241031
BAD 368111241037
BAD 368244903119
BAD 368078633603
BAD 368112134773
BAD 368246384147
BAD 368163118913
BAD 368163199441
BAD 368246580859
BAD 368255442917
BAD 368315652709
BAD 368113277359
BAD 368163639563
BAD 368080888873
BAD 368256797239
BAD 368114332043
BAD 368081726003
BAD 368257145701
BAD 368082322591
BAD 368257568449
BAD 368317606213
BAD 368220993083
BAD 368165087723
BAD 368165087729
BAD 368165087753
BAD 368165087761
BAD 368165087779
BAD 368221529849
BAD 368249142137
BAD 368249142139
BAD 368166158911
BAD 368166158963
BAD 368083459759
BAD 368083459789
BAD 368083478827
BAD 368197455893
BAD 368250500147
BAD 368085239143
BAD 368148972977
BAD 368124455233
BAD 368294476519
BAD 368148972979
BAD 368197455907
BAD 368263474643
BAD 368224789549
BAD 368294476531
BAD 368319033331
BAD 368168723081
BAD 368356053931
BAD 368224789553
BAD 368124455239
BAD 368124455243
BAD 368356111411
BAD 368149148053
BAD 368319336953
BAD 368263794761
BAD 368263794763
BAD 368294897549
BAD 368124905611
BAD 368319566653
BAD 368250955687
BAD 368376838267
BAD 368376838273
BAD 368376840943
BAD 368173026049
BAD 368251301339
BAD 368377267849
BAD 368173365037
BAD 368251301377
BAD 368295671827
BAD 368149870909
BAD 368117204681
BAD 368295674479
BAD 368150138137
BAD 368170177909
BAD 368321070289
BAD 368321070301
BAD 368126664583
BAD 368296481461
BAD 368339079949
BAD 368266142449
BAD 368251757089
BAD 368150715817
BAD 368174182939
BAD 368151065543
BAD 368151065551
BAD 368358639923
BAD 368358639931
BAD 368200204013
BAD 368378654629
BAD 368378654671
BAD 368266961509
BAD 368200869277
BAD 368272586371
BAD 368272586377
BAD 368228997869
BAD 368340855319
BAD 368379782629
BAD 368379782633
BAD 368129523743
BAD 368229343793
BAD 368254002443
BAD 368202075443
BAD 368273921321
BAD 368176442833
BAD 368176442849
BAD 368299271113
BAD 368380573711
BAD 368274264713
BAD 368274450689
BAD 368268958163
BAD 368361047993
BAD 368381514887
BAD 368381514889
BAD 368381514899
BAD 368381514901
BAD 368382073261
BAD 368382073271
BAD 368276045261
BAD 368270712559
BAD 368276691469
BAD 368382690733
BAD 368382690737
BAD 368382690763
BAD 368277143713
BAD 368132488069
BAD 368277313133
BAD 368383281613
BAD 368344163717
BAD 368383281619
BAD 368344163731
BAD 368178829891
BAD 368178829913
BAD 368132532979
BAD 368132532983
BAD 368232849617
BAD 368233186499
BAD 368233186501
BAD 368384230943
BAD 368384685803
BAD 368278699847
BAD 368278699849
BAD 368278699853
BAD 368278720861
BAD 368133631639
BAD 368278942861
BAD 368180080033
BAD 368364700519
BAD 368364700541
BAD 368346389221
BAD 368365098979
BAD 368365099013
BAD 368365099021
BAD 368346642799
BAD 368346642803
BAD 368346642841
BAD 368303924959
BAD 368385958951
BAD 368235092389
BAD 368235672289
BAD 368235672293
BAD 368365942193
BAD 368281022521
BAD 368347272121
BAD 368281094383
BAD 368347617601
BAD 368387868791
BAD 368237335691
BAD 368237335693
BAD 368282676037
BAD 368283008033
BAD 368283008089
BAD 368348593103
BAD 368368552931
BAD 368368552933
BAD 368368609403
BAD 368283587993
BAD 368348929679
BAD 368348929681
BAD 368183624551
BAD 368368986001
BAD 368284271717
BAD 368284490117
BAD 368286135787
BAD 368286135793
BAD 368185610047
BAD 368286980791
BAD 368354229037
BAD 368405426789
BAD 368405426791
BAD 368405426797
BAD 368407300117
BAD 368408484949
BAD 368409095491
BAD 368409954559
BAD 368409954623
BAD 368409954643
BAD 368410572017
BAD 368412489559
BAD 368412489563
BAD 368412489569
BAD 368413659127
BAD 368416345579
BAD 368419025003
BAD 368419025011
BAD 368419221293
BAD 368419628543
BAD 368420345207
BAD 368389543411
BAD 368389681081
BAD 368392061491
BAD 368392137923
BAD 368393125847
BAD 368393355481
BAD 368394045709
BAD 368395050181
BAD 368395759967
BAD 368399364149
BAD 368399364173
BAD 368402549533
BAD 368402549569
BAD 368402549573
BAD 368403722119
BAD 368403746873
BAD 368404084343
BAD 368424818353
BAD 368428129753
BAD 368428129829
BAD 368429012747
BAD 368429012759
BAD 368429012761
BAD 368429813461
BAD 368431025969
BAD 368431025971
BAD 368431025983
BAD 368431031849
BAD 368436901463
BAD 368438810611
BAD 368474111671
BAD 368474293267
BAD 368476842809
BAD 368477373961
BAD 368477373967
BAD 368477373973
BAD 368478807107
BAD 368480042621
BAD 368480073631
BAD 368480297401
BAD 368482698037
BAD 368483963819
BAD 368486723629
BAD 368487313589
BAD 368487313591
BAD 368774489753
BAD 368774601563
BAD 368782401329
BAD 368607476617
BAD 368607476623
BAD 368608942157
BAD 368784838777
BAD 368784838801
BAD 368784838817
BAD 368784838819
BAD 368573849821
BAD 368574675043
BAD 368610288619
BAD 368574881933
BAD 368575505959
BAD 368787240929
BAD 368789130613
BAD 368789130643
BAD 368789619403
BAD 368613212029
BAD 368790393133
BAD 368791123037
BAD 368791123039
BAD 368579506039
BAD 368580127999
BAD 368580128003
BAD 368620440823
BAD 368621726491
BAD 368622811811
BAD 368757858509
BAD 368758278919
BAD 368585245489
BAD 368586287611
BAD 368587406597
BAD 368587406599
BAD 368588655649
BAD 368588655653
BAD 368588958553
BAD 368693691031
BAD 368589730151
BAD 368589730153
BAD 368764314803
BAD 368439506063
BAD 368765291911
BAD 368695490329
BAD 368695490341
BAD 368695588531
BAD 368695588537
BAD 368695588543
BAD 368440265971
BAD 368440905743
BAD 368766389917
BAD 368766979453
BAD 368766979463
BAD 368442231827
BAD 368699283551
BAD 368699283553
BAD 368767458713
BAD 368767458727
BAD 368699580839
BAD 368699580841
BAD 368699580859
BAD 368699803987
BAD 368699803991
BAD 368699803993
BAD 368699803999
BAD 368700028321
BAD 368700028327
BAD 368701288247
BAD 368769377293
BAD 368701609163
BAD 368701609193
BAD 368701609217
BAD 368701609219
BAD 368701759709
BAD 368701759711
BAD 368701759733
BAD 368701759759
BAD 368492816873
BAD 368446076599
BAD 368702980673
BAD 368770933669
BAD 368446201583
BAD 368771172961
BAD 368495957161
BAD 368447297927
BAD 368741525599
BAD 368704938779
BAD 368447297929
BAD 368771172967
BAD 368704938781
BAD 368704938817
BAD 368741591221
BAD 368771255273
BAD 368741632283
BAD 368741632291
BAD 368741632339
BAD 368741673541
BAD 368497136783
BAD 368497157893
BAD 368772841981
BAD 368706513083
BAD 368497244021
BAD 368497244023
BAD 368497945877
BAD 368498352241
BAD 368498352253
BAD 368498352301
BAD 368498352323
BAD 368774271233
BAD 368498669741
BAD 368498669743
BAD 368498924777
BAD 368498924779
BAD 368499155933
BAD 368499282383
BAD 368499401209
BAD 368451665723
BAD 368747874629
BAD 368749156189
BAD 368503240423
BAD 368454631949
BAD 368504460361
BAD 368504460383
BAD 368505659713
BAD 368505659719
BAD 368753318183
BAD 368753778577
BAD 368507000821
BAD 368507000837
BAD 368507000839
BAD 368507000843
BAD 368624301637
BAD 368508155111
BAD 368624683309
BAD 368625600533
BAD 368509468351
BAD 368756447419
BAD 368756447429
BAD 368756447431
BAD 368522895343
BAD 368523150937
BAD 368523150943
BAD 368626805303
BAD 368626805311
BAD 368510753311
BAD 368591603791
BAD 368591659141
BAD 368627707673
BAD 368511465331
BAD 368511465337
BAD 368511480899
BAD 368511654551
BAD 368525769713
BAD 368525842117
BAD 368525869441
BAD 368525869469
BAD 368525869471
BAD 368674731479
BAD 368628271397
BAD 368628271399
BAD 368628360917
BAD 368458309873
BAD 368593997887
BAD 368675825569
BAD 368629635433
BAD 368514888109
BAD 368514888139
BAD 368630174779
BAD 368630431591
BAD 368527569173
BAD 368631071687
BAD 368528041667
BAD 368528041669
BAD 368541551683
BAD 368596953211
BAD 368541551689
BAD 368677507741
BAD 368518437289
BAD 368631290243
BAD 368462245069
BAD 368677555979
BAD 368541609301
BAD 368541609307
BAD 368678134313
BAD 368519462789
BAD 368519462791
BAD 368529360653
BAD 368529379459
BAD 368632837121
BAD 368632837123
BAD 368463433069
BAD 368598047039
BAD 368598047053
BAD 368679510673
BAD 368661854333
BAD 368680146721
BAD 368544885523
BAD 368544885529
BAD 368635009201
BAD 368635009207
BAD 368709834407
BAD 368531832829
BAD 368663350739
BAD 368663389117
BAD 368599586263
BAD 368599586281
BAD 368546317991
BAD 368710832813
BAD 368710832827
BAD 368710914883
BAD 368711123567
BAD 368466108233
BAD 368664250217
BAD 368466108239
BAD 368664250219
BAD 368682988169
BAD 368636842759
BAD 368548307761
BAD 368548307767
BAD 368468057569
BAD 368548774487
BAD 368684343497
BAD 368684343499
BAD 368640631699
BAD 368535391699
BAD 368535391703
BAD 368535391711
BAD 368535391717
BAD 368684462099
BAD 368535514573
BAD 368535514579
BAD 368535514583
BAD 368714704297
BAD 368714841217
BAD 368469081923
BAD 368685443653
BAD 368715571727
BAD 368715571729
BAD 368603386483
BAD 368642261677
BAD 368537793193
BAD 368551122553
BAD 368470341013
BAD 368686925363
BAD 368604345937
BAD 368687172281
BAD 368687172283
BAD 368687176183
BAD 368687176189
BAD 368538487007
BAD 368667879793
BAD 368667879803
BAD 368538490687
BAD 368471200651
BAD 368643455419
BAD 368643455423
BAD 368643455461
BAD 368725093393
BAD 368552459573
BAD 368552459603
BAD 368552872073
BAD 368725850923
BAD 368552973059
BAD 368688948263
BAD 368668881913
BAD 368688948269
BAD 368726489239
BAD 368645359997
BAD 368645360003
BAD 368645510237
BAD 368645510251
BAD 368645510257
BAD 368554477283
BAD 368720677547
BAD 368728153163
BAD 368670729509
BAD 368670729521
BAD 368556647321
BAD 368723082523
BAD 368671693603
BAD 368730498589
BAD 368730498601
BAD 368724071803
BAD 368558596097
BAD 368673078247
BAD 368732529743
BAD 368732668163
BAD 368733187681
BAD 368733188071
BAD 368733188077
BAD 368733188123
BAD 368733779867
BAD 368733779873
BAD 368733779881
BAD 368561628377
BAD 368654046623
BAD 368654341921
BAD 368655077851
BAD 368655535583
BAD 368656084133
BAD 368564369879
BAD 368564369881
BAD 368564469961
BAD 368564469971
BAD 368564820353
BAD 368656788349
BAD 368656901971
BAD 368656971607
BAD 368565304469
BAD 368565304477
BAD 368738528503
BAD 368567117827
BAD 368568181321
BAD 368568322313
BAD 368568322321
BAD 368569912369
BAD 368570799563
BAD 368570799581
BAD 368570973737
BAD 368570973739
BAD 368571258323
BAD 368571258343
BAD 368571258347
BAD 368571258353
BAD 368572157377
BAD 368824936679
BAD 368824936681
BAD 368826620479
BAD 368826823171
BAD 368827268911
BAD 368828342681
BAD 368830385257
BAD 368792229229
BAD 368792451773
BAD 368792643563
BAD 368792933323
BAD 368834465227
BAD 368835074081
BAD 368835074089
BAD 368794821467
BAD 368794821469
BAD 368795511571
BAD 368795511631
BAD 368837275427
BAD 368837701777
BAD 368839520633
BAD 368839544399
BAD 368839544401
BAD 368801450923
BAD 368801877931
BAD 368802231923
BAD 368805649117
BAD 368805786961
BAD 368807024317
BAD 368807024329
BAD 368808422471
BAD 368808422473
BAD 368810397589
BAD 368810999329
BAD 368811047581
BAD 368811884509
BAD 368811884513
BAD 368812470031
BAD 368814114709
BAD 368815318073
BAD 368815364059
BAD 368815569301
BAD 368816440141
BAD 368818403593
BAD 368818403599
BAD 368820822059
BAD 368820822061
BAD 368820822067
BAD 368823719239
BAD 368876574223
BAD 368880643063
BAD 368883822949
BAD 368885993351
BAD 368888613683
BAD 368889174229
BAD 368889174233
BAD 368889174239
BAD 368889707749
BAD 368891402483
BAD 368843388973
BAD 368843388983
BAD 368843388989
BAD 368843681893
BAD 368911737899
BAD 368843842379
BAD 368844175663
BAD 368912425993
BAD 368912722459
BAD 368912722481
BAD 368845100213
BAD 368913905183
BAD 368914074611
BAD 368859466427
BAD 368859706639
BAD 368859706643
BAD 368914431517
BAD 368915232487
BAD 368861333033
BAD 368849199379
BAD 368918113439
BAD 368918113441
BAD 368918701133
BAD 368918701147
BAD 368849888021
BAD 368849888023
BAD 368849888027
BAD 368849888047
BAD 368850009571
BAD 368861602651
BAD 368977181147
BAD 368977181149
BAD 368977181159
BAD 368977181161
BAD 368851275553
BAD 368977413559
BAD 368977413577
BAD 368977413583
BAD 368861909333
BAD 368851970083
BAD 368922918391
BAD 368923753259
BAD 368863294043
BAD 368924075369
BAD 368979093229
BAD 368863566109
BAD 368863566121
BAD 368863777141
BAD 368924853007
BAD 368980066181
BAD 368980066183
BAD 368980298581
BAD 368980298591
BAD 368864926723
BAD 368854813141
BAD 369144627469
BAD 369144627473
BAD 368867106229
BAD 369146000851
BAD 368982955837
BAD 368982955841
BAD 368982955843
BAD 369146838059
BAD 369146838061
BAD 368856693791
BAD 368984929889
BAD 368984929891
BAD 368857690627
BAD 368857690639
BAD 368870857219
BAD 368985979997
BAD 369149950823
BAD 369150850183
BAD 368987479649
BAD 368872584407
BAD 368872584413
BAD 369160955941
BAD 369152189521
BAD 369152260727
BAD 368873522273
BAD 368988944659
BAD 369153877751
BAD 369153877753
BAD 369153999013
BAD 369163039009
BAD 369155038543
BAD 369156628601
BAD 369156628613
BAD 369156634997
BAD 369156634999
BAD 369157555759
BAD 369157555771
BAD 369159552343
BAD 369159552347
BAD 369159552353
BAD 369061635083
BAD 369062437309
BAD 369062437313
BAD 369063058807
BAD 369063058811
BAD 369063894323
BAD 369064549283
BAD 369064741673
BAD 368894532011
BAD 368894832727
BAD 368894832751
BAD 368895326563
BAD 368895326567
BAD 369068107259
BAD 369068864123
BAD 368896983929
BAD 368897302699
BAD 369070340641
BAD 369070493699
BAD 369070493749
BAD 369070493767
BAD 369070872103
BAD 369070911347
BAD 369071097301
BAD 369071097313
BAD 369071097319
BAD 369176790817
BAD 369071097323
BAD 369071097331
BAD 369176825299
BAD 369071552587
BAD 369071552611
BAD 368899132801
BAD 368900170609
BAD 369093932791
BAD 368901044069
BAD 369074743469
BAD 368903824909
BAD 368903916743
BAD 368904024829
BAD 368959461407
BAD 369099092849
BAD 369099092851
BAD 369099092863
BAD 368960617667
BAD 369099805937
BAD 369099805939
BAD 369099805957
BAD 369099805961
BAD 369099836813
BAD 368961036739
BAD 369100192693
BAD 369100279117
BAD 368962830391
BAD 368963247799
BAD 368963330401
BAD 369103211039
BAD 369103211041
BAD 369103211051
BAD 369103211053
BAD 368942765641
BAD 368942956777
BAD 368942956799
BAD 368942956801
BAD 368965144333
BAD 368965144343
BAD 368943199763
BAD 368943199777
BAD 368966575477
BAD 368944150459
BAD 368944751407
BAD 368944751411
BAD 369107904173
BAD 368927095463
BAD 368927386073
BAD 369109464023
BAD 369109464029
BAD 368947758203
BAD 368947758209
BAD 368947758211
BAD 368947879969
BAD 368948559713
BAD 368949085699
BAD 368931232199
BAD 368971321343
BAD 368932504793
BAD 368932504849
BAD 368951071343
BAD 369077038817
BAD 369077038819
BAD 369010641301
BAD 368952139403
BAD 368952591983
BAD 369011327513
BAD 368934259313
BAD 368934259321
BAD 368934259327
BAD 369026556533
BAD 368974592827
BAD 368953024361
BAD 369012139231
BAD 369012225739
BAD 368975236207
BAD 368935739483
BAD 369078984749
BAD 369078984751
BAD 369028265659
BAD 368936417123
BAD 368936685233
BAD 369013221631
BAD 369030337243
BAD 369112642967
BAD 369127014941
BAD 369127014943
BAD 368939386589
BAD 368939386591
BAD 368939386609
BAD 369114087733
BAD 369114137479
BAD 368957791681
BAD 369015460663
BAD 369128708339
BAD 369128708341
BAD 369033521849
BAD 369033521851
BAD 369083729243
BAD 369131156519
BAD 369131156521
BAD 369084306623
BAD 369084306629
BAD 369084306631
BAD 369116699467
BAD 369034731589
BAD 369117638431
BAD 369117638453
BAD 369035935921
BAD 369036302027
BAD 369036302029
BAD 369194587739
BAD 369194943983
BAD 369133944799
BAD 369000111049
BAD 369000111061
BAD 369037772717
BAD 369037772759
BAD 369088536371
BAD 369135242527
BAD 369088536373
BAD 369038584417
BAD 369002903869
BAD 369135242537
BAD 369002973491
BAD 369002973497
BAD 369002973499
BAD 369121628719
BAD 369121628723
BAD 369121628803
BAD 369121835743
BAD 369122181157
BAD 369039601439
BAD 369199091357
BAD 369043503901
BAD 369043503949
BAD 369039906409
BAD 369122887129
BAD 369136865033
BAD 369123057791
BAD 369137039333
BAD 369040660169
BAD 369044784721
BAD 369091033463
BAD 369045480703
BAD 369124812703
BAD 369041955973
BAD 369041955983
BAD 369041997271
BAD 369025655281
BAD 369201775973
BAD 369025655287
BAD 369125024003
BAD 369025655291
BAD 369201775981
BAD 369007958951
BAD 369140059633
BAD 369025655293
BAD 369007958953
BAD 369140059663
BAD 369202000939
BAD 369202000943
BAD 369026043209
BAD 369009335731
BAD 369143122343
BAD 369178471957
BAD 369052091509
BAD 369178962797
BAD 369178962799
BAD 369179187427
BAD 369052906093
BAD 369052906099
BAD 369052906111
BAD 369207111887
BAD 369207219643
BAD 369207219649
BAD 369054690049
BAD 369181348069
BAD 369055697929
BAD 369055717403
BAD 369056219383
BAD 369210200573
BAD 369056285183
BAD 369183619957
BAD 369184045247
BAD 369057307897
BAD 369186488323
BAD 369187078193
BAD 369187099051
BAD 369187617661
BAD 369187617683
BAD 369188520083
BAD 369188520247
BAD 369188520251
BAD 369188879023
BAD 369189502931
BAD 369189502933
BAD 369190337449
BAD 369190875223
BAD 369193863169
BAD 369227936689
BAD 369228674443
BAD 369229559731
BAD 369229565503
BAD 369233640473
BAD 369234355423
BAD 369237974551
BAD 369240454651
BAD 369241592081
BAD 369241969133
BAD 369241969139
BAD 369241969141
BAD 369241969147
BAD 369243567733
BAD 369210914521
BAD 369211470883
BAD 369211470893
BAD 369213553931
BAD 369213849401
BAD 369214530403
BAD 369215401943
BAD 369217230451
BAD 369219290449
BAD 369222663949
BAD 369224421481
BAD 369224421499
BAD 369224721143
BAD 369245512553
BAD 369246158779
BAD 369248042641
BAD 369249464587
BAD 369249972391
BAD 369250149517
BAD 369250834441
BAD 369250834453
BAD 369252149393
BAD 369252149401
BAD 369252269977
BAD 369252287093
BAD 369253610071
BAD 369253970843
BAD 369254508487
BAD 369255839081
BAD 369255839083
BAD 369255839089
BAD 369256675037
BAD 369256675061
BAD 369256675063
BAD 369258461251
BAD 369331081591
BAD 369332368969
BAD 369333774841
BAD 369334912223
BAD 369336145597
BAD 369337341589
BAD 369279299513
BAD 369280104121
BAD 369280104163
BAD 369339973823
BAD 369264333709
BAD 369264333719
BAD 369264333721
BAD 369264333743
BAD 369266301049
BAD 369268029679
BAD 369343696391
BAD 369268531637
BAD 369268954141
BAD 369344424901
BAD 369285906683
BAD 369270273733
BAD 369286438363
BAD 369286952899
BAD 369287096671
BAD 369287189221
BAD 369288128389
BAD 369288128393
BAD 369288548831
BAD 369288548833
BAD 369288566147
BAD 369288566149
BAD 369348888919
BAD 369274268359
BAD 369311958209
BAD 369276449413
BAD 369276449431
BAD 369352555471
BAD 369290530859
BAD 369290939243
BAD 369314161991
BAD 369355325879
BAD 369355325881
BAD 369355325887
BAD 369355325957
BAD 369356069123
BAD 369292510597
BAD 369356618941
BAD 369356643373
BAD 369357508193
BAD 369359164183
BAD 369323067613
BAD 369359164189
BAD 369359164193
BAD 369323094097
BAD 369323626033
BAD 369324176213
BAD 369360788449
BAD 369360788453
BAD 369360962083
BAD 369325090093
BAD 369325090097
BAD 369325747003
BAD 369326116051
BAD 369513467683
BAD 369514099723
BAD 369514099733
BAD 369514099741
BAD 369514932121
BAD 369515405183
BAD 369515631241
BAD 369522770737
BAD 369522977149
BAD 369523211641
BAD 369523211647
BAD 369525371483
BAD 369525392449
BAD 369525392461
BAD 369527332159
BAD 369528911443
BAD 369529058539
BAD 369416885443
BAD 369529058543
BAD 369295082353
BAD 369295082357
BAD 369365549393
BAD 369366865559
BAD 369366865561
BAD 369367051211
BAD 369367051213
BAD 369367051219
BAD 369418345259
BAD 369367227301
BAD 369367227311
BAD 369367312493
BAD 369419087599
BAD 369419496553
BAD 369419496559
BAD 369297973931
BAD 369297973943
BAD 369369225521
BAD 369370236173
BAD 369370236181
BAD 369370236187
BAD 369370236227
BAD 369370618459
BAD 369299619001
BAD 369299964973
BAD 369299964983
BAD 369300405263
BAD 369300760783
BAD 369422315489
BAD 369371236081
BAD 369422315491
BAD 369372027509
BAD 369372027511
BAD 369372027517
BAD 369423411953
BAD 369423412013
BAD 369423776263
BAD 369372612113
BAD 369374010479
BAD 369374010493
BAD 369302195201
BAD 369302195203
BAD 369302195239
BAD 369302195243
BAD 369375193409
BAD 369375878051
BAD 369377153087
BAD 369377153107
BAD 369377153111
BAD 369377153113
BAD 369377472109
BAD 369531023549
BAD 369305334353
BAD 369378414373
BAD 369565382243
BAD 369306533941
BAD 369565660081
BAD 369380325343
BAD 369479847889
BAD 369566157559
BAD 369533308733
BAD 369533308763
BAD 369380749733
BAD 369566654791
BAD 369380824369
BAD 369480702529
BAD 369566961109
BAD 369308419981
BAD 369308419993
BAD 369567641959
BAD 369567699967
BAD 369482289749
BAD 369482289751
BAD 369568745149
BAD 369569061223
BAD 369309467281
BAD 369570110159
BAD 369570564247
BAD 369570564263
BAD 369570927109
BAD 369485025887
BAD 369580225249
BAD 369580225253
BAD 369311262949
BAD 369311262953
BAD 369571394761
BAD 369581293709
BAD 369487419607
BAD 369429365323
BAD 369386386553
BAD 369574512533
BAD 369429365339
BAD 369396362011
BAD 369574512563
BAD 369429365341
BAD 369386428681
BAD 369487716253
BAD 369488129243
BAD 369488209109
BAD 369396858451
BAD 369396858463
BAD 369488355629
BAD 369386944747
BAD 369575729527
BAD 369488740897
BAD 369543565201
BAD 369489089419
BAD 369543717097
BAD 369543717107
BAD 369397458901
BAD 369387770393
BAD 369387907831
BAD 369490151647
BAD 369585553723
BAD 369432235903
BAD 369577456543
BAD 369577456561
BAD 369432577763
BAD 369402215671
BAD 369545710537
BAD 369597040871
BAD 369491313817
BAD 369577748251
BAD 369389937047
BAD 369497180243
BAD 369463541287
BAD 369432577867
BAD 369545710543
BAD 369432577873
BAD 369545710549
BAD 369432577883
BAD 369497228413
BAD 369491427553
BAD 369545813503
BAD 369497475383
BAD 369597608123
BAD 369498391343
BAD 369498391349
BAD 369498391351
BAD 369546124501
BAD 369498538973
BAD 369579265519
BAD 369589813771
BAD 369403328951
BAD 369403328953
BAD 369403328963
BAD 369391615913
BAD 369435473933
BAD 369393048883
BAD 369435473969
BAD 369435588947
BAD 369501115057
BAD 369599994781
BAD 369600037931
BAD 369592352933
BAD 369592419667
BAD 369436224631
BAD 369600372121
BAD 369406325011
BAD 369394443007
BAD 369502525549
BAD 369407061983
BAD 369502922003
BAD 369503155627
BAD 369593953303
BAD 369593953307
BAD 369594132443
BAD 369594132449
BAD 369594132451
BAD 369594132487
BAD 369438064301
BAD 369408260257
BAD 369408260303
BAD 369596488643
BAD 369505258127
BAD 369505474031
BAD 369505634137
BAD 369603798961
BAD 369440615983
BAD 369506933867
BAD 369471887273
BAD 369507369227
BAD 369606971737
BAD 369606971743
BAD 369508135643
BAD 369607978199
BAD 369473570143
BAD 369445371601
BAD 369445371637
BAD 369610691581
BAD 369612037811
BAD 369612037813
BAD 369612037819
BAD 369510759161
BAD 369612982507
BAD 369612982523
BAD 369613098649
BAD 369613269811
BAD 369511710287
BAD 369511710289
BAD 369618032263
BAD 369478613617
BAD 369478711853
BAD 369479110003
BAD 369621116701
BAD 369621116743
BAD 369623353511
BAD 369623353513
BAD 369623827291
BAD 369623827303
BAD 369623827319
BAD 369623856949
BAD 369623952059
BAD 369624309269
BAD 369624956473
BAD 369624956479
BAD 369624956497
BAD 369625002217
BAD 369625002221
BAD 369625002223
BAD 369626194607
BAD 369627428119
BAD 369627428123
BAD 369627428179
BAD 369627879391
BAD 369628821031
BAD 369633251023
BAD 369635827291
BAD 369635978359
BAD 369636381397
BAD 369637814431
BAD 369547574731
BAD 369548363123
BAD 369445849841
BAD 369445849879
BAD 369550458019
BAD 369642874171
BAD 369642887927
BAD 369642933623
BAD 369643039433
BAD 369643138087
BAD 369449073743
BAD 369553455863
BAD 369449581427
BAD 369554859833
BAD 369644332643
BAD 369555102421
BAD 369450314593
BAD 369644812297
BAD 369450820411
BAD 369645216517
BAD 369452386123
BAD 369557638979
BAD 369557638981
BAD 369452931671
BAD 369559354613
BAD 369454184383
BAD 369455920877
BAD 369455920879
BAD 369455948179
BAD 369561992389
BAD 369458157953
BAD 369458462467
BAD 369459447341
BAD 369460558741
BAD 369460558763
BAD 369460558939
BAD 369460974167
BAD 369461587051
BAD 369461659759
BAD 369999652751
BAD 369999652753
BAD 369999757339
BAD 369999757343
BAD 369681276893
BAD 369681609653
BAD 369681609659
BAD 369681609667
BAD 369686576327
BAD 369686576341
BAD 369686576353
BAD 369686576359
BAD 369687705391
BAD 369687705397
BAD 369688446301
BAD 369688459871
BAD 369688459873
BAD 369690832453
BAD 369691515727
BAD 369734230451
BAD 369692451769
BAD 369692451773
BAD 369692700593
BAD 369692719933
BAD 369735595777
BAD 369737804869
BAD 369695748787
BAD 369696072391
BAD 369739943423
BAD 369740298883
BAD 369663938957
BAD 369664653143
BAD 369746252773
BAD 369746762963
BAD 369668017909
BAD 369668017933
BAD 369668017951
BAD 369668296939
BAD 369668324899
BAD 369668324903
BAD 369671570267
BAD 369671570299
BAD 369671931953
BAD 369671931973
BAD 369646953373
BAD 369646953383
BAD 369646953397
BAD 369647808169
BAD 369648479219
BAD 369676132607
BAD 369648855319
BAD 369648876173
BAD 369648896723
BAD 369648896731
BAD 369676645909
BAD 369676645913
BAD 369649286873
BAD 369649301977
BAD 369677286323
BAD 369678924553
BAD 369652595723
BAD 369680355623
BAD 369656306113
BAD 369660163661
BAD 369660959279
BAD 369660959281
BAD 369662529991
BAD 369662530007
BAD 369662904049
BAD 369663447877
BAD 369719436811
BAD 369719436817
BAD 369723364853
BAD 369727975103
BAD 369729108871
BAD 369729412417
BAD 369729436913
BAD 369729740453
BAD 369730167619
BAD 369699346999
BAD 369700275421
BAD 369700515133
BAD 369700904413
BAD 369701259097
BAD 369701259107
BAD 369701279257
BAD 369701279261
BAD 369701709799
BAD 369701709803
BAD 369701709833
BAD 369704404133
BAD 369705074659
BAD 369705074803
BAD 369706219669
BAD 369706219681
BAD 369708908497
BAD 369708908507
BAD 369708908509
BAD 369709951241
BAD 369709951243
BAD 369710416771
BAD 369711833207
BAD 369712690537
BAD 369713654293
BAD 369748454893
BAD 369748454897
BAD 369748885859
BAD 369748885861
BAD 369748885867
BAD 369748885873
BAD 369748885879
BAD 369749921423
BAD 369749990557
BAD 369749990563
BAD 369750164957
BAD 369751775093
BAD 369753968513
BAD 369754083001
BAD 369754987717
BAD 369757510231
BAD 369757510237
BAD 369757695833
BAD 369759680581
BAD 369760845211
BAD 369760845221
BAD 369760845227
BAD 369760845373
BAD 369762734647
BAD 369798879113
BAD 369799693553
BAD 369816622181
BAD 369816622183
BAD 369816622187
BAD 369801283409
BAD 369801508651
BAD 369817842739
BAD 369817842749
BAD 369817842883
BAD 369801748837
BAD 369801748871
BAD 369801748873
BAD 369802540253
BAD 369802540259
BAD 369819929761
BAD 369965790127
BAD 369820882471
BAD 369804485749
BAD 369966796061
BAD 369966796063
BAD 369804689719
BAD 369805357133
BAD 369967460593
BAD 369823476881
BAD 369823605211
BAD 369823605247
BAD 369823605259
BAD 369823605271
BAD 369969189019
BAD 369969189223
BAD 369808876067
BAD 369808876069
BAD 369825264023
BAD 369825373849
BAD 369970701493
BAD 369810486691
BAD 369825996203
BAD 369916853821
BAD 369916988611
BAD 369917376811
BAD 369917403997
BAD 369812640229
BAD 369812640271
BAD 369812725769
BAD 369812725771
BAD 369812725781
BAD 369812725783
BAD 369827308289
BAD 369813589099
BAD 369813589111
BAD 369813667343
BAD 369827913461
BAD 369919120699
BAD 369814370407
BAD 369919923127
BAD 369919923133
BAD 369829237793
BAD 369865113139
BAD 369865382993
BAD 369865383001
BAD 369765325133
BAD 369922298527
BAD 369831003683
BAD 369831003697
BAD 369831067553
BAD 369923334721
BAD 369949493299
BAD 369977542309
BAD 369949798303
BAD 369766875161
BAD 369950361773
BAD 369869520781
BAD 369767394319
BAD 369978464771
BAD 369978464773
BAD 369782401007
BAD 369782401013
BAD 369925205413
BAD 369782476771
BAD 369835083841
BAD 369925417097
BAD 369848839369
BAD 369848839387
BAD 369848870737
BAD 369870814771
BAD 369835811993
BAD 369835812001
BAD 369870873949
BAD 369925770793
BAD 369952105849
BAD 369871346569
BAD 369871346573
BAD 369979834843
BAD 369953050939
BAD 369980272253
BAD 369980272261
BAD 369953506969
BAD 369980505943
BAD 369784637953
BAD 369784637969
BAD 369837768919
BAD 369851199491
BAD 369851199493
BAD 369851199499
BAD 369851199503
BAD 369851199511
BAD 369851199517
BAD 369838056919
BAD 369770410447
BAD 369927505807
BAD 369981202477
BAD 369928349291
BAD 369928349293
BAD 369874965101
BAD 369874965127
BAD 369786531899
BAD 369853610701
BAD 369956756513
BAD 369957097849
BAD 369929631301
BAD 369929631347
BAD 369929631373
BAD 369877000979
BAD 369877000981
BAD 369957801263
BAD 369855099013
BAD 369773152849
BAD 369855099023
BAD 369855351377
BAD 369855351379
BAD 369855351407
BAD 369855351409
BAD 369855351443
BAD 369855471541
BAD 369855511273
BAD 369930200923
BAD 369788250683
BAD 369877629019
BAD 369774124747
BAD 369843609979
BAD 369934233061
BAD 369934364221
BAD 369934364227
BAD 369934364231
BAD 369879722761
BAD 369879722777
BAD 369857401201
BAD 369857415799
BAD 369857415803
BAD 369983857337
BAD 369983857339
BAD 369983857349
BAD 369880290149
BAD 369880290151
BAD 369900217111
BAD 369881279189
BAD 369881279191
BAD 369776494981
BAD 369776494987
BAD 369881764423
BAD 369881764489
BAD 369858886681
BAD 369858886687
BAD 369858897263
BAD 369791978767
BAD 369791978771
BAD 369777521389
BAD 369902867963
BAD 369902867969
BAD 369902867977
BAD 369792521731
BAD 369792521753
BAD 369792521771
BAD 369792521773
BAD 369887928731
BAD 369887928733
BAD 369793258721
BAD 369793596691
BAD 369965575957
BAD 369965575981
BAD 369939147079
BAD 369939147091
BAD 369939147143
BAD 369988519699
BAD 369780857573
BAD 369988895387
BAD 369988895389
BAD 369795832009
BAD 369795940399
BAD 369892190693
BAD 369892190719
BAD 369892190729
BAD 369892227169
BAD 369796858853
BAD 369990256591
BAD 369942088561
BAD 369942088567
BAD 369942088573
BAD 369942597769
BAD 369942948371
BAD 369942948373
BAD 369991664953
BAD 369894029851
BAD 369894030413
BAD 369992127217
BAD 369909534413
BAD 369894708727
BAD 369894708739
BAD 369894805387
BAD 369910747013
BAD 369945344711
BAD 369945344737
BAD 369945580973
BAD 369945581003
BAD 369945593071
BAD 369946139611
BAD 369994981333
BAD 369994981553
BAD 369946380317
BAD 369946380319
BAD 369897504503
BAD 369897553177
BAD 369897825439
BAD 369897825443
BAD 369897894913
BAD 369912978833
BAD 369996133561
BAD 369997940101
BAD 369998120641
BAD 369998120663
BAD 369998120669
BAD 369998120671
BAD 369998120693
BAD 369998132723
BAD 369998676277
BAD 369998676283
BAD 369998676293
BAD 369999219199
BAD 369999219203
RANGE 360000000000 370000000000 PRIMES 375610118 BAD 9164
