BAD 340033957477
BAD 340033957489
BAD 340034976877
BAD 340035077387
BAD 340101823703
BAD 340036443479
BAD 340036443619
BAD 340036459981
BAD 340119713653
BAD 340235053693
BAD 340235053751
BAD 340120296727
BAD 340120561037
BAD 340120561043
BAD 340237337029
BAD 340237468463
BAD 340106320133
BAD 340106320139
BAD 340257194371
BAD 340257194383
BAD 340106515951
BAD 340257480313
BAD 340257480319
BAD 340257480323
BAD 340238059333
BAD 340106759789
BAD 340106759791
BAD 340106878549
BAD 340258433173
BAD 340258433197
BAD 340258534687
BAD 340107769021
BAD 340124086877
BAD 340240028839
BAD 340124086879
BAD 340107769039
BAD 340038418477
BAD 340038586669
BAD 340038586673
BAD 340038927187
BAD 340259348113
BAD 340259348119
BAD 340241412253
BAD 340039978939
BAD 340242365741
BAD 340242425717
BAD 340242425723
BAD 340260441743
BAD 340261046813
BAD 340261046819
BAD 340261046821
BAD 340243233971
BAD 340243233973
BAD 340261069361
BAD 340243278377
BAD 340261545361
BAD 340243486669
BAD 340243486673
BAD 340220873207
BAD 340221673963
BAD 340221745001
BAD 340128341359
BAD 340043620913
BAD 340128341363
BAD 340043620927
BAD 340043620933
BAD 340245408473
BAD 340128868259
BAD 340222242937
BAD 340222243033
BAD 340222243037
BAD 340222463843
BAD 340129130959
BAD 340129143923
BAD 340113422401
BAD 340129636213
BAD 340113505453
BAD 340113556733
BAD 340045102427
BAD 340045102429
BAD 340130104429
BAD 340130297477
BAD 340130355533
BAD 340114298033
BAD 340286360977
BAD 340046651183
BAD 340046676947
BAD 340046676953
BAD 340115491717
BAD 340115491721
BAD 340248838339
BAD 340262639839
BAD 340289752043
BAD 340049454233
BAD 340262639923
BAD 340289752051
BAD 340049454247
BAD 340228911733
BAD 340249042891
BAD 340229058199
BAD 340229058209
BAD 340290230123
BAD 340263110197
BAD 340050052193
BAD 340290413299
BAD 340290413311
BAD 340050243397
BAD 340050243409
BAD 340133639851
BAD 340263454213
BAD 340133803951
BAD 340133803963
BAD 340263706753
BAD 340263842467
BAD 340263900313
BAD 340264529477
BAD 340264529533
BAD 340231092701
BAD 340231136533
BAD 340292221699
BAD 340292276783
BAD 340231629893
BAD 340292276791
BAD 340265998351
BAD 340266308033
BAD 340266885229
BAD 340233639931
BAD 340267398439
BAD 340267453837
BAD 340267453871
BAD 340233927083
BAD 340268320339
BAD 340268320363
BAD 340296208463
BAD 340298138123
BAD 340299706099
BAD 340301625649
BAD 340304524673
BAD 340304580947
BAD 340305031657
BAD 340306451491
BAD 340306883809
BAD 340307940571
BAD 340308018041
BAD 340308531617
BAD 340309302833
BAD 340386438331
BAD 340310077727
BAD 340310077747
BAD 340387162909
BAD 340311308809
BAD 340312321177
BAD 340312321189
BAD 340390585369
BAD 340134230797
BAD 340134230801
BAD 340134230803
BAD 340135214989
BAD 340391483923
BAD 340391637587
BAD 340391637589
BAD 340135542079
BAD 340135542083
BAD 340135542101
BAD 340135542143
BAD 340337582093
BAD 340337582119
BAD 340338223961
BAD 340338223963
BAD 340338224029
BAD 340338224053
BAD 340338578473
BAD 340338578491
BAD 340338591673
BAD 340137973403
BAD 340137973429
BAD 340137973433
BAD 340394217901
BAD 340394217967
BAD 340084073543
BAD 340084073579
BAD 340339296247
BAD 340339313989
BAD 340339671709
BAD 340151304547
BAD 340067879017
BAD 340340536357
BAD 340202349173
BAD 340202349217
BAD 340202556833
BAD 340202921987
BAD 340202921999
BAD 340396458641
BAD 340396458643
BAD 340068898823
BAD 340140720571
BAD 340152516497
BAD 340152516499
BAD 340152516511
BAD 340397217833
BAD 340397217841
BAD 340397217863
BAD 340397246389
BAD 340397246401
BAD 340397699443
BAD 340397699449
BAD 340141467233
BAD 340153469993
BAD 340153470001
BAD 340086732611
BAD 340086732613
BAD 340073555281
BAD 340272481909
BAD 340344772093
BAD 340320255313
BAD 340185987653
BAD 340205925349
BAD 340398571441
BAD 340050607189
BAD 340356363271
BAD 340320255337
BAD 340157006621
BAD 340143460523
BAD 340168529431
BAD 340143460529
BAD 340344879559
BAD 340206031201
BAD 340344956221
BAD 340344984899
BAD 340344984901
BAD 340398821473
BAD 340320496553
BAD 340320496559
BAD 340399019299
BAD 340320663983
BAD 340051012373
BAD 340087442483
BAD 340087442503
BAD 340074548509
BAD 340074548521
BAD 340345777631
BAD 340273966531
BAD 340345777633
BAD 340051465891
BAD 340400011639
BAD 340400011643
BAD 340357736353
BAD 340357736357
BAD 340357736359
BAD 340187579639
BAD 340400147267
BAD 340400147281
BAD 340400201903
BAD 340400201941
BAD 340187822453
BAD 340158912503
BAD 340159034461
BAD 340358322769
BAD 340159199257
BAD 340274818799
BAD 340274818801
BAD 340274887373
BAD 340089273553
BAD 340076252861
BAD 340076252863
BAD 340347042499
BAD 340052464153
BAD 340171644259
BAD 340052531333
BAD 340322331919
BAD 340401413581
BAD 340076477413
BAD 340275986983
BAD 340160669767
BAD 340360159067
BAD 340053378719
BAD 340322926777
BAD 340172855951
BAD 340402579249
BAD 340149262471
BAD 340091306333
BAD 340076477417
BAD 340149262501
BAD 340209285859
BAD 340348047737
BAD 340276112647
BAD 340276176707
BAD 340209453781
BAD 340209453823
BAD 340323230633
BAD 340173441799
BAD 340348783937
BAD 340348783939
BAD 340277001209
BAD 340150334827
BAD 340150334831
BAD 340150334833
BAD 340192285813
BAD 340192285817
BAD 340092049753
BAD 340361555987
BAD 340361555993
BAD 340017009649
BAD 340054798091
BAD 340277524121
BAD 340092260731
BAD 340054798133
BAD 340277524123
BAD 340054798141
BAD 340174722259
BAD 340174722263
BAD 340317657319
BAD 340211328463
BAD 340211504473
BAD 340175260613
BAD 340175260619
BAD 340175260651
BAD 340194126763
BAD 340163034787
BAD 340362704039
BAD 340362704041
BAD 340362747323
BAD 340056261091
BAD 340079728801
BAD 340079728847
BAD 340363179913
BAD 340363179917
BAD 340212642083
BAD 340176062467
BAD 340176090901
BAD 340056877423
BAD 340080019157
BAD 340163998297
BAD 340019295533
BAD 340080019159
BAD 340163998319
BAD 340056948817
BAD 340080019171
BAD 340056948821
BAD 340056948823
BAD 340019366129
BAD 340019366131
BAD 340080231353
BAD 340352027371
BAD 340364409299
BAD 340164966019
BAD 340164966023
BAD 340020659753
BAD 340020659863
BAD 340095551963
BAD 340095552037
BAD 340365335381
BAD 340365335383
BAD 340165200547
BAD 340197155407
BAD 340197155471
BAD 340058724601
BAD 340177887503
BAD 340197483403
BAD 340178192191
BAD 340178192197
BAD 340081843043
BAD 340022035193
BAD 340022035201
BAD 340097140921
BAD 340097140927
BAD 340060203913
BAD 340282039159
BAD 340282130887
BAD 340282130891
BAD 340282130971
BAD 340282130977
BAD 340098189559
BAD 340098249779
BAD 340098249781
BAD 340098249787
BAD 340167223093
BAD 340179617893
BAD 340199727743
BAD 340061720213
BAD 340061720227
BAD 340061720231
BAD 340368785621
BAD 340368785623
BAD 340062279421
BAD 340283598443
BAD 340180798357
BAD 340180798361
BAD 340330128197
BAD 340330128199
BAD 340330128217
BAD 340330128233
BAD 340284451499
BAD 340284451501
BAD 340330302973
BAD 340025310113
BAD 340284676609
BAD 340284676621
BAD 340025623433
BAD 340026137251
BAD 340026179693
BAD 340026179707
BAD 340026179719
BAD 340064377111
BAD 340064377117
BAD 340064606989
BAD 340064606993
BAD 340182980597
BAD 340184180827
BAD 340028166253
BAD 340028166259
BAD 340028166271
BAD 340028260531
BAD 340066484581
BAD 340333551601
BAD 340028922059
BAD 340028922073
BAD 340066980623
BAD 340334941493
BAD 340029962341
BAD 340030843091
BAD 340030843093
BAD 340031287501
BAD 340031426641
BAD 340031426653
BAD 340001184049
BAD 340001184053
BAD 340001917069
BAD 340002145673
BAD 340002434573
BAD 340003843813
BAD 340003843909
BAD 340003904873
BAD 340003972873
BAD 340005080573
BAD 340005080581
BAD 340005772427
BAD 340005772429
BAD 340006786673
BAD 340009339393
BAD 340009339433
BAD 340009339441
BAD 340009339447
BAD 340009339451
BAD 340012379303
BAD 340012379323
BAD 340012801081
BAD 340012801087
BAD 340014622489
BAD 340014622501
BAD 340016060203
BAD 340016060207
BAD 340374433043
BAD 340376391379
BAD 340377753307
BAD 340377753323
BAD 340378876429
BAD 340379340173
BAD 340381345573
BAD 340381856783
BAD 340382640679
BAD 340382640683
BAD 340383894293
BAD 340384078621
BAD 340384078627
BAD 340471477799
BAD 340471576177
BAD 340472308601
BAD 340472308639
BAD 340473909803
BAD 340474104071
BAD 340474520807
BAD 340474520809
BAD 340453632157
BAD 340453696621
BAD 340454521279
BAD 340476668183
BAD 340456323923
BAD 340457335133
BAD 340457348423
BAD 340422278863
BAD 340422278873
BAD 340479843757
BAD 340479843871
BAD 340479843881
BAD 340480387589
BAD 340423416799
BAD 340481124169
BAD 340423882891
BAD 340424630017
BAD 340424891483
BAD 340459789309
BAD 340459853059
BAD 340459853081
BAD 340483384471
BAD 340483748093
BAD 340483828621
BAD 340483828627
BAD 340461092537
BAD 340461092539
BAD 340461092659
BAD 340461242603
BAD 340486602041
BAD 340462328431
BAD 340486387541
BAD 340486387543
BAD 340486387547
BAD 340488562333
BAD 340488562339
BAD 340488562343
BAD 340488776191
BAD 340464203587
BAD 340464203591
BAD 340490161483
BAD 340403018453
BAD 340464203593
BAD 340403151773
BAD 340403151779
BAD 340464677093
BAD 340490798701
BAD 340503646867
BAD 340503865453
BAD 340404087511
BAD 340404087521
BAD 340404087523
BAD 340504481113
BAD 340466113087
BAD 340466113093
BAD 340466113103
BAD 340466113139
BAD 340466113159
BAD 340466905351
BAD 340466977567
BAD 340405865603
BAD 340493589287
BAD 340467482699
BAD 340467482701
BAD 340426548113
BAD 340426548151
BAD 340494191363
BAD 340426612993
BAD 340426613003
BAD 340506776737
BAD 340406883413
BAD 340494901891
BAD 340494901897
BAD 340427425733
BAD 340427514379
BAD 340427514437
BAD 340427514439
BAD 340507322263
BAD 340508855839
BAD 340496642153
BAD 340509962659
BAD 340410091771
BAD 340510238041
BAD 340511424053
BAD 340511701603
BAD 340499501831
BAD 340499501833
BAD 340499559781
BAD 340499559787
BAD 340499559791
BAD 340499559793
BAD 340432361473
BAD 340468459391
BAD 340468892173
BAD 340413369661
BAD 340433825833
BAD 340434278423
BAD 340414074391
BAD 340414074397
BAD 340414084643
BAD 340435090001
BAD 340435090013
BAD 340414276003
BAD 340514098097
BAD 340514854093
BAD 340514989589
BAD 340516899581
BAD 340516899587
BAD 340516899607
BAD 340516899623
BAD 340517041489
BAD 340517041531
BAD 340517041537
BAD 340517041541
BAD 340517085553
BAD 340518009977
BAD 340417988473
BAD 340756404473
BAD 340756769411
BAD 340756769413
BAD 340759966567
BAD 340760699857
BAD 340760844103
BAD 340760844107
BAD 340760844143
BAD 340760844157
BAD 340790372717
BAD 340790372719
BAD 340790584861
BAD 340790584867
BAD 340790584879
BAD 340790641073
BAD 340791385247
BAD 340762836439
BAD 340762957783
BAD 340793266771
BAD 340794045019
BAD 340794045023
BAD 340766336279
BAD 340766336299
BAD 340766336303
BAD 340769806343
BAD 340769948461
BAD 340771223189
BAD 340796506601
BAD 340796606483
BAD 340796606497
BAD 340799211629
BAD 340799211631
BAD 340801437853
BAD 340801791871
BAD 340803165863
BAD 340805254913
BAD 340805254919
BAD 340436471597
BAD 340436838887
BAD 340437772099
BAD 340438185103
BAD 340438185173
BAD 340739500891
BAD 340441682197
BAD 340441682201
BAD 340739640751
BAD 340442373041
BAD 340740636479
BAD 340740777599
BAD 340741793893
BAD 340773533687
BAD 340773533689
BAD 340742636879
BAD 340742705161
BAD 340743433013
BAD 340743433039
BAD 340743433049
BAD 340687891469
BAD 340687932359
BAD 340775222773
BAD 340445603321
BAD 340775818157
BAD 340688796991
BAD 340776281491
BAD 340776377363
BAD 340446433661
BAD 340776528593
BAD 340689819083
BAD 340690322971
BAD 340691479283
BAD 340448113157
BAD 340448113163
BAD 340674015841
BAD 340781468873
BAD 340658442169
BAD 340604663059
BAD 340638693293
BAD 340693499521
BAD 340450234609
BAD 340589712121
BAD 340538786143
BAD 340781468899
BAD 340638826637
BAD 340638826639
BAD 340450612597
BAD 340590369533
BAD 340590369547
BAD 340450959983
BAD 340450959997
BAD 340782269873
BAD 340539575953
BAD 340539575969
BAD 340539575977
BAD 340539575993
BAD 340539576023
BAD 340539576031
BAD 340539710911
BAD 340451224621
BAD 340451224627
BAD 340659577813
BAD 340674786799
BAD 340605784483
BAD 340605784487
BAD 340659673339
BAD 340694650007
BAD 340605784489
BAD 340606001933
BAD 340606001947
BAD 340540496003
BAD 340572053989
BAD 340695386813
BAD 340452468211
BAD 340592211053
BAD 340572547067
BAD 340572547069
BAD 340572547261
BAD 340452887717
BAD 340746603829
BAD 340746603833
BAD 340746603979
BAD 340746603983
BAD 340696156651
BAD 340592970923
BAD 340747143959
BAD 340747227413
BAD 340676603263
BAD 340542686389
BAD 340542686413
BAD 340542686423
BAD 340662265861
BAD 340642690021
BAD 340642690033
BAD 340642690039
BAD 340545310477
BAD 340786249897
BAD 340576609603
BAD 340697823241
BAD 340609721927
BAD 340748386417
BAD 340609721929
BAD 340697823247
BAD 340663307867
BAD 340609721939
BAD 340594181381
BAD 340556810089
BAD 340609721941
BAD 340642698043
BAD 340663307869
BAD 340556810093
BAD 340677407999
BAD 340556856659
BAD 340594415071
BAD 340663648279
BAD 340663648387
BAD 340786465609
BAD 340545682271
BAD 340545682273
BAD 340594660883
BAD 340594660927
BAD 340643266367
BAD 340557329747
BAD 340577371429
BAD 340557623221
BAD 340595742083
BAD 340549732729
BAD 340699252919
BAD 340749624533
BAD 340549732741
BAD 340699252921
BAD 340611106111
BAD 340665087317
BAD 340549732751
BAD 340549732753
BAD 340665087319
BAD 340665087337
BAD 340644312949
BAD 340644313033
BAD 340644414043
BAD 340611372733
BAD 340557995461
BAD 340622201383
BAD 340681025183
BAD 340581203569
BAD 340611919643
BAD 340558601987
BAD 340558601989
BAD 340681248959
BAD 340596752687
BAD 340559101913
BAD 340551300587
BAD 340551300589
BAD 340682357377
BAD 340682491111
BAD 340682491117
BAD 340599298279
BAD 340702015117
BAD 340667607079
BAD 340751333033
BAD 340583044387
BAD 340560592787
BAD 340751333137
BAD 340646536987
BAD 340646536991
BAD 340599400793
BAD 340751441003
BAD 340560720499
BAD 340626071783
BAD 340560834043
BAD 340560856523
BAD 340616460187
BAD 340562506001
BAD 340562506003
BAD 340584299611
BAD 340753671133
BAD 340584395093
BAD 340562744309
BAD 340562744311
BAD 340584667393
BAD 340601863013
BAD 340628517839
BAD 340628517841
BAD 340628517847
BAD 340563293897
BAD 340563293899
BAD 340602515821
BAD 340684956967
BAD 340563960179
BAD 340563960181
BAD 340650349121
BAD 340619075603
BAD 340619267567
BAD 340685922901
BAD 340686100927
BAD 340619710289
BAD 340619779957
BAD 340619975257
BAD 340620266773
BAD 340620266783
BAD 340652558999
BAD 340652559001
BAD 340652559029
BAD 340652559031
BAD 340566252311
BAD 340631367469
BAD 340653351043
BAD 340631668253
BAD 340634115803
BAD 340634824921
BAD 340634824927
BAD 340637136799
BAD 340637136803
BAD 340637175553
BAD 340637175559
BAD 340637175569
BAD 340637175577
BAD 340637424781
BAD 340704808051
BAD 340706558977
BAD 340708781143
BAD 340709001331
BAD 340709911693
BAD 340724723377
BAD 340520147713
BAD 340520147717
BAD 340520147719
BAD 340725487679
BAD 340725608393
BAD 340715066057
BAD 340521248659
BAD 340715168939
BAD 340726041319
BAD 340726041323
BAD 340727121677
BAD 340522779161
BAD 340522779167
BAD 340522779169
BAD 340522779173
BAD 340522787617
BAD 340728026731
BAD 340719442321
BAD 340525130401
BAD 340731120773
BAD 340731356971
BAD 340527926821
BAD 340528422379
BAD 340528422383
BAD 340733969341
BAD 340529467007
BAD 340529467009
BAD 340734259169
BAD 340734259171
BAD 340734407729
BAD 340734407731
BAD 340530766417
BAD 340530766427
BAD 340532845153
BAD 340738056907
BAD 340533983443
BAD 340533983483
BAD 340840992293
BAD 340844875883
BAD 340846339039
BAD 340846339051
BAD 340846749851
BAD 340890887333
BAD 340872900283
BAD 340873846519
BAD 340848799651
BAD 340848799657
BAD 340848799661
BAD 340848799663
BAD 340874716673
BAD 340893391849
BAD 340875309799
BAD 340875309809
BAD 340875309811
BAD 340894026973
BAD 340894358449
BAD 340851498683
BAD 340852610893
BAD 340877327377
BAD 340896977233
BAD 340896977237
BAD 340853361749
BAD 340878244171
BAD 340878244193
BAD 340853984623
BAD 340853984677
BAD 340853984683
BAD 340898389267
BAD 340901395613
BAD 340879331839
BAD 340879331843
BAD 340879581743
BAD 340822838039
BAD 340822838047
BAD 340822838087
BAD 340822838089
BAD 340880013503
BAD 340904399629
BAD 340880903959
BAD 340880903963
BAD 340824100807
BAD 340824100819
BAD 340824262109
BAD 340824262111
BAD 340825220269
BAD 340826216161
BAD 340827322571
BAD 340827339481
BAD 340886089409
BAD 340905734251
BAD 340887887603
BAD 340831868077
BAD 340831868081
BAD 340832621791
BAD 340833293173
BAD 340837529119
BAD 340837750009
BAD 340837750013
BAD 340855656751
BAD 340855672411
BAD 340857738313
BAD 340857738317
BAD 340857738343
BAD 340922932177
BAD 340857882403
BAD 340809326251
BAD 340923782699
BAD 340923782701
BAD 340923782707
BAD 340859228453
BAD 340810576553
BAD 340810576559
BAD 340860337187
BAD 340860337189
BAD 340812431417
BAD 340812431419
BAD 340812742393
BAD 340814296351
BAD 340814296357
BAD 340863512623
BAD 340924996703
BAD 340864011263
BAD 340864733029
BAD 340927614743
BAD 340866385219
BAD 340866385231
BAD 340928867581
BAD 340814976781
BAD 340815219029
BAD 340816121719
BAD 340817816611
BAD 340817816641
BAD 340872070873
BAD 340930652921
BAD 340930652929
BAD 340935424021
BAD 340906861987
BAD 340906861993
BAD 340935701473
BAD 340908239179
BAD 340908239183
BAD 341025260963
BAD 340909350217
BAD 340909350233
BAD 340909350269
BAD 341108140621
BAD 341108665283
BAD 341027933027
BAD 341110412179
BAD 341110412197
BAD 341029221571
BAD 341029221601
BAD 341029221607
BAD 341110710349
BAD 341111026019
BAD 341111026021
BAD 341111347963
BAD 341111476261
BAD 340962568081
BAD 340963057969
BAD 340914546563
BAD 340914546571
BAD 340964241271
BAD 341031798203
BAD 341115510601
BAD 340968209537
BAD 340968209539
BAD 340918723337
BAD 340918723339
BAD 341119802813
BAD 341036929097
BAD 341036929099
BAD 341120154799
BAD 340920633379
BAD 341037847837
BAD 340920985103
BAD 341038996073
BAD 341039675863
BAD 340970058361
BAD 341122305049
BAD 341123160577
BAD 340972499983
BAD 340942355483
BAD 340943978201
BAD 340943978203
BAD 340944128663
BAD 340944128683
BAD 340944128689
BAD 340945166777
BAD 340946638957
BAD 340946793049
BAD 340946793059
BAD 340946793073
BAD 340947617963
BAD 340948279403
BAD 340949514979
BAD 340950052867
BAD 340950052873
BAD 340952115403
BAD 340953147439
BAD 340953465547
BAD 340953888043
BAD 340953888053
BAD 341142690601
BAD 341126239991
BAD 341193218293
BAD 341142690619
BAD 340953888073
BAD 340953888083
BAD 341193218297
BAD 340953888091
BAD 341193218299
BAD 340953888097
BAD 341193492613
BAD 341143319653
BAD 340954370063
BAD 341127287569
BAD 341144498593
BAD 341195094223
BAD 341127841231
BAD 341127841237
BAD 341127841283
BAD 340955285003
BAD 341195829859
BAD 341129187799
BAD 341196278581
BAD 341196926071
BAD 341197371181
BAD 341197371187
BAD 341197371191
BAD 341149366541
BAD 341149366543
BAD 341151298783
BAD 341200614289
BAD 341200651447
BAD 341151500941
BAD 341135167801
BAD 341135539373
BAD 341152482679
BAD 341152482689
BAD 341152482691
BAD 341152482733
BAD 341152482739
BAD 341202922201
BAD 341074624039
BAD 341152909403
BAD 341136739639
BAD 341176551119
BAD 341203815473
BAD 341075985193
BAD 341137711487
BAD 341137711501
BAD 341177459479
BAD 341076533851
BAD 341139121639
BAD 341139121651
BAD 341078531413
BAD 341154497077
BAD 341040413737
BAD 341180545441
BAD 341041398571
BAD 341006943923
BAD 341006943931
BAD 340991004799
BAD 341157474949
BAD 341081735131
BAD 341058344413
BAD 341157474953
BAD 341058344423
BAD 341041809847
BAD 341058344467
BAD 341006943943
BAD 341181851783
BAD 341182273261
BAD 341042350853
BAD 341042351071
BAD 341008035239
BAD 341008035241
BAD 341082748553
BAD 340992088403
BAD 341008555681
BAD 341083294697
BAD 341083294703
BAD 341083294711
BAD 341184588559
BAD 341061332407
BAD 341043619129
BAD 341043619141
BAD 341061625997
BAD 341061625999
BAD 341061790463
BAD 341084691197
BAD 340994650729
BAD 341045416351
BAD 341086128667
BAD 341186160949
BAD 341045416357
BAD 341011656203
BAD 341012272387
BAD 341187416441
BAD 341187416443
BAD 340975633787
BAD 340975754437
BAD 341065681513
BAD 341046697787
BAD 341046697799
BAD 341046697813
BAD 341188518389
BAD 341014040023
BAD 341014040093
BAD 341188991581
BAD 341066880019
BAD 341066880023
BAD 341189062567
BAD 341067180449
BAD 341067180767
BAD 341189483581
BAD 341189483587
BAD 340998109741
BAD 341190355433
BAD 341190431929
BAD 340978729549
BAD 340978729561
BAD 340998817331
BAD 341068853963
BAD 340998817333
BAD 341190971003
BAD 341068889521
BAD 341069707021
BAD 341069807069
BAD 341069874001
BAD 340979768587
BAD 340979768593
BAD 340979768603
BAD 341070334343
BAD 341017343423
BAD 340980295151
BAD 340980295153
BAD 341000613487
BAD 341000613491
BAD 341000613493
BAD 341000613497
BAD 340980806437
BAD 341018550751
BAD 341018550757
BAD 341072255287
BAD 341018930141
BAD 341018930143
BAD 341073197123
BAD 341051470003
BAD 341003180951
BAD 341019706553
BAD 341003180953
BAD 341019706561
BAD 341003180983
BAD 340983185407
BAD 341019706567
BAD 341052505337
BAD 340983464351
BAD 340983464377
BAD 341003554189
BAD 341003554193
BAD 341003554207
BAD 340983672979
BAD 340983672983
BAD 341053054373
BAD 341053150169
BAD 341004042023
BAD 341021623183
BAD 340986048191
BAD 341005740883
BAD 340987759943
BAD 340989197119
BAD 340989197123
BAD 341091052213
BAD 341091052223
BAD 341091182251
BAD 341091284659
BAD 341095265393
BAD 341095378601
BAD 341096006413
BAD 341096006417
BAD 341096006423
BAD 341096777881
BAD 341097205459
BAD 341097674689
BAD 341157751117
BAD 341158904137
BAD 341100371453
BAD 341101117003
BAD 341159692849
BAD 341160853597
BAD 341160853601
BAD 341160853603
BAD 341161550903
BAD 341161550911
BAD 341163463489
BAD 341164693279
BAD 341166522947
BAD 341166827083
BAD 341105026819
BAD 341105744599
BAD 341106654079
BAD 341169063779
BAD 341169586367
BAD 341169586369
BAD 341171102927
BAD 341172631769
BAD 341172631771
BAD 341242825909
BAD 341245195021
BAD 341245890473
BAD 341247184367
BAD 341247184373
BAD 341249478319
BAD 341250118109
BAD 341250698303
BAD 341224740653
BAD 341252522519
BAD 341252522521
BAD 341252522581
BAD 341254786049
BAD 341254786051
BAD 341233181239
BAD 341260744543
BAD 341257142207
BAD 341257142209
BAD 341257142221
BAD 341261483491
BAD 341261483501
BAD 341261483503
BAD 341257515961
BAD 341258214181
BAD 341263576393
BAD 341263576403
BAD 341239378171
BAD 341239378177
BAD 341264563487
BAD 341264563489
BAD 341239946353
BAD 341239946371
BAD 341264656829
BAD 341265119093
BAD 341267013499
BAD 341268136163
BAD 341268136201
BAD 341268350627
BAD 341208539339
BAD 341209013141
BAD 341209013143
BAD 341209013149
BAD 341273813479
BAD 341213160383
BAD 341213857973
BAD 341213857981
BAD 341216944249
BAD 341216944253
BAD 341217158189
BAD 341217158201
BAD 341218154281
BAD 341218545211
BAD 341221373887
BAD 341221373893
BAD 341223661879
BAD 341275951733
BAD 341276688197
BAD 341276688199
BAD 341276994749
BAD 341277626329
BAD 341277626353
BAD 341277626363
BAD 341277626383
BAD 341280707239
BAD 341280707281
BAD 341281391287
BAD 341283725837
BAD 341284560803
BAD 341284930333
BAD 341284930339
BAD 341285237063
BAD 341285993459
BAD 341285993483
BAD 341286893053
BAD 341287462561
BAD 341287563377
BAD 341287677781
BAD 341287677853
BAD 341288141431
BAD 341289799033
BAD 341290102213
BAD 341290705583
BAD 341309317939
BAD 341310030511
BAD 341310549271
BAD 341310668249
BAD 341312269069
BAD 341312269073
BAD 341312269099
BAD 341313905281
BAD 341313997127
BAD 341314201777
BAD 341317779713
BAD 341317779721
BAD 341317779743
BAD 341318191231
BAD 341318564527
BAD 341318924213
BAD 341320157621
BAD 341320157623
BAD 341320157641
BAD 341320958291
BAD 341322016897
BAD 341322155323
BAD 341323542281
BAD 341323542283
BAD 341323542289
BAD 341323945609
BAD 341359186033
BAD 341361031813
BAD 341361627941
BAD 341361627961
BAD 341362619093
BAD 341363131097
BAD 341363131099
BAD 341363131103
BAD 341363672281
BAD 341365090993
BAD 341365616017
BAD 341366789167
BAD 341367710149
BAD 341367710183
BAD 341371337179
BAD 341373141443
BAD 341393004661
BAD 341394202973
BAD 341373895301
BAD 341374057513
BAD 341375674967
BAD 341395691599
BAD 341395737803
BAD 341395737811
BAD 341396028713
BAD 341292154369
BAD 341398344113
BAD 341344198759
BAD 341344198763
BAD 341296231609
BAD 341296231613
BAD 341297287099
BAD 341297287103
BAD 341375806867
BAD 341297695337
BAD 341297695339
BAD 341346299689
BAD 341346791329
BAD 341376983771
BAD 341400115103
BAD 341377551997
BAD 341377937729
BAD 341401239409
BAD 341493607057
BAD 341493607061
BAD 341493740243
BAD 341493740249
BAD 341404385563
BAD 341301720761
BAD 341381507563
BAD 341301720763
BAD 341301720769
BAD 341301720779
BAD 341381507569
BAD 341350638059
BAD 341350638061
BAD 341302225463
BAD 341302485709
BAD 341351164423
BAD 341303004293
BAD 341382593417
BAD 341352500689
BAD 341352500693
BAD 341304243673
BAD 341406260159
BAD 341406260161
BAD 341406260183
BAD 341406260207
BAD 341406419413
BAD 341406419429
BAD 341496052771
BAD 341383398233
BAD 341304818677
BAD 341304871651
BAD 341407240523
BAD 341496946727
BAD 341306637983
BAD 341385042589
BAD 341499549509
BAD 341499549553
BAD 341355853733
BAD 341355853739
BAD 341355853747
BAD 341500539739
BAD 341308116727
BAD 341308373009
BAD 341308373011
BAD 341308449649
BAD 341356662151
BAD 341501113579
BAD 341501344999
BAD 341501345011
BAD 341501532653
BAD 341502332783
BAD 341502683083
BAD 341502683491
BAD 341502683497
BAD 341503204771
BAD 341387725069
BAD 341387725073
BAD 341504653439
BAD 341504653447
BAD 341504653471
BAD 341388122983
BAD 341389311877
BAD 341544313729
BAD 341389613153
BAD 341506735849
BAD 341389613161
BAD 341507243551
BAD 341507243557
BAD 341390125501
BAD 341545232971
BAD 341507714333
BAD 341507714341
BAD 341507714347
BAD 341507727629
BAD 341507862571
BAD 341550177473
BAD 341550177509
BAD 341550177511
BAD 341550177517
BAD 341554882447
BAD 341554882451
BAD 341554882453
BAD 341554882457
BAD 341555941733
BAD 341555941739
BAD 341531869453
BAD 341556574327
BAD 341557006379
BAD 341557006381
BAD 341532690679
BAD 341327233021
BAD 341327233043
BAD 341557854563
BAD 341533731983
BAD 341329365743
BAD 341559417473
BAD 341329365763
BAD 341329365787
BAD 341559600037
BAD 341559600049
BAD 341534465453
BAD 341330303693
BAD 341535479323
BAD 341535479333
BAD 341535479339
BAD 341535479353
BAD 341535479357
BAD 341331482761
BAD 341331994747
BAD 341536682923
BAD 341536682933
BAD 341332447699
BAD 341538043493
BAD 341539889557
BAD 341510909863
BAD 341511448693
BAD 341542552391
BAD 341337016549
BAD 341512684801
BAD 341561656999
BAD 341561657011
BAD 341337648739
BAD 341338184569
BAD 341338184573
BAD 341338224923
BAD 341514142271
BAD 341564614049
BAD 341426484439
BAD 341514142273
BAD 341426689081
BAD 341426689091
BAD 341427041467
BAD 341515870613
BAD 341339725957
BAD 341594603641
BAD 341339887531
BAD 341595274231
BAD 341595376943
BAD 341567414911
BAD 341567934289
BAD 341518394257
BAD 341518394309
BAD 341597058643
BAD 341597058653
BAD 341597058661
BAD 341518411103
BAD 341518411111
BAD 341568368941
BAD 341568507421
BAD 341568761917
BAD 341568761923
BAD 341597997179
BAD 341597997203
BAD 341519315419
BAD 341598311363
BAD 341430784973
BAD 341519728973
BAD 341431142137
BAD 341570445259
BAD 341431159721
BAD 341431159723
BAD 341431159733
BAD 341570860511
BAD 341571035033
BAD 341571053129
BAD 341410831303
BAD 341521701823
BAD 341572174147
BAD 341600335411
BAD 341412189593
BAD 341433006533
BAD 341433006557
BAD 341433006559
BAD 341601111991
BAD 341412766043
BAD 341412766049
BAD 341443428241
BAD 341443428259
BAD 341412905893
BAD 341412905917
BAD 341523179623
BAD 341443499347
BAD 341476428991
BAD 341601942811
BAD 341413430009
BAD 341433978997
BAD 341477742317
BAD 341574231799
BAD 341602902317
BAD 341574377503
BAD 341574377513
BAD 341445215129
BAD 341445215131
BAD 341445215161
BAD 341462870633
BAD 341524739141
BAD 341478920479
BAD 341575408903
BAD 341575408907
BAD 341575408913
BAD 341446679551
BAD 341479931239
BAD 341436070439
BAD 341436070441
BAD 341447237239
BAD 341604964313
BAD 341604964321
BAD 341436859681
BAD 341480854727
BAD 341578312741
BAD 341465259353
BAD 341465259361
BAD 341578644833
BAD 341578644839
BAD 341448193327
BAD 341578823297
BAD 341578823329
BAD 341578963651
BAD 341579092879
BAD 341606336699
BAD 341606336713
BAD 341606336723
BAD 341437947479
BAD 341437981681
BAD 341438236891
BAD 341607734249
BAD 341607804289
BAD 341439729629
BAD 341450071153
BAD 341467995299
BAD 341581220117
BAD 341581220119
BAD 341581220137
BAD 341450679001
BAD 341450679007
BAD 341450698937
BAD 341450698943
BAD 341581376113
BAD 341440873343
BAD 341441083237
BAD 341468541529
BAD 341484618679
BAD 341451634297
BAD 341469532519
BAD 341420447209
BAD 341610529129
BAD 341610529133
BAD 341485612891
BAD 341421439613
BAD 341421439621
BAD 341421439627
BAD 341421439631
BAD 341486180813
BAD 341486180821
BAD 341421458033
BAD 341421458071
BAD 341584872949
BAD 341584872953
BAD 341471363423
BAD 341585624771
BAD 341422916777
BAD 341423701571
BAD 341423701573
BAD 341455838513
BAD 341455838519
BAD 341455860593
BAD 341423927029
BAD 341424180707
BAD 341424180709
BAD 341587994477
BAD 341587994491
BAD 341588457829
BAD 341490064273
BAD 341475185609
BAD 341475185617
BAD 341491425059
BAD 341491425061
BAD 341491425137
BAD 341491425139
BAD 341591786033
BAD 341592150307
BAD 341492787331
BAD 341593263743
BAD 341645425243
BAD 341645825117
BAD 341645825119
BAD 341645825137
BAD 341645843509
BAD 341646296611
BAD 341646296617
BAD 341649218063
BAD 341649268823
BAD 341649448321
BAD 341649448333
BAD 341649448337
BAD 341649448339
BAD 341611518763
BAD 341611518769
BAD 341612045119
BAD 341612045123
BAD 341612045129
BAD 341612045153
BAD 341612045167
BAD 341612045171
BAD 341612385743
BAD 341653632911
BAD 341654061113
BAD 341613805079
BAD 341614559203
BAD 341655680503
BAD 341614632397
BAD 341614761079
BAD 341656154449
BAD 341656902163
BAD 341657505359
BAD 341657505361
BAD 341658454061
BAD 341658454079
BAD 341658454097
BAD 341658454099
BAD 341658454103
BAD 341658454153
BAD 341617451269
BAD 341660683603
BAD 341660868781
BAD 341622804181
BAD 341623911037
BAD 341625686401
BAD 341678103979
BAD 341681956951
BAD 341683067659
BAD 341683551137
BAD 341684043277
BAD 341685211129
BAD 341661906809
BAD 341661906811
BAD 341686957411
BAD 341686957429
BAD 341688214537
BAD 341663813539
BAD 341663922403
BAD 341691661193
BAD 341691871957
BAD 341693081713
BAD 341693544019
BAD 341693864531
BAD 341666148559
BAD 341666148623
BAD 341666148647
BAD 341668960757
BAD 341669183059
BAD 341669358581
BAD 341669867479
BAD 341670455131
BAD 341628798031
BAD 341628834499
BAD 341671833563
BAD 341671833571
BAD 341671833619
BAD 341671833623
BAD 341630754859
BAD 341673694451
BAD 341673944351
BAD 341632294607
BAD 341632294609
BAD 341633653531
BAD 341634361381
BAD 341634650611
BAD 341634972937
BAD 341635728013
BAD 341637805057
BAD 341695251151
BAD 341696131171
BAD 341696834873
BAD 341639905777
BAD 341641535093
BAD 341703416239
BAD 341705738477
BAD 341706089539
BAD 341709408083
BAD 341709416879
BAD 341710509659
BAD 341710509661
BAD 341710648801
BAD 341711162027
BAD 341711162029
BAD 341711162033
BAD 341795752667
BAD 341795881673
BAD 341795881681
BAD 341798143447
BAD 341798143459
BAD 341798143469
BAD 341798143471
BAD 341798143483
BAD 341799070489
BAD 341799070493
BAD 341800081901
BAD 341800296883
BAD 341800296907
BAD 341802510913
BAD 341802751201
BAD 341804690077
BAD 341805096361
BAD 341805570419
BAD 341805612931
BAD 341805612937
BAD 341807388061
BAD 341807397433
BAD 341807490679
BAD 341807490683
BAD 341807490691
BAD 341808662851
BAD 341809918427
BAD 341811704293
BAD 341714484409
BAD 341714484439
BAD 341714484443
BAD 341714841929
BAD 341714841931
BAD 341736233833
BAD 341736233837
BAD 341915001893
BAD 341719934653
BAD 341738302337
BAD 341738443819
BAD 341739265481
BAD 341739577919
BAD 341720734309
BAD 341720772373
BAD 341721918833
BAD 341724006103
BAD 341724077873
BAD 341928557339
BAD 341928557363
BAD 341743933549
BAD 341743971953
BAD 341896458677
BAD 341896463353
BAD 341896941193
BAD 341897005453
BAD 341897412167
BAD 341898022819
BAD 341899111759
BAD 341980384037
BAD 341980807801
BAD 341980807813
BAD 341899984717
BAD 341981413273
BAD 341982467881
BAD 341983993609
BAD 341983993613
BAD 341983993627
BAD 341746143493
BAD 341746143577
BAD 341746459441
BAD 341762961629
BAD 341829650797
BAD 341906384971
BAD 341829650801
BAD 341829650803
BAD 341985563663
BAD 341985774443
BAD 341778567233
BAD 341763856669
BAD 341747840279
BAD 341747840281
BAD 341779094687
BAD 341779094689
BAD 341831044033
BAD 341831044043
BAD 341831044057
BAD 341907839479
BAD 341907839491
BAD 341831788031
BAD 341831788033
BAD 341831788037
BAD 341909101301
BAD 341832931637
BAD 341832931639
BAD 341963938819
BAD 341964430343
BAD 341767429753
BAD 341767924577
BAD 341767924579
BAD 341767924583
BAD 341767929103
BAD 341767929121
BAD 341834820823
BAD 341965787227
BAD 341912103859
BAD 341912520661
BAD 341783294371
BAD 341768728633
BAD 341768764069
BAD 341990645197
BAD 341769459439
BAD 341967277853
BAD 341752898009
BAD 341784263971
BAD 341996502371
BAD 341996502373
BAD 341996502377
BAD 341996502383
BAD 341770139749
BAD 341968740823
BAD 341879310029
BAD 341997375857
BAD 341997375859
BAD 341786001391
BAD 341786001397
BAD 341771274967
BAD 341969626759
BAD 341969626763
BAD 341787473537
BAD 341787511787
BAD 341815761043
BAD 341754281899
BAD 341838943493
BAD 341787511789
BAD 341754599843
BAD 341816573123
BAD 341972995237
BAD 341882267063
BAD 341995068763
BAD 341775410429
BAD 341756034007
BAD 341756034047
BAD 341756034049
BAD 341862491059
BAD 341974436723
BAD 341882898859
BAD 341995525327
BAD 341775989693
BAD 341882952893
BAD 341841667403
BAD 341776117201
BAD 341841803917
BAD 341841803923
BAD 341776407793
BAD 341863079911
BAD 341996138989
BAD 341996138993
BAD 341757006403
BAD 341819057353
BAD 341776829041
BAD 342004856009
BAD 341931413519
BAD 341821168879
BAD 341884863941
BAD 341975988821
BAD 341865609271
BAD 341931413521
BAD 341821168883
BAD 341843545471
BAD 341789268031
BAD 341758785469
BAD 341865609277
BAD 341789268077
BAD 341789268083
BAD 341789268097
BAD 341758793359
BAD 341843605591
BAD 341821312397
BAD 341759028509
BAD 341759028511
BAD 341759067511
BAD 341821474201
BAD 341759695477
BAD 342005699807
BAD 342005699809
BAD 342005699813
BAD 342005699821
BAD 341777487451
BAD 341777487461
BAD 341777487463
BAD 341977646377
BAD 341867055703
BAD 341822103383
BAD 341932374437
BAD 341886506543
BAD 341932374439
BAD 342006007337
BAD 341886506743
BAD 341886527903
BAD 341822187613
BAD 341867384953
BAD 341868627283
BAD 341823330757
BAD 341792079809
BAD 341792079857
BAD 341868771709
BAD 341933933611
BAD 342009037303
BAD 342009105733
BAD 341824504129
BAD 341889726701
BAD 342009552583
BAD 342009552587
BAD 342009552589
BAD 342009552637
BAD 341890282381
BAD 341870301637
BAD 341935596721
BAD 341935596757
BAD 341890987457
BAD 341870906827
BAD 341794533841
BAD 341936068321
BAD 341871169267
BAD 341891426581
BAD 341891521093
BAD 341871834767
BAD 341871834769
BAD 341871834823
BAD 341871834859
BAD 341892072757
BAD 341892072811
BAD 341892169169
BAD 342012345119
BAD 342012345121
BAD 341893085581
BAD 341893085587
BAD 341893085591
BAD 341893085593
BAD 341872862873
BAD 341939684873
BAD 341894020103
BAD 341939848447
BAD 341873571097
BAD 341940688013
BAD 341895551461
BAD 341941372457
BAD 341941866317
BAD 341941866319
BAD 341874690631
BAD 341846148313
BAD 341874785911
BAD 341942658487
BAD 341847155483
BAD 341943117511
BAD 341876160293
BAD 341848209121
BAD 341848209127
BAD 341876863507
BAD 341876863513
BAD 341848706533
BAD 341848706539
BAD 341944271491
BAD 341849124691
BAD 341944941691
BAD 341878728679
BAD 341878728683
BAD 341946139333
BAD 341853272401
BAD 341853946249
BAD 341853946253
BAD 341853969001
BAD 341854497637
BAD 341947372981
BAD 341948500909
BAD 341948500913
BAD 341948500939
BAD 341949631637
BAD 341949631643
BAD 341949631651
BAD 341949815573
BAD 341950482163
BAD 341950482179
BAD 341950630163
BAD 341950630171
BAD 341950685911
BAD 341950685917
BAD 341950685933
BAD 341950685939
BAD 341951616067
BAD 341952939347
BAD 341954718451
BAD 341954718473
BAD 341955348037
BAD 341955387623
BAD 341955387637
BAD 341955387661
BAD 341956960637
BAD 341958111349
BAD 341962815301
BAD 341962815377
BAD 341962815379
BAD 342014821133
BAD 342014821139
BAD 342017285453
BAD 342017285461
BAD 342017976851
BAD 342018634411
BAD 342019044953
BAD 342019045009
BAD 342019113923
BAD 342019619749
BAD 342020387381
BAD 342020387383
BAD 342021293203
BAD 342022397461
BAD 342024039793
BAD 342028835899
BAD 342028835903
BAD 342063760741
BAD 342064620067
BAD 342064620077
BAD 342064620091
BAD 342065954071
BAD 342066845773
BAD 342066845777
BAD 342066845779
BAD 342067223447
BAD 342067644181
BAD 342068078603
BAD 342068954873
BAD 342068996359
BAD 342068996363
BAD 342047837191
BAD 342047837249
BAD 342070346791
BAD 342070346809
BAD 342070601087
BAD 342070848797
BAD 342071027659
BAD 342071027663
BAD 342052909507
BAD 342052909537
BAD 342052909543
BAD 342073805323
BAD 342074649253
BAD 342074649263
BAD 342074853259
BAD 342054300593
BAD 342056415823
BAD 342057164809
BAD 342058228207
BAD 342075287893
BAD 342075755783
BAD 342098633213
BAD 342077366909
BAD 342060709139
BAD 342060709141
BAD 342078247801
BAD 342078247817
BAD 342061081543
BAD 342061081601
BAD 342061081603
BAD 342100216589
BAD 342101290847
BAD 342101290849
BAD 342062964379
BAD 342062964389
BAD 342062964391
BAD 342101473237
BAD 342102395603
BAD 342102395611
BAD 342103119313
BAD 342104815337
BAD 342106370071
BAD 342106806973
BAD 342106984013
BAD 342108884333
BAD 342108884339
BAD 342109709377
BAD 342110225851
BAD 342032052463
BAD 342032052473
BAD 342035492431
BAD 342035936329
BAD 342037236917
BAD 342037236943
BAD 342038323903
BAD 342038323943
BAD 342039511133
BAD 342039511147
BAD 342039511201
BAD 342039511207
BAD 342044512393
BAD 342045029407
BAD 342046172453
BAD 342046423661
BAD 342046423703
BAD 342080570683
BAD 342080680567
BAD 342081718291
BAD 342082095059
BAD 342082824229
BAD 342087520193
BAD 342087520199
BAD 342089453837
BAD 342090642043
BAD 342092495323
BAD 342093346723
BAD 342094062731
BAD 342094062763
BAD 342094406879
BAD 342095187979
BAD 342148483367
BAD 342148483373
BAD 342148483387
BAD 342148483393
BAD 342148821043
BAD 342151663283
BAD 342152505623
BAD 342153141061
BAD 342154819957
BAD 342155269903
BAD 342155269931
BAD 342155269933
BAD 342156454613
BAD 342157080571
BAD 342158857399
BAD 342158877883
BAD 342160318183
BAD 342163359269
BAD 342131191411
BAD 342131191429
BAD 342131191433
BAD 342132336113
BAD 342133123369
BAD 342133123373
BAD 342133684499
BAD 342133684573
BAD 342134470609
BAD 342166143313
BAD 342166143317
BAD 342166191023
BAD 342166246801
BAD 342166246831
BAD 342166246859
BAD 342136815991
BAD 342167790499
BAD 342139616783
BAD 342139616789
BAD 342170569063
BAD 342171098677
BAD 342171098681
BAD 342171216271
BAD 342141337121
BAD 342141337123
BAD 342141337127
BAD 342141337129
BAD 342141337133
BAD 342171988313
BAD 342172017181
BAD 342173340763
BAD 342173789207
BAD 342174296963
BAD 342174296987
BAD 342174296993
BAD 342175684219
BAD 342142641833
BAD 342142641839
BAD 342366538781
BAD 342366538783
BAD 342367215733
BAD 342144478483
BAD 342144640273
BAD 342353606393
BAD 342176895163
BAD 342372394577
BAD 342372394597
BAD 342372394603
BAD 342372957473
BAD 342357254633
BAD 342180398689
BAD 342180457979
BAD 342180457981
BAD 342180457987
BAD 342375108961
BAD 342359756119
BAD 342377362597
BAD 342364911479
BAD 342364911481
BAD 342382252847
BAD 342266940373
BAD 342114493081
BAD 342316038787
BAD 342316038791
BAD 342316038793
BAD 342270364123
BAD 342272755471
BAD 342273298753
BAD 342274691053
BAD 342117732127
BAD 342400354403
BAD 342275094061
BAD 342400801937
BAD 342215025083
BAD 342321420061
BAD 342215349089
BAD 342215349103
BAD 342215349107
BAD 342215349109
BAD 342215349143
BAD 342118488683
BAD 342118488697
BAD 342401347927
BAD 342401347931
BAD 342401347933
BAD 342275753503
BAD 342275753513
BAD 342276132313
BAD 342119056771
BAD 342119056789
BAD 342322048667
BAD 342402446173
BAD 342216571013
BAD 342322048669
BAD 342276498859
BAD 342402952183
BAD 342402952187
BAD 342402952189
BAD 342402952201
BAD 342276777533
BAD 342403366303
BAD 342403366321
BAD 342121129463
BAD 342404873689
BAD 342404873693
BAD 342323531401
BAD 342405093697
BAD 342405093703
BAD 342219359569
BAD 342405389969
BAD 342405389971
BAD 342324202421
BAD 342407370763
BAD 342407370769
BAD 342221674117
BAD 342407797243
BAD 342407797253
BAD 342124289173
BAD 342221882939
BAD 342221882941
BAD 342124385971
BAD 342222521191
BAD 342279882127
BAD 342124385983
BAD 342124499149
BAD 342332536229
BAD 342409416641
BAD 342280362199
BAD 342410587279
BAD 342224280691
BAD 342333533089
BAD 342333533093
BAD 342333533099
BAD 342225128789
BAD 342226509899
BAD 342226509901
BAD 342248552029
BAD 342248552033
BAD 342182194447
BAD 342126613679
BAD 342126613681
BAD 342325943849
BAD 342325943863
BAD 342384673369
BAD 342326268191
BAD 342385171343
BAD 342127836587
BAD 342127926211
BAD 342127926241
BAD 342199524391
BAD 342199524397
BAD 342228276293
BAD 342385661353
BAD 342228276311
BAD 342228276319
BAD 342199583527
BAD 342415350271
BAD 342228430021
BAD 342228430031
BAD 342385841233
BAD 342228555139
BAD 342415657201
BAD 342415699333
BAD 342415699363
BAD 342129506371
BAD 342387110413
BAD 342328222237
BAD 342286483433
BAD 342230006033
BAD 342230006071
BAD 342230076583
BAD 342328764793
BAD 342328764803
BAD 342230126573
BAD 342337456477
BAD 342230174861
BAD 342230174863
BAD 342201729083
BAD 342329294693
BAD 342329294701
BAD 342187227023
BAD 342202315801
BAD 342231255913
BAD 342338651873
BAD 342338651881
BAD 342202777247
BAD 342202777249
BAD 342202808281
BAD 342203264203
BAD 342188315507
BAD 342188315509
BAD 342290012893
BAD 342290012899
BAD 342203902883
BAD 342254924573
BAD 342290558443
BAD 342204230233
BAD 342255830393
BAD 342255830401
BAD 342291737449
BAD 342291737453
BAD 342205287293
BAD 342205287299
BAD 342205287301
BAD 342205441073
BAD 342205466569
BAD 342342826159
BAD 342391144531
BAD 342391161547
BAD 342233545109
BAD 342233545111
BAD 342256659893
BAD 342191209313
BAD 342391691933
BAD 342257007047
BAD 342257007049
BAD 342191345669
BAD 342233993399
BAD 342233993401
BAD 342206513969
BAD 342206513993
BAD 342206514019
BAD 342257161591
BAD 342392410757
BAD 342392438893
BAD 342392438909
BAD 342392438911
BAD 342207130189
BAD 342207130193
BAD 342293913389
BAD 342293913391
BAD 342392944417
BAD 342235264979
BAD 342235264981
BAD 342258282869
BAD 342258282871
BAD 342393564109
BAD 342236212943
BAD 342236213051
BAD 342345766691
BAD 342193828159
BAD 342237060103
BAD 342394769399
BAD 342394769401
BAD 342394769501
BAD 342394769503
BAD 342208305953
BAD 342259649647
BAD 342296628871
BAD 342395467111
BAD 342346418663
BAD 342395582821
BAD 342396079429
BAD 342210083129
BAD 342261269881
BAD 342210525497
BAD 342210525511
BAD 342347739379
BAD 342347739421
BAD 342297759499
BAD 342297879769
BAD 342297879773
BAD 342196590949
BAD 342197725453
BAD 342197725459
BAD 342263658967
BAD 342212400263
BAD 342243033061
BAD 342213932993
BAD 342244294703
BAD 342416124121
BAD 342245175079
BAD 342417045937
BAD 342417152747
BAD 342422708821
BAD 342422937499
BAD 342422937503
BAD 342423208703
BAD 342423208709
BAD 342423208711
BAD 342423438629
BAD 342423438631
BAD 342424068949
BAD 342424852439
BAD 342424852447
BAD 342424852459
BAD 342424852463
BAD 342425868361
BAD 342304576399
BAD 342305221931
BAD 342307663241
BAD 342308451923
BAD 342308451929
BAD 342308451931
BAD 342431798089
BAD 342431798101
BAD 342432033847
BAD 342432068833
BAD 342432068851
BAD 342432367351
BAD 342432367357
BAD 342309764443
BAD 342432570157
BAD 342311678509
BAD 342312081961
BAD 342312081983
BAD 342313290523
BAD 342313530991
BAD 342313530997
BAD 342315212401
BAD 342467221451
BAD 342467856103
BAD 342471476843
BAD 342471713887
BAD 342473451433
BAD 342473973797
BAD 342473973799
BAD 342474581551
BAD 342474581881
BAD 342477280207
BAD 342477280237
BAD 342477723019
BAD 342480283337
BAD 342480669031
BAD 342482036599
BAD 342449606209
BAD 342450307363
BAD 342432736981
BAD 342432736993
BAD 342432932173
BAD 342453410647
BAD 342433422049
BAD 342454332487
BAD 342433957067
BAD 342456409201
BAD 342436277371
BAD 342436462087
BAD 342457685771
BAD 342438264827
BAD 342438264829
BAD 342438657893
BAD 342438657901
BAD 342459151589
BAD 342459151591
BAD 342459151597
BAD 342439524481
BAD 342439524487
BAD 342439678403
BAD 342439678429
BAD 342460693559
BAD 342460842469
BAD 342461152573
BAD 342442139173
BAD 342442139227
BAD 342442875799
BAD 342463439303
BAD 342464392871
BAD 342464392873
BAD 342464392891
BAD 342464445419
BAD 342464445437
BAD 342464445439
BAD 342444978991
BAD 342445454657
BAD 342445468153
BAD 342445468159
BAD 342445468163
BAD 342445468201
BAD 342445468219
BAD 342466131703
BAD 342447530153
BAD 342447530353
BAD 342485223859
BAD 342485223869
BAD 342486924863
BAD 342487672739
BAD 342487691911
BAD 342488953259
BAD 342495593941
BAD 342496297679
BAD 342496297729
BAD 342498566849
BAD 342498855421
BAD 342498855427
BAD 342500505103
BAD 342502481689
BAD 342507712643
BAD 342508430609
BAD 342508430611
BAD 342509942183
BAD 342517643981
BAD 342517643983
BAD 342518665627
BAD 342520021339
BAD 342520280701
BAD 342520280761
BAD 342521909923
BAD 342522387049
BAD 342523107029
BAD 342523221223
BAD 342524714141
BAD 342524714143
BAD 342524714153
BAD 342526423763
BAD 342526423769
BAD 342527526623
BAD 342528034633
BAD 342528473281
BAD 342531555319
BAD 342533221423
BAD 342533272687
BAD 342533272691
BAD 342533272693
BAD 342533327509
BAD 342550163101
BAD 342551446541
BAD 342551446543
BAD 342552852797
BAD 342552852799
BAD 342553082269
BAD 342553082273
BAD 342553515319
BAD 342553897843
BAD 342553904689
BAD 342555684017
BAD 342555948323
BAD 342558675089
BAD 342558675091
BAD 342562190851
BAD 342562190857
BAD 342562520371
BAD 342562618841
BAD 342562618843
BAD 342562813157
BAD 342564481579
BAD 342564759001
BAD 342564759023
BAD 342565489139
BAD 342565489141
BAD 342769562383
BAD 342769562393
BAD 342770204059
BAD 342770240849
BAD 342770240851
BAD 342770766073
BAD 342770766077
BAD 342771240401
BAD 342771240403
BAD 342775882661
BAD 342776719763
BAD 342635381131
BAD 342636120193
BAD 342668307077
BAD 342778994297
BAD 342779598841
BAD 342668951299
BAD 342779811893
BAD 342669758029
BAD 342669758033
BAD 342669959311
BAD 342638110127
BAD 342638194013
BAD 342781002973
BAD 342670259251
BAD 342670826683
BAD 342670826689
BAD 342671080909
BAD 342672094019
BAD 342672094021
BAD 342672094033
BAD 342640897103
BAD 342836795149
BAD 342836795153
BAD 342837006419
BAD 342837016801
BAD 342802315327
BAD 342802315333
BAD 342802796327
BAD 342838260953
BAD 342675446977
BAD 342804058621
BAD 342676372153
BAD 342839468903
BAD 342839468929
BAD 342839468953
BAD 342839508653
BAD 342643957069
BAD 342678090949
BAD 342807837607
BAD 342841286597
BAD 342645136003
BAD 342841485083
BAD 342841485089
BAD 342645307703
BAD 342645399293
BAD 342645399331
BAD 342645584719
BAD 342645584959
BAD 342841775623
BAD 342841775629
BAD 342809044069
BAD 342809254537
BAD 342647408251
BAD 342844163041
BAD 342844163047
BAD 342682032509
BAD 342845208851
BAD 342812061437
BAD 342812061439
BAD 342812171543
BAD 342812294959
BAD 342649967017
BAD 342649967041
BAD 342649967047
BAD 342812859419
BAD 342650175661
BAD 342869244593
BAD 342869252533
BAD 342683497789
BAD 342683497823
BAD 342683601523
BAD 342683601539
BAD 342683601541
BAD 342869770123
BAD 342869770127
BAD 342869770129
BAD 342869770141
BAD 342815695711
BAD 342816071401
BAD 342816071407
BAD 342816375149
BAD 342816375151
BAD 342872659537
BAD 342872659573
BAD 342817330853
BAD 342872844557
BAD 342872844661
BAD 342873172253
BAD 342873641083
BAD 342875784473
BAD 342876639047
BAD 342876696367
BAD 342878191333
BAD 342878191339
BAD 342878320669
BAD 342879360979
BAD 342879397687
BAD 342879525031
BAD 342880181393
BAD 342880642337
BAD 342880642339
BAD 342882115703
BAD 342601511807
BAD 342601511809
BAD 342601511851
BAD 342601511911
BAD 342602053841
BAD 342604723249
BAD 342617373473
BAD 342618084829
BAD 342606335683
BAD 342606335689
BAD 342618940567
BAD 342607019663
BAD 342608705407
BAD 342608705419
BAD 342540205159
BAD 342540205309
BAD 342621083117
BAD 342541035103
BAD 342701415943
BAD 342610294973
BAD 342545621519
BAD 342703263247
BAD 342624600589
BAD 342653660653
BAD 342545621521
BAD 342653660663
BAD 342624600611
BAD 342624600613
BAD 342610294979
BAD 342545647331
BAD 342545647333
BAD 342545647343
BAD 342653759761
BAD 342704511713
BAD 342625576021
BAD 342547376513
BAD 342547376519
BAD 342655770151
BAD 342820089553
BAD 342705770291
BAD 342548774543
BAD 342549086329
BAD 342611926303
BAD 342820811929
BAD 342549606733
BAD 342706950371
BAD 342706950373
BAD 342657381769
BAD 342657381863
BAD 342707064929
BAD 342550056839
BAD 342821530253
BAD 342658500829
BAD 342615759359
BAD 342628593101
BAD 342615759361
BAD 342550056841
BAD 342628593103
BAD 342628593113
BAD 342628593179
BAD 342707569973
BAD 342707569987
BAD 342616204129
BAD 342628971599
BAD 342659265323
BAD 342629159797
BAD 342708623051
BAD 342616894523
BAD 342709593649
BAD 342630593119
BAD 342631415857
BAD 342712870273
BAD 342664544549
BAD 342632347237
BAD 342827753453
BAD 342827753461
BAD 342827753509
BAD 342714156517
BAD 342829016311
BAD 342633996239
BAD 342633996403
BAD 342715892243
BAD 342567863401
BAD 342831339533
BAD 342831731791
BAD 342831908479
BAD 342831908491
BAD 342833196833
BAD 342833802413
BAD 342834893173
BAD 342834893179
BAD 342852456293
BAD 342852456301
BAD 342853424423
BAD 342853886027
BAD 342579297427
BAD 342754521553
BAD 342754613029
BAD 342754613041
BAD 342854982959
BAD 342854982961
BAD 342755205367
BAD 342756389777
BAD 342756389779
BAD 342756389783
BAD 342581870957
BAD 342581870959
BAD 342735327203
BAD 342856881559
BAD 342856881571
BAD 342736588939
BAD 342736948979
BAD 342583816039
BAD 342584635541
BAD 342737969851
BAD 342737969863
BAD 342737969869
BAD 342859478153
BAD 342739853969
BAD 342739853971
BAD 342739909339
BAD 342740544793
BAD 342740968249
BAD 342741213413
BAD 342861636463
BAD 342786503419
BAD 342862517059
BAD 342742893991
BAD 342763635419
BAD 342763635463
BAD 342743098681
BAD 342863004983
BAD 342585828833
BAD 342585828973
BAD 342764114257
BAD 342586014377
BAD 342586653473
BAD 342586739357
BAD 342586739359
BAD 342765129587
BAD 342765129589
BAD 342863663071
BAD 342745061389
BAD 342790002563
BAD 342864512101
BAD 342588567157
BAD 342588960551
BAD 342589154363
BAD 342589179637
BAD 342589179641
BAD 342589179643
BAD 342589179649
BAD 342766565509
BAD 342766565513
BAD 342589797713
BAD 342746906963
BAD 342747027853
BAD 342767984599
BAD 342590874811
BAD 342590874827
BAD 342792569611
BAD 342792769237
BAD 342792769273
BAD 342748820509
BAD 342748820611
BAD 342749495203
BAD 342593154529
BAD 342793781399
BAD 342793781401
BAD 342750949691
BAD 342750949693
BAD 342594064097
BAD 342594188941
BAD 342595337911
BAD 342595996741
BAD 342597144523
BAD 342597144541
BAD 342796890323
BAD 342797286883
BAD 342797286889
BAD 342597866423
BAD 342797769913
BAD 342599156093
BAD 342798625369
BAD 342798625373
BAD 342798625399
BAD 342718254127
BAD 342718918337
BAD 342718918343
BAD 342799563863
BAD 342799563881
BAD 342799563943
BAD 342600177281
BAD 342800926687
BAD 342801652493
BAD 342721537621
BAD 342721927981
BAD 342722433139
BAD 342722755237
BAD 342722990209
BAD 342724023349
BAD 342724023353
BAD 342726800539
BAD 342727327997
BAD 342728033083
BAD 342729814429
BAD 342731094143
BAD 342731241271
BAD 342731554303
BAD 342731554313
BAD 342731944679
BAD 342732269783
BAD 342733566181
BAD 342734260129
BAD 342734553529
BAD 342734553533
BAD 342734553541
BAD 342685577753
BAD 342689697083
BAD 342692308009
BAD 342693452711
BAD 342693452713
BAD 342693452723
BAD 342693530299
BAD 342696375349
BAD 342696647873
BAD 342696647879
BAD 342696647893
BAD 342696647903
BAD 342698788829
BAD 342699155741
BAD 342699570721
BAD 342699570779
BAD 342699570781
BAD 342886365091
BAD 342886420133
BAD 342886572109
BAD 342886719283
BAD 342887184023
BAD 342887382601
BAD 342888026303
BAD 342888819683
BAD 342889590613
BAD 342889590619
BAD 342889590629
BAD 342889590671
BAD 342889590683
BAD 342891186797
BAD 342893123149
BAD 342893123161
BAD 342893123191
BAD 342895116737
BAD 342895382197
BAD 342898753139
BAD 342900041663
BAD 342900299333
BAD 342900455939
BAD 342900455941
BAD 342901147177
BAD 342901330273
BAD 342901330283
BAD 342901512721
BAD 342901512727
BAD 342904808821
BAD 342905460517
BAD 342907733059
BAD 342907779811
BAD 342909076073
BAD 342911181293
BAD 342911756027
BAD 342913540009
BAD 342915447653
BAD 342916721551
BAD 342918937609
BAD 342952822721
BAD 342953277883
BAD 342953277889
BAD 342954353773
BAD 342954353779
BAD 342954353783
BAD 342954965519
BAD 342955542703
BAD 342958714589
BAD 342958714591
BAD 342958714607
BAD 342958714619
BAD 342958714621
BAD 342958714627
BAD 342958714639
BAD 342958714643
BAD 342960160771
BAD 342961471861
BAD 342961471873
BAD 342961471883
BAD 342968438107
BAD 342919821973
BAD 342922512241
BAD 342923779747
BAD 342926537089
BAD 342927027229
BAD 342927040903
BAD 342927040921
BAD 342927643853
BAD 342928488421
BAD 342928488457
BAD 342928801651
BAD 342928801661
BAD 342929053099
BAD 342929648459
BAD 342929648461
BAD 342931059329
BAD 342931180223
BAD 342931305911
BAD 342932725703
BAD 342932859593
BAD 342934824059
BAD 342934824061
BAD 342935172413
BAD 342935172499
BAD 343020495583
BAD 342987415819
BAD 342987666421
BAD 342987935117
BAD 342987935119
BAD 342987935123
BAD 342987935131
BAD 342989485151
BAD 342989866091
BAD 342989866103
BAD 343022118961
BAD 343023501713
BAD 343024307341
BAD 343024307359
BAD 343024307377
BAD 343036914931
BAD 343026266137
BAD 342992346937
BAD 342992346941
BAD 342992346979
BAD 343039565527
BAD 343004011963
BAD 343004011967
BAD 343004011969
BAD 342993560879
BAD 342994201523
BAD 342994201531
BAD 343004930041
BAD 343041477223
BAD 343041477241
BAD 343006589843
BAD 343042243601
BAD 343042243603
BAD 343007746951
BAD 343008226651
BAD 343028976949
BAD 343008465827
BAD 343029198529
BAD 343044545033
BAD 342936646069
BAD 343030250779
BAD 343046032411
BAD 342996500551
BAD 342996500557
BAD 342996668437
BAD 343032057551
BAD 343032057553
BAD 342938849731
BAD 342997285769
BAD 343032875831
BAD 342997804999
BAD 342997805009
BAD 342997805011
BAD 342997995323
BAD 342997995331
BAD 342997995341
BAD 342997995343
BAD 343032942523
BAD 342998115919
BAD 342998305129
BAD 342998653279
BAD 343013589379
BAD 342999470423
BAD 342940964213
BAD 343015467737
BAD 343049094149
BAD 343049094151
BAD 343049440213
BAD 342941716501
BAD 343016165377
BAD 343016165389
BAD 343049832781
BAD 343016368603
BAD 342941823781
BAD 342941963279
BAD 342941963281
BAD 343016917283
BAD 343050828511
BAD 342942277609
BAD 342942865469
BAD 342944999407
BAD 342946489573
BAD 342946634059
BAD 342947078569
BAD 343071291889
BAD 343072477051
BAD 343072864681
BAD 343072864711
BAD 343072995413
BAD 343073548087
BAD 343073548091
BAD 343073548093
BAD 343073588881
BAD 343073588959
BAD 343075947301
BAD 342969892763
BAD 343089299911
BAD 342970446493
BAD 342970844353
BAD 342971084213
BAD 343077064417
BAD 343090223407
BAD 343077392569
BAD 343077667561
BAD 343077667577
BAD 343091518981
BAD 343078815007
BAD 343078815029
BAD 343078815031
BAD 343079757379
BAD 342974876129
BAD 342974876131
BAD 343093660541
BAD 343093660543
BAD 342976240913
BAD 342976240931
BAD 342976240933
BAD 342976240939
BAD 342976270657
BAD 342976751197
BAD 343094302729
BAD 343081645289
BAD 343081645297
BAD 342978305273
BAD 342978328291
BAD 342978792983
BAD 342978792991
BAD 343083219781
BAD 342982048993
BAD 342982049017
BAD 343099153919
BAD 343099153921
BAD 343099661483
BAD 343099762399
BAD 342983339903
BAD 343100771207
BAD 343101597679
BAD 342984975149
BAD 342984975197
BAD 343102698899
BAD 343102698901
BAD 342986272663
BAD 342986272667
BAD 342986272669
BAD 343205733823
BAD 343206380753
BAD 343120722953
BAD 343207325119
BAD 343121491807
BAD 343055190991
BAD 343055282989
BAD 343207784377
BAD 343055546011
BAD 343191024439
BAD 343210115903
BAD 343055907289
BAD 343210785163
BAD 343210785167
BAD 343123724341
BAD 343057008451
BAD 343211445781
BAD 343211652713
BAD 343212316327
BAD 343212316339
BAD 343057981163
BAD 343141133501
BAD 343141308481
BAD 343125209783
BAD 343142154569
BAD 343142154571
BAD 343142324969
BAD 343214447911
BAD 343142324971
BAD 343142783041
BAD 343127172071
BAD 343060898903
BAD 343110010741
BAD 343196526419
BAD 343110274433
BAD 343062199253
BAD 343144516823
BAD 343144516829
BAD 343144516831
BAD 343111108759
BAD 343064538161
BAD 343200818179
BAD 343129189567
BAD 343111108763
BAD 343064538163
BAD 343129437529
BAD 343129437533
BAD 343065152519
BAD 343220304083
BAD 343145786699
BAD 343145786701
BAD 343145786707
BAD 343202772023
BAD 343130556799
BAD 343112549393
BAD 343203388117
BAD 343203814847
BAD 343203894731
BAD 343067098783
BAD 343146745243
BAD 343113789313
BAD 343113814999
BAD 343113815003
BAD 343132540571
BAD 343132540573
BAD 343132540577
BAD 343068133169
BAD 343068133171
BAD 343133148529
BAD 343133148539
BAD 343133148541
BAD 343133259929
BAD 343069156193
BAD 343069524121
BAD 343118027723
BAD 343118155493
BAD 343222356233
BAD 343119026843
BAD 343119026851
BAD 343223762789
BAD 343136758511
BAD 343136758513
BAD 343136758537
BAD 343120004047
BAD 343120004053
BAD 343153313353
BAD 343227038731
BAD 343227078641
BAD 343156585943
BAD 343156585969
BAD 343156585973
BAD 343227881753
BAD 343157536763
BAD 343228647581
BAD 343228647583
BAD 343239287243
BAD 343240773287
BAD 343240773301
BAD 343240773307
BAD 343159418389
BAD 343241299007
BAD 343231274707
BAD 343160660719
BAD 343160660741
BAD 343160660743
BAD 343160918383
BAD 343231920313
BAD 343231920331
BAD 343161007741
BAD 343161007817
BAD 343243858159
BAD 343234901003
BAD 343172553421
BAD 343172553431
BAD 343172553433
BAD 343174232123
BAD 343167066113
BAD 343247927833
BAD 343248047843
BAD 343175769943
BAD 343175769953
BAD 343175770013
BAD 343169192213
BAD 343249725391
BAD 343177298413
BAD 343177426399
BAD 343177630519
BAD 343250438263
BAD 343177917949
BAD 343251966721
BAD 343180140931
BAD 343251966727
BAD 343180566793
BAD 343181022629
BAD 343181022631
BAD 343253473397
BAD 343253473399
BAD 343182889741
BAD 343183604903
BAD 343257222443
BAD 343257814073
BAD 343257903097
BAD 343258349429
BAD 343258744021
BAD 343186302181
BAD 343186302191
BAD 343259821273
BAD 343187259287
BAD 343187259293
BAD 343273196809
BAD 343273196837
BAD 343274194063
BAD 343274194073
BAD 343262795633
BAD 343262795647
BAD 343276079483
BAD 343264425743
BAD 343264713361
BAD 343276581863
BAD 343265469241
BAD 343277172827
BAD 343265469263
BAD 343277172829
BAD 343277446261
BAD 343277446271
BAD 343277446273
BAD 343265801029
BAD 343267475833
BAD 343279993057
BAD 343279993061
BAD 343268951219
BAD 343269317789
BAD 343269317791
BAD 343269317869
BAD 343269317903
BAD 343269317927
BAD 343269317929
BAD 343283422421
BAD 343285464547
BAD 343285464559
BAD 343285496933
BAD 343287555053
BAD 343287963803
BAD 343292820757
BAD 343293041071
BAD 343295143141
BAD 343295993213
BAD 343298207683
BAD 343298376041
BAD 343300439947
BAD 343303628623
BAD 343305426397
BAD 343307014517
BAD 343307348429
BAD 343307348431
BAD 343308990053
BAD 343312060111
BAD 343316056877
BAD 343316855821
BAD 343316855831
BAD 343317831173
BAD 343319989709
BAD 343319989711
BAD 343320280027
BAD 343320280099
BAD 343320342193
BAD 343320342257
BAD 343320342259
BAD 343320342263
BAD 343323210833
BAD 343324680553
BAD 343330091759
BAD 343333243073
BAD 343335552299
BAD 343391395189
BAD 343392879527
BAD 343395631253
BAD 343397539801
BAD 343397598553
BAD 343399587283
BAD 343399587319
BAD 343400087893
BAD 343401231223
BAD 343401611299
BAD 343356249541
BAD 343357187363
BAD 343358305999
BAD 343359880967
BAD 343360565903
BAD 343363619153
BAD 343364680039
BAD 343368790553
BAD 343368790657
BAD 343369618079
BAD 343369746691
BAD 343369746703
BAD 343371368539
BAD 343371468751
BAD 343371468761
BAD 343371468763
BAD 343371468767
BAD 343407876961
BAD 343408000501
BAD 343408981193
BAD 343415221399
BAD 343422725363
BAD 343422789239
BAD 343422895121
BAD 343415497391
BAD 343415497393
BAD 343338940201
BAD 343339121371
BAD 343418064973
BAD 343418196773
BAD 343418196787
BAD 343418196791
BAD 343340811823
BAD 343341108883
BAD 343423310063
BAD 343423609223
BAD 343341959971
BAD 343424022917
BAD 343342486681
BAD 343342486687
BAD 343342486691
BAD 343424578841
BAD 343424578843
BAD 343425022711
BAD 343343899321
BAD 343343899333
BAD 343343899361
BAD 343343899363
BAD 343343899369
BAD 343343899373
BAD 343343963849
BAD 343343963863
BAD 343343963873
BAD 343343979619
BAD 343343979623
BAD 343343979631
BAD 343344119647
BAD 343344360841
BAD 343344645053
BAD 343345182449
BAD 343345182451
BAD 343428039859
BAD 343478737817
BAD 343429603747
BAD 343346566861
BAD 343480601599
BAD 343480601603
BAD 343481382989
BAD 343481382991
BAD 343481382997
BAD 343481383033
BAD 343481383039
BAD 343481383043
BAD 343481431663
BAD 343481767319
BAD 343432441897
BAD 343482368063
BAD 343432707637
BAD 343483687033
BAD 343349067037
BAD 343349067041
BAD 343372582153
BAD 343372582159
BAD 343372780771
BAD 343372780781
BAD 343485594547
BAD 343421677387
BAD 343421677399
BAD 343422056041
BAD 343374837023
BAD 343349862787
BAD 343624949221
BAD 343422413533
BAD 343435713773
BAD 343435714009
BAD 343435714031
BAD 343435714033
BAD 343486749493
BAD 343486749497
BAD 343486749499
BAD 343486749503
BAD 343436114663
BAD 343375674659
BAD 343375674661
BAD 343375674679
BAD 343375781939
BAD 343487559433
BAD 343487559439
BAD 343626011017
BAD 343626213829
BAD 343626401491
BAD 343626401497
BAD 343437452399
BAD 343351669343
BAD 343488681821
BAD 343376934949
BAD 343437658441
BAD 343489498441
BAD 343489498477
BAD 343489588777
BAD 343489588787
BAD 343489588789
BAD 343352888381
BAD 343352888383
BAD 343629059101
BAD 343353846733
BAD 343354065841
BAD 343354241687
BAD 343354241689
BAD 343380347603
BAD 343380938773
BAD 343632927683
BAD 343632927691
BAD 343633519609
BAD 343633519613
BAD 343634066011
BAD 343383982399
BAD 343384072627
BAD 343634960843
BAD 343636282291
BAD 343636479049
BAD 343386824327
BAD 343386824329
BAD 343388732903
BAD 343440853043
BAD 343440853051
BAD 343440853061
BAD 343573549643
BAD 343490930791
BAD 343490970377
BAD 343490970379
BAD 343491106193
BAD 343442409281
BAD 343442409283
BAD 343540985171
BAD 343493879021
BAD 343493879023
BAD 343559090177
BAD 343559090179
BAD 343445003017
BAD 343523505889
BAD 343523540431
BAD 343494763441
BAD 343494763453
BAD 343494763463
BAD 343508728867
BAD 343494950363
BAD 343560304181
BAD 343560304183
BAD 343495335691
BAD 343495759513
BAD 343524935723
BAD 343578951731
BAD 343578951733
BAD 343579390019
BAD 343496495873
BAD 343496495897
BAD 343510625083
BAD 343544572669
BAD 343561951651
BAD 343525891547
BAD 343608153503
BAD 343496495899
BAD 343579513163
BAD 343579513213
BAD 343511064373
BAD 343562575189
BAD 343562575193
BAD 343609013093
BAD 343609396313
BAD 343546397743
BAD 343546415243
BAD 343498536019
BAD 343610158963
BAD 343498994257
BAD 343610215357
BAD 343581484621
BAD 343581484633
BAD 343513224031
BAD 343610378413
BAD 343581986663
BAD 343581986669
BAD 343513719931
BAD 343500152179
BAD 343500152183
BAD 343500152231
BAD 343565172827
BAD 343549277063
BAD 343549277069
BAD 343583857457
BAD 343583857459
BAD 343566460441
BAD 343502494043
BAD 343566983731
BAD 343530196067
BAD 343550794423
BAD 343516501963
BAD 343551108949
BAD 343516769573
BAD 343517012753
BAD 343585598819
BAD 343585598821
BAD 343585598827
BAD 343517332789
BAD 343458678869
BAD 343458678877
BAD 343517893321
BAD 343674736291
BAD 343674736309
BAD 343674736313
BAD 343553719867
BAD 343587762109
BAD 343675240373
BAD 343587868553
BAD 343587868579
BAD 343587868583
BAD 343460453971
BAD 343460453977
BAD 343460453983
BAD 343570528529
BAD 343570528531
BAD 343570528537
BAD 343519757963
BAD 343588492151
BAD 343588492199
BAD 343533907879
BAD 343533907883
BAD 343555271377
BAD 343676761349
BAD 343461660301
BAD 343535749861
BAD 343535749903
BAD 343570808723
BAD 343677170113
BAD 343677170117
BAD 343677170119
BAD 343677170173
BAD 343522111453
BAD 343522111507
BAD 343522111511
BAD 343522111531
BAD 343455784757
BAD 343462740637
BAD 343537129577
BAD 343463456353
BAD 343619724769
BAD 343538816627
BAD 343620135161
BAD 343538816629
BAD 343620135163
BAD 343538816633
BAD 343643136409
BAD 343465528613
BAD 343643447533
BAD 343680154043
BAD 343465970543
BAD 343680486073
BAD 343621571009
BAD 343621571011
BAD 343621617851
BAD 343621617853
BAD 343681208537
BAD 343467894193
BAD 343467894197
BAD 343467894199
BAD 343645249067
BAD 343645249069
BAD 343622988529
BAD 343622988601
BAD 343623149819
BAD 343623149833
BAD 343682127787
BAD 343646377751
BAD 343646472551
BAD 343646472553
BAD 343470074729
BAD 343647577879
BAD 343684555961
BAD 343647577883
BAD 343684555969
BAD 343684911239
BAD 343684928309
BAD 343684994929
BAD 343685389381
BAD 343657730551
BAD 343593385133
BAD 343650068569
BAD 343650158461
BAD 343594592581
BAD 343594592587
BAD 343650965131
BAD 343660374403
BAD 343595046601
BAD 343595440973
BAD 343660829221
BAD 343689585653
BAD 343690004807
BAD 343690589261
BAD 343662526381
BAD 343662526387
BAD 343662526423
BAD 343654477787
BAD 343597805141
BAD 343663138009
BAD 343655322893
BAD 343663568273
BAD 343655637023
BAD 343599408157
BAD 343656007483
BAD 343656328879
BAD 343600036411
BAD 343600036447
BAD 343600338743
BAD 343600338751
BAD 343656762083
BAD 343656762091
BAD 343657174321
BAD 343667211161
BAD 343667211163
BAD 343667211169
BAD 343668082253
BAD 343668082271
BAD 343668082273
BAD 343603702229
BAD 343668745271
BAD 343604577091
BAD 343604577103
BAD 343669982483
BAD 343670153657
BAD 343605681493
BAD 343670337853
BAD 343605970471
BAD 343670638081
BAD 343694043331
BAD 343694043337
BAD 343694952103
BAD 343694952143
BAD 343695401059
BAD 343695415381
BAD 343695415387
BAD 343695626041
BAD 343695626059
BAD 343697876087
BAD 343697876089
BAD 343700368933
BAD 343701646763
BAD 343702099943
BAD 343702637363
BAD 343702637371
BAD 343702637387
BAD 343702637389
BAD 343702637393
BAD 343702988843
BAD 343705396361
BAD 343706805839
BAD 343707080813
BAD 343709546053
BAD 343716243769
BAD 343716678593
BAD 343716680953
BAD 343718378209
BAD 343719970837
BAD 343720180633
BAD 343724148091
BAD 343724148101
BAD 343728371947
BAD 343728371951
BAD 343728371953
BAD 343728371957
BAD 343728794419
BAD 343728794447
BAD 343728794449
BAD 343732579147
BAD 343733994559
BAD 343734222079
BAD 343734300451
BAD 343734300457
BAD 343734874433
BAD 343734902911
BAD 343758233521
BAD 343759263649
BAD 343760128577
BAD 343760128609
BAD 343761951473
BAD 343763157931
BAD 343764055081
BAD 343764576739
BAD 343764712703
BAD 343765201237
BAD 343765201243
BAD 343765769419
BAD 343768764893
BAD 343769346883
BAD 343769536321
BAD 343769536339
BAD 343769603461
BAD 343769603467
BAD 343769603473
BAD 343769844181
BAD 343771541959
BAD 343771744819
BAD 343773025381
BAD 343795798279
BAD 343796433361
BAD 343796433403
BAD 343797559423
BAD 343801934123
BAD 343802144269
BAD 343802321339
BAD 343802321341
BAD 343803395071
BAD 343745141059
BAD 343745141063
BAD 343747142393
BAD 343748322857
BAD 343748322859
BAD 343748421871
BAD 343748421881
BAD 343748421883
BAD 343748984809
BAD 343750872043
BAD 343751224483
BAD 343751441599
BAD 343753121359
BAD 343753640147
BAD 343754345971
BAD 343754678129
BAD 343754678131
BAD 343862861663
BAD 343756181519
BAD 343863298927
BAD 343863298981
BAD 343756534909
BAD 343866109513
BAD 343866887659
BAD 343868112817
BAD 343868394619
BAD 343868394637
BAD 343868394643
BAD 343825214713
BAD 343825214731
BAD 343825382669
BAD 343825382671
BAD 343870893001
BAD 343871170969
BAD 343828838083
BAD 343873217689
BAD 343873217693
BAD 343829355047
BAD 343829633153
BAD 343829837023
BAD 343832195857
BAD 343833604039
BAD 343833604043
BAD 343833973211
BAD 343833973213
BAD 343834160743
BAD 343835917651
BAD 343836231491
BAD 343836231527
BAD 343837950629
BAD 343839506401
BAD 343839506407
BAD 343960409021
BAD 343960707529
BAD 343964319163
BAD 343964587037
BAD 343964587039
BAD 343964604173
BAD 343808760091
BAD 343808760151
BAD 343808768777
BAD 343775683039
BAD 343775683063
BAD 343966515133
BAD 343966515149
BAD 343967405161
BAD 343810472783
BAD 343810601479
BAD 343810601521
BAD 344094879313
BAD 343777579933
BAD 343777579939
BAD 343810836659
BAD 343810836661
BAD 344095351687
BAD 344095351693
BAD 344095746391
BAD 343812955819
BAD 343779669329
BAD 343814391911
BAD 343814391913
BAD 344098440073
BAD 344098440083
BAD 343814624479
BAD 343972256129
BAD 343972256137
BAD 343972256153
BAD 343815522571
BAD 343815522587
BAD 343815522593
BAD 343972409491
BAD 343815932077
BAD 343816852459
BAD 343816906579
BAD 343816906583
BAD 343782440009
BAD 343782440011
BAD 343782440017
BAD 343783075613
BAD 343783075651
BAD 343817810113
BAD 343817941981
BAD 344101589759
BAD 344101589761
BAD 343974999581
BAD 343974999583
BAD 343975522871
BAD 343975522873
BAD 343820154973
BAD 343820686217
BAD 343820686219
BAD 344105990827
BAD 343822988167
BAD 343823962159
BAD 344109646957
BAD 344109650557
BAD 344109650561
BAD 343791239941
BAD 343791240173
BAD 344009831317
BAD 344010742807
BAD 344010742813
BAD 344010742921
BAD 344011668919
BAD 343910293291
BAD 343910367413
BAD 344012088949
BAD 344012088967
BAD 344013023983
BAD 344014366489
BAD 344016629399
BAD 344016629401
BAD 343876551817
BAD 343915215703
BAD 344018359283
BAD 343916276707
BAD 343879156529
BAD 344044411261
BAD 343879156531
BAD 343917272239
BAD 344020500301
BAD 343945558727
BAD 343892689117
BAD 343842655703
BAD 343917272249
BAD 343842655711
BAD 343842655721
BAD 343842700687
BAD 343945594687
BAD 344020676743
BAD 344020676759
BAD 344021391187
BAD 344044985233
BAD 343893298087
BAD 343893302059
BAD 344045151413
BAD 344045151433
BAD 343879576591
BAD 343946452807
BAD 343946452813
BAD 344045401213
BAD 343879879877
BAD 343879879891
BAD 343894123087
BAD 343894123093
BAD 343894538633
BAD 343919005747
BAD 343845320059
BAD 343894743173
BAD 343880758733
BAD 343880962819
BAD 343880962823
BAD 343880962829
BAD 343880973353
BAD 343881072173
BAD 343881072233
BAD 344046763831
BAD 343881224887
BAD 343881224891
BAD 343881224893
BAD 343895678813
BAD 343846489039
BAD 343919851843
BAD 343948109933
BAD 343948109941
BAD 344024190703
BAD 344024191633
BAD 344047347767
BAD 344047347781
BAD 343846837853
BAD 343846872923
BAD 343920399443
BAD 344025122059
BAD 344025538849
BAD 343847416547
BAD 343897591643
BAD 344025713503
BAD 343920986047
BAD 343884538243
BAD 343884538247
BAD 343884538253
BAD 343849176373
BAD 343849176383
BAD 343849176389
BAD 343949699959
BAD 343949699971
BAD 343949700013
BAD 343921309409
BAD 343921309411
BAD 343921309421
BAD 343921353779
BAD 343899579469
BAD 343900008593
BAD 344050651507
BAD 343885576417
BAD 343885576427
BAD 343885576429
BAD 344050954861
BAD 343950732091
BAD 343922313271
BAD 343900568161
BAD 343900568177
BAD 343900568183
BAD 343850898197
BAD 343901137309
BAD 343851450259
BAD 343851450263
BAD 343924127557
BAD 343901946373
BAD 343924214377
BAD 343924214383
BAD 344060147813
BAD 344060155661
BAD 343902115727
BAD 343902115729
BAD 343888874053
BAD 343888874057
BAD 343888874059
BAD 343852822483
BAD 343952991763
BAD 344060488729
BAD 343924624391
BAD 343889548001
BAD 343903242853
BAD 343953860581
BAD 343890361559
BAD 343890361561
BAD 344055701221
BAD 344055718943
BAD 343903709789
BAD 344062602337
BAD 343927114589
BAD 343904305841
BAD 343891409041
BAD 343891409051
BAD 343891409053
BAD 344056699771
BAD 343955314069
BAD 343854561373
BAD 343955314091
BAD 343955314093
BAD 343854561377
BAD 343905458629
BAD 343956161881
BAD 344064169597
BAD 344064169601
BAD 343956223427
BAD 343956223433
BAD 344065714009
BAD 344065714021
BAD 343857157801
BAD 343857381691
BAD 343908167767
BAD 344066233711
BAD 343929915841
BAD 343958556589
BAD 343958556593
BAD 344066883949
BAD 343959123121
BAD 344067831073
BAD 343933221293
BAD 343934463857
BAD 343935241421
BAD 343935241423
BAD 343936085839
BAD 344073501917
BAD 344073501923
BAD 344073933793
BAD 344074392983
BAD 344074715011
BAD 343940020493
BAD 343940020499
BAD 344076433123
BAD 343941322541
BAD 344076847711
BAD 343976763661
BAD 343976863697
BAD 343977970463
BAD 344080520411
BAD 344027505253
BAD 344027505259
BAD 344027505277
BAD 344027505281
BAD 344027710561
BAD 344080858159
BAD 344080906529
BAD 343979746661
BAD 343980555241
BAD 344030341573
BAD 344031146869
BAD 344031760451
BAD 344031760453
BAD 344031950287
BAD 344031950291
BAD 344085725453
BAD 344032995793
BAD 343983931673
BAD 344087146063
BAD 344087794543
BAD 344088160771
BAD 344088459907
BAD 344088459937
BAD 344036989003
BAD 344090102459
BAD 343993430551
BAD 344090521829
BAD 344037825083
BAD 344037825097
BAD 344037825101
BAD 344037825119
BAD 344037825121
BAD 343994724133
BAD 343995296233
BAD 343995392693
BAD 343995392707
BAD 343995489289
BAD 343990318493
BAD 344093612923
BAD 343996546241
BAD 344116818817
BAD 344117359279
BAD 344117359283
BAD 343991999027
BAD 344041285537
BAD 343992241403
BAD 343992736757
BAD 343998593879
BAD 344000339183
BAD 344000890699
BAD 344000928233
BAD 344122452953
BAD 344003365507
BAD 344003969341
BAD 344126217403
BAD 344132109221
BAD 344132109247
BAD 344132964047
BAD 344132964053
BAD 344133738967
BAD 344136804139
BAD 344137529903
BAD 344137626451
BAD 344137626457
BAD 344137626461
BAD 344140957177
BAD 344145639881
BAD 344152665617
BAD 344152665631
BAD 344153651797
BAD 344153843239
BAD 344154145807
BAD 344154860227
BAD 344155516343
BAD 344156349689
BAD 344157108791
BAD 344157193019
BAD 344157193033
BAD 344158823161
BAD 344159241241
BAD 344194800841
BAD 344199361591
BAD 344201900401
BAD 344201900407
BAD 344201900411
BAD 344205104483
BAD 344162398067
BAD 344163547837
BAD 344163547853
BAD 344163547873
BAD 344163880079
BAD 344164938499
BAD 344164938503
BAD 344165326499
BAD 344165326501
BAD 344165375731
BAD 344165564299
BAD 344166188647
BAD 344168144569
BAD 344169473051
BAD 344170479349
BAD 344171579393
BAD 344174965261
BAD 344174965271
BAD 344174965273
BAD 344178508343
BAD 344180628173
BAD 344183485351
BAD 344184466867
BAD 344184869813
BAD 344185486543
BAD 344185973281
BAD 344185981571
BAD 344185981589
BAD 344186108143
BAD 344186672987
BAD 344188807843
BAD 344188807877
BAD 344188807889
BAD 344188807891
BAD 344192878171
BAD 344193416797
BAD 344193416803
BAD 344193961291
BAD 344194125763
BAD 344362316633
BAD 344365305469
BAD 344365534027
BAD 344365656923
BAD 344369299537
BAD 344497243333
BAD 344497243339
BAD 344497776949
BAD 344372037773
BAD 344498742463
BAD 344498802797
BAD 344498802799
BAD 344499365521
BAD 344373352553
BAD 344500967773
BAD 344374829191
BAD 344374829221
BAD 344502024773
BAD 344376040121
BAD 344376040123
BAD 344504084389
BAD 344506271453
BAD 344506351867
BAD 344261618791
BAD 344508207167
BAD 344508560681
BAD 344509240093
BAD 344377583941
BAD 344509524119
BAD 344378852449
BAD 344378852453
BAD 344265738301
BAD 344265894593
BAD 344265894619
BAD 344510986849
BAD 344266487737
BAD 344266487743
BAD 344512237649
BAD 344512237651
BAD 344268410851
BAD 344270939227
BAD 344270973619
BAD 344271655531
BAD 344271655537
BAD 344211394841
BAD 344211645751
BAD 344211645781
BAD 344211645863
BAD 344213780093
BAD 344245904551
BAD 344245904567
BAD 344246226563
BAD 344230386571
BAD 344231412563
BAD 344231766181
BAD 344248339111
BAD 344232609881
BAD 344232810619
BAD 344233381913
BAD 344249235433
BAD 344278356353
BAD 344233782553
BAD 344233782559
BAD 344249651461
BAD 344218701121
BAD 344218701131
BAD 344250485041
BAD 344250720241
BAD 344220190807
BAD 344220190877
BAD 344220190879
BAD 344251708543
BAD 344236005319
BAD 344252261701
BAD 344252662241
BAD 344223526237
BAD 344238551017
BAD 344281253977
BAD 344224029997
BAD 344239616341
BAD 344516012333
BAD 344225965763
BAD 344225987957
BAD 344226334681
BAD 344396085713
BAD 344286025319
BAD 344256518423
BAD 344256586711
BAD 344256586717
BAD 344519115053
BAD 344242410023
BAD 344312966719
BAD 344287084763
BAD 344243553349
BAD 344257560503
BAD 344257560511
BAD 344346036919
BAD 344244132187
BAD 344521081271
BAD 344521415449
BAD 344521415453
BAD 344288305111
BAD 344314536067
BAD 344295529231
BAD 344400130021
BAD 344521932133
BAD 344521932137
BAD 344522009003
BAD 344259247907
BAD 344259334091
BAD 344259334093
BAD 344400659303
BAD 344522678131
BAD 344523224657
BAD 344523224659
BAD 344260577473
BAD 344290445153
BAD 344290445209
BAD 344348167363
BAD 344348167381
BAD 344524133467
BAD 344291027303
BAD 344348771047
BAD 344402790037
BAD 344402929237
BAD 344402929243
BAD 344402929333
BAD 344402929337
BAD 344291490031
BAD 344291538649
BAD 344291538653
BAD 344429263771
BAD 344317713361
BAD 344298636079
BAD 344317972123
BAD 344350104047
BAD 344330726813
BAD 344330726821
BAD 344330726843
BAD 344525690981
BAD 344525690983
BAD 344525691001
BAD 344525691019
BAD 344465717413
BAD 344331795923
BAD 344526472061
BAD 344526472063
BAD 344319405851
BAD 344319405853
BAD 344319405863
BAD 344332300283
BAD 344332300289
BAD 344293337123
BAD 344332773859
BAD 344332953571
BAD 344294075401
BAD 344300949373
BAD 344448274549
BAD 344321712439
BAD 344448551677
BAD 344433932783
BAD 344301457481
BAD 344301457483
BAD 344353786493
BAD 344353786507
BAD 344301549391
BAD 344468367931
BAD 344301549421
BAD 344468367937
BAD 344301549443
BAD 344434638091
BAD 344468649143
BAD 344354198101
BAD 344354198119
BAD 344354198161
BAD 344469101789
BAD 344336096831
BAD 344450115323
BAD 344469624119
BAD 344302406369
BAD 344408911607
BAD 344415281663
BAD 344415281669
BAD 344415281671
BAD 344470630123
BAD 344470630129
BAD 344470864313
BAD 344451569551
BAD 344409961403
BAD 344409961409
BAD 344437338551
BAD 344437338571
BAD 344437338629
BAD 344437338631
BAD 344471745383
BAD 344451868711
BAD 344471745391
BAD 344471745403
BAD 344338338863
BAD 344338338871
BAD 344326070201
BAD 344326070203
BAD 344326070213
BAD 344438087753
BAD 344438087761
BAD 344452336183
BAD 344472316093
BAD 344410911181
BAD 344410911269
BAD 344410911277
BAD 344326310063
BAD 344326310071
BAD 344357858123
BAD 344453273701
BAD 344453273713
BAD 344358376133
BAD 344473725103
BAD 344417941459
BAD 344358956219
BAD 344305315777
BAD 344305315793
BAD 344305445597
BAD 344305445629
BAD 344328384217
BAD 344328384233
BAD 344305597343
BAD 344439409577
BAD 344439409579
BAD 344439409583
BAD 344328409433
BAD 344328409487
BAD 344328409489
BAD 344454907739
BAD 344341377953
BAD 344440045409
BAD 344341876831
BAD 344306366449
BAD 344440411921
BAD 344306637187
BAD 344306637197
BAD 344419633357
BAD 344361154429
BAD 344361154433
BAD 344342568079
BAD 344475480793
BAD 344475827989
BAD 344344016209
BAD 344344016213
BAD 344344016231
BAD 344344016521
BAD 344458279069
BAD 344458289507
BAD 344458289509
BAD 344476582369
BAD 344421737227
BAD 344344460563
BAD 344344460567
BAD 344422107587
BAD 344422194331
BAD 344443871977
BAD 344459877557
BAD 344477920151
BAD 344477920153
BAD 344477920201
BAD 344309737861
BAD 344460397189
BAD 344460407077
BAD 344478551471
BAD 344461311679
BAD 344461649027
BAD 344461649029
BAD 344423631403
BAD 344462657953
BAD 344425321927
BAD 344427164227
BAD 344427860719
BAD 344481514591
BAD 344482452037
BAD 344482940203
BAD 344483860849
BAD 344484992941
BAD 344486357153
BAD 344486357161
BAD 344488135039
BAD 344488584709
BAD 344491045763
BAD 344381200253
BAD 344491045777
BAD 344491045781
BAD 344491045783
BAD 344492340469
BAD 344492340473
BAD 344382608749
BAD 344382608753
BAD 344492594549
BAD 344492627207
BAD 344492627209
BAD 344493242641
BAD 344383654421
BAD 344383654423
BAD 344383654427
BAD 344383654429
BAD 344495737561
BAD 344495737577
BAD 344495963941
BAD 344496044471
BAD 344384661077
BAD 344387062603
BAD 344387062609
BAD 344388426377
BAD 344388426379
BAD 344388426383
BAD 344389718489
BAD 344389910443
BAD 344390225611
BAD 344390225617
BAD 344390225657
BAD 344390225659
BAD 344390767613
BAD 344390767621
BAD 344530791263
BAD 344530811717
BAD 344530811719
BAD 344394986501
BAD 344394986503
BAD 344395031707
BAD 344532825829
BAD 344535468383
BAD 344536885877
BAD 344537013901
BAD 344537013917
BAD 344537478227
BAD 344541222293
BAD 344542399081
BAD 344542399087
BAD 344542399093
BAD 344543757413
BAD 344543915657
BAD 344543915659
BAD 344544609053
BAD 344581088491
BAD 344581773031
BAD 344546940407
BAD 344546940421
BAD 344584192957
BAD 344584192961
BAD 344548012531
BAD 344585870953
BAD 344585897531
BAD 344549701099
BAD 344588432633
BAD 344588601551
BAD 344552196787
BAD 344553787873
BAD 344554843891
BAD 344555065343
BAD 344556055861
BAD 344590037593
BAD 344590037599
BAD 344558588291
BAD 344591202847
BAD 344591324941
BAD 344591924011
BAD 344592448337
BAD 344592448339
BAD 344560638241
BAD 344560638259
BAD 344561096629
BAD 344594452651
BAD 344595809717
BAD 344595809749
BAD 344596943753
BAD 344565413813
BAD 344569272469
BAD 344569662473
BAD 344569992769
BAD 344569992773
BAD 344571756107
BAD 344572370071
BAD 344572479619
BAD 344572479623
BAD 344572489783
BAD 344574748853
BAD 344575541533
BAD 344575541537
BAD 344575541539
BAD 344575541543
BAD 344575541591
BAD 344575541593
BAD 344576421713
BAD 344576883083
BAD 344577343307
BAD 344577343309
BAD 344578731811
BAD 344579552483
BAD 344579685733
BAD 344579685773
BAD 344597806633
BAD 344598661529
BAD 344598661531
BAD 344598661553
BAD 344598661591
BAD 344598727331
BAD 344598727339
BAD 344598738721
BAD 344598738727
BAD 344598948259
BAD 344601454283
BAD 344601454297
BAD 344601454313
BAD 344601979651
BAD 344602146929
BAD 344603035643
BAD 344603521219
BAD 344604518449
BAD 344604659579
BAD 344604659587
BAD 344606017853
BAD 344606401927
BAD 344606536403
BAD 344606536409
BAD 344608055611
BAD 344610683737
BAD 344613559951
BAD 344647377143
BAD 344647694491
BAD 344647694497
BAD 344648552251
BAD 344649223981
BAD 344650330547
BAD 344651067953
BAD 344652834517
BAD 344652834521
BAD 344652834523
BAD 344932765283
BAD 344932765399
BAD 344654977753
BAD 344932765403
BAD 344654977819
BAD 344933821541
BAD 344933821543
BAD 344885513909
BAD 344885513911
BAD 344657044969
BAD 344657044973
BAD 344886712307
BAD 344886712309
BAD 344886712319
BAD 344658300769
BAD 344658480857
BAD 344658625951
BAD 344658782269
BAD 344936446669
BAD 344887955149
BAD 344888276321
BAD 344888276323
BAD 344888287903
BAD 344888670031
BAD 344888670067
BAD 344937529711
BAD 344889260701
BAD 344661978341
BAD 344661978343
BAD 344891035943
BAD 344939639987
BAD 344939640029
BAD 344891521787
BAD 344731806787
BAD 344663525209
BAD 344940866177
BAD 344940888521
BAD 344893043507
BAD 344732693759
BAD 344732693761
BAD 344665935973
BAD 344733693397
BAD 344733693407
BAD 344668012501
BAD 344668087811
BAD 344895302519
BAD 344895302581
BAD 344895302599
BAD 344668138303
BAD 344668238071
BAD 344668283209
BAD 344943013301
BAD 344668527787
BAD 344668527793
BAD 344943501953
BAD 344669098013
BAD 344669390137
BAD 344944376837
BAD 344944376839
BAD 344944376851
BAD 344944537657
BAD 344897815711
BAD 344672104703
BAD 344741825503
BAD 344741825507
BAD 344741825509
BAD 344741825513
BAD 344672509553
BAD 344672509567
BAD 344672509589
BAD 344672509591
BAD 344898855083
BAD 344742674077
BAD 344742674083
BAD 344743569227
BAD 344743569229
BAD 344743569241
BAD 344743671973
BAD 344743671977
BAD 344743671997
BAD 344673827821
BAD 344745194407
BAD 344674578139
BAD 344674929607
BAD 344745847213
BAD 344746083007
BAD 344675299459
BAD 344675869631
BAD 344747325781
BAD 344747659759
BAD 344747659769
BAD 344747659771
BAD 344677523887
BAD 344679283633
BAD 344680305527
BAD 344614860463
BAD 344617067479
BAD 344617067491
BAD 344617067497
BAD 344617067521
BAD 344617067537
BAD 344617067539
BAD 344617363823
BAD 344618282641
BAD 344618282663
BAD 344619214637
BAD 344619214651
BAD 344620795469
BAD 344620795471
BAD 344620885253
BAD 344620885261
BAD 344915948129
BAD 344915948131
BAD 344915982241
BAD 344915982413
BAD 344624539921
BAD 344624684507
BAD 344624684533
BAD 344916588983
BAD 344625808399
BAD 344625808403
BAD 344626086619
BAD 344626235573
BAD 344918699971
BAD 344626235587
BAD 344626235593
BAD 344918699977
BAD 344626528313
BAD 344919361393
BAD 344627659829
BAD 344628845599
BAD 344628845623
BAD 344921141393
BAD 344702235223
BAD 344630212943
BAD 344630212967
BAD 344704032493
BAD 344704032523
BAD 344704032529
BAD 344704032559
BAD 344704091213
BAD 344925669397
BAD 344705731897
BAD 344707958557
BAD 344708310019
BAD 344848661197
BAD 344848661221
BAD 344848661257
BAD 344928847909
BAD 344849110607
BAD 344849110609
BAD 344849255131
BAD 344710049581
BAD 344850760789
BAD 344851733713
BAD 344851920143
BAD 344852191793
BAD 344799702397
BAD 344712471427
BAD 344767277977
BAD 344800054751
BAD 344712599641
BAD 344767548623
BAD 344853608173
BAD 344800831579
BAD 344854445743
BAD 344930114281
BAD 344769820261
BAD 344855248783
BAD 344855324291
BAD 344855324293
BAD 344855324299
BAD 344931579631
BAD 344770829813
BAD 344770870291
BAD 344771070209
BAD 344771070211
BAD 344856750323
BAD 344803563593
BAD 344803563607
BAD 344803563613
BAD 344857835537
BAD 344857835557
BAD 344748047887
BAD 344772600983
BAD 344748664321
BAD 344748664327
BAD 344858231303
BAD 344865485791
BAD 344681261807
BAD 344749288001
BAD 344749288027
BAD 344749288031
BAD 344805736673
BAD 344805736679
BAD 344866452263
BAD 344858886803
BAD 344858886871
BAD 344833897973
BAD 344833926403
BAD 344833926431
BAD 344833926473
BAD 344806348457
BAD 344786160949
BAD 344806459457
BAD 344806459469
BAD 344806459471
BAD 344750074957
BAD 344750669723
BAD 344716062289
BAD 344859600109
BAD 344682902929
BAD 344835709121
BAD 344752021193
BAD 344835709123
BAD 344717626577
BAD 344776459487
BAD 344859985807
BAD 344717626579
BAD 344859985817
BAD 344859985819
BAD 344859999983
BAD 344752533967
BAD 344777065363
BAD 344871506321
BAD 344684874913
BAD 344684874917
BAD 344872350301
BAD 344861751293
BAD 344862048511
BAD 344862118261
BAD 344685698587
BAD 344720165299
BAD 344720165303
BAD 344862501589
BAD 344862501593
BAD 344873450567
BAD 344873450569
BAD 344720469787
BAD 344720469791
BAD 344754122123
BAD 344815245043
BAD 344754381131
BAD 344874859913
BAD 344721323801
BAD 344862968147
BAD 344838671083
BAD 344754381133
BAD 344780719883
BAD 344793618373
BAD 344816058331
BAD 344816058337
BAD 344816058347
BAD 344812536379
BAD 344812571513
BAD 344812571533
BAD 344863057949
BAD 344863057951
BAD 344863057969
BAD 344875143967
BAD 344875151941
BAD 344781045397
BAD 344781045403
BAD 344863483513
BAD 344722007599
BAD 344722007603
BAD 344722007611
BAD 344686443679
BAD 344686443683
BAD 344863765429
BAD 344864009957
BAD 344864135327
BAD 344817361963
BAD 344756766773
BAD 344814719449
BAD 344841535013
BAD 344723914441
BAD 344900175817
BAD 344814719453
BAD 344877644431
BAD 344688433339
BAD 344864511391
BAD 344900175821
BAD 344724266521
BAD 344900451211
BAD 344757246893
BAD 344757246907
BAD 344818032749
BAD 344818032751
BAD 344878556713
BAD 344878556717
BAD 344818479851
BAD 344758070941
BAD 344758070953
BAD 344878920979
BAD 344878921007
BAD 344878921043
BAD 344689802987
BAD 344689803053
BAD 344758393589
BAD 344758393591
BAD 344726173403
BAD 344759359817
BAD 344819606941
BAD 344691294769
BAD 344691294781
BAD 344820094277
BAD 344760239449
BAD 344881450007
BAD 344881450009
BAD 344728129321
BAD 344728144681
BAD 344845932293
BAD 344902368337
BAD 344902453717
BAD 344902453723
BAD 344762196463
BAD 344762926463
BAD 344823379603
BAD 344824338799
BAD 344696841407
BAD 344825782547
BAD 344825782549
BAD 344825944283
BAD 344825944289
BAD 344825944291
BAD 344826309211
BAD 344826494513
BAD 344828259833
BAD 344828259869
BAD 344828259871
BAD 344830282789
BAD 344905951211
BAD 344905951213
BAD 344905951223
BAD 344906009101
BAD 344906198279
BAD 344906198281
BAD 344831459831
BAD 344831459839
BAD 344907383473
BAD 344910508549
BAD 344914502551
BAD 344630698693
BAD 344630861951
BAD 344630934569
BAD 344631089689
BAD 344631355183
BAD 344631954349
BAD 344632126849
BAD 344633712289
BAD 344634227243
BAD 344635488367
BAD 344636244943
BAD 344638202921
BAD 344639098987
BAD 344639176561
BAD 344639600029
BAD 344639600047
BAD 344642674073
BAD 344643403609
BAD 344644324967
BAD 344645602627
BAD 344645602633
BAD 344645604781
BAD 344646773563
BAD 344647276957
BAD 344969687617
BAD 344972539103
BAD 344972539111
BAD 344972933113
BAD 344973096623
BAD 344973096653
BAD 344973096673
BAD 344973936443
BAD 344974216019
BAD 344974216021
BAD 344975692249
BAD 344978003761
BAD 344978397019
BAD 344978824739
BAD 344978824741
BAD 344978824763
BAD 344980206173
BAD 344981386973
BAD 344981441353
BAD 344949618911
BAD 344949618913
BAD 344949890069
BAD 344949890071
BAD 344949890083
BAD 344949967913
BAD 344950927403
BAD 344951427481
BAD 344952123883
BAD 344955323057
BAD 344955323059
BAD 344955833753
BAD 344961085067
BAD 344961085069
BAD 344964699943
BAD 344965960201
BAD 344984351707
BAD 344984351711
BAD 344984351713
BAD 344985305909
BAD 344985305911
BAD 344985934703
BAD 344987638511
BAD 344987638519
BAD 344988996217
BAD 344989528843
BAD 344989528847
BAD 344989528853
BAD 344991969799
BAD 344992069399
BAD 344993228011
BAD 344994042343
BAD 344997106483
BAD 344998088471
BAD 344998088473
BAD 344998088483
BAD 345034192343
BAD 345034504211
BAD 345035059849
BAD 345035114233
BAD 345017141957
BAD 345036692227
BAD 345037707467
BAD 345037707473
BAD 345019302469
BAD 345019302473
BAD 345022818817
BAD 345023866493
BAD 345024816571
BAD 345040480327
BAD 345041521567
BAD 345041521571
BAD 345041521579
BAD 345042473233
BAD 345029658409
BAD 345031051331
BAD 345031051333
BAD 345043334513
BAD 345045451511
BAD 345045486187
BAD 345047920603
BAD 345048481139
BAD 345050767343
BAD 345051462337
BAD 345052681651
BAD 345054241673
BAD 345054824593
BAD 345055626001
BAD 345060185389
BAD 345060185399
BAD 345060185423
BAD 345061999507
BAD 345062433421
BAD 345062433427
BAD 345064258057
BAD 345064895807
BAD 345069554749
BAD 345069826159
BAD 345069826163
BAD 345070660591
BAD 345071479483
BAD 345073754513
BAD 345074829529
BAD 345075998219
BAD 345075998221
BAD 345076138963
BAD 345077078483
BAD 345078023449
BAD 345079611739
BAD 345079611743
BAD 345080123393
BAD 345081079381
BAD 345081641843
BAD 345081774151
BAD 345081833059
BAD 345081889531
BAD 345082609441
BAD 345000861451
BAD 345002445587
BAD 345002445589
BAD 345002513917
BAD 345002513963
BAD 345002513971
BAD 345003108713
BAD 345004076623
BAD 345004076629
BAD 345118149703
BAD 345005066179
BAD 345121346503
BAD 345007019569
BAD 345007019573
BAD 345007019579
BAD 345007237879
BAD 345122727353
BAD 345123955417
BAD 345124288913
BAD 345124811219
BAD 345124811221
BAD 345126009863
BAD 345011862163
BAD 345011862289
BAD 345012221803
BAD 345012221819
BAD 345012221821
BAD 345131006057
BAD 345085371277
BAD 345013320403
BAD 345013698241
BAD 345087277981
BAD 345132448169
BAD 345268477613
BAD 345132448181
BAD 345087504961
BAD 345087504967
BAD 345088482317
BAD 345013698251
BAD 345088883947
BAD 345088883963
BAD 345270239837
BAD 345270239851
BAD 345015523081
BAD 345090390301
BAD 345352886911
BAD 345352886947
BAD 345352904381
BAD 345352904383
BAD 345353883383
BAD 345092741897
BAD 345093196969
BAD 345275373533
BAD 345275529679
BAD 345094275157
BAD 345358164269
BAD 345358164271
BAD 345276420451
BAD 345095164489
BAD 345277002001
BAD 345277002019
BAD 345359757109
BAD 345277002023
BAD 345095359013
BAD 345277002073
BAD 345277528763
BAD 345277667851
BAD 345361085501
BAD 345361441219
BAD 345361441223
BAD 345278900833
BAD 345278900839
BAD 345362539751
BAD 345282943627
BAD 345282943637
BAD 345282943639
BAD 345367508251
BAD 345284739181
BAD 345284739197
BAD 345284739199
BAD 345284739203
BAD 345104863013
BAD 345105175243
BAD 345106803761
BAD 345106803763
BAD 345302327921
BAD 345303384347
BAD 345303384431
BAD 345184890991
BAD 345185620069
BAD 345185620079
BAD 345185620081
BAD 345304336711
BAD 345285314503
BAD 345285377257
BAD 345111668453
BAD 345306323809
BAD 345188344981
BAD 345188344987
BAD 345112564007
BAD 345134017777
BAD 345189086929
BAD 345307586573
BAD 345307638157
BAD 345286825241
BAD 345286825243
BAD 345134657731
BAD 345251707687
BAD 345251707693
BAD 345251707741
BAD 345251877407
BAD 345251877409
BAD 345251877413
BAD 345190277363
BAD 345114560099
BAD 345114560101
BAD 345288204563
BAD 345288204571
BAD 345288204601
BAD 345234963869
BAD 345234963877
BAD 345115782769
BAD 345115782787
BAD 345235286687
BAD 345235286689
BAD 345115945021
BAD 345137976971
BAD 345137976973
BAD 345116009047
BAD 345116009059
BAD 345289551713
BAD 345289551721
BAD 345289551727
BAD 345289551731
BAD 345289551787
BAD 345138450203
BAD 345310306841
BAD 345310415251
BAD 345253911707
BAD 345116996153
BAD 345254073833
BAD 345290533109
BAD 345290533111
BAD 345254822749
BAD 345255450889
BAD 345292275127
BAD 345312746791
BAD 345292589177
BAD 345292589179
BAD 345292589183
BAD 345292589197
BAD 345141085147
BAD 345238618919
BAD 345293927819
BAD 345257553829
BAD 345141085153
BAD 345318468413
BAD 345257553833
BAD 345313151773
BAD 345257553871
BAD 345318468421
BAD 345313308359
BAD 345318766873
BAD 345294392041
BAD 345141482053
BAD 345313862923
BAD 345239355667
BAD 345258160189
BAD 345239513783
BAD 345314180611
BAD 345314203189
BAD 345167743499
BAD 345201024821
BAD 345201024823
BAD 345167795611
BAD 345295904587
BAD 345295904593
BAD 345168144791
BAD 345168144793
BAD 345259137233
BAD 345240406657
BAD 345240406717
BAD 345169898897
BAD 345151163393
BAD 345143487781
BAD 345259699669
BAD 345298273829
BAD 345240406817
BAD 345194916433
BAD 345323212909
BAD 345323212919
BAD 345194916439
BAD 345323212921
BAD 345169927967
BAD 345169927969
BAD 345205297081
BAD 345298783411
BAD 345299035093
BAD 345260645449
BAD 345144517621
BAD 345144517699
BAD 345144517703
BAD 345206262301
BAD 345324595969
BAD 345241890319
BAD 345217807327
BAD 345152540701
BAD 345325009147
BAD 345171665063
BAD 345152875037
BAD 345206948707
BAD 345300649303
BAD 345264161959
BAD 345153538291
BAD 345197953291
BAD 345327248573
BAD 345218650039
BAD 345175463123
BAD 345245233393
BAD 345147694579
BAD 345207917869
BAD 345218650043
BAD 345147694583
BAD 345207917891
BAD 345327264533
BAD 345175534909
BAD 345147824807
BAD 345147824809
BAD 345327495743
BAD 345264430267
BAD 345175722019
BAD 345219179191
BAD 345264705223
BAD 345264705241
BAD 345153943129
BAD 345327680251
BAD 345198476333
BAD 345154137953
BAD 345219532003
BAD 345154221767
BAD 345315202489
BAD 345154999883
BAD 345246611033
BAD 345199745129
BAD 345328852559
BAD 345209786959
BAD 345328852577
BAD 345199745131
BAD 345265936921
BAD 345315630799
BAD 345179241031
BAD 345266077159
BAD 345266146163
BAD 345155352433
BAD 345200193707
BAD 345200193727
BAD 345316230563
BAD 345179987221
BAD 345329977591
BAD 345156230323
BAD 345156436403
BAD 345156436411
BAD 345317445719
BAD 345318014737
BAD 345224202683
BAD 345182304473
BAD 345158505301
BAD 345158546641
BAD 345212681371
BAD 345183263683
BAD 345250764899
BAD 345333358571
BAD 345225765893
BAD 345333358583
BAD 345333358597
BAD 345213528221
BAD 345213528223
BAD 345225934673
BAD 345160499087
BAD 345334344631
BAD 345214487311
BAD 345334914499
BAD 345334914503
BAD 345227250607
BAD 345161607233
BAD 345215149757
BAD 345215149759
BAD 345215570209
BAD 345228310981
BAD 345215685281
BAD 345228380747
BAD 345228492019
BAD 345216302723
BAD 345216946073
BAD 345216946079
BAD 345164857903
BAD 345164857913
BAD 345335668571
BAD 345335668627
BAD 345230952281
BAD 345165865181
BAD 345234236747
BAD 345339266873
BAD 345234241873
BAD 345339673519
BAD 345341512883
BAD 345341550583
BAD 345343425017
BAD 345346894091
BAD 345348432523
BAD 345349467139
BAD 345349467143
BAD 345351540791
BAD 345387374653
BAD 345389277791
BAD 345391118629
BAD 345395118517
BAD 345395808301
BAD 345396050159
BAD 345396050161
BAD 345396662659
BAD 345368822453
BAD 345368822471
BAD 345399524389
BAD 345399877441
BAD 345369549893
BAD 345400812023
BAD 345371411701
BAD 345371411779
BAD 345371411789
BAD 345371411839
BAD 345375487879
BAD 345379613507
BAD 345380548831
BAD 345381936439
BAD 345381936443
BAD 345381936503
BAD 345383951971
BAD 345384380513
BAD 345384729491
BAD 345384729499
BAD 345403124191
BAD 345403124203
BAD 345406706179
BAD 345406924703
BAD 345406924741
BAD 345406924747
BAD 345408358861
BAD 345410797943
BAD 345411125141
BAD 345412599409
BAD 345413647321
BAD 345415338283
BAD 345419231371
BAD 345421616821
BAD 345421616833
BAD 345423829871
BAD 345423829873
BAD 345423829879
BAD 345452656189
BAD 345425586659
BAD 345425586661
BAD 345459330397
BAD 345428704471
BAD 345428917033
BAD 345428917039
BAD 345428917051
BAD 345461301089
BAD 345461301091
BAD 345461796167
BAD 345462506009
BAD 345432555583
BAD 345432555593
BAD 345432608713
BAD 345433210753
BAD 345434104097
BAD 345434965039
BAD 345438706003
BAD 345440646679
BAD 345440826449
BAD 345441148511
BAD 345441148523
BAD 345441148529
BAD 345441148531
BAD 345441148553
BAD 345441911281
BAD 345443079083
BAD 345443079103
BAD 345445723201
BAD 345448126453
BAD 345448198751
BAD 345448417763
BAD 345450499463
BAD 345451111199
BAD 345452523301
BAD 345520463033
BAD 345521773447
BAD 345521773453
BAD 345521773459
BAD 345521773463
BAD 345523233793
BAD 345523233799
BAD 345525122101
BAD 345525453619
BAD 345525453631
BAD 345528480799
BAD 345528942571
BAD 345528942743
BAD 345529362643
BAD 345529362653
BAD 345530622473
BAD 345530622589
BAD 345530622607
BAD 345532190051
BAD 345539701027
BAD 345539703331
BAD 345535073473
BAD 345535073489
BAD 345535073491
BAD 345541317859
BAD 345536426603
BAD 345486827479
BAD 345486876367
BAD 345543017401
BAD 345544265083
BAD 345489802423
BAD 345490296973
BAD 345545797039
BAD 345491153311
BAD 345547148393
BAD 345547148431
BAD 345547153153
BAD 345548529439
BAD 345548550901
BAD 345548550911
BAD 345548550931
BAD 345494995583
BAD 345548930341
BAD 345604463363
BAD 345605172923
BAD 345550992029
BAD 345497039687
BAD 345497039689
BAD 345606377719
BAD 345606377723
BAD 345551614433
BAD 345552153391
BAD 345608316349
BAD 345608316367
BAD 345498343733
BAD 345608646389
BAD 345498672793
BAD 345499723537
BAD 345500091683
BAD 345610284989
BAD 345500668283
BAD 345611651767
BAD 345615767747
BAD 345615974281
BAD 345615974287
BAD 345616704317
BAD 345619130303
BAD 345619745509
BAD 345639336349
BAD 345639336353
BAD 345639772141
BAD 345755830883
BAD 345755887297
BAD 345641335223
BAD 345641335253
BAD 345758049001
BAD 345758054287
BAD 345758438539
BAD 345758531903
BAD 345688862599
BAD 345758891719
BAD 345705728689
BAD 345706206203
BAD 345691605367
BAD 345691605373
BAD 345761319671
BAD 345761433181
BAD 345761433187
BAD 345693471031
BAD 345708470363
BAD 345649298227
BAD 345649298231
BAD 345649298233
BAD 345649298243
BAD 345708502849
BAD 345708828217
BAD 345708828239
BAD 345708828247
BAD 345762127939
BAD 345762127943
BAD 345762188533
BAD 345709705853
BAD 345762787793
BAD 345763290181
BAD 345651285079
BAD 345763718693
BAD 345710926471
BAD 345652013981
BAD 345652170847
BAD 345652170859
BAD 345712279127
BAD 345697171783
BAD 345712436249
BAD 345766833289
BAD 345713588903
BAD 345698280937
BAD 345503144431
BAD 345768561247
BAD 345503985857
BAD 345470369359
BAD 345715849321
BAD 345768842593
BAD 345769829513
BAD 345471501379
BAD 345471501383
BAD 345506537359
BAD 345471945919
BAD 345719084003
BAD 345507971243
BAD 345720586951
BAD 345702510631
BAD 345702807679
BAD 345702807683
BAD 345509086103
BAD 345702888847
BAD 345702888851
BAD 345702917411
BAD 345703113563
BAD 345703113653
BAD 345703113677
BAD 345703113683
BAD 345703113697
BAD 345703494613
BAD 345473957011
BAD 345511191709
BAD 345511191713
BAD 345553776277
BAD 345477326507
BAD 345477326539
BAD 345555482303
BAD 345671144419
BAD 345671460623
BAD 345671460637
BAD 345556887737
BAD 345556887773
BAD 345515913289
BAD 345515913293
BAD 345515913341
BAD 345515913343
BAD 345556966759
BAD 345655188943
BAD 345721644539
BAD 345673049347
BAD 345673049387
BAD 345673049389
BAD 345673775299
BAD 345656502223
BAD 345656502227
BAD 345656502229
BAD 345480867383
BAD 345722629099
BAD 345722629103
BAD 345656970823
BAD 345558425437
BAD 345481849171
BAD 345482090749
BAD 345482090753
BAD 345482090791
BAD 345675280999
BAD 345482458313
BAD 345482528267
BAD 345482528437
BAD 345483266701
BAD 345483266707
BAD 345725469673
BAD 345571913509
BAD 345678785429
BAD 345485533087
BAD 345485533091
BAD 345485533103
BAD 345485533111
BAD 345562282873
BAD 345562531243
BAD 345664277873
BAD 345680648393
BAD 345664800601
BAD 345728854091
BAD 345680931229
BAD 345564113197
BAD 345682067933
BAD 345564808627
BAD 345682295821
BAD 345575514353
BAD 345575514359
BAD 345729928573
BAD 345565219039
BAD 345683212879
BAD 345683212883
BAD 345565558621
BAD 345565558627
BAD 345565558631
BAD 345565558633
BAD 345565558643
BAD 345730498313
BAD 345683781533
BAD 345683781539
BAD 345683781563
BAD 345566649247
BAD 345669475013
BAD 345669475031
BAD 345623156869
BAD 345669682103
BAD 345669702811
BAD 345669702817
BAD 345669702821
BAD 345669702823
BAD 345669702839
BAD 345669702841
BAD 345685235587
BAD 345623735419
BAD 345686128651
BAD 345686177623
BAD 345686177633
BAD 345578484059
BAD 345568312471
BAD 345568312493
BAD 345569175247
BAD 345569175257
BAD 345625380931
BAD 345569175269
BAD 345569175271
BAD 345733998829
BAD 345625958077
BAD 345579711677
BAD 345734937703
BAD 345734937739
BAD 345626651869
BAD 345626651873
BAD 345626651971
BAD 345626935891
BAD 345580783903
BAD 345627845063
BAD 345629207887
BAD 345629280121
BAD 345630155813
BAD 345630155821
BAD 345631259989
BAD 345632680321
BAD 345632680333
BAD 345632680339
BAD 345584221603
BAD 345633225367
BAD 345585227237
BAD 345634915357
BAD 345585494911
BAD 345585919309
BAD 345636364817
BAD 345586738831
BAD 345586738837
BAD 345586738841
BAD 345586738843
BAD 345587680313
BAD 345590115281
BAD 345591304103
BAD 345592347293
BAD 345592347299
BAD 345592347301
BAD 345594280663
BAD 345594870113
BAD 345594870133
BAD 345594870139
BAD 345742952161
BAD 345743523247
BAD 345744515341
BAD 345744515351
BAD 345598610107
BAD 345744752207
BAD 345598825813
BAD 345749118041
BAD 345749118059
BAD 345749118061
BAD 345750852983
BAD 345753062983
BAD 345753750499
BAD 345773009299
BAD 345774326423
BAD 345774326431
BAD 345775112707
BAD 345775112723
BAD 345775692571
BAD 345776797321
BAD 345776844979
BAD 345776844983
BAD 345777165583
BAD 345779256061
BAD 345779533831
BAD 345780053851
BAD 345780053867
BAD 345780053869
BAD 345781523389
BAD 345781691407
BAD 345781691413
BAD 345781691417
BAD 345781691419
BAD 345783655447
BAD 345784012591
BAD 345786829513
BAD 345786829543
BAD 345786829547
BAD 345787255609
BAD 345806181923
BAD 345806181949
BAD 345788463323
BAD 345807762427
BAD 345808151867
BAD 345808151869
BAD 345808151873
BAD 345789143983
BAD 345789143993
BAD 345810534137
BAD 345791490721
BAD 345791819011
BAD 345814220933
BAD 345814220971
BAD 345794916263
BAD 345814912463
BAD 345815063329
BAD 345815063413
BAD 345815063417
BAD 345815063423
BAD 345816131641
BAD 345816451219
BAD 345819569443
BAD 345819569453
BAD 345819942763
BAD 345798593131
BAD 345798655417
BAD 345799650527
BAD 345804738863
BAD 345823662739
BAD 345825020521
BAD 345825303331
BAD 345827117459
BAD 345827117479
BAD 345827669573
BAD 345827733781
BAD 345828173161
BAD 345829785043
BAD 345829785047
BAD 345831273421
BAD 345832037293
BAD 345832037297
BAD 345832037311
BAD 345832266781
BAD 345857066783
BAD 345858165871
BAD 345858485909
BAD 345858485911
BAD 345861305753
BAD 345861305773
BAD 345838982249
BAD 345838982273
BAD 345864520879
BAD 345864912983
BAD 345867526799
BAD 345867526801
BAD 345868639541
BAD 345870021019
BAD 345843717757
BAD 345870358763
BAD 345843912797
BAD 345844456313
BAD 345844456327
BAD 345844456343
BAD 345870853063
BAD 345870853067
BAD 345871330813
BAD 345871330841
BAD 345845916139
BAD 345846214661
BAD 345846955627
BAD 345846955633
BAD 345850162387
BAD 345850162391
BAD 345850162393
BAD 345850374367
BAD 345873223181
BAD 345873479603
BAD 345873750451
BAD 345851975179
BAD 345874327027
BAD 345874327039
BAD 345854378173
BAD 345854378183
BAD 345878133703
BAD 345878263741
BAD 345879091777
BAD 345880371413
BAD 345881606437
BAD 345881847197
BAD 345881847203
BAD 345882760519
BAD 345885653629
BAD 345887173613
BAD 345888281369
BAD 345888281371
BAD 345907366993
BAD 345907977973
BAD 345907977977
BAD 345908837783
BAD 345910376059
BAD 345911012509
BAD 345911442977
BAD 345911442991
BAD 345911704717
BAD 345911905693
BAD 345911905697
BAD 345911905699
BAD 345911955461
BAD 345911996587
BAD 345912137189
BAD 345912137191
BAD 345912655687
BAD 345912655853
BAD 345915329863
BAD 345915329869
BAD 345916497413
BAD 345917892893
BAD 345917914103
BAD 345917914109
BAD 345917914117
BAD 345923538949
BAD 345923538953
BAD 345926210263
BAD 345926210269
BAD 345975214549
BAD 345928359541
BAD 346075045513
BAD 346075692929
BAD 346023981323
BAD 346023994831
BAD 346023994837
BAD 346076227639
BAD 345978319279
BAD 346076658769
BAD 346076658803
BAD 346077305957
BAD 345979498367
BAD 345979498369
BAD 345979498373
BAD 346077633961
BAD 346025728903
BAD 346107053533
BAD 345980808871
BAD 346026793459
BAD 346108137989
BAD 345981285539
BAD 345981285541
BAD 345934363741
BAD 345934390891
BAD 346057178023
BAD 346057178029
BAD 346079928307
BAD 346057705691
BAD 346057705711
BAD 346080402883
BAD 345984088159
BAD 345984088181
BAD 346058688539
BAD 346058688541
BAD 346058688571
BAD 345937492231
BAD 345985104151
BAD 345985270567
BAD 346111940767
BAD 345985676749
BAD 346030971397
BAD 346030971413
BAD 346082109257
BAD 346082109259
BAD 345986106943
BAD 346060134221
BAD 346060134223
BAD 346091220367
BAD 346091220373
BAD 346091220383
BAD 346082471351
BAD 346113219031
BAD 346083520999
BAD 346083659963
BAD 346033899227
BAD 346033899229
BAD 345988792847
BAD 346034966639
BAD 346007726159
BAD 346007726161
BAD 346095133883
BAD 346116663953
BAD 346086420419
BAD 346095300799
BAD 346008883139
BAD 346037325773
BAD 346008883141
BAD 346086655193
BAD 346175125433
BAD 346086655199
BAD 346008886693
BAD 346086666259
BAD 346008940829
BAD 346008940831
BAD 346067215369
BAD 346010026937
BAD 346010026939
BAD 346120187603
BAD 346038628609
BAD 346038628613
BAD 346067425051
BAD 346096707871
BAD 346039253353
BAD 346147016381
BAD 346087426369
BAD 346097760769
BAD 346068750413
BAD 346068750451
BAD 346068772039
BAD 346069019641
BAD 346122489379
BAD 346088429033
BAD 346088429039
BAD 346099344653
BAD 346013886893
BAD 346070296669
BAD 346123350073
BAD 346149357187
BAD 346177744123
BAD 345889407991
BAD 346099354883
BAD 346089279353
BAD 346070946527
BAD 346100316493
BAD 346100316511
BAD 346071950099
BAD 346072059479
BAD 346072059481
BAD 346072059503
BAD 345890832047
BAD 346151325859
BAD 346015300831
BAD 346158761699
BAD 346158761701
BAD 346158761713
BAD 346072868819
BAD 345892009669
BAD 345892009681
BAD 346152301673
BAD 346152301687
BAD 346153026649
BAD 346104795629
BAD 346160852777
BAD 346160922361
BAD 346019200601
BAD 345894824609
BAD 346019490811
BAD 346019490821
BAD 346019490841
BAD 346019490863
BAD 346019490877
BAD 346019490977
BAD 346019490979
BAD 346155728497
BAD 346019822903
BAD 346019822909
BAD 346156113703
BAD 345957517403
BAD 345957750829
BAD 345957750833
BAD 346020821479
BAD 346020821483
BAD 346020821501
BAD 346020821513
BAD 345896307403
BAD 345958313851
BAD 346157046173
BAD 346021921913
BAD 346021921933
BAD 346021921937
BAD 346021921939
BAD 346163163683
BAD 346184700577
BAD 346185182897
BAD 346163966749
BAD 346185182899
BAD 346185182909
BAD 346185182933
BAD 346185182957
BAD 345898376273
BAD 346164323389
BAD 345939239861
BAD 346185829573
BAD 345961514243
BAD 345961514251
BAD 345961841581
BAD 345962300701
BAD 345962300711
BAD 345962300713
BAD 346186704013
BAD 346165586323
BAD 346165852919
BAD 346166243749
BAD 346166270941
BAD 345940761293
BAD 346166582483
BAD 345899860451
BAD 345899860457
BAD 345899860459
BAD 346187978729
BAD 345900056599
BAD 345991906331
BAD 345991906333
BAD 345941518423
BAD 345942355351
BAD 345942355357
BAD 346169208269
BAD 345964970971
BAD 346189679551
BAD 346189679557
BAD 346189679629
BAD 345900959333
BAD 345965088149
BAD 345965088151
BAD 346169562383
BAD 346169562391
BAD 346125169849
BAD 346125169861
BAD 346040196457
BAD 346125962761
BAD 345902289493
BAD 345966181609
BAD 345966181621
BAD 345994804937
BAD 345994804943
BAD 345902974103
BAD 346041239813
BAD 346041239821
BAD 346041894313
BAD 345904008763
BAD 345904126807
BAD 345904126811
BAD 345945405721
BAD 346173515351
BAD 346173515353
BAD 346173549817
BAD 346173729763
BAD 346173729799
BAD 345905252159
BAD 346129471579
BAD 345946525789
BAD 346043413357
BAD 346129844371
BAD 345997323589
BAD 346130214361
BAD 346130393839
BAD 346044105481
BAD 346130798483
BAD 346130798491
BAD 346130798513
BAD 346191129677
BAD 346191388819
BAD 346191388843
BAD 346191388849
BAD 345998272951
BAD 346132106783
BAD 346132106791
BAD 346045492813
BAD 346045492831
BAD 346045492847
BAD 346132753361
BAD 346133633653
BAD 346194121477
BAD 346000517593
BAD 346047079849
BAD 345951120751
BAD 346047625909
BAD 346195983193
BAD 346196052751
BAD 345953459933
BAD 346197257467
BAD 346002255829
BAD 346002256057
BAD 345953759783
BAD 345953759807
BAD 345953759813
BAD 345953759849
BAD 346197648661
BAD 346002575843
BAD 346197729263
BAD 346197729277
BAD 346197729281
BAD 346197729289
BAD 346138032181
BAD 346003452527
BAD 346138890787
BAD 346003762651
BAD 346003829557
BAD 345955676393
BAD 346139257621
BAD 346139257637
BAD 346004865397
BAD 346004865403
BAD 346200742169
BAD 346052876683
BAD 346204679467
BAD 346205650963
BAD 346207820437
BAD 346208906443
BAD 346210502899
BAD 346211214851
BAD 346213017341
BAD 346213017343
BAD 346214555993
BAD 346215451433
BAD 346217509207
BAD 346218421357
BAD 346218421369
BAD 346220752069
BAD 346221313513
BAD 346221313517
BAD 346221313519
BAD 346221876293
BAD 346223004949
BAD 346223174057
BAD 346223908477
BAD 346223908483
BAD 346225690201
BAD 346227369979
BAD 346228792649
BAD 346229776391
BAD 346229776393
BAD 346229776411
BAD 346229855039
BAD 346229893403
BAD 346231216523
BAD 346231216531
BAD 346231327501
BAD 346231602317
BAD 346231602319
BAD 346231602323
BAD 346232087291
BAD 346232363749
BAD 346232363767
BAD 346235096929
BAD 346236852097
BAD 346236852133
BAD 346236852139
BAD 346236852149
BAD 346236852151
BAD 346237193453
BAD 346237943827
BAD 346237943833
BAD 346274783663
BAD 346274783677
BAD 346258974121
BAD 346275332239
BAD 346275332243
BAD 346260004039
BAD 346260004067
BAD 346260472861
BAD 346276322113
BAD 346276322149
BAD 346277689957
BAD 346278935419
BAD 346278935423
BAD 346263622379
BAD 346263622381
BAD 346263622387
BAD 346279815073
BAD 346264541153
BAD 346264541159
BAD 346265906689
BAD 346266614123
BAD 346266614327
BAD 346266614329
BAD 346266614333
BAD 346282776823
BAD 346283479987
BAD 346283480003
BAD 346268920981
BAD 346284223177
BAD 346241771791
BAD 346241823469
BAD 346270307953
BAD 346270307959
BAD 346270316527
BAD 346270920181
BAD 346272811631
BAD 346244715277
BAD 346273047751
BAD 346273528639
BAD 346273528651
BAD 346245529213
BAD 346245834619
BAD 346274024713
BAD 346246061209
BAD 346247118953
BAD 346247118961
BAD 346247691247
BAD 346248593903
BAD 346248593927
BAD 346248919703
BAD 346285617263
BAD 346286159803
BAD 346286159809
BAD 346288071463
BAD 346288570853
BAD 346289441821
BAD 346289441831
BAD 346290021713
BAD 346251350933
BAD 346251451043
BAD 346251831659
BAD 346251831661
BAD 346252807729
BAD 346254415553
BAD 346254689701
BAD 346254689707
BAD 346255645147
BAD 346256025197
BAD 346257475093
BAD 346257475097
BAD 346257475099
BAD 346257556121
BAD 346257556123
BAD 346257556133
BAD 346427437177
BAD 346432105897
BAD 346598055449
BAD 346598055451
BAD 346598055457
BAD 346435454549
BAD 346600578299
BAD 346602194563
BAD 346602194567
BAD 346602194569
BAD 346602194599
BAD 346437742613
BAD 346437742669
BAD 346437812587
BAD 346437812597
BAD 346437812599
BAD 346548294229
BAD 346606585363
BAD 346549079309
BAD 346549079311
BAD 346551025993
BAD 346551097183
BAD 346551325339
BAD 346609906043
BAD 346459361029
BAD 346459361033
BAD 346459361041
BAD 346553210491
BAD 346460561453
BAD 346460626879
BAD 346460925179
BAD 346460925221
BAD 346461885017
BAD 346461885019
BAD 346555395187
BAD 346555395191
BAD 346292305673
BAD 346462853837
BAD 346462853839
BAD 346293187103
BAD 346463689927
BAD 346463740429
BAD 346293571133
BAD 346464619861
BAD 346557527299
BAD 346466173597
BAD 346443325537
BAD 346467579547
BAD 346444441927
BAD 346444527601
BAD 346444846049
BAD 346444846067
BAD 346445136503
BAD 346297797719
BAD 346297797721
BAD 346446345599
BAD 346446345601
BAD 346446345607
BAD 346446345611
BAD 346446345613
BAD 346446822193
BAD 346447438879
BAD 346447438891
BAD 346448235979
BAD 346474238581
BAD 346450023323
BAD 346450023349
BAD 346302651503
BAD 346451566717
BAD 346451668127
BAD 346452797239
BAD 346452828311
BAD 346452838789
BAD 346453179013
BAD 346453762877
BAD 346453762883
BAD 346453899277
BAD 346477268807
BAD 346478882537
BAD 346478882539
BAD 346325066251
BAD 346611424853
BAD 346481712853
BAD 346481891159
BAD 346482222337
BAD 346612402849
BAD 346612774111
BAD 346409918611
BAD 346577925179
BAD 346326335233
BAD 346377544573
BAD 346342462813
BAD 346612934911
BAD 346342462819
BAD 346577925181
BAD 346612934917
BAD 346612997749
BAD 346410046459
BAD 346360123973
BAD 346578834421
BAD 346614099863
BAD 346327696543
BAD 346327746683
BAD 346327746701
BAD 346327868311
BAD 346327933531
BAD 346327936187
BAD 346344073819
BAD 346361198899
BAD 346484020681
BAD 346484020721
BAD 346484020723
BAD 346308474653
BAD 346308474661
BAD 346484148053
BAD 346484194703
BAD 346344795553
BAD 346344795557
BAD 346380628519
BAD 346363194019
BAD 346492923793
BAD 346392741941
BAD 346485018323
BAD 346380628523
BAD 346392741943
BAD 346485018329
BAD 346485018331
BAD 346413730237
BAD 346413730241
BAD 346363387933
BAD 346392967913
BAD 346392967919
BAD 346510040791
BAD 346510040803
BAD 346510157731
BAD 346381281427
BAD 346381480673
BAD 346486034339
BAD 346486034437
BAD 346486034473
BAD 346510643251
BAD 346510702763
BAD 346346509237
BAD 346511156071
BAD 346581839413
BAD 346581839423
BAD 346581839431
BAD 346511432513
BAD 346396659953
BAD 346366022243
BAD 346347950471
BAD 346489764121
BAD 346383894541
BAD 346418789419
BAD 346333012853
BAD 346583168023
BAD 346618913119
BAD 346618913131
BAD 346583168027
BAD 346583168059
BAD 346511819153
BAD 346397262413
BAD 346333614127
BAD 346419756901
BAD 346333927339
BAD 346527037699
BAD 346620502637
BAD 346316096899
BAD 346385617051
BAD 346385617057
BAD 346385617063
BAD 346385704163
BAD 346316248219
BAD 346620887149
BAD 346368021833
BAD 346368021841
BAD 346498921519
BAD 346513995151
BAD 346399106299
BAD 346528603951
BAD 346335636601
BAD 346399106303
BAD 346621920289
BAD 346621934881
BAD 346399344793
BAD 346399363867
BAD 346399410109
BAD 346369587791
BAD 346515409243
BAD 346387780771
BAD 346387780777
BAD 346515858187
BAD 346352248189
BAD 346337240321
BAD 346337240323
BAD 346337240329
BAD 346516155599
BAD 346623550129
BAD 346388610833
BAD 346388615819
BAD 346388615821
BAD 346352667361
BAD 346401112583
BAD 346371129067
BAD 346317108517
BAD 346353521713
BAD 346424839613
BAD 346625201653
BAD 346353990893
BAD 346516852117
BAD 346372481677
BAD 346318353289
BAD 346531232783
BAD 346318770799
BAD 346626522709
BAD 346626522713
BAD 346626522719
BAD 346626522721
BAD 346626522733
BAD 346318827997
BAD 346318869607
BAD 346318869629
BAD 346626657721
BAD 346626657731
BAD 346319045273
BAD 346532053249
BAD 346502299943
BAD 346354958329
BAD 346587900301
BAD 346355175473
BAD 346502554627
BAD 346391785303
BAD 346391811659
BAD 346355498119
BAD 346319957569
BAD 346319957573
BAD 346532927063
BAD 346374505483
BAD 346533549709
BAD 346503756517
BAD 346374902711
BAD 346588954253
BAD 346374902723
BAD 346533549727
BAD 346588954267
BAD 346374902759
BAD 346533549731
BAD 346374902761
BAD 346588993771
BAD 346588993789
BAD 346588993823
BAD 346588993831
BAD 346589171003
BAD 346357383587
BAD 346357383667
BAD 346321902919
BAD 346321902923
BAD 346321902937
BAD 346357822357
BAD 346357822381
BAD 346322410043
BAD 346358283391
BAD 346519835813
BAD 346519835821
BAD 346535039467
BAD 346535250797
BAD 346535250799
BAD 346323337999
BAD 346406466503
BAD 346590876563
BAD 346406466509
BAD 346560639169
BAD 346561110667
BAD 346522034101
BAD 346522034107
BAD 346537914473
BAD 346562630693
BAD 346563166531
BAD 346539040621
BAD 346539293567
BAD 346539293587
BAD 346539751433
BAD 346539751451
BAD 346564586821
BAD 346540673443
BAD 346566636023
BAD 346566894329
BAD 346567627103
BAD 346542680117
BAD 346568135491
BAD 346568447843
BAD 346570366403
BAD 346574110073
BAD 346627887811
BAD 346628456963
BAD 346634283013
BAD 346678483819
BAD 346678483831
BAD 346678995787
BAD 346637741017
BAD 346637877991
BAD 346680657319
BAD 346639201243
BAD 346640244553
BAD 346641559447
BAD 346641559477
BAD 346641642379
BAD 346641789419
BAD 346641789421
BAD 346641861271
BAD 346683787973
BAD 346683787981
BAD 346642584677
BAD 346642584679
BAD 346643029459
BAD 346684589423
BAD 346685502533
BAD 346662066341
BAD 346662066343
BAD 346686315361
BAD 346663561369
BAD 346663561373
BAD 346663579343
BAD 346663737781
BAD 346687962703
BAD 346687962713
BAD 346668296837
BAD 346692130753
BAD 346669562783
BAD 346670195257
BAD 346670674513
BAD 346671167599
BAD 346692864673
BAD 346692864677
BAD 346693508353
BAD 346693603603
BAD 346674246683
BAD 346674909433
BAD 346674909443
BAD 346644833287
BAD 346645879439
BAD 346645879441
BAD 346645879477
BAD 346646106413
BAD 346650131369
BAD 346650131371
BAD 346651134619
BAD 346654334641
BAD 346655894911
BAD 346657949069
BAD 346658031859
BAD 346712156701
BAD 346712492747
BAD 346714062703
BAD 346714062707
BAD 346714062823
BAD 346714062829
BAD 346717103149
BAD 346717103167
BAD 346694738393
BAD 346695467273
BAD 346695529681
BAD 346695795487
BAD 346699310213
BAD 346699310233
BAD 346699310239
BAD 346700079269
BAD 346720571237
BAD 346722023861
BAD 346722023863
BAD 346723034569
BAD 346723378721
BAD 346723378723
BAD 346706654689
BAD 346707857707
BAD 346707857711
BAD 346708287733
BAD 346710106793
BAD 346725693829
BAD 346725842389
BAD 346726253239
BAD 346726253243
BAD 346726799407
BAD 346726799413
BAD 346726799417
BAD 346745827861
BAD 346746151267
BAD 346747972801
BAD 346747972807
BAD 346751444509
BAD 346752070697
BAD 346752070699
BAD 346752070703
BAD 346753144783
BAD 346754355149
BAD 346754355151
BAD 346754355163
BAD 346756031933
BAD 346778685907
BAD 346779393151
BAD 346779393157
BAD 346779393173
BAD 346779943429
BAD 346782102187
BAD 346757401693
BAD 346782827351
BAD 346782827353
BAD 346782827371
BAD 346782930797
BAD 346783456687
BAD 346784390213
BAD 346785346367
BAD 346785346399
BAD 346785346409
BAD 346789209499
BAD 346789209509
BAD 346789209527
BAD 346789607011
BAD 346790466511
BAD 346790505979
BAD 346790505983
BAD 346790505989
BAD 346790505991
BAD 346762384783
BAD 346763775923
BAD 346766382203
BAD 346766382233
BAD 346767231593
BAD 346767587263
BAD 346767587267
BAD 346767587317
BAD 346768262959
BAD 346768262963
BAD 346768697161
BAD 346768697167
BAD 346768697173
BAD 346768697179
BAD 346768697183
BAD 346769451871
BAD 346771106081
BAD 346771106083
BAD 346771106089
BAD 346771425541
BAD 346771425577
BAD 346772071043
BAD 346772674783
BAD 346772674793
BAD 346773952423
BAD 346773952429
BAD 346773952433
BAD 346773952451
BAD 346773952453
BAD 346773952463
BAD 346773952477
BAD 346775525251
BAD 346775525311
BAD 346775525323
BAD 346775525329
BAD 346775525333
BAD 346795904201
BAD 346795953893
BAD 346797527941
BAD 346797673529
BAD 346797673531
BAD 346797927233
BAD 346797927247
BAD 346797927277
BAD 346797927283
BAD 346799137049
BAD 346800960001
BAD 346801584163
BAD 346801584167
BAD 346801584169
BAD 346801682477
BAD 346803305977
BAD 346803319831
BAD 346806002203
BAD 346808878729
BAD 346808878733
BAD 346732448501
BAD 347029745609
BAD 347030838409
BAD 347030980511
BAD 347031016313
BAD 346734393697
BAD 346734393701
BAD 346735074559
BAD 346735074563
BAD 346735309673
BAD 346735605679
BAD 347033028289
BAD 347033028317
BAD 347033028337
BAD 347033524867
BAD 346737966713
BAD 346739168213
BAD 346740501301
BAD 346741697923
BAD 346741859449
BAD 347036399903
BAD 347036491903
BAD 347013139457
BAD 346742677223
BAD 346743448099
BAD 347014147873
BAD 347014147877
BAD 347038725053
BAD 346983526231
BAD 347039783707
BAD 347040988579
BAD 346984788277
BAD 347018067731
BAD 347040988597
BAD 347018067733
BAD 347040988601
BAD 346984788281
BAD 347040988603
BAD 347040988607
BAD 347019085351
BAD 347019322579
BAD 347019322583
BAD 346985804593
BAD 346985804597
BAD 347019513487
BAD 346985898601
BAD 346986109031
BAD 347021110013
BAD 347043278677
BAD 347043278683
BAD 346987389349
BAD 346987583881
BAD 347044104013
BAD 346879187597
BAD 347022960019
BAD 346896439853
BAD 346896439867
BAD 346988820979
BAD 346929259253
BAD 346990740331
BAD 346990740337
BAD 346898365673
BAD 346898365721
BAD 346898365727
BAD 346898365729
BAD 346930540667
BAD 346930540669
BAD 346930540741
BAD 346965506903
BAD 346966021291
BAD 346992053861
BAD 346931351693
BAD 346992859267
BAD 346992903079
BAD 346992938989
BAD 346992938993
BAD 346966640333
BAD 346882921681
BAD 346882921687
BAD 346882921691
BAD 346863640003
BAD 346883292607
BAD 346900327261
BAD 346994166209
BAD 347028161443
BAD 346884048793
BAD 346900719637
BAD 346947309967
BAD 346947309983
BAD 347028348323
BAD 346865678839
BAD 346998444977
BAD 346933498063
BAD 347046031253
BAD 346884999353
BAD 346998444979
BAD 346998444983
BAD 347046041773
BAD 347046041777
BAD 347046041779
BAD 347046041821
BAD 347046041827
BAD 346933580393
BAD 346998597559
BAD 346998597563
BAD 346998597571
BAD 346865810539
BAD 347029647683
BAD 346915535741
BAD 346969587557
BAD 346998974617
BAD 346934381483
BAD 346970921023
BAD 346970921027
BAD 346970921029
BAD 346886590339
BAD 346886590343
BAD 346886590363
BAD 346971195889
BAD 346971370441
BAD 346934901679
BAD 347001124699
BAD 347001124703
BAD 346951117001
BAD 346951117003
BAD 346951177217
BAD 346918232209
BAD 346868392789
BAD 346972710379
BAD 346888188377
BAD 346888188379
BAD 346935774667
BAD 346935774671
BAD 346935774673
BAD 347002112003
BAD 346919387093
BAD 346936456969
BAD 346936456973
BAD 346936456981
BAD 346936456991
BAD 346920024961
BAD 346952963333
BAD 346952963341
BAD 346952963347
BAD 346952963351
BAD 346952963353
BAD 346952963363
BAD 346952963369
BAD 347003315539
BAD 346870168373
BAD 346937140471
BAD 347003768431
BAD 346937140483
BAD 346953484351
BAD 346906152091
BAD 347003768437
BAD 346937369413
BAD 346975927853
BAD 346845681841
BAD 347004464021
BAD 346891718083
BAD 346891718087
BAD 346891718101
BAD 346891718267
BAD 346891718269
BAD 346871764783
BAD 346871764793
BAD 346871846081
BAD 346872357347
BAD 346817244343
BAD 346940011657
BAD 346923244957
BAD 346978262539
BAD 347007042601
BAD 346978305253
BAD 346978346243
BAD 346847435303
BAD 346894150331
BAD 346894150333
BAD 346956120023
BAD 346940604559
BAD 346848199993
BAD 346924413169
BAD 346894866391
BAD 346874361107
BAD 346874361109
BAD 346957018417
BAD 346957018427
BAD 347008556129
BAD 347008556131
BAD 347008556137
BAD 346925079821
BAD 346941443119
BAD 346925398129
BAD 346925398133
BAD 346875136063
BAD 346875136067
BAD 346925659117
BAD 347009425141
BAD 346875608213
BAD 346912158457
BAD 346876122743
BAD 346959055171
BAD 346959353287
BAD 346820664793
BAD 346959997231
BAD 347011412291
BAD 347011412311
BAD 346821220859
BAD 346821220861
BAD 346943557141
BAD 346960237669
BAD 346928764583
BAD 346853479177
BAD 346853613233
BAD 346822402501
BAD 346944597679
BAD 346944597683
BAD 346944597689
BAD 346944597691
BAD 346944876007
BAD 346854491623
BAD 346854491629
BAD 346823348959
BAD 347048032147
BAD 347048133293
BAD 347048371531
BAD 347048695969
BAD 347048696011
BAD 347048732113
BAD 346855723223
BAD 346832088793
BAD 346832088803
BAD 346855868071
BAD 346855868081
BAD 346855868083
BAD 346856163611
BAD 346856163613
BAD 346824924661
BAD 347050640821
BAD 346826162173
BAD 347053197443
BAD 346835300509
BAD 346860870751
BAD 346836024113
BAD 346836262951
BAD 347054175913
BAD 347055644917
BAD 347057530381
BAD 347057530387
BAD 347057791351
BAD 346840474831
BAD 347068020227
BAD 347068076171
BAD 347059751749
BAD 347059751783
BAD 347060108147
BAD 347060108149
BAD 347068624999
BAD 346842156127
BAD 346842306781
BAD 346842306809
BAD 347068921237
BAD 347069225221
BAD 347069225227
BAD 346843314511
BAD 347071459979
BAD 347071459981
BAD 346844899201
BAD 346844899217
BAD 346844899223
BAD 347071732393
BAD 347072520499
BAD 347073172309
BAD 347073392357
BAD 347074122617
BAD 347074851337
BAD 347075472979
BAD 347077131157
BAD 347079359983
BAD 347079702737
BAD 347079702743
BAD 347079702799
BAD 347083443449
BAD 347083443451
BAD 347083470841
BAD 347086246081
BAD 347088640193
BAD 347088640201
BAD 347088640207
BAD 347088640273
BAD 347088640277
BAD 347088640279
BAD 347090383501
BAD 347090468983
BAD 347093552833
BAD 347093567927
BAD 347093567929
BAD 347094992333
BAD 347095779301
BAD 347095779337
BAD 347096652899
BAD 347096652901
BAD 347099222473
BAD 347114985653
BAD 347115389183
BAD 347103231383
BAD 347103588919
BAD 347115932021
BAD 347115932041
BAD 347116232041
BAD 347116726223
BAD 347104952707
BAD 347104952713
BAD 347104952717
BAD 347104952723
BAD 347104952731
BAD 347105420531
BAD 347118912263
BAD 347106794773
BAD 347120705249
BAD 347120705251
BAD 347108862193
BAD 347108862211
BAD 347108965921
BAD 347110139693
BAD 347122061267
BAD 347110709513
BAD 347110709521
BAD 347123259619
BAD 347111363671
BAD 347111363723
BAD 347124903841
BAD 347128938493
BAD 347128938521
BAD 347128938539
BAD 347129178559
BAD 347164254847
BAD 347165032681
BAD 347165032691
BAD 347165032693
BAD 347165032699
BAD 347165032703
BAD 347165331959
BAD 347165552497
BAD 347165552501
BAD 347165552507
BAD 347165552509
BAD 347167356559
BAD 347167356563
BAD 347167356589
BAD 347167988423
BAD 347168154391
BAD 347168248411
BAD 347168874601
BAD 347170865551
BAD 347173781599
BAD 347174728493
BAD 347176475287
BAD 347176475291
BAD 347178741367
BAD 347178941801
BAD 347178941803
BAD 347180756833
BAD 347180756849
BAD 347180756851
BAD 347181358067
BAD 347181358109
BAD 347181513121
BAD 347181611747
BAD 347183697811
BAD 347184655021
BAD 347191662943
BAD 347192550773
BAD 347192667007
BAD 347192667011
BAD 347192667013
BAD 347194349149
BAD 347195467687
BAD 347333559383
BAD 347468751571
BAD 347335965271
BAD 347335985729
BAD 347469582709
BAD 347469751171
BAD 347469751177
BAD 347469751183
BAD 347337039229
BAD 347337039233
BAD 347470986091
BAD 347338175641
BAD 347338219289
BAD 347474222149
BAD 347474222153
BAD 347474222239
BAD 347475160079
BAD 347340688789
BAD 347342127103
BAD 347342127113
BAD 347477754527
BAD 347478860587
BAD 347481340081
BAD 347481644273
BAD 347344162831
BAD 347344671851
BAD 347344671853
BAD 347130924337
BAD 347131177123
BAD 347131177147
BAD 347147339993
BAD 347133748697
BAD 347133748699
BAD 347148453397
BAD 347134561663
BAD 347150202391
BAD 347151689041
BAD 347152091203
BAD 347136712009
BAD 347138489647
BAD 347153726929
BAD 347155355221
BAD 347156140381
BAD 347141808721
BAD 347141808731
BAD 347141808733
BAD 347141808743
BAD 347158249307
BAD 347158249309
BAD 347158312051
BAD 347158454329
BAD 347142542473
BAD 347158739929
BAD 347159244479
BAD 347159244559
BAD 347143508717
BAD 347145992663
BAD 347161466867
BAD 347214795931
BAD 347215386559
BAD 347215386563
BAD 347162846761
BAD 347215575167
BAD 347215575169
BAD 347215575173
BAD 347215680047
BAD 347216887357
BAD 347216887427
BAD 347216887429
BAD 347218123207
BAD 347163712283
BAD 347198731193
BAD 347198731199
BAD 347283087821
BAD 347198745143
BAD 347222067173
BAD 347283799207
BAD 347283799217
BAD 347432592713
BAD 347199700501
BAD 347284575023
BAD 347284575031
BAD 347199878419
BAD 347199878423
BAD 347223816743
BAD 347223897413
BAD 347223897421
BAD 347250134779
BAD 347250134783
BAD 347200845403
BAD 347416083577
BAD 347416083583
BAD 347434014593
BAD 347416518817
BAD 347434377091
BAD 347201375579
BAD 347201375581
BAD 347224835843
BAD 347251624297
BAD 347288294939
BAD 347201735767
BAD 347226295357
BAD 347288602849
BAD 347288602853
BAD 347300175619
BAD 347419178333
BAD 347436714403
BAD 347300175623
BAD 347255359757
BAD 347436714407
BAD 347255359771
BAD 347319079369
BAD 347288736143
BAD 347288736149
BAD 347255572459
BAD 347255572493
BAD 347319245281
BAD 347367208957
BAD 347367208963
BAD 347226731011
BAD 347226731087
BAD 347419968349
BAD 347419968353
BAD 347437788773
BAD 347437788799
BAD 347367672703
BAD 347257228127
BAD 347228514407
BAD 347367779503
BAD 347367779519
BAD 347401501571
BAD 347421936683
BAD 347302932127
BAD 347257733413
BAD 347439894083
BAD 347306106403
BAD 347402199931
BAD 347370237451
BAD 347321870671
BAD 347201939353
BAD 347229005933
BAD 347422882021
BAD 347422882069
BAD 347422882073
BAD 347402835641
BAD 347402835643
BAD 347402835653
BAD 347322798961
BAD 347440824221
BAD 347440824223
BAD 347229942649
BAD 347229942659
BAD 347323052611
BAD 347441188481
BAD 347441188483
BAD 347441420267
BAD 347441420269
BAD 347441420273
BAD 347291793791
BAD 347203944721
BAD 347404299973
BAD 347371599961
BAD 347371610923
BAD 347442314629
BAD 347308622197
BAD 347204625841
BAD 347405086081
BAD 347442314633
BAD 347424721549
BAD 347325387457
BAD 347204625871
BAD 347308622209
BAD 347292842683
BAD 347204625883
BAD 347372159311
BAD 347372159317
BAD 347425064209
BAD 347425064227
BAD 347425286227
BAD 347425438699
BAD 347205432521
BAD 347205432523
BAD 347205432529
BAD 347259547511
BAD 347405348839
BAD 347294513911
BAD 347294513921
BAD 347374494053
BAD 347310593891
BAD 347310593893
BAD 347407420519
BAD 347375894821
BAD 347407463671
BAD 347407463681
BAD 347262590033
BAD 347429385439
BAD 347209529867
BAD 347485970033
BAD 347382926041
BAD 347312550301
BAD 347296371481
BAD 347209529869
BAD 347429385481
BAD 347376329633
BAD 347312550313
BAD 347209529873
BAD 347312550317
BAD 347429403617
BAD 347429403619
BAD 347429403623
BAD 347382968767
BAD 347382968771
BAD 347382968773
BAD 347209575721
BAD 347209575731
BAD 347209575733
BAD 347209575751
BAD 347209575767
BAD 347209575773
BAD 347376383573
BAD 347486056859
BAD 347329809781
BAD 347312773189
BAD 347486189959
BAD 347210189999
BAD 347330698111
BAD 347384055379
BAD 347446585159
BAD 347313691171
BAD 347264021347
BAD 347408167723
BAD 347210190001
BAD 347408167727
BAD 347384088067
BAD 347264187341
BAD 347264187343
BAD 347264187359
BAD 347408316473
BAD 347408316481
BAD 347210859431
BAD 347210953279
BAD 347210953283
BAD 347331386209
BAD 347331614369
BAD 347378198449
BAD 347378496469
BAD 347378496473
BAD 347378496499
BAD 347378496503
BAD 347487662881
BAD 347487913967
BAD 347487984157
BAD 347378945369
BAD 347378945371
BAD 347488358233
BAD 347448083329
BAD 347448083341
BAD 347448083347
BAD 347448220213
BAD 347410301779
BAD 347488826953
BAD 347410459909
BAD 347212225531
BAD 347386353439
BAD 347265296479
BAD 347411770493
BAD 347265349589
BAD 347265349591
BAD 347380672469
BAD 347412051683
BAD 347412224251
BAD 347213920447
BAD 347491782541
BAD 347388885163
BAD 347492998123
BAD 347389643383
BAD 347389643387
BAD 347389643389
BAD 347493720731
BAD 347493720733
BAD 347268481621
BAD 347449942561
BAD 347450432743
BAD 347450758943
BAD 347391645091
BAD 347495108357
BAD 347415346981
BAD 347393236453
BAD 347393441573
BAD 347452544573
BAD 347452544591
BAD 347271099713
BAD 347271411143
BAD 347271604297
BAD 347453175463
BAD 347271618157
BAD 347496710059
BAD 347496710063
BAD 347496710069
BAD 347394758041
BAD 347453980277
BAD 347453980283
BAD 347497497799
BAD 347396954173
BAD 347273873213
BAD 347498617253
BAD 347456331967
BAD 347232927919
BAD 347233765259
BAD 347233765261
BAD 347351614483
BAD 347351723869
BAD 347351793889
BAD 347351793923
BAD 347351793931
BAD 347351793937
BAD 347351793941
BAD 347352174677
BAD 347235724117
BAD 347235724139
BAD 347235724141
BAD 347235724153
BAD 347276715371
BAD 347352957977
BAD 347352957979
BAD 347277203543
BAD 347277337159
BAD 347277337163
BAD 347277364661
BAD 347353443221
BAD 347353443223
BAD 347277736373
BAD 347354678393
BAD 347354928317
BAD 347462195723
BAD 347239091539
BAD 347356225493
BAD 347356231973
BAD 347356231997
BAD 347239663327
BAD 347239859677
BAD 347240564689
BAD 347240829799
BAD 347240829811
BAD 347464789759
BAD 347241460217
BAD 347241460219
BAD 347358283133
BAD 347358283201
BAD 347358343789
BAD 347358343793
BAD 347358343799
BAD 347241896213
BAD 347360770613
BAD 347360770621
BAD 347244257641
BAD 347245199347
BAD 347245213423
BAD 347245213439
BAD 347363084141
BAD 347363780593
BAD 347516586019
BAD 347516761393
BAD 347501040647
BAD 347501040697
BAD 347516997613
BAD 347517041899
BAD 347517041903
BAD 347517041923
BAD 347501744357
BAD 347501832053
BAD 347504332477
BAD 347504332481
BAD 347504955803
BAD 347504955857
BAD 347504955859
BAD 347524557931
BAD 347524639753
BAD 347525644523
BAD 347510807123
BAD 347510807201
BAD 347527422379
BAD 347527496761
BAD 347527496843
BAD 347511646081
BAD 347511646099
BAD 347511646133
BAD 347511646151
BAD 347527910461
BAD 347528456189
BAD 347528456213
BAD 347529086491
BAD 347529086521
BAD 347529086537
BAD 347529086539
BAD 347529086543
BAD 347529086549
BAD 347529086561
BAD 347529208927
BAD 347513439199
BAD 347530146503
BAD 347530146511
BAD 347530146521
BAD 347530146527
BAD 347530146529
BAD 347532225023
BAD 347532982903
BAD 347533051519
BAD 347533051667
BAD 347533051669
BAD 347533051673
BAD 347533244371
BAD 347533400273
BAD 347533555613
BAD 347533794557
BAD 347534206609
BAD 347534206619
BAD 347535013561
BAD 347535013583
BAD 347535917447
BAD 347536358269
BAD 347537125163
BAD 347538477787
BAD 347541876023
BAD 347543343619
BAD 347550236017
BAD 347550770213
BAD 347545267651
BAD 347551149349
BAD 347551149353
BAD 347551192159
BAD 347546505689
BAD 347552788073
BAD 347552961053
BAD 347554584877
BAD 347554584931
BAD 347555543353
BAD 347557862633
BAD 347557862647
BAD 347549487941
BAD 347559683987
BAD 347561562059
BAD 347562001573
BAD 347562518293
BAD 347562804343
BAD 347563923709
BAD 347567438171
BAD 347567438173
BAD 347567488391
BAD 347567488393
BAD 347570069291
BAD 347570069293
BAD 347570069333
BAD 347570131291
BAD 347571955543
BAD 347571974179
BAD 347572055821
BAD 347574173959
BAD 347574807743
BAD 347574807757
BAD 347576448311
BAD 347576448313
BAD 347578958693
BAD 347581069699
BAD 347582343223
BAD 347582518249
BAD 347582752219
BAD 347583920791
BAD 347584658539
BAD 347585394901
BAD 347919625687
BAD 347920137601
BAD 347920989631
BAD 347591299123
BAD 347591299127
BAD 347591523823
BAD 347592082997
BAD 347924564951
BAD 347593718357
BAD 347925405599
BAD 347925405601
BAD 347596250363
BAD 347597957809
BAD 347597957813
BAD 347931978707
BAD 347935144507
BAD 347903526211
BAD 347904242617
BAD 347906428627
BAD 347906428637
BAD 347906428643
BAD 347906428657
BAD 347906685391
BAD 347906768059
BAD 347906768123
BAD 347906768149
BAD 347908065343
BAD 347602733783
BAD 347603059667
BAD 347603059669
BAD 347617137743
BAD 347603137339
BAD 347617253509
BAD 347603250229
BAD 347618027021
BAD 347618027023
BAD 347618749397
BAD 347618749411
BAD 347604965639
BAD 347912353351
BAD 347605062403
BAD 347851804793
BAD 347887069171
BAD 347914235363
BAD 347914730593
BAD 347853919807
BAD 347853919813
BAD 347853919823
BAD 347853919843
BAD 347915216687
BAD 347915216689
BAD 347915866667
BAD 347856179389
BAD 347856179393
BAD 347917559401
BAD 347856528533
BAD 347856993643
BAD 347857110329
BAD 347857110331
BAD 347918209831
BAD 347624501153
BAD 347918793427
BAD 347607778547
BAD 347607778549
BAD 347607812089
BAD 347607812093
BAD 347859066959
BAD 347769335941
BAD 347859787073
BAD 347860130987
BAD 347629506319
BAD 347770427453
BAD 347770427461
BAD 347770427467
BAD 347860454761
BAD 347860457617
BAD 347860457621
BAD 347860457761
BAD 347771462483
BAD 347895940993
BAD 347895941033
BAD 347772767393
BAD 347773128991
BAD 347633881853
BAD 347862568457
BAD 347684593493
BAD 347701560307
BAD 347633028811
BAD 347897556529
BAD 347614738733
BAD 347718662671
BAD 347634630163
BAD 347667644131
BAD 347718662689
BAD 347862568463
BAD 347753913649
BAD 347634630173
BAD 347718722539
BAD 347773794331
BAD 347897920301
BAD 347897920303
BAD 347786204791
BAD 347786204803
BAD 347786204813
BAD 347786204827
BAD 347633499853
BAD 347633499859
BAD 347702206997
BAD 347898241793
BAD 347835501703
BAD 347668165849
BAD 347754667471
BAD 347754667483
BAD 347754667499
BAD 347754667501
BAD 347734900243
BAD 347775278597
BAD 347898734543
BAD 347863602451
BAD 347637696883
BAD 347703618349
BAD 347686161169
BAD 347719407781
BAD 347787075037
BAD 347836460239
BAD 347719407793
BAD 347719407823
BAD 347787296273
BAD 347775578963
BAD 347686663477
BAD 347775853069
BAD 347864363159
BAD 347720272573
BAD 347720272579
BAD 347720272589
BAD 347720272591
BAD 347720272609
BAD 347837400661
BAD 347837400667
BAD 347837400671
BAD 347776280017
BAD 347899809613
BAD 347776392017
BAD 347776392023
BAD 347720722561
BAD 347837957113
BAD 347671456687
BAD 347639278913
BAD 347721069103
BAD 347900267573
BAD 347755792469
BAD 347837957123
BAD 347788614721
BAD 347755792471
BAD 347755879007
BAD 347755879013
BAD 347639415803
BAD 347900446853
BAD 347705484131
BAD 347721807341
BAD 347789515163
BAD 347789515169
BAD 347653170593
BAD 347803156609
BAD 347722102583
BAD 347789674123
BAD 347778091789
BAD 347778091799
BAD 347672579431
BAD 347866601749
BAD 347706121039
BAD 347653724183
BAD 347653724191
BAD 347641124071
BAD 347654281217
BAD 347839835353
BAD 347690031223
BAD 347690031259
BAD 347690031281
BAD 347690092381
BAD 347690092391
BAD 347654689939
BAD 347779373131
BAD 347790990793
BAD 347790990797
BAD 347804608601
BAD 347804608603
BAD 347655172727
BAD 347655172729
BAD 347655172807
BAD 347724008987
BAD 347674657007
BAD 347674657009
BAD 347674657013
BAD 347708033657
BAD 347675011513
BAD 347675011531
BAD 347691771013
BAD 347691771017
BAD 347691771019
BAD 347759391409
BAD 347842101203
BAD 347781818569
BAD 347842157881
BAD 347842157903
BAD 347842157969
BAD 347842157977
BAD 347793653401
BAD 347782414613
BAD 347676258511
BAD 347644986893
BAD 347676466919
BAD 347710295113
BAD 347761093333
BAD 347761248349
BAD 347843106133
BAD 347843106137
BAD 347843106139
BAD 347794571329
BAD 347783649211
BAD 347808597659
BAD 347726513899
BAD 347726513903
BAD 347808818999
BAD 347808819019
BAD 347761879189
BAD 347761879211
BAD 347783996269
BAD 347659183813
BAD 347659183819
BAD 347784163807
BAD 347844095821
BAD 347844095827
BAD 347678151571
BAD 347711866373
BAD 347646890963
BAD 347743225631
BAD 347646890971
BAD 347646890977
BAD 347678573029
BAD 347796005363
BAD 347695107091
BAD 347796041479
BAD 347870005061
BAD 347870005097
BAD 347870005099
BAD 347660320219
BAD 347660320223
BAD 347695307483
BAD 347695307489
BAD 347743660321
BAD 347712564649
BAD 347660713013
BAD 347810257063
BAD 347660775751
BAD 347660775757
BAD 347727677093
BAD 347647601423
BAD 347661090661
BAD 347763626311
BAD 347871023789
BAD 347713904693
BAD 347764629643
BAD 347662391683
BAD 347662391693
BAD 347697281941
BAD 347811806273
BAD 347811806291
BAD 347649747779
BAD 347715021757
BAD 347715021769
BAD 347715021779
BAD 347715021781
BAD 347681815643
BAD 347746692451
BAD 347848295419
BAD 347848295423
BAD 347715619567
BAD 347730923851
BAD 347747724953
BAD 347716400359
BAD 347731332931
BAD 347800510793
BAD 347814016247
BAD 347766922051
BAD 347814143563
BAD 347800796257
BAD 347767265381
BAD 347732164103
BAD 347874527263
BAD 347874527267
BAD 347874527269
BAD 347874570847
BAD 347874570859
BAD 347732512297
BAD 347732512307
BAD 347874889477
BAD 347666103413
BAD 347732512313
BAD 347700445933
BAD 347732784149
BAD 347749748663
BAD 347666741197
BAD 347733148783
BAD 347733346693
BAD 347876329663
BAD 347817421051
BAD 347817421057
BAD 347877781789
BAD 347878108009
BAD 347878270081
BAD 347879059127
BAD 347879059133
BAD 347879705273
BAD 347880195679
BAD 347880195683
BAD 347881027159
BAD 347881826317
BAD 347818247747
BAD 347884994599
BAD 347820442771
BAD 347820442777
BAD 347885228443
BAD 347820995419
BAD 347820995429
BAD 347822393393
BAD 347822393407
BAD 347828440447
BAD 347829393859
BAD 347830181593
BAD 347831757697
BAD 347832453307
BAD 347832453323
BAD 347833688603
BAD 347834536163
BAD 347936461469
BAD 347936461471
BAD 347936935459
BAD 347938069447
BAD 347956425073
BAD 347956425109
BAD 347940153419
BAD 347940153437
BAD 347940153439
BAD 347940153443
BAD 347959292053
BAD 347961299603
BAD 347962447051
BAD 347962447061
BAD 347962447067
BAD 347943965951
BAD 347943965953
BAD 347943965959
BAD 347945066723
BAD 347964848983
BAD 347964848989
BAD 347948192513
BAD 347965110091
BAD 347948381393
BAD 347948456243
BAD 347948763997
BAD 347949157877
BAD 347967047993
BAD 347968652753
BAD 347969139677
BAD 347972194369
BAD 347973583843
BAD 347973583847
BAD 347973583849
BAD 347975139419
BAD 347978589253
BAD 347979365101
BAD 347979365131
BAD 347979778063
BAD 347979778067
BAD 347980868723
BAD 347981113213
BAD 347981113217
BAD 347981113219
BAD 347981808289
BAD 347982256673
BAD 347982372659
BAD 347982551179
BAD 347983897463
BAD 347984620439
BAD 347984620441
BAD 347985098599
BAD 347985511219
BAD 348003401539
BAD 348003473137
BAD 348003473141
BAD 348003473143
BAD 348003930193
BAD 348004915009
BAD 348005405227
BAD 348005405263
BAD 348005405269
BAD 348005405273
BAD 348008830027
BAD 348009146671
BAD 348010875917
BAD 348010938719
BAD 348010938721
BAD 348011365399
BAD 348011365433
BAD 348012797753
BAD 348012797791
BAD 348013882873
BAD 348015066811
BAD 348016697933
BAD 348019449199
BAD 348255168343
BAD 348038597327
BAD 348038597329
BAD 348255838873
BAD 348257548699
BAD 348258740971
BAD 348260083909
BAD 348154796797
BAD 348155139637
BAD 348155139641
BAD 348155139643
BAD 348042069313
BAD 348326152081
BAD 348157551829
BAD 348043112323
BAD 348043680331
BAD 348044311513
BAD 348046503149
BAD 348046503151
BAD 348162316459
BAD 348162921901
BAD 348164101291
BAD 348166347203
BAD 348167749939
BAD 348336744823
BAD 348048229069
BAD 348048229073
BAD 348048229079
BAD 348168409447
BAD 348049334729
BAD 348049811743
BAD 348270127987
BAD 348270127991
BAD 348270127993
BAD 348270127999
BAD 348270128077
BAD 348270128081
BAD 348270128083
BAD 348053000261
BAD 348053000263
BAD 348053000279
BAD 348271134073
BAD 347986525213
BAD 347986525219
BAD 347986937033
BAD 347986937041
BAD 347988064043
BAD 347988189151
BAD 347988375187
BAD 347990131763
BAD 347990131771
BAD 347990131777
BAD 347990131781
BAD 347990289721
BAD 347991154111
BAD 347992836497
BAD 347998390939
BAD 347998390973
BAD 347998674523
BAD 348002522473
BAD 348002522477
BAD 348002522479
BAD 348170882597
BAD 348170882599
BAD 348172096099
BAD 348173957759
BAD 348173957773
BAD 348022362871
BAD 348175398383
BAD 348175398391
BAD 348023897329
BAD 348023952817
BAD 348024194611
BAD 348024194621
BAD 348024620351
BAD 348026254903
BAD 348026254913
BAD 348026254921
BAD 348027105499
BAD 348089931341
BAD 348090122917
BAD 348090338483
BAD 348090338513
BAD 348090338551
BAD 348090935057
BAD 348090935083
BAD 348178395293
BAD 348178895303
BAD 348092128001
BAD 348092128003
BAD 348179342377
BAD 348179440799
BAD 348179440801
BAD 348032933267
BAD 348032933273
BAD 348033481723
BAD 348103817947
BAD 348182157977
BAD 348095446381
BAD 348182157979
BAD 348182158013
BAD 348095484871
BAD 348120271789
BAD 348071416717
BAD 348182287933
BAD 348104045623
BAD 348104045651
BAD 348071495573
BAD 348071495633
BAD 348221378387
BAD 348221378389
BAD 348104473043
BAD 348238750193
BAD 348238750259
BAD 348238750261
BAD 348183419543
BAD 348121688153
BAD 348183715489
BAD 348072253861
BAD 348239927977
BAD 348106362893
BAD 348106362917
BAD 348205024157
BAD 348035641939
BAD 348097207243
BAD 348097207259
BAD 348184767533
BAD 348097207261
BAD 348241027999
BAD 348097429969
BAD 348073154483
BAD 348185026543
BAD 348185332849
BAD 348185332853
BAD 348107889139
BAD 348123422929
BAD 348206546983
BAD 348123598021
BAD 348098917687
BAD 348185945423
BAD 348185945431
BAD 348186024887
BAD 348186024889
BAD 348207320141
BAD 348186119681
BAD 348186119683
BAD 348186119969
BAD 348186119971
BAD 348186119977
BAD 348242573551
BAD 348186565733
BAD 348186565739
BAD 348208211479
BAD 348208211489
BAD 348225383797
BAD 348208308031
BAD 348187124899
BAD 348125971807
BAD 348208308037
BAD 348100298999
BAD 348137518193
BAD 348187124903
BAD 348075754823
BAD 348075754843
BAD 348208871873
BAD 348209662819
BAD 348127627853
BAD 348138329821
BAD 348138329827
BAD 348228459857
BAD 348077309233
BAD 348077561009
BAD 348077561011
BAD 348077561017
BAD 348244577321
BAD 348211422617
BAD 348229053413
BAD 348101261687
BAD 348101261689
BAD 348101261693
BAD 348101261699
BAD 348101261701
BAD 348129069829
BAD 348129069833
BAD 348112691167
BAD 348129487891
BAD 348129487897
BAD 348129488089
BAD 348140255497
BAD 348274549099
BAD 348129867199
BAD 348129867203
BAD 348130228517
BAD 348130228519
BAD 348130394089
BAD 348246795293
BAD 348114458063
BAD 348114458143
BAD 348114458147
BAD 348114458149
BAD 348130695223
BAD 348130695239
BAD 348114631663
BAD 348231920273
BAD 348231920329
BAD 348247528103
BAD 348305031517
BAD 348305058019
BAD 348305161753
BAD 348305161769
BAD 348232333753
BAD 348248108017
BAD 348080541313
BAD 348080541331
BAD 348233065673
BAD 348295707631
BAD 348142770769
BAD 348233317013
BAD 348189990331
BAD 348190190167
BAD 348190190171
BAD 348190190191
BAD 348190203419
BAD 348190203421
BAD 348190255279
BAD 348190304257
BAD 348190304311
BAD 348081304667
BAD 348190513081
BAD 348190513087
BAD 348216647171
BAD 348081797737
BAD 348081797741
BAD 348081797753
BAD 348216910109
BAD 348306744781
BAD 348133609403
BAD 348306807749
BAD 348306807763
BAD 348276906521
BAD 348306993773
BAD 348134006093
BAD 348082607087
BAD 348117258451
BAD 348250795667
BAD 348277246633
BAD 348251025181
BAD 348055191863
BAD 348235928197
BAD 348135893671
BAD 348193618709
BAD 348055191881
BAD 348118326091
BAD 348308025473
BAD 348084008959
BAD 348218529119
BAD 348278898923
BAD 348118326107
BAD 348145080637
BAD 348308025493
BAD 348297615881
BAD 348218529121
BAD 348308025497
BAD 348084008971
BAD 348118351171
BAD 348136143031
BAD 348236651359
BAD 348236651363
BAD 348236651369
BAD 348298487689
BAD 348298487699
BAD 348298487701
BAD 348055900921
BAD 348136931137
BAD 348298740817
BAD 348146231863
BAD 348252297317
BAD 348119281109
BAD 348146317879
BAD 348252297319
BAD 348309292993
BAD 348309293027
BAD 348309293029
BAD 348309293039
BAD 348299081113
BAD 348056487307
BAD 348299282077
BAD 348220199359
BAD 348220199377
BAD 348220199419
BAD 348146713933
BAD 348280362301
BAD 348195549883
BAD 348195549893
BAD 348195549917
BAD 348338932231
BAD 348338932237
BAD 348338932273
BAD 348119868413
BAD 348299710069
BAD 348309936941
BAD 348309936943
BAD 348195921659
BAD 348147204421
BAD 348339428821
BAD 348300070849
BAD 348300239101
BAD 348147660743
BAD 348253945363
BAD 348057653641
BAD 348253945379
BAD 348253945381
BAD 348253945387
BAD 348253945393
BAD 348310787063
BAD 348340106987
BAD 348254362133
BAD 348254362139
BAD 348254362147
BAD 348311097163
BAD 348311097203
BAD 348058140383
BAD 348058149547
BAD 348058149557
BAD 348058149559
BAD 348197257313
BAD 348340524053
BAD 348058455931
BAD 348058455949
BAD 348340638301
BAD 348340638337
BAD 348340684103
BAD 348340727563
BAD 348340727569
BAD 348340727573
BAD 348340727599
BAD 348311491909
BAD 348197640841
BAD 348311491919
BAD 348311491921
BAD 348301681339
BAD 348282473701
BAD 348282473711
BAD 348282473719
BAD 348282473723
BAD 348282594061
BAD 348282594083
BAD 348302152171
BAD 348282924233
BAD 348341608621
BAD 348302897611
BAD 348342041869
BAD 348303335453
BAD 348150401033
BAD 348313769833
BAD 348199722197
BAD 348199722203
BAD 348304131943
BAD 348304131947
BAD 348304194919
BAD 348151002559
BAD 348304535587
BAD 348304535627
BAD 348200111431
BAD 348284920177
BAD 348284920183
BAD 348284920189
BAD 348200694511
BAD 348284969653
BAD 348284969677
BAD 348316023493
BAD 348344970229
BAD 348062715163
BAD 348062715179
BAD 348062715181
BAD 348345627779
BAD 348345627781
BAD 348063194099
BAD 348286492693
BAD 348287145403
BAD 348287145407
BAD 348287145413
BAD 348287145419
BAD 348346491919
BAD 348347945513
BAD 348347945521
BAD 348067458149
BAD 348067706339
BAD 348067706341
BAD 348067985933
BAD 348320485619
BAD 348320485621
BAD 348349576753
BAD 348351636781
BAD 348351816361
BAD 348351816367
BAD 348354057383
BAD 348360773633
BAD 348361684579
BAD 348364764511
BAD 348365190989
BAD 348365190991
BAD 348365255663
BAD 348365530717
BAD 348368320411
BAD 348368945543
BAD 348374618899
BAD 348375484459
BAD 348375484463
BAD 348379650617
BAD 348380326439
BAD 348380368373
BAD 348380368381
BAD 348380477773
BAD 348380477779
BAD 348380549147
BAD 348381800329
BAD 348382732639
BAD 348382844129
BAD 348382844137
BAD 348383464007
BAD 348383552003
BAD 348383894647
BAD 348384846391
BAD 348385369481
BAD 348385813613
BAD 348386398853
BAD 348389489491
BAD 348393342823
BAD 348393342827
BAD 348394077931
BAD 348394238483
BAD 348396505007
BAD 348397680271
BAD 348398246719
BAD 348398246723
BAD 348398246797
BAD 348443578687
BAD 348445167901
BAD 348445326751
BAD 348445326841
BAD 348446008331
BAD 348446008333
BAD 348447750533
BAD 348447750571
BAD 348448988807
BAD 348449239189
BAD 348451366973
BAD 348452637301
BAD 348452990033
BAD 348407438089
BAD 348407438101
BAD 348408003901
BAD 348408003907
BAD 348410877967
BAD 348410877973
BAD 348410877977
BAD 348410877979
BAD 348411423553
BAD 348411643361
BAD 348411754217
BAD 348411754219
BAD 348457379617
BAD 348458909273
BAD 348417161779
BAD 348459777443
BAD 348460586867
BAD 348460586869
BAD 348423070159
BAD 348466354609
BAD 348424800223
BAD 348468022523
BAD 348421444999
BAD 348421445003
BAD 348427200529
BAD 348427200533
BAD 348469856641
BAD 348429070387
BAD 348429318043
BAD 348470990521
BAD 348471196369
BAD 348471196399
BAD 348471325277
BAD 348429698273
BAD 348432783163
BAD 348432783197
BAD 348434093009
BAD 348434565653
BAD 348434565671
BAD 348744232763
BAD 348744280187
BAD 348744280189
BAD 348745131503
BAD 348745131509
BAD 348436607059
BAD 348745722643
BAD 348745722683
BAD 348746057927
BAD 348746057929
BAD 348746057941
BAD 348746498567
BAD 348746658823
BAD 348438105289
BAD 348728611249
BAD 348728805323
BAD 348747733949
BAD 348747733951
BAD 348749361551
BAD 348749361553
BAD 348731317553
BAD 348731582923
BAD 348731582963
BAD 348750422899
BAD 348750537781
BAD 348751652341
BAD 348438344119
BAD 348438344131
BAD 348752836643
BAD 348733701391
BAD 348734426983
BAD 348753744517
BAD 348753744527
BAD 348753744529
BAD 348756354649
BAD 348740498933
BAD 348740804611
BAD 348473785637
BAD 348473785669
BAD 348474159931
BAD 348474159937
BAD 348474315887
BAD 348474315901
BAD 348478559393
BAD 348479537177
BAD 348480124621
BAD 348480124627
BAD 348482132071
BAD 348482646581
BAD 348482646583
BAD 348482646593
BAD 348483907507
BAD 348484717249
BAD 348484717253
BAD 348484717261
BAD 348484717267
BAD 348486453509
BAD 348486604727
BAD 348486604729
BAD 348486604733
BAD 348486604747
BAD 348486943373
BAD 348486943381
BAD 348488977657
BAD 348489897703
BAD 348642210079
BAD 348642210089
BAD 348642210097
BAD 348642975713
BAD 348690795359
BAD 348643585363
BAD 348643585369
BAD 348490793141
BAD 348644531563
BAD 348492237293
BAD 348492237323
BAD 348492283429
BAD 348493195769
BAD 348493195789
BAD 348493428799
BAD 348573234157
BAD 348657298921
BAD 348494394869
BAD 348693726743
BAD 348693726751
BAD 348693814061
BAD 348574616717
BAD 348658176011
BAD 348674884771
BAD 348575062831
BAD 348658492477
BAD 348695215567
BAD 348695215937
BAD 348695215943
BAD 348675323153
BAD 348707671951
BAD 348707671957
BAD 348707671969
BAD 348575806433
BAD 348575806441
BAD 348575849311
BAD 348575935759
BAD 348695730437
BAD 348496430801
BAD 348496430803
BAD 348649665487
BAD 348697286213
BAD 348497625409
BAD 348697363213
BAD 348697969663
BAD 348698634373
BAD 348698634377
BAD 348698634379
BAD 348578958799
BAD 348710197417
BAD 348710197421
BAD 348499368643
BAD 348499368653
BAD 348652259183
BAD 348583312849
BAD 348522920617
BAD 348711807637
BAD 348664375823
BAD 348583312859
BAD 348702537607
BAD 348542424343
BAD 348678283729
BAD 348590383553
BAD 348522920621
BAD 348522920623
BAD 348678853363
BAD 348506739499
BAD 348703396969
BAD 348608752223
BAD 348608752243
BAD 348608853301
BAD 348608853331
BAD 348584393263
BAD 348703690939
BAD 348652968347
BAD 348585175033
BAD 348585545239
BAD 348585545249
BAD 348544744283
BAD 348563470531
BAD 348680521583
BAD 348666890267
BAD 348666890269
BAD 348545075783
BAD 348681123649
BAD 348706415749
BAD 348500258563
BAD 348564273259
BAD 348611841379
BAD 348714487483
BAD 348508887739
BAD 348593305913
BAD 348525333389
BAD 348714487489
BAD 348564273263
BAD 348654722587
BAD 348714487493
BAD 348667205239
BAD 348508887743
BAD 348525333391
BAD 348564273293
BAD 348525333397
BAD 348508887767
BAD 348667279799
BAD 348667279801
BAD 348667279819
BAD 348667279823
BAD 348654967681
BAD 348509459339
BAD 348509459341
BAD 348667867531
BAD 348667867553
BAD 348500977171
BAD 348509649841
BAD 348565152953
BAD 348501849347
BAD 348682402067
BAD 348682402069
BAD 348682402073
BAD 348594971749
BAD 348594971761
BAD 348594971773
BAD 348502055791
BAD 348510403781
BAD 348510403783
BAD 348510403793
BAD 348595449091
BAD 348595449109
BAD 348595449113
BAD 348669836873
BAD 348670065019
BAD 348670065241
BAD 348567122117
BAD 348567122119
BAD 348596418691
BAD 348716521613
BAD 348567240893
BAD 348596713813
BAD 348596732069
BAD 348548010163
BAD 348716742733
BAD 348511774363
BAD 348511774381
BAD 348548304583
BAD 348548304589
BAD 348548304593
BAD 348548304673
BAD 348548304677
BAD 348568061867
BAD 348568061869
BAD 348512502817
BAD 348528862547
BAD 348504819023
BAD 348529104089
BAD 348512809663
BAD 348512809679
BAD 348512809681
BAD 348512809691
BAD 348512809693
BAD 348685197503
BAD 348672027113
BAD 348505168919
BAD 348513129203
BAD 348685708379
BAD 348685708381
BAD 348569170441
BAD 348569170451
BAD 348505592593
BAD 348505592597
BAD 348505592599
BAD 348686015813
BAD 348616905419
BAD 348616905421
BAD 348505765253
BAD 348549822259
BAD 348673288921
BAD 348549822263
BAD 348530244331
BAD 348673522711
BAD 348514128049
BAD 348514128073
BAD 348719699623
BAD 348550461509
BAD 348617979331
BAD 348687524401
BAD 348687524461
BAD 348687524483
BAD 348550906309
BAD 348618562781
BAD 348531603401
BAD 348531603403
BAD 348531677653
BAD 348531848141
BAD 348531848143
BAD 348601574221
BAD 348601574239
BAD 348601574249
BAD 348571179667
BAD 348571179673
BAD 348571179689
BAD 348619119857
BAD 348619119859
BAD 348688844521
BAD 348619422527
BAD 348552393001
BAD 348552468083
BAD 348552468091
BAD 348690183697
BAD 348534513259
BAD 348534513263
BAD 348723370657
BAD 348723733249
BAD 348518183887
BAD 348518183903
BAD 348518183921
BAD 348535477781
BAD 348554498233
BAD 348554908943
BAD 348554908951
BAD 348554908981
BAD 348623194193
BAD 348623261423
BAD 348555240529
BAD 348555240533
BAD 348606443923
BAD 348555345239
BAD 348555345241
BAD 348519837241
BAD 348519837247
BAD 348519837271
BAD 348519837277
BAD 348520526203
BAD 348538729771
BAD 348538850239
BAD 348538850243
BAD 348624250771
BAD 348625831553
BAD 348626756719
BAD 348775264661
BAD 348775976333
BAD 348630863117
BAD 348630863123
BAD 348632276737
BAD 348779596579
BAD 348780728323
BAD 348780728333
BAD 348780791659
BAD 348781953983
BAD 348635560687
BAD 348636921319
BAD 348637115069
BAD 348638910031
BAD 348786794963
BAD 348788057461
BAD 348788057467
BAD 348788057479
BAD 348788057483
BAD 348788923771
BAD 348759060583
BAD 348760615649
BAD 348760615669
BAD 348760615673
BAD 348760615681
BAD 348761135993
BAD 348761136043
BAD 348761136047
BAD 348761136049
BAD 348762255469
BAD 348764442379
BAD 348766616299
BAD 348767151253
BAD 348768369709
BAD 348768369713
BAD 348770776171
BAD 348770776183
BAD 348773100551
BAD 348773100553
BAD 348773159627
BAD 348773264689
BAD 348773436047
BAD 348773436049
BAD 348774000167
BAD 348791742941
BAD 348791742953
BAD 348793856641
BAD 348793856659
BAD 348794312627
BAD 348794312677
BAD 348799962341
BAD 348800632643
BAD 348802372463
BAD 348802372469
BAD 348806304653
BAD 348811563917
BAD 348811563931
BAD 348811563967
BAD 348812554513
BAD 348814128997
BAD 348815253653
BAD 348815406523
BAD 348817482413
BAD 348818468819
BAD 348818468821
BAD 348819486427
BAD 348819695869
BAD 348819695993
BAD 348822304837
BAD 348822304843
BAD 348822439879
BAD 348824351093
BAD 348824639881
BAD 348824639897
BAD 348843873923
BAD 348843873949
BAD 348843873953
BAD 348847886243
BAD 348848930629
BAD 348849026467
BAD 348851004233
BAD 348852609569
BAD 348856061173
BAD 348856119593
BAD 348825359741
BAD 348826127603
BAD 348826455433
BAD 348827721947
BAD 348877836091
BAD 348878267519
BAD 348833678659
BAD 348833678671
BAD 348879739837
BAD 348880817189
BAD 348880817191
BAD 348881676751
BAD 348881676757
BAD 348835031497
BAD 348884246881
BAD 348884246897
BAD 348884246899
BAD 348884246911
BAD 348836611327
BAD 348836831461
BAD 348888815963
BAD 348890683189
BAD 348838604143
BAD 348891529187
BAD 348839897521
BAD 349093733563
BAD 349094733023
BAD 349096922821
BAD 349096922831
BAD 349096922833
BAD 348963294193
BAD 349097236013
BAD 349097236043
BAD 349097236051
BAD 348963977599
BAD 349097236057
BAD 348964553389
BAD 348964553393
BAD 349097768659
BAD 349099401043
BAD 349099401047
BAD 348966220891
BAD 348966422747
BAD 348891965879
BAD 348891965881
BAD 348891965911
BAD 349102142117
BAD 349102142119
BAD 349102523881
BAD 349104169133
BAD 348895168441
BAD 349104708889
BAD 349104708907
BAD 349105781293
BAD 348896544559
BAD 348968862919
BAD 348968862923
BAD 349107416071
BAD 349108020169
BAD 349108020187
BAD 348970692407
BAD 349108218359
BAD 348898871339
BAD 348898871341
BAD 349109090273
BAD 349109090287
BAD 348971798599
BAD 348899165159
BAD 348899165161
BAD 348899283091
BAD 348972432271
BAD 348972715009
BAD 348973701049
BAD 348975640973
BAD 349143810683
BAD 348905251657
BAD 348905410621
BAD 348905410639
BAD 348905410643
BAD 349146918563
BAD 348992619061
BAD 348859632371
BAD 349149806749
BAD 349150265683
BAD 349150265689
BAD 349150265693
BAD 349150265701
BAD 349150463603
BAD 348860547473
BAD 349077005377
BAD 349077482213
BAD 349153130323
BAD 348995706107
BAD 348909011303
BAD 349110440563
BAD 348995916133
BAD 349078887697
BAD 349111277429
BAD 349111451539
BAD 349111706341
BAD 348943333183
BAD 348910080527
BAD 348910080529
BAD 349079513423
BAD 348864811249
BAD 349113189871
BAD 348910876571
BAD 348865489223
BAD 349080503087
BAD 349080503089
BAD 349080503119
BAD 348999100207
BAD 348999100211
BAD 349081186777
BAD 348866588449
BAD 348866588453
BAD 348999426943
BAD 348867211013
BAD 348867211019
BAD 349159065811
BAD 349159065817
BAD 349082300143
BAD 349114992959
BAD 349115209369
BAD 349014156713
BAD 348999619459
BAD 349014275641
BAD 349014415613
BAD 348913106629
BAD 348869050993
BAD 349026512843
BAD 349026512851
BAD 348913383701
BAD 348913383703
BAD 349082801843
BAD 349082801849
BAD 349082830321
BAD 348925587763
BAD 349000621867
BAD 349116766861
BAD 349015072271
BAD 348870265519
BAD 348870265531
BAD 348913899253
BAD 348949746269
BAD 349117475579
BAD 349084201919
BAD 348927942833
BAD 348976714897
BAD 349118852143
BAD 349118852149
BAD 348914592577
BAD 348914602247
BAD 348914602249
BAD 348977414993
BAD 348929750251
BAD 349002969949
BAD 348952482773
BAD 348914602279
BAD 349029667621
BAD 349018375151
BAD 348952482779
BAD 348952482787
BAD 348873902149
BAD 349087984043
BAD 349120928207
BAD 349120928209
BAD 348954001741
BAD 348954146941
BAD 348931624697
BAD 349089675559
BAD 349020178483
BAD 349004629621
BAD 348955119949
BAD 349090232693
BAD 349090232713
BAD 349090232723
BAD 349090232731
BAD 349123024639
BAD 349020733577
BAD 349020733583
BAD 348917472521
BAD 349123274963
BAD 349033004783
BAD 349091226859
BAD 348980836051
BAD 349060565831
BAD 349123344433
BAD 348934298753
BAD 349091226863
BAD 348957173863
BAD 349006627157
BAD 348918434773
BAD 349091226871
BAD 349006627159
BAD 348981000031
BAD 348981000037
BAD 349061113913
BAD 349061113939
BAD 349061113943
BAD 348981339559
BAD 349061305613
BAD 348958085117
BAD 348919424543
BAD 348919424551
BAD 349024806953
BAD 349024969487
BAD 348920293549
BAD 348936495899
BAD 349035305851
BAD 348936818101
BAD 348936818107
BAD 349163764489
BAD 348984856579
BAD 349164866003
BAD 349037491391
BAD 348939840259
BAD 348939983047
BAD 349166045281
BAD 348940301569
BAD 348940301573
BAD 349128360479
BAD 348986534497
BAD 349166622131
BAD 349038600503
BAD 349038971959
BAD 348987852683
BAD 349068229129
BAD 348989213431
BAD 349169262643
BAD 349132558703
BAD 348990780319
BAD 348990780323
BAD 349170931411
BAD 349170931433
BAD 349133204767
BAD 349133204813
BAD 349070081989
BAD 349070081993
BAD 349070205103
BAD 349171888669
BAD 349070655893
BAD 349070825041
BAD 349071810071
BAD 349071810121
BAD 349071810133
BAD 349136472137
BAD 349072871383
BAD 349174810451
BAD 349046203021
BAD 349074177341
BAD 349074177359
BAD 349046872051
BAD 349046872079
BAD 349046872081
BAD 349140227773
BAD 349140227791
BAD 349048312397
BAD 349048312399
BAD 349049513179
BAD 349049627657
BAD 349049627659
BAD 349050841219
BAD 349051398083
BAD 349052212823
BAD 349052642401
BAD 349053274819
BAD 349054894613
BAD 349054894619
BAD 349054894621
BAD 349057133167
BAD 349058374123
BAD 349058374177
BAD 349059486709
BAD 349181067017
BAD 349181486749
BAD 349183087559
BAD 349185968797
BAD 349185968897
BAD 349188414833
BAD 349189137259
BAD 349190366953
BAD 349190366963
BAD 349190506237
BAD 349192074739
BAD 349192118881
BAD 349193001139
BAD 349193374081
BAD 349195623659
BAD 349195623661
BAD 349195712101
BAD 349195712119
BAD 349197388363
BAD 349197388367
BAD 349202003783
BAD 349203660137
BAD 349203660139
BAD 349204269049
BAD 349205805253
BAD 349205805257
BAD 349205805259
BAD 349206723233
BAD 349206761641
BAD 349207017037
BAD 349207017041
BAD 349207017043
BAD 349207382837
BAD 349207935163
BAD 349208184067
BAD 349209666803
BAD 349211296277
BAD 349211296279
BAD 349211358809
BAD 349211780653
BAD 349212182623
BAD 349212491959
BAD 349212491963
BAD 349212670357
BAD 349212670369
BAD 349213738231
BAD 349214674463
BAD 349216527871
BAD 349217881951
BAD 349218344753
BAD 349220576543
BAD 349223370173
BAD 349224647777
BAD 349225557559
BAD 349225557563
BAD 349226672813
BAD 349227298789
BAD 349229025319
BAD 349231452809
BAD 349231452811
BAD 349237695353
BAD 349237832873
BAD 349238796607
BAD 349238796611
BAD 349240496707
BAD 349240496711
BAD 349240496713
BAD 349240496719
BAD 349240496723
BAD 349240496743
BAD 349240496753
BAD 349241154973
BAD 349241208727
BAD 349242302593
BAD 349244801183
BAD 349246084403
BAD 349248738767
BAD 349249550291
BAD 349249550303
BAD 349253434351
BAD 349255465529
BAD 349257510113
BAD 349257726583
BAD 349258748873
BAD 349259173321
BAD 349262036449
BAD 349262318747
BAD 349262318749
BAD 349262318753
BAD 349262921773
BAD 349262921803
BAD 349263432173
BAD 349263689213
BAD 349263744257
BAD 349263744259
BAD 349263913087
BAD 349264390529
BAD 349264390537
BAD 349268679761
BAD 349268927281
BAD 349268966317
BAD 349269400549
BAD 349271884943
BAD 349272664673
BAD 349279667791
BAD 349282103399
BAD 349283514127
BAD 349284568583
BAD 349284568609
BAD 349289755891
BAD 349291088243
BAD 349291088249
BAD 349291280641
BAD 349292579509
BAD 349293214013
BAD 349513260599
BAD 349513260601
BAD 349293649447
BAD 349293649489
BAD 349293649493
BAD 349580804231
BAD 349515331057
BAD 349516221829
BAD 349516596899
BAD 349516596901
BAD 349583030299
BAD 349583190769
BAD 349517877901
BAD 349517877913
BAD 349585018073
BAD 349519672399
BAD 349519881203
BAD 349533164179
BAD 349533164209
BAD 349586636101
BAD 349520866603
BAD 349535649751
BAD 349536063781
BAD 349536795107
BAD 349538048479
BAD 349589876761
BAD 349589876767
BAD 349523480641
BAD 349524372377
BAD 349541108167
BAD 349541108171
BAD 349541108173
BAD 349541108177
BAD 349541907041
BAD 349592842901
BAD 349592842903
BAD 349529098159
BAD 349529098183
BAD 349529098207
BAD 349529308861
BAD 349593137573
BAD 349593934147
BAD 349312355113
BAD 349594671541
BAD 349314087413
BAD 349601276663
BAD 349601276669
BAD 349316759581
BAD 349602785689
BAD 349317556579
BAD 349317556603
BAD 349317556607
BAD 349317556613
BAD 349318849249
BAD 349318849259
BAD 349318849261
BAD 349320954233
BAD 349607247401
BAD 349607247403
BAD 349607505217
BAD 349607505223
BAD 349607676127
BAD 349446089857
BAD 349608534391
BAD 349608534397
BAD 349380319133
BAD 349324444243
BAD 349446702049
BAD 349610100353
BAD 349324535743
BAD 349446854683
BAD 349611487891
BAD 349611487909
BAD 349381801273
BAD 349612669121
BAD 349612669129
BAD 349363007843
BAD 349331007451
BAD 349331007463
BAD 349331561041
BAD 349383974341
BAD 349331586607
BAD 349331586613
BAD 349383974353
BAD 349331619421
BAD 349434480449
BAD 349434480457
BAD 349434667297
BAD 349434786553
BAD 349434786563
BAD 349333024697
BAD 349333024699
BAD 349395671567
BAD 349395705391
BAD 349395705397
BAD 349333441183
BAD 349454143321
BAD 349412090309
BAD 349347676547
BAD 349399054399
BAD 349412090311
BAD 349367180689
BAD 349387561373
BAD 349496403533
BAD 349454573309
BAD 349454573359
BAD 349367722657
BAD 349367767069
BAD 349367972423
BAD 349412585813
BAD 349334620199
BAD 349334620207
BAD 349334620211
BAD 349334620213
BAD 349368454723
BAD 349368454727
BAD 349497993851
BAD 349497993853
BAD 349413077479
BAD 349413077483
BAD 349413152089
BAD 349439039927
BAD 349456171993
BAD 349456172011
BAD 349413458243
BAD 349349474753
BAD 349440480941
BAD 349337533081
BAD 349417807523
BAD 349401622643
BAD 349456982393
BAD 349390368709
BAD 349440480943
BAD 349370102479
BAD 349337533087
BAD 349467979613
BAD 349456982401
BAD 349615470289
BAD 349501249879
BAD 349615470293
BAD 349337533091
BAD 349337533093
BAD 349501249883
BAD 349615470299
BAD 349615470301
BAD 349615470361
BAD 349615470367
BAD 349615470403
BAD 349390435103
BAD 349370176237
BAD 349349658529
BAD 349440771409
BAD 349440771413
BAD 349615913903
BAD 349501925099
BAD 349441212587
BAD 349350698467
BAD 349350698471
BAD 349418711963
BAD 349563319717
BAD 349403388713
BAD 349351432789
BAD 349351455799
BAD 349617692663
BAD 349404178313
BAD 349442237797
BAD 349442293261
BAD 349504184851
BAD 349479823409
BAD 349479823411
BAD 349459169641
BAD 349504641881
BAD 349419859093
BAD 349405209709
BAD 349480511221
BAD 349469953907
BAD 349340579327
BAD 349340579333
BAD 349340828393
BAD 349460664401
BAD 349460664403
BAD 349406241949
BAD 349460731687
BAD 349421029987
BAD 349481596603
BAD 349506535387
BAD 349566970141
BAD 349506535403
BAD 349482352699
BAD 349375653511
BAD 349472288951
BAD 349472288953
BAD 349472288959
BAD 349506787151
BAD 349506787153
BAD 349506787261
BAD 349482658417
BAD 349482658423
BAD 349375867681
BAD 349422853081
BAD 349620523729
BAD 349567689481
BAD 349483152859
BAD 349620829451
BAD 349423638313
BAD 349423732291
BAD 349423732297
BAD 349356595639
BAD 349568697053
BAD 349424213297
BAD 349622216249
BAD 349474381121
BAD 349474381133
BAD 349377428551
BAD 349622690119
BAD 349425452843
BAD 349358502683
BAD 349485527803
BAD 349509620423
BAD 349570618321
BAD 349509817753
BAD 349476523961
BAD 349476530863
BAD 349571397083
BAD 349477148569
BAD 349511069431
BAD 349488364579
BAD 349488364583
BAD 349488364591
BAD 349488460697
BAD 349428508981
BAD 349428613097
BAD 349428613099
BAD 349361526091
BAD 349361526097
BAD 349361526103
BAD 349489681253
BAD 349512275051
BAD 349512275311
BAD 349512275317
BAD 349490071673
BAD 349490671273
BAD 349574967869
BAD 349574967871
BAD 349491540169
BAD 349575795229
BAD 349629207511
BAD 349577631691
BAD 349546948999
BAD 349578830213
BAD 349578830231
BAD 349578830233
BAD 349547325499
BAD 349494805129
BAD 349495099453
BAD 349551040523
BAD 349551040529
BAD 349551175711
BAD 349551175763
BAD 349551175769
BAD 349552603357
BAD 349553287271
BAD 349553287273
BAD 349553287277
BAD 349553524913
BAD 349553524919
BAD 349553524921
BAD 349554728087
BAD 349556520073
BAD 349558898483
BAD 349560733369
BAD 349560733373
BAD 349294978841
BAD 349295722777
BAD 349295722781
BAD 349298121079
BAD 349301262097
BAD 349301262127
BAD 349999622827
BAD 349302817013
BAD 349302817021
BAD 349304713801
BAD 349304767309
BAD 349310997493
BAD 349633180999
BAD 349634974021
BAD 349637242153
BAD 349637553563
BAD 349639999903
BAD 349639999913
BAD 349641636217
BAD 349643127023
BAD 349643261269
BAD 349643354009
BAD 349643354017
BAD 349644342631
BAD 349644801383
BAD 349647915787
BAD 349650806731
BAD 349653549319
BAD 349653844123
BAD 349657707121
BAD 349657707127
BAD 349658167499
BAD 349658167501
BAD 349658167519
BAD 349661447719
BAD 349662845473
BAD 349662845479
BAD 349664316503
BAD 349665416239
BAD 349665416423
BAD 349669589779
BAD 349670378303
BAD 349670868721
BAD 349671024013
BAD 349672454797
BAD 349680735463
BAD 349681868573
BAD 349682393597
BAD 349678048261
BAD 349683552319
BAD 349678881049
BAD 349684762397
BAD 349697626253
BAD 349698818179
BAD 349698963631
BAD 349698963643
BAD 349690884841
BAD 349699370161
BAD 349693010393
BAD 349701584389
BAD 349693368769
BAD 349694298313
BAD 349694348611
BAD 349694942659
BAD 349694942683
BAD 349695068819
BAD 349704548839
BAD 349704858109
BAD 349695980911
BAD 349705598881
BAD 349706043989
BAD 349696561237
BAD 349696581407
BAD 349696581413
BAD 349706834401
BAD 349707316891
BAD 349708806619
BAD 349710710039
BAD 349710710059
BAD 349734847393
BAD 349736187139
BAD 349736187323
BAD 349737652133
BAD 349739660639
BAD 349739660651
BAD 349739660663
BAD 349741417279
BAD 349741417283
BAD 349741654853
BAD 349742048599
BAD 349916142731
BAD 349916142733
BAD 349743972001
BAD 349743972007
BAD 349743972013
BAD 349743972049
BAD 349918199017
BAD 349918199027
BAD 349745269063
BAD 349746093173
BAD 349746093187
BAD 349921839691
BAD 349922170291
BAD 349715299039
BAD 349922561089
BAD 349747509311
BAD 349747509313
BAD 349747509323
BAD 349782582497
BAD 349716506107
BAD 349716726119
BAD 349747620967
BAD 349785132889
BAD 349785291733
BAD 349749039061
BAD 349786715251
BAD 349749937351
BAD 349788009533
BAD 349765058869
BAD 349750530281
BAD 349750530287
BAD 349750530289
BAD 349751165669
BAD 349751165671
BAD 349766077291
BAD 349788872533
BAD 349930784393
BAD 349930784407
BAD 349788919063
BAD 349752308539
BAD 349752337433
BAD 349789021163
BAD 349931363393
BAD 349753125647
BAD 349753125649
BAD 349753125653
BAD 349931953219
BAD 349789738709
BAD 349789903391
BAD 349754342159
BAD 349754440969
BAD 349790785433
BAD 349756527331
BAD 349792895911
BAD 349759171921
BAD 349759171967
BAD 349759171969
BAD 349965824783
BAD 349966068511
BAD 349966808839
BAD 349966808843
BAD 349967404363
BAD 349725724741
BAD 349968050713
BAD 349726185883
BAD 349773188717
BAD 349773188719
BAD 349968966133
BAD 349773372581
BAD 349773372583
BAD 349761485611
BAD 349798228757
BAD 349798228763
BAD 349762041091
BAD 349798915273
BAD 349798915283
BAD 349798915289
BAD 349762504969
BAD 349774605793
BAD 349762898161
BAD 349774605797
BAD 349774605799
BAD 349971276901
BAD 349728058793
BAD 349865503979
BAD 349800739829
BAD 349800739831
BAD 349800739843
BAD 349971870827
BAD 349971870847
BAD 349972367897
BAD 349972464271
BAD 349775626493
BAD 349867053979
BAD 349867053983
BAD 349851146173
BAD 349729592299
BAD 349974038263
BAD 349776785893
BAD 349802469173
BAD 349802597083
BAD 349802597093
BAD 349853162473
BAD 349853162489
BAD 349802856707
BAD 349777615793
BAD 349975746103
BAD 349975873937
BAD 349975873939
BAD 349975873943
BAD 349803231187
BAD 349777915733
BAD 349976131423
BAD 349976131433
BAD 349869947563
BAD 349778634329
BAD 349855613599
BAD 349978279841
BAD 349978279843
BAD 349870978291
BAD 349882055933
BAD 349982475457
BAD 349856576521
BAD 349856588737
BAD 349856588743
BAD 349978740719
BAD 349978740721
BAD 349804852853
BAD 349982829661
BAD 349982829667
BAD 349982890031
BAD 349979011751
BAD 349979011801
BAD 349882919303
BAD 349882996093
BAD 349882996097
BAD 349882996103
BAD 349983254351
BAD 349983540427
BAD 349983588443
BAD 349980210131
BAD 349980210133
BAD 349980210137
BAD 349814919329
BAD 349873079519
BAD 349815021937
BAD 349984614817
BAD 349885334093
BAD 349885334101
BAD 349806849683
BAD 349806849709
BAD 349859807071
BAD 349859807119
BAD 349859807123
BAD 349859869651
BAD 349985283889
BAD 349935962969
BAD 349807310687
BAD 349807310689
BAD 349807310719
BAD 349985422867
BAD 349985422877
BAD 349936110697
BAD 349981826773
BAD 349807711999
BAD 349982231663
BAD 349874846641
BAD 349874908079
BAD 349874908111
BAD 349816897553
BAD 349816897561
BAD 349808237593
BAD 349808237617
BAD 349808237629
BAD 349937174039
BAD 349986414587
BAD 349808406007
BAD 349952799803
BAD 349861987633
BAD 349862000393
BAD 349953390079
BAD 349953390233
BAD 349888723927
BAD 349862599129
BAD 349818570151
BAD 349938710389
BAD 349938710393
BAD 349818816847
BAD 349818816931
BAD 349899966029
BAD 349877855923
BAD 349877922263
BAD 349810119653
BAD 349988886199
BAD 349988886287
BAD 349954978049
BAD 349989268991
BAD 349890821747
BAD 349890821767
BAD 349890821773
BAD 349890966289
BAD 349890966301
BAD 349989560161
BAD 349939892791
BAD 349939892801
BAD 349939892803
BAD 349891355903
BAD 349955605361
BAD 349901512297
BAD 349955830463
BAD 349811571587
BAD 349901895067
BAD 349901895071
BAD 349901895073
BAD 349812072713
BAD 349812072721
BAD 349832641927
BAD 349902541283
BAD 349902541423
BAD 349902541441
BAD 349902541447
BAD 349902542663
BAD 349902725509
BAD 349957334303
BAD 349957334317
BAD 349957334327
BAD 349957334329
BAD 349992970429
BAD 349942551271
BAD 349903446019
BAD 349943790709
BAD 349943790727
BAD 349904234011
BAD 349823439083
BAD 349814595373
BAD 349945340671
BAD 349945463363
BAD 349960066933
BAD 349905567173
BAD 349824954553
BAD 349905824311
BAD 349946198389
BAD 349825309193
BAD 349997207563
BAD 349825655251
BAD 349825874989
BAD 349947422443
BAD 349906734523
BAD 349998121873
BAD 349838716523
BAD 349825994513
BAD 349825994519
BAD 349825994521
BAD 349838842609
BAD 349826103391
BAD 349826103397
BAD 349998663109
BAD 349998663121
BAD 349948110563
BAD 349962420931
BAD 349963237453
BAD 349841280253
BAD 349963478107
BAD 349963715873
BAD 349829355223
BAD 349829355229
BAD 349909912951
BAD 349964656831
BAD 349911474841
BAD 349911474863
BAD 349911537841
BAD 349845231061
BAD 349912825673
BAD 349912825699
BAD 349913358383
BAD 349847153507
RANGE 340000000000 350000000000 PRIMES 376405496 BAD 10120
