BAD 320117582737
BAD 320119063651
BAD 320119779271
BAD 320121033359
BAD 320121033361
BAD 320218201217
BAD 320235954053
BAD 320236158883
BAD 320236265603
BAD 320236265611
BAD 320219139353
BAD 320122809793
BAD 320219790061
BAD 320219790073
BAD 320285618311
BAD 320123735683
BAD 320285851351
BAD 320238281819
BAD 320238281821
BAD 320238438029
BAD 320238438031
BAD 320220271243
BAD 320220271249
BAD 320286401179
BAD 320220576649
BAD 320220781513
BAD 320220781519
BAD 320221468613
BAD 320240027089
BAD 320288117701
BAD 320222521483
BAD 320241153341
BAD 320055027811
BAD 320241153343
BAD 320289452611
BAD 320289452633
BAD 320289452701
BAD 320289452719
BAD 320055235403
BAD 320387007617
BAD 320387007659
BAD 320387007667
BAD 320387007683
BAD 320067545899
BAD 320223391799
BAD 320223391801
BAD 320387263723
BAD 320387263741
BAD 320067668539
BAD 320056188643
BAD 320056188679
BAD 320291516071
BAD 320243564119
BAD 320243721493
BAD 320292419761
BAD 320389594253
BAD 320058122467
BAD 320058122471
BAD 320058122473
BAD 320389940393
BAD 320389955671
BAD 320058607223
BAD 320058607373
BAD 320246011783
BAD 320227413703
BAD 320227413707
BAD 320227413721
BAD 320246183539
BAD 320294292559
BAD 320294292589
BAD 320246463533
BAD 320072501327
BAD 320390824577
BAD 320390824583
BAD 320294804783
BAD 320294804903
BAD 320294804917
BAD 320294817211
BAD 320294990443
BAD 320126043571
BAD 320126043583
BAD 320296011983
BAD 320229202231
BAD 320391910123
BAD 320230306783
BAD 320392811293
BAD 320249169433
BAD 320297927447
BAD 320297927449
BAD 320297927459
BAD 320297927461
BAD 320393328901
BAD 320231855299
BAD 320075053717
BAD 320249594227
BAD 320249594251
BAD 320231881201
BAD 320062821913
BAD 320062821917
BAD 320062821919
BAD 320231973889
BAD 320393577211
BAD 320232739843
BAD 320394859513
BAD 320234252189
BAD 320251622863
BAD 320395142491
BAD 320395142497
BAD 320395201871
BAD 320395201873
BAD 320128759333
BAD 320128759337
BAD 320300938973
BAD 320301150203
BAD 320078203639
BAD 320078340173
BAD 320301975569
BAD 320301975571
BAD 320396719493
BAD 320129995177
BAD 320396922511
BAD 320079017359
BAD 320079440413
BAD 320130845389
BAD 320132061553
BAD 320080951909
BAD 320399771603
BAD 320132661319
BAD 320400800509
BAD 320400935017
BAD 320133873979
BAD 320133874003
BAD 320401826419
BAD 320083083643
BAD 320017975273
BAD 320017975349
BAD 320017975351
BAD 320000087269
BAD 320000087273
BAD 320018898779
BAD 320018898781
BAD 320336443201
BAD 320019291749
BAD 320019291751
BAD 320034603073
BAD 320270636251
BAD 320034838729
BAD 320034838789
BAD 320270978647
BAD 320270978663
BAD 320270978669
BAD 320001548107
BAD 320035341853
BAD 320035341869
BAD 320035341889
BAD 320035539491
BAD 320035539493
BAD 320151983117
BAD 320151983119
BAD 320036024237
BAD 320036024239
BAD 320036024281
BAD 320036024317
BAD 320002210313
BAD 320002210321
BAD 320372182703
BAD 320020842109
BAD 320036352403
BAD 320036352407
BAD 320002550521
BAD 320036422897
BAD 320036422903
BAD 320168680151
BAD 320152615729
BAD 320152615733
BAD 320272325237
BAD 320272325239
BAD 320002980373
BAD 320272448123
BAD 320003096627
BAD 320003096629
BAD 320372926283
BAD 320003150351
BAD 320185841629
BAD 320022257521
BAD 320373382633
BAD 320373382643
BAD 320273344907
BAD 320153974201
BAD 320022919003
BAD 320038387859
BAD 320038387861
BAD 320038387871
BAD 320038387873
BAD 320154181327
BAD 320154181331
BAD 320023220893
BAD 320084513713
BAD 320004623243
BAD 320170428043
BAD 320004754193
BAD 320187698239
BAD 320274782623
BAD 320274782629
BAD 320005257023
BAD 320155130483
BAD 320201433319
BAD 320374540547
BAD 320374721543
BAD 320374721567
BAD 320201758049
BAD 320319391663
BAD 320253430043
BAD 320201758111
BAD 320253430051
BAD 320026580039
BAD 320040120121
BAD 320377387553
BAD 320201758117
BAD 320190016061
BAD 320086800133
BAD 320155776233
BAD 320340527513
BAD 320319391673
BAD 320276140003
BAD 320172092783
BAD 320006721571
BAD 320190016087
BAD 320276140007
BAD 320026817969
BAD 320190212917
BAD 320190212921
BAD 320253901637
BAD 320253901679
BAD 320172758483
BAD 320101832053
BAD 320087942539
BAD 320087942543
BAD 320203114339
BAD 320203114379
BAD 320203114381
BAD 320378700451
BAD 320173411549
BAD 320378700457
BAD 320191221533
BAD 320320744831
BAD 320041192847
BAD 320341864699
BAD 320008347889
BAD 320041192883
BAD 320008350601
BAD 320008401809
BAD 320203292089
BAD 320157420937
BAD 320157433307
BAD 320191537517
BAD 320041473751
BAD 320103075709
BAD 320089219039
BAD 320203906531
BAD 320174157323
BAD 320379411109
BAD 320278600613
BAD 320321551181
BAD 320321551183
BAD 320009419801
BAD 320278896697
BAD 320278896709
BAD 320278896739
BAD 320158628747
BAD 320158628749
BAD 320009599583
BAD 320159738377
BAD 320279569171
BAD 320343602023
BAD 320105298523
BAD 320044063709
BAD 320009599603
BAD 320159738399
BAD 320322404687
BAD 320204640403
BAD 320279569177
BAD 320159738401
BAD 320257386571
BAD 320009599607
BAD 320379795301
BAD 320105298533
BAD 320204640487
BAD 320175383141
BAD 320204640499
BAD 320044063711
BAD 320192616983
BAD 320044063721
BAD 320044063723
BAD 320257454857
BAD 320105485859
BAD 320105485877
BAD 320105485879
BAD 320105485901
BAD 320204896087
BAD 320160063841
BAD 320279796829
BAD 320094150707
BAD 320010019943
BAD 320279796841
BAD 320094150709
BAD 320257891441
BAD 320257891453
BAD 320193318961
BAD 320094294683
BAD 320105754239
BAD 320160676501
BAD 320010435053
BAD 320323671061
BAD 320381125133
BAD 320010634453
BAD 320194001531
BAD 320095017383
BAD 320381506691
BAD 320194264933
BAD 320194264939
BAD 320194636777
BAD 320106786179
BAD 320106786187
BAD 320106786203
BAD 320011488001
BAD 320382345977
BAD 320382345979
BAD 320011913183
BAD 320162339743
BAD 320162339747
BAD 320282139743
BAD 320013465559
BAD 320346151093
BAD 320178040823
BAD 320108821673
BAD 320383869203
BAD 320260235791
BAD 320197658983
BAD 320197694881
BAD 320327074693
BAD 320327074703
BAD 320327091529
BAD 320327091541
BAD 320048083819
BAD 320048083837
BAD 320098884421
BAD 320198153293
BAD 320198156623
BAD 320210085829
BAD 320210085841
BAD 320178758467
BAD 320048770849
BAD 320099608553
BAD 320283116459
BAD 320261148877
BAD 320179121239
BAD 320110085227
BAD 320165844941
BAD 320179239571
BAD 320179387403
BAD 320179387417
BAD 320100425773
BAD 320100425809
BAD 320049374699
BAD 320284020713
BAD 320100492967
BAD 320199425851
BAD 320179802543
BAD 320348541391
BAD 320349005419
BAD 320349005423
BAD 320167112723
BAD 320111413591
BAD 320167306523
BAD 320167306531
BAD 320111752789
BAD 320111752799
BAD 320111752801
BAD 320263280941
BAD 320200758859
BAD 320200758863
BAD 320200758893
BAD 320111936659
BAD 320111936663
BAD 320330487649
BAD 320113099193
BAD 320181944603
BAD 320113493129
BAD 320331429421
BAD 320331429433
BAD 320331656237
BAD 320352006649
BAD 320352074201
BAD 320214714979
BAD 320214715027
BAD 320214715031
BAD 320214715111
BAD 320115505949
BAD 320115505951
BAD 320115506101
BAD 320116445149
BAD 320266837873
BAD 320266837909
BAD 320267145907
BAD 320335471823
BAD 320136577259
BAD 320136577261
BAD 320137005031
BAD 320138656231
BAD 320138656241
BAD 320138656249
BAD 320139367523
BAD 320140889077
BAD 320141340853
BAD 320142360667
BAD 320142486661
BAD 320142486667
BAD 320142516653
BAD 320142558419
BAD 320143892179
BAD 320145030307
BAD 320145030311
BAD 320146252639
BAD 320146491391
BAD 320146491397
BAD 320146801759
BAD 320147280083
BAD 320149181783
BAD 320149375103
BAD 320149388243
BAD 320352646969
BAD 320150187757
BAD 320353356671
BAD 320353356679
BAD 320150380483
BAD 320354853811
BAD 320354888023
BAD 320303380073
BAD 320303380097
BAD 320303380099
BAD 320303380129
BAD 320303380153
BAD 320303596523
BAD 320355746471
BAD 320307490999
BAD 320307491003
BAD 320307539191
BAD 320307716723
BAD 320307716731
BAD 320360012123
BAD 320360012129
BAD 320310163051
BAD 320360012131
BAD 320310163057
BAD 320360592743
BAD 320311691911
BAD 320361288053
BAD 320361985093
BAD 320312539741
BAD 320314195343
BAD 320314379401
BAD 320315050219
BAD 320318350909
BAD 320318653111
BAD 320318653117
BAD 320318653133
BAD 320365065121
BAD 320367494039
BAD 320368100053
BAD 320368100057
BAD 320368388573
BAD 320470149949
BAD 320470442407
BAD 320472457847
BAD 320472457849
BAD 320472457853
BAD 320473362421
BAD 320474224373
BAD 320475627881
BAD 320475627883
BAD 320475935057
BAD 320475935069
BAD 320475935071
BAD 320476278061
BAD 320477115809
BAD 320477115811
BAD 320477327671
BAD 320477327683
BAD 320478710053
BAD 320478905671
BAD 320478905689
BAD 320478905693
BAD 320480200309
BAD 320420267483
BAD 320420924267
BAD 320420924269
BAD 320422282043
BAD 320423148263
BAD 320423148281
BAD 320423229461
BAD 320423229463
BAD 320423504987
BAD 320423504993
BAD 320425113959
BAD 320425113961
BAD 320426610661
BAD 320481005701
BAD 320481005723
BAD 320430643009
BAD 320483525837
BAD 320483525839
BAD 320431002713
BAD 320436597101
BAD 320504272091
BAD 320504311531
BAD 320505489061
BAD 320505489067
BAD 320432584583
BAD 320506115023
BAD 320433485653
BAD 320439023519
BAD 320439023521
BAD 320439094981
BAD 320433676373
BAD 320507378299
BAD 320434820389
BAD 320434820401
BAD 320434820483
BAD 320440240069
BAD 320435064569
BAD 320435065009
BAD 320508727501
BAD 320508727507
BAD 320508865661
BAD 320508865667
BAD 320508865669
BAD 320483914343
BAD 320483914349
BAD 320483914351
BAD 320484279937
BAD 320484279979
BAD 320485239037
BAD 320443591511
BAD 320443591513
BAD 320511936247
BAD 320443827413
BAD 320486301937
BAD 320445393539
BAD 320445565621
BAD 320514800017
BAD 320446791979
BAD 320446813403
BAD 320447087399
BAD 320515796207
BAD 320515796213
BAD 320515865149
BAD 320604395387
BAD 320604395389
BAD 320604395413
BAD 320604395437
BAD 320516236193
BAD 320516620771
BAD 320604851243
BAD 320448669641
BAD 320517387101
BAD 320517387103
BAD 320517464749
BAD 320517464753
BAD 320605857269
BAD 320518138349
BAD 320606668559
BAD 320606668561
BAD 320450904611
BAD 320451284449
BAD 320451284453
BAD 320607288229
BAD 320607357373
BAD 320452109191
BAD 320518419799
BAD 320608963489
BAD 320788907993
BAD 320788908001
BAD 320609152417
BAD 320609152421
BAD 320789081423
BAD 320789709523
BAD 320790408487
BAD 320520062327
BAD 320520062329
BAD 320520062333
BAD 320790798151
BAD 320611454549
BAD 320611885961
BAD 320792997533
BAD 320613223159
BAD 320613223163
BAD 320705782121
BAD 320794391041
BAD 320794413151
BAD 320794413157
BAD 320706471187
BAD 320615104787
BAD 320795920189
BAD 320615104793
BAD 320709713567
BAD 320709713603
BAD 320796263441
BAD 320796263443
BAD 320796442081
BAD 320711061133
BAD 320711061137
BAD 320711591069
BAD 320711591071
BAD 320711591077
BAD 320799644419
BAD 320618843453
BAD 320618843459
BAD 320715060527
BAD 320715060529
BAD 320404646521
BAD 320405080669
BAD 320716508401
BAD 320716508407
BAD 320405227507
BAD 320405227511
BAD 320803333471
BAD 320803351333
BAD 320716935151
BAD 320716955627
BAD 320716955633
BAD 320453537821
BAD 320406948259
BAD 320718107329
BAD 320407870493
BAD 320407937251
BAD 320407980799
BAD 320718752647
BAD 320718752659
BAD 320718753811
BAD 320455677601
BAD 320455873711
BAD 320456042741
BAD 320456042743
BAD 320456042749
BAD 320721183863
BAD 320457094723
BAD 320458069567
BAD 320458895321
BAD 320459046469
BAD 320459046473
BAD 320412633733
BAD 320412633773
BAD 320460376429
BAD 320414963509
BAD 320414963513
BAD 320414963521
BAD 320462258401
BAD 320462258453
BAD 320462401429
BAD 320462759093
BAD 320462759107
BAD 320415867001
BAD 320463739901
BAD 320464352191
BAD 320465103031
BAD 320419207279
BAD 320468807473
BAD 320688205613
BAD 320688342113
BAD 320688342119
BAD 320688342127
BAD 320690443951
BAD 320691409957
BAD 320691967199
BAD 320693539577
BAD 320693539583
BAD 320588448709
BAD 320695545353
BAD 320589948493
BAD 320695941367
BAD 320590663307
BAD 320590663313
BAD 320590729973
BAD 320637846349
BAD 320591799013
BAD 320639181347
BAD 320639181349
BAD 320639181371
BAD 320639278913
BAD 320697990887
BAD 320697990889
BAD 320697990901
BAD 320639386657
BAD 320537201851
BAD 320593142209
BAD 320593142213
BAD 320698358833
BAD 320593611521
BAD 320593611523
BAD 320673417331
BAD 320620889131
BAD 320621230549
BAD 320621719939
BAD 320621855599
BAD 320675821201
BAD 320771784821
BAD 320771784833
BAD 320654715323
BAD 320772071933
BAD 320596496851
BAD 320654979889
BAD 320655033739
BAD 320772692501
BAD 320701664401
BAD 320655848231
BAD 320655848239
BAD 320597632933
BAD 320643094271
BAD 320643094273
BAD 320571853519
BAD 320571853529
BAD 320571853531
BAD 320571853541
BAD 320773518187
BAD 320625403097
BAD 320677610137
BAD 320677791151
BAD 320599130507
BAD 320599130521
BAD 320657422157
BAD 320657422159
BAD 320678000081
BAD 320775099613
BAD 320678319133
BAD 320678319139
BAD 320627107543
BAD 320775532043
BAD 320644538807
BAD 320644538813
BAD 320738487169
BAD 320738628863
BAD 320644760179
BAD 320573952107
BAD 320573952109
BAD 320573952113
BAD 320721955249
BAD 320679163837
BAD 320776646341
BAD 320601375931
BAD 320659558369
BAD 320739688793
BAD 320628662443
BAD 320742001147
BAD 320647645067
BAD 320628662461
BAD 320544376993
BAD 320628662477
BAD 320602293139
BAD 320680559839
BAD 320703542009
BAD 320647645069
BAD 320724037831
BAD 320703542011
BAD 320602293149
BAD 320659695877
BAD 320703542017
BAD 320703542021
BAD 320703542023
BAD 320776799747
BAD 320680608407
BAD 320647691671
BAD 320544430867
BAD 320544430883
BAD 320724214519
BAD 320703881683
BAD 320724256991
BAD 320522506597
BAD 320522506621
BAD 320522642371
BAD 320545104731
BAD 320629186153
BAD 320629186159
BAD 320574700081
BAD 320661349681
BAD 320682034891
BAD 320574700111
BAD 320777618933
BAD 320743446403
BAD 320661349691
BAD 320574700123
BAD 320661366547
BAD 320682099841
BAD 320682099851
BAD 320682099853
BAD 320546878163
BAD 320546878207
BAD 320682397351
BAD 320575496503
BAD 320630652607
BAD 320650763269
BAD 320650763273
BAD 320650763299
BAD 320525710321
BAD 320683118491
BAD 320525767073
BAD 320632150373
BAD 320632150379
BAD 320548672799
BAD 320780048287
BAD 320780048291
BAD 320780193529
BAD 320726644873
BAD 320549602493
BAD 320527380053
BAD 320633246093
BAD 320527545439
BAD 320527681403
BAD 320527681421
BAD 320527681423
BAD 320747515247
BAD 320782193843
BAD 320579095073
BAD 320685127129
BAD 320727671111
BAD 320782665493
BAD 320550986083
BAD 320580162757
BAD 320728057343
BAD 320529667919
BAD 320529667921
BAD 320685986689
BAD 320685986693
BAD 320686052023
BAD 320634958681
BAD 320634958687
BAD 320634958703
BAD 320634958711
BAD 320750011243
BAD 320581154611
BAD 320686382257
BAD 320581390141
BAD 320728795217
BAD 320552835443
BAD 320581809451
BAD 320668347019
BAD 320753730259
BAD 320531372573
BAD 320686914143
BAD 320730285067
BAD 320753730281
BAD 320635744999
BAD 320635745011
BAD 320531423669
BAD 320553006503
BAD 320553006517
BAD 320668709419
BAD 320754510157
BAD 320754510161
BAD 320754510163
BAD 320731047881
BAD 320731047883
BAD 320668955521
BAD 320668955527
BAD 320731062439
BAD 320754681691
BAD 320532435523
BAD 320754956747
BAD 320754956749
BAD 320687864149
BAD 320532953677
BAD 320533079543
BAD 320583611659
BAD 320533241813
BAD 320584153501
BAD 320584294427
BAD 320533865747
BAD 320533865749
BAD 320733708091
BAD 320585949863
BAD 320586514543
BAD 320586514559
BAD 320586514561
BAD 320734748753
BAD 320735338723
BAD 320536430243
BAD 320536430251
BAD 320736198169
BAD 320737453549
BAD 320755318847
BAD 320756892307
BAD 320487123709
BAD 320487123713
BAD 320758003217
BAD 320758003219
BAD 320758827679
BAD 320758827689
BAD 320758827691
BAD 320488477373
BAD 320488477391
BAD 320488988161
BAD 320759782933
BAD 320759976269
BAD 320760500413
BAD 320760543379
BAD 320490989891
BAD 320490989893
BAD 320760937243
BAD 320760937247
BAD 320760937249
BAD 320760937253
BAD 320760944333
BAD 320760944341
BAD 320761149391
BAD 320492099131
BAD 320492157079
BAD 320492785577
BAD 320492785579
BAD 320492808991
BAD 320492808997
BAD 320492809003
BAD 320763820789
BAD 320497239631
BAD 320497239641
BAD 320497446211
BAD 320497571057
BAD 320497571059
BAD 320497861441
BAD 320767063459
BAD 320767420021
BAD 320770681313
BAD 320502720589
BAD 320554601813
BAD 320554601821
BAD 320554690241
BAD 320554690243
BAD 320555165407
BAD 320557193293
BAD 320557193321
BAD 320557193323
BAD 320557193329
BAD 320558815579
BAD 320558815583
BAD 320558815637
BAD 320558815639
BAD 320562539993
BAD 320563512121
BAD 320563512131
BAD 320563512133
BAD 320563512149
BAD 320563512151
BAD 320566474087
BAD 320568465887
BAD 320805366263
BAD 320807600033
BAD 320807600039
BAD 320807600041
BAD 320807893961
BAD 320807893963
BAD 320808187087
BAD 320810440813
BAD 320811002461
BAD 320811002467
BAD 320839814327
BAD 320811645023
BAD 320840337247
BAD 320840337253
BAD 320840718067
BAD 320812674257
BAD 320843015281
BAD 320843610289
BAD 320843967361
BAD 320843967371
BAD 320843967383
BAD 320815035259
BAD 320815298659
BAD 320815298663
BAD 320816977597
BAD 320845909231
BAD 320817346313
BAD 320817848867
BAD 320847227867
BAD 320818454701
BAD 320818454729
BAD 320818454731
BAD 320818495891
BAD 320818495967
BAD 320848280707
BAD 320848280713
BAD 320848280717
BAD 320848280719
BAD 320819995109
BAD 320849066459
BAD 320820354739
BAD 320852239339
BAD 320852239343
BAD 320852600801
BAD 320822675197
BAD 320822675203
BAD 320823426829
BAD 320824671289
BAD 320855034893
BAD 320855034901
BAD 320824729763
BAD 320824729789
BAD 320825309747
BAD 320855437691
BAD 320826468511
BAD 320829198203
BAD 320829576481
BAD 320829584323
BAD 320830128623
BAD 320830128629
BAD 320830585651
BAD 320831771047
BAD 320831900209
BAD 320833081759
BAD 320833081771
BAD 320833081783
BAD 320833476331
BAD 320835746771
BAD 320835746773
BAD 320836954793
BAD 320837029241
BAD 320837029243
BAD 320889735031
BAD 320891286383
BAD 320891802809
BAD 320893545551
BAD 320893839001
BAD 320893966163
BAD 320898950639
BAD 320898950641
BAD 320899017463
BAD 320906042147
BAD 320906592107
BAD 320906592109
BAD 320906672633
BAD 320900160739
BAD 320900838187
BAD 320901704741
BAD 320901704743
BAD 320902083487
BAD 320902246633
BAD 320908693871
BAD 320908693873
BAD 320908693877
BAD 320908693879
BAD 320908715993
BAD 320908716001
BAD 320875339699
BAD 320875339703
BAD 320875339717
BAD 320909580829
BAD 320909580899
BAD 320875748131
BAD 320875757443
BAD 320909734339
BAD 320909734393
BAD 320910169399
BAD 320910169429
BAD 320910208141
BAD 320910727831
BAD 320910727847
BAD 320912034371
BAD 320912034383
BAD 320912624209
BAD 320903806583
BAD 320879838511
BAD 320880060937
BAD 320904139189
BAD 320904782909
BAD 320904782911
BAD 320905129771
BAD 320905129777
BAD 320905839013
BAD 320882352613
BAD 320882967529
BAD 320883382357
BAD 320915333287
BAD 320915333293
BAD 320915333303
BAD 320915549753
BAD 320916021091
BAD 320888462863
BAD 320888462903
BAD 320916887597
BAD 320917216771
BAD 320917216777
BAD 320919754069
BAD 320919754073
BAD 320921326741
BAD 320922432239
BAD 320922432263
BAD 320922432269
BAD 321160016357
BAD 321160016363
BAD 321161158639
BAD 321161216983
BAD 321161216989
BAD 321163119323
BAD 321163594733
BAD 321163894019
BAD 321163894021
BAD 321166527049
BAD 321167020021
BAD 321170117119
BAD 320859771371
BAD 320859771373
BAD 321172227247
BAD 321173598751
BAD 321173598763
BAD 321173845103
BAD 320863147993
BAD 320863644889
BAD 320922811067
BAD 320922811109
BAD 320922811171
BAD 320864272921
BAD 320864272943
BAD 320864692177
BAD 320864692189
BAD 320865062593
BAD 320866098811
BAD 320925577837
BAD 320925577883
BAD 320925577963
BAD 320926536277
BAD 320926536283
BAD 320927489893
BAD 320927489903
BAD 320928109043
BAD 320929186663
BAD 320929194361
BAD 320929194371
BAD 320929194373
BAD 320929403761
BAD 320929906613
BAD 320929984033
BAD 320932497667
BAD 320932497671
BAD 320933298487
BAD 320933298493
BAD 320933298563
BAD 320933298577
BAD 320933298583
BAD 320934368107
BAD 320934368113
BAD 320934368119
BAD 320934509123
BAD 320936061203
BAD 320936061209
BAD 320936061211
BAD 320936061221
BAD 320936061223
BAD 320936061227
BAD 320937790567
BAD 320937790573
BAD 320938197809
BAD 320973141109
BAD 320973141113
BAD 320973141133
BAD 321040199771
BAD 321040199773
BAD 321040322833
BAD 321040322839
BAD 321040348841
BAD 320974154581
BAD 320974403489
BAD 321043389991
BAD 320976167599
BAD 320976239333
BAD 321044527717
BAD 321047029553
BAD 321047280751
BAD 321057365777
BAD 321057365779
BAD 321124126439
BAD 321124126441
BAD 321047518511
BAD 321047518513
BAD 321047847979
BAD 321124920709
BAD 321048015227
BAD 321048015229
BAD 321125077433
BAD 320958876241
BAD 320990819353
BAD 320959072403
BAD 320959072411
BAD 320959384351
BAD 320959858133
BAD 321049374229
BAD 321108190703
BAD 320993090881
BAD 321108300379
BAD 320993390723
BAD 320993427037
BAD 321050483057
BAD 320993996173
BAD 321109305331
BAD 321109305337
BAD 320979152731
BAD 320994442267
BAD 320994442271
BAD 320981411147
BAD 320996889559
BAD 321178022713
BAD 321007364473
BAD 321007364477
BAD 321007364479
BAD 320963818111
BAD 321007727251
BAD 321065345483
BAD 320982624223
BAD 321065662037
BAD 321065662039
BAD 320998510643
BAD 321066069029
BAD 321066069031
BAD 321131246651
BAD 321066313591
BAD 320998852283
BAD 321008341163
BAD 321008341193
BAD 320999006039
BAD 321131718227
BAD 321131718233
BAD 321131718247
BAD 320964476093
BAD 320964476099
BAD 321066894821
BAD 320983758167
BAD 320983758169
BAD 321114696803
BAD 321009360631
BAD 321076972009
BAD 321135029029
BAD 321069252503
BAD 321141119113
BAD 321009360649
BAD 321180969803
BAD 321024976253
BAD 321050946707
BAD 320967776959
BAD 321009360653
BAD 321050946709
BAD 321076998043
BAD 321069456553
BAD 321001955137
BAD 321001955143
BAD 321141724381
BAD 321069778123
BAD 321077663719
BAD 321077663723
BAD 321115155211
BAD 321115155271
BAD 321025724869
BAD 321025724881
BAD 321009794641
BAD 321077818807
BAD 321077818813
BAD 321141998173
BAD 321115257601
BAD 321002478967
BAD 320985793027
BAD 321144121231
BAD 321011182279
BAD 321002478977
BAD 321070186651
BAD 320968233433
BAD 321011182301
BAD 321182121773
BAD 321027996391
BAD 320968233437
BAD 321078301279
BAD 321117908269
BAD 321078369637
BAD 321052168433
BAD 321028391741
BAD 321070583063
BAD 321028527103
BAD 321118375189
BAD 320986541713
BAD 320986541717
BAD 320986541719
BAD 320986541723
BAD 321011634623
BAD 321011634631
BAD 321145031203
BAD 321145031323
BAD 321183032789
BAD 321183032791
BAD 321011829253
BAD 321029044159
BAD 321029044163
BAD 321053650903
BAD 321136253041
BAD 321184901431
BAD 321073280351
BAD 321080260883
BAD 321146582039
BAD 321136253077
BAD 320969451533
BAD 320987786689
BAD 321146582041
BAD 321053808437
BAD 321053808443
BAD 321014291603
BAD 321014298727
BAD 321080441333
BAD 320988025559
BAD 320988025583
BAD 321073738189
BAD 321003513329
BAD 321003513331
BAD 321147150871
BAD 321054479279
BAD 321054479281
BAD 321185675353
BAD 321185675359
BAD 321014722529
BAD 321121647019
BAD 320970798839
BAD 321121846327
BAD 321055720423
BAD 321186836363
BAD 321186836371
BAD 321138343579
BAD 321186868007
BAD 321187133951
BAD 321149230937
BAD 321187255903
BAD 321005469613
BAD 321030664583
BAD 321030664589
BAD 321030664627
BAD 321139663303
BAD 321031566421
BAD 321031566431
BAD 321031566433
BAD 321188053699
BAD 321188053709
BAD 321188053723
BAD 321150549157
BAD 321150549163
BAD 321150549199
BAD 321150549229
BAD 321032249737
BAD 321032432509
BAD 321188716531
BAD 321151075793
BAD 321032667883
BAD 321032667887
BAD 321032667889
BAD 321032667929
BAD 321032667931
BAD 321084448793
BAD 321189729733
BAD 321189729743
BAD 321085271753
BAD 321018444151
BAD 321190980991
BAD 321018567517
BAD 321018567521
BAD 321018567523
BAD 321034216189
BAD 321034216193
BAD 321034216199
BAD 321034216201
BAD 321086108053
BAD 321034639831
BAD 321034639907
BAD 321034639909
BAD 321034956511
BAD 321153710659
BAD 321153710671
BAD 321153863593
BAD 321153863599
BAD 321153863609
BAD 321035590261
BAD 321087222151
BAD 321035776153
BAD 321036273557
BAD 321155080429
BAD 321088243283
BAD 321155392741
BAD 321088486319
BAD 321088486321
BAD 321088787489
BAD 321088787491
BAD 321156172009
BAD 321022685623
BAD 321039477827
BAD 321039477853
BAD 321092092639
BAD 321092673841
BAD 320940097351
BAD 320941987297
BAD 320941987313
BAD 320944483829
BAD 321096527137
BAD 320945611703
BAD 321096669469
BAD 320945746313
BAD 320947588981
BAD 321098336903
BAD 321098613401
BAD 320949808813
BAD 321100779319
BAD 320951477159
BAD 320951582267
BAD 320951582269
BAD 321103414189
BAD 320954141663
BAD 321104343253
BAD 321104343257
BAD 321105867083
BAD 321106781011
BAD 321106781033
BAD 321191331623
BAD 321191331653
BAD 321191925661
BAD 321198787841
BAD 321198787843
BAD 321198924049
BAD 321199489889
BAD 321199651489
BAD 321199651501
BAD 321200975609
BAD 321200975611
BAD 321204119213
BAD 321204650033
BAD 321204858151
BAD 321206559703
BAD 321207845407
BAD 321208703177
BAD 321208703203
BAD 321208850551
BAD 321210891931
BAD 321210892031
BAD 321210892033
BAD 321212395969
BAD 321212532209
BAD 321212532211
BAD 321212532217
BAD 321213201583
BAD 321213844351
BAD 321214939063
BAD 321225429199
BAD 321225644981
BAD 321225644983
BAD 321225645001
BAD 321216732533
BAD 321226478999
BAD 321226479001
BAD 321226872623
BAD 321228012121
BAD 321228054503
BAD 321228054527
BAD 321228054529
BAD 321228054533
BAD 321219789259
BAD 321220280707
BAD 321220877239
BAD 321221035207
BAD 321230491249
BAD 321221617039
BAD 321242429479
BAD 321231171593
BAD 321231171601
BAD 321242869039
BAD 321242869043
BAD 321243248569
BAD 321231734143
BAD 321231922589
BAD 321231922591
BAD 321246261443
BAD 321246261481
BAD 321233291153
BAD 321246880463
BAD 321246880489
BAD 321233868409
BAD 321247330433
BAD 321235345043
BAD 321235345049
BAD 321235345051
BAD 321249367177
BAD 321235999657
BAD 321236807897
BAD 321250680719
BAD 321236983909
BAD 321236983913
BAD 321221881931
BAD 321221881933
BAD 321222419591
BAD 321222419593
BAD 321251914369
BAD 321251995793
BAD 321222710141
BAD 321222710143
BAD 321253406063
BAD 321254399629
BAD 321254399633
BAD 321254741551
BAD 321254780929
BAD 321255134177
BAD 321256273193
BAD 321256273207
BAD 321256273211
BAD 321256273213
BAD 321238338193
BAD 321238338199
BAD 321238338203
BAD 321238338217
BAD 321277818583
BAD 321277818593
BAD 321278422211
BAD 321278569849
BAD 321278569853
BAD 321279003049
BAD 321279003053
BAD 321258322403
BAD 321259712387
BAD 321282108779
BAD 321282223127
BAD 321282223133
BAD 321282223147
BAD 321282223193
BAD 321260854147
BAD 321260854163
BAD 321261591037
BAD 321284112683
BAD 321284325161
BAD 321284325163
BAD 321262956967
BAD 321262956997
BAD 321284926553
BAD 321262957003
BAD 321263362009
BAD 321287244077
BAD 321287244079
BAD 321266882779
BAD 321266957783
BAD 321290703689
BAD 321290880247
BAD 321290880283
BAD 321272530939
BAD 321272733323
BAD 321273909899
BAD 321292830967
BAD 321292830979
BAD 321299311561
BAD 321299611561
BAD 321301961767
BAD 321304479257
BAD 321304479259
BAD 321307081243
BAD 321307956647
BAD 321308442757
BAD 321309443393
BAD 321310327147
BAD 321310327183
BAD 321310496963
BAD 321480202717
BAD 321312902191
BAD 321313521539
BAD 321313521541
BAD 321483157999
BAD 321315355483
BAD 321315625651
BAD 321316278797
BAD 321316278799
BAD 321317414773
BAD 321488597839
BAD 321318123821
BAD 321318123823
BAD 321318515633
BAD 321318515641
BAD 321490746053
BAD 321320194847
BAD 321320194849
BAD 321320611849
BAD 321322389197
BAD 321324727681
BAD 321324747287
BAD 321325507873
BAD 321329979953
BAD 321331976701
BAD 321332506207
BAD 321332506217
BAD 321332506219
BAD 321333111613
BAD 321578105347
BAD 321578105351
BAD 321578105353
BAD 321578996183
BAD 321339288313
BAD 321339288317
BAD 321340080563
BAD 321340080569
BAD 321340080571
BAD 321340080583
BAD 321581359291
BAD 321581359303
BAD 321582154213
BAD 321426716231
BAD 321341124197
BAD 321341124199
BAD 321427220599
BAD 321584218583
BAD 321584218621
BAD 321584796839
BAD 321428749883
BAD 321429794941
BAD 321429795133
BAD 321394503109
BAD 321395415413
BAD 321430806601
BAD 321431491153
BAD 321396501799
BAD 321431585261
BAD 321431585263
BAD 321543634831
BAD 321589028027
BAD 321589028029
BAD 321589028053
BAD 321432296099
BAD 321359862401
BAD 321359862409
BAD 321589492843
BAD 321360572347
BAD 321360572353
BAD 321545593711
BAD 321545815313
BAD 321545815319
BAD 321545815321
BAD 321546086297
BAD 321546086299
BAD 321398750423
BAD 321594319591
BAD 321547171537
BAD 321594518363
BAD 321363267167
BAD 321400422653
BAD 321400438789
BAD 321363610643
BAD 321436030529
BAD 321436030543
BAD 321436289903
BAD 321595154479
BAD 321364078657
BAD 321548675221
BAD 321548675243
BAD 321436855483
BAD 321436855489
BAD 321436855499
BAD 321364870481
BAD 321548984017
BAD 321364870483
BAD 321402870727
BAD 321436855501
BAD 321436855507
BAD 321596448293
BAD 321549048901
BAD 321549048943
BAD 321549048949
BAD 321403372627
BAD 321403567819
BAD 321365709389
BAD 321365709391
BAD 321365709563
BAD 321365709569
BAD 321365709571
BAD 321365984113
BAD 321597393289
BAD 321597393329
BAD 321404453743
BAD 321404453759
BAD 321550611713
BAD 321550611721
BAD 321405472189
BAD 321405472231
BAD 321551572429
BAD 321495430141
BAD 321439076633
BAD 321367909021
BAD 321510032539
BAD 321510032609
BAD 321510032611
BAD 321510179989
BAD 321368396959
BAD 321461658953
BAD 321443257183
BAD 321443257189
BAD 321368533177
BAD 321527724031
BAD 321496717481
BAD 321527837051
BAD 321527837053
BAD 321407115067
BAD 321410255437
BAD 321410255447
BAD 321410255449
BAD 321511297007
BAD 321440911291
BAD 321440911313
BAD 321528221659
BAD 321462279989
BAD 321462416467
BAD 321497622631
BAD 321554619167
BAD 321554619173
BAD 321554981107
BAD 321529558039
BAD 321342245251
BAD 321342444209
BAD 321412483163
BAD 321342444211
BAD 321512509159
BAD 321530000179
BAD 321342444217
BAD 321371685157
BAD 321445897471
BAD 321555896161
BAD 321342444233
BAD 321512509193
BAD 321342520129
BAD 321342596513
BAD 321342612979
BAD 321465010753
BAD 321446528353
BAD 321530720851
BAD 321603150413
BAD 321343278653
BAD 321513448717
BAD 321513448771
BAD 321531052441
BAD 321531052463
BAD 321513615517
BAD 321513615529
BAD 321343522309
BAD 321343567429
BAD 321603490951
BAD 321557150699
BAD 321557150701
BAD 321343714673
BAD 321557283349
BAD 321514018549
BAD 321531356317
BAD 321603632899
BAD 321501282259
BAD 321514218527
BAD 321514218533
BAD 321343896403
BAD 321343902017
BAD 321560411747
BAD 321560411749
BAD 321344105783
BAD 321531898673
BAD 321466199839
BAD 321466242143
BAD 321374211083
BAD 321604308503
BAD 321604308511
BAD 321604377019
BAD 321344438651
BAD 321604398701
BAD 321344654593
BAD 321344654599
BAD 321532761379
BAD 321532761383
BAD 321515463953
BAD 321515463961
BAD 321415583339
BAD 321415583341
BAD 321415583353
BAD 321515659357
BAD 321503200951
BAD 321532906073
BAD 321344899523
BAD 321558560053
BAD 321562276207
BAD 321562286453
BAD 321562286467
BAD 321415673093
BAD 321345067093
BAD 321345067097
BAD 321345067193
BAD 321515873603
BAD 321558938539
BAD 321605952301
BAD 321562757161
BAD 321562757167
BAD 321562757171
BAD 321345345793
BAD 321503642179
BAD 321345430591
BAD 321606215941
BAD 321533806949
BAD 321606743989
BAD 321606743993
BAD 321451109201
BAD 321560115659
BAD 321534407693
BAD 321504449197
BAD 321504449237
BAD 321517403509
BAD 321607397273
BAD 321534836149
BAD 321517403591
BAD 321517403593
BAD 321418034363
BAD 321346846367
BAD 321346846369
BAD 321535618169
BAD 321535618171
BAD 321375875071
BAD 321375904771
BAD 321347222683
BAD 321609137519
BAD 321536516003
BAD 321536895971
BAD 321519886783
BAD 321348248603
BAD 321454834643
BAD 321537566881
BAD 321566976617
BAD 321567653699
BAD 321520866203
BAD 321520866211
BAD 321567704827
BAD 321421207631
BAD 321421207633
BAD 321520981813
BAD 321472657579
BAD 321421614853
BAD 321421615303
BAD 321539208943
BAD 321539208983
BAD 321568513117
BAD 321378478739
BAD 321378478741
BAD 321378478753
BAD 321473449951
BAD 321456872189
BAD 321456872203
BAD 321539640203
BAD 321378797723
BAD 321522861139
BAD 321422900899
BAD 321458024287
BAD 321458024291
BAD 321380124323
BAD 321569698789
BAD 321524092891
BAD 321541153963
BAD 321541153987
BAD 321569886353
BAD 321569925739
BAD 321569925767
BAD 321524410327
BAD 321524410331
BAD 321541475009
BAD 321541475011
BAD 321541475083
BAD 321380959369
BAD 321459054899
BAD 321459054901
BAD 321459126301
BAD 321570437759
BAD 321570437761
BAD 321459337697
BAD 321459337699
BAD 321542464471
BAD 321526123741
BAD 321526294787
BAD 321526294813
BAD 321353499853
BAD 321353499889
BAD 321353499893
BAD 321543129517
BAD 321543129521
BAD 321382573249
BAD 321526558139
BAD 321526558141
BAD 321543311423
BAD 321543311461
BAD 321543484459
BAD 321571636861
BAD 321354407453
BAD 321383486341
BAD 321572006473
BAD 321572006479
BAD 321572043713
BAD 321572043743
BAD 321355170527
BAD 321355170541
BAD 321384413599
BAD 321384924319
BAD 321385413413
BAD 321573292673
BAD 321573889591
BAD 321356963933
BAD 321387029683
BAD 321387823069
BAD 321387823073
BAD 321389733271
BAD 321389733283
BAD 321389733289
BAD 321391513543
BAD 321392247403
BAD 321679291897
BAD 321680313349
BAD 321682446601
BAD 321683026109
BAD 321683026111
BAD 321683257607
BAD 321683615179
BAD 321683643181
BAD 321683643187
BAD 321684703147
BAD 321686019169
BAD 321686019173
BAD 321628178819
BAD 321628178821
BAD 321686490997
BAD 321686491001
BAD 321629596243
BAD 321686491003
BAD 321611886173
BAD 321611886179
BAD 321611886181
BAD 321631154989
BAD 321613422569
BAD 321631954201
BAD 321689687849
BAD 321690249053
BAD 321614682569
BAD 321634041637
BAD 321634041647
BAD 321634041649
BAD 321615663619
BAD 321615663623
BAD 321617086897
BAD 321638341909
BAD 321618459829
BAD 321619041229
BAD 321639411113
BAD 321639411173
BAD 321639411199
BAD 321639411217
BAD 321639411227
BAD 321639411229
BAD 321692213047
BAD 321620311429
BAD 321620724683
BAD 321641430967
BAD 321644620967
BAD 321641626897
BAD 321644682091
BAD 321644682097
BAD 321644682103
BAD 321644813473
BAD 321644813509
BAD 321644813513
BAD 321642894121
BAD 321642894127
BAD 321623620133
BAD 321645524611
BAD 321643098001
BAD 321643316557
BAD 321643474829
BAD 321643487071
BAD 321646747243
BAD 321625821403
BAD 321647982037
BAD 321650622661
BAD 321652823977
BAD 321652823983
BAD 321652861433
BAD 321652861477
BAD 321663420541
BAD 321663471653
BAD 321663566989
BAD 321655309841
BAD 321699664843
BAD 321666716533
BAD 321700849669
BAD 321658095071
BAD 321667197547
BAD 321667197587
BAD 321667197589
BAD 321667197601
BAD 321659328959
BAD 321659328961
BAD 321659585647
BAD 321667854601
BAD 321667854611
BAD 321668091449
BAD 321704159941
BAD 321705469103
BAD 321672463051
BAD 321672463067
BAD 321672463069
BAD 321672502531
BAD 321672702193
BAD 321673569709
BAD 321673569719
BAD 321708815773
BAD 321709064167
BAD 321673959853
BAD 321709167193
BAD 321674229749
BAD 321674229757
BAD 321674366527
BAD 321674772073
BAD 321675565417
BAD 321712694609
BAD 321712843853
BAD 321712849603
BAD 321713068493
BAD 321714565981
BAD 321714744851
BAD 321714744853
BAD 321714744893
BAD 321717613859
BAD 321721045441
BAD 321723643991
BAD 321723643993
BAD 321724916449
BAD 321724916453
BAD 321724989083
BAD 321725576047
BAD 321725924521
BAD 321726431263
BAD 321727163911
BAD 321762608023
BAD 321764961503
BAD 321766600093
BAD 321766600097
BAD 321767262569
BAD 321769306153
BAD 321769306163
BAD 321769306169
BAD 321769495651
BAD 321770137127
BAD 321771064889
BAD 321771064891
BAD 321771064897
BAD 321775875803
BAD 321777683813
BAD 321777791117
BAD 321777791119
BAD 321777791149
BAD 321980007001
BAD 321980007007
BAD 321980657423
BAD 321980657431
BAD 321980714791
BAD 321981094979
BAD 321981951563
BAD 321981983867
BAD 321982191259
BAD 321982191263
BAD 321983911681
BAD 321983911687
BAD 321983911693
BAD 321984911903
BAD 321985962671
BAD 321986599591
BAD 321988049129
BAD 321988548199
BAD 321991318157
BAD 321993719783
BAD 321994946633
BAD 321996111403
BAD 321996111407
BAD 321728389013
BAD 321728631247
BAD 321728631253
BAD 321729879859
BAD 321730744823
BAD 321730884043
BAD 321897342911
BAD 321897529097
BAD 321946218359
BAD 321946218361
BAD 321946831519
BAD 321965369101
BAD 321899283019
BAD 321947708113
BAD 321947708119
BAD 321900623221
BAD 321949166963
BAD 321901799971
BAD 321901799977
BAD 321902593787
BAD 321902968279
BAD 321969509971
BAD 321969579949
BAD 321951297713
BAD 321951297719
BAD 321951297721
BAD 321951297749
BAD 321951297751
BAD 321862578413
BAD 321862578419
BAD 321862578421
BAD 321970952629
BAD 321906767123
BAD 321862578437
BAD 321916749643
BAD 321862578439
BAD 321880276493
BAD 321951685831
BAD 321880276499
BAD 321847093903
BAD 321748041221
BAD 321906767293
BAD 321916843921
BAD 321951754417
BAD 321880433527
BAD 321880433551
BAD 321862753283
BAD 321880985033
BAD 321880985039
BAD 321881297657
BAD 321881297659
BAD 321863146613
BAD 321881358229
BAD 321881444641
BAD 321998370937
BAD 321998370949
BAD 321848322623
BAD 321929643319
BAD 321881651981
BAD 321971892223
BAD 321971945761
BAD 321998724799
BAD 321952758797
BAD 321971945783
BAD 321849298429
BAD 321953360413
BAD 321930639313
BAD 321930925543
BAD 321850177223
BAD 321954408409
BAD 321954408431
BAD 321954408467
BAD 321931747133
BAD 322000655131
BAD 321864775877
BAD 321864775879
BAD 322000863661
BAD 321920838697
BAD 321920838713
BAD 321911154613
BAD 321865370033
BAD 321932305243
BAD 321932305249
BAD 321796085371
BAD 321796085383
BAD 321796085467
BAD 321812847859
BAD 321956082199
BAD 321973605953
BAD 321973605979
BAD 321973605983
BAD 321912149371
BAD 321973606001
BAD 321973606043
BAD 322002339443
BAD 321932822551
BAD 321780525301
BAD 321780525323
BAD 321780525371
BAD 321973946003
BAD 321780801751
BAD 321923237819
BAD 321923237821
BAD 321923237827
BAD 321923237851
BAD 321814036639
BAD 321753732161
BAD 321753732163
BAD 321753732173
BAD 321974505781
BAD 321957109153
BAD 321733924241
BAD 321733924243
BAD 321781912399
BAD 322004115889
BAD 321924553529
BAD 321924553549
BAD 321924553579
BAD 322004285257
BAD 321854019317
BAD 322004285261
BAD 321934946387
BAD 321782190143
BAD 321934946429
BAD 321782190151
BAD 321782190157
BAD 321957550591
BAD 321887861599
BAD 321935195971
BAD 321782631463
BAD 321755002663
BAD 321755049709
BAD 321755049713
BAD 321925875883
BAD 321925875889
BAD 321798973073
BAD 321798982457
BAD 321958149833
BAD 321936157733
BAD 321936274921
BAD 321799401643
BAD 321783304621
BAD 321926677349
BAD 321926677351
BAD 321755951791
BAD 321799460417
BAD 321799460419
BAD 321926997169
BAD 321889545233
BAD 321735522113
BAD 321815964763
BAD 321959797499
BAD 321937589117
BAD 321890578043
BAD 321756965623
BAD 321783941753
BAD 321937589119
BAD 321959797501
BAD 321735744179
BAD 321871341229
BAD 321735744181
BAD 321800910271
BAD 321800944441
BAD 321784017091
BAD 321816259943
BAD 322007626261
BAD 321757266319
BAD 321938167883
BAD 321816599989
BAD 321736226111
BAD 321736226113
BAD 321736226117
BAD 321891764221
BAD 321960580489
BAD 321960580493
BAD 321817193051
BAD 321817193053
BAD 321817193059
BAD 321817193063
BAD 321872995429
BAD 321873232883
BAD 321859308091
BAD 321818605159
BAD 321893486843
BAD 321893486851
BAD 321803701073
BAD 321962273473
BAD 321962273497
BAD 321962273509
BAD 321962273513
BAD 321759102593
BAD 321803922509
BAD 321803922511
BAD 321803922527
BAD 321803922529
BAD 321737636351
BAD 321759220619
BAD 321759220621
BAD 321940970213
BAD 321819086599
BAD 321819092599
BAD 321787175131
BAD 321787175141
BAD 321941228533
BAD 321962737429
BAD 321962737433
BAD 321941342563
BAD 321787386031
BAD 321787386043
BAD 321787386049
BAD 321787386059
BAD 321978895111
BAD 321873957787
BAD 321787386061
BAD 321760115539
BAD 321787690207
BAD 321894514321
BAD 321760371817
BAD 321942254617
BAD 322012124389
BAD 321788438317
BAD 321788438329
BAD 321788456839
BAD 322012314199
BAD 321942612269
BAD 321942853493
BAD 321943259137
BAD 321821420273
BAD 321875954989
BAD 321875955001
BAD 321876039871
BAD 321821889379
BAD 321821889383
BAD 321821889391
BAD 321821889397
BAD 321821952943
BAD 321740270273
BAD 321740270287
BAD 321834251341
BAD 321877502341
BAD 321877637789
BAD 321822959309
BAD 321945461953
BAD 321835648373
BAD 321835648397
BAD 321835648399
BAD 321835739279
BAD 321835739293
BAD 321823615523
BAD 321836005081
BAD 321742212739
BAD 321837179239
BAD 321837179249
BAD 321837461689
BAD 321809925491
BAD 321809925497
BAD 321809925499
BAD 321794276239
BAD 321794276249
BAD 321839596553
BAD 321744353401
BAD 321826942373
BAD 321828253339
BAD 321828253343
BAD 321842237401
BAD 321842237407
BAD 321842737369
BAD 321842737373
BAD 321842935261
BAD 321842935343
BAD 321844415707
BAD 321844415713
BAD 322081325879
BAD 322081795333
BAD 322081795339
BAD 322049489873
BAD 322085595883
BAD 322086000893
BAD 322052377573
BAD 322052377579
BAD 322052377583
BAD 322053324979
BAD 322089687407
BAD 322089687433
BAD 322057635569
BAD 322058033081
BAD 322058033083
BAD 322093327403
BAD 322093327421
BAD 322094133841
BAD 322061871259
BAD 322061871283
BAD 322062203101
BAD 322062203107
BAD 322096898437
BAD 322096898447
BAD 322096898449
BAD 322096898467
BAD 322017254479
BAD 322017254483
BAD 322020794629
BAD 322020794633
BAD 322021335413
BAD 322022926553
BAD 322023898069
BAD 322023898073
BAD 322025233051
BAD 322025233069
BAD 322026060641
BAD 322026060691
BAD 322063877021
BAD 322064555177
BAD 322064798071
BAD 322027374677
BAD 322027374679
BAD 322065936721
BAD 322065936727
BAD 322065936737
BAD 322066660309
BAD 322066660313
BAD 322066786477
BAD 322066842497
BAD 322067589793
BAD 322067589799
BAD 322067589803
BAD 322069556143
BAD 322069881493
BAD 322071280051
BAD 322072149281
BAD 322072149283
BAD 322028895593
BAD 322028895763
BAD 322072760629
BAD 322028895767
BAD 322028895787
BAD 322029934111
BAD 322030015999
BAD 322073982017
BAD 322097311369
BAD 322074480887
BAD 322074583153
BAD 322074583157
BAD 322074583163
BAD 322074583183
BAD 322099247861
BAD 322099247863
BAD 322099247903
BAD 322099247909
BAD 322099906879
BAD 322102628227
BAD 322079935453
BAD 322080074881
BAD 322031676409
BAD 322105513511
BAD 322105661519
BAD 322105802443
BAD 322106556743
BAD 322035856073
BAD 322109341193
BAD 322109717249
BAD 322109717263
BAD 322109717269
BAD 322109717273
BAD 322110000143
BAD 322110000151
BAD 322110663967
BAD 322039065407
BAD 322111009273
BAD 322111009277
BAD 322111009279
BAD 322112096353
BAD 322041823093
BAD 322042800203
BAD 322043623849
BAD 322045221403
BAD 322115785021
BAD 322115785031
BAD 322115785037
BAD 322115785039
BAD 322117217753
BAD 322117577801
BAD 322117577809
BAD 322117846247
BAD 322117846249
BAD 322117846261
BAD 322119004079
BAD 322119508427
BAD 322119508429
BAD 322121953771
BAD 322121953781
BAD 322123763737
BAD 322125977869
BAD 322125977879
BAD 322126447483
BAD 322126447493
BAD 322130703007
BAD 322147951093
BAD 322148624011
BAD 322150351531
BAD 322153552103
BAD 322153552141
BAD 322155819803
BAD 322155819809
BAD 322155819859
BAD 322155819863
BAD 322157979607
BAD 322158639941
BAD 322159402237
BAD 322160957273
BAD 322160957281
BAD 322162815647
BAD 322162815649
BAD 322164036661
BAD 322233554119
BAD 322233559763
BAD 322233599113
BAD 322234882493
BAD 322235185357
BAD 322235185361
BAD 322235831389
BAD 322236582029
BAD 322237049887
BAD 322237151113
BAD 322237151123
BAD 322237704541
BAD 322239017329
BAD 322239017333
BAD 322240217161
BAD 322416306661
BAD 322417560889
BAD 322417560893
BAD 322417560901
BAD 322242263269
BAD 322132915553
BAD 322132958723
BAD 322433197873
BAD 322433501867
BAD 322433501869
BAD 322366381133
BAD 322366601033
BAD 322435241543
BAD 322435241551
BAD 322435241561
BAD 322435241563
BAD 322136313509
BAD 322436479201
BAD 322436479213
BAD 322369229873
BAD 322137623011
BAD 322137776251
BAD 322137776263
BAD 322244829773
BAD 322199016443
BAD 322370018221
BAD 322199504423
BAD 322370218367
BAD 322370218369
BAD 322438300073
BAD 322438300081
BAD 322426060981
BAD 322370630311
BAD 322370630333
BAD 322246234669
BAD 322371366181
BAD 322371366263
BAD 322246340267
BAD 322246340323
BAD 322246340341
BAD 322371814231
BAD 322371865603
BAD 322371865639
BAD 322246783631
BAD 322246783633
BAD 322428421981
BAD 322428421999
BAD 322372310371
BAD 322247330987
BAD 322247330989
BAD 322372686697
BAD 322372686703
BAD 322203598267
BAD 322203598271
BAD 322373304181
BAD 322204389467
BAD 322442312657
BAD 322138724503
BAD 322138724507
BAD 322138724513
BAD 322138724519
BAD 322138724521
BAD 322139166991
BAD 322205044309
BAD 322205396119
BAD 322205396143
BAD 322205396147
BAD 322374850643
BAD 322205729473
BAD 322375648423
BAD 322206530881
BAD 322444866871
BAD 322206931037
BAD 322141324787
BAD 322141324789
BAD 322141324793
BAD 322141404769
BAD 322141404803
BAD 322141548959
BAD 322141548961
BAD 322141575139
BAD 322141848131
BAD 322430201713
BAD 322142048387
BAD 322142048401
BAD 322164431923
BAD 322430491267
BAD 322430491289
BAD 322430634377
BAD 322430634397
BAD 322430634401
BAD 322430634403
BAD 322208510287
BAD 322208510317
BAD 322208510321
BAD 322430871023
BAD 322430871041
BAD 322208626153
BAD 322447495969
BAD 322209374821
BAD 322209374827
BAD 322447783201
BAD 322165749481
BAD 322143513851
BAD 322432112941
BAD 322448600693
BAD 322448600701
BAD 322448600707
BAD 322448600711
BAD 322210274279
BAD 322448667719
BAD 322448667721
BAD 322448741149
BAD 322210714333
BAD 322210740967
BAD 322377414511
BAD 322167198391
BAD 322144891531
BAD 322167760723
BAD 322145309341
BAD 322379396023
BAD 322212857179
BAD 322212857221
BAD 322146178267
BAD 322146178273
BAD 322213651873
BAD 322147313867
BAD 322147313869
BAD 322382257207
BAD 322382257229
BAD 322382257231
BAD 322173265723
BAD 322175360431
BAD 322177282153
BAD 322177682041
BAD 322178367361
BAD 322178567629
BAD 322180237471
BAD 322500226591
BAD 322500264367
BAD 322500264371
BAD 322502222191
BAD 322502475487
BAD 322382488717
BAD 322382984467
BAD 322505438933
BAD 322298686067
BAD 322298686069
BAD 322506529613
BAD 322506685247
BAD 322506691489
BAD 322299405091
BAD 322507538827
BAD 322507538831
BAD 322507538833
BAD 322384562741
BAD 322384562743
BAD 322385886107
BAD 322385886133
BAD 322385886139
BAD 322300994473
BAD 322386758063
BAD 322510023239
BAD 322510023259
BAD 322510077319
BAD 322301992219
BAD 322510268687
BAD 322510268693
BAD 322302547771
BAD 322511572553
BAD 322402595191
BAD 322304033881
BAD 322304033927
BAD 322304033929
BAD 322215357041
BAD 322403502803
BAD 322512991459
BAD 322215357043
BAD 322304462813
BAD 322512991483
BAD 322265309423
BAD 322215900623
BAD 322265774923
BAD 322265774927
BAD 322513844347
BAD 322404801473
BAD 322404801479
BAD 322217036279
BAD 322217615683
BAD 322388823329
BAD 322218586609
BAD 322307461613
BAD 322307462677
BAD 322307462723
BAD 322389392909
BAD 322389392911
BAD 322267976917
BAD 322267976941
BAD 322307969393
BAD 322219448767
BAD 322219571657
BAD 322219571659
BAD 322219571693
BAD 322308488239
BAD 322308622627
BAD 322407944569
BAD 322282364251
BAD 322184774837
BAD 322308622637
BAD 322390829413
BAD 322332958699
BAD 322221202453
BAD 322184774839
BAD 322308622639
BAD 322407957383
BAD 322221329939
BAD 322489476901
BAD 322489477043
BAD 322489477073
BAD 322222077007
BAD 322490176643
BAD 322490274893
BAD 322248644719
BAD 322248644723
BAD 322309658329
BAD 322408722409
BAD 322490842363
BAD 322392513749
BAD 322491190423
BAD 322491318337
BAD 322310592223
BAD 322310592229
BAD 322409714093
BAD 322409714101
BAD 322492266463
BAD 322226510939
BAD 322252103203
BAD 322394032117
BAD 322226510941
BAD 322467777127
BAD 322226510951
BAD 322412191793
BAD 322311544811
BAD 322394032123
BAD 322285640191
BAD 322337223503
BAD 322273687423
BAD 322190342659
BAD 322337223511
BAD 322273687429
BAD 322273687433
BAD 322190342671
BAD 322190342707
BAD 322190342711
BAD 322190342713
BAD 322492321363
BAD 322190538581
BAD 322226746847
BAD 322190538583
BAD 322226746861
BAD 322412487689
BAD 322286168179
BAD 322337802559
BAD 322468226063
BAD 322493047993
BAD 322394813473
BAD 322493048029
BAD 322191066709
BAD 322227524329
BAD 322412894449
BAD 322493228203
BAD 322227826223
BAD 322227826229
BAD 322253113783
BAD 322253113799
BAD 322413071713
BAD 322286829901
BAD 322312615733
BAD 322338656477
BAD 322338656483
BAD 322338656503
BAD 322338656509
BAD 322316671801
BAD 322312938413
BAD 322395645893
BAD 322395645899
BAD 322253261509
BAD 322275563657
BAD 322275563663
BAD 322275563669
BAD 322395901391
BAD 322287623393
BAD 322287623401
BAD 322287623407
BAD 322317068963
BAD 322494380633
BAD 322415459081
BAD 322340796307
BAD 322313913263
BAD 322277660281
BAD 322415459083
BAD 322396074701
BAD 322229952001
BAD 322193245051
BAD 322469510761
BAD 322229952007
BAD 322494430009
BAD 322396074713
BAD 322396074787
BAD 322314174631
BAD 322494631741
BAD 322278134911
BAD 322396424143
BAD 322253663521
BAD 322314604009
BAD 322194121261
BAD 322194121267
BAD 322194121283
BAD 322470155269
BAD 322231134857
BAD 322318202389
BAD 322279502483
BAD 322342459717
BAD 322397810107
BAD 322319031113
BAD 322196181863
BAD 322319274793
BAD 322280228839
BAD 322280228843
BAD 322398351943
BAD 322398351949
BAD 322398515449
BAD 322398515471
BAD 322280450669
BAD 322471527031
BAD 322255781501
BAD 322255781503
BAD 322255781509
BAD 322399081247
BAD 322256303233
BAD 322472192929
BAD 322472192953
BAD 322344424757
BAD 322344424763
BAD 322472438633
BAD 322320653009
BAD 322258036577
BAD 322258036579
BAD 322345819267
BAD 322345819403
BAD 322346367887
BAD 322259624933
BAD 322323879751
BAD 322323918817
BAD 322260394607
BAD 322260394609
BAD 322348743869
BAD 322260394613
BAD 322260394637
BAD 322475253959
BAD 322475253967
BAD 322297351433
BAD 322325333513
BAD 322325333531
BAD 322297613609
BAD 322297854883
BAD 322297854887
BAD 322297854889
BAD 322325708899
BAD 322325708927
BAD 322325866873
BAD 322325866883
BAD 322326120553
BAD 322262232029
BAD 322262232031
BAD 322262232037
BAD 322262232041
BAD 322262232043
BAD 322262626981
BAD 322262627173
BAD 322326710269
BAD 322262824729
BAD 322327731679
BAD 322264541113
BAD 322478716639
BAD 322478716643
BAD 322329456749
BAD 322478716649
BAD 322329456751
BAD 322329456763
BAD 322329457507
BAD 322329457537
BAD 322329633001
BAD 322330074179
BAD 322330074181
BAD 322480869553
BAD 322481031493
BAD 322481525183
BAD 322349284723
BAD 322350938089
BAD 322351785013
BAD 322352582899
BAD 322354003369
BAD 322452488023
BAD 322452820103
BAD 322452820111
BAD 322452820117
BAD 322453386349
BAD 322454485063
BAD 322454485069
BAD 322454485081
BAD 322454581523
BAD 322454581601
BAD 322455228247
BAD 322357868281
BAD 322456278673
BAD 322358354359
BAD 322358372569
BAD 322358372573
BAD 322358511073
BAD 322358511091
BAD 322358511109
BAD 322456870823
BAD 322359555919
BAD 322459316821
BAD 322459433797
BAD 322361185879
BAD 322365469669
BAD 322465253783
BAD 322465366801
BAD 322465366807
BAD 322465366831
BAD 322519036771
BAD 322519144921
BAD 322520266643
BAD 322521608447
BAD 322521608449
BAD 322521980047
BAD 322521980051
BAD 322521980057
BAD 322523441731
BAD 322523441741
BAD 322523441743
BAD 322523919943
BAD 322524279529
BAD 322524985141
BAD 322524985147
BAD 322524985151
BAD 322524985163
BAD 322525858111
BAD 322527248677
BAD 322527554101
BAD 322528592611
BAD 322533802609
BAD 322534425659
BAD 322534815751
BAD 322535620399
BAD 322536670111
BAD 322537913251
BAD 322530321683
BAD 322531236383
BAD 322539688993
BAD 322532450839
BAD 322541348903
BAD 322533224603
BAD 322542282961
BAD 322544954051
BAD 322544954143
BAD 322546166191
BAD 322546508351
BAD 322546508353
BAD 322546508371
BAD 322547659627
BAD 322547659633
BAD 322548272693
BAD 322548272707
BAD 322548272713
BAD 322548272723
BAD 322548272731
BAD 322548667747
BAD 322548667759
BAD 322548870323
BAD 322549251257
BAD 322549251259
BAD 322549251263
BAD 322551104581
BAD 322552687321
BAD 322552775063
BAD 322552775087
BAD 322552775089
BAD 322552895683
BAD 322554250069
BAD 322554795601
BAD 322558988203
BAD 322558988209
BAD 322558988233
BAD 322558988237
BAD 322558988309
BAD 322558988317
BAD 322558988333
BAD 322559072167
BAD 322559072177
BAD 322560661153
BAD 322561560227
BAD 322561560229
BAD 322562050357
BAD 322562428829
BAD 322562428831
BAD 322562528557
BAD 322562528569
BAD 322562528573
BAD 322564173259
BAD 322564173263
BAD 322564173271
BAD 322564173277
BAD 322566394697
BAD 322566394699
BAD 322566534179
BAD 322566534181
BAD 322585634513
BAD 322588533919
BAD 322590161953
BAD 322786218869
BAD 322786811131
BAD 322596699223
BAD 322788284563
BAD 322597460239
BAD 322788284569
BAD 322788284573
BAD 322598445593
BAD 322598595289
BAD 322599381277
BAD 322792199929
BAD 322737101003
BAD 322793346647
BAD 322794197941
BAD 322739674451
BAD 322719969191
BAD 322719969199
BAD 322795243759
BAD 322795243763
BAD 322795515173
BAD 322720473869
BAD 322720473871
BAD 322796214163
BAD 322796354213
BAD 322741317229
BAD 322741460479
BAD 322721951873
BAD 322798246471
BAD 322722918263
BAD 322723507033
BAD 322800238549
BAD 322800416377
BAD 322744533703
BAD 322727472257
BAD 322747014481
BAD 322747014509
BAD 322747014511
BAD 322747317181
BAD 322747317203
BAD 322747317229
BAD 322727940803
BAD 322727940809
BAD 322727940811
BAD 322728102349
BAD 322801045043
BAD 322750331303
BAD 322750331311
BAD 322750566583
BAD 322750801039
BAD 322750936243
BAD 322732614443
BAD 322732872043
BAD 322732872053
BAD 322870658063
BAD 322870658081
BAD 322870658083
BAD 322872986417
BAD 322872986419
BAD 322872986431
BAD 322874503591
BAD 322874910899
BAD 322874910901
BAD 322618385123
BAD 322618657021
BAD 322618657027
BAD 322601494013
BAD 322602893323
BAD 322603113499
BAD 322603113517
BAD 322603195157
BAD 322603395901
BAD 322620952637
BAD 322620952639
BAD 322620952663
BAD 322620952681
BAD 322604371031
BAD 322882012093
BAD 322882012097
BAD 322882012099
BAD 322882104109
BAD 322621312603
BAD 322605001883
BAD 322621870457
BAD 322621870463
BAD 322605458689
BAD 322605458699
BAD 322605458701
BAD 322883022533
BAD 322605907501
BAD 322883462449
BAD 322883462459
BAD 322622872907
BAD 322622872909
BAD 322883875051
BAD 322884774371
BAD 322884774383
BAD 322608198151
BAD 322609362079
BAD 322609662707
BAD 322609662709
BAD 322853047067
BAD 322626388171
BAD 322610681641
BAD 322854933899
BAD 322854933901
BAD 322628265667
BAD 322613277869
BAD 322628265671
BAD 322613277871
BAD 322628517403
BAD 322628517413
BAD 322628649223
BAD 322634463521
BAD 322634463523
BAD 322634463527
BAD 322634463551
BAD 322634463553
BAD 322629005471
BAD 322629005473
BAD 322856059109
BAD 322635191057
BAD 322629470851
BAD 322629597623
BAD 322635639283
BAD 322857062329
BAD 322616774329
BAD 322632722977
BAD 322633600643
BAD 322640148667
BAD 322640148689
BAD 322860752663
BAD 322641412609
BAD 322641593731
BAD 322862513887
BAD 322862513959
BAD 322642678807
BAD 322642678937
BAD 322568537273
BAD 322569095899
BAD 322569818873
BAD 322645450993
BAD 322645450997
BAD 322866047311
BAD 322646233807
BAD 322571437547
BAD 322571437549
BAD 322647075287
BAD 322835754001
BAD 322867554301
BAD 322868225627
BAD 322868225629
BAD 322837438663
BAD 322837438667
BAD 322837438669
BAD 322649018803
BAD 322649379331
BAD 322838897971
BAD 322649914921
BAD 322575508909
BAD 322754647559
BAD 322840173713
BAD 322755011641
BAD 322669274849
BAD 322669274857
BAD 322840924073
BAD 322755762859
BAD 322818660469
BAD 322755762863
BAD 322903415017
BAD 322576451983
BAD 322903671329
BAD 322903671331
BAD 322903784719
BAD 322756012133
BAD 322756012147
BAD 322904041763
BAD 322904041793
BAD 322841538353
BAD 322670864443
BAD 322670864447
BAD 322670864449
BAD 322671046601
BAD 322671046603
BAD 322671046639
BAD 322768481753
BAD 322768481767
BAD 322768481813
BAD 322904729933
BAD 322904729947
BAD 322904830543
BAD 322841963573
BAD 322819742423
BAD 322819742429
BAD 322671665521
BAD 322905682549
BAD 322905682553
BAD 322906177933
BAD 322579696141
BAD 322820748391
BAD 322820886833
BAD 322820886841
BAD 322820886853
BAD 322673322109
BAD 322758373757
BAD 322758373759
BAD 322580850589
BAD 322580860403
BAD 322580971703
BAD 322771393837
BAD 322759277497
BAD 322844751181
BAD 322844751191
BAD 322844751193
BAD 322844751227
BAD 322844751233
BAD 322674583849
BAD 322674583853
BAD 322908306871
BAD 322908306901
BAD 322702362781
BAD 322772050849
BAD 322582970341
BAD 322909210823
BAD 322703135977
BAD 322703135981
BAD 322824184301
BAD 322583566639
BAD 322703135983
BAD 322676565391
BAD 322761713557
BAD 322775974523
BAD 322824184303
BAD 322676565397
BAD 322910654713
BAD 322676565403
BAD 322910654719
BAD 322824236633
BAD 322846179413
BAD 322776115819
BAD 322911005959
BAD 322824535093
BAD 322846539409
BAD 322703627599
BAD 322703627611
BAD 322776476899
BAD 322911451339
BAD 322911532897
BAD 322911532913
BAD 322825283663
BAD 322825283681
BAD 322825283689
BAD 322847318119
BAD 322847356417
BAD 322847356421
BAD 322678033973
BAD 322913231947
BAD 322847811739
BAD 322764003277
BAD 322678033981
BAD 322778485583
BAD 322704991183
BAD 322827444503
BAD 322678033987
BAD 322651834501
BAD 322704991187
BAD 322827444517
BAD 322847856941
BAD 322847856943
BAD 322847864881
BAD 322847864887
BAD 322827623777
BAD 322827623779
BAD 322678192597
BAD 322848060061
BAD 322913629739
BAD 322913629741
BAD 322913629777
BAD 322778991307
BAD 322779015593
BAD 322779015599
BAD 322779015613
BAD 322779015619
BAD 322913944519
BAD 322913944523
BAD 322652240461
BAD 322764601639
BAD 322779321577
BAD 322652240467
BAD 322652240513
BAD 322706006867
BAD 322706006869
BAD 322765008803
BAD 322780000667
BAD 322885935529
BAD 322684423657
BAD 322706540483
BAD 322653131719
BAD 322653131753
BAD 322653139513
BAD 322780409641
BAD 322780602829
BAD 322653510833
BAD 322653510841
BAD 322829690273
BAD 322829690279
BAD 322654065583
BAD 322802118581
BAD 322802118607
BAD 322802118619
BAD 322766815759
BAD 322802431969
BAD 322802726867
BAD 322916930183
BAD 322916930191
BAD 322916930221
BAD 322916930227
BAD 322680949873
BAD 322888204391
BAD 322888204393
BAD 322686363443
BAD 322686363451
BAD 322686363457
BAD 322781571829
BAD 322781571857
BAD 322888279591
BAD 322888279643
BAD 322781571859
BAD 322781571863
BAD 322803511651
BAD 322803641341
BAD 322686689839
BAD 322917204697
BAD 322888802969
BAD 322888802987
BAD 322782076987
BAD 322804744501
BAD 322918223899
BAD 322918223909
BAD 322918223911
BAD 322889737669
BAD 322889737673
BAD 322709291819
BAD 322805171573
BAD 322918485587
BAD 322805847181
BAD 322805978123
BAD 322805978129
BAD 322784582077
BAD 322683223549
BAD 322683223553
BAD 322683223573
BAD 322891245841
BAD 322891245847
BAD 322658622113
BAD 322658863613
BAD 322658863633
BAD 322658863661
BAD 322658863663
BAD 322891785571
BAD 322659448679
BAD 322689630751
BAD 322711635091
BAD 322711635097
BAD 322660170691
BAD 322660329269
BAD 322808010541
BAD 322712200933
BAD 322712240663
BAD 322808415373
BAD 322809448631
BAD 322809734239
BAD 322809734243
BAD 322713752509
BAD 322713752513
BAD 322691691083
BAD 322691691089
BAD 322663036193
BAD 322896236989
BAD 322896494279
BAD 322714179829
BAD 322714179847
BAD 322714179859
BAD 322897071401
BAD 322897071473
BAD 322897071491
BAD 322897071493
BAD 322664270933
BAD 322664270941
BAD 322664270953
BAD 322664270963
BAD 322664569657
BAD 322664569663
BAD 322715448983
BAD 322715449013
BAD 322898484379
BAD 322898484383
BAD 322813496311
BAD 322693439209
BAD 322716195049
BAD 322814030611
BAD 322666193371
BAD 322666584749
BAD 322716647447
BAD 322667091247
BAD 322667091259
BAD 322717502843
BAD 322817439523
BAD 322696447453
BAD 322818146617
BAD 322818146621
BAD 322696609471
BAD 322699187093
BAD 322699187099
BAD 322936987441
BAD 322936987463
BAD 322937227201
BAD 322937778619
BAD 322937778641
BAD 322937778643
BAD 322937993071
BAD 322938367471
BAD 322943062823
BAD 322943477453
BAD 322944277241
BAD 322944945251
BAD 322945927237
BAD 322947416201
BAD 322947416203
BAD 322947543437
BAD 322951649149
BAD 322919810293
BAD 322919810299
BAD 322919810309
BAD 322922499379
BAD 322923673777
BAD 322924371631
BAD 322924447003
BAD 322926872329
BAD 322926872353
BAD 322926872357
BAD 322927921769
BAD 322927921781
BAD 322927921783
BAD 322929094627
BAD 322929094633
BAD 322929094693
BAD 322929102121
BAD 322929525253
BAD 322929741053
BAD 322929741061
BAD 322930403569
BAD 322930403573
BAD 322932053761
BAD 322932081391
BAD 322932081397
BAD 322932081449
BAD 322933543279
BAD 322934077957
BAD 322952986043
BAD 322953744439
BAD 322953744467
BAD 322953744469
BAD 322954612711
BAD 322954812149
BAD 322954812151
BAD 322957912909
BAD 322959407959
BAD 322959488113
BAD 322960766377
BAD 322961848303
BAD 322963063793
BAD 322963063799
BAD 322964122189
BAD 322965229207
BAD 322965229217
BAD 322965229219
BAD 322965454681
BAD 322965454687
BAD 322966478693
BAD 322966478701
BAD 322966923421
BAD 322968074791
BAD 322986496759
BAD 322986496769
BAD 322986496771
BAD 322986496813
BAD 322986946201
BAD 322988603843
BAD 322988859593
BAD 322989990377
BAD 322989990413
BAD 322993839691
BAD 322993982309
BAD 322994374013
BAD 322994878403
BAD 322994878411
BAD 323020009789
BAD 323020953881
BAD 323022375769
BAD 323022375773
BAD 322997880143
BAD 322997927191
BAD 322997930491
BAD 323027027473
BAD 323027221087
BAD 323029086883
BAD 323029086889
BAD 323029358053
BAD 322999074271
BAD 323032110451
BAD 323000875859
BAD 323032936459
BAD 323033700403
BAD 323033760659
BAD 323033760703
BAD 323002042277
BAD 323002256749
BAD 323034580723
BAD 323035045681
BAD 323036194099
BAD 323036199727
BAD 323004001711
BAD 323004001717
BAD 323004001729
BAD 323006563223
BAD 323009464249
BAD 323010087229
BAD 323010791869
BAD 323010791881
BAD 323010973069
BAD 323011092683
BAD 323013564619
BAD 323013899449
BAD 323014068079
BAD 323014365857
BAD 323014365859
BAD 323014880119
BAD 323015032903
BAD 323015249537
BAD 323018032201
BAD 323019295147
BAD 323019617839
BAD 323019617873
BAD 323137732681
BAD 323137732693
BAD 323137732703
BAD 323137812313
BAD 323138003207
BAD 323139222619
BAD 323140359349
BAD 323142235111
BAD 323143380719
BAD 323144673263
BAD 323147312659
BAD 323148334477
BAD 323149821383
BAD 323289079429
BAD 323291373593
BAD 323291588467
BAD 323292503341
BAD 323293492243
BAD 323294538433
BAD 323294538467
BAD 323294538577
BAD 323295106529
BAD 323295106531
BAD 323295269071
BAD 323295269093
BAD 323296784093
BAD 323297706749
BAD 323104023821
BAD 323105070839
BAD 323105459167
BAD 323105459179
BAD 323300383669
BAD 323300765471
BAD 323121646979
BAD 322970577173
BAD 323304325453
BAD 323304566153
BAD 322971515479
BAD 323110728379
BAD 323238482977
BAD 323124721861
BAD 323239915853
BAD 323125808813
BAD 323126704651
BAD 323115137399
BAD 323127021617
BAD 323127021619
BAD 323127969589
BAD 323116352551
BAD 323128578433
BAD 323128578457
BAD 323117825923
BAD 323240971681
BAD 323118225007
BAD 323118225013
BAD 323306066143
BAD 323241800419
BAD 323241800423
BAD 323306350429
BAD 323119193303
BAD 322979637991
BAD 322979637997
BAD 323120018593
BAD 322980160639
BAD 322980320867
BAD 322980320869
BAD 323308055143
BAD 323308491563
BAD 323308915681
BAD 323245801103
BAD 323309735543
BAD 323246627707
BAD 323246627713
BAD 323310515053
BAD 322983865703
BAD 323247975667
BAD 323247975671
BAD 323311401473
BAD 323248947559
BAD 323249233343
BAD 323312342467
BAD 323312342471
BAD 323312342473
BAD 323312342477
BAD 323312495347
BAD 323312677223
BAD 323250178883
BAD 323133247079
BAD 323133247081
BAD 323250525691
BAD 323133818087
BAD 323133829903
BAD 323313308831
BAD 323088612233
BAD 323134828879
BAD 323134828889
BAD 323089348579
BAD 323089816603
BAD 323089816607
BAD 323135552009
BAD 323252523479
BAD 323252523481
BAD 323314954771
BAD 323315015213
BAD 323136461423
BAD 323091593063
BAD 323136461581
BAD 323053788223
BAD 323253969691
BAD 323136461587
BAD 323254298761
BAD 323315439089
BAD 323315439091
BAD 323254578223
BAD 323254578239
BAD 323092194277
BAD 323316902021
BAD 323316902023
BAD 323316902033
BAD 323054849527
BAD 323317257023
BAD 323317518949
BAD 323093683867
BAD 323093683883
BAD 323094436031
BAD 323039658379
BAD 323319807263
BAD 323319807269
BAD 323319807271
BAD 323095478207
BAD 323095752409
BAD 323056731901
BAD 323041052003
BAD 323320819537
BAD 323097781553
BAD 323320819543
BAD 323070675181
BAD 323041348127
BAD 323058316531
BAD 323097781561
BAD 323041348129
BAD 323041348171
BAD 323041348183
BAD 323041348187
BAD 323321052319
BAD 323058920669
BAD 323058920671
BAD 323071997789
BAD 323071997791
BAD 323060322259
BAD 323060322269
BAD 323099154619
BAD 323099228479
BAD 323099228483
BAD 323061270463
BAD 323061521917
BAD 323073256193
BAD 323061598009
BAD 323061683419
BAD 323061683423
BAD 323073394157
BAD 323073394159
BAD 323061801823
BAD 323062106273
BAD 323044999679
BAD 323101287893
BAD 323062125739
BAD 323062230167
BAD 323062230173
BAD 323062350139
BAD 323075354293
BAD 323075540803
BAD 323221451183
BAD 323221763239
BAD 323046321439
BAD 323222133517
BAD 323046463403
BAD 323047035863
BAD 323222754949
BAD 323223070831
BAD 323223070837
BAD 323064244837
BAD 323064244861
BAD 323064352783
BAD 323064352789
BAD 323171311247
BAD 323171311249
BAD 323064373433
BAD 323048043449
BAD 323064986537
BAD 323064986539
BAD 323224223227
BAD 323172504199
BAD 323172504203
BAD 323050050577
BAD 323079454519
BAD 323272311499
BAD 323225200699
BAD 323272311503
BAD 323066642911
BAD 323050448839
BAD 323079915737
BAD 323173336663
BAD 323173336711
BAD 323080351051
BAD 323081169529
BAD 323068704467
BAD 323275430771
BAD 323275430773
BAD 323175272681
BAD 323175272683
BAD 323175272687
BAD 323082197573
BAD 323052956461
BAD 323175592429
BAD 323175592447
BAD 323175592451
BAD 323053245107
BAD 323276367157
BAD 323188845761
BAD 323083095289
BAD 323229147361
BAD 323177599649
BAD 323177599651
BAD 323177599673
BAD 323177599681
BAD 323205239393
BAD 323205239411
BAD 323205239437
BAD 323205239449
BAD 323177707693
BAD 323191535041
BAD 323278146599
BAD 323278146601
BAD 323178003151
BAD 323191932901
BAD 323191932923
BAD 323230590679
BAD 323086133011
BAD 323206868183
BAD 323206978511
BAD 323279064413
BAD 323193332509
BAD 323207584649
BAD 323207584657
BAD 323232342163
BAD 323179655791
BAD 323194075609
BAD 323232869347
BAD 323232869353
BAD 323180074339
BAD 323232942787
BAD 323279880113
BAD 323180249603
BAD 323194857571
BAD 323180417809
BAD 323280325483
BAD 323280325493
BAD 323280325541
BAD 323181099823
BAD 323181191033
BAD 323195978033
BAD 323234693641
BAD 323234962681
BAD 323181833941
BAD 323235936953
BAD 323236342111
BAD 323236494961
BAD 323198376271
BAD 323283637247
BAD 323283637249
BAD 323213002117
BAD 323199940741
BAD 323185111313
BAD 323154931843
BAD 323284808521
BAD 323185819813
BAD 323201725339
BAD 323285589721
BAD 323285589733
BAD 323285589743
BAD 323201856949
BAD 323156783791
BAD 323156783863
BAD 323156783867
BAD 323286034327
BAD 323256181207
BAD 323216463019
BAD 323216463061
BAD 323157286961
BAD 323286705139
BAD 323286705143
BAD 323204198519
BAD 323204198521
BAD 323204198693
BAD 323204410561
BAD 323157873587
BAD 323157873589
BAD 323258478859
BAD 323158179433
BAD 323158179437
BAD 323158179439
BAD 323158179451
BAD 323287844513
BAD 323287844521
BAD 323287844549
BAD 323218174343
BAD 323158877423
BAD 323158877453
BAD 323259957193
BAD 323219247781
BAD 323159566073
BAD 323159566087
BAD 323260855933
BAD 323260855937
BAD 323321941429
BAD 323160338623
BAD 323160407629
BAD 323160407663
BAD 323322924949
BAD 323262734947
BAD 323263295239
BAD 323162043733
BAD 323162043739
BAD 323325928591
BAD 323163778453
BAD 323164721881
BAD 323164749043
BAD 323165707957
BAD 323165707961
BAD 323266776331
BAD 323266776341
BAD 323266797863
BAD 323329777711
BAD 323329777721
BAD 323329777723
BAD 323168058271
BAD 323168185577
BAD 323168185579
BAD 323168185583
BAD 323168809937
BAD 323168809939
BAD 323169528769
BAD 323333274863
BAD 323170804063
BAD 323334517423
BAD 323334517427
BAD 323335825321
BAD 323336189873
BAD 323336840663
BAD 323336840689
BAD 323336840693
BAD 323336840713
BAD 323337516889
BAD 323337697783
BAD 323340299011
BAD 323340907733
BAD 323341952393
BAD 323341952407
BAD 323342210041
BAD 323344959551
BAD 323344959559
BAD 323345626411
BAD 323346217177
BAD 323346694883
BAD 323346694907
BAD 323346694921
BAD 323346694927
BAD 323346810961
BAD 323349016973
BAD 323349899911
BAD 323352476449
BAD 323353979701
BAD 323355270551
BAD 323389331611
BAD 323389331621
BAD 323389694963
BAD 323391311077
BAD 323391638737
BAD 323356419653
BAD 323356419667
BAD 323356480673
BAD 323357254333
BAD 323359195997
BAD 323359327939
BAD 323361042677
BAD 323361376607
BAD 323361376609
BAD 323362147133
BAD 323362147159
BAD 323362367567
BAD 323362367569
BAD 323397961883
BAD 323364493927
BAD 323365501117
BAD 323400165943
BAD 323400165947
BAD 323366686303
BAD 323366686319
BAD 323366686373
BAD 323367034117
BAD 323401795009
BAD 323402000617
BAD 323377010401
BAD 323377742161
BAD 323369063957
BAD 323369063959
BAD 323403284311
BAD 323378229289
BAD 323378229301
BAD 323404279963
BAD 323370016933
BAD 323379574393
BAD 323405336929
BAD 323371968713
BAD 323371968727
BAD 323371968737
BAD 323384261617
BAD 323384478803
BAD 323385570967
BAD 323385570973
BAD 323386373389
BAD 323386373393
BAD 323388462349
BAD 323388961639
BAD 323407843567
BAD 323407970803
BAD 323410196917
BAD 323413585531
BAD 323413976891
BAD 323417731699
BAD 323417935013
BAD 323418531091
BAD 323420132743
BAD 323421464173
BAD 323423952311
BAD 323424193093
BAD 323424193111
BAD 323427806201
BAD 323427806203
BAD 323428643543
BAD 323429795471
BAD 323431794503
BAD 323432101763
BAD 323432737583
BAD 323432737591
BAD 323432737603
BAD 323432737619
BAD 323432737651
BAD 323433494851
BAD 323434916419
BAD 323435334511
BAD 323437432783
BAD 323438752969
BAD 323524798879
BAD 323526097799
BAD 323526097801
BAD 323526892681
BAD 323528365717
BAD 323528365723
BAD 323529170383
BAD 323529170389
BAD 323529170401
BAD 323691254681
BAD 323692891163
BAD 323693460697
BAD 323533092697
BAD 323533231039
BAD 323730068399
BAD 323730068401
BAD 323695269103
BAD 323695269113
BAD 323695532527
BAD 323695532533
BAD 323695532539
BAD 323696875291
BAD 323732984723
BAD 323733230059
BAD 323733230063
BAD 323733230069
BAD 323733230071
BAD 323536742327
BAD 323536742329
BAD 323734143883
BAD 323734675309
BAD 323734796953
BAD 323735904299
BAD 323735904301
BAD 323736368203
BAD 323539854461
BAD 323698349917
BAD 323701292671
BAD 323701357523
BAD 323703626101
BAD 323704062289
BAD 323706088109
BAD 323706905603
BAD 323624509303
BAD 323626659439
BAD 323626752643
BAD 323626752649
BAD 323626752653
BAD 323627327393
BAD 323627327407
BAD 323473496657
BAD 323632720429
BAD 323591946091
BAD 323592104629
BAD 323592104651
BAD 323592104653
BAD 323474644561
BAD 323633672539
BAD 323457773183
BAD 323475303367
BAD 323634171737
BAD 323634171739
BAD 323634171743
BAD 323635945579
BAD 323635945583
BAD 323595451363
BAD 323476691269
BAD 323476691273
BAD 323476691281
BAD 323595588143
BAD 323490158869
BAD 323637038779
BAD 323477240641
BAD 323609037943
BAD 323557349083
BAD 323597406761
BAD 323597406763
BAD 323597406767
BAD 323557636711
BAD 323557791001
BAD 323609517901
BAD 323638525591
BAD 323638525607
BAD 323610001829
BAD 323610001831
BAD 323639210039
BAD 323639226263
BAD 323639987689
BAD 323639987821
BAD 323640404179
BAD 323560271303
BAD 323600308333
BAD 323600308337
BAD 323600988251
BAD 323600988253
BAD 323481685741
BAD 323481923563
BAD 323481923573
BAD 323612505493
BAD 323482462099
BAD 323482462103
BAD 323562397439
BAD 323602664293
BAD 323493812077
BAD 323483677249
BAD 323562397441
BAD 323464858309
BAD 323614202993
BAD 323493893159
BAD 323493893161
BAD 323493893167
BAD 323614803409
BAD 323541654067
BAD 323563245931
BAD 323541998167
BAD 323563605787
BAD 323494877333
BAD 323542112821
BAD 323564347157
BAD 323564347159
BAD 323564347163
BAD 323564347189
BAD 323616021581
BAD 323616021583
BAD 323495812441
BAD 323616353629
BAD 323616353633
BAD 323616353639
BAD 323616647639
BAD 323605518541
BAD 323617088693
BAD 323543889463
BAD 323674808467
BAD 323566358653
BAD 323498124233
BAD 323566358657
BAD 323507848487
BAD 323468656549
BAD 323618890513
BAD 323487890059
BAD 323640804217
BAD 323640999413
BAD 323606831297
BAD 323606831299
BAD 323606948593
BAD 323469221941
BAD 323469221953
BAD 323566648159
BAD 323566648231
BAD 323566677199
BAD 323566677209
BAD 323566677211
BAD 323641942033
BAD 323488559131
BAD 323544961921
BAD 323509228813
BAD 323544961951
BAD 323509228817
BAD 323566946579
BAD 323566946581
BAD 323566946587
BAD 323566946629
BAD 323509656293
BAD 323546446361
BAD 323489189293
BAD 323676322303
BAD 323499762499
BAD 323566946639
BAD 323470754903
BAD 323566946641
BAD 323566946653
BAD 323676633851
BAD 323546819741
BAD 323546819747
BAD 323546819749
BAD 323643131963
BAD 323500039259
BAD 323677188649
BAD 323500248277
BAD 323445422903
BAD 323677629893
BAD 323677629943
BAD 323623006073
BAD 323643817279
BAD 323643817283
BAD 323643948013
BAD 323623638077
BAD 323500918571
BAD 323500953833
BAD 323510889973
BAD 323510889983
BAD 323569861079
BAD 323501255173
BAD 323548454717
BAD 323569861081
BAD 323472706009
BAD 323472706013
BAD 323645167613
BAD 323511425599
BAD 323569983019
BAD 323501488243
BAD 323501497103
BAD 323448131827
BAD 323448330563
BAD 323646331403
BAD 323646398461
BAD 323646519617
BAD 323646519619
BAD 323550986597
BAD 323550986599
BAD 323550990421
BAD 323449818583
BAD 323647541453
BAD 323571561499
BAD 323450225951
BAD 323450225953
BAD 323551509419
BAD 323551979603
BAD 323552314777
BAD 323552739137
BAD 323572531201
BAD 323514964417
BAD 323553020911
BAD 323505149663
BAD 323683675397
BAD 323553885961
BAD 323684025793
BAD 323554026361
BAD 323515739303
BAD 323515739311
BAD 323453482103
BAD 323515987741
BAD 323515987747
BAD 323650856369
BAD 323650856371
BAD 323650856401
BAD 323454079813
BAD 323516892551
BAD 323516892553
BAD 323659959671
BAD 323659959673
BAD 323659959677
BAD 323659959683
BAD 323660486213
BAD 323660486399
BAD 323652520201
BAD 323517923809
BAD 323661186241
BAD 323661186259
BAD 323661186271
BAD 323661186281
BAD 323661186283
BAD 323687011561
BAD 323661341617
BAD 323661341621
BAD 323661341623
BAD 323661341629
BAD 323455095521
BAD 323661398623
BAD 323653436551
BAD 323518871659
BAD 323687383451
BAD 323518989589
BAD 323654401333
BAD 323654401351
BAD 323662726567
BAD 323662895417
BAD 323662895419
BAD 323654650057
BAD 323663315309
BAD 323688993521
BAD 323520940453
BAD 323520940459
BAD 323520940493
BAD 323521492123
BAD 323664404023
BAD 323521862533
BAD 323656751149
BAD 323656751153
BAD 323665448839
BAD 323522901173
BAD 323522947249
BAD 323522947273
BAD 323523120383
BAD 323667547061
BAD 323668383667
BAD 323668383671
BAD 323668383673
BAD 323668754881
BAD 323669298817
BAD 323669595257
BAD 323669595259
BAD 323574783823
BAD 323574783841
BAD 323670807409
BAD 323670922483
BAD 323670922489
BAD 323575019483
BAD 323575279351
BAD 323575368421
BAD 323575867403
BAD 323575867411
BAD 323575867427
BAD 323575867429
BAD 323672144993
BAD 323673111263
BAD 323577626161
BAD 323578020151
BAD 323578178323
BAD 323578394717
BAD 323578394719
BAD 323578394731
BAD 323578537871
BAD 323578537873
BAD 323580817673
BAD 323580860767
BAD 323708431457
BAD 323708431483
BAD 323581267907
BAD 323581267909
BAD 323581267913
BAD 323582245471
BAD 323710172273
BAD 323710745933
BAD 323711050361
BAD 323711050363
BAD 323583582233
BAD 323584834861
BAD 323584834871
BAD 323712624121
BAD 323713737649
BAD 323715120439
BAD 323587512263
BAD 323587512271
BAD 323587512277
BAD 323587512359
BAD 323587512361
BAD 323716400563
BAD 323716769881
BAD 323717034169
BAD 323717430293
BAD 323718515933
BAD 323589243973
BAD 323719431031
BAD 323589243983
BAD 323589244007
BAD 323719431037
BAD 323589244009
BAD 323589270091
BAD 323589270107
BAD 323589458477
BAD 323589458483
BAD 323720246287
BAD 323722630423
BAD 323724069649
BAD 323724069653
BAD 323724346369
BAD 323724346373
BAD 323724346403
BAD 323758954339
BAD 323758954403
BAD 323759393239
BAD 323759393249
BAD 323759758321
BAD 323761603853
BAD 323762615503
BAD 323762615513
BAD 323766181309
BAD 323769610771
BAD 323769747713
BAD 323771799773
BAD 323773288243
BAD 323774744773
BAD 323774766067
BAD 323741490673
BAD 323743881127
BAD 323743881133
BAD 323744414893
BAD 323744414897
BAD 323745665959
BAD 323746493051
BAD 323747330749
BAD 323747952113
BAD 323749471547
BAD 323750528417
BAD 323750528419
BAD 323750900749
BAD 323810139047
BAD 323810139049
BAD 323753012437
BAD 323753499499
BAD 323811495619
BAD 323811868741
BAD 323812539341
BAD 323812787213
BAD 323756000153
BAD 323815871317
BAD 323819200753
BAD 323793098483
BAD 323821934539
BAD 323823103223
BAD 323824683341
BAD 323825125867
BAD 323798673511
BAD 323801168737
BAD 323802464693
BAD 323803464167
BAD 323803464169
BAD 323803464181
BAD 323804268173
BAD 323805478141
BAD 323805478363
BAD 323805478369
BAD 323805903823
BAD 323807104759
BAD 323807104771
BAD 323807105287
BAD 323807105291
BAD 323807973557
BAD 323807973563
BAD 323775785063
BAD 323778417979
BAD 323779602959
BAD 323779602961
BAD 323779602977
BAD 323782444253
BAD 323783064133
BAD 323785547977
BAD 323785567687
BAD 323785567691
BAD 323785812629
BAD 323785812631
BAD 323789655733
BAD 323791542419
BAD 323791542421
BAD 323825452189
BAD 323825452193
BAD 323826877223
BAD 323828606161
BAD 323828606173
BAD 323830596953
BAD 323830658323
BAD 323830658341
BAD 323831687029
BAD 323833101563
BAD 323834577901
BAD 323835476257
BAD 323835703823
BAD 323835703831
BAD 323835703843
BAD 323836404277
BAD 323837308261
BAD 323838071941
BAD 323840353103
BAD 323841115471
BAD 323878425701
BAD 323878426523
BAD 323879176963
BAD 323879755723
BAD 323879755741
BAD 323879755757
BAD 323860014113
BAD 323880450469
BAD 323880450683
BAD 323880450701
BAD 323880450703
BAD 323880450713
BAD 323880450731
BAD 323880744013
BAD 323897206813
BAD 323897206837
BAD 323897206849
BAD 323881307063
BAD 323883617909
BAD 323883813437
BAD 323883813439
BAD 323860957073
BAD 323860957081
BAD 323860957087
BAD 323860957099
BAD 323900453341
BAD 323900453389
BAD 324010288681
BAD 324010288687
BAD 324010296173
BAD 324010679123
BAD 323863197199
BAD 323863360531
BAD 324011496859
BAD 323901986209
BAD 323902063501
BAD 323864051993
BAD 323865096743
BAD 324013452199
BAD 323884380581
BAD 323865145729
BAD 323865183293
BAD 323865500113
BAD 323865500117
BAD 323865784661
BAD 323865784663
BAD 323865953129
BAD 323866216243
BAD 323885134927
BAD 323885655463
BAD 324016317077
BAD 324016558267
BAD 324016721011
BAD 323869129967
BAD 323869206263
BAD 324017598691
BAD 324017598703
BAD 323869827409
BAD 324018762841
BAD 323903294179
BAD 323903598049
BAD 323890217747
BAD 324019529263
BAD 323904232849
BAD 323904232853
BAD 323904243983
BAD 323904243997
BAD 323904599173
BAD 324020650771
BAD 323891789539
BAD 323891789563
BAD 323891924687
BAD 323891932411
BAD 324020825861
BAD 324022547731
BAD 323906378933
BAD 323906959309
BAD 324023293487
BAD 324024122869
BAD 324024122879
BAD 323907704611
BAD 324024300841
BAD 324024399271
BAD 324024467539
BAD 324026100007
BAD 324026100011
BAD 323874177173
BAD 323874177197
BAD 323874177199
BAD 323874177203
BAD 323842653193
BAD 323842653241
BAD 323843393873
BAD 323843393879
BAD 323845386349
BAD 323848405319
BAD 323848685903
BAD 323849095267
BAD 323849933203
BAD 323850395731
BAD 323851505947
BAD 323851632179
BAD 323911472603
BAD 323913205397
BAD 323913689431
BAD 323943677347
BAD 323943712297
BAD 323914348789
BAD 323914540429
BAD 323944066031
BAD 323944945669
BAD 323944945673
BAD 323915520563
BAD 323945157317
BAD 323945157323
BAD 323945157329
BAD 323945157331
BAD 323946388783
BAD 323946388789
BAD 323926311679
BAD 323977377193
BAD 323926457263
BAD 323856241043
BAD 323856241063
BAD 323959595431
BAD 323927471641
BAD 323927471689
BAD 323960018197
BAD 323960165611
BAD 324127742723
BAD 323858406803
BAD 323919077893
BAD 323928343597
BAD 323928343601
BAD 323928343603
BAD 323928343657
BAD 323960315719
BAD 323960315747
BAD 323960315753
BAD 323960315761
BAD 323960315869
BAD 323960445829
BAD 323960445833
BAD 323947646959
BAD 323979606721
BAD 323947740661
BAD 323960711177
BAD 323979814699
BAD 323929070849
BAD 323929070851
BAD 323948281399
BAD 323948281411
BAD 323929391021
BAD 323929627213
BAD 323929627223
BAD 323920455169
BAD 324060956873
BAD 323961822113
BAD 323948962643
BAD 323920754903
BAD 323962920529
BAD 323932780991
BAD 323932780993
BAD 324129228307
BAD 323995866809
BAD 323995866811
BAD 324064218913
BAD 323921670781
BAD 323996253211
BAD 323921836573
BAD 323933370781
BAD 323950144901
BAD 323950144963
BAD 324095592211
BAD 324110682139
BAD 324110682143
BAD 324064938787
BAD 324095828527
BAD 324095828531
BAD 324095828533
BAD 324095859649
BAD 324095859653
BAD 324130446089
BAD 324130446091
BAD 324111263473
BAD 324111263477
BAD 324111263479
BAD 324111263491
BAD 323997313267
BAD 323950922611
BAD 323965098491
BAD 323923310233
BAD 323951416043
BAD 323935150859
BAD 323935150867
BAD 324131013851
BAD 324131013853
BAD 323951595937
BAD 323951924113
BAD 323951924117
BAD 323951924119
BAD 323951924123
BAD 323951980223
BAD 323951980241
BAD 323924343733
BAD 324096979237
BAD 324131679439
BAD 323966668703
BAD 323924970841
BAD 323953218709
BAD 324114427471
BAD 323968469779
BAD 323938109849
BAD 323938109851
BAD 323954703131
BAD 323954703133
BAD 324098901107
BAD 324098901109
BAD 323938443863
BAD 324117373639
BAD 324098959187
BAD 323969159071
BAD 323955875953
BAD 324133605739
BAD 324117480301
BAD 323989883017
BAD 323989883023
BAD 324134077759
BAD 323969930311
BAD 323957126369
BAD 323957126371
BAD 324068838131
BAD 323970419923
BAD 323970419933
BAD 323970420049
BAD 324135321721
BAD 323990956789
BAD 323990956801
BAD 324001584539
BAD 323957508593
BAD 324001584541
BAD 323957508599
BAD 324001584547
BAD 323957508601
BAD 324001584559
BAD 324118667087
BAD 323991375739
BAD 323971416347
BAD 324001930193
BAD 323972256409
BAD 324001930229
BAD 324100583959
BAD 324047108747
BAD 323941224391
BAD 324047108789
BAD 324119366083
BAD 324070828219
BAD 324047108797
BAD 323958751709
BAD 324070828231
BAD 324137095501
BAD 324070828241
BAD 324070828243
BAD 324070828247
BAD 323958751717
BAD 324070828259
BAD 324070968547
BAD 323972573347
BAD 324119906731
BAD 323972729191
BAD 324137837719
BAD 324137837729
BAD 324137837731
BAD 324101153879
BAD 324101153881
BAD 324071761969
BAD 324071761973
BAD 323973224329
BAD 324120867541
BAD 324003311171
BAD 324120867547
BAD 324049481299
BAD 324102680777
BAD 324102680779
BAD 324102680791
BAD 323973939761
BAD 324003991169
BAD 324003991193
BAD 324103502717
BAD 324103502719
BAD 324103502753
BAD 324004380877
BAD 324140416147
BAD 324050798233
BAD 324140519723
BAD 324004664119
BAD 324050863249
BAD 324004767817
BAD 324051070111
BAD 324074784697
BAD 324051122953
BAD 323974797301
BAD 323974797329
BAD 324051273409
BAD 324104299711
BAD 324104391367
BAD 324005248969
BAD 324005562557
BAD 324075844559
BAD 324141918421
BAD 324142137173
BAD 324142137181
BAD 324124374887
BAD 324076795223
BAD 324006786899
BAD 324006786911
BAD 324006786913
BAD 324006786923
BAD 324106134283
BAD 324007649333
BAD 324007649341
BAD 324054449839
BAD 324054449843
BAD 324126470443
BAD 324126470453
BAD 324076954297
BAD 324077152843
BAD 324077451421
BAD 324055465537
BAD 324055465543
BAD 324056235829
BAD 324056499149
BAD 324108981047
BAD 324109053727
BAD 324056918929
BAD 324079312547
BAD 324079312549
BAD 324079312553
BAD 324109409249
BAD 324109409251
BAD 324109409257
BAD 324109610953
BAD 324109974373
BAD 324110377963
BAD 324083768917
BAD 324083768923
BAD 324084895109
BAD 324084895111
BAD 324084895133
BAD 324085598183
BAD 324085598191
BAD 324088328029
BAD 324027019583
BAD 324090728947
BAD 324090874637
BAD 324091728281
BAD 324091728283
BAD 324028968611
BAD 324028968631
BAD 324029326813
BAD 324092130181
BAD 324092900533
BAD 324092900543
BAD 324030887449
BAD 324030941491
BAD 324033301411
BAD 324034060463
BAD 324034060477
BAD 324034060489
BAD 324034060501
BAD 324035396029
BAD 324035396039
BAD 324036260657
BAD 324036260659
BAD 324036260663
BAD 324036661219
BAD 324036661243
BAD 324144796903
BAD 324144796907
BAD 324144796909
BAD 324037438799
BAD 324037438801
BAD 324038090303
BAD 324038090323
BAD 324145487089
BAD 324145487093
BAD 324145770293
BAD 324040337653
BAD 324146940709
BAD 324146940713
BAD 324147319763
BAD 324147319777
BAD 324147319781
BAD 324041188469
BAD 324041267471
BAD 324042363713
BAD 324149644673
BAD 324150354533
BAD 324150499597
BAD 324150563393
BAD 324152682883
BAD 324152965781
BAD 324152965783
BAD 324154690313
BAD 324159563041
BAD 324159668689
BAD 324160890409
BAD 324160890413
BAD 324194438839
BAD 324194438851
BAD 324161409569
BAD 324199008073
BAD 324199008083
BAD 324199008103
BAD 324199008109
BAD 324199036729
BAD 324199219969
BAD 324199219973
BAD 324199301359
BAD 324199700063
BAD 324199700107
BAD 324199700113
BAD 324200318647
BAD 324167218399
BAD 324167218409
BAD 324168013789
BAD 324168050209
BAD 324169812913
BAD 324169885337
BAD 324169885339
BAD 324204255413
BAD 324178116061
BAD 324170846183
BAD 324205161277
BAD 324205161281
BAD 324178779653
BAD 324205738333
BAD 324179354537
BAD 324179354539
BAD 324179358413
BAD 324179848873
BAD 324206992283
BAD 324206992289
BAD 324207164693
BAD 324173267927
BAD 324173267947
BAD 324181228639
BAD 324181228643
BAD 324207987293
BAD 324173909093
BAD 324173909099
BAD 324183794177
BAD 324184923329
BAD 324174856741
BAD 324174871297
BAD 324174871313
BAD 324187013153
BAD 324187176991
BAD 324176347669
BAD 324188758147
BAD 324188786729
BAD 324188786731
BAD 324189053119
BAD 324189053281
BAD 324189741541
BAD 324189741571
BAD 324189741587
BAD 324189741593
BAD 324190110553
BAD 324190110557
BAD 324190674811
BAD 324191741353
BAD 324191741359
BAD 324192046183
BAD 324177392873
BAD 324192562081
BAD 324192562091
BAD 324192562093
BAD 324194196793
BAD 324213760363
BAD 324215568727
BAD 324215979683
BAD 324216065293
BAD 324216065297
BAD 324216224821
BAD 324216984293
BAD 324217358483
BAD 324217439417
BAD 324217439419
BAD 324217439437
BAD 324219118009
BAD 324219258331
BAD 324220400327
BAD 324220400353
BAD 324221187611
BAD 324221871229
BAD 324222342931
BAD 324225066397
BAD 324225685153
BAD 324226238813
BAD 324226238821
BAD 324226238851
BAD 324228326479
BAD 324228634853
BAD 324229809901
BAD 324230390191
BAD 324235353917
BAD 324235353919
BAD 324235353961
BAD 324235353983
BAD 324295608443
BAD 324261786833
BAD 324296837113
BAD 324296837119
BAD 324296837131
BAD 324262410473
BAD 324262825043
BAD 324263925989
BAD 324263925991
BAD 324300038443
BAD 324269235571
BAD 324272681839
BAD 324273210323
BAD 324303645229
BAD 324274174951
BAD 324275014051
BAD 324276045349
BAD 324277666171
BAD 324307418543
BAD 324307418549
BAD 324307418551
BAD 324279131287
BAD 324279588173
BAD 324280144807
BAD 324281154523
BAD 324281415259
BAD 324282535261
BAD 324284685743
BAD 324284861753
BAD 324285303707
BAD 324285623749
BAD 324287416031
BAD 324290720153
BAD 324290720161
BAD 324291800381
BAD 324291800449
BAD 324291800453
BAD 324291800479
BAD 324292388767
BAD 324292442809
BAD 324292442813
BAD 324292442827
BAD 324294193829
BAD 324294193831
BAD 324497066717
BAD 324463056949
BAD 324497942059
BAD 324498828701
BAD 324498828713
BAD 324498828733
BAD 324499391971
BAD 324465666467
BAD 324499625969
BAD 324499625971
BAD 324499792711
BAD 324499792741
BAD 324466369639
BAD 324501569479
BAD 324468375113
BAD 324503119757
BAD 324469766251
BAD 324470101853
BAD 324470851097
BAD 324470851099
BAD 324470851147
BAD 324470851163
BAD 324470851171
BAD 324505800337
BAD 324472056619
BAD 324472150259
BAD 324247682401
BAD 324548954489
BAD 324473951993
BAD 324473952017
BAD 324473952053
BAD 324474609773
BAD 324474611459
BAD 324474611479
BAD 324474733643
BAD 324248921153
BAD 324550399583
BAD 324506514613
BAD 324506514623
BAD 324551081633
BAD 324551081641
BAD 324508051531
BAD 324508738493
BAD 324508738537
BAD 324553122437
BAD 324251847383
BAD 324251847397
BAD 324554127229
BAD 324510255301
BAD 324510433453
BAD 324554473891
BAD 324554473913
BAD 324511660481
BAD 324511660483
BAD 324511660489
BAD 324511660493
BAD 324477300943
BAD 324254563583
BAD 324511772693
BAD 324511772699
BAD 324511772701
BAD 324254695537
BAD 324477728473
BAD 324477728483
BAD 324477728489
BAD 324478008991
BAD 324478008997
BAD 324512268961
BAD 324255108139
BAD 324255108143
BAD 324255108157
BAD 324255161003
BAD 324556356541
BAD 324556356547
BAD 324479127043
BAD 324479127047
BAD 324556824517
BAD 324429692903
BAD 324429809279
BAD 324258485389
BAD 324430082827
BAD 324561276103
BAD 324561435361
BAD 324259359341
BAD 324259359343
BAD 324430910633
BAD 324562602289
BAD 324563244233
BAD 324563244463
BAD 324513379417
BAD 324513379459
BAD 324513379471
BAD 324513387239
BAD 324513387241
BAD 324432786289
BAD 324513642269
BAD 324513642293
BAD 324515942719
BAD 324434628319
BAD 324516691463
BAD 324516691469
BAD 324516691481
BAD 324516691483
BAD 324516804449
BAD 324517494797
BAD 324517494863
BAD 324517494871
BAD 324436217333
BAD 324436217363
BAD 324519774301
BAD 324519822469
BAD 324519822493
BAD 324520297589
BAD 324521999597
BAD 324521999603
BAD 324523364029
BAD 324524142763
BAD 324396406109
BAD 324442741549
BAD 324378932131
BAD 324378932149
BAD 324378932153
BAD 324345422627
BAD 324443127209
BAD 324524646179
BAD 324345722629
BAD 324345722639
BAD 324345722641
BAD 324524857213
BAD 324444405977
BAD 324444645493
BAD 324362640793
BAD 324445450169
BAD 324445450171
BAD 324347622373
BAD 324347670617
BAD 324381162689
BAD 324527330069
BAD 324330928717
BAD 324381842623
BAD 324400589719
BAD 324349494533
BAD 324311986153
BAD 324528396349
BAD 324312501523
BAD 324446135987
BAD 324382654181
BAD 324529499971
BAD 324365424731
BAD 324447248693
BAD 324350884201
BAD 324529500023
BAD 324332657161
BAD 324313836487
BAD 324529500041
BAD 324447248729
BAD 324402505621
BAD 324447248731
BAD 324529501243
BAD 324402505633
BAD 324447527777
BAD 324366109763
BAD 324333592417
BAD 324333592423
BAD 324333592433
BAD 324315500503
BAD 324315500507
BAD 324315500513
BAD 324383799301
BAD 324367300651
BAD 324449517113
BAD 324367797463
BAD 324335247739
BAD 324335247773
BAD 324352912867
BAD 324335335609
BAD 324336268733
BAD 324404411483
BAD 324368317309
BAD 324368317313
BAD 324368317373
BAD 324385542479
BAD 324385542493
BAD 324385542499
BAD 324368506087
BAD 324451011497
BAD 324451011499
BAD 324451011503
BAD 324353725159
BAD 324353725169
BAD 324336447803
BAD 324480904261
BAD 324369597323
BAD 324318690821
BAD 324318690823
BAD 324318724157
BAD 324318724159
BAD 324451967453
BAD 324386729921
BAD 324386729923
BAD 324337038107
BAD 324370113349
BAD 324405789797
BAD 324319575571
BAD 324387412267
BAD 324387412277
BAD 324412888493
BAD 324355198169
BAD 324482191619
BAD 324355198171
BAD 324355248223
BAD 324355248227
BAD 324355248229
BAD 324355248317
BAD 324355248319
BAD 324337471069
BAD 324320257673
BAD 324320275757
BAD 324320275759
BAD 324320301769
BAD 324320301779
BAD 324320301803
BAD 324482962891
BAD 324482962897
BAD 324482962913
BAD 324321451733
BAD 324321451739
BAD 324321451747
BAD 324321478553
BAD 324455030257
BAD 324455030261
BAD 324321907213
BAD 324321907219
BAD 324321907223
BAD 324321907229
BAD 324484249373
BAD 324338895011
BAD 324388865641
BAD 324407551291
BAD 324407551297
BAD 324407562049
BAD 324455967557
BAD 324455967559
BAD 324455967571
BAD 324407773387
BAD 324339446029
BAD 324339446033
BAD 324339499823
BAD 324339898793
BAD 324339898801
BAD 324484999019
BAD 324340004809
BAD 324340004819
BAD 324390029479
BAD 324323544641
BAD 324374160499
BAD 324323986037
BAD 324457096993
BAD 324457097017
BAD 324375295763
BAD 324358872493
BAD 324458425339
BAD 324392553259
BAD 324392766169
BAD 324487677443
BAD 324342239821
BAD 324325746643
BAD 324378223537
BAD 324393148993
BAD 324488759059
BAD 324361128173
BAD 324411285931
BAD 324342558343
BAD 324411381113
BAD 324342665183
BAD 324422737861
BAD 324361587301
BAD 324361587323
BAD 324412176191
BAD 324412176203
BAD 324489656209
BAD 324489656213
BAD 324394195291
BAD 324394195297
BAD 324394195303
BAD 324394195309
BAD 324489893369
BAD 324344056369
BAD 324344056373
BAD 324423954433
BAD 324490992323
BAD 324395331737
BAD 324395331739
BAD 324424524353
BAD 324492028537
BAD 324492204301
BAD 324492259393
BAD 324492259397
BAD 324428576267
BAD 324428576299
BAD 324495393259
BAD 324495393263
BAD 324495393269
BAD 324532254979
BAD 324532255007
BAD 324532255009
BAD 324532255013
BAD 324532805101
BAD 324535168861
BAD 324538259707
BAD 324538259711
BAD 324538259713
BAD 324542291699
BAD 324542291701
BAD 324542291707
BAD 324542325889
BAD 324580962221
BAD 324580962229
BAD 324542448931
BAD 324582274459
BAD 324582274463
BAD 324543974779
BAD 324544339919
BAD 324544339921
BAD 324544345759
BAD 324545159333
BAD 324545366441
BAD 324583437593
BAD 324583608577
BAD 324546260477
BAD 324585133513
BAD 324590683853
BAD 324591080819
BAD 324594341021
BAD 324594341023
BAD 324597054217
BAD 324599334679
BAD 324601731697
BAD 324601731703
BAD 324602315993
BAD 324602316001
BAD 324603896741
BAD 324612061777
BAD 324567379907
BAD 324567379909
BAD 324569278409
BAD 324571132447
BAD 324571317199
BAD 324571922603
BAD 324575535631
BAD 324575535637
BAD 324575999353
BAD 324576487021
BAD 324578039593
BAD 324579254459
BAD 324579874043
BAD 324616109113
BAD 324616109117
BAD 324616109119
BAD 324616109123
BAD 324616497589
BAD 324616497593
BAD 324617214289
BAD 324618569101
BAD 324620525927
BAD 324620818243
BAD 324621526777
BAD 324622193143
BAD 324631560863
BAD 324633839113
BAD 324622600811
BAD 324622600837
BAD 324634098751
BAD 324622749337
BAD 324623703647
BAD 324636846349
BAD 324636846353
BAD 324636846361
BAD 324636846367
BAD 324637354429
BAD 324639058973
BAD 324640199291
BAD 324640199293
BAD 324626464039
BAD 324627421403
BAD 324645124813
BAD 324645124819
BAD 324645124927
BAD 324645124987
BAD 324645598523
BAD 324645990811
BAD 324645998827
BAD 324645998849
BAD 324645998851
BAD 324646465061
BAD 324646465063
BAD 324646465067
BAD 324646695797
BAD 324646695799
BAD 324646950643
BAD 324628272029
BAD 324630283963
BAD 324630438229
BAD 324630438233
BAD 324649210573
BAD 324650030063
BAD 324650030071
BAD 324650656181
BAD 324650656189
BAD 324652632743
BAD 324652632751
BAD 324652686473
BAD 324654009137
BAD 324654214127
BAD 324654214133
BAD 324655760497
BAD 324655793393
BAD 324656744453
BAD 324657824611
BAD 324659078189
BAD 324660309989
BAD 324660309991
BAD 324660897811
BAD 324661743089
BAD 324662190991
BAD 324662737129
BAD 324662737141
BAD 324662737153
BAD 324664138717
BAD 324664138727
BAD 324664138753
BAD 324664138759
BAD 324664138763
BAD 324666387013
BAD 324669133819
BAD 324669133823
BAD 324669133853
BAD 324670796663
BAD 324671532863
BAD 324673173289
BAD 324674876257
BAD 324674876263
BAD 324675444397
BAD 324675614189
BAD 324675614191
BAD 324675821303
BAD 324676944523
BAD 324676944533
BAD 324677732303
BAD 324677732311
BAD 324678932887
BAD 324679359359
BAD 324679471267
BAD 324680012687
BAD 324680012689
BAD 324680086583
BAD 324681282061
BAD 324682590833
BAD 324683426341
BAD 324683981273
BAD 324684475189
BAD 324685587773
BAD 324685587781
BAD 324685587799
BAD 324687905797
BAD 324689776519
BAD 324689776531
BAD 324689957749
BAD 324734288443
BAD 324734288447
BAD 324734288449
BAD 324734288453
BAD 324691004039
BAD 324691004041
BAD 324691280789
BAD 324691280791
BAD 324691658803
BAD 324691658807
BAD 324738779723
BAD 324738779731
BAD 324739063039
BAD 324739063043
BAD 324692054419
BAD 324692382799
BAD 324698526101
BAD 324692683127
BAD 324692683129
BAD 324699327773
BAD 324699327809
BAD 324699327811
BAD 324699527387
BAD 324741653413
BAD 324741653419
BAD 324742041607
BAD 324742041653
BAD 324695500783
BAD 324702576193
BAD 324702576203
BAD 324743586953
BAD 324703091269
BAD 324696586483
BAD 324696833287
BAD 324744772087
BAD 324765618581
BAD 324767738039
BAD 324767738041
BAD 324708503341
BAD 324768437341
BAD 324711573911
BAD 324711573913
BAD 324711573917
BAD 324711573919
BAD 324770493379
BAD 324697505663
BAD 324772640453
BAD 324772640461
BAD 324773759071
BAD 324773867101
BAD 324774243397
BAD 324774823057
BAD 324775270559
BAD 324775270591
BAD 324776926291
BAD 324776926297
BAD 324779558101
BAD 324780728861
BAD 324780728863
BAD 324780728879
BAD 324781391707
BAD 324967386329
BAD 324968410861
BAD 324968410867
BAD 324968653039
BAD 324969174437
BAD 324973113901
BAD 324973929089
BAD 324977275501
BAD 324979499333
BAD 324979499359
BAD 324979572023
BAD 324849877453
BAD 324849995713
BAD 324851745331
BAD 324851886119
BAD 324852969169
BAD 324853060879
BAD 324853861639
BAD 324854752273
BAD 324855949409
BAD 324916292839
BAD 324856796359
BAD 324856796371
BAD 324857479703
BAD 324857479717
BAD 324857527811
BAD 324918652073
BAD 324918786391
BAD 324918786397
BAD 324858138601
BAD 324858138613
BAD 324748034491
BAD 324748034497
BAD 324919698443
BAD 324749298421
BAD 324749298443
BAD 324749298469
BAD 324749298473
BAD 324860075899
BAD 324751319443
BAD 324921577639
BAD 324716016743
BAD 324860075909
BAD 324921806063
BAD 324921806071
BAD 324815992961
BAD 324860443837
BAD 324861116423
BAD 324817343453
BAD 324861790703
BAD 324717836137
BAD 324817725233
BAD 324818616961
BAD 324818617009
BAD 324754322567
BAD 324754322569
BAD 324755688353
BAD 324756282241
BAD 324820883131
BAD 324820883137
BAD 324720373787
BAD 324756977483
BAD 324756977549
BAD 324756977551
BAD 324757000343
BAD 324757000349
BAD 324821800309
BAD 324757771501
BAD 324757771523
BAD 324757771543
BAD 324722031877
BAD 324799540621
BAD 324983048239
BAD 324822308719
BAD 324799540651
BAD 324757771549
BAD 324799540691
BAD 324983208323
BAD 324983294227
BAD 324831862133
BAD 324831862139
BAD 324831862141
BAD 324831862153
BAD 324831862261
BAD 324758147101
BAD 324758147149
BAD 324983729557
BAD 324983729563
BAD 324983729569
BAD 324933577613
BAD 324823545727
BAD 324926636659
BAD 324926636663
BAD 324800987059
BAD 324758885293
BAD 324833248021
BAD 324823869457
BAD 324723072643
BAD 324934864057
BAD 324723318443
BAD 324867166927
BAD 324927548129
BAD 324835406143
BAD 324781994291
BAD 324935068057
BAD 324825429857
BAD 324883174571
BAD 324987123871
BAD 324825429889
BAD 324987123887
BAD 324883174573
BAD 324987123889
BAD 324883174579
BAD 324987123893
BAD 324804554713
BAD 324883174943
BAD 324883174951
BAD 324804554717
BAD 324883174961
BAD 324804554719
BAD 324883174981
BAD 324987550037
BAD 324987550073
BAD 324867503353
BAD 324935561857
BAD 324935561869
BAD 324836409017
BAD 324836409019
BAD 324936134557
BAD 324936134563
BAD 324868503727
BAD 324929518961
BAD 324951433883
BAD 324936134569
BAD 324988445941
BAD 324837267641
BAD 324826621433
BAD 324759781649
BAD 324785915437
BAD 324826621439
BAD 324900873029
BAD 324868503731
BAD 324785915449
BAD 324807031789
BAD 324868503733
BAD 324884945603
BAD 324807031793
BAD 324936159893
BAD 324885082243
BAD 324807538193
BAD 324901653917
BAD 324901653919
BAD 324952825163
BAD 324808645013
BAD 324787635559
BAD 324886678499
BAD 324808800233
BAD 324953341831
BAD 324808999849
BAD 324762019559
BAD 324887389133
BAD 324829787939
BAD 324902760761
BAD 324724556423
BAD 324931672369
BAD 324870661153
BAD 324902760811
BAD 324842184143
BAD 324809536217
BAD 324992166533
BAD 324829787941
BAD 324789568951
BAD 324829787963
BAD 324953761283
BAD 324931875193
BAD 324931875197
BAD 324931875199
BAD 324931875211
BAD 324931875487
BAD 324724884947
BAD 324724884949
BAD 324992617667
BAD 324992617669
BAD 324992617673
BAD 324725061863
BAD 324842786881
BAD 324790252063
BAD 324871652333
BAD 324725642663
BAD 324791162123
BAD 324831529577
BAD 324937706503
BAD 324888923581
BAD 324831529579
BAD 324872521213
BAD 324994237237
BAD 324937706521
BAD 324727090489
BAD 324938087317
BAD 324727260329
BAD 324727260331
BAD 324812310139
BAD 324812324689
BAD 324812324693
BAD 324955365191
BAD 324955365193
BAD 324763597541
BAD 324995049629
BAD 324995271509
BAD 324727835611
BAD 324727835657
BAD 324727835659
BAD 324844878203
BAD 324955750531
BAD 324764267083
BAD 324956040263
BAD 324845553833
BAD 324792298819
BAD 324812970437
BAD 324812970439
BAD 324939329269
BAD 324728751779
BAD 324728751799
BAD 324874449331
BAD 324846500623
BAD 324846500653
BAD 324956740573
BAD 324813450349
BAD 324793255879
BAD 324793255883
BAD 324940257757
BAD 324940257791
BAD 324940257793
BAD 324957253241
BAD 324940381823
BAD 324957577171
BAD 324847477079
BAD 324847477081
BAD 324814256077
BAD 324876110753
BAD 324847900529
BAD 324998422093
BAD 324998422129
BAD 324876792329
BAD 324941639521
BAD 324941805373
BAD 324999093829
BAD 324999093833
BAD 324907939831
BAD 324907939847
BAD 324894465743
BAD 324795578917
BAD 324907939849
BAD 324795650251
BAD 324895349923
BAD 324909283817
BAD 324944577733
BAD 324944577739
BAD 324798279349
BAD 324798279361
BAD 324945620807
BAD 324945620809
BAD 324962084033
BAD 324962166943
BAD 324910420669
BAD 324910713593
BAD 324947498593
BAD 324911658133
BAD 324911721151
BAD 324965530073
BAD 324965530079
BAD 324965530081
BAD 325000264133
BAD 325000974097
BAD 324914072401
BAD 324914284861
BAD 324915194719
BAD 324915510781
BAD 325004982691
BAD 325004982719
BAD 325004982721
BAD 325007011961
BAD 325007230643
BAD 325007792209
BAD 325010289563
BAD 325010341687
BAD 325013210419
BAD 325014759803
BAD 325014759809
BAD 325016161751
BAD 325016161753
BAD 325050523981
BAD 325052228359
BAD 325054195343
BAD 325056801907
BAD 325058378707
BAD 325058378713
BAD 325058378753
BAD 325016719361
BAD 325016719369
BAD 325016719567
BAD 325060174451
BAD 325060220269
BAD 325060220273
BAD 325060220299
BAD 325017330329
BAD 325017330331
BAD 325017549203
BAD 325060931257
BAD 325061347549
BAD 325019268599
BAD 325019268601
BAD 325019720659
BAD 325019720671
BAD 325019830483
BAD 325019830489
BAD 325019830493
BAD 325019830501
BAD 325062244163
BAD 325063212437
BAD 325063212443
BAD 325063343981
BAD 325022434591
BAD 325022434609
BAD 325022434619
BAD 325022434621
BAD 325022434637
BAD 325022434643
BAD 325064842523
BAD 325025677307
BAD 325025677309
BAD 325066008067
BAD 325066416253
BAD 325029370249
BAD 325030526677
BAD 325030670827
BAD 325030670837
BAD 325031369251
BAD 325034827787
BAD 325034875421
BAD 325034875423
BAD 325039063799
BAD 325039063801
BAD 325040111269
BAD 325040111281
BAD 325041325261
BAD 325041325267
BAD 325041325283
BAD 325041776869
BAD 325042103401
BAD 325043584793
BAD 325044167053
BAD 325046256539
BAD 325046943779
BAD 325047765061
BAD 325048154147
BAD 325048154149
BAD 325048154159
BAD 325048154161
BAD 325100833063
BAD 325100833069
BAD 325102091683
BAD 325102281247
BAD 325102446871
BAD 325103502433
BAD 325103502443
BAD 325103976203
BAD 325104523729
BAD 325117079869
BAD 325107442981
BAD 325107936113
BAD 325107936119
BAD 325123802257
BAD 325124027387
BAD 325124877577
BAD 325124877619
BAD 325125047803
BAD 325125852241
BAD 325126644943
BAD 325126644949
BAD 325126644967
BAD 325126644979
BAD 325127192851
BAD 325127928919
BAD 325127928949
BAD 325129331017
BAD 325131781003
BAD 325132707049
BAD 325133078903
BAD 325133078911
BAD 325133078917
BAD 325133078923
BAD 325133078999
BAD 325133079001
BAD 325133079013
BAD 325133079017
BAD 325133245979
BAD 325133245981
BAD 325114491049
BAD 325114491101
BAD 325114491103
BAD 325068818329
BAD 325068818341
BAD 325068818353
BAD 325133766047
BAD 325069869109
BAD 325070584417
BAD 325070963993
BAD 325070964019
BAD 325076597003
BAD 325076597011
BAD 325076641429
BAD 325078210181
BAD 325078210229
BAD 325078210231
BAD 325081010183
BAD 325081337423
BAD 325081726643
BAD 325082449477
BAD 325082449487
BAD 325136842501
BAD 325136842507
BAD 325139866717
BAD 325141273493
BAD 325143018023
BAD 325146852169
BAD 325147973179
BAD 325148348179
BAD 325148706503
BAD 325149958963
BAD 325152311321
BAD 325152311327
BAD 325152311329
BAD 325152987563
BAD 325155523223
BAD 325155797069
BAD 325084456261
BAD 325084456267
BAD 325084456327
BAD 325084847509
BAD 325085251867
BAD 325085251871
BAD 325085251873
BAD 325085251877
BAD 325085251879
BAD 325087891111
BAD 325088417671
BAD 325157324159
BAD 325157324161
BAD 325089078841
BAD 325157639179
BAD 325157793601
BAD 325157793607
BAD 325091349421
BAD 325160254949
BAD 325160255011
BAD 325160702183
BAD 325160917069
BAD 325092361493
BAD 325161675599
BAD 325094194309
BAD 325095641077
BAD 325095641083
BAD 325095641089
BAD 325095908243
BAD 325095986191
BAD 325220394077
BAD 325220446423
BAD 325220446427
BAD 325096800473
BAD 325097576473
BAD 325097576483
BAD 325097576491
BAD 325222062731
BAD 325222062733
BAD 325163130349
BAD 325403393461
BAD 325222802731
BAD 325222945409
BAD 325404374461
BAD 325164240941
BAD 325164240943
BAD 325404653117
BAD 325165415221
BAD 325225193669
BAD 325407025343
BAD 325408026743
BAD 325408119409
BAD 325408119433
BAD 325408291031
BAD 325408415411
BAD 325408415777
BAD 325408415779
BAD 325227828203
BAD 325408539817
BAD 325409220061
BAD 325409220067
BAD 325229525813
BAD 325229525821
BAD 325229525827
BAD 325410481727
BAD 325231072219
BAD 325231595537
BAD 325231630831
BAD 325231630837
BAD 325412174383
BAD 325412174389
BAD 325232260993
BAD 325232304589
BAD 325098635027
BAD 325233235309
BAD 325233770161
BAD 325233770177
BAD 325099294159
BAD 325413613691
BAD 325413613699
BAD 325413613703
BAD 325414103389
BAD 325414103393
BAD 325414150771
BAD 325415629639
BAD 325415683741
BAD 325415867597
BAD 325417506091
BAD 325417506163
BAD 325319552017
BAD 325321599091
BAD 325321599103
BAD 325321718401
BAD 325324912631
BAD 325325436157
BAD 325325436167
BAD 325325436169
BAD 325325436173
BAD 325325913299
BAD 325329365371
BAD 325329525407
BAD 325329525439
BAD 325329938767
BAD 325329938771
BAD 325330768111
BAD 325334655109
BAD 325336693327
BAD 325336898647
BAD 325337106121
BAD 325237815061
BAD 325238189933
BAD 325238242187
BAD 325337998231
BAD 325238768303
BAD 325338456283
BAD 325368940201
BAD 325168093609
BAD 325169011183
BAD 325169273281
BAD 325169489641
BAD 325169702453
BAD 325169726683
BAD 325169726689
BAD 325341429613
BAD 325371604403
BAD 325371604409
BAD 325302345169
BAD 325372965133
BAD 325372991821
BAD 325303207861
BAD 325239967609
BAD 325240404089
BAD 325240404091
BAD 325240515079
BAD 325303763683
BAD 325304122771
BAD 325304208571
BAD 325172580437
BAD 325172580443
BAD 325172580451
BAD 325241664409
BAD 325285716059
BAD 325285716061
BAD 325285963969
BAD 325242423773
BAD 325306057543
BAD 325376552071
BAD 325376728493
BAD 325306329781
BAD 325174869673
BAD 325174869683
BAD 325174869697
BAD 325377700363
BAD 325243831729
BAD 325243831739
BAD 325243831741
BAD 325175207261
BAD 325175207263
BAD 325307523907
BAD 325307697961
BAD 325378536949
BAD 325269407227
BAD 325269930847
BAD 325269930851
BAD 325176614881
BAD 325379823079
BAD 325379823089
BAD 325379823091
BAD 325379947621
BAD 325310370373
BAD 325177072111
BAD 325310780693
BAD 325271245763
BAD 325381066613
BAD 325311997609
BAD 325311997613
BAD 325352229841
BAD 325294515529
BAD 325251835177
BAD 325383983893
BAD 325345185691
BAD 325202359213
BAD 325185338603
BAD 325352229859
BAD 325179255859
BAD 325352229863
BAD 325179255871
BAD 325352229899
BAD 325352229901
BAD 325274101861
BAD 325312054913
BAD 325179726661
BAD 325179726679
BAD 325202822911
BAD 325274555687
BAD 325252598131
BAD 325312406429
BAD 325312406431
BAD 325253370781
BAD 325253370787
BAD 325384989593
BAD 325181244769
BAD 325187541169
BAD 325297099951
BAD 325354252007
BAD 325276165243
BAD 325354252009
BAD 325247378663
BAD 325247378693
BAD 325182223109
BAD 325347948593
BAD 325313739811
BAD 325313739943
BAD 325348052639
BAD 325188274141
BAD 325314315379
BAD 325314943963
BAD 325249026931
BAD 325356264193
BAD 325349906359
BAD 325349906363
BAD 325183889383
BAD 325183889389
BAD 325356592643
BAD 325315474417
BAD 325357355173
BAD 325357355177
BAD 325357355179
BAD 325256534101
BAD 325250274551
BAD 325250274553
BAD 325256648243
BAD 325300552153
BAD 325206652879
BAD 325351806709
BAD 325351822847
BAD 325300954373
BAD 325351822849
BAD 325351822853
BAD 325317908627
BAD 325191353437
BAD 325279767019
BAD 325279767023
BAD 325279767037
BAD 325280519089
BAD 325280519093
BAD 325280644433
BAD 325192084171
BAD 325360545877
BAD 325209436571
BAD 325281483833
BAD 325281483841
BAD 325361489371
BAD 325361553053
BAD 325210533119
BAD 325210533121
BAD 325361780033
BAD 325362339889
BAD 325211351617
BAD 325193711963
BAD 325362614903
BAD 325282901921
BAD 325259438467
BAD 325283336957
BAD 325283708093
BAD 325284094489
BAD 325364298169
BAD 325284094493
BAD 325195791469
BAD 325215389689
BAD 325197356917
BAD 325197356921
BAD 325216774039
BAD 325261657711
BAD 325368675923
BAD 325200058499
BAD 325200058501
BAD 325386144901
BAD 325386613169
BAD 325386613171
BAD 325387547299
BAD 325387547311
BAD 325388288941
BAD 325391385113
BAD 325266882979
BAD 325266882991
BAD 325392453983
BAD 325398004703
BAD 325400134649
BAD 325400134651
BAD 325400818373
BAD 325420383559
BAD 325420383577
BAD 325420383581
BAD 325420383583
BAD 325420383593
BAD 325422525797
BAD 325422549619
BAD 325422549643
BAD 325423915477
BAD 325426464743
BAD 325426553239
BAD 325426906243
BAD 325427367347
BAD 325427696303
BAD 325436123773
BAD 325436513747
BAD 325436513749
BAD 325436513821
BAD 325428599953
BAD 325436559997
BAD 325430085439
BAD 325432150733
BAD 325442530729
BAD 325432641277
BAD 325432641283
BAD 325432719529
BAD 325443133681
BAD 325433198047
BAD 325433231407
BAD 325443695579
BAD 325443695581
BAD 325434474373
BAD 325434474377
BAD 325434484979
BAD 325434484981
BAD 325445396659
BAD 325445396663
BAD 325445396677
BAD 325445396797
BAD 325434735653
BAD 325435723121
BAD 325446630251
BAD 325450153619
BAD 325450153621
BAD 325450666741
BAD 325450666753
BAD 325451092559
BAD 325451092573
BAD 325452086807
BAD 325452086809
BAD 325452809029
BAD 325452893551
BAD 325452893581
BAD 325453406753
BAD 325456904161
BAD 325456904167
BAD 325457267143
BAD 325457267173
BAD 325458274829
BAD 325458274831
BAD 325458881947
BAD 325458881953
BAD 325460440883
BAD 325464481663
BAD 325467489121
BAD 325468563533
BAD 325486372951
BAD 325488008779
BAD 325488768559
BAD 325488768569
BAD 325488768571
BAD 325489973131
BAD 325490862079
BAD 325494270293
BAD 325496521079
BAD 325496521081
BAD 325497926693
BAD 325498297279
BAD 325499888191
BAD 325500281173
BAD 325500281177
BAD 325500281179
BAD 325500663101
BAD 325500725401
BAD 325502113463
BAD 325502113471
BAD 325503237187
BAD 325504805677
BAD 325504805683
BAD 325505421811
BAD 325506151381
BAD 325506151393
BAD 325506345739
BAD 325506899623
BAD 325507821311
BAD 325507821313
BAD 325509703553
BAD 325509703577
BAD 325510164391
BAD 325469653591
BAD 325470391591
BAD 325512258397
BAD 325471535821
BAD 325472094499
BAD 325472094581
BAD 325472094583
BAD 325472094613
BAD 325477802291
BAD 325477948387
BAD 325478343023
BAD 325478639341
BAD 325515302351
BAD 325515302353
BAD 325516164763
BAD 325482440753
BAD 325482440761
BAD 325482440771
BAD 325482440779
BAD 325483747999
BAD 325483748003
BAD 325484552927
BAD 325484759291
BAD 325516904903
BAD 325517073509
BAD 325518143257
BAD 325518143261
BAD 325518850973
BAD 325518850981
BAD 325520283821
BAD 325570167697
BAD 325554564793
BAD 325555224901
BAD 325572790667
BAD 325555479779
BAD 325555630223
BAD 325555653443
BAD 325556783567
BAD 325556783569
BAD 325556783611
BAD 325574724721
BAD 325558853909
BAD 325558853911
BAD 325559772481
BAD 325527778033
BAD 325576547089
BAD 325560071869
BAD 325577592833
BAD 325577592841
BAD 325577621731
BAD 325577794697
BAD 325577794699
BAD 325529971981
BAD 325562462783
BAD 325562462789
BAD 325562462791
BAD 325531125977
BAD 325580193163
BAD 325531125979
BAD 325580193167
BAD 325580212753
BAD 325580291089
BAD 325580615303
BAD 325580615309
BAD 325580672423
BAD 325532138717
BAD 325532138719
BAD 325582079903
BAD 325533447847
BAD 325533643271
BAD 325533687341
BAD 325533687343
BAD 325582773889
BAD 325583431427
BAD 325583431429
BAD 325583883893
BAD 325583883901
BAD 325535159959
BAD 325584221381
BAD 325584221419
BAD 325535562523
BAD 325562894131
BAD 325566173693
BAD 325567017499
BAD 325567017509
BAD 325567017511
BAD 325568979581
BAD 325568979583
BAD 325568979587
BAD 325569810353
BAD 325587764543
BAD 325592446381
BAD 325593180793
BAD 325595283413
BAD 325595442611
BAD 325595767759
BAD 325596187991
BAD 325596187993
BAD 325596188003
BAD 325597683239
BAD 325597683241
BAD 325599703727
BAD 325599703729
BAD 325600356217
BAD 325600630253
BAD 325600630259
BAD 325600630261
BAD 325600630273
BAD 325601304823
BAD 325603239259
BAD 325603239263
BAD 325536597271
BAD 325537460407
BAD 325538080597
BAD 325539594007
BAD 325540968061
BAD 325542764843
BAD 325542868967
BAD 325544131123
BAD 325544513257
BAD 325544513263
BAD 325545853333
BAD 325545853337
BAD 325621005767
BAD 325621005769
BAD 325547147449
BAD 325621259611
BAD 325621289743
BAD 325622128063
BAD 325622128103
BAD 325622401697
BAD 325622401703
BAD 325622676593
BAD 325671168653
BAD 325671168659
BAD 325671168661
BAD 325547491169
BAD 325624691059
BAD 325624691069
BAD 325624691071
BAD 325550502439
BAD 325676464733
BAD 325628363273
BAD 325676850353
BAD 325676850361
BAD 325550833189
BAD 325550833193
BAD 325678356587
BAD 325678356589
BAD 325678356593
BAD 325603690229
BAD 325603690231
BAD 325552308409
BAD 325628837153
BAD 325628837159
BAD 325681189979
BAD 325681189991
BAD 325681189993
BAD 325681386623
BAD 325606132471
BAD 325684800439
BAD 325684800443
BAD 325684800449
BAD 325608839753
BAD 325608839761
BAD 325608839767
BAD 325631931103
BAD 325631931113
BAD 325686152689
BAD 325686152699
BAD 325632773579
BAD 325632773581
BAD 325609946413
BAD 325633127333
BAD 325610199857
BAD 325634034463
BAD 325634633791
BAD 325613846153
BAD 325688327323
BAD 325635973367
BAD 325635973373
BAD 325689440779
BAD 325637000081
BAD 325689722923
BAD 325689890899
BAD 325616148031
BAD 325690496497
BAD 325690496503
BAD 325691460013
BAD 325619016493
BAD 325619016497
BAD 325619605811
BAD 325619605813
BAD 325619605847
BAD 325619605849
BAD 325619637779
BAD 325619637781
BAD 325695089359
BAD 325698532207
BAD 325698532223
BAD 325654742221
BAD 325701821131
BAD 325701970603
BAD 325701970609
BAD 325701970613
BAD 325701970621
BAD 325701983933
BAD 325658234987
BAD 325658234989
BAD 325658235041
BAD 325658235043
BAD 325805583353
BAD 325805583361
BAD 325658714573
BAD 325659958399
BAD 325807570771
BAD 325660597991
BAD 325660597993
BAD 325661226859
BAD 325808560109
BAD 325808560111
BAD 325808560117
BAD 325809081979
BAD 325662886957
BAD 325810108651
BAD 325663918301
BAD 325663918303
BAD 325810955479
BAD 325755442273
BAD 325709265533
BAD 325788749977
BAD 325759295333
BAD 325759561549
BAD 325789620281
BAD 325789620283
BAD 325669642489
BAD 325789912111
BAD 325760270893
BAD 325815441113
BAD 325789912117
BAD 325713315383
BAD 325762184987
BAD 325762184989
BAD 325669642499
BAD 325817996923
BAD 325818264599
BAD 325818264601
BAD 325724207363
BAD 325763565041
BAD 325724545943
BAD 325724545969
BAD 325724545973
BAD 325819997359
BAD 325716202783
BAD 325764850219
BAD 325764850223
BAD 325725619337
BAD 325725619339
BAD 325725619343
BAD 325792148797
BAD 325821367013
BAD 325821367043
BAD 325766793227
BAD 325766793229
BAD 325766793239
BAD 325766793241
BAD 325766793277
BAD 325766919319
BAD 325718609581
BAD 325766919329
BAD 325718609611
BAD 325767160021
BAD 325767160027
BAD 325767160031
BAD 325767160039
BAD 325793533469
BAD 325793533477
BAD 325639306471
BAD 325639306477
BAD 325639306481
BAD 325639306483
BAD 325720028009
BAD 325720370947
BAD 325768381669
BAD 325768408411
BAD 325720757581
BAD 325721017733
BAD 325795210051
BAD 325771641389
BAD 325768852589
BAD 325795908367
BAD 325640599831
BAD 325796704771
BAD 325797211403
BAD 325797211417
BAD 325772478637
BAD 325728763813
BAD 325728763817
BAD 325728763819
BAD 325728937067
BAD 325643259769
BAD 325799481713
BAD 325731105263
BAD 325731585043
BAD 325774871977
BAD 325731825983
BAD 325801978793
BAD 325645463093
BAD 325734876949
BAD 325734876953
BAD 325803438307
BAD 325778374171
BAD 325804378519
BAD 325804451449
BAD 325648679423
BAD 325781640329
BAD 325781725393
BAD 325648904599
BAD 325782236069
BAD 325782713491
BAD 325649638949
BAD 325649774563
BAD 325783504619
BAD 325738891409
BAD 325738891411
BAD 325650940529
BAD 325650949343
BAD 325739723273
BAD 325740366517
BAD 325740976123
BAD 325740976129
BAD 325740976133
BAD 325740976139
BAD 325652993873
BAD 325652993899
BAD 325652993903
BAD 325743290149
BAD 325743290161
BAD 325745233223
BAD 325745726869
BAD 325745726881
BAD 325746004093
BAD 325746155123
BAD 325746155149
BAD 325746434093
BAD 325746434107
BAD 325747580111
BAD 325749387793
BAD 325751100001
BAD 325753869697
BAD 325753928009
BAD 325822896877
BAD 325822896887
BAD 325822917887
BAD 325839789493
BAD 325839965333
BAD 325840048957
BAD 325840048987
BAD 325826984083
BAD 325827090317
BAD 325827099553
BAD 325828027321
BAD 325829080957
BAD 325845601399
BAD 325829778383
BAD 325846532383
BAD 325830756929
BAD 325830994043
BAD 325830994063
BAD 325830994067
BAD 325830994079
BAD 325830994081
BAD 325830994087
BAD 325848086413
BAD 325848086471
BAD 325848549163
BAD 325832531291
BAD 325832531293
BAD 325850655049
BAD 325850655061
BAD 325850905657
BAD 325851952109
BAD 325852016933
BAD 325833904651
BAD 325833904657
BAD 325852690613
BAD 325852690619
BAD 325854210751
BAD 325836747809
BAD 325855533439
BAD 325855533449
BAD 325857624097
BAD 325858902689
BAD 325859075093
BAD 325861988609
BAD 325861988611
BAD 325862765513
BAD 325869536021
BAD 325869536023
BAD 325871254003
BAD 325872397493
BAD 325873013449
BAD 325873013461
BAD 325873112291
BAD 325873112293
BAD 325873112297
BAD 325873128599
BAD 325882119637
BAD 325882119643
BAD 325884054283
BAD 325886633719
BAD 325886731273
BAD 325887312493
BAD 325888067809
BAD 325891094629
BAD 325892442529
BAD 325892920163
BAD 325906190741
BAD 325895861677
BAD 325895861699
BAD 325895861701
BAD 325906673431
BAD 325896574337
BAD 325907872531
BAD 325908553979
BAD 325908553981
BAD 325898634407
BAD 325898634409
BAD 325898634427
BAD 325900281367
BAD 325957823491
BAD 325958835229
BAD 325903937677
BAD 325904554343
BAD 325911646057
BAD 325912089353
BAD 325912976173
BAD 325963809827
BAD 325963919011
BAD 325963956407
BAD 325964707973
BAD 325965009563
BAD 325965009569
BAD 325965009571
BAD 325965009577
BAD 325914869587
BAD 325965401491
BAD 325966134727
BAD 325966134763
BAD 325967642491
BAD 325967747689
BAD 325967747701
BAD 325968151321
BAD 325916588381
BAD 325916588383
BAD 325916712739
BAD 325916712749
BAD 325939635517
BAD 325917298667
BAD 325917298669
BAD 325917298673
BAD 325940917219
BAD 325919670407
BAD 325919670409
BAD 325919670413
BAD 325919670421
BAD 325919697863
BAD 325920166237
BAD 325920166241
BAD 325920166249
BAD 325942889539
BAD 325943097811
BAD 325943265293
BAD 325971113459
BAD 325971113473
BAD 325946236403
BAD 325946236409
BAD 325971616171
BAD 325947271843
BAD 325947559339
BAD 325947559351
BAD 325972464833
BAD 325972508833
BAD 325972508861
BAD 325972508899
BAD 325949104081
BAD 325950853783
BAD 325952790313
BAD 325923830173
BAD 325924356103
BAD 325924945343
BAD 325925478743
BAD 325925823397
BAD 325926414173
BAD 325926844043
BAD 325926879253
BAD 325928643709
BAD 325928643713
BAD 325936171553
BAD 325936171559
BAD 325936171571
BAD 325936171573
BAD 325936798493
BAD 325937363039
BAD 325937363041
BAD 325937507543
BAD 325937507549
BAD 325937507551
BAD 325938811967
BAD 325938811969
BAD 325938811973
BAD 326024191547
BAD 326024191567
BAD 326024937949
BAD 325989661411
BAD 326025840487
BAD 325993663381
BAD 326008587943
BAD 325995016723
BAD 325995246601
BAD 326030343049
BAD 325995592103
BAD 326030848259
BAD 326009964901
BAD 326031335801
BAD 326010119791
BAD 326032222699
BAD 326011370011
BAD 326033799097
BAD 325997780869
BAD 326012919709
BAD 326012919721
BAD 325998133049
BAD 325998133051
BAD 325999682557
BAD 326000804119
BAD 326000804123
BAD 326001574909
BAD 326039516939
BAD 326004238243
BAD 326019826291
BAD 326019854821
BAD 326019854843
BAD 326019854863
BAD 326004640651
BAD 326020480897
BAD 326021180629
BAD 326021180767
BAD 326005351327
BAD 326208163601
BAD 326208641069
BAD 326208641071
BAD 325974952159
BAD 325975355183
BAD 326211535213
BAD 325978131811
BAD 326212604639
BAD 325979112659
BAD 325979112661
BAD 326213303903
BAD 325980795683
BAD 326215854241
BAD 326215854247
BAD 326215854257
BAD 326215854259
BAD 326215921799
BAD 325982242997
BAD 325982243009
BAD 325982610871
BAD 325984048759
BAD 325985531671
BAD 325985531681
BAD 326219614607
BAD 326219895541
BAD 326221464539
BAD 326224011437
BAD 326224011439
BAD 326224011481
BAD 326224125013
BAD 325988078161
BAD 326157621469
BAD 326140608473
BAD 326140608503
BAD 326158177931
BAD 326159874017
BAD 326160510737
BAD 326160510757
BAD 326145318283
BAD 326090523203
BAD 326090523217
BAD 326164474651
BAD 326164858619
BAD 326164858627
BAD 326091330017
BAD 326091330023
BAD 326091611669
BAD 326056833983
BAD 326056833989
BAD 326056834021
BAD 326124117593
BAD 326056834027
BAD 326170204379
BAD 326056834031
BAD 326056834043
BAD 326092525417
BAD 326057849003
BAD 326124837901
BAD 326107834699
BAD 326093828549
BAD 326058744353
BAD 326058805679
BAD 326058805691
BAD 326109095903
BAD 326125904231
BAD 326172304387
BAD 326126038039
BAD 326148301909
BAD 326095212463
BAD 326173130243
BAD 326126730737
BAD 326126730739
BAD 326126730757
BAD 326111695339
BAD 326149361519
BAD 326149960537
BAD 326127593983
BAD 326096695217
BAD 326150440547
BAD 326150440549
BAD 326112514733
BAD 326191873643
BAD 326098495253
BAD 326128545781
BAD 326061527681
BAD 326112844711
BAD 326112844723
BAD 326150839669
BAD 326113216843
BAD 326113216853
BAD 326129745593
BAD 326151583907
BAD 326151583909
BAD 326099996759
BAD 326114580097
BAD 326193825833
BAD 326114680967
BAD 326100594451
BAD 326115490619
BAD 326115490621
BAD 326115490627
BAD 326131159831
BAD 326131205599
BAD 326194893029
BAD 326116264031
BAD 326116264037
BAD 326116264039
BAD 326065093463
BAD 326101443211
BAD 326117248903
BAD 326174454769
BAD 326132519243
BAD 326117248907
BAD 326197244851
BAD 326117248909
BAD 326154234871
BAD 326117248913
BAD 326117248921
BAD 326117372627
BAD 326117372629
BAD 326174931157
BAD 326117576611
BAD 326175559343
BAD 326133107977
BAD 326155273999
BAD 326198692231
BAD 326198692247
BAD 326134640243
BAD 326134671211
BAD 326199948703
BAD 326101816993
BAD 326119710937
BAD 326201022971
BAD 326201022989
BAD 326201022991
BAD 326201022997
BAD 326120554943
BAD 326201202673
BAD 326074436783
BAD 326121425341
BAD 326074540579
BAD 326137167001
BAD 326202768719
BAD 326070890953
BAD 326182398679
BAD 326104364423
BAD 326182398733
BAD 326182510001
BAD 326182510009
BAD 326203048169
BAD 326071451071
BAD 326075690561
BAD 326072286893
BAD 326122486861
BAD 326072381251
BAD 326076344003
BAD 326123594647
BAD 326123594651
BAD 326123594653
BAD 326105995403
BAD 326105995427
BAD 326205516083
BAD 326106216097
BAD 326106216101
BAD 326106216103
BAD 326205986399
BAD 326205986401
BAD 326206393043
BAD 326206566253
BAD 326206566337
BAD 326139952493
BAD 326139998981
BAD 326139998983
BAD 326078291809
BAD 326207201449
BAD 326207542163
BAD 326186747483
BAD 326040533891
BAD 326040533893
BAD 326040581249
BAD 326080863263
BAD 326040733703
BAD 326041121743
BAD 326187839161
BAD 326082675749
BAD 326083130809
BAD 326083130827
BAD 326083344089
BAD 326083344091
BAD 326083738961
BAD 326189230519
BAD 326083924403
BAD 326044016723
BAD 326084358661
BAD 326084358667
BAD 326044263053
BAD 326190096391
BAD 326084792041
BAD 326085519689
BAD 326085519691
BAD 326086384009
BAD 326086856419
BAD 326087313337
BAD 326087313379
BAD 326088554333
BAD 326227743871
BAD 326228884129
BAD 326049528593
BAD 326049776947
BAD 326230990387
BAD 326230990391
BAD 326230990399
BAD 326230990409
BAD 326230990411
BAD 326050204621
BAD 326231941733
BAD 326051401343
BAD 326051618491
BAD 326235088981
BAD 326235088987
BAD 326235815713
BAD 326052694193
BAD 326053393669
BAD 326237492323
BAD 326054129287
BAD 326054533397
BAD 326238351167
BAD 326238351169
BAD 326238351181
BAD 326239966909
BAD 326241215437
BAD 326245061299
BAD 326245459087
BAD 326245459097
BAD 326245564927
BAD 326246766289
BAD 326246998117
BAD 326247925111
BAD 326248059859
BAD 326248379033
BAD 326248379053
BAD 326250600947
BAD 326250600953
BAD 326253771953
BAD 326253967673
BAD 326253967679
BAD 326253967681
BAD 326253967687
BAD 326254454473
BAD 326254483433
BAD 326254483469
BAD 326259199769
BAD 326259199813
BAD 326259199817
BAD 326259863851
BAD 326259863903
BAD 326259863911
BAD 326260119851
BAD 326260119853
BAD 326260119863
BAD 326261586509
BAD 326262023323
BAD 326264981477
BAD 326264981479
BAD 326266019399
BAD 326268502283
BAD 326269727263
BAD 326270283127
BAD 326270283137
BAD 326270283139
BAD 326270685967
BAD 326272514251
BAD 326272699873
BAD 326272699877
BAD 326273291221
BAD 326273291303
BAD 326341920043
BAD 326275909591
BAD 326275909601
BAD 326276401903
BAD 326276401907
BAD 326276401909
BAD 326344325063
BAD 326278991771
BAD 326279169143
BAD 326279554589
BAD 326279554591
BAD 326346826723
BAD 326346826727
BAD 326293467793
BAD 326280978011
BAD 326347774651
BAD 326280978013
BAD 326281281241
BAD 326281281427
BAD 326281439483
BAD 326281439521
BAD 326348357371
BAD 326281771867
BAD 326281771883
BAD 326282002687
BAD 326282267711
BAD 326282267713
BAD 326349088613
BAD 326349088633
BAD 326296626853
BAD 326296626857
BAD 326284056193
BAD 326284139899
BAD 326284139903
BAD 326350989689
BAD 326284266199
BAD 326297810281
BAD 326297810287
BAD 326298298769
BAD 326298298793
BAD 326298298801
BAD 326299287803
BAD 326353343893
BAD 326353343903
BAD 326300010433
BAD 326355729131
BAD 326355729173
BAD 326300010451
BAD 326355994733
BAD 326300548297
BAD 326301154609
BAD 326301154631
BAD 326301154717
BAD 326301154723
BAD 326357425453
BAD 326301749633
BAD 326301749647
BAD 326357991203
BAD 326308719199
BAD 326303675281
BAD 326303958691
BAD 326304074743
BAD 326304132247
BAD 326304132263
BAD 326286634829
BAD 326286634831
BAD 326309956639
BAD 326286844267
BAD 326286915307
BAD 326310351529
BAD 326310351533
BAD 326305422301
BAD 326305422307
BAD 326288243143
BAD 326288243159
BAD 326288243161
BAD 326288243167
BAD 326288966827
BAD 326289339931
BAD 326289617669
BAD 326289617671
BAD 326307570053
BAD 326318053223
BAD 326308229633
BAD 326323876343
BAD 326326180363
BAD 326378596267
BAD 326378596277
BAD 326327766263
BAD 326327766277
BAD 326379662527
BAD 326380962211
BAD 326381006779
BAD 326381006797
BAD 326381006803
BAD 326381300789
BAD 326381672503
BAD 326381672509
BAD 326330436403
BAD 326331359647
BAD 326331359657
BAD 326331359659
BAD 326331359663
BAD 326331359671
BAD 326383559287
BAD 326384569703
BAD 326385805069
BAD 326385805079
BAD 326331901087
BAD 326331955141
BAD 326332069837
BAD 326332658027
BAD 326333597041
BAD 326335891397
BAD 326337504173
BAD 326337515689
BAD 326337515729
BAD 326337515731
BAD 326387191783
BAD 326387905873
BAD 326389688533
BAD 326389688543
BAD 326390299519
BAD 326358805363
BAD 326391281627
BAD 326359677653
BAD 326359677659
BAD 326359677661
BAD 326359677667
BAD 326359864471
BAD 326360901331
BAD 326338263751
BAD 326361705433
BAD 326361705437
BAD 326361705451
BAD 326339770381
BAD 326339770423
BAD 326339937949
BAD 326339937953
BAD 326340231853
BAD 326340305273
BAD 326363099929
BAD 326363099963
BAD 326365411861
BAD 326365411871
BAD 326341501441
BAD 326341760509
BAD 326367118621
BAD 326367440219
BAD 326394598883
BAD 326370700867
BAD 326370708241
BAD 326370708247
BAD 326397500173
BAD 326372157079
BAD 326372791051
BAD 326399730079
BAD 326400462413
BAD 326404134113
BAD 326404437547
BAD 326404437551
BAD 326374841977
BAD 326374841987
BAD 326405879911
BAD 326374951043
BAD 326406336317
BAD 326406336323
BAD 326406633601
BAD 326406633613
BAD 326408020669
BAD 326408654347
BAD 326408654353
BAD 326408654371
BAD 326444555093
BAD 326447661923
BAD 326447861617
BAD 326448786283
BAD 326449985507
BAD 326449985509
BAD 326451434167
BAD 326451434171
BAD 326451861529
BAD 326453466421
BAD 326412075193
BAD 326453982733
BAD 326454268409
BAD 326454268411
BAD 326413152103
BAD 326413152119
BAD 326455639949
BAD 326455787299
BAD 326455787303
BAD 326456150653
BAD 326476486543
BAD 326476486579
BAD 326415686557
BAD 326416991137
BAD 326417501623
BAD 326417501629
BAD 326417501677
BAD 326417501681
BAD 326478767581
BAD 326458250623
BAD 326458250627
BAD 326458730431
BAD 326429073337
BAD 326429366761
BAD 326429422199
BAD 326429422201
BAD 326420364773
BAD 326431276757
BAD 326480039243
BAD 326433444769
BAD 326433444773
BAD 326433444781
BAD 326480927797
BAD 326481082693
BAD 326435284577
BAD 326435831521
BAD 326483550329
BAD 326436153443
BAD 326483866069
BAD 326483866073
BAD 326483866103
BAD 326483866129
BAD 326484339733
BAD 326440336163
BAD 326441590507
BAD 326487251731
BAD 326487515611
BAD 326577685507
BAD 326593666891
BAD 326593666901
BAD 326593666921
BAD 326578678339
BAD 326578814281
BAD 326489640053
BAD 326579547487
BAD 326579547491
BAD 326579547493
BAD 326579547499
BAD 326579863471
BAD 326579909959
BAD 326490110987
BAD 326490265081
BAD 326490928403
BAD 326581143961
BAD 326491452403
BAD 326492178083
BAD 326582683561
BAD 326582857361
BAD 326597568337
BAD 326583062723
BAD 326598083359
BAD 326598083363
BAD 326598083369
BAD 326584676723
BAD 326584676731
BAD 326585268173
BAD 326599550243
BAD 326461070071
BAD 326587833503
BAD 326461334267
BAD 326601340973
BAD 326601517111
BAD 326588617819
BAD 326588656133
BAD 326588921707
BAD 326602799407
BAD 326462498449
BAD 326590601963
BAD 326590601989
BAD 326590955573
BAD 326590960697
BAD 326590960699
BAD 326592185099
BAD 326465376079
BAD 326592515083
BAD 326593309817
BAD 326467557319
BAD 326467557331
BAD 326605147703
BAD 326605487269
BAD 326605487281
BAD 326607439943
BAD 326607546677
BAD 326509561759
BAD 326607546679
BAD 326509565387
BAD 326546147761
BAD 326644008203
BAD 326608247629
BAD 326608247633
BAD 326608247659
BAD 326547818749
BAD 326609620723
BAD 326609871499
BAD 326645806153
BAD 326471686291
BAD 326471686301
BAD 326472489503
BAD 326647467019
BAD 326647467023
BAD 326550281417
BAD 326550281419
BAD 326473562257
BAD 326493569209
BAD 326493569221
BAD 326473761409
BAD 326473761413
BAD 326527902829
BAD 326493821677
BAD 326493821681
BAD 326493821683
BAD 326648248261
BAD 326494015777
BAD 326475973433
BAD 326530282763
BAD 326561985821
BAD 326515010093
BAD 326648549191
BAD 326561985823
BAD 326561985833
BAD 326649124471
BAD 326562391171
BAD 326494930753
BAD 326494930757
BAD 326494930759
BAD 326562633391
BAD 326627531837
BAD 326627669723
BAD 326495609941
BAD 326651017229
BAD 326564245913
BAD 326628908521
BAD 326628979031
BAD 326651898427
BAD 326651898431
BAD 326652265531
BAD 326565104353
BAD 326565175711
BAD 326551090199
BAD 326518473419
BAD 326652661679
BAD 326652661681
BAD 326652661691
BAD 326565548693
BAD 326534138813
BAD 326498143949
BAD 326631706913
BAD 326551657513
BAD 326518776629
BAD 326652661693
BAD 326534174479
BAD 326534174503
BAD 326534174513
BAD 326534174543
BAD 326632194443
BAD 326632448119
BAD 326566327141
BAD 326566327147
BAD 326632630309
BAD 326534917183
BAD 326566969411
BAD 326520292999
BAD 326567419153
BAD 326567562757
BAD 326499325193
BAD 326499325199
BAD 326499325213
BAD 326654584913
BAD 326520962011
BAD 326521133803
BAD 326634152501
BAD 326634152521
BAD 326554232371
BAD 326554234007
BAD 326554257619
BAD 326568493583
BAD 326555015513
BAD 326500600009
BAD 326655854323
BAD 326522380259
BAD 326635104967
BAD 326635104979
BAD 326537225797
BAD 326500895821
BAD 326555418419
BAD 326522819369
BAD 326522819419
BAD 326522819423
BAD 326501186807
BAD 326501186813
BAD 326501186831
BAD 326501186833
BAD 326656737991
BAD 326556600301
BAD 326556600319
BAD 326556600323
BAD 326501977757
BAD 326501977759
BAD 326637163997
BAD 326637163999
BAD 326502860713
BAD 326657987137
BAD 326637593047
BAD 326504824469
BAD 326572206263
BAD 326504824487
BAD 326637593053
BAD 326504824549
BAD 326539844263
BAD 326637593057
BAD 326557953593
BAD 326637593059
BAD 326658276323
BAD 326540448229
BAD 326540448233
BAD 326558603131
BAD 326559126989
BAD 326559175373
BAD 326559396949
BAD 326559396953
BAD 326506328933
BAD 326659566241
BAD 326659566293
BAD 326659566347
BAD 326659566349
BAD 326541995089
BAD 326541995093
BAD 326610946939
BAD 326610946943
BAD 326660378533
BAD 326660378543
BAD 326542848283
BAD 326542848287
BAD 326612003453
BAD 326575190743
BAD 326575190749
BAD 326640669959
BAD 326640669961
BAD 326612892031
BAD 326509052063
BAD 326614098467
BAD 326614098469
BAD 326614338923
BAD 326616281143
BAD 326618405263
BAD 326618405303
BAD 326618405317
BAD 326621966273
BAD 326626963303
BAD 326665632173
BAD 326669069983
BAD 326669070017
BAD 326669070019
BAD 326669070023
BAD 326728631189
BAD 326670163559
BAD 326729432641
BAD 326729565889
BAD 326729759843
BAD 326729759989
BAD 326730153499
BAD 326674554413
BAD 326674947139
BAD 326674947143
BAD 326734338743
BAD 326734536949
BAD 326734536967
BAD 326734691303
BAD 326734999631
BAD 326734999639
BAD 326736650003
BAD 326736740909
BAD 326737490269
BAD 326737490279
BAD 326737490281
BAD 326739714667
BAD 326740060561
BAD 326740060573
BAD 326740171171
BAD 326740550831
BAD 326740550833
BAD 326741074853
BAD 326741757557
BAD 326743025183
BAD 326743025233
BAD 326743703863
BAD 326743703899
BAD 326743703903
BAD 326743893257
BAD 326744200537
BAD 326744209937
BAD 326710960507
BAD 326712182351
BAD 326712182353
BAD 326712182389
BAD 326712182393
BAD 326713986961
BAD 326713986983
BAD 326695427473
BAD 326696169013
BAD 326696234743
BAD 326696953477
BAD 326678485723
BAD 326678738471
BAD 326678738473
BAD 326679210337
BAD 326680599653
BAD 326680822073
BAD 326680822079
BAD 326680822081
BAD 326718332489
BAD 326718332491
BAD 326718464011
BAD 326718521719
BAD 326681393749
BAD 326682357637
BAD 326682357647
BAD 326682357649
BAD 326682357653
BAD 326701716739
BAD 326701872121
BAD 326701872127
BAD 326701872131
BAD 326718729067
BAD 326703421463
BAD 326718729109
BAD 326722025923
BAD 326722610339
BAD 326722610341
BAD 326722938469
BAD 326723105173
BAD 326723227969
BAD 326723227991
BAD 326723227993
BAD 326684168749
BAD 326686885549
BAD 326687413597
BAD 326687413601
BAD 326687413603
BAD 326687620253
BAD 326688692173
BAD 326691322099
BAD 326693029519
BAD 326780826107
BAD 326780826109
BAD 326781759841
BAD 326782517449
BAD 326785153553
BAD 326746934221
BAD 326747266253
BAD 326789149571
BAD 326789317747
BAD 326789317753
BAD 326789317759
BAD 326748701971
BAD 326748955943
BAD 326791313603
BAD 326750171123
BAD 326751485413
BAD 326751542671
BAD 326751914341
BAD 326752328059
BAD 326753424737
BAD 326753424763
BAD 326761565671
BAD 326761738477
BAD 326761738493
BAD 326761738559
BAD 326761738561
BAD 326761807249
BAD 326761807259
BAD 326761807261
BAD 326755161647
BAD 326755648001
BAD 326762588497
BAD 326756027933
BAD 326794253843
BAD 326757409529
BAD 326764301497
BAD 326764301503
BAD 326758540169
BAD 326758540177
BAD 326758540193
BAD 326758601107
BAD 326765424863
BAD 326766049879
BAD 326766049891
BAD 326766345911
BAD 326767550321
BAD 326768119291
BAD 326760649619
BAD 326760649643
BAD 326768700457
BAD 326768700499
BAD 326769539059
BAD 326770853839
BAD 326771122493
BAD 326771122499
BAD 326771122501
BAD 326771140987
BAD 326774284007
BAD 326774284009
BAD 326774284021
BAD 326777771167
BAD 326814596903
BAD 326815712143
BAD 326815712161
BAD 326819187571
BAD 326820297829
BAD 326821287553
BAD 326822772433
BAD 326822772443
BAD 326824227439
BAD 326825044339
BAD 326826138943
BAD 326826509551
BAD 326826509573
BAD 326827723951
BAD 326794785563
BAD 326795426029
BAD 326795426033
BAD 326796371987
BAD 326796371989
BAD 326796456227
BAD 326796456229
BAD 326796561529
BAD 326796912349
BAD 326797397041
BAD 326797397051
BAD 326797397053
BAD 326797659593
BAD 326800072351
BAD 326800349693
BAD 326800461739
BAD 326801450719
BAD 326803079543
BAD 326804251927
BAD 326805398041
BAD 326805531863
BAD 326805650683
BAD 326805860323
BAD 326807832529
BAD 326808756433
BAD 326809072801
BAD 326809249309
BAD 326809528819
BAD 326829925579
BAD 326830153861
BAD 326830174771
BAD 326830208167
BAD 326830208179
BAD 326830470469
BAD 326830579171
BAD 326834444647
BAD 326835035101
BAD 326835037951
BAD 326835037961
BAD 326836148357
BAD 326836550119
BAD 326839535783
BAD 326839679123
BAD 326840529293
BAD 326840795251
BAD 326840795269
BAD 326840795273
BAD 326841427411
BAD 326841440333
BAD 326842520839
BAD 326844797113
BAD 326863022839
BAD 326863022873
BAD 326863577333
BAD 326863585513
BAD 326863585523
BAD 326863641641
BAD 326845406023
BAD 326863771379
BAD 326845735217
BAD 326845735219
BAD 326864624363
BAD 326864624441
BAD 326864764561
BAD 326880421951
BAD 326881267681
BAD 326866931249
BAD 327047942303
BAD 326868037823
BAD 326868037831
BAD 326868037891
BAD 327048902513
BAD 326996193947
BAD 326996193949
BAD 327050037607
BAD 327050037661
BAD 327014411963
BAD 327014411981
BAD 327014411989
BAD 327014425351
BAD 327014425369
BAD 327014425379
BAD 327015323669
BAD 327015323671
BAD 327015446431
BAD 327015485557
BAD 326965017241
BAD 326946311071
BAD 327054583931
BAD 326885913049
BAD 326853724973
BAD 326946311093
BAD 326853724979
BAD 326853724999
BAD 326853812743
BAD 326946578281
BAD 326999107711
BAD 326854004699
BAD 326999107717
BAD 326946970879
BAD 326946970901
BAD 327034399129
BAD 326966212369
BAD 326966647453
BAD 326966647457
BAD 326966647459
BAD 326966647463
BAD 326966647471
BAD 326966647477
BAD 326855345911
BAD 326887110521
BAD 326887110533
BAD 327035083747
BAD 327035083757
BAD 327035083759
BAD 327035083763
BAD 327035163373
BAD 327017102651
BAD 327017102653
BAD 327056490799
BAD 327056490833
BAD 327017189167
BAD 326979975887
BAD 326979975899
BAD 326979975901
BAD 326949020921
BAD 327056672431
BAD 326888177269
BAD 326888274151
BAD 327001349627
BAD 327001521433
BAD 327001521437
BAD 327001732727
BAD 327001732741
BAD 326889073219
BAD 326968708993
BAD 326981509681
BAD 327036913439
BAD 327036942163
BAD 326981625673
BAD 326856681803
BAD 326981815763
BAD 327003202073
BAD 327003366211
BAD 327038171359
BAD 327058956223
BAD 327059104831
BAD 327004079933
BAD 326891193469
BAD 327059104837
BAD 327059104847
BAD 327021266483
BAD 326953152653
BAD 327060103849
BAD 327060103871
BAD 327060103873
BAD 326892076817
BAD 326912700683
BAD 326892363113
BAD 327060857489
BAD 327060857491
BAD 327060857527
BAD 327038817439
BAD 326954003953
BAD 327005859673
BAD 327038894599
BAD 327038894603
BAD 327038894621
BAD 326892950731
BAD 326892950809
BAD 326892950863
BAD 327061138981
BAD 327061138997
BAD 327061139003
BAD 327061139023
BAD 326859587611
BAD 326859603803
BAD 326985307423
BAD 327061942951
BAD 327005998223
BAD 326971885133
BAD 326913677303
BAD 326896670479
BAD 326954238649
BAD 327023710799
BAD 327039460081
BAD 327062169901
BAD 327006343343
BAD 326897081449
BAD 326897081503
BAD 326897081521
BAD 326954855881
BAD 327006728857
BAD 326972222321
BAD 326972222323
BAD 326860389439
BAD 326986234973
BAD 326986235083
BAD 326860533413
BAD 326869253747
BAD 326972454713
BAD 327007393651
BAD 326915155429
BAD 326915525213
BAD 326915527759
BAD 326861320369
BAD 326915779573
BAD 327025937411
BAD 327008481287
BAD 326987824921
BAD 326973206767
BAD 326973206771
BAD 326973206773
BAD 326899481749
BAD 326899481761
BAD 326988479569
BAD 326988479579
BAD 326988479581
BAD 326988479603
BAD 326988479627
BAD 326916194123
BAD 326899622963
BAD 326957773453
BAD 326957773459
BAD 327009841273
BAD 326900398871
BAD 326900398873
BAD 326989481669
BAD 326916827071
BAD 326900686699
BAD 326916854191
BAD 326916854197
BAD 326958391519
BAD 326958391523
BAD 326872880707
BAD 326872880729
BAD 326872880731
BAD 327028192613
BAD 326872880753
BAD 326958962543
BAD 327042404629
BAD 327011622521
BAD 327029017129
BAD 327011888947
BAD 327011888953
BAD 326959776551
BAD 326959776553
BAD 327043017193
BAD 327012593563
BAD 327012593569
BAD 327012762511
BAD 327012762563
BAD 326874507307
BAD 326930444713
BAD 326975349439
BAD 326903202607
BAD 326992164683
BAD 326918535803
BAD 326904263149
BAD 326904297157
BAD 326961877049
BAD 326961877051
BAD 326919297311
BAD 326904963139
BAD 326933124677
BAD 326876797679
BAD 326933459521
BAD 326920188901
BAD 326977132087
BAD 327045632269
BAD 326933882887
BAD 326920777333
BAD 326920907899
BAD 326920907903
BAD 326920907923
BAD 326921235313
BAD 326921235343
BAD 326978183183
BAD 326995596569
BAD 326978323523
BAD 326978379527
BAD 326978379529
BAD 326935250581
BAD 326922644627
BAD 326908793093
BAD 326979244489
BAD 326922850483
BAD 326936612423
BAD 326923234223
BAD 326910385939
BAD 326938359277
BAD 326938961851
BAD 326911020727
BAD 326924864117
BAD 326924864153
BAD 326911542679
BAD 326911542721
BAD 326925801079
BAD 326925827491
BAD 326926414433
BAD 326926414447
BAD 326940652589
BAD 326928102817
BAD 326928262457
BAD 326928262459
BAD 326942103623
BAD 326944755499
BAD 326944755503
BAD 327063278309
BAD 327096971437
BAD 327066307093
BAD 327066582049
BAD 327100780609
BAD 327068805709
BAD 327068996797
BAD 327101636347
BAD 327069009233
BAD 327069138013
BAD 327069138049
BAD 327072524413
BAD 327105941263
BAD 327107529313
BAD 327107529337
BAD 327107590093
BAD 327107991391
BAD 327077605123
BAD 327111397843
BAD 327078555721
BAD 327078986873
BAD 327111807653
BAD 327111931231
BAD 327115684267
BAD 327115684271
BAD 327116510269
BAD 327112892003
BAD 327112931573
BAD 327117983629
BAD 327119471309
BAD 327121193929
BAD 327123036221
BAD 327123489607
BAD 327123619687
BAD 327124243463
BAD 327125147443
BAD 327131753521
BAD 327131753527
BAD 327131753539
BAD 327131753549
BAD 327131753551
BAD 327125639663
BAD 327132143497
BAD 327132427681
BAD 327133371343
BAD 327133371361
BAD 327133667779
BAD 327127712581
BAD 327128384383
BAD 327129544099
BAD 327129782899
BAD 327130285697
BAD 327137557261
BAD 327138265087
BAD 327138265109
BAD 327138471773
BAD 327139522103
BAD 327139882463
BAD 327139882477
BAD 327139882493
BAD 327139882499
BAD 327139882501
BAD 327140066531
BAD 327140066543
BAD 327140328721
BAD 327140328727
BAD 327080026253
BAD 327146410783
BAD 327080649229
BAD 327084988943
BAD 327084988949
BAD 327085041869
BAD 327085073353
BAD 327088303127
BAD 327088303141
BAD 327089763859
BAD 327090144203
BAD 327092443081
BAD 327092976563
BAD 327093109711
BAD 327093109723
BAD 327094718191
BAD 327095569519
BAD 327095569531
BAD 327095569553
BAD 327164932921
BAD 327164932931
BAD 327164932933
BAD 327169694101
BAD 327169694113
BAD 327169694119
BAD 327169694123
BAD 327169694129
BAD 327169694237
BAD 327169694239
BAD 327169694249
BAD 327169694251
BAD 327171579617
BAD 327171579619
BAD 327173393083
BAD 327173630899
BAD 327173630929
BAD 327174919327
BAD 327175422803
BAD 327175422817
BAD 327176620721
BAD 327176620769
BAD 327178402591
BAD 327178402609
BAD 327179086229
BAD 327179086231
BAD 327179110673
BAD 327179110681
BAD 327180291443
BAD 327180342977
BAD 327198446609
BAD 327198446611
BAD 327199387943
BAD 327200578591
BAD 327204118561
BAD 327204530813
BAD 327204530819
BAD 327204530837
BAD 327204530839
BAD 327204733259
BAD 327205226749
BAD 327208686953
BAD 327209249629
BAD 327212005817
BAD 327212005819
BAD 327212005829
BAD 327212005831
BAD 327182564399
BAD 327183121549
BAD 327183509693
BAD 327183509707
BAD 327183946081
BAD 327184910413
BAD 327184970831
BAD 327184970839
BAD 327185724919
BAD 327185806699
BAD 327186996811
BAD 327188506009
BAD 327188506013
BAD 327188618641
BAD 327191698979
BAD 327192140711
BAD 327192140713
BAD 327216266521
BAD 327218684563
BAD 327218684603
BAD 327194388623
BAD 327194557013
BAD 327194924423
BAD 327219849689
BAD 327219849703
BAD 327221946421
BAD 327223091399
BAD 327223091401
BAD 327223091407
BAD 327223714273
BAD 327147688807
BAD 327148512617
BAD 327148512619
BAD 327148512623
BAD 327149153987
BAD 327149940083
BAD 327230527999
BAD 327230641823
BAD 327153316003
BAD 327153316013
BAD 327153316069
BAD 327153316073
BAD 327155303833
BAD 327155303837
BAD 327155303929
BAD 327155958013
BAD 327155958053
BAD 327155958319
BAD 327158101687
BAD 327158988523
BAD 327159051229
BAD 327161283331
BAD 327161349637
BAD 327401874427
BAD 327401874439
BAD 327402779269
BAD 327402779273
BAD 327402935677
BAD 327406065601
BAD 327406065631
BAD 327409427573
BAD 327409496963
BAD 327410692673
BAD 327412573283
BAD 327413980063
BAD 327414021091
BAD 327414021097
BAD 327414629431
BAD 327414629453
BAD 327435353359
BAD 327435676147
BAD 327435823579
BAD 327435823591
BAD 327435823669
BAD 327437032849
BAD 327437530843
BAD 327438542737
BAD 327438542749
BAD 327438662513
BAD 327438662519
BAD 327442484443
BAD 327442484461
BAD 327442522349
BAD 327443619991
BAD 327445478693
BAD 327446239739
BAD 327446239741
BAD 327446617153
BAD 327447661133
BAD 327231508381
BAD 327448655441
BAD 327232597519
BAD 327233346383
BAD 327233346403
BAD 327233589569
BAD 327450680209
BAD 327234858481
BAD 327236634883
BAD 327455854259
BAD 327455854261
BAD 327455854267
BAD 327456229561
BAD 327457507981
BAD 327458429609
BAD 327458590477
BAD 327501586367
BAD 327501586369
BAD 327518453723
BAD 327501752273
BAD 327501805669
BAD 327502551679
BAD 327502551683
BAD 327502918441
BAD 327520483949
BAD 327520483951
BAD 327520670339
BAD 327520758137
BAD 327462991663
BAD 327504054433
BAD 327504054439
BAD 327463505753
BAD 327463505801
BAD 327504553567
BAD 327315898387
BAD 327463837249
BAD 327316307783
BAD 327316344941
BAD 327464160629
BAD 327505171673
BAD 327464160631
BAD 327505171691
BAD 327464160641
BAD 327464160643
BAD 327521797489
BAD 327240793013
BAD 327317642401
BAD 327317642419
BAD 327465147187
BAD 327506745829
BAD 327506745833
BAD 327507098011
BAD 327319054427
BAD 327319054429
BAD 327319054441
BAD 327242370353
BAD 327242370373
BAD 327242370379
BAD 327242409743
BAD 327242409751
BAD 327319302187
BAD 327507792721
BAD 327319887563
BAD 327319998017
BAD 327320495507
BAD 327509019589
BAD 327525947851
BAD 327525947857
BAD 327526073527
BAD 327509942117
BAD 327509942119
BAD 327527052133
BAD 327527052137
BAD 327527081059
BAD 327245976553
BAD 327245976583
BAD 327527137253
BAD 327511400387
BAD 327511400389
BAD 327511400407
BAD 327247180963
BAD 327511502543
BAD 327247319999
BAD 327528360407
BAD 327512420869
BAD 327528886387
BAD 327324198857
BAD 327530208349
BAD 327530618689
BAD 327530618693
BAD 327325917119
BAD 327531296179
BAD 327531296269
BAD 327531296273
BAD 327514948769
BAD 327515660971
BAD 327327044293
BAD 327515924717
BAD 327515924719
BAD 327327525407
BAD 327416201839
BAD 327327525409
BAD 327328293511
BAD 327328510591
BAD 327301973951
BAD 327301973953
BAD 327382350991
BAD 327329127119
BAD 327329127121
BAD 327418454497
BAD 327418454501
BAD 327329168539
BAD 327302456573
BAD 327302456581
BAD 327303263491
BAD 327303263501
BAD 327303263503
BAD 327266120123
BAD 327384006533
BAD 327330838717
BAD 327330838721
BAD 327419926727
BAD 327266844913
BAD 327266844917
BAD 327266844923
BAD 327303958483
BAD 327304172453
BAD 327304425677
BAD 327304425689
BAD 327420976087
BAD 327420976093
BAD 327420976097
BAD 327420976111
BAD 327305335849
BAD 327305335853
BAD 327305335859
BAD 327305335873
BAD 327366546259
BAD 327366546263
BAD 327366546293
BAD 327385634453
BAD 327306119293
BAD 327281474629
BAD 327386274199
BAD 327306354829
BAD 327306354833
BAD 327281917609
BAD 327367698683
BAD 327282036337
BAD 327367806067
BAD 327367806071
BAD 327386974787
BAD 327386974793
BAD 327387529639
BAD 327387529717
BAD 327423443531
BAD 327423443533
BAD 327423577969
BAD 327388143331
BAD 327388143337
BAD 327308438887
BAD 327331999801
BAD 327283718063
BAD 327369285097
BAD 327369293767
BAD 327284439473
BAD 327284439479
BAD 327284439481
BAD 327424970809
BAD 327309836851
BAD 327285097291
BAD 327285189239
BAD 327285189241
BAD 327285189247
BAD 327310146859
BAD 327370908679
BAD 327370966861
BAD 327285639559
BAD 327285639679
BAD 327371340589
BAD 327371701093
BAD 327272758541
BAD 327272758543
BAD 327273037517
BAD 327273037519
BAD 327427185691
BAD 327286929469
BAD 327372545263
BAD 327372545267
BAD 327372545327
BAD 327335296703
BAD 327312896011
BAD 327391317971
BAD 327312896033
BAD 327312896059
BAD 327312925609
BAD 327313355293
BAD 327274761481
BAD 327313355297
BAD 327274761533
BAD 327313355339
BAD 327372605671
BAD 327372663559
BAD 327288160789
BAD 327288165823
BAD 327289006777
BAD 327336141073
BAD 327314497457
BAD 327314497459
BAD 327289279183
BAD 327289279189
BAD 327289279193
BAD 327314646853
BAD 327392224993
BAD 327336919223
BAD 327336992173
BAD 327392712727
BAD 327277219699
BAD 327277279223
BAD 327277279253
BAD 327337637113
BAD 327290508709
BAD 327290508733
BAD 327290585473
BAD 327431190019
BAD 327337989343
BAD 327337989347
BAD 327337989353
BAD 327338245417
BAD 327338733041
BAD 327279006469
BAD 327376429763
BAD 327376429843
BAD 327250596181
BAD 327250596187
BAD 327377340623
BAD 327340438583
BAD 327340438591
BAD 327294056899
BAD 327377681677
BAD 327280519933
BAD 327466938797
BAD 327349106543
BAD 327349106551
BAD 327294670699
BAD 327396747751
BAD 327349230839
BAD 327349230863
BAD 327349230889
BAD 327467440277
BAD 327341495353
BAD 327349836413
BAD 327252982321
BAD 327350283259
BAD 327467844173
BAD 327467844181
BAD 327296295889
BAD 327253353127
BAD 327296433559
BAD 327468505453
BAD 327468505457
BAD 327468505459
BAD 327468528721
BAD 327351231803
BAD 327342897803
BAD 327297327523
BAD 327297327557
BAD 327297327559
BAD 327352081373
BAD 327352081409
BAD 327381470753
BAD 327343837699
BAD 327343837789
BAD 327297616523
BAD 327254807623
BAD 327352712917
BAD 327352712941
BAD 327254959861
BAD 327344528197
BAD 327470401177
BAD 327353363423
BAD 327345615329
BAD 327354444589
BAD 327256702111
BAD 327347133661
BAD 327355331153
BAD 327355331159
BAD 327355331161
BAD 327534234529
BAD 327258241903
BAD 327258241907
BAD 327258597199
BAD 327356864357
BAD 327357484781
BAD 327357484787
BAD 327259933943
BAD 327474305551
BAD 327261072169
BAD 327261072227
BAD 327359387221
BAD 327537250741
BAD 327537250763
BAD 327537250783
BAD 327476099567
BAD 327476099569
BAD 327262539229
BAD 327476848903
BAD 327538302151
BAD 327539267933
BAD 327363111697
BAD 327478338491
BAD 327478338493
BAD 327540341221
BAD 327363989683
BAD 327480072811
BAD 327480072817
BAD 327480072839
BAD 327365144867
BAD 327365144879
BAD 327365144881
BAD 327482170493
BAD 327542452033
BAD 327542733733
BAD 327543740789
BAD 327545766959
BAD 327548244701
BAD 327548244703
BAD 327548244707
BAD 327548281771
BAD 327484608559
BAD 327487478909
BAD 327487478911
BAD 327487478917
BAD 327488715601
BAD 327488715613
BAD 327488872313
BAD 327488932831
BAD 327488965621
BAD 327490340389
BAD 327490340393
BAD 327490383841
BAD 327490719181
BAD 327490991131
BAD 327491317441
BAD 327491821099
BAD 327492107101
BAD 327492107123
BAD 327492107191
BAD 327493087297
BAD 327493388363
BAD 327493494793
BAD 327493957699
BAD 327493957711
BAD 327493957717
BAD 327495655813
BAD 327496692811
BAD 327498866047
BAD 327499051619
BAD 327550444343
BAD 327550732219
BAD 327550732231
BAD 327550732253
BAD 327552356723
BAD 327552356731
BAD 327553871237
BAD 327553875247
BAD 327556065673
BAD 327556602083
BAD 327556602253
BAD 327556602271
BAD 327556602277
BAD 327556602281
BAD 327561780631
BAD 327561966097
BAD 327561966113
BAD 327580444313
BAD 327581713733
BAD 327582679087
BAD 327582679091
BAD 327582679093
BAD 327586019239
BAD 327617212771
BAD 327617212777
BAD 327618239539
BAD 327591449881
BAD 327619976023
BAD 327619976029
BAD 327595126949
BAD 327595126951
BAD 327623040541
BAD 327596947649
BAD 327596947651
BAD 327625164299
BAD 327625164301
BAD 327598363009
BAD 327598363013
BAD 327598363073
BAD 327626162821
BAD 327626162833
BAD 327626846971
BAD 327628476317
BAD 327653193919
BAD 327628729969
BAD 327628887031
BAD 327653862779
BAD 327654205537
BAD 327654938813
BAD 327630372383
BAD 327600950561
BAD 327600950563
BAD 327631010059
BAD 327656298049
BAD 327631513343
BAD 327631513357
BAD 327657292063
BAD 327657441977
BAD 327632443231
BAD 327658235803
BAD 327658235809
BAD 327658235813
BAD 327603789277
BAD 327604071409
BAD 327604071413
BAD 327604275941
BAD 327604800899
BAD 327606700979
BAD 327606701029
BAD 327606701047
BAD 327664220071
BAD 327665684029
BAD 327666008389
BAD 327666712427
BAD 327666712433
BAD 327613230547
BAD 327613828219
BAD 327613996627
BAD 327686763757
BAD 327688381351
BAD 327919944829
BAD 327920234437
BAD 327689778679
BAD 327690497257
BAD 327922487597
BAD 327691406183
BAD 327692527433
BAD 327692835473
BAD 327694400953
BAD 327926300123
BAD 327926850179
BAD 327928653683
BAD 327755100877
BAD 327755165083
BAD 327931146721
BAD 327931178879
BAD 327756140611
BAD 327931492087
BAD 327931492093
BAD 327757699613
BAD 327932812133
BAD 327933021301
BAD 327933178273
BAD 327933471029
BAD 327933471031
BAD 327933471037
BAD 327761107657
BAD 327761351539
BAD 327761351543
BAD 327761588933
BAD 327764219843
BAD 327639104867
BAD 327639723253
BAD 327902576173
BAD 327641692283
BAD 327903641539
BAD 327642451463
BAD 327642451489
BAD 327642752179
BAD 327642752183
BAD 327642821237
BAD 327643037089
BAD 327643656443
BAD 327645532891
BAD 327937126807
BAD 327937126813
BAD 327937126849
BAD 327937164901
BAD 327852382843
BAD 327906140603
BAD 327646674863
BAD 327646674871
BAD 327852600883
BAD 327852600899
BAD 327906973073
BAD 327906973081
BAD 327852808963
BAD 327907292417
BAD 327854590493
BAD 327854590501
BAD 327940285403
BAD 327940285469
BAD 327940285471
BAD 327940290973
BAD 327940402549
BAD 327649222403
BAD 327909856849
BAD 327941082067
BAD 327650265983
BAD 327785615401
BAD 327785615407
BAD 327910882163
BAD 327942209531
BAD 327911201599
BAD 327857606341
BAD 327911611127
BAD 327911611129
BAD 327911992999
BAD 327911993009
BAD 327858334159
BAD 327787234403
BAD 327787234409
BAD 327858670043
BAD 327787754033
BAD 327858831187
BAD 327668059891
BAD 327945209467
BAD 327669187633
BAD 327669187639
BAD 327946087849
BAD 327946087853
BAD 327670187959
BAD 327670187993
BAD 327670188017
BAD 327702158029
BAD 327702158033
BAD 327670735663
BAD 327888140873
BAD 327888204619
BAD 327734390993
BAD 327671602693
BAD 327671602697
BAD 327888842509
BAD 327734855183
BAD 327947432809
BAD 327947432821
BAD 327671807171
BAD 327671807173
BAD 327703380569
BAD 327703380577
BAD 327947613473
BAD 327889771879
BAD 327889771883
BAD 327862360831
BAD 327672626653
BAD 327736117903
BAD 327704505503
BAD 327672626657
BAD 327792051319
BAD 327704505539
BAD 327704505547
BAD 327704505551
BAD 327704505553
BAD 327890022853
BAD 327736302503
BAD 327890494627
BAD 327890494637
BAD 327890494639
BAD 327890494643
BAD 327820475509
BAD 327820475513
BAD 327820475539
BAD 327820475551
BAD 327820475603
BAD 327949675099
BAD 327792691253
BAD 327736766209
BAD 327736766213
BAD 327736766221
BAD 327792840901
BAD 327863606071
BAD 327950078017
BAD 327950078021
BAD 327805633237
BAD 327706869079
BAD 327822238321
BAD 327674257609
BAD 327794211473
BAD 327863931053
BAD 327674257613
BAD 327739338781
BAD 327739338811
BAD 327739480009
BAD 327950323343
BAD 327707283203
BAD 327707283209
BAD 327707283217
BAD 327707283223
BAD 327707283229
BAD 327674591483
BAD 327950630023
BAD 327770533513
BAD 327770533529
BAD 327950916353
BAD 327795484747
BAD 327795974893
BAD 327795974897
BAD 327795974899
BAD 327795974903
BAD 327795974929
BAD 327796041919
BAD 327796042081
BAD 327869734501
BAD 327741051587
BAD 327808145417
BAD 327823745537
BAD 327808145419
BAD 327796502323
BAD 327741051593
BAD 327952236281
BAD 327808240079
BAD 327895775269
BAD 327796854631
BAD 327742009489
BAD 327797338081
BAD 327772960777
BAD 327773002423
BAD 327866652493
BAD 327866770927
BAD 327710544971
BAD 327678691079
BAD 327798119171
BAD 327798119177
BAD 327798119213
BAD 327798119221
BAD 327798119227
BAD 327810408007
BAD 327810408073
BAD 327867084211
BAD 327867084217
BAD 327867084221
BAD 327867084227
BAD 327867084229
BAD 327898066429
BAD 327679047973
BAD 327679047979
BAD 327743582513
BAD 327679166413
BAD 327873228413
BAD 327873228421
BAD 327873228427
BAD 327810974093
BAD 327873390269
BAD 327873390277
BAD 327873390281
BAD 327873390293
BAD 327873390301
BAD 327873390311
BAD 327798694229
BAD 327826656533
BAD 327867538939
BAD 327867569347
BAD 327811348937
BAD 327811348939
BAD 327718211087
BAD 327718211089
BAD 327775569013
BAD 327874147357
BAD 327874147361
BAD 327718494689
BAD 327827475823
BAD 327827475827
BAD 327680005561
BAD 327680319823
BAD 327745454503
BAD 327745454563
BAD 327745518943
BAD 327745518949
BAD 327745518953
BAD 327900115943
BAD 327777035899
BAD 327777035903
BAD 327777059303
BAD 327828731623
BAD 327828731627
BAD 327777231857
BAD 327900413383
BAD 327746282839
BAD 327681166867
BAD 327681166871
BAD 327681166873
BAD 327681177233
BAD 327813819439
BAD 327900915913
BAD 327900930751
BAD 327876305699
BAD 327876305707
BAD 327681499099
BAD 327681499111
BAD 327714141847
BAD 327681754957
BAD 327876920429
BAD 327876920431
BAD 327876920471
BAD 327715220153
BAD 327830482883
BAD 327748832641
BAD 327830646181
BAD 327749299763
BAD 327749299781
BAD 327749299783
BAD 327749299789
BAD 327780483577
BAD 327749644367
BAD 327716297023
BAD 327878063813
BAD 327815652259
BAD 327832033273
BAD 327716837491
BAD 327716837509
BAD 327816003901
BAD 327878781709
BAD 327878854757
BAD 327878854759
BAD 327880288433
BAD 327880288471
BAD 327783938863
BAD 327881812637
BAD 327881812639
BAD 327881812649
BAD 327881812651
BAD 327882027601
BAD 327882598273
BAD 327883287997
BAD 327724868591
BAD 327724868593
BAD 327725324629
BAD 327727197257
BAD 327727872247
BAD 327727872259
BAD 327727872271
BAD 327727957103
BAD 327728982323
BAD 327729219421
BAD 327730412593
BAD 327732181471
BAD 327733247167
BAD 327733451303
BAD 327836241961
BAD 327837754529
BAD 327837754537
BAD 327838069787
BAD 327838069789
BAD 327839038741
BAD 327840337973
BAD 327843946117
BAD 327845588599
BAD 327847755733
BAD 327847755737
BAD 327848701151
BAD 327849415997
BAD 327969504329
BAD 327970930283
BAD 327972033583
BAD 327972330107
BAD 327972939353
BAD 327973329919
BAD 327976875119
BAD 327977941721
BAD 327977941723
BAD 327952870369
BAD 327980344843
BAD 327953948017
BAD 327981234263
BAD 327981457253
BAD 327954524567
BAD 327982178143
BAD 327955145731
BAD 327982514473
BAD 327956479021
BAD 327957038887
BAD 327985367299
BAD 327958879439
BAD 327958879441
BAD 327959394493
BAD 327959590471
BAD 327959590477
BAD 327963087943
BAD 327964553647
BAD 327965163377
BAD 327965364227
BAD 327965364229
BAD 327968228963
BAD 328069864399
BAD 328086817141
BAD 328069864403
BAD 328070692589
BAD 328087995623
BAD 328088298121
BAD 328088616811
BAD 328088616827
BAD 328088616829
BAD 328088733509
BAD 328088974861
BAD 328073252891
BAD 328073252893
BAD 328073308663
BAD 328074203819
BAD 328092379897
BAD 328094366503
BAD 328094366527
BAD 328094415853
BAD 328094428999
BAD 328095347947
BAD 328095347963
BAD 328095348017
BAD 328095348019
BAD 328095828589
BAD 327988007833
BAD 328075596439
BAD 328098016177
BAD 328076485727
BAD 328076485747
BAD 328076510039
BAD 327990435853
BAD 328077473183
BAD 327991402399
BAD 328100290123
BAD 328100802199
BAD 327992249147
BAD 327992345671
BAD 328101017371
BAD 327992486581
BAD 327993065371
BAD 327993065377
BAD 327993785773
BAD 327993785783
BAD 328079724139
BAD 327994016599
BAD 328080517943
BAD 327994923079
BAD 327994923083
BAD 327994968913
BAD 327995327089
BAD 327995734387
BAD 327995891753
BAD 327997331009
BAD 327997412251
BAD 328040133859
BAD 328040133877
BAD 328040133881
BAD 327997858501
BAD 327999551227
BAD 328138447873
BAD 328138671473
BAD 328084960859
BAD 328000715071
BAD 328042343921
BAD 328085739053
BAD 328043944819
BAD 328141676461
BAD 328142796781
BAD 328046061197
BAD 328046061199
BAD 328338941479
BAD 328144895213
BAD 328047991417
BAD 328047991423
BAD 328047991429
BAD 328146570937
BAD 328342303699
BAD 328342366369
BAD 328049871931
BAD 328049871937
BAD 328049871943
BAD 328148615051
BAD 328051784813
BAD 328345387633
BAD 328345387651
BAD 328345480139
BAD 328052273287
BAD 328052273293
BAD 328052545003
BAD 328346603483
BAD 328152210653
BAD 328347952279
BAD 328152286471
BAD 328152286477
BAD 328349222029
BAD 328350476749
BAD 328352621813
BAD 328353401947
BAD 328353581483
BAD 328353581587
BAD 328022808349
BAD 328023791047
BAD 328024571899
BAD 328025053417
BAD 328053372121
BAD 328053804629
BAD 328053804647
BAD 328054203881
BAD 328027451503
BAD 328028908489
BAD 328056134753
BAD 328057754501
BAD 328057754683
BAD 328057754707
BAD 328030892719
BAD 328030926281
BAD 328030926283
BAD 328031610661
BAD 328031610667
BAD 328031770763
BAD 328031770771
BAD 328031770799
BAD 328204851001
BAD 328204951601
BAD 328204951603
BAD 328204951609
BAD 328205028799
BAD 328060300423
BAD 328033935623
BAD 328206538427
BAD 328034095547
BAD 328034095549
BAD 328034095553
BAD 328034095561
BAD 328034095567
BAD 328207359847
BAD 328035139363
BAD 328005200023
BAD 328209100003
BAD 328005656731
BAD 328006076719
BAD 328006076729
BAD 328006581739
BAD 328006581743
BAD 328065508349
BAD 328066264451
BAD 328066264453
BAD 328066264457
BAD 328066264459
BAD 328008839987
BAD 328008839989
BAD 328067140133
BAD 328067332391
BAD 328221289663
BAD 328010153837
BAD 328010153839
BAD 328068176827
BAD 328011587447
BAD 328222211101
BAD 328068496859
BAD 328222888471
BAD 328222888481
BAD 328222968889
BAD 328222968893
BAD 328068823013
BAD 328068823031
BAD 328122153313
BAD 328122699161
BAD 328187667889
BAD 328214222857
BAD 328214222893
BAD 328214222899
BAD 328237934917
BAD 328237934939
BAD 328237935001
BAD 328238136091
BAD 328238136097
BAD 328188392603
BAD 328188510977
BAD 328188510983
BAD 328188510997
BAD 328215018589
BAD 328215018601
BAD 328226242093
BAD 328016023441
BAD 328239159551
BAD 328239159553
BAD 328239159557
BAD 328239159559
BAD 328124999359
BAD 328125387397
BAD 328288477549
BAD 328288477553
BAD 328288477579
BAD 328189816291
BAD 328125819961
BAD 328126121509
BAD 328126121513
BAD 328216455443
BAD 328228605109
BAD 328228605113
BAD 328018171051
BAD 328018171057
BAD 328240966411
BAD 328241242969
BAD 328229489611
BAD 328229489617
BAD 328128074389
BAD 328128074399
BAD 328128074401
BAD 328128074411
BAD 328218183697
BAD 328230389009
BAD 328128244231
BAD 328218612949
BAD 328230899963
BAD 328242456097
BAD 328242456103
BAD 328128821947
BAD 328128821971
BAD 328219010683
BAD 328219010689
BAD 328292265479
BAD 328292265481
BAD 328219393301
BAD 328219393303
BAD 328129429063
BAD 328129429079
BAD 328129429081
BAD 328244010769
BAD 328130230951
BAD 328130230957
BAD 328193682031
BAD 328193682049
BAD 328293424967
BAD 328293437119
BAD 328194175591
BAD 328293697357
BAD 328233915577
BAD 328234336021
BAD 328176815699
BAD 328176815797
BAD 328235445233
BAD 328235445289
BAD 328323710941
BAD 328104102541
BAD 328323943793
BAD 328235823653
BAD 328177692827
BAD 328133873869
BAD 328134058771
BAD 328248455617
BAD 328295331383
BAD 328178200481
BAD 328178200487
BAD 328178200489
BAD 328178200543
BAD 328248964801
BAD 328178717137
BAD 328178947331
BAD 328178947451
BAD 328295859641
BAD 328295859643
BAD 328135411369
BAD 328296197149
BAD 328250047319
BAD 328179921217
BAD 328135841069
BAD 328326718163
BAD 328198054913
BAD 328180645937
BAD 328180645939
BAD 328251455869
BAD 328251455879
BAD 328251455893
BAD 328251455897
BAD 328251455899
BAD 328327835741
BAD 328327851937
BAD 328327851941
BAD 328181043661
BAD 328106766367
BAD 328106766371
BAD 328106766373
BAD 328181466311
BAD 328181466313
BAD 328107073439
BAD 328298122541
BAD 328199697703
BAD 328253162417
BAD 328253162423
BAD 328299121127
BAD 328274935201
BAD 328275014959
BAD 328299444383
BAD 328299444397
BAD 328254471277
BAD 328275932819
BAD 328275932821
BAD 328331439283
BAD 328275976879
BAD 328331496613
BAD 328331496617
BAD 328185335123
BAD 328185749303
BAD 328185749341
BAD 328202095787
BAD 328302001303
BAD 328302714167
BAD 328302714169
BAD 328302714227
BAD 328109856803
BAD 328109856817
BAD 328187023379
BAD 328278051721
BAD 328278051757
BAD 328278051767
BAD 328110444553
BAD 328278282439
BAD 328278282443
BAD 328257556741
BAD 328279292543
BAD 328335949261
BAD 328279394629
BAD 328258295251
BAD 328258295411
BAD 328258295413
BAD 328258295419
BAD 328258810043
BAD 328258810049
BAD 328112794007
BAD 328337481259
BAD 328355665879
BAD 328280943649
BAD 328113794453
BAD 328260017749
BAD 328356711653
BAD 328357348201
BAD 328283541811
BAD 328116691193
BAD 328359814843
BAD 328285684039
BAD 328286042957
BAD 328286042963
BAD 328156018951
BAD 328361050967
BAD 328118781313
BAD 328305433297
BAD 328305433307
BAD 328305710071
BAD 328362630811
BAD 328362630823
BAD 328362630833
BAD 328362630839
BAD 328362630847
BAD 328362630881
BAD 328362724309
BAD 328306645427
BAD 328306645439
BAD 328306645441
BAD 328158779749
BAD 328267419289
BAD 328363469573
BAD 328159011091
BAD 328363488379
BAD 328159272019
BAD 328159272029
BAD 328307500949
BAD 328307500951
BAD 328159522993
BAD 328159522997
BAD 328159523011
BAD 328268226431
BAD 328159971983
BAD 328364703613
BAD 328364703619
BAD 328308611123
BAD 328269653953
BAD 328309269877
BAD 328161325523
BAD 328366456267
BAD 328310139733
BAD 328310642173
BAD 328367524099
BAD 328367753881
BAD 328368297811
BAD 328312088233
BAD 328164573109
BAD 328369572823
BAD 328369788083
BAD 328369788091
BAD 328369834787
BAD 328313019961
BAD 328369834789
BAD 328165885871
BAD 328313529653
BAD 328313529767
BAD 328313529769
BAD 328313731411
BAD 328313731423
BAD 328313864363
BAD 328371411569
BAD 328317081403
BAD 328170318053
BAD 328320455011
BAD 328320483313
BAD 328320693829
BAD 328320887641
BAD 328372002793
BAD 328372109719
BAD 328373818837
BAD 328373818841
BAD 328374697253
BAD 328375453759
BAD 328375475929
BAD 328375475933
BAD 328378712419
BAD 328378712461
BAD 328379072473
BAD 328379116823
BAD 328380028663
BAD 328380028667
BAD 328380028729
BAD 328380028763
BAD 328380126343
BAD 328380384781
BAD 328380601193
BAD 328383219503
BAD 328383364879
BAD 328383908803
BAD 328383908813
BAD 328383908821
BAD 328387298321
BAD 328407373507
BAD 328408160687
BAD 328408160693
BAD 328408160701
BAD 328409813293
BAD 328410480733
BAD 328413330703
BAD 328413330709
BAD 328415606983
BAD 328418381483
BAD 328418636783
BAD 328418636789
BAD 328419087463
BAD 328421455969
BAD 328388630597
BAD 328388630599
BAD 328388808229
BAD 328388808311
BAD 328388808313
BAD 328388808323
BAD 328390595443
BAD 328390595447
BAD 328390595453
BAD 328391739889
BAD 328391739983
BAD 328393043947
BAD 328725031021
BAD 328393828913
BAD 328760826211
BAD 328760826223
BAD 328726985183
BAD 328395795149
BAD 328395795151
BAD 328395856871
BAD 328396029001
BAD 328762078669
BAD 328762099129
BAD 328396269139
BAD 328762625077
BAD 328657930063
BAD 328658341289
BAD 328763095009
BAD 328729729123
BAD 328659336689
BAD 328659336721
BAD 328398988921
BAD 328764473501
BAD 328660362973
BAD 328399685171
BAD 328399685191
BAD 328731448657
BAD 328661397943
BAD 328732325881
BAD 328732325891
BAD 328732740367
BAD 328400946323
BAD 328765818307
BAD 328662327397
BAD 328662327401
BAD 328662327403
BAD 328472609963
BAD 328401649493
BAD 328401670147
BAD 328766255429
BAD 328473120683
BAD 328766632937
BAD 328766632939
BAD 328766633033
BAD 328766633059
BAD 328734132499
BAD 328473386807
BAD 328473386809
BAD 328734451823
BAD 328766958811
BAD 328767092063
BAD 328734816481
BAD 328665267263
BAD 328736588269
BAD 328768715399
BAD 328405248833
BAD 328666413707
BAD 328666413709
BAD 328666413721
BAD 328666413743
BAD 328666890793
BAD 328666890803
BAD 328770204299
BAD 328771257181
BAD 328771257209
BAD 328771257211
BAD 328771257229
BAD 328771589059
BAD 328771589101
BAD 328668875903
BAD 328668875911
BAD 328668875917
BAD 328668875923
BAD 328669490777
BAD 328773145139
BAD 328669882213
BAD 328669882223
BAD 328670082023
BAD 328670082031
BAD 328670280073
BAD 328475123789
BAD 328475123791
BAD 328475420453
BAD 328672764701
BAD 328672764703
BAD 328477466971
BAD 328479140329
BAD 328479140351
BAD 328479140357
BAD 328479140359
BAD 328479312323
BAD 328480289821
BAD 328480999999
BAD 328482997163
BAD 328483581499
BAD 328484029283
BAD 328484436211
BAD 328487918677
BAD 328487918687
BAD 328487918701
BAD 328440282719
BAD 328440282721
BAD 328440282733
BAD 328440282743
BAD 328775520751
BAD 328775730779
BAD 328775730781
BAD 328776297001
BAD 328776423739
BAD 328776423743
BAD 328776426977
BAD 328443260027
BAD 328425306877
BAD 328777290511
BAD 328427004691
BAD 328427004769
BAD 328445283713
BAD 328779878377
BAD 328428493837
BAD 328428806821
BAD 328430598367
BAD 328782786313
BAD 328782786331
BAD 328430981339
BAD 328430981341
BAD 328785668881
BAD 328785878903
BAD 328785878909
BAD 328786076159
BAD 328786076161
BAD 328786568569
BAD 328786568573
BAD 328787026039
BAD 328450879231
BAD 328788211861
BAD 328432013323
BAD 328432134799
BAD 328452780781
BAD 328452780791
BAD 328452780793
BAD 328453248467
BAD 328453248493
BAD 328453396441
BAD 328790163511
BAD 328790163529
BAD 328434361223
BAD 328791003661
BAD 328489506571
BAD 328436130041
BAD 328455346237
BAD 328438017197
BAD 328438017199
BAD 328438017203
BAD 328438017209
BAD 328438017211
BAD 328438017217
BAD 328438899353
BAD 328493011543
BAD 328625757751
BAD 328625757763
BAD 328495640443
BAD 328495749037
BAD 328626309667
BAD 328495969721
BAD 328495969723
BAD 328496523353
BAD 328628263339
BAD 328628263343
BAD 328629038813
BAD 328629614189
BAD 328629614191
BAD 328498126609
BAD 328498126613
BAD 328498945811
BAD 328498945813
BAD 328498945823
BAD 328498945829
BAD 328631926561
BAD 328500234739
BAD 328632756527
BAD 328634081003
BAD 328634081029
BAD 328502243813
BAD 328634551591
BAD 328462209379
BAD 328504433573
BAD 328463821339
BAD 328637364623
BAD 328637529439
BAD 328464425963
BAD 328464550523
BAD 328574499173
BAD 328574499179
BAD 328574499181
BAD 328465483909
BAD 328610428429
BAD 328575279757
BAD 328506580307
BAD 328506580333
BAD 328506688591
BAD 328506743333
BAD 328506743339
BAD 328506743359
BAD 328576295129
BAD 328741417273
BAD 328577208803
BAD 328741828313
BAD 328507701289
BAD 328742041153
BAD 328742041157
BAD 328742041169
BAD 328539658883
BAD 328539658927
BAD 328468953809
BAD 328468953811
BAD 328540165193
BAD 328508832361
BAD 328743171373
BAD 328540926409
BAD 328509256577
BAD 328541117393
BAD 328541431159
BAD 328509616283
BAD 328509761869
BAD 328509761893
BAD 328509761903
BAD 328509761917
BAD 328557619417
BAD 328744252913
BAD 328510481113
BAD 328510481153
BAD 328471803727
BAD 328558371121
BAD 328744870933
BAD 328674177137
BAD 328674177149
BAD 328543286681
BAD 328674177151
BAD 328472053673
BAD 328523029493
BAD 328514076797
BAD 328591323829
BAD 328558788689
BAD 328642947323
BAD 328514076799
BAD 328581727241
BAD 328523029501
BAD 328642947349
BAD 328472053681
BAD 328543286683
BAD 328619485483
BAD 328558788697
BAD 328558788703
BAD 328745409323
BAD 328558788757
BAD 328558788763
BAD 328674285707
BAD 328581905983
BAD 328582002349
BAD 328643335463
BAD 328643335513
BAD 328643335523
BAD 328643335529
BAD 328643335541
BAD 328643335543
BAD 328514550863
BAD 328544553157
BAD 328582400561
BAD 328559343353
BAD 328644097721
BAD 328582400563
BAD 328745924077
BAD 328620532973
BAD 328514772323
BAD 328514772337
BAD 328692280853
BAD 328544921543
BAD 328544921557
BAD 328582834873
BAD 328559831993
BAD 328621070221
BAD 328621187393
BAD 328692932873
BAD 328545603289
BAD 328621711681
BAD 328677037981
BAD 328561110989
BAD 328561110991
BAD 328594665727
BAD 328526294407
BAD 328526294423
BAD 328646070173
BAD 328646206883
BAD 328561360277
BAD 328561360279
BAD 328546645283
BAD 328527066071
BAD 328623299161
BAD 328595407463
BAD 328646464529
BAD 328527066073
BAD 328677959011
BAD 328695110281
BAD 328695110299
BAD 328595463293
BAD 328595463299
BAD 328595753887
BAD 328518070061
BAD 328518070063
BAD 328562870971
BAD 328678822099
BAD 328748476561
BAD 328679179747
BAD 328679179753
BAD 328563547093
BAD 328696509751
BAD 328528508167
BAD 328519194229
BAD 328586425723
BAD 328519778911
BAD 328648397677
BAD 328648397681
BAD 328648397683
BAD 328529362043
BAD 328520061523
BAD 328564545781
BAD 328529655547
BAD 328549135879
BAD 328549135883
BAD 328549135891
BAD 328648951699
BAD 328648951703
BAD 328520522279
BAD 328529745421
BAD 328749589633
BAD 328749589643
BAD 328681016413
BAD 328681126321
BAD 328681255783
BAD 328587809939
BAD 328698318677
BAD 328698318679
BAD 328530500827
BAD 328550176403
BAD 328699101121
BAD 328531237291
BAD 328522192429
BAD 328522204279
BAD 328522251061
BAD 328531325677
BAD 328531371689
BAD 328531371691
BAD 328531371743
BAD 328550953673
BAD 328682899913
BAD 328651123921
BAD 328531963093
BAD 328531963099
BAD 328531963103
BAD 328551694309
BAD 328551694313
BAD 328551694321
BAD 328551947641
BAD 328600113353
BAD 328566996859
BAD 328600317137
BAD 328600317139
BAD 328532778863
BAD 328684343503
BAD 328684343509
BAD 328533370667
BAD 328701621439
BAD 328533574177
BAD 328533574181
BAD 328533574183
BAD 328567677859
BAD 328701836311
BAD 328752122273
BAD 328701995887
BAD 328685415931
BAD 328685415937
BAD 328568108303
BAD 328601680943
BAD 328653265861
BAD 328653948713
BAD 328653948719
BAD 328569064633
BAD 328534866637
BAD 328752830059
BAD 328752830101
BAD 328752830299
BAD 328686822931
BAD 328686822941
BAD 328686822943
BAD 328554647273
BAD 328554647287
BAD 328554891391
BAD 328554891487
BAD 328687180903
BAD 328603112471
BAD 328603112473
BAD 328603112477
BAD 328603112479
BAD 328753316267
BAD 328704912007
BAD 328705025147
BAD 328705025149
BAD 328705025183
BAD 328753809479
BAD 328570523923
BAD 328604224903
BAD 328604224909
BAD 328604224919
BAD 328705487401
BAD 328536635983
BAD 328571097037
BAD 328571340421
BAD 328538497433
BAD 328538586251
BAD 328538586253
BAD 328606493893
BAD 328606493899
BAD 328606493921
BAD 328606493923
BAD 328606493959
BAD 328606515571
BAD 328539375331
BAD 328539375337
BAD 328539375343
BAD 328756728721
BAD 328756728733
BAD 328756728739
BAD 328757656561
BAD 328757656573
BAD 328757674187
BAD 328708968529
BAD 328709831509
BAD 328709831519
BAD 328709831521
BAD 328710934471
BAD 328711029553
BAD 328716057853
BAD 328716787859
BAD 328717784587
BAD 328721753713
BAD 328721753719
BAD 328723005997
BAD 328723243159
BAD 328791852979
BAD 328791853001
BAD 328791853003
BAD 328793915701
BAD 328793915729
BAD 328793915731
BAD 328841814029
BAD 328796483237
BAD 328842525833
BAD 328843052389
BAD 328843474733
BAD 328798580353
BAD 328798580393
BAD 328798580399
BAD 328798580401
BAD 328844770547
BAD 328844770549
BAD 328800017633
BAD 328800166633
BAD 328801237189
BAD 328846502923
BAD 328846502927
BAD 328801837201
BAD 328802381927
BAD 328802381933
BAD 328803541123
BAD 328848142853
BAD 328848179251
BAD 328803648643
BAD 328803648647
BAD 328804217893
BAD 328805155073
BAD 328805294819
BAD 328805294821
BAD 328805840449
BAD 328805840453
BAD 328808766691
BAD 328806076483
BAD 328806076493
BAD 328806402623
BAD 328809984667
BAD 328810345783
BAD 328810345789
BAD 328807115543
BAD 328810974931
BAD 328811350897
BAD 328812115453
BAD 328812511213
BAD 328812697757
BAD 328812794083
BAD 328851973211
BAD 328813866421
BAD 328813866443
BAD 328853241683
BAD 328814607997
BAD 328854239381
BAD 328854363373
BAD 328854773419
BAD 328854773437
BAD 328854773441
BAD 328855482269
BAD 328855482271
BAD 328817241359
BAD 328817241367
BAD 328817299529
BAD 328819190347
BAD 328819190353
BAD 328821435689
BAD 328821435721
BAD 328821646343
BAD 328821646357
BAD 328823280977
BAD 328824042961
BAD 328824042991
BAD 328859760181
BAD 328859760193
BAD 328862783857
BAD 328862980021
BAD 328862980027
BAD 328862980031
BAD 328863306047
BAD 328863457907
BAD 328865196533
BAD 328869601121
BAD 328869628567
BAD 328869628579
BAD 328869945683
BAD 328869945697
BAD 328870656523
BAD 328872338869
BAD 328873454183
BAD 328873454191
BAD 328878348949
BAD 328881460969
BAD 328882394473
BAD 328883354491
BAD 328884947231
BAD 328886586797
BAD 328886586799
BAD 328886586803
BAD 328886586817
BAD 328888589599
BAD 328888589671
BAD 328890185311
BAD 328890185321
BAD 328890185329
BAD 328825207619
BAD 328825207621
BAD 328825516343
BAD 328826490409
BAD 328827974161
BAD 328827974173
BAD 328829506417
BAD 328829951861
BAD 328831046659
BAD 328831046681
BAD 328831046683
BAD 328831194841
BAD 328832326579
BAD 329179161767
BAD 329179161769
BAD 329179269143
BAD 328834742359
BAD 328834742371
BAD 329180212423
BAD 328835433449
BAD 328836394241
BAD 329181736831
BAD 329182215293
BAD 328837208663
BAD 328838633509
BAD 329183983171
BAD 329185230169
BAD 329189069093
BAD 328838672653
BAD 328838672663
BAD 328838818621
BAD 329189889571
BAD 328840150553
BAD 328840270537
BAD 328840416953
BAD 328840416977
BAD 328840814069
BAD 329192328029
BAD 329192337893
BAD 329192805349
BAD 329192805353
BAD 329192876197
BAD 329192939003
BAD 329192939011
BAD 328892247967
BAD 328892369033
BAD 328892369063
BAD 328892369137
BAD 328892369159
BAD 328892369161
BAD 328944245809
BAD 328894506181
BAD 328894533193
BAD 328946036689
BAD 328947903143
BAD 328948010233
BAD 328948108933
BAD 328948108981
BAD 328925519551
BAD 329129880421
BAD 329129880439
BAD 328925856271
BAD 328926054287
BAD 329130378683
BAD 328949855141
BAD 328950119011
BAD 328897944553
BAD 328927180187
BAD 328950908831
BAD 328950908833
BAD 328898759557
BAD 329132422687
BAD 329132422693
BAD 328898883083
BAD 329133073411
BAD 328898883133
BAD 328929931609
BAD 329014421149
BAD 328953393271
BAD 328953393289
BAD 329060554729
BAD 328953541843
BAD 328953541859
BAD 329133821183
BAD 328900454203
BAD 329062012519
BAD 329062012523
BAD 329062012537
BAD 329016345253
BAD 329027875157
BAD 329062113101
BAD 329134338199
BAD 329016737131
BAD 329027999227
BAD 329027999239
BAD 329027999243
BAD 329027999249
BAD 329016871517
BAD 329134946003
BAD 329134946011
BAD 329134946017
BAD 329135000251
BAD 329017481971
BAD 328901777297
BAD 329093552413
BAD 328955607319
BAD 328932703481
BAD 329135951363
BAD 329063793923
BAD 329044163117
BAD 328901777299
BAD 329018756641
BAD 328932703483
BAD 329029258867
BAD 329143619531
BAD 329029258871
BAD 329044279243
BAD 329044279247
BAD 329044279283
BAD 328911277217
BAD 328911277243
BAD 329111642653
BAD 328955963101
BAD 329111877109
BAD 329144217767
BAD 329144217769
BAD 329044879883
BAD 329044879903
BAD 329044896179
BAD 329044896181
BAD 328993586599
BAD 329030046641
BAD 329030046643
BAD 328993726603
BAD 329112453433
BAD 328977513523
BAD 328904866673
BAD 329145968119
BAD 328933876703
BAD 328913561323
BAD 329020266233
BAD 329137429519
BAD 328959847339
BAD 329095286497
BAD 329066105041
BAD 328959847343
BAD 329047178041
BAD 328933876729
BAD 328913561359
BAD 329066105047
BAD 329095286501
BAD 328913561363
BAD 329112466103
BAD 329030504629
BAD 329112466121
BAD 329047178101
BAD 329095286503
BAD 329030504633
BAD 329030504851
BAD 328904953841
BAD 328904953843
BAD 328904953873
BAD 328904953877
BAD 328904953907
BAD 329146559827
BAD 329020826483
BAD 328960015243
BAD 329146559851
BAD 328957388173
BAD 329112673577
BAD 328957388239
BAD 328914381053
BAD 328960493557
BAD 329147400067
BAD 329096814997
BAD 329113569949
BAD 329021767709
BAD 329097163621
BAD 329114134579
BAD 329148081989
BAD 329148081991
BAD 329022455239
BAD 329114385311
BAD 329032339417
BAD 329032339429
BAD 329022762727
BAD 329069025713
BAD 329098486351
BAD 329098486357
BAD 329098486361
BAD 328980689101
BAD 329149268653
BAD 329149268671
BAD 329115300989
BAD 329150093149
BAD 328906821121
BAD 328962989689
BAD 328917986743
BAD 329070972721
BAD 329161209661
BAD 329034040429
BAD 329141403979
BAD 329050961699
BAD 328998882811
BAD 328906821127
BAD 328936561067
BAD 328906821143
BAD 328998923611
BAD 329098789637
BAD 329098789639
BAD 329150301989
BAD 328907000651
BAD 329034571849
BAD 329034571861
BAD 329052029363
BAD 329052029381
BAD 329151164423
BAD 329151164431
BAD 328919326529
BAD 329162567879
BAD 329052697471
BAD 329143277179
BAD 329117242513
BAD 328919972939
BAD 328965197741
BAD 328985072671
BAD 329117371417
BAD 328985072677
BAD 328938259423
BAD 329100750289
BAD 329163387703
BAD 328908255733
BAD 328908255737
BAD 329036318731
BAD 329036462179
BAD 329073484373
BAD 329152820317
BAD 328966032979
BAD 328966111129
BAD 328966115603
BAD 329153640103
BAD 328939348403
BAD 328921173181
BAD 329164513351
BAD 329164513357
BAD 328921209983
BAD 328921371497
BAD 328921371539
BAD 328921408547
BAD 328921408549
BAD 328921408553
BAD 328986661147
BAD 328986661153
BAD 329118842341
BAD 329154266789
BAD 329037968323
BAD 329118842347
BAD 329154266797
BAD 329002892609
BAD 329037968327
BAD 329002892611
BAD 329154366173
BAD 329154366179
BAD 329154366181
BAD 329074707917
BAD 329074707919
BAD 328987302079
BAD 329154555211
BAD 329154555217
BAD 329074862993
BAD 329102694793
BAD 329038362487
BAD 329038362491
BAD 329055891211
BAD 329102776417
BAD 329102776423
BAD 329102776427
BAD 329165681969
BAD 329165681987
BAD 329165681989
BAD 329038522391
BAD 328940342141
BAD 329003361383
BAD 329165885333
BAD 329103020209
BAD 329155264099
BAD 329038735919
BAD 329119802633
BAD 329119802639
BAD 329075463271
BAD 329004101039
BAD 329039293501
BAD 328968579703
BAD 328968579707
BAD 329040018847
BAD 329004946693
BAD 329004946813
BAD 329167204369
BAD 329040420103
BAD 329121458179
BAD 328989766019
BAD 328923619963
BAD 328923619967
BAD 329156675093
BAD 329040643273
BAD 329040643277
BAD 328989899443
BAD 329104722889
BAD 329104722893
BAD 328923915959
BAD 329121880757
BAD 328990225013
BAD 328990225037
BAD 328924066253
BAD 328924066309
BAD 328970791823
BAD 329042478907
BAD 329106546037
BAD 329042685383
BAD 328971684959
BAD 328971684961
BAD 328971689219
BAD 329107008031
BAD 328972174429
BAD 328972174441
BAD 329007605713
BAD 328972480913
BAD 328972791613
BAD 329008507741
BAD 329008507757
BAD 329008507759
BAD 329125355521
BAD 329159525437
BAD 329108236649
BAD 329169990739
BAD 329008871573
BAD 329170332553
BAD 328973927119
BAD 329170523767
BAD 329171054567
BAD 328975257041
BAD 328975257043
BAD 329176469467
BAD 329078083207
BAD 329078794339
BAD 329078794351
BAD 329079199529
BAD 329079199531
BAD 329082627943
BAD 329083009613
BAD 329083062569
BAD 329083062571
BAD 329083280509
BAD 329083365817
BAD 329083542289
BAD 329083953923
BAD 329084228591
BAD 329084228593
BAD 329085783751
BAD 329086051043
BAD 329087377741
BAD 329088013489
BAD 329088013537
BAD 329089451213
BAD 329090727971
BAD 329091672233
BAD 329091672241
BAD 329092779619
BAD 329092779623
BAD 329211995479
BAD 329211995507
BAD 329211995509
BAD 329211995513
BAD 329194807147
BAD 329194807153
BAD 329214283141
BAD 329214283147
BAD 329214495899
BAD 329195116909
BAD 329215444451
BAD 329215839559
BAD 329216793349
BAD 329197387331
BAD 329217150413
BAD 329217150419
BAD 329217150421
BAD 329217150433
BAD 329217153919
BAD 329217273419
BAD 329217273421
BAD 329217438337
BAD 329198197429
BAD 329218587713
BAD 329220511303
BAD 329201776027
BAD 329221847503
BAD 329221847509
BAD 329221888103
BAD 329221888111
BAD 329222814803
BAD 329225982373
BAD 329225982391
BAD 329226077903
BAD 329226077911
BAD 329203400401
BAD 329203416413
BAD 329226299951
BAD 329227290421
BAD 329204573701
BAD 329263265861
BAD 329263265893
BAD 329263265897
BAD 329205544433
BAD 329267325547
BAD 329268021581
BAD 329268021583
BAD 329268043319
BAD 329268562663
BAD 329208056693
BAD 329208308179
BAD 329272187719
BAD 329272187753
BAD 329272187773
BAD 329272187779
BAD 329273505439
BAD 329274532201
BAD 329274532229
BAD 329274543901
BAD 329274543931
BAD 329275411159
BAD 329275411163
BAD 329275411193
BAD 329275592131
BAD 329277354883
BAD 329246813969
BAD 329246813971
BAD 329247228469
BAD 329247228473
BAD 329250180697
BAD 329250180709
BAD 329251578043
BAD 329253111169
BAD 329254017493
BAD 329254017503
BAD 329254044191
BAD 329254044193
BAD 329255669581
BAD 329257697071
BAD 329257697077
BAD 329257697089
BAD 329258946493
BAD 329277901193
BAD 329281755479
BAD 329282186329
BAD 329294763277
BAD 329295429061
BAD 329295690421
BAD 329284833601
BAD 329284833607
BAD 329284833611
BAD 329297117777
BAD 329286198541
BAD 329297581729
BAD 329299119707
BAD 329287702217
BAD 329287773281
BAD 329289055567
BAD 329290038409
BAD 329290038421
BAD 329290038433
BAD 329290409353
BAD 329290409369
BAD 329291235139
BAD 329291800787
BAD 329299943473
BAD 329300345611
BAD 329303646883
BAD 329303646887
BAD 329304529793
BAD 329292677761
BAD 329292804443
BAD 329293756459
BAD 329293994233
BAD 329305433753
BAD 329305433759
BAD 329305433761
BAD 329305433789
BAD 329305433791
BAD 329305487689
BAD 329305760633
BAD 329230436341
BAD 329230436351
BAD 329307445549
BAD 329232033217
BAD 329232765941
BAD 329232765943
BAD 329233285463
BAD 329233285471
BAD 329233609097
BAD 329233609099
BAD 329233722289
BAD 329234221639
BAD 329234221643
BAD 329310379109
BAD 329310545089
BAD 329310545093
BAD 329310782953
BAD 329238629141
BAD 329238629149
BAD 329239735073
BAD 329239735133
BAD 329239735141
BAD 329240290823
BAD 329240290829
BAD 329240290831
BAD 329241111083
BAD 329365644991
BAD 329367630373
BAD 329368256323
BAD 329369188237
BAD 329370087049
BAD 329371680523
BAD 329395484783
BAD 329396248429
BAD 329397731869
BAD 329399889293
BAD 329399996491
BAD 329399996539
BAD 329399996543
BAD 329401387901
BAD 329584720247
BAD 329584720249
BAD 329585011123
BAD 329585011141
BAD 329585937841
BAD 329329888801
BAD 329329888807
BAD 329430074269
BAD 329587934449
BAD 329312132371
BAD 329534253889
BAD 329534253899
BAD 329534253901
BAD 329431255861
BAD 329312831797
BAD 329512823137
BAD 329313409423
BAD 329313625687
BAD 329402506189
BAD 329433249269
BAD 329332631389
BAD 329332752253
BAD 329513720881
BAD 329348300119
BAD 329314665221
BAD 329412084539
BAD 329594057041
BAD 329546336159
BAD 329514033469
BAD 329333933581
BAD 329434251761
BAD 329404803757
BAD 329537005649
BAD 329314665233
BAD 329563181491
BAD 329350294499
BAD 329537005669
BAD 329350294501
BAD 329463431707
BAD 329314774403
BAD 329563340497
BAD 329563370893
BAD 329334248869
BAD 329594461853
BAD 329563864633
BAD 329405545351
BAD 329315927293
BAD 329315927309
BAD 329547607289
BAD 329406092933
BAD 329406092947
BAD 329406092963
BAD 329464584949
BAD 329515609519
BAD 329515609537
BAD 329564767423
BAD 329515862723
BAD 329564767429
BAD 329564767439
BAD 329565040043
BAD 329538161443
BAD 329316947513
BAD 329407694813
BAD 329336565653
BAD 329336565659
BAD 329336565661
BAD 329517346523
BAD 329466113087
BAD 329466113089
BAD 329466113111
BAD 329466113113
BAD 329352814333
BAD 329466256129
BAD 329318215591
BAD 329318355659
BAD 329318355661
BAD 329550051427
BAD 329353234139
BAD 329353234141
BAD 329414056849
BAD 329409087299
BAD 329354340451
BAD 329540399753
BAD 329354518379
BAD 329414619617
BAD 329414619619
BAD 329519594303
BAD 329554132819
BAD 329438665027
BAD 329554132823
BAD 329568421519
BAD 329496344083
BAD 329519594311
BAD 329446475693
BAD 329411060369
BAD 329468452871
BAD 329554132829
BAD 329411060371
BAD 329519594329
BAD 329358201923
BAD 329519594347
BAD 329341199381
BAD 329540551079
BAD 329320644641
BAD 329468452883
BAD 329540551111
BAD 329320644643
BAD 329320644661
BAD 329411106823
BAD 329341247251
BAD 329438722279
BAD 329358260677
BAD 329438732809
BAD 329554206017
BAD 329554206019
BAD 329554206053
BAD 329540829061
BAD 329411341439
BAD 329341489861
BAD 329358736493
BAD 329520194131
BAD 329497197151
BAD 329469448603
BAD 329439706243
BAD 329497438519
BAD 329497438537
BAD 329497438541
BAD 329439833341
BAD 329415865949
BAD 329497567429
BAD 329569641649
BAD 329416006373
BAD 329440440073
BAD 329555789581
BAD 329555789587
BAD 329360128423
BAD 329470413037
BAD 329440730699
BAD 329440730701
BAD 329570484953
BAD 329343061387
BAD 329343061391
BAD 329521951117
BAD 329417233619
BAD 329522084939
BAD 329556629569
BAD 329543293721
BAD 329322833407
BAD 329322833431
BAD 329322833453
BAD 329572048471
BAD 329442465881
BAD 329361671183
BAD 329361671189
BAD 329572217449
BAD 329572217453
BAD 329572217461
BAD 329544306607
BAD 329523743467
BAD 329472291229
BAD 329472389803
BAD 329558417677
BAD 329419559477
BAD 329419559479
BAD 329501422573
BAD 329419915753
BAD 329573811797
BAD 329524907473
BAD 329574075041
BAD 329574075043
BAD 329574075059
BAD 329545898141
BAD 329525171641
BAD 329420398169
BAD 329420398171
BAD 329420398189
BAD 329559797269
BAD 329444943199
BAD 329574763201
BAD 329574763207
BAD 329560163929
BAD 329445276443
BAD 329502629959
BAD 329526114793
BAD 329502783133
BAD 329502783139
BAD 329502783157
BAD 329502783161
BAD 329502783163
BAD 329502783167
BAD 329526266723
BAD 329325997411
BAD 329474846851
BAD 329575909393
BAD 329575909409
BAD 329503616371
BAD 329475617719
BAD 329576662543
BAD 329576662561
BAD 329380288931
BAD 329380288933
BAD 329455395167
BAD 329455528429
BAD 329577458689
BAD 329476664771
BAD 329476664773
BAD 329327405293
BAD 329327405317
BAD 329476766513
BAD 329422974781
BAD 329381409061
BAD 329327764321
BAD 329327764333
BAD 329382147203
BAD 329478246817
BAD 329478407417
BAD 329478436909
BAD 329382767897
BAD 329382767899
BAD 329382767911
BAD 329478937057
BAD 329478937061
BAD 329478937063
BAD 329424426349
BAD 329507142593
BAD 329507142599
BAD 329507142623
BAD 329507526559
BAD 329384217343
BAD 329508361649
BAD 329386817407
BAD 329512162841
BAD 329389139609
BAD 329389733681
BAD 329479654069
BAD 329392946821
BAD 329484476303
BAD 329485826083
BAD 329485891883
BAD 329486781769
BAD 329486781779
BAD 329487197561
BAD 329487197563
BAD 329488215349
BAD 329488786657
BAD 329489235893
BAD 329490038089
BAD 329490148489
BAD 329491146043
BAD 329495289961
BAD 329598962881
BAD 329598962911
BAD 329598962929
BAD 329598962933
BAD 329647134463
BAD 329647762403
BAD 329647762417
BAD 329603055913
BAD 329604613243
BAD 329604613253
BAD 329651586053
BAD 329652157609
BAD 329656319269
BAD 329656319273
BAD 329656383283
BAD 329615057077
BAD 329609924263
BAD 329657613349
BAD 329615657299
BAD 329658928153
BAD 329658928177
BAD 329612881783
BAD 329659287359
BAD 329631456983
BAD 329631457013
BAD 329660237563
BAD 329632658723
BAD 329620481821
BAD 329662908023
BAD 329635297429
BAD 329636144491
BAD 329624712191
BAD 329626041709
BAD 329626041727
BAD 329626041733
BAD 329628195577
BAD 329629555253
BAD 329629555279
BAD 329629849951
BAD 329641955161
BAD 329642047927
BAD 329642208593
BAD 329643045379
BAD 329643064939
BAD 329664745609
BAD 329670315859
BAD 329670955661
BAD 329670971977
BAD 329671060297
BAD 329672693041
BAD 329679252907
BAD 329679313541
BAD 329680289303
BAD 329680289317
BAD 329680289321
BAD 329697271459
BAD 329697698927
BAD 329697698951
BAD 329698649509
BAD 329699921107
BAD 329702828437
BAD 329702828449
BAD 329702828453
BAD 329703058471
BAD 329703058493
BAD 329703058513
BAD 329703791317
BAD 329704612837
BAD 329705901737
BAD 329705901739
BAD 329708280413
BAD 329711266559
BAD 329711266561
BAD 329711266567
BAD 329713237213
BAD 329713237397
BAD 329713237409
BAD 329713237429
BAD 329713237433
BAD 329713237471
BAD 329713427851
BAD 329681304661
BAD 329681569471
BAD 329681963089
BAD 329681963137
BAD 329682670819
BAD 329684954299
BAD 329686070513
BAD 329687053909
BAD 329689663351
BAD 329690434373
BAD 329690434379
BAD 329690594399
BAD 329691817787
BAD 329691817789
BAD 329691926761
BAD 329692210943
BAD 329692677973
BAD 329693106361
BAD 329695321621
BAD 329696689459
BAD 329715373679
BAD 329715373681
BAD 329715710591
BAD 329715710593
BAD 329716830413
BAD 329717393989
BAD 329719273453
BAD 329719292281
BAD 329727338971
BAD 329727338977
BAD 329727338981
BAD 329727810211
BAD 329729108029
BAD 329729108041
BAD 329729108063
BAD 329817288239
BAD 329817288247
BAD 329817731689
BAD 329817731693
BAD 329817731707
BAD 329781986003
BAD 329782419271
BAD 329822673547
BAD 329822896573
BAD 329866422737
BAD 329866795549
BAD 329823866501
BAD 329823866503
BAD 329823927091
BAD 329823927113
BAD 329784884189
BAD 329867542933
BAD 329766430691
BAD 329766430703
BAD 329766430709
BAD 329766430711
BAD 329766430717
BAD 329824836223
BAD 329824836227
BAD 329825047763
BAD 329869315561
BAD 329967713197
BAD 329787895553
BAD 329787974303
BAD 329788003319
BAD 329968692023
BAD 329768626403
BAD 329788791931
BAD 329789505443
BAD 329832317599
BAD 329789815279
BAD 329970432439
BAD 329970453289
BAD 329828113663
BAD 329731536419
BAD 329770425841
BAD 329770425893
BAD 329873273347
BAD 329971412489
BAD 329874098173
BAD 329791972303
BAD 329791972309
BAD 329791972339
BAD 329829819799
BAD 329792115997
BAD 329792116001
BAD 329972753119
BAD 329835406673
BAD 329952949643
BAD 329792349199
BAD 329792349203
BAD 329835757583
BAD 329836026181
BAD 329830659413
BAD 329772506299
BAD 329772506303
BAD 329792732119
BAD 329792732131
BAD 329792732141
BAD 329792732147
BAD 329792732149
BAD 329953946521
BAD 329953946537
BAD 329792884793
BAD 329792884801
BAD 329973770383
BAD 329876786749
BAD 329876786753
BAD 329734699183
BAD 329974246531
BAD 329793648761
BAD 329798427199
BAD 329839196041
BAD 329839196059
BAD 329975690357
BAD 329798617801
BAD 329798633783
BAD 329976033769
BAD 329976033773
BAD 329879426951
BAD 329879426953
BAD 329879426959
BAD 329879426977
BAD 329775015553
BAD 329976495091
BAD 329799503023
BAD 329799503027
BAD 329799503029
BAD 329775474991
BAD 329795688623
BAD 329775657719
BAD 329775657721
BAD 329795876573
BAD 329737359893
BAD 329737359901
BAD 329976966359
BAD 329776086863
BAD 329841556801
BAD 329841556813
BAD 329777017501
BAD 329842934489
BAD 329843131957
BAD 329843131963
BAD 329843230867
BAD 329978808857
BAD 329802738883
BAD 329978863927
BAD 329978863931
BAD 329844347461
BAD 329844347491
BAD 329739863641
BAD 329803316047
BAD 329845001813
BAD 329979468083
BAD 329979468089
BAD 329979468103
BAD 329803816429
BAD 329778997727
BAD 329779030351
BAD 329804344427
BAD 329804344433
BAD 329980452049
BAD 329960509583
BAD 329805376801
BAD 329779798619
BAD 329847353753
BAD 329780557441
BAD 329780557451
BAD 329848106603
BAD 329982099089
BAD 329982099091
BAD 329848175053
BAD 329982308297
BAD 329807890387
BAD 329808062603
BAD 329808188161
BAD 329962572031
BAD 329808412883
BAD 329808910663
BAD 329963092171
BAD 329963092189
BAD 329745441401
BAD 329809500677
BAD 329809500679
BAD 329746038691
BAD 329746217267
BAD 329747685511
BAD 329933156933
BAD 329810736757
BAD 329748259831
BAD 329933827277
BAD 329934407779
BAD 329934407783
BAD 329934407791
BAD 329849392253
BAD 329849558099
BAD 329849558107
BAD 329934847513
BAD 329934847549
BAD 329900531461
BAD 329965632473
BAD 329813080511
BAD 329982914021
BAD 329983038863
BAD 329983038871
BAD 329901508109
BAD 329936732837
BAD 329750885143
BAD 329750885153
BAD 329751435527
BAD 329751435529
BAD 329984117891
BAD 329984117893
BAD 329984117899
BAD 329902016569
BAD 329902016573
BAD 329852599897
BAD 329852599969
BAD 329852638663
BAD 329902153837
BAD 329751900949
BAD 329751900953
BAD 329751900983
BAD 329752064689
BAD 329853166319
BAD 329985013901
BAD 329985013903
BAD 329985975181
BAD 329986075427
BAD 329986075429
BAD 329939437687
BAD 329939437691
BAD 329939437693
BAD 329939437699
BAD 329939437703
BAD 329939642663
BAD 329939642671
BAD 329754038161
BAD 329939806439
BAD 329939806459
BAD 329855441221
BAD 329940124069
BAD 329855953489
BAD 329755261183
BAD 329988163961
BAD 329988263281
BAD 329941899319
BAD 329941899349
BAD 329857558361
BAD 329857558363
BAD 329884986047
BAD 329884986061
BAD 329858113483
BAD 329858113489
BAD 329858113493
BAD 329907159247
BAD 329907159251
BAD 329990099129
BAD 329943258661
BAD 329885830429
BAD 329943363623
BAD 329990577503
BAD 329757514123
BAD 329944343023
BAD 329758104373
BAD 329758104383
BAD 329908995733
BAD 329945368507
BAD 329945368523
BAD 329909394653
BAD 329945396507
BAD 329860985191
BAD 329993182553
BAD 329993182559
BAD 329993182567
BAD 329993182573
BAD 329759252807
BAD 329759252813
BAD 329759489641
BAD 329759489699
BAD 329759489701
BAD 329993920603
BAD 329862330937
BAD 329911163753
BAD 329947529167
BAD 329890360673
BAD 329863327441
BAD 329948079599
BAD 329863692923
BAD 329995354657
BAD 329948534093
BAD 329948534101
BAD 329948534107
BAD 329864036179
BAD 329912922643
BAD 329891436323
BAD 329913052717
BAD 329892083569
BAD 329996930479
BAD 329996930491
BAD 329892448231
BAD 329914009003
BAD 329892876163
BAD 329997458809
BAD 329997458821
BAD 329894704159
BAD 329895607933
BAD 329895607939
BAD 329896267451
BAD 329896267453
BAD 329896720591
BAD 329896720693
BAD 329896720697
BAD 329915471323
BAD 329915471339
BAD 329915471341
BAD 329916593563
BAD 329920776883
BAD 329921226469
BAD 329921226499
BAD 329921343991
BAD 329924644681
BAD 329925127967
BAD 329925127969
BAD 329927611513
BAD 329927611523
BAD 329927611529
BAD 329927645147
BAD 329927645161
BAD 329928981233
BAD 329930387561
BAD 329930779697
BAD 329930779699
BAD 329931899683
RANGE 320000000000 330000000000 PRIMES 377267847 BAD 11362
