BAD 140353654229
BAD 140117533207
BAD 140117768437
BAD 140102141467
BAD 140102141471
BAD 140102250619
BAD 140102316961
BAD 140354182621
BAD 140118203011
BAD 140118332033
BAD 140118332071
BAD 140118332077
BAD 140118332087
BAD 140118478153
BAD 140102414773
BAD 140118766523
BAD 140102763223
BAD 140118938599
BAD 140118989693
BAD 140355617359
BAD 140103338597
BAD 140119568023
BAD 140355799559
BAD 140119607869
BAD 140103513131
BAD 140103513133
BAD 140355888163
BAD 140355888173
BAD 140167813729
BAD 140356023473
BAD 140167972543
BAD 140119935773
BAD 140356277461
BAD 140104322671
BAD 140119935779
BAD 140119936849
BAD 140119936867
BAD 140285686171
BAD 140119936871
BAD 140285778121
BAD 140120227997
BAD 140120227999
BAD 140104656557
BAD 140356689049
BAD 140105113243
BAD 140168728859
BAD 140357359081
BAD 140286514903
BAD 140169276623
BAD 140286631049
BAD 140286631061
BAD 140286631063
BAD 140121522439
BAD 140335546321
BAD 140335914437
BAD 140335914443
BAD 140335914463
BAD 140169726049
BAD 140169726061
BAD 140169727459
BAD 140335951603
BAD 140106076661
BAD 140357927329
BAD 140121974851
BAD 140357927351
BAD 140287256513
BAD 140121974857
BAD 140287256519
BAD 140287256521
BAD 140287256531
BAD 140106134417
BAD 140106134419
BAD 140106134437
BAD 140122054823
BAD 140358048059
BAD 140122125029
BAD 140122125049
BAD 140106231389
BAD 140358109933
BAD 140106268121
BAD 140336291789
BAD 140336291791
BAD 140336291807
BAD 140170298663
BAD 140170298677
BAD 140358268163
BAD 140106438427
BAD 140122366493
BAD 140106611839
BAD 140287809049
BAD 140122780487
BAD 140171200657
BAD 140171264393
BAD 140171264399
BAD 140358947489
BAD 140289027647
BAD 140289027649
BAD 140289027653
BAD 140337746221
BAD 140289032791
BAD 140337759437
BAD 140337759439
BAD 140359029383
BAD 140359029389
BAD 140337808123
BAD 140359160033
BAD 140338024339
BAD 140171443759
BAD 140171443793
BAD 140338115173
BAD 140338143271
BAD 140359417411
BAD 140171785889
BAD 140171785891
BAD 140171785921
BAD 140171811893
BAD 140338285463
BAD 140359503803
BAD 140123508407
BAD 140123508433
BAD 140123508439
BAD 140107225169
BAD 140289804653
BAD 140172044113
BAD 140289804661
BAD 140172044119
BAD 140338363271
BAD 140338363313
BAD 140338456351
BAD 140123682383
BAD 140123682389
BAD 140338710469
BAD 140107653487
BAD 140290257703
BAD 140107829881
BAD 140107873783
BAD 140107873793
BAD 140290430327
BAD 140290494151
BAD 140124147841
BAD 140339128609
BAD 140339128619
BAD 140290653073
BAD 140290698157
BAD 140290698161
BAD 140290698169
BAD 140290698173
BAD 140290698181
BAD 140290698193
BAD 140290698283
BAD 140359586603
BAD 140339398021
BAD 140108508403
BAD 140173259203
BAD 140108537819
BAD 140339721331
BAD 140291411807
BAD 140291411809
BAD 140291459333
BAD 140291523829
BAD 140291523907
BAD 140291523913
BAD 140109180949
BAD 140291700919
BAD 140291700937
BAD 140173798957
BAD 140173866073
BAD 140291833967
BAD 140291834083
BAD 140173947889
BAD 140173975897
BAD 140173975927
BAD 140292048863
BAD 140174247701
BAD 140174282471
BAD 140360475449
BAD 140292353963
BAD 140174575763
BAD 140174575771
BAD 140360653931
BAD 140360653933
BAD 140124781739
BAD 140175236833
BAD 140341118191
BAD 140360653957
BAD 140292966823
BAD 140124825241
BAD 140124825251
BAD 140360792287
BAD 140360792291
BAD 140360905547
BAD 140360905549
BAD 140341377523
BAD 140341377569
BAD 140341377571
BAD 140175596213
BAD 140361077513
BAD 140125416973
BAD 140125416983
BAD 140341811219
BAD 140341811221
BAD 140293692793
BAD 140175970091
BAD 140176033853
BAD 140176033897
BAD 140176033903
BAD 140361528233
BAD 140361528257
BAD 140361528259
BAD 140342031391
BAD 140342074021
BAD 140361636463
BAD 140125811953
BAD 140342149351
BAD 140361764929
BAD 140294093419
BAD 140361776543
BAD 140342217391
BAD 140176143301
BAD 140342394161
BAD 140176183643
BAD 140176183649
BAD 140176183657
BAD 140176260383
BAD 140362258969
BAD 140176317409
BAD 140176317419
BAD 140125990591
BAD 140342660273
BAD 140294665853
BAD 140294775253
BAD 140294895649
BAD 140176527223
BAD 140176527247
BAD 140342970623
BAD 140342970659
BAD 140176747603
BAD 140362875923
BAD 140362876009
BAD 140362876013
BAD 140176882639
BAD 140295114373
BAD 140343669083
BAD 140363047801
BAD 140126940959
BAD 140363047837
BAD 140343669091
BAD 140343669097
BAD 140126941091
BAD 140126941093
BAD 140126941133
BAD 140363237093
BAD 140363237099
BAD 140363237101
BAD 140127667369
BAD 140127667373
BAD 140127679631
BAD 140127679633
BAD 140127679639
BAD 140295633353
BAD 140177541233
BAD 140127788833
BAD 140295833791
BAD 140344240853
BAD 140127959453
BAD 140295909379
BAD 140128044211
BAD 140128062803
BAD 140109614353
BAD 140296077547
BAD 140128172903
BAD 140128203833
BAD 140344717369
BAD 140178341609
BAD 140109680483
BAD 140178341647
BAD 140344841003
BAD 140344841027
BAD 140109901207
BAD 140296793491
BAD 140344963849
BAD 140128441273
BAD 140128441283
BAD 140128499039
BAD 140128499041
BAD 140178650753
BAD 140178650761
BAD 140345080969
BAD 140345080973
BAD 140178723623
BAD 140345133737
BAD 140178781187
BAD 140178781189
BAD 140110238299
BAD 140110274963
BAD 140110274971
BAD 140110274989
BAD 140345273941
BAD 140345320847
BAD 140345320849
BAD 140110358461
BAD 140110358477
BAD 140128946897
BAD 140298716993
BAD 140110358483
BAD 140179425679
BAD 140128946899
BAD 140298717001
BAD 140365150643
BAD 140298717011
BAD 140298717079
BAD 140128955873
BAD 140128955881
BAD 140128955893
BAD 140365258993
BAD 140365259003
BAD 140298962017
BAD 140299029529
BAD 140365504523
BAD 140299129273
BAD 140365583893
BAD 140110799069
BAD 140110823399
BAD 140179951657
BAD 140110951867
BAD 140365810913
BAD 140299409821
BAD 140299409827
BAD 140129514403
BAD 140299462913
BAD 140299462967
BAD 140299462969
BAD 140299462981
BAD 140366029703
BAD 140299656883
BAD 140129843093
BAD 140299730723
BAD 140299730749
BAD 140111837233
BAD 140111837273
BAD 140299968673
BAD 140130144061
BAD 140130150583
BAD 140300047429
BAD 140366633761
BAD 140366633767
BAD 140366641501
BAD 140366641507
BAD 140366825023
BAD 140366825041
BAD 140130455011
BAD 140130586333
BAD 140181187999
BAD 140181237673
BAD 140367129953
BAD 140181265621
BAD 140130929927
BAD 140130929929
BAD 140130929933
BAD 140367298397
BAD 140367298399
BAD 140367298403
BAD 140131285213
BAD 140301798811
BAD 140112899503
BAD 140301798841
BAD 140301798893
BAD 140301847157
BAD 140301847159
BAD 140301847163
BAD 140113072181
BAD 140131613341
BAD 140367710149
BAD 140367761063
BAD 140367761069
BAD 140367808043
BAD 140113522597
BAD 140113522603
BAD 140113522607
BAD 140113522609
BAD 140113522621
BAD 140368042823
BAD 140182038541
BAD 140182038547
BAD 140182038553
BAD 140368092923
BAD 140113758611
BAD 140113758623
BAD 140113811183
BAD 140113811203
BAD 140182209809
BAD 140113997797
BAD 140368913033
BAD 140182870921
BAD 140182973209
BAD 140182973213
BAD 140182973219
BAD 140182973221
BAD 140345345183
BAD 140345345219
BAD 140345345221
BAD 140345457983
BAD 140114382697
BAD 140114382701
BAD 140114382703
BAD 140183648279
BAD 140183648281
BAD 140184177299
BAD 140346457747
BAD 140346457751
BAD 140115646423
BAD 140184235159
BAD 140116018673
BAD 140116140847
BAD 140116228433
BAD 140116228501
BAD 140116228507
BAD 140184405709
BAD 140116319479
BAD 140116349803
BAD 140116352071
BAD 140116352081
BAD 140347598473
BAD 140347668091
BAD 140132336303
BAD 140132358841
BAD 140348016803
BAD 140348171023
BAD 140132860919
BAD 140132860997
BAD 140132860999
BAD 140132861017
BAD 140132968133
BAD 140348636123
BAD 140133295963
BAD 140133298351
BAD 140348812973
BAD 140348941741
BAD 140133653041
BAD 140133653047
BAD 140349000611
BAD 140349000613
BAD 140349100063
BAD 140349100069
BAD 140349255523
BAD 140349283651
BAD 140134144691
BAD 140134144693
BAD 140134144697
BAD 140134144699
BAD 140116352083
BAD 140116372351
BAD 140349573337
BAD 140349573341
BAD 140349573361
BAD 140349573367
BAD 140116507807
BAD 140116507813
BAD 140116507829
BAD 140116512203
BAD 140116915091
BAD 140117105903
BAD 140117105911
BAD 140117105923
BAD 140117126183
BAD 140350262267
BAD 140350303193
BAD 140350303199
BAD 140350303201
BAD 140117385697
BAD 140117385713
BAD 140117385719
BAD 140117385721
BAD 140350448809
BAD 140350600613
BAD 140350600619
BAD 140350600639
BAD 140350987591
BAD 140350987597
BAD 140350987807
BAD 140350987811
BAD 140351240461
BAD 140351595641
BAD 140351595649
BAD 140351661997
BAD 140351830897
BAD 140351855569
BAD 140351887463
BAD 140386219993
BAD 140386455281
BAD 140386455283
BAD 140386455289
BAD 140386512667
BAD 140386512677
BAD 140386512689
BAD 140386512691
BAD 140386702139
BAD 140387196569
BAD 140387196571
BAD 140388186023
BAD 140388769699
BAD 140388867181
BAD 140388867197
BAD 140388971147
BAD 140389043191
BAD 140389053199
BAD 140389053223
BAD 140389053257
BAD 140389521163
BAD 140319078737
BAD 140389788109
BAD 140319194689
BAD 140319311921
BAD 140389997837
BAD 140389997843
BAD 140390210843
BAD 140319722869
BAD 140390674709
BAD 140319982399
BAD 140319982403
BAD 140319982417
BAD 140319985913
BAD 140320198709
BAD 140320198741
BAD 140320198769
BAD 140320198771
BAD 140390809099
BAD 140320292477
BAD 140320292479
BAD 140320292491
BAD 140320418939
BAD 140320418941
BAD 140320559669
BAD 140391028951
BAD 140391093439
BAD 140391400493
BAD 140084407493
BAD 140084420611
BAD 140391596041
BAD 140391596047
BAD 140391936241
BAD 140392175747
BAD 140392239679
BAD 140085473873
BAD 140085473887
BAD 140322049649
BAD 140322454219
BAD 140322488209
BAD 140086536223
BAD 140087002703
BAD 140087034589
BAD 140087063563
BAD 140087072401
BAD 140322896317
BAD 140322896341
BAD 140393182771
BAD 140323318783
BAD 140323364791
BAD 140087407781
BAD 140087408479
BAD 140087408507
BAD 140087408509
BAD 140087499107
BAD 140087499109
BAD 140323534391
BAD 140323534397
BAD 140323534423
BAD 140087674723
BAD 140087674729
BAD 140087727893
BAD 140087872763
BAD 140087913631
BAD 140087913643
BAD 140393690057
BAD 140087913649
BAD 140323739011
BAD 140324007689
BAD 140324007697
BAD 140088336019
BAD 140324180903
BAD 140324180923
BAD 140088489287
BAD 140184868039
BAD 140184979733
BAD 140184979741
BAD 140184979747
BAD 140088628633
BAD 140324541601
BAD 140324541607
BAD 140324621471
BAD 140324621473
BAD 140033936551
BAD 140033936561
BAD 140325028303
BAD 140325028307
BAD 140325028309
BAD 140325028313
BAD 140325028331
BAD 140325028339
BAD 140325028343
BAD 140325104209
BAD 140089404523
BAD 140325205513
BAD 140034866203
BAD 140067732263
BAD 140394796411
BAD 140034866227
BAD 140089480537
BAD 140394796417
BAD 140394796471
BAD 140325232673
BAD 140089542787
BAD 140089542793
BAD 140089542799
BAD 140395045963
BAD 140395045969
BAD 140089719083
BAD 140089719089
BAD 140035193873
BAD 140089909669
BAD 140089930249
BAD 140395336183
BAD 140090031337
BAD 140090035759
BAD 140068359001
BAD 140068359007
BAD 140395428079
BAD 140185856353
BAD 140325638003
BAD 140185934423
BAD 140035612603
BAD 140395751987
BAD 140395751989
BAD 140068758961
BAD 140035693043
BAD 140068758983
BAD 140186231513
BAD 140186242249
BAD 140068883503
BAD 140035832899
BAD 140325893581
BAD 140325903413
BAD 140325903427
BAD 140325903439
BAD 140035900633
BAD 140396003483
BAD 140396153987
BAD 140396153993
BAD 140396154001
BAD 140218225919
BAD 140218225921
BAD 140218225943
BAD 140218225957
BAD 140396259013
BAD 140091093953
BAD 140218330201
BAD 140091232793
BAD 140091232811
BAD 140069238839
BAD 140218539499
BAD 140218539521
BAD 140218539523
BAD 140396560201
BAD 140187223621
BAD 140396560229
BAD 140091630277
BAD 140396560231
BAD 140069621893
BAD 140069621899
BAD 140091734191
BAD 140091734213
BAD 140187382663
BAD 140396723197
BAD 140091855661
BAD 140091855667
BAD 140091855671
BAD 140037045613
BAD 140037045619
BAD 140037058897
BAD 140187462143
BAD 140219252101
BAD 140069919863
BAD 140187532523
BAD 140187535429
BAD 140187535447
BAD 140187535493
BAD 140397058861
BAD 140187705997
BAD 140327029013
BAD 140037359741
BAD 140327078821
BAD 140037443167
BAD 140397228511
BAD 140092349483
BAD 140070528733
BAD 140219763427
BAD 140327405389
BAD 140219763457
BAD 140327405431
BAD 140220107243
BAD 140397703493
BAD 140397813427
BAD 140038056463
BAD 140092956019
BAD 140220525769
BAD 140398058693
BAD 140038376123
BAD 140038376143
BAD 140038376147
BAD 140071509173
BAD 140188781869
BAD 140188781881
BAD 140071574243
BAD 140188897913
BAD 140071684873
BAD 140071684877
BAD 140038646863
BAD 140093246873
BAD 140093246879
BAD 140093295929
BAD 140093295931
BAD 140038828387
BAD 140398818223
BAD 140189416459
BAD 140221090133
BAD 140329120223
BAD 140039481787
BAD 140093673361
BAD 140189416463
BAD 140072318413
BAD 140189416489
BAD 140039492023
BAD 140189508331
BAD 140189508353
BAD 140072426539
BAD 140072436913
BAD 140093851013
BAD 140093851031
BAD 140189620111
BAD 140189620117
BAD 140399043091
BAD 140189643281
BAD 140189643283
BAD 140189643287
BAD 140189643289
BAD 140221434319
BAD 140189669219
BAD 140094050167
BAD 140189711833
BAD 140189711843
BAD 140399279131
BAD 140399279149
BAD 140072785343
BAD 140094228163
BAD 140039948863
BAD 140190489223
BAD 140221753891
BAD 140399824921
BAD 140329808519
BAD 140094308111
BAD 140094308113
BAD 140221847797
BAD 140221847809
BAD 140190651683
BAD 140040126137
BAD 140400105193
BAD 140330073977
BAD 140400105203
BAD 140330073979
BAD 140190791977
BAD 140222050789
BAD 140094655859
BAD 140094666379
BAD 140072785351
BAD 140222284819
BAD 140222284823
BAD 140222284831
BAD 140072944499
BAD 140040634177
BAD 140222465969
BAD 140040703031
BAD 140040703039
BAD 140040703043
BAD 140191241371
BAD 140330723111
BAD 140330723119
BAD 140330723131
BAD 140330723153
BAD 140330723261
BAD 140330723263
BAD 140330738641
BAD 140095302989
BAD 140095303001
BAD 140191434883
BAD 140191434893
BAD 140191434899
BAD 140330919919
BAD 140330919923
BAD 140222922157
BAD 140331091531
BAD 140191708231
BAD 140041077653
BAD 140191724363
BAD 140400820229
BAD 140191849751
BAD 140191849753
BAD 140041211147
BAD 140095852511
BAD 140095852513
BAD 140223295921
BAD 140073995233
BAD 140400986149
BAD 140400986161
BAD 140400986203
BAD 140041312013
BAD 140193363221
BAD 140097396983
BAD 140332316297
BAD 140097396991
BAD 140223347681
BAD 140193363223
BAD 140097396997
BAD 140223347683
BAD 140097402877
BAD 140097402889
BAD 140193373787
BAD 140332365269
BAD 140193428737
BAD 140074079759
BAD 140401135549
BAD 140097615997
BAD 140097666727
BAD 140041661597
BAD 140041661633
BAD 140223743623
BAD 140401414711
BAD 140401440799
BAD 140401566979
BAD 140223973369
BAD 140223997957
BAD 140194069957
BAD 140332799729
BAD 140332799731
BAD 140224121179
BAD 140333113891
BAD 140042305471
BAD 140333113979
BAD 140098722739
BAD 140402102567
BAD 140042305477
BAD 140194144973
BAD 140098780583
BAD 140194226917
BAD 140333224313
BAD 140333269969
BAD 140333415059
BAD 140224417493
BAD 140224417507
BAD 140224417511
BAD 140099166799
BAD 140075004301
BAD 140075004323
BAD 140075027231
BAD 140224610509
BAD 140194786009
BAD 140194786013
BAD 140333823571
BAD 140075280119
BAD 140075280139
BAD 140075280143
BAD 140225166407
BAD 140043654607
BAD 140043654623
BAD 140043654743
BAD 140076059989
BAD 140226052751
BAD 140196214733
BAD 140334356863
BAD 140100454523
BAD 140076059993
BAD 140226052753
BAD 140100464279
BAD 140100464281
BAD 140196427601
BAD 140196427603
BAD 140196427607
BAD 140196427703
BAD 140043808753
BAD 140043808757
BAD 140043808759
BAD 140043808769
BAD 140043808771
BAD 140043964561
BAD 140196781919
BAD 140196781927
BAD 140196793909
BAD 140196793921
BAD 140334802901
BAD 140334802903
BAD 140226473227
BAD 140334861559
BAD 140334861571
BAD 140197097773
BAD 140197097779
BAD 140044262359
BAD 140335010281
BAD 140044262363
BAD 140197097783
BAD 140335010293
BAD 140335010303
BAD 140197112701
BAD 140197112707
BAD 140197113047
BAD 140226842737
BAD 140226842747
BAD 140044342199
BAD 140044342201
BAD 140077038823
BAD 140335279093
BAD 140335279187
BAD 140335279193
BAD 140077102973
BAD 140077230133
BAD 140044542667
BAD 140044542697
BAD 140077348141
BAD 140077505273
BAD 140197494607
BAD 140077559273
BAD 140227750787
BAD 140227782523
BAD 140227782529
BAD 140077888879
BAD 140227936279
BAD 140078137153
BAD 140197956721
BAD 140045170687
BAD 140198158447
BAD 140198158489
BAD 140228050771
BAD 140228050777
BAD 140228050789
BAD 140228115803
BAD 140228115809
BAD 140078432183
BAD 140198315077
BAD 140198354683
BAD 140078766469
BAD 140198497291
BAD 140198580259
BAD 140079045619
BAD 140079045641
BAD 140079045643
BAD 140079045653
BAD 140198649683
BAD 140198649691
BAD 140198649707
BAD 140228738581
BAD 140228738723
BAD 140046034729
BAD 140079135829
BAD 140079421129
BAD 140079421159
BAD 140046410191
BAD 140046521501
BAD 140229573041
BAD 140046768529
BAD 140046768539
BAD 140046768541
BAD 140199290953
BAD 140202197809
BAD 140202197827
BAD 140202205133
BAD 140202205141
BAD 140229788917
BAD 140229788929
BAD 140080213733
BAD 140047465343
BAD 140080637633
BAD 140080637639
BAD 140047569481
BAD 140047569511
BAD 140080719073
BAD 140230322207
BAD 140230322209
BAD 140230357123
BAD 140047714721
BAD 140047725509
BAD 140047725511
BAD 140199754973
BAD 140199764503
BAD 140199764603
BAD 140199764611
BAD 140202931279
BAD 140230879213
BAD 140048305861
BAD 140081808709
BAD 140048305867
BAD 140048305877
BAD 140199973961
BAD 140081956801
BAD 140048428799
BAD 140048428801
BAD 140081987729
BAD 140203112719
BAD 140203112723
BAD 140203113871
BAD 140203113877
BAD 140048510647
BAD 140203404647
BAD 140231421391
BAD 140082452581
BAD 140082452593
BAD 140082452599
BAD 140082452603
BAD 140049002167
BAD 140049002189
BAD 140252151889
BAD 140252151959
BAD 140200551613
BAD 140203701203
BAD 140203731023
BAD 140231628127
BAD 140203918769
BAD 140082887869
BAD 140252385853
BAD 140252387929
BAD 140049759233
BAD 140049759361
BAD 140049852479
BAD 140049969643
BAD 140049969649
BAD 140049986707
BAD 140050042697
BAD 140204503913
BAD 140204503919
BAD 140050166777
BAD 140232019853
BAD 140201165059
BAD 140201165063
BAD 140232198419
BAD 140232513209
BAD 140232548947
BAD 140253392033
BAD 140232667033
BAD 140232667037
BAD 140232667039
BAD 140232671273
BAD 140232671323
BAD 140253448327
BAD 140205539479
BAD 140205585337
BAD 140205602087
BAD 140205602093
BAD 140253605539
BAD 140206027639
BAD 140253630427
BAD 140206089421
BAD 140233413787
BAD 140206238351
BAD 140206238353
BAD 140233601743
BAD 140233817203
BAD 140206668709
BAD 140206724941
BAD 140206831939
BAD 140206831943
BAD 140254431829
BAD 140254431833
BAD 140254431913
BAD 140234360809
BAD 140234360831
BAD 140234360863
BAD 140234360869
BAD 140234360899
BAD 140207230217
BAD 140207289811
BAD 140234840371
BAD 140207765587
BAD 140207954753
BAD 140207997361
BAD 140207997367
BAD 140255207093
BAD 140208109373
BAD 140208223159
BAD 140255418293
BAD 140208327823
BAD 140208327827
BAD 140208327829
BAD 140255710339
BAD 140255732753
BAD 140255771659
BAD 140255801143
BAD 140208879389
BAD 140208879403
BAD 140302098593
BAD 140302153507
BAD 140302325633
BAD 140302358281
BAD 140257081651
BAD 140257103747
BAD 140257103761
BAD 140210028001
BAD 140210098141
BAD 140303364367
BAD 140303364373
BAD 140303364379
BAD 140258038873
BAD 140258046679
BAD 140304254903
BAD 140258322517
BAD 140258378509
BAD 140258404519
BAD 140304439453
BAD 140304591023
BAD 140211374579
BAD 140211374581
BAD 140258899643
BAD 140304802973
BAD 140259035773
BAD 140305317323
BAD 140211961459
BAD 140235026431
BAD 140235073009
BAD 140134755889
BAD 140235231613
BAD 140305890181
BAD 140305914821
BAD 140305914823
BAD 140212417393
BAD 140134967473
BAD 140306273719
BAD 140260722229
BAD 140235651863
BAD 140235651869
BAD 140135581373
BAD 140135599147
BAD 140213426629
BAD 140135770991
BAD 140261493067
BAD 140236320181
BAD 140236366819
BAD 140307147419
BAD 140236479281
BAD 140236479283
BAD 140136323969
BAD 140214077903
BAD 140262184571
BAD 140262241753
BAD 140136676073
BAD 140214553789
BAD 140262674711
BAD 140262674729
BAD 140214621257
BAD 140214621259
BAD 140050571411
BAD 140050571413
BAD 140237007571
BAD 140237007587
BAD 140237007601
BAD 140308196957
BAD 140214814871
BAD 140214814889
BAD 140262930029
BAD 140308258639
BAD 140237329613
BAD 140263193731
BAD 140137356217
BAD 140308839719
BAD 140137505539
BAD 140309023867
BAD 140309071129
BAD 140263813021
BAD 140016866179
BAD 140016866183
BAD 140369160427
BAD 140269462673
BAD 140215409407
BAD 140309206217
BAD 140016877591
BAD 140238258337
BAD 140215534309
BAD 140215534313
BAD 140309325503
BAD 140017046599
BAD 140017148857
BAD 140309409727
BAD 140309409743
BAD 140309495449
BAD 140238792677
BAD 140238792679
BAD 140017356641
BAD 140138513153
BAD 140017356643
BAD 140264174903
BAD 140238998299
BAD 140238998303
BAD 140238998311
BAD 140138732009
BAD 140264317783
BAD 140215997903
BAD 140370244073
BAD 140370449399
BAD 140370488779
BAD 140264578417
BAD 140370915413
BAD 140310261031
BAD 140239684331
BAD 140018247883
BAD 140139161399
BAD 140270736383
BAD 140310320497
BAD 140310320503
BAD 140265042859
BAD 140139268823
BAD 140265263659
BAD 140310744713
BAD 140216621177
BAD 140216621179
BAD 140240267351
BAD 140240267353
BAD 140240267359
BAD 140271257317
BAD 140271257323
BAD 140139600583
BAD 140051287331
BAD 140051287333
BAD 140051287339
BAD 140051287349
BAD 140051287351
BAD 140371870453
BAD 140000173567
BAD 140000173583
BAD 140271599371
BAD 140000201743
BAD 140217075773
BAD 140271701851
BAD 140265927953
BAD 140271701863
BAD 140000205019
BAD 140311122619
BAD 140311182307
BAD 140311363891
BAD 140217390983
BAD 140217391009
BAD 140372204393
BAD 140372204527
BAD 140372204537
BAD 140311462411
BAD 140311490677
BAD 140272103269
BAD 140240868689
BAD 140240868697
BAD 140140393243
BAD 140311660703
BAD 140311660729
BAD 140000859337
BAD 140140477417
BAD 140140477429
BAD 140140533139
BAD 140140557803
BAD 140372452027
BAD 140241148891
BAD 140372498713
BAD 140140660103
BAD 140312004263
BAD 140266749739
BAD 140272571839
BAD 140272571843
BAD 140241619981
BAD 140372982203
BAD 140372982209
BAD 140001676613
BAD 140217951257
BAD 140217951259
BAD 140373119891
BAD 140373119893
BAD 140001948301
BAD 140052989837
BAD 140267304797
BAD 140002033823
BAD 140002064779
BAD 140002064789
BAD 140002123201
BAD 140242308743
BAD 140242308751
BAD 140242308757
BAD 140242308769
BAD 140053225339
BAD 140053225343
BAD 140053253839
BAD 140053253843
BAD 140373556339
BAD 140373556343
BAD 140019223933
BAD 140019223937
BAD 140373726419
BAD 140141541907
BAD 140242492861
BAD 140373726421
BAD 140053294567
BAD 140273355991
BAD 140242492867
BAD 140053294573
BAD 140019291803
BAD 140019291829
BAD 140312758517
BAD 140312758519
BAD 140312758667
BAD 140373970543
BAD 140053565801
BAD 140312979113
BAD 140268036659
BAD 140268036661
BAD 140002881143
BAD 140053704517
BAD 140053719973
BAD 140313207031
BAD 140313237611
BAD 140273845633
BAD 140374402627
BAD 140374402643
BAD 140053902871
BAD 140003197283
BAD 140313505699
BAD 140142338353
BAD 140003226719
BAD 140374690321
BAD 140003226761
BAD 140054085113
BAD 140003226763
BAD 140274110219
BAD 140003226767
BAD 140003226799
BAD 140243162693
BAD 140374740991
BAD 140374741081
BAD 140243339123
BAD 140274318773
BAD 140313916063
BAD 140374973267
BAD 140020305043
BAD 140375023927
BAD 140020346821
BAD 140020346849
BAD 140142630503
BAD 140243490301
BAD 140243490307
BAD 140054531941
BAD 140142775447
BAD 140054584693
BAD 140054587733
BAD 140054587741
BAD 140054587823
BAD 140020576711
BAD 140375437757
BAD 140020634947
BAD 140003935231
BAD 140274805613
BAD 140142939217
BAD 140003935241
BAD 140375437759
BAD 140003935243
BAD 140003935259
BAD 140003935261
BAD 140244072359
BAD 140244072361
BAD 140244075061
BAD 140375697817
BAD 140314818131
BAD 140314818143
BAD 140375831741
BAD 140275114313
BAD 140275155751
BAD 140055210521
BAD 140055210541
BAD 140244338629
BAD 140244440647
BAD 140275333441
BAD 140275333447
BAD 140021182187
BAD 140143483507
BAD 140004531229
BAD 140315313289
BAD 140315313293
BAD 140315313301
BAD 140021384101
BAD 140275454827
BAD 140244638539
BAD 140244638543
BAD 140376427201
BAD 140376427207
BAD 140376427223
BAD 140275495891
BAD 140143800317
BAD 140376579073
BAD 140021516407
BAD 140275587541
BAD 140275587563
BAD 140275587607
BAD 140275587611
BAD 140275642729
BAD 140244834811
BAD 140275642733
BAD 140004947857
BAD 140021674549
BAD 140021674553
BAD 140244949991
BAD 140005029083
BAD 140376870121
BAD 140056050613
BAD 140005104487
BAD 140144130961
BAD 140315964587
BAD 140315964589
BAD 140144208863
BAD 140377075987
BAD 140377075991
BAD 140316220537
BAD 140245365191
BAD 140276419711
BAD 140022265891
BAD 140022286021
BAD 140276583619
BAD 140377371301
BAD 140377378793
BAD 140056740751
BAD 140056740757
BAD 140144594539
BAD 140245722473
BAD 140377467091
BAD 140056886153
BAD 140245850851
BAD 140144744161
BAD 140316857123
BAD 140005982863
BAD 140005982869
BAD 140005982873
BAD 140144811227
BAD 140144811229
BAD 140277008171
BAD 140144811239
BAD 140316941447
BAD 140316941449
BAD 140057062643
BAD 140245976771
BAD 140022884413
BAD 140006152999
BAD 140245976869
BAD 140277216161
BAD 140317187779
BAD 140057260813
BAD 140317229617
BAD 140317229621
BAD 140317229623
BAD 140317229627
BAD 140317229629
BAD 140023012643
BAD 140023012699
BAD 140006283821
BAD 140057343113
BAD 140145073069
BAD 140246195783
BAD 140006415257
BAD 140006415277
BAD 140006422951
BAD 140006422991
BAD 140006422993
BAD 140006422999
BAD 140317410199
BAD 140317410227
BAD 140006456539
BAD 140006534461
BAD 140006534477
BAD 140057718901
BAD 140057718907
BAD 140378162653
BAD 140378162657
BAD 140378162663
BAD 140023497023
BAD 140145587521
BAD 140006944801
BAD 140057914897
BAD 140378503739
BAD 140378586967
BAD 140378742631
BAD 140278713797
BAD 140378801207
BAD 140378801209
BAD 140058451969
BAD 140058451991
BAD 140058452003
BAD 140024191037
BAD 140024191039
BAD 140024191051
BAD 140024191063
BAD 140247225553
BAD 140247225563
BAD 140247225571
BAD 140058562607
BAD 140058562613
BAD 140278909123
BAD 140146294159
BAD 140278949903
BAD 140278949911
BAD 140024316713
BAD 140378958229
BAD 140146376003
BAD 140151172229
BAD 140024316727
BAD 140146376011
BAD 140378958233
BAD 140317620913
BAD 140247306349
BAD 140279174153
BAD 140058715037
BAD 140058715039
BAD 140378974039
BAD 140378974049
BAD 140007825931
BAD 140007833843
BAD 140058794237
BAD 140379079627
BAD 140024635033
BAD 140024635087
BAD 140146460323
BAD 140317906921
BAD 140247665507
BAD 140247665521
BAD 140247683111
BAD 140247683113
BAD 140379370741
BAD 140247764669
BAD 140247768109
BAD 140146857173
BAD 140059416229
BAD 140059416239
BAD 140008687411
BAD 140379765419
BAD 140026018543
BAD 140280978421
BAD 140147151841
BAD 140152532131
BAD 140280978427
BAD 140026018579
BAD 140318697163
BAD 140280978433
BAD 140059416241
BAD 140248257031
BAD 140379809723
BAD 140379809753
BAD 140152532167
BAD 140152532189
BAD 140147260829
BAD 140147260831
BAD 140281090517
BAD 140281090519
BAD 140248443901
BAD 140147367751
BAD 140281170563
BAD 140059608019
BAD 140059695653
BAD 140026333123
BAD 140026333127
BAD 140026333129
BAD 140147562727
BAD 140248708057
BAD 140147745181
BAD 140059911751
BAD 140248708099
BAD 140248708139
BAD 140248708141
BAD 140248708147
BAD 140248710677
BAD 140152982821
BAD 140152982843
BAD 140026547267
BAD 140153005613
BAD 140281571257
BAD 140281571263
BAD 140147928563
BAD 140147928589
BAD 140147928593
BAD 140009055611
BAD 140249011657
BAD 140249011663
BAD 140249019811
BAD 140249019817
BAD 140249019839
BAD 140060251433
BAD 140249154677
BAD 140249154679
BAD 140380540529
BAD 140380540537
BAD 140281935263
BAD 140153281111
BAD 140153281117
BAD 140380735921
BAD 140148381727
BAD 140282061649
BAD 140380735927
BAD 140060378483
BAD 140009415979
BAD 140026937209
BAD 140282061653
BAD 140026937213
BAD 140026937227
BAD 140380792319
BAD 140148457937
BAD 140282219023
BAD 140027092367
BAD 140027092369
BAD 140249461907
BAD 140249461909
BAD 140249470573
BAD 140153432093
BAD 140027147041
BAD 140381035673
BAD 140381035679
BAD 140381035681
BAD 140381035687
BAD 140381035699
BAD 140381035703
BAD 140009848009
BAD 140009921839
BAD 140009921851
BAD 140027304889
BAD 140249690689
BAD 140154414539
BAD 140148736927
BAD 140381532721
BAD 140060990299
BAD 140154414541
BAD 140010018901
BAD 140060990317
BAD 140060992229
BAD 140060992231
BAD 140060992327
BAD 140282682307
BAD 140154445201
BAD 140148796457
BAD 140282725397
BAD 140148839227
BAD 140249690723
BAD 140249690773
BAD 140154575179
BAD 140381694847
BAD 140381694851
BAD 140381694913
BAD 140381694923
BAD 140148933451
BAD 140027511797
BAD 140010297241
BAD 140282925331
BAD 140010346669
BAD 140010346673
BAD 140010346747
BAD 140149097131
BAD 140250159097
BAD 140382181033
BAD 140027939243
BAD 140250159233
BAD 140062196489
BAD 140027939257
BAD 140010346759
BAD 140010346771
BAD 140283193439
BAD 140283193441
BAD 140283193447
BAD 140382234533
BAD 140155465699
BAD 140250261289
BAD 140250261293
BAD 140250261299
BAD 140155498079
BAD 140155498081
BAD 140149450501
BAD 140250476053
BAD 140062590919
BAD 140028266359
BAD 140382731873
BAD 140010953449
BAD 140010953483
BAD 140062966111
BAD 140063005427
BAD 140063005429
BAD 140063005441
BAD 140155938259
BAD 140011401811
BAD 140149986721
BAD 140383594033
BAD 140155939403
BAD 140063034781
BAD 140028921889
BAD 140011455863
BAD 140383734611
BAD 140383734613
BAD 140383734619
BAD 140063194477
BAD 140011647409
BAD 140383883881
BAD 140383883897
BAD 140063259893
BAD 140029015013
BAD 140029015019
BAD 140063306963
BAD 140063337353
BAD 140284908271
BAD 140284908277
BAD 140011884049
BAD 140063463697
BAD 140156352473
BAD 140011900433
BAD 140011900453
BAD 140284985611
BAD 140384193277
BAD 140011946359
BAD 140156754323
BAD 140029597249
BAD 140384639207
BAD 140064293813
BAD 140384639209
BAD 140150660269
BAD 140384639221
BAD 140064299527
BAD 140064299537
BAD 140064299539
BAD 140064299567
BAD 140064299569
BAD 140064299581
BAD 140064299597
BAD 140285051149
BAD 140029620593
BAD 140384709277
BAD 140384709281
BAD 140384709331
BAD 140150770261
BAD 140384787121
BAD 140384787163
BAD 140064490963
BAD 140156975513
BAD 140012178689
BAD 140064638839
BAD 140385002243
BAD 140385141553
BAD 140030244499
BAD 140030244503
BAD 140157496261
BAD 140385541553
BAD 140065114313
BAD 140030244517
BAD 140012521157
BAD 140385541657
BAD 140012521163
BAD 140012521177
BAD 140012521351
BAD 140385547903
BAD 140385548003
BAD 140385548011
BAD 140030319889
BAD 140030319893
BAD 140012632483
BAD 140012632489
BAD 140012632493
BAD 140157740549
BAD 140157740551
BAD 140065522043
BAD 140065522049
BAD 140030638921
BAD 140012982833
BAD 140030841589
BAD 140065859377
BAD 140031009827
BAD 140031009829
BAD 140031009863
BAD 140031017759
BAD 140031017761
BAD 140066050409
BAD 140013202591
BAD 140158413413
BAD 140031037973
BAD 140066475443
BAD 140066475449
BAD 140066475491
BAD 140066480693
BAD 140066480713
BAD 140066480737
BAD 140158903141
BAD 140158903147
BAD 140013830417
BAD 140066740789
BAD 140066862503
BAD 140066862511
BAD 140159314213
BAD 140066961919
BAD 140031892633
BAD 140031892643
BAD 140014202903
BAD 140014239193
BAD 140014239203
BAD 140067098569
BAD 140067098603
BAD 140067098617
BAD 140067108241
BAD 140032052689
BAD 140014483981
BAD 140014580551
BAD 140014649683
BAD 140159883091
BAD 140032278041
BAD 140159979161
BAD 140159979163
BAD 140159979173
BAD 140160103487
BAD 140015566633
BAD 140161250543
BAD 140162181683
BAD 140016595643
BAD 140162784919
BAD 140163906601
BAD 140163987437
BAD 140165599103
BAD 140165599111
BAD 140166165889
BAD 140166308047
BAD 140166570703
BAD 140166671857
BAD 140166773569
BAD 140166773573
BAD 140166812347
BAD 140166927233
BAD 140167203973
BAD 140436499279
BAD 140436499297
BAD 140436594589
BAD 140436594593
BAD 140436863089
BAD 140437148653
BAD 140437148659
BAD 140437157999
BAD 140437331581
BAD 140437646641
BAD 140437646647
BAD 140437653589
BAD 140437653593
BAD 140437853063
BAD 140437853071
BAD 140437889551
BAD 140438434463
BAD 140438434471
BAD 140438498821
BAD 140438498831
BAD 140438498833
BAD 140419547573
BAD 140440077487
BAD 140440129741
BAD 140440177777
BAD 140420491231
BAD 140420555893
BAD 140420625707
BAD 140420625713
BAD 140420637271
BAD 140420637319
BAD 140420741233
BAD 140420741239
BAD 140421052171
BAD 140421710101
BAD 140421822157
BAD 140421822173
BAD 140421822193
BAD 140421822263
BAD 140421822269
BAD 140421822271
BAD 140421951533
BAD 140422187221
BAD 140422215071
BAD 140422215079
BAD 140422445573
BAD 140423022533
BAD 140423022589
BAD 140423022601
BAD 140423230529
BAD 140423230531
BAD 140423230537
BAD 140423230543
BAD 140423399243
BAD 140423578349
BAD 140423682467
BAD 140425137739
BAD 140425204747
BAD 140440899293
BAD 140441245759
BAD 140441245771
BAD 140441245793
BAD 140441834257
BAD 140442416003
BAD 140442416011
BAD 140442651763
BAD 140442782281
BAD 140442878183
BAD 140443904693
BAD 140443904701
BAD 140444061113
BAD 140444061119
BAD 140444061157
BAD 140444172443
BAD 140444335463
BAD 140444774303
BAD 140444855983
BAD 140444932063
BAD 140444944823
BAD 140444944837
BAD 140444983423
BAD 140445198169
BAD 140445396667
BAD 140445819271
BAD 140445819281
BAD 140445819289
BAD 140445867997
BAD 140445868009
BAD 140425330763
BAD 140470375349
BAD 140470375351
BAD 140470401793
BAD 140425541257
BAD 140425541261
BAD 140425541387
BAD 140470679681
BAD 140470679707
BAD 140426111773
BAD 140426111779
BAD 140471058983
BAD 140471089553
BAD 140426299289
BAD 140426299291
BAD 140426299303
BAD 140471499563
BAD 140426695939
BAD 140426789039
BAD 140427081083
BAD 140427703411
BAD 140472458857
BAD 140472500159
BAD 140472617213
BAD 140472617221
BAD 140472785191
BAD 140472809723
BAD 140473595501
BAD 140473595503
BAD 140473595519
BAD 140473595533
BAD 140473595539
BAD 140473795639
BAD 140473850233
BAD 140486719697
BAD 140486719699
BAD 140429008613
BAD 140487278161
BAD 140475199133
BAD 140429874139
BAD 140475199141
BAD 140429978869
BAD 140475542849
BAD 140475542863
BAD 140487770851
BAD 140475812473
BAD 140488114267
BAD 140488114279
BAD 140488114297
BAD 140488265539
BAD 140488265543
BAD 140488337309
BAD 140476017061
BAD 140476017067
BAD 140488363153
BAD 140488363157
BAD 140488363159
BAD 140476054297
BAD 140476216847
BAD 140476216849
BAD 140488570363
BAD 140488570381
BAD 140476264843
BAD 140430893663
BAD 140476441267
BAD 140476441283
BAD 140431093237
BAD 140431093241
BAD 140489021161
BAD 140477120957
BAD 140489131633
BAD 140477428961
BAD 140477428963
BAD 140477446763
BAD 140489554493
BAD 140431442353
BAD 140431659553
BAD 140431659559
BAD 140489850409
BAD 140489850419
BAD 140431761209
BAD 140432392027
BAD 140432424791
BAD 140432424793
BAD 140432424799
BAD 140490993133
BAD 140432981231
BAD 140432981243
BAD 140432981261
BAD 140432981263
BAD 140432999207
BAD 140432999209
BAD 140478693479
BAD 140491231693
BAD 140491231763
BAD 140433449993
BAD 140433501941
BAD 140491531883
BAD 140434363763
BAD 140479246603
BAD 140434489337
BAD 140479390939
BAD 140479390943
BAD 140479390949
BAD 140479390951
BAD 140434628723
BAD 140492096669
BAD 140492096671
BAD 140479735939
BAD 140492175521
BAD 140435017157
BAD 140435017159
BAD 140435039161
BAD 140435039167
BAD 140435154331
BAD 140480141383
BAD 140480141387
BAD 140480141401
BAD 140492380859
BAD 140492380877
BAD 140492380879
BAD 140480358673
BAD 140492538761
BAD 140492538763
BAD 140492772943
BAD 140402854483
BAD 140402854523
BAD 140480393201
BAD 140480393203
BAD 140446873187
BAD 140403163051
BAD 140403395039
BAD 140403506153
BAD 140480735141
BAD 140481088381
BAD 140481094381
BAD 140481094393
BAD 140481094399
BAD 140447967707
BAD 140448019501
BAD 140481512011
BAD 140404173829
BAD 140404399943
BAD 140404399951
BAD 140448574999
BAD 140481620107
BAD 140481640381
BAD 140404563023
BAD 140448707369
BAD 140404641967
BAD 140448727291
BAD 140404660247
BAD 140404660267
BAD 140448890627
BAD 140448890629
BAD 140448890639
BAD 140448890641
BAD 140448936781
BAD 140448936787
BAD 140405588339
BAD 140405588341
BAD 140448948979
BAD 140448962959
BAD 140448963007
BAD 140448963013
BAD 140448996739
BAD 140449076111
BAD 140449076113
BAD 140482858081
BAD 140405750101
BAD 140483003959
BAD 140483003963
BAD 140483087149
BAD 140483087161
BAD 140483458309
BAD 140449528699
BAD 140483595983
BAD 140483613563
BAD 140406320713
BAD 140406370579
BAD 140406370583
BAD 140449788307
BAD 140449797409
BAD 140449797421
BAD 140406461179
BAD 140483867143
BAD 140450082593
BAD 140484062909
BAD 140484062911
BAD 140406895493
BAD 140450254057
BAD 140450462851
BAD 140484347137
BAD 140484347141
BAD 140484347147
BAD 140484347149
BAD 140451094741
BAD 140484796453
BAD 140484796457
BAD 140451445181
BAD 140451521713
BAD 140451521729
BAD 140451521731
BAD 140451521759
BAD 140451521761
BAD 140485097243
BAD 140485134653
BAD 140485250299
BAD 140485333999
BAD 140452088353
BAD 140452316639
BAD 140452707533
BAD 140485780793
BAD 140485787063
BAD 140485793813
BAD 140492894987
BAD 140492894989
BAD 140409265993
BAD 140409266003
BAD 140493816413
BAD 140493816427
BAD 140494010633
BAD 140494010641
BAD 140494377031
BAD 140494610687
BAD 140494610689
BAD 140486459657
BAD 140494683059
BAD 140494683061
BAD 140409936319
BAD 140495015831
BAD 140495015833
BAD 140495108639
BAD 140495108641
BAD 140495252437
BAD 140495252441
BAD 140410719619
BAD 140410719623
BAD 140410719629
BAD 140410732351
BAD 140495514199
BAD 140495558059
BAD 140411211653
BAD 140411658139
BAD 140411658143
BAD 140496351241
BAD 140496470053
BAD 140496517853
BAD 140496517859
BAD 140496689341
BAD 140496998737
BAD 140497171301
BAD 140497171303
BAD 140412221923
BAD 140412221927
BAD 140497558177
BAD 140412527329
BAD 140497898581
BAD 140412700331
BAD 140412700333
BAD 140413040477
BAD 140498570929
BAD 140498594881
BAD 140498758199
BAD 140498758201
BAD 140498802313
BAD 140498802319
BAD 140413893947
BAD 140413950409
BAD 140414073977
BAD 140414117873
BAD 140499561529
BAD 140499561533
BAD 140499561541
BAD 140414154019
BAD 140414154031
BAD 140414206013
BAD 140414206019
BAD 140414206021
BAD 140414718407
BAD 140414931983
BAD 140414931997
BAD 140415288751
BAD 140415288953
BAD 140416347109
BAD 140416425679
BAD 140416425683
BAD 140416425691
BAD 140416425697
BAD 140417077841
BAD 140417109841
BAD 140417166563
BAD 140417587603
BAD 140417984437
BAD 140418525593
BAD 140499681503
BAD 140499908063
BAD 140499947017
BAD 140499947023
BAD 140500421623
BAD 140500421629
BAD 140500423807
BAD 140500436569
BAD 140500711763
BAD 140500814023
BAD 140500814029
BAD 140500814089
BAD 140501143103
BAD 140501161909
BAD 140501190569
BAD 140501256673
BAD 140501256703
BAD 140501353703
BAD 140501420383
BAD 140501420393
BAD 140501420401
BAD 140502133217
BAD 140502516109
BAD 140502516131
BAD 140502971281
BAD 140502971293
BAD 140503058573
BAD 140419338827
BAD 140419399261
BAD 140453141947
BAD 140637882797
BAD 140637882799
BAD 140638061033
BAD 140638061041
BAD 140454064981
BAD 140638191383
BAD 140638522331
BAD 140454469889
BAD 140638677401
BAD 140454469913
BAD 140454469921
BAD 140638833917
BAD 140638833919
BAD 140455013563
BAD 140455504363
BAD 140455587619
BAD 140687994463
BAD 140688102913
BAD 140688213373
BAD 140456194897
BAD 140456194903
BAD 140456194919
BAD 140456265571
BAD 140456265577
BAD 140688351541
BAD 140456533937
BAD 140456533939
BAD 140688927529
BAD 140688958999
BAD 140689113979
BAD 140689114003
BAD 140689299071
BAD 140689299073
BAD 140689299077
BAD 140689339267
BAD 140689645333
BAD 140690053043
BAD 140690053051
BAD 140690053061
BAD 140690166901
BAD 140457795983
BAD 140458138069
BAD 140690758123
BAD 140690758127
BAD 140690758129
BAD 140690758157
BAD 140458425467
BAD 140704666489
BAD 140704675687
BAD 140458561433
BAD 140705024333
BAD 140705164157
BAD 140705588333
BAD 140705588341
BAD 140705591863
BAD 140459615089
BAD 140459705959
BAD 140459705963
BAD 140459705977
BAD 140705857829
BAD 140705857837
BAD 140705876173
BAD 140705994769
BAD 140705994773
BAD 140705994797
BAD 140706040763
BAD 140706318121
BAD 140706496013
BAD 140692290943
BAD 140707767961
BAD 140692338779
BAD 140692338781
BAD 140707826579
BAD 140707834237
BAD 140461010779
BAD 140692517437
BAD 140692517443
BAD 140692677053
BAD 140707972063
BAD 140693123419
BAD 140693123423
BAD 140708067413
BAD 140693358427
BAD 140693358431
BAD 140693661989
BAD 140693661991
BAD 140461687909
BAD 140461687913
BAD 140693922673
BAD 140708652067
BAD 140708652083
BAD 140461929077
BAD 140461929079
BAD 140693996843
BAD 140462136083
BAD 140462351303
BAD 140709261523
BAD 140462570267
BAD 140462570273
BAD 140694632527
BAD 140694632543
BAD 140463052679
BAD 140463077353
BAD 140694887413
BAD 140694887419
BAD 140587341511
BAD 140709341329
BAD 140553717407
BAD 140695372771
BAD 140709821971
BAD 140709821977
BAD 140463164593
BAD 140463195757
BAD 140695515361
BAD 140463369679
BAD 140463369691
BAD 140554265029
BAD 140554265039
BAD 140554265063
BAD 140463723823
BAD 140554604263
BAD 140588038411
BAD 140588070593
BAD 140463940193
BAD 140710469953
BAD 140588497891
BAD 140710564039
BAD 140710632917
BAD 140588741999
BAD 140588742001
BAD 140555467609
BAD 140555521349
BAD 140710859021
BAD 140588972059
BAD 140589037651
BAD 140570528827
BAD 140639581363
BAD 140604034699
BAD 140555667181
BAD 140696529473
BAD 140589037663
BAD 140465485189
BAD 140639583533
BAD 140589037669
BAD 140639583571
BAD 140639583583
BAD 140639583587
BAD 140639583589
BAD 140555694203
BAD 140465523119
BAD 140604070609
BAD 140604083077
BAD 140570677921
BAD 140589154429
BAD 140589275767
BAD 140465705153
BAD 140696952589
BAD 140604342871
BAD 140571114499
BAD 140571114503
BAD 140571114521
BAD 140571114587
BAD 140571114589
BAD 140571114599
BAD 140571114601
BAD 140711560991
BAD 140466893887
BAD 140556540211
BAD 140697268223
BAD 140604473791
BAD 140556540227
BAD 140643200993
BAD 140643201001
BAD 140466981979
BAD 140466981983
BAD 140697495353
BAD 140467211141
BAD 140467211177
BAD 140643529409
BAD 140556677311
BAD 140556709457
BAD 140467320703
BAD 140467320709
BAD 140556808661
BAD 140571636949
BAD 140643811073
BAD 140556847597
BAD 140643836939
BAD 140643836941
BAD 140571708623
BAD 140571708631
BAD 140571755869
BAD 140644101979
BAD 140712719773
BAD 140467942687
BAD 140645061289
BAD 140572196423
BAD 140605282021
BAD 140698364869
BAD 140557447553
BAD 140557447559
BAD 140557447561
BAD 140645084563
BAD 140605336981
BAD 140468006911
BAD 140468039753
BAD 140557549697
BAD 140468250851
BAD 140712899113
BAD 140712899123
BAD 140572725913
BAD 140698889503
BAD 140468628997
BAD 140572865633
BAD 140645759029
BAD 140468666893
BAD 140572924909
BAD 140572924913
BAD 140468889109
BAD 140606127619
BAD 140573190379
BAD 140713588033
BAD 140713710931
BAD 140469120557
BAD 140469120559
BAD 140573459801
BAD 140606297431
BAD 140713954127
BAD 140573463269
BAD 140573463271
BAD 140714078471
BAD 140714078473
BAD 140469283189
BAD 140469283193
BAD 140558530129
BAD 140646862429
BAD 140573760433
BAD 140714318783
BAD 140573844973
BAD 140573844977
BAD 140573844979
BAD 140646980581
BAD 140647012489
BAD 140621273887
BAD 140621273917
BAD 140647022729
BAD 140714486713
BAD 140714498971
BAD 140606825573
BAD 140714544833
BAD 140621399311
BAD 140469691031
BAD 140558760877
BAD 140589617473
BAD 140574072169
BAD 140607237193
BAD 140621509057
BAD 140700520447
BAD 140647431577
BAD 140589622643
BAD 140700556783
BAD 140607280901
BAD 140607280903
BAD 140607287167
BAD 140607287257
BAD 140647550503
BAD 140647550507
BAD 140715089131
BAD 140715199789
BAD 140647704139
BAD 140647704143
BAD 140647704233
BAD 140589907763
BAD 140559226471
BAD 140559226477
BAD 140715279563
BAD 140715312187
BAD 140715312191
BAD 140715312193
BAD 140621786807
BAD 140715427093
BAD 140574455893
BAD 140700984989
BAD 140700985003
BAD 140647971917
BAD 140559564163
BAD 140701056173
BAD 140715545297
BAD 140715545303
BAD 140647977287
BAD 140647977289
BAD 140607636473
BAD 140715674683
BAD 140701218703
BAD 140622086651
BAD 140622086653
BAD 140622091307
BAD 140716025731
BAD 140590651387
BAD 140590716283
BAD 140503761973
BAD 140503761977
BAD 140622532129
BAD 140622595837
BAD 140503974001
BAD 140608102373
BAD 140608102381
BAD 140559586823
BAD 140648588581
BAD 140648625647
BAD 140608211039
BAD 140608211041
BAD 140701863947
BAD 140701863949
BAD 140701864703
BAD 140716921057
BAD 140702767529
BAD 140608378153
BAD 140576998831
BAD 140702767531
BAD 140648839153
BAD 140623141759
BAD 140716921061
BAD 140560607933
BAD 140608378159
BAD 140520491873
BAD 140648839189
BAD 140504496113
BAD 140504575073
BAD 140577061133
BAD 140504688773
BAD 140703044533
BAD 140703044569
BAD 140649217507
BAD 140505017231
BAD 140521061147
BAD 140577309251
BAD 140577309253
BAD 140577309259
BAD 140577309263
BAD 140609013319
BAD 140609065073
BAD 140717452307
BAD 140609093777
BAD 140561034661
BAD 140505284663
BAD 140623948757
BAD 140521415429
BAD 140609419693
BAD 140717790847
BAD 140623948763
BAD 140609419697
BAD 140591839573
BAD 140703792923
BAD 140562090679
BAD 140717790859
BAD 140650211189
BAD 140609419703
BAD 140650211231
BAD 140717820233
BAD 140562148861
BAD 140650318447
BAD 140609575369
BAD 140624218643
BAD 140624218663
BAD 140650510423
BAD 140650510457
BAD 140650510459
BAD 140562411553
BAD 140704156609
BAD 140704237969
BAD 140592162211
BAD 140562545131
BAD 140562545183
BAD 140521933159
BAD 140718288427
BAD 140625615199
BAD 140609956141
BAD 140522069357
BAD 140650989043
BAD 140505731479
BAD 140592322069
BAD 140704405043
BAD 140562616793
BAD 140718324121
BAD 140718324133
BAD 140625661543
BAD 140562648893
BAD 140562648899
BAD 140562648901
BAD 140562648913
BAD 140505818069
BAD 140718529951
BAD 140718576319
BAD 140610261769
BAD 140506061491
BAD 140506061503
BAD 140506089307
BAD 140718660479
BAD 140506147709
BAD 140506147711
BAD 140506147751
BAD 140506147753
BAD 140506147757
BAD 140522542267
BAD 140522628061
BAD 140592712717
BAD 140577514729
BAD 140626232419
BAD 140506283173
BAD 140718950941
BAD 140506283179
BAD 140592712723
BAD 140592712727
BAD 140626232443
BAD 140592740599
BAD 140651715353
BAD 140506340123
BAD 140610864353
BAD 140719095109
BAD 140719095113
BAD 140651861687
BAD 140522838901
BAD 140651919703
BAD 140592951511
BAD 140592951517
BAD 140506502419
BAD 140506544513
BAD 140626644293
BAD 140523107243
BAD 140506671527
BAD 140523183511
BAD 140611305613
BAD 140611305623
BAD 140611305649
BAD 140626716523
BAD 140611844851
BAD 140719524293
BAD 140593268611
BAD 140506985093
BAD 140652342799
BAD 140593268617
BAD 140563603013
BAD 140652342811
BAD 140523371017
BAD 140626762933
BAD 140626762957
BAD 140652440153
BAD 140507073709
BAD 140626867427
BAD 140626867429
BAD 140577886133
BAD 140577886139
BAD 140612037373
BAD 140652597487
BAD 140577977483
BAD 140507178709
BAD 140578077499
BAD 140578077503
BAD 140578077511
BAD 140652777203
BAD 140578117159
BAD 140627112217
BAD 140612200411
BAD 140719913557
BAD 140719913561
BAD 140612319593
BAD 140593718803
BAD 140578512827
BAD 140653621351
BAD 140507577271
BAD 140564747513
BAD 140524072727
BAD 140578512829
BAD 140653621357
BAD 140524072729
BAD 140564747527
BAD 140507579981
BAD 140507579983
BAD 140507579987
BAD 140612356723
BAD 140564899729
BAD 140564899733
BAD 140507751383
BAD 140507751389
BAD 140507751401
BAD 140507751413
BAD 140653863089
BAD 140507770567
BAD 140720098949
BAD 140578762339
BAD 140578762343
BAD 140578801487
BAD 140612695277
BAD 140507882239
BAD 140507882269
BAD 140579255599
BAD 140627486917
BAD 140612922217
BAD 140627486927
BAD 140627486929
BAD 140627486933
BAD 140579276869
BAD 140565456223
BAD 140594566051
BAD 140565590747
BAD 140565590749
BAD 140524841321
BAD 140524841341
BAD 140613046669
BAD 140594830303
BAD 140525077951
BAD 140525077981
BAD 140579628073
BAD 140579628083
BAD 140613173717
BAD 140579769937
BAD 140579769943
BAD 140579769947
BAD 140579769949
BAD 140508304301
BAD 140508304303
BAD 140720518621
BAD 140628006983
BAD 140628006989
BAD 140628006991
BAD 140579919721
BAD 140508537209
BAD 140613515899
BAD 140628006997
BAD 140525507561
BAD 140565825577
BAD 140595169711
BAD 140595240521
BAD 140595240523
BAD 140595240529
BAD 140580002789
BAD 140580002791
BAD 140628134083
BAD 140628134093
BAD 140580079889
BAD 140580079891
BAD 140525721983
BAD 140508719213
BAD 140613817621
BAD 140580259837
BAD 140595604003
BAD 140595604007
BAD 140595604013
BAD 140595614039
BAD 140595614041
BAD 140721343691
BAD 140526055651
BAD 140509037093
BAD 140595982231
BAD 140595982237
BAD 140566279439
BAD 140595982291
BAD 140614358593
BAD 140580843553
BAD 140580843607
BAD 140580843619
BAD 140580843629
BAD 140509153921
BAD 140628821959
BAD 140509210243
BAD 140509210253
BAD 140509210273
BAD 140581037369
BAD 140581037371
BAD 140566602529
BAD 140581239023
BAD 140581239031
BAD 140614843519
BAD 140614843529
BAD 140614843531
BAD 140614904123
BAD 140615025601
BAD 140615025673
BAD 140509716437
BAD 140526803363
BAD 140509773121
BAD 140615249009
BAD 140615249011
BAD 140615441611
BAD 140581813399
BAD 140581813403
BAD 140629545829
BAD 140615812163
BAD 140567339851
BAD 140615891209
BAD 140581933663
BAD 140581963451
BAD 140581963453
BAD 140510482949
BAD 140510482951
BAD 140629642651
BAD 140629642669
BAD 140567657627
BAD 140567657663
BAD 140510617441
BAD 140527566821
BAD 140527595783
BAD 140616645683
BAD 140597027491
BAD 140597027503
BAD 140527721317
BAD 140630140223
BAD 140630140333
BAD 140597211571
BAD 140597211583
BAD 140597231389
BAD 140597231393
BAD 140616969947
BAD 140616969949
BAD 140616969953
BAD 140568168043
BAD 140528426131
BAD 140617345153
BAD 140630275663
BAD 140583296177
BAD 140597757583
BAD 140583296179
BAD 140511702031
BAD 140583302803
BAD 140583302807
BAD 140583302863
BAD 140583302869
BAD 140568197389
BAD 140617376993
BAD 140630320879
BAD 140630320891
BAD 140617440893
BAD 140568269819
BAD 140617478389
BAD 140617478401
BAD 140528600689
BAD 140597876333
BAD 140528806907
BAD 140528806909
BAD 140512113143
BAD 140512113187
BAD 140528905883
BAD 140512189141
BAD 140598119843
BAD 140617936919
BAD 140512336477
BAD 140598247973
BAD 140529775357
BAD 140583855829
BAD 140618037467
BAD 140568498761
BAD 140630761343
BAD 140618037473
BAD 140529775361
BAD 140618037481
BAD 140618037499
BAD 140512441373
BAD 140618132471
BAD 140512500581
BAD 140512500619
BAD 140598441343
BAD 140598441349
BAD 140598462031
BAD 140598509449
BAD 140630938507
BAD 140512876859
BAD 140513048063
BAD 140530352419
BAD 140619047209
BAD 140619067747
BAD 140569336811
BAD 140569336813
BAD 140569336849
BAD 140619220843
BAD 140619220849
BAD 140619220853
BAD 140531012269
BAD 140619220883
BAD 140513732119
BAD 140513732197
BAD 140619385693
BAD 140513768173
BAD 140619452759
BAD 140513828551
BAD 140513828561
BAD 140531413783
BAD 140584838059
BAD 140584838063
BAD 140631961759
BAD 140531488003
BAD 140584929607
BAD 140632080833
BAD 140632080839
BAD 140531586631
BAD 140531586653
BAD 140531586661
BAD 140531586779
BAD 140531586781
BAD 140531592073
BAD 140531592079
BAD 140531677771
BAD 140531769293
BAD 140632273627
BAD 140632273631
BAD 140632273633
BAD 140514169141
BAD 140585131597
BAD 140620401263
BAD 140599355993
BAD 140532297023
BAD 140585131601
BAD 140620401281
BAD 140532297047
BAD 140585131637
BAD 140532297049
BAD 140585131639
BAD 140620401283
BAD 140620401289
BAD 140569964077
BAD 140569964081
BAD 140569964083
BAD 140569964113
BAD 140569964141
BAD 140632974451
BAD 140632974683
BAD 140570123303
BAD 140532848921
BAD 140532848923
BAD 140532912887
BAD 140532912889
BAD 140514757349
BAD 140514875947
BAD 140570337343
BAD 140515135697
BAD 140585759273
BAD 140533752017
BAD 140515386139
BAD 140633650363
BAD 140533752019
BAD 140515387321
BAD 140515390751
BAD 140515390753
BAD 140515390759
BAD 140633665021
BAD 140600565487
BAD 140600565491
BAD 140600565493
BAD 140533889143
BAD 140633775593
BAD 140633966597
BAD 140600882563
BAD 140534203939
BAD 140586381679
BAD 140601047423
BAD 140634123317
BAD 140634362303
BAD 140634589001
BAD 140634632483
BAD 140634632491
BAD 140516457689
BAD 140516457691
BAD 140516457751
BAD 140634819053
BAD 140634843347
BAD 140634894383
BAD 140634894403
BAD 140586804613
BAD 140534989891
BAD 140516844931
BAD 140516954093
BAD 140535115187
BAD 140635245889
BAD 140516997799
BAD 140535151091
BAD 140587027733
BAD 140535250711
BAD 140587178143
BAD 140635648297
BAD 140635648301
BAD 140635648303
BAD 140635648319
BAD 140635695001
BAD 140635695007
BAD 140535484729
BAD 140636076401
BAD 140636076403
BAD 140602530623
BAD 140602671707
BAD 140535902761
BAD 140535902779
BAD 140602789099
BAD 140518310987
BAD 140603045773
BAD 140603045777
BAD 140518636033
BAD 140518636039
BAD 140637307429
BAD 140536594573
BAD 140536722149
BAD 140518809139
BAD 140518903643
BAD 140518961707
BAD 140518961717
BAD 140518961719
BAD 140518961753
BAD 140518961761
BAD 140518961767
BAD 140518961773
BAD 140603951809
BAD 140519012659
BAD 140519107853
BAD 140519578669
BAD 140788634689
BAD 140536905109
BAD 140537126273
BAD 140789022301
BAD 140537336647
BAD 140789572831
BAD 140538091433
BAD 140789601803
BAD 140790303473
BAD 140790457177
BAD 140538768967
BAD 140538934519
BAD 140671239913
BAD 140671255853
BAD 140671255873
BAD 140539496719
BAD 140671255877
BAD 140790937169
BAD 140790937171
BAD 140671307899
BAD 140791064599
BAD 140671368473
BAD 140721674693
BAD 140539707467
BAD 140539823911
BAD 140791330409
BAD 140791350451
BAD 140540136181
BAD 140671803469
BAD 140671918999
BAD 140540849063
BAD 140540849069
BAD 140672179013
BAD 140541049423
BAD 140722364723
BAD 140722382929
BAD 140541161087
BAD 140722634077
BAD 140541383303
BAD 140792496937
BAD 140792496941
BAD 140542099829
BAD 140673186961
BAD 140673253381
BAD 140673253393
BAD 140542453109
BAD 140673253397
BAD 140542453111
BAD 140542544641
BAD 140673445987
BAD 140673445993
BAD 140723774833
BAD 140673466883
BAD 140673577669
BAD 140673587713
BAD 140543042743
BAD 140543042747
BAD 140543042749
BAD 140724382391
BAD 140793231883
BAD 140793231893
BAD 140543483557
BAD 140674125847
BAD 140543832059
BAD 140543832061
BAD 140793611983
BAD 140793660829
BAD 140793660853
BAD 140793660857
BAD 140793660859
BAD 140543915801
BAD 140724823301
BAD 140544156901
BAD 140544156923
BAD 140674386289
BAD 140544314279
BAD 140793977243
BAD 140544314299
BAD 140674386301
BAD 140726725367
BAD 140772191117
BAD 140726725369
BAD 140674392589
BAD 140674412063
BAD 140544580829
BAD 140772453541
BAD 140772453553
BAD 140674838419
BAD 140738664307
BAD 140738820799
BAD 140738820809
BAD 140773009907
BAD 140738978561
BAD 140738978617
BAD 140726886143
BAD 140675085829
BAD 140727071101
BAD 140675306143
BAD 140675306147
BAD 140739431867
BAD 140795255969
BAD 140795255971
BAD 140739514921
BAD 140795310119
BAD 140795310143
BAD 140675494559
BAD 140773110607
BAD 140545596511
BAD 140773110613
BAD 140739726739
BAD 140545596517
BAD 140545596523
BAD 140545728781
BAD 140545777927
BAD 140545777937
BAD 140773269661
BAD 140728127867
BAD 140675839463
BAD 140795655907
BAD 140795655991
BAD 140795655997
BAD 140740004423
BAD 140773428643
BAD 140773428647
BAD 140773428659
BAD 140773432999
BAD 140773433011
BAD 140546151631
BAD 140773542509
BAD 140740185539
BAD 140740185541
BAD 140728544939
BAD 140728544941
BAD 140546384777
BAD 140546384779
BAD 140728633433
BAD 140546384789
BAD 140546384791
BAD 140546541001
BAD 140546541007
BAD 140740497773
BAD 140740497839
BAD 140740497841
BAD 140796043951
BAD 140676656521
BAD 140796113993
BAD 140796119491
BAD 140729057929
BAD 140729057933
BAD 140729057941
BAD 140546867479
BAD 140546867491
BAD 140676824441
BAD 140740901317
BAD 140547043111
BAD 140547168077
BAD 140677008473
BAD 140677008503
BAD 140773744691
BAD 140773744693
BAD 140773744697
BAD 140796275933
BAD 140796275941
BAD 140741163701
BAD 140677317037
BAD 140774363959
BAD 140730057833
BAD 140741648017
BAD 140796856399
BAD 140730085843
BAD 140730333143
BAD 140774572033
BAD 140774572039
BAD 140797198609
BAD 140677628603
BAD 140742015893
BAD 140677714847
BAD 140730750073
BAD 140730758411
BAD 140797564651
BAD 140797606387
BAD 140797606393
BAD 140797687883
BAD 140797687957
BAD 140730910561
BAD 140730910577
BAD 140731014889
BAD 140797841689
BAD 140774919511
BAD 140731296389
BAD 140731296397
BAD 140742554119
BAD 140742554123
BAD 140775045353
BAD 140678113189
BAD 140798425643
BAD 140731360943
BAD 140742847393
BAD 140547259621
BAD 140731446721
BAD 140731446727
BAD 140742911263
BAD 140678196041
BAD 140731495967
BAD 140731495969
BAD 140731495973
BAD 140742951373
BAD 140731580939
BAD 140798753107
BAD 140798753111
BAD 140798753113
BAD 140798753119
BAD 140798753131
BAD 140798753143
BAD 140755051141
BAD 140731859843
BAD 140547670429
BAD 140732060939
BAD 140732068417
BAD 140732068423
BAD 140547769787
BAD 140678698291
BAD 140743288859
BAD 140799394349
BAD 140547962707
BAD 140799528853
BAD 140679103997
BAD 140755811437
BAD 140733892489
BAD 140755824667
BAD 140733899599
BAD 140733902173
BAD 140755840913
BAD 140744476393
BAD 140755880989
BAD 140548055287
BAD 140733995503
BAD 140756006893
BAD 140756006959
BAD 140756006969
BAD 140756006971
BAD 140756006983
BAD 140744686099
BAD 140734158223
BAD 140679605513
BAD 140756391803
BAD 140756391817
BAD 140734294523
BAD 140734384339
BAD 140800373773
BAD 140800373797
BAD 140548347259
BAD 140548347323
BAD 140548347349
BAD 140800504399
BAD 140745317663
BAD 140734792021
BAD 140734863859
BAD 140734905937
BAD 140757301907
BAD 140757313591
BAD 140757313621
BAD 140734968181
BAD 140734968223
BAD 140734982653
BAD 140734982657
BAD 140735012753
BAD 140735276959
BAD 140735276963
BAD 140745945511
BAD 140746039711
BAD 140549441119
BAD 140758274597
BAD 140801300933
BAD 140801417821
BAD 140801585153
BAD 140801585159
BAD 140801585161
BAD 140758652003
BAD 140758652011
BAD 140758652017
BAD 140801681851
BAD 140736072629
BAD 140758740613
BAD 140758849169
BAD 140758965569
BAD 140802007909
BAD 140758965577
BAD 140802007919
BAD 140758965593
BAD 140802007921
BAD 140758970311
BAD 140802029539
BAD 140802139847
BAD 140680797379
BAD 140736682633
BAD 140680955543
BAD 140680955549
BAD 140680955551
BAD 140550368281
BAD 140550393829
BAD 140550393833
BAD 140736869773
BAD 140550484667
BAD 140681238521
BAD 140681316331
BAD 140681316337
BAD 140681482523
BAD 140802796103
BAD 140802796117
BAD 140550766487
BAD 140550881329
BAD 140802987427
BAD 140802987433
BAD 140802987449
BAD 140682050161
BAD 140737028693
BAD 140760351499
BAD 140748052261
BAD 140760351503
BAD 140682050167
BAD 140760351527
BAD 140803945861
BAD 140682050273
BAD 140748052267
BAD 140804005663
BAD 140760489871
BAD 140804059951
BAD 140682203773
BAD 140804133839
BAD 140737301743
BAD 140737390337
BAD 140682388261
BAD 140682388277
BAD 140748534529
BAD 140804424203
BAD 140775132391
BAD 140775132403
BAD 140775132409
BAD 140737692397
BAD 140737692401
BAD 140737702769
BAD 140737702771
BAD 140682620557
BAD 140682730303
BAD 140761260019
BAD 140749072193
BAD 140683049753
BAD 140749072199
BAD 140738194721
BAD 140749072201
BAD 140654979211
BAD 140683049761
BAD 140775478913
BAD 140551864339
BAD 140804623259
BAD 140804623261
BAD 140683110899
BAD 140804677051
BAD 140655125341
BAD 140749262729
BAD 140775666683
BAD 140552163413
BAD 140761657793
BAD 140655314411
BAD 140761731503
BAD 140552256037
BAD 140552256041
BAD 140552256043
BAD 140552266403
BAD 140552266417
BAD 140761873433
BAD 140749656167
BAD 140762015269
BAD 140805105293
BAD 140749828787
BAD 140553514313
BAD 140762530219
BAD 140805266389
BAD 140749828789
BAD 140776329553
BAD 140683493933
BAD 140749828801
BAD 140805274241
BAD 140553537101
BAD 140553537107
BAD 140553537109
BAD 140553537121
BAD 140553537127
BAD 140683528969
BAD 140749943933
BAD 140749943941
BAD 140762717153
BAD 140762717177
BAD 140762724593
BAD 140762724601
BAD 140762741533
BAD 140762741557
BAD 140762741563
BAD 140762758417
BAD 140762758421
BAD 140776557811
BAD 140655879467
BAD 140655879473
BAD 140655879503
BAD 140750038501
BAD 140683820617
BAD 140683820701
BAD 140683820713
BAD 140776905799
BAD 140750112809
BAD 140750112859
BAD 140684105767
BAD 140684105777
BAD 140763380783
BAD 140750272853
BAD 140777163649
BAD 140777232181
BAD 140763624439
BAD 140656552963
BAD 140777473853
BAD 140777521111
BAD 140777521117
BAD 140684550793
BAD 140684621393
BAD 140684621401
BAD 140750712353
BAD 140684726341
BAD 140750784527
BAD 140750784529
BAD 140750784533
BAD 140764145173
BAD 140764145177
BAD 140764265753
BAD 140751031283
BAD 140778136679
BAD 140751154351
BAD 140764708849
BAD 140764977271
BAD 140764977281
BAD 140765020313
BAD 140657710111
BAD 140657710129
BAD 140686043893
BAD 140686043899
BAD 140778682801
BAD 140765389189
BAD 140686165667
BAD 140765464793
BAD 140765464813
BAD 140765464817
BAD 140686281259
BAD 140686298881
BAD 140686298957
BAD 140686298959
BAD 140686298971
BAD 140778902357
BAD 140686474021
BAD 140686478873
BAD 140752069793
BAD 140779037369
BAD 140779037381
BAD 140779037383
BAD 140779037431
BAD 140686669171
BAD 140765858971
BAD 140657989583
BAD 140686988471
BAD 140779490801
BAD 140752385713
BAD 140657989603
BAD 140657989607
BAD 140657989609
BAD 140766083333
BAD 140766403123
BAD 140658590437
BAD 140766445849
BAD 140780117399
BAD 140780122243
BAD 140687691103
BAD 140658925247
BAD 140658925249
BAD 140687804251
BAD 140780246363
BAD 140767248169
BAD 140659303727
BAD 140767342459
BAD 140659317067
BAD 140659386757
BAD 140767485283
BAD 140767525253
BAD 140767620761
BAD 140767663273
BAD 140754000229
BAD 140754015593
BAD 140754116983
BAD 140659689437
BAD 140768806193
BAD 140659689439
BAD 140768806207
BAD 140768808923
BAD 140754248759
BAD 140780381089
BAD 140780381101
BAD 140780381107
BAD 140780381123
BAD 140659801153
BAD 140659853507
BAD 140754476399
BAD 140780649329
BAD 140780649341
BAD 140754584731
BAD 140769421189
BAD 140660198093
BAD 140660198113
BAD 140769681499
BAD 140660285477
BAD 140660285483
BAD 140770526731
BAD 140770917811
BAD 140771004397
BAD 140771004401
BAD 140771004403
BAD 140781953479
BAD 140781953483
BAD 140781953489
BAD 140782075807
BAD 140662857443
BAD 140771409683
BAD 140782075813
BAD 140782075817
BAD 140782075823
BAD 140663039833
BAD 140782607989
BAD 140663886773
BAD 140663929249
BAD 140664161069
BAD 140664161083
BAD 140783277077
BAD 140783402219
BAD 140783696993
BAD 140783697001
BAD 140783697013
BAD 140783842967
BAD 140784294839
BAD 140784294841
BAD 140784667577
BAD 140784716777
BAD 140784927433
BAD 140784938101
BAD 140665320583
BAD 140665320589
BAD 140665320619
BAD 140785189379
BAD 140785189381
BAD 140785355429
BAD 140665642021
BAD 140785470187
BAD 140785470193
BAD 140666046407
BAD 140786134823
BAD 140786195923
BAD 140666547919
BAD 140666767489
BAD 140666767519
BAD 140666767523
BAD 140787099227
BAD 140788187797
BAD 140788187801
BAD 140788187803
BAD 140788213519
BAD 140668709563
BAD 140668709569
BAD 140788476971
BAD 140788476973
BAD 140669840527
BAD 140669840533
BAD 140669840537
BAD 140669840539
BAD 140669840543
BAD 140670225361
BAD 140670524887
BAD 140670601543
BAD 140670749701
BAD 140670749707
BAD 140805879443
BAD 140806209953
BAD 140806355663
BAD 140806355671
BAD 140806476851
BAD 140806632913
BAD 140806755919
BAD 140806954297
BAD 140807205569
BAD 140807205571
BAD 140807938241
BAD 140807939821
BAD 140807939827
BAD 140808079579
BAD 140808184303
BAD 140808184313
BAD 140808539779
BAD 140808539783
BAD 140809457011
BAD 140809457023
BAD 140809628989
BAD 140809955483
BAD 140809987193
BAD 140809987207
BAD 140809987237
BAD 140809987291
BAD 140810174993
BAD 140810226023
BAD 140810382571
BAD 140810740163
BAD 140810980117
BAD 140811407213
BAD 140811407221
BAD 140811572599
BAD 140811572651
BAD 140811572653
BAD 140811661687
BAD 140811661699
BAD 140811699673
BAD 140811719039
BAD 140812285771
BAD 140812285777
BAD 140812297783
BAD 140812400657
BAD 140812490587
BAD 140812636319
BAD 140813307301
BAD 140813490613
BAD 140813573039
BAD 140813573041
BAD 140813674237
BAD 140813887537
BAD 140814519331
BAD 140815947739
BAD 140815947743
BAD 140815953149
BAD 140815953151
BAD 140816073661
BAD 140816577929
BAD 140816577931
BAD 140817160489
BAD 140817160493
BAD 140817160507
BAD 140817372623
BAD 140817512299
BAD 140817512333
BAD 140817512359
BAD 140817602119
BAD 140817618679
BAD 140817677603
BAD 140818551571
BAD 140818670249
BAD 140819593693
BAD 140819593753
BAD 140823023927
BAD 140820248147
BAD 140823330107
BAD 140823330127
BAD 140823470633
BAD 140823526189
BAD 140820798673
BAD 140820798709
BAD 140855982257
BAD 140855982259
BAD 140821977071
BAD 140821977073
BAD 140821988033
BAD 140856196147
BAD 140822042393
BAD 140824277093
BAD 140856269413
BAD 140824321433
BAD 140824358461
BAD 140824511609
BAD 140825383507
BAD 140825383519
BAD 140825383537
BAD 140825383583
BAD 140825906003
BAD 140826091207
BAD 140856612319
BAD 140856912113
BAD 140857034209
BAD 140857034231
BAD 140857034233
BAD 140857034237
BAD 140857273859
BAD 140857273861
BAD 140857273867
BAD 140857273871
BAD 140857273873
BAD 140857273883
BAD 140857273943
BAD 140857273993
BAD 140857347181
BAD 140857547737
BAD 140857633789
BAD 140857769347
BAD 140858047193
BAD 140858047199
BAD 140858047261
BAD 140858047283
BAD 140858318477
BAD 140858318479
BAD 140858318483
BAD 140858327641
BAD 140858572163
BAD 140858977949
BAD 140858977951
BAD 140859077393
BAD 140859183173
BAD 140859183181
BAD 140859459803
BAD 140859856609
BAD 140838920087
BAD 140860147609
BAD 140860147613
BAD 140860160569
BAD 140860160603
BAD 140860160611
BAD 140839426367
BAD 140839426369
BAD 140839426373
BAD 140827168219
BAD 140839843709
BAD 140827291103
BAD 140827402381
BAD 140827613089
BAD 140840330749
BAD 140840337961
BAD 140840391557
BAD 140840712763
BAD 140827988017
BAD 140841079597
BAD 140841844183
BAD 140841933511
BAD 140841933541
BAD 140842031123
BAD 140842438313
BAD 140842557643
BAD 140842714643
BAD 140842714651
BAD 140842889927
BAD 140829582121
BAD 140829965611
BAD 140843572789
BAD 140830254991
BAD 140830377241
BAD 140843982623
BAD 140830625869
BAD 140830747247
BAD 140830747249
BAD 140830753207
BAD 140830753237
BAD 140844312803
BAD 140844853301
BAD 140861323543
BAD 140861323571
BAD 140861323573
BAD 140861473549
BAD 140861473553
BAD 140861509991
BAD 140831603063
BAD 140831678543
BAD 140831678551
BAD 140831891897
BAD 140862129799
BAD 140862129803
BAD 140832023881
BAD 140832023887
BAD 140832023897
BAD 140832164623
BAD 140862665137
BAD 140862699203
BAD 140832382987
BAD 140863439011
BAD 140832841663
BAD 140863960357
BAD 140863960361
BAD 140833155737
BAD 140833240309
BAD 140833240313
BAD 140864613419
BAD 140864783749
BAD 140864869799
BAD 140864869801
BAD 140864869807
BAD 140864965573
BAD 140833909417
BAD 140833909429
BAD 140834027281
BAD 140834269703
BAD 140834302187
BAD 140865513379
BAD 140865568559
BAD 140865568561
BAD 140865568583
BAD 140865729947
BAD 140834898181
BAD 140834898187
BAD 140866164913
BAD 140866164917
BAD 140866164919
BAD 140835002327
BAD 140866206269
BAD 140866216441
BAD 140835126479
BAD 140866466743
BAD 140835426023
BAD 140866519819
BAD 140866519823
BAD 140835527453
BAD 140835739741
BAD 140835983671
BAD 140836249067
BAD 140836249069
BAD 140836292887
BAD 140867235739
BAD 140867235757
BAD 140867257679
BAD 140867257681
BAD 140836348579
BAD 140836560311
BAD 140867446441
BAD 140836560313
BAD 140867490233
BAD 140867490241
BAD 140867585167
BAD 140867606743
BAD 140836825249
BAD 140836825273
BAD 140836968229
BAD 140837050933
BAD 140837351693
BAD 140837386411
BAD 140868156827
BAD 140868441719
BAD 140868502591
BAD 140869291039
BAD 140869291051
BAD 140869676797
BAD 140869676803
BAD 140838244277
BAD 140838244279
BAD 140869809833
BAD 140869809841
BAD 140869902689
BAD 140869902697
BAD 140869914799
BAD 140869987903
BAD 140869990957
BAD 140870031493
BAD 140870031499
BAD 140870031503
BAD 140870656697
BAD 140870830423
BAD 140870953103
BAD 140871637733
BAD 140871909643
BAD 140872090763
BAD 140844947653
BAD 140845330597
BAD 140847288433
BAD 140847288457
BAD 140847468199
BAD 140847562021
BAD 140847562027
BAD 140847721493
BAD 140847853019
BAD 140847853021
BAD 140848295407
BAD 140848295411
BAD 140848961003
BAD 140849076029
BAD 140849214959
BAD 140849273569
BAD 140849273573
BAD 140849273581
BAD 140850078791
BAD 140850078793
BAD 140850209491
BAD 140850772891
BAD 140851382593
BAD 140852060263
BAD 140852060267
BAD 140852060269
BAD 140852675683
BAD 140852742367
BAD 140852779877
BAD 140852780071
BAD 140853151013
BAD 140853151027
BAD 140853167363
BAD 140853728479
BAD 140853751279
BAD 140853751321
BAD 140854059617
BAD 140854698001
BAD 140854698011
BAD 140854698013
BAD 140855205319
BAD 140855342167
BAD 140855358827
BAD 140855358829
BAD 140855483599
BAD 140873325889
BAD 140873360701
BAD 140873969297
BAD 140874281519
BAD 140874281521
BAD 140874420751
BAD 140874496759
BAD 140874855959
BAD 140875134871
BAD 140875215463
BAD 140875628297
BAD 140875797563
BAD 140877669943
BAD 140877669949
BAD 140877669953
BAD 140877669979
BAD 140877707567
BAD 140877707569
BAD 140878109483
BAD 140878387361
BAD 140878418869
BAD 140878418873
BAD 140879002189
BAD 140879450161
BAD 140879450167
BAD 140879450171
BAD 140880355949
BAD 140880567577
BAD 140880724849
BAD 140880883109
BAD 140880883111
BAD 140881229479
BAD 140881504591
BAD 140881504597
BAD 140881504601
BAD 140881504609
BAD 140881896091
BAD 140881896107
BAD 140882084309
BAD 140882084311
BAD 140882486839
BAD 140882915843
BAD 140883374257
BAD 140883374273
BAD 140883631309
BAD 140884100333
BAD 140884505633
BAD 140884811017
BAD 140884828319
BAD 140884828321
BAD 140884828327
BAD 140885850013
BAD 140886105671
BAD 140886418021
BAD 140886648313
BAD 140886967327
BAD 140887230313
BAD 140887230349
BAD 140887831613
BAD 140887907263
BAD 140887907351
BAD 140888405059
BAD 140888852813
BAD 141023678771
BAD 141023678773
BAD 141024180481
BAD 141024180487
BAD 141024637883
BAD 141024637889
BAD 141024637891
BAD 141024774533
BAD 141024819391
BAD 141024833737
BAD 141024846673
BAD 141025182253
BAD 141025598617
BAD 141025598621
BAD 141025963951
BAD 141026168693
BAD 141026511961
BAD 141026511973
BAD 141026520589
BAD 140940207983
BAD 141006692699
BAD 140940570653
BAD 141028079483
BAD 140940682097
BAD 140940682121
BAD 140940682123
BAD 140940825203
BAD 140940825227
BAD 140940825229
BAD 141028658179
BAD 140941212857
BAD 140941212859
BAD 140923080841
BAD 140941389091
BAD 141028837153
BAD 140923336483
BAD 140941660133
BAD 141029074553
BAD 141029074567
BAD 140923716541
BAD 141029534333
BAD 141029654477
BAD 140924100521
BAD 140924407961
BAD 141030448093
BAD 140924713583
BAD 140942544733
BAD 140942544737
BAD 140942544739
BAD 140924993393
BAD 141030790727
BAD 141030790729
BAD 141030790787
BAD 140942838019
BAD 141031094263
BAD 140942970307
BAD 140925365227
BAD 140925365279
BAD 140925365281
BAD 140943504539
BAD 140943699223
BAD 140943711193
BAD 141031461611
BAD 140943927031
BAD 140943927053
BAD 141031664393
BAD 140927099153
BAD 140944308931
BAD 140944308943
BAD 141007126019
BAD 141007126021
BAD 141007165679
BAD 141007165681
BAD 141007165729
BAD 140927166283
BAD 140944523723
BAD 140944551991
BAD 141007446691
BAD 141007719353
BAD 141007973677
BAD 140945279507
BAD 140945279509
BAD 140927771549
BAD 140927771563
BAD 140928055243
BAD 140928165023
BAD 140945730953
BAD 141008582027
BAD 141008582063
BAD 140945936407
BAD 140945936413
BAD 140945956477
BAD 140946074603
BAD 140946235487
BAD 140946235489
BAD 141057018877
BAD 140946433429
BAD 141009152209
BAD 141009152237
BAD 141009152239
BAD 141009217417
BAD 140946474863
BAD 140929321943
BAD 140929321979
BAD 140929505021
BAD 140929505023
BAD 140929505063
BAD 141009710719
BAD 140946888037
BAD 141057715039
BAD 140946972029
BAD 140946972031
BAD 141057914539
BAD 141057914563
BAD 141010139903
BAD 141010139911
BAD 141010139917
BAD 141058025081
BAD 141058025083
BAD 141058025089
BAD 141058025093
BAD 141058025131
BAD 141058025137
BAD 141010203119
BAD 141010203121
BAD 140930340857
BAD 140973445709
BAD 140947379281
BAD 141058145671
BAD 141058145807
BAD 140947410949
BAD 141058554473
BAD 140931118483
BAD 140931118487
BAD 141031669733
BAD 141058989263
BAD 140948373301
BAD 141041059661
BAD 141041059667
BAD 140948827433
BAD 140974503713
BAD 141032220941
BAD 141032220961
BAD 140931525083
BAD 140949192047
BAD 140949192049
BAD 140931541493
BAD 140931541501
BAD 141032251609
BAD 141032251643
BAD 141059542111
BAD 141032399569
BAD 141032399579
BAD 141032399581
BAD 141059578843
BAD 140974908863
BAD 141041862281
BAD 140949583309
BAD 140932523119
BAD 141061090601
BAD 140932523143
BAD 141061090603
BAD 140932523153
BAD 141061090607
BAD 140932523167
BAD 141061090609
BAD 141061090657
BAD 140989859513
BAD 140989859519
BAD 140989859557
BAD 140989859561
BAD 141032493487
BAD 140949603101
BAD 140949603103
BAD 141032493517
BAD 140949603107
BAD 141061348607
BAD 141061348609
BAD 141061348669
BAD 140950059469
BAD 141032895979
BAD 141061658191
BAD 141061681951
BAD 140950436423
BAD 140950441013
BAD 140950441043
BAD 140990931481
BAD 141042741199
BAD 141062316053
BAD 141011035751
BAD 141033558199
BAD 140990931493
BAD 141011035771
BAD 140975651599
BAD 140990931503
BAD 141011035783
BAD 141033558319
BAD 140975715031
BAD 140975715077
BAD 140975715079
BAD 140950544389
BAD 140950544393
BAD 140950586401
BAD 140975791997
BAD 140975792011
BAD 140975792029
BAD 140975836769
BAD 140975884823
BAD 140991518813
BAD 140991518821
BAD 141043271597
BAD 141043271599
BAD 140950883023
BAD 140950883057
BAD 140975928799
BAD 140975928803
BAD 140991767977
BAD 141012118553
BAD 141034292173
BAD 140933204701
BAD 141062985383
BAD 141012118573
BAD 141034292183
BAD 141043321459
BAD 141062985389
BAD 141012118613
BAD 141062985391
BAD 140933204707
BAD 141034322003
BAD 140991811819
BAD 141034363601
BAD 141034363669
BAD 141034363681
BAD 141034363699
BAD 141063140327
BAD 141063140329
BAD 140992045433
BAD 140992049593
BAD 140976142103
BAD 141043632901
BAD 140992306639
BAD 140992306643
BAD 140992312933
BAD 140992312943
BAD 140992312963
BAD 140992346533
BAD 140950938127
BAD 141064187623
BAD 141012390227
BAD 141044047399
BAD 141035148889
BAD 140992393471
BAD 140992393481
BAD 141012541123
BAD 140951242891
BAD 140933702401
BAD 141035496661
BAD 140992838353
BAD 140934278281
BAD 141064583357
BAD 141064610431
BAD 141035852719
BAD 141064805213
BAD 140993171131
BAD 140993176297
BAD 141044509951
BAD 141044567021
BAD 141044567023
BAD 141036194333
BAD 140952539983
BAD 141036240757
BAD 141044704979
BAD 141044704981
BAD 140952674693
BAD 140952860401
BAD 140952860407
BAD 141036589591
BAD 141044797681
BAD 141013667869
BAD 141036589597
BAD 140976378773
BAD 141044797687
BAD 141036589601
BAD 140935511051
BAD 141065808703
BAD 140935511053
BAD 141065808707
BAD 141065869411
BAD 141013813823
BAD 141065918537
BAD 140976588469
BAD 141066072649
BAD 141066086279
BAD 141066086281
BAD 140976836837
BAD 140976836839
BAD 140976836857
BAD 140976842833
BAD 140977010663
BAD 141014226319
BAD 141014226323
BAD 140953339627
BAD 140953339651
BAD 141066279773
BAD 140977172243
BAD 140977172251
BAD 141014683027
BAD 140935914781
BAD 141066507341
BAD 141014683031
BAD 140993594591
BAD 141014683039
BAD 140993594593
BAD 141045362383
BAD 141045362387
BAD 141045362389
BAD 140977244363
BAD 140935980769
BAD 140953693411
BAD 140953693429
BAD 140977365751
BAD 140993761933
BAD 140993761957
BAD 141066788059
BAD 141066788063
BAD 141066788089
BAD 140936348029
BAD 140954062819
BAD 140936520859
BAD 141045999307
BAD 141015714887
BAD 141046060027
BAD 141046060061
BAD 140978027929
BAD 141015989029
BAD 140954398289
BAD 140954398339
BAD 141016042991
BAD 141046318397
BAD 140937374131
BAD 140994364337
BAD 140954398363
BAD 141067610249
BAD 140994364339
BAD 141067610251
BAD 140937397903
BAD 140937452393
BAD 140937452401
BAD 140937498517
BAD 140937594311
BAD 140937594313
BAD 141067787359
BAD 141046487863
BAD 141046487867
BAD 141046487873
BAD 140954605109
BAD 140954605111
BAD 140937719821
BAD 141016441309
BAD 141016441337
BAD 141016441339
BAD 141016441343
BAD 141016441351
BAD 140937772697
BAD 140978685187
BAD 140978685191
BAD 140954688337
BAD 141068056189
BAD 140994736999
BAD 141068056193
BAD 141046755079
BAD 140938094071
BAD 140938094093
BAD 140938094107
BAD 140994898921
BAD 140994898927
BAD 140994920371
BAD 140995008149
BAD 140995008151
BAD 140995008173
BAD 140995011541
BAD 140938199719
BAD 140938199903
BAD 140979293003
BAD 140955359221
BAD 141068746223
BAD 140955400591
BAD 140955400603
BAD 140955400609
BAD 140979747301
BAD 141017646409
BAD 140995865677
BAD 141047329879
BAD 140995925773
BAD 140939158729
BAD 141068828149
BAD 141047440021
BAD 140955731789
BAD 140996067451
BAD 141068997557
BAD 140955731803
BAD 140955731809
BAD 140955731857
BAD 141037315297
BAD 141037315303
BAD 141047507971
BAD 141047507989
BAD 140996238059
BAD 140996273269
BAD 140980066261
BAD 141018295997
BAD 141069237041
BAD 141069278689
BAD 140980182713
BAD 141069375743
BAD 141018555683
BAD 141037749889
BAD 140980341979
BAD 141048069091
BAD 140996942377
BAD 141048446603
BAD 140980668043
BAD 141038034391
BAD 140997208931
BAD 141038034407
BAD 140997233479
BAD 140997233483
BAD 140980733363
BAD 141038226677
BAD 141019150471
BAD 140997233491
BAD 141019150477
BAD 141038255389
BAD 141048829451
BAD 141048829463
BAD 141070152061
BAD 140997275233
BAD 141048873323
BAD 141038554493
BAD 141038554529
BAD 141019492951
BAD 141019522313
BAD 141048938269
BAD 140997688609
BAD 141039012913
BAD 141070812803
BAD 141070837223
BAD 141070854083
BAD 140998163213
BAD 140998163363
BAD 140998163407
BAD 141039236551
BAD 140998284949
BAD 140998284953
BAD 141071086999
BAD 140998362257
BAD 140998362259
BAD 141039616103
BAD 141071834303
BAD 140981755711
BAD 141071834329
BAD 141020456839
BAD 141049699223
BAD 141039763079
BAD 140981923639
BAD 140981947957
BAD 140981947973
BAD 141039901081
BAD 141039901087
BAD 141020880731
BAD 141020880733
BAD 141072150859
BAD 140982130733
BAD 140982179651
BAD 140982233933
BAD 141021337129
BAD 141021419621
BAD 141072534023
BAD 140982501773
BAD 141021497413
BAD 141072631633
BAD 141050740577
BAD 140998788467
BAD 140998788493
BAD 141021986671
BAD 140982823939
BAD 140999053597
BAD 141073150853
BAD 141051119791
BAD 140999083081
BAD 141022272353
BAD 141051350017
BAD 141022479239
BAD 140983036897
BAD 140983037717
BAD 140983037719
BAD 140983052071
BAD 141022540123
BAD 141022540133
BAD 141022600231
BAD 141022600237
BAD 141022600249
BAD 141022600267
BAD 141073698289
BAD 140983188299
BAD 140983188301
BAD 140983362811
BAD 141022966397
BAD 141022966423
BAD 140999840851
BAD 140999840857
BAD 141022989511
BAD 141000006151
BAD 141000126731
BAD 141023323981
BAD 141023372797
BAD 141052136131
BAD 141000576473
BAD 140984017019
BAD 140984017021
BAD 140984209259
BAD 141001637869
BAD 141001637873
BAD 141159637537
BAD 141053178613
BAD 141002191531
BAD 141002207209
BAD 141002207243
BAD 141002363869
BAD 141002487893
BAD 141002583019
BAD 141002583023
BAD 141002583037
BAD 141002583041
BAD 141002583049
BAD 141002706599
BAD 141002706601
BAD 141160603153
BAD 141160603159
BAD 141160603163
BAD 141160671313
BAD 141160752919
BAD 141160752923
BAD 141160752937
BAD 141002983883
BAD 141160865603
BAD 141003104731
BAD 141161157167
BAD 140984620771
BAD 141054679229
BAD 141054679231
BAD 141054679237
BAD 141161411009
BAD 141161411011
BAD 140984908417
BAD 140984939047
BAD 141054983417
BAD 141055050683
BAD 141003496871
BAD 141003496891
BAD 141003496897
BAD 141003496903
BAD 140985206129
BAD 141055257311
BAD 141055257313
BAD 141055257319
BAD 140985273073
BAD 141161801663
BAD 141003601903
BAD 141161893163
BAD 141161967043
BAD 141161967059
BAD 141055705261
BAD 140985687991
BAD 141004053937
BAD 141055892041
BAD 141004240613
BAD 141162180259
BAD 140985941363
BAD 140986047523
BAD 141162415117
BAD 141004981759
BAD 140986274357
BAD 140986296653
BAD 141005233561
BAD 140986353119
BAD 141005364151
BAD 141005368643
BAD 141056579249
BAD 141005654323
BAD 141005654333
BAD 141005666873
BAD 140986608151
BAD 141056776249
BAD 141056776253
BAD 141056776261
BAD 141056872591
BAD 141056896921
BAD 141163358593
BAD 141163362107
BAD 141163443833
BAD 141163469683
BAD 141163930519
BAD 140987422117
BAD 140987569927
BAD 141164338813
BAD 141164368831
BAD 141164368843
BAD 141164368847
BAD 140988386191
BAD 140988422101
BAD 140988599149
BAD 141165234823
BAD 141165579799
BAD 141165579803
BAD 140989053259
BAD 140989053263
BAD 141124585913
BAD 140989340971
BAD 140989375243
BAD 141124729673
BAD 141166267457
BAD 141124900853
BAD 141166981283
BAD 141167186791
BAD 141125251153
BAD 141167444813
BAD 141125554001
BAD 141125769643
BAD 141167755429
BAD 141167755441
BAD 141126300113
BAD 141126353701
BAD 141126366781
BAD 141126366809
BAD 141169009699
BAD 141169009703
BAD 141127200341
BAD 141169534817
BAD 141127200343
BAD 141169534819
BAD 141127277453
BAD 141127277461
BAD 141169694333
BAD 141169757623
BAD 141127836859
BAD 141128068507
BAD 141128131153
BAD 141128131159
BAD 141170413873
BAD 141170445679
BAD 141128203399
BAD 141128203427
BAD 141128203429
BAD 141128295331
BAD 141170551043
BAD 141170551051
BAD 141128540963
BAD 141128554297
BAD 141171213457
BAD 141171213461
BAD 141129467497
BAD 141129467503
BAD 141171463093
BAD 141171463099
BAD 141129807997
BAD 141129825313
BAD 141171553703
BAD 141107315693
BAD 141129895723
BAD 141107438281
BAD 141107438291
BAD 141107438293
BAD 141107740621
BAD 141130297229
BAD 141172383271
BAD 141130462537
BAD 141172667921
BAD 141130846771
BAD 141130855267
BAD 141173359759
BAD 141173433187
BAD 141173515447
BAD 141108598349
BAD 141173894513
BAD 141173940169
BAD 141173940253
BAD 141174167119
BAD 141131569373
BAD 141174239243
BAD 141109483577
BAD 141109483607
BAD 141109483609
BAD 141131870183
BAD 141132204679
BAD 141132204683
BAD 141132204691
BAD 141110174969
BAD 141132307609
BAD 141110174971
BAD 141132446393
BAD 141132446401
BAD 141110672903
BAD 141132917689
BAD 141132954409
BAD 141111010021
BAD 141133171943
BAD 141133352809
BAD 141133511483
BAD 141112627883
BAD 141112753343
BAD 141112753367
BAD 141135266593
BAD 141135266603
BAD 141135344963
BAD 141113707193
BAD 141114006503
BAD 141136560067
BAD 141136813969
BAD 141136831447
BAD 141114464461
BAD 141114464471
BAD 141114464483
BAD 141114464489
BAD 141136893979
BAD 141136893983
BAD 141136906639
BAD 141137114581
BAD 141114946597
BAD 141115288903
BAD 141137441411
BAD 141137441413
BAD 141116405719
BAD 141116681569
BAD 141116681593
BAD 141116788721
BAD 141138994189
BAD 141138994193
BAD 141139103467
BAD 141139189747
BAD 141139408411
BAD 141139408427
BAD 141139415423
BAD 141139805557
BAD 141139970737
BAD 141117937333
BAD 141140081011
BAD 141140175203
BAD 141140207633
BAD 141140207671
BAD 141140371087
BAD 141140577811
BAD 141140577871
BAD 141118794587
BAD 141118794589
BAD 141119082241
BAD 141119112313
BAD 141119127031
BAD 141119297843
BAD 141119631397
BAD 141119632153
BAD 141119842027
BAD 141120331147
BAD 141120382441
BAD 141120770851
BAD 141121259821
BAD 141121265983
BAD 141121418629
BAD 141121842571
BAD 141122036359
BAD 141122036371
BAD 141122189701
BAD 141122189737
BAD 141123036013
BAD 141123036017
BAD 141123058717
BAD 141123058729
BAD 141123320573
BAD 141123422543
BAD 141123422551
BAD 141123479447
BAD 140906468249
BAD 140906700227
BAD 140906700229
BAD 140906700241
BAD 140906953951
BAD 140907208769
BAD 140907294811
BAD 140907294821
BAD 140907294823
BAD 140907514523
BAD 140907514529
BAD 140907514537
BAD 140907633037
BAD 140907814793
BAD 140908152313
BAD 140908152353
BAD 140908152377
BAD 140908332379
BAD 140908365187
BAD 140889905953
BAD 140890089391
BAD 140890089407
BAD 140890540673
BAD 140891920517
BAD 140909399003
BAD 140909472763
BAD 140909490157
BAD 140909833093
BAD 140910105079
BAD 140910628519
BAD 140910933913
BAD 140910976207
BAD 140892528677
BAD 140892528683
BAD 140892717949
BAD 140893067641
BAD 140893067671
BAD 140911632023
BAD 140911740271
BAD 140894455259
BAD 140956917473
BAD 140957022253
BAD 140894837767
BAD 140912124103
BAD 140957166341
BAD 140957166349
BAD 140957166397
BAD 140957166401
BAD 140957166403
BAD 140912586317
BAD 140912586379
BAD 140957457383
BAD 140912773601
BAD 140957855663
BAD 140913089147
BAD 140957966713
BAD 140957966719
BAD 140957998501
BAD 140958178733
BAD 140913470783
BAD 140913470813
BAD 140958391627
BAD 140913752983
BAD 140914365877
BAD 140914365881
BAD 140914707611
BAD 140914707613
BAD 140914707617
BAD 140958847307
BAD 140958847313
BAD 140914752799
BAD 140959305913
BAD 140915171083
BAD 140959474133
BAD 140915373029
BAD 140915373031
BAD 140915539033
BAD 140915676091
BAD 140960091949
BAD 140960091967
BAD 140960218603
BAD 140960257267
BAD 140916259927
BAD 141090607297
BAD 141090799081
BAD 141090806431
BAD 141091149937
BAD 141091240061
BAD 141091240063
BAD 140961065821
BAD 140916565171
BAD 140961420931
BAD 140961661993
BAD 140961688757
BAD 140961688759
BAD 140917281409
BAD 140917281413
BAD 140917283011
BAD 140962530523
BAD 140962530529
BAD 140917672111
BAD 140918050561
BAD 140918330261
BAD 140918330263
BAD 140962827673
BAD 140962827679
BAD 140962967413
BAD 140963160287
BAD 140963160293
BAD 141091573033
BAD 141091573043
BAD 140963648071
BAD 140963661413
BAD 141092113831
BAD 141092189221
BAD 141092189261
BAD 141092189263
BAD 141093278633
BAD 140918778493
BAD 140918778503
BAD 141093421597
BAD 141093590993
BAD 140918983687
BAD 140918983691
BAD 141093769189
BAD 140919450943
BAD 140919450949
BAD 140919450953
BAD 140919806723
BAD 140919893353
BAD 140919893357
BAD 140919983951
BAD 140964332959
BAD 140964332963
BAD 140964494563
BAD 140964502607
BAD 141095016553
BAD 141095016583
BAD 140965199413
BAD 140965199423
BAD 140965199429
BAD 140965508323
BAD 140965508329
BAD 140965921909
BAD 140966229379
BAD 140966394887
BAD 140966394889
BAD 140966394913
BAD 141095759183
BAD 140966531711
BAD 141095951303
BAD 141096121129
BAD 141096165323
BAD 141096299347
BAD 141096571411
BAD 141096816613
BAD 141096965929
BAD 141097112813
BAD 141097112843
BAD 141097112869
BAD 141097121653
BAD 141097487411
BAD 140920704293
BAD 140920863301
BAD 140921125171
BAD 140921454173
BAD 140921595383
BAD 140922298763
BAD 140922298771
BAD 140922334997
BAD 140922335053
BAD 140967409879
BAD 140922604087
BAD 140922604091
BAD 140922604093
BAD 140922631589
BAD 140922677747
BAD 140895356183
BAD 140895428371
BAD 140895597319
BAD 140895712943
BAD 140967821611
BAD 140896781423
BAD 140896791361
BAD 140896966429
BAD 140968292753
BAD 140897050403
BAD 140968317619
BAD 141098135099
BAD 140968513921
BAD 141098273473
BAD 140968642033
BAD 140897612881
BAD 140968820569
BAD 140897827009
BAD 140969053591
BAD 140969053597
BAD 141098823259
BAD 141098823263
BAD 141098911243
BAD 141099093073
BAD 141099093077
BAD 141099100939
BAD 141099100943
BAD 141099470443
BAD 140969930623
BAD 140969930641
BAD 141099681799
BAD 140970039227
BAD 140970039229
BAD 140970079499
BAD 140970079501
BAD 140970079507
BAD 141100378103
BAD 141100378109
BAD 141100384681
BAD 141100384687
BAD 141100489921
BAD 140898312967
BAD 140898349237
BAD 140898517171
BAD 140898575669
BAD 140898594919
BAD 140898609251
BAD 140898609253
BAD 140898835229
BAD 140898936239
BAD 140898968479
BAD 140899005713
BAD 140899647001
BAD 140899711417
BAD 140899806253
BAD 140899806277
BAD 140899953127
BAD 140900015843
BAD 140900015863
BAD 140971160531
BAD 140971388329
BAD 140971388333
BAD 140971884337
BAD 140971884341
BAD 140971884343
BAD 140971884353
BAD 140971918837
BAD 140971978349
BAD 141100866097
BAD 141100866107
BAD 141100889719
BAD 140972557493
BAD 140972557507
BAD 140972557519
BAD 140972629163
BAD 141101042743
BAD 141101044663
BAD 140972930843
BAD 141101226709
BAD 140900265829
BAD 140900265833
BAD 140900299927
BAD 140900299933
BAD 140900670973
BAD 140900688967
BAD 140900840701
BAD 140901776497
BAD 140901842761
BAD 140901845023
BAD 141102069349
BAD 140902610311
BAD 141102394493
BAD 141102394513
BAD 141102596153
BAD 141102596161
BAD 141102811943
BAD 141103216913
BAD 141103459733
BAD 141103754789
BAD 141104049439
BAD 141104257403
BAD 141104458969
BAD 141104458973
BAD 140903487119
BAD 140903487121
BAD 140903514137
BAD 140903514139
BAD 140903639743
BAD 140903639753
BAD 140903800591
BAD 140904029449
BAD 140904608771
BAD 140904804311
BAD 140904804329
BAD 140904804331
BAD 140904804347
BAD 140904804377
BAD 140904804379
BAD 141104619413
BAD 140905346303
BAD 141105234329
BAD 141105234359
BAD 141105672047
BAD 141105672049
BAD 141105674701
BAD 141105727339
BAD 141106015009
BAD 141106214213
BAD 141106292863
BAD 141106292879
BAD 141106292881
BAD 141141020521
BAD 141141061339
BAD 141141061343
BAD 141141061363
BAD 141141061367
BAD 141141523777
BAD 141141563263
BAD 141141563267
BAD 141141631003
BAD 141142364261
BAD 141142364287
BAD 141142464823
BAD 141142464833
BAD 141142488463
BAD 141142769113
BAD 141142815607
BAD 141142815613
BAD 141142864853
BAD 141142864861
BAD 141142864879
BAD 141143355853
BAD 141143872843
BAD 141144105961
BAD 141144203969
BAD 141144203971
BAD 141144203987
BAD 141144203989
BAD 141144338791
BAD 141144526231
BAD 141144675157
BAD 141144675163
BAD 141144779341
BAD 141144779357
BAD 141144779359
BAD 141144779371
BAD 141144779387
BAD 141144779389
BAD 141144779393
BAD 141145196041
BAD 141145196131
BAD 141174442159
BAD 141174442163
BAD 141174442169
BAD 141145844569
BAD 141146282491
BAD 141146386441
BAD 141146496353
BAD 141146602549
BAD 141146681353
BAD 141146681363
BAD 141146844781
BAD 141146948233
BAD 141175352953
BAD 141147822373
BAD 141175864211
BAD 141175864213
BAD 141176039119
BAD 141176143993
BAD 141176671133
BAD 141148446463
BAD 141148481963
BAD 141148563901
BAD 141148563967
BAD 141148563977
BAD 141148563979
BAD 141148671031
BAD 141149133023
BAD 141149133029
BAD 141149133031
BAD 141149133061
BAD 141149517877
BAD 141149689699
BAD 141149689717
BAD 141149689721
BAD 141150193927
BAD 141150193931
BAD 141073973701
BAD 141150215363
BAD 141150215387
BAD 141150215389
BAD 141192172909
BAD 141150516523
BAD 141150555353
BAD 141074737723
BAD 141074737729
BAD 141074737733
BAD 141074962487
BAD 141150933073
BAD 141151110733
BAD 141151598411
BAD 141192956563
BAD 141075147907
BAD 141075147911
BAD 141192989767
BAD 141075208367
BAD 141075208369
BAD 141075219757
BAD 141075397861
BAD 141075573071
BAD 141075573073
BAD 141075573077
BAD 141178358621
BAD 141075622433
BAD 141178358623
BAD 141178358647
BAD 141193288921
BAD 141193288931
BAD 141178395733
BAD 141193454851
BAD 141193672379
BAD 141193672381
BAD 141193818803
BAD 141193872769
BAD 141194023031
BAD 141194046113
BAD 141194046121
BAD 141194112193
BAD 141194251579
BAD 141194314333
BAD 141194314343
BAD 141178868123
BAD 141152308601
BAD 141076221809
BAD 141076221821
BAD 141076221829
BAD 141076353683
BAD 141178927411
BAD 141152408633
BAD 141178945519
BAD 141152631349
BAD 141152631353
BAD 141179143741
BAD 141179168917
BAD 141076839263
BAD 141153199553
BAD 141179408347
BAD 141179408407
BAD 141153275453
BAD 141179546491
BAD 141153360643
BAD 141153360661
BAD 141179549059
BAD 141180111601
BAD 141077275579
BAD 141077275583
BAD 141077275613
BAD 141180340481
BAD 141153845431
BAD 141153845513
BAD 141153910159
BAD 141154054057
BAD 141077799323
BAD 141077799337
BAD 141077799367
BAD 141194345969
BAD 141194345977
BAD 141154132013
BAD 141154132061
BAD 141077967227
BAD 141077967229
BAD 141077967241
BAD 141224845327
BAD 141225049421
BAD 141225049423
BAD 141225049429
BAD 141194768971
BAD 141194884153
BAD 141154824143
BAD 141225598859
BAD 141225598861
BAD 141155022653
BAD 141155501191
BAD 141155501197
BAD 141155501203
BAD 141195962837
BAD 141195962839
BAD 141226128401
BAD 141226128403
BAD 141226128409
BAD 141196053899
BAD 141196053907
BAD 141155650553
BAD 141226401179
BAD 141155650561
BAD 141155650567
BAD 141226401181
BAD 141078679741
BAD 141196409129
BAD 141196451273
BAD 141196451281
BAD 141226707203
BAD 141226707211
BAD 141196535411
BAD 141196535413
BAD 141196582469
BAD 141226779919
BAD 141226779937
BAD 141226779943
BAD 141078918983
BAD 141196702303
BAD 141196785151
BAD 141079014551
BAD 141079014553
BAD 141180698257
BAD 141197128253
BAD 141197128279
BAD 141197128283
BAD 141197128291
BAD 141180825013
BAD 141079392767
BAD 141079593469
BAD 141197734553
BAD 141079593493
BAD 141079603201
BAD 141079617563
BAD 141181208281
BAD 141181208291
BAD 141181219483
BAD 141079703371
BAD 141079836881
BAD 141079836883
BAD 141181369759
BAD 141181386683
BAD 141080069113
BAD 141227380141
BAD 141181554169
BAD 141080306273
BAD 141080306281
BAD 141181639877
BAD 141181662773
BAD 141080486221
BAD 141080585033
BAD 141227762521
BAD 141181963997
BAD 141181968673
BAD 141227876341
BAD 141182139559
BAD 141080921221
BAD 141080921243
BAD 141228136253
BAD 141080999251
BAD 141228143761
BAD 141198647179
BAD 141198699883
BAD 141081046063
BAD 141081046081
BAD 141198712951
BAD 141198727171
BAD 141198732029
BAD 141198732041
BAD 141081079429
BAD 141182719703
BAD 141081140639
BAD 141228394189
BAD 141228394193
BAD 141081530483
BAD 141183082141
BAD 141081607759
BAD 141081620549
BAD 141183148669
BAD 141183148679
BAD 141183148681
BAD 141183512053
BAD 141199758677
BAD 141199758683
BAD 141183902107
BAD 141200147597
BAD 141200306791
BAD 141200325193
BAD 141184109203
BAD 141229168819
BAD 141200854351
BAD 141229467319
BAD 141082182979
BAD 141200891639
BAD 141200891641
BAD 141200891647
BAD 141229792441
BAD 141083128657
BAD 141083128661
BAD 141083128663
BAD 141201625603
BAD 141201625613
BAD 141157314721
BAD 141201700609
BAD 141201721579
BAD 141157460467
BAD 141184475171
BAD 141202051037
BAD 141083286733
BAD 141230862677
BAD 141230862679
BAD 141230862683
BAD 141202461277
BAD 141231115903
BAD 141084376229
BAD 141084376231
BAD 141084455893
BAD 141184953673
BAD 141184953677
BAD 141231582571
BAD 141231582577
BAD 141203652923
BAD 141185700529
BAD 141185700533
BAD 141203749733
BAD 141203795483
BAD 141186012311
BAD 141186012313
BAD 141203962373
BAD 141085376329
BAD 141085425199
BAD 141085425209
BAD 141085425211
BAD 141204522947
BAD 141204697637
BAD 141232040077
BAD 141232040083
BAD 141232040087
BAD 141204925669
BAD 141232512403
BAD 141232570771
BAD 141186129713
BAD 141186129719
BAD 141086177171
BAD 141086177173
BAD 141186899507
BAD 141186899509
BAD 141186906373
BAD 141186906379
BAD 141205840823
BAD 141205855249
BAD 141187270463
BAD 141208027459
BAD 141087373439
BAD 141208106243
BAD 141087444811
BAD 141187411969
BAD 141187411973
BAD 141206048807
BAD 141187547803
BAD 141206259521
BAD 141187910911
BAD 141208745371
BAD 141188436811
BAD 141188436833
BAD 141188436841
BAD 141188436853
BAD 141209102017
BAD 141188445667
BAD 141209105861
BAD 141209197993
BAD 141209197999
BAD 141209198003
BAD 141206580139
BAD 141188600911
BAD 141209378839
BAD 141209447611
BAD 141209447641
BAD 141209447657
BAD 141209514961
BAD 141206821061
BAD 141088645031
BAD 141189855113
BAD 141209632261
BAD 141189855127
BAD 141209664949
BAD 141190137799
BAD 141209961923
BAD 141209961931
BAD 141207154651
BAD 141190272061
BAD 141190272169
BAD 141190369429
BAD 141210150031
BAD 141190462351
BAD 141089340661
BAD 141210687311
BAD 141210687313
BAD 141241600921
BAD 141210741827
BAD 141210741829
BAD 141241651519
BAD 141207937193
BAD 141207937201
BAD 141233196179
BAD 141233196199
BAD 141190749983
BAD 141233295199
BAD 141089920973
BAD 141089929583
BAD 141211128571
BAD 141234556289
BAD 141090445429
BAD 141191164117
BAD 141242125487
BAD 141242125489
BAD 141242125513
BAD 141242125523
BAD 141211247963
BAD 141211276247
BAD 141211276249
BAD 141242394323
BAD 141242394331
BAD 141242420183
BAD 141211622953
BAD 141211629421
BAD 141242711341
BAD 141235209443
BAD 141235272701
BAD 141235476001
BAD 141212072399
BAD 141212072401
BAD 141212087141
BAD 141212150059
BAD 141243343823
BAD 141243343831
BAD 141212312629
BAD 141212417483
BAD 141212417551
BAD 141244043419
BAD 141212960443
BAD 141236501737
BAD 141258375649
BAD 141244414639
BAD 141236501759
BAD 141258375653
BAD 141236501761
BAD 141213220019
BAD 141213220021
BAD 141258751649
BAD 141258751651
BAD 141258751657
BAD 141236945401
BAD 141213329053
BAD 141213329069
BAD 141213329071
BAD 141213329077
BAD 141258939499
BAD 141213401269
BAD 141213406991
BAD 141259033103
BAD 141259326259
BAD 141259361629
BAD 141237172693
BAD 141245277311
BAD 141213884701
BAD 141213913051
BAD 141213946043
BAD 141245384911
BAD 141245384921
BAD 141237385591
BAD 141214938541
BAD 141259636667
BAD 141259636669
BAD 141259636673
BAD 141237446369
BAD 141215014393
BAD 141215014397
BAD 141215014399
BAD 141215014403
BAD 141237472729
BAD 141237572803
BAD 141237572821
BAD 141259805131
BAD 141259847303
BAD 141237665603
BAD 141237665617
BAD 141260044033
BAD 141215512939
BAD 141215512951
BAD 141215512957
BAD 141215513051
BAD 141260178799
BAD 141215832983
BAD 141260429393
BAD 141260429399
BAD 141238238189
BAD 141238238191
BAD 141238241429
BAD 141216202163
BAD 141216202201
BAD 141238379731
BAD 141238379819
BAD 141238379827
BAD 141238387733
BAD 141245384923
BAD 141245384941
BAD 141245384947
BAD 141245384953
BAD 141245384957
BAD 141245384963
BAD 141216255179
BAD 141216255181
BAD 141238453063
BAD 141238453073
BAD 141238456727
BAD 141238456729
BAD 141216301007
BAD 141238709561
BAD 141216571411
BAD 141246266701
BAD 141246266717
BAD 141216959347
BAD 141216959353
BAD 141216959357
BAD 141217133573
BAD 141246624451
BAD 141217205419
BAD 141217246259
BAD 141246703027
BAD 141246703033
BAD 141239271319
BAD 141246775009
BAD 141260592569
BAD 141239271323
BAD 141261124007
BAD 141247109291
BAD 141247109293
BAD 141261200687
BAD 141247218061
BAD 141247218067
BAD 141247242313
BAD 141247242317
BAD 141261396673
BAD 141261407191
BAD 141247661161
BAD 141261827963
BAD 141247786013
BAD 141248034703
BAD 141248034709
BAD 141248034713
BAD 141240177313
BAD 141248131879
BAD 141240767623
BAD 141248471717
BAD 141248471719
BAD 141262594051
BAD 141262619653
BAD 141262619657
BAD 141248638651
BAD 141241270999
BAD 141241322161
BAD 141263049569
BAD 141241322179
BAD 141241322197
BAD 141217313359
BAD 141248991703
BAD 141263552383
BAD 141263552387
BAD 141263552389
BAD 141263572291
BAD 141263572297
BAD 141263754167
BAD 141263887669
BAD 141250479871
BAD 141264635623
BAD 141264975349
BAD 141250743967
BAD 141265054433
BAD 141265248053
BAD 141265248071
BAD 141265248073
BAD 141265357747
BAD 141265616647
BAD 141265616651
BAD 141266258953
BAD 141266356607
BAD 141251539631
BAD 141251539633
BAD 141251539643
BAD 141251551081
BAD 141251551087
BAD 141217555033
BAD 141267287311
BAD 141251611159
BAD 141267478489
BAD 141251699011
BAD 141251699033
BAD 141267939487
BAD 141252371693
BAD 141252371699
BAD 141218446223
BAD 141218479841
BAD 141218557423
BAD 141218557427
BAD 141218839973
BAD 141268641937
BAD 141218948737
BAD 141219032821
BAD 141219032837
BAD 141219032839
BAD 141253231577
BAD 141253231579
BAD 141219254161
BAD 141219255271
BAD 141269153359
BAD 141219333553
BAD 141219333559
BAD 141219333589
BAD 141219394793
BAD 141219507893
BAD 141269462507
BAD 141219697967
BAD 141269462513
BAD 141219697973
BAD 141219697979
BAD 141219697981
BAD 141219698131
BAD 141269605523
BAD 141269605531
BAD 141269629801
BAD 141269669897
BAD 141269669899
BAD 141269697323
BAD 141219974369
BAD 141269871829
BAD 141269871833
BAD 141254725771
BAD 141270041839
BAD 141254750737
BAD 141270175523
BAD 141220479821
BAD 141220479823
BAD 141270512407
BAD 141220700149
BAD 141255276559
BAD 141255287791
BAD 141255287801
BAD 141255296573
BAD 141220767419
BAD 141220767421
BAD 141220767427
BAD 141271764679
BAD 141220767431
BAD 141255423649
BAD 141255423653
BAD 141255538913
BAD 141255543281
BAD 141255543313
BAD 141255683983
BAD 141255695689
BAD 141255695729
BAD 141255695731
BAD 141221031323
BAD 141221036353
BAD 141255809843
BAD 141256129039
BAD 141256129043
BAD 141256150843
BAD 141221323843
BAD 141221323879
BAD 141221362441
BAD 141256677421
BAD 141272371367
BAD 141221570059
BAD 141257404709
BAD 141257404711
BAD 141273258491
BAD 141222217249
BAD 141222289471
BAD 141222289477
BAD 141222431071
BAD 141222641671
BAD 141273732871
BAD 141273732881
BAD 141273732883
BAD 141273800963
BAD 141258174721
BAD 141258174727
BAD 141273904553
BAD 141222994153
BAD 141222994327
BAD 141222994331
BAD 141222994333
BAD 141223103479
BAD 141223163831
BAD 141223163833
BAD 141223233521
BAD 141223233523
BAD 141223358543
BAD 141223380359
BAD 141274544273
BAD 141274704323
BAD 141274782223
BAD 141274782227
BAD 141274947769
BAD 141223704179
BAD 141224252989
BAD 141275078611
BAD 141275686829
BAD 141275686831
BAD 141275686837
BAD 141275769643
BAD 141276228739
BAD 141276824287
BAD 141276826751
BAD 141276826753
BAD 141276826819
BAD 141277546933
BAD 141277809713
BAD 141277968917
BAD 141277968919
BAD 141278111813
BAD 141278159179
BAD 141278188999
BAD 141278226269
BAD 141278310647
BAD 141278940221
BAD 141278940223
BAD 141279134723
BAD 141279881597
BAD 141279881599
BAD 141281226997
BAD 141281227001
BAD 141281424343
BAD 141281424353
BAD 141282315787
BAD 141282315799
BAD 141282315817
BAD 141282899011
BAD 141283139227
BAD 141283157713
BAD 141283175597
BAD 141283175599
BAD 141283175603
BAD 141283234123
BAD 141283971473
BAD 141285001423
BAD 141285408347
BAD 141285408367
BAD 141285408371
BAD 141285408373
BAD 141285408377
BAD 141285408379
BAD 141285408391
BAD 141285483419
BAD 141285483421
BAD 141286341533
BAD 141286504103
BAD 141287194639
BAD 141287540777
BAD 141287924153
BAD 141288071063
BAD 141288071081
BAD 141288156881
BAD 141288368371
BAD 141288419903
BAD 141288562879
BAD 141288648841
BAD 141288886969
BAD 141288891841
BAD 141288891847
BAD 141289259389
BAD 141290090933
BAD 141290090941
BAD 141290548769
BAD 141290548771
BAD 141290548837
BAD 141290653681
BAD 141290795299
BAD 141290932637
BAD 141290932639
BAD 141291402743
BAD 141291804301
BAD 141459667823
BAD 141460013407
BAD 141460535989
BAD 141460811057
BAD 141460811059
BAD 141292039927
BAD 141292313891
BAD 141292313893
BAD 141292362187
BAD 141292362193
BAD 141292362229
BAD 141462104789
BAD 141292630867
BAD 141292693483
BAD 141292755649
BAD 141292852093
BAD 141293256953
BAD 141293432983
BAD 141463072789
BAD 141443116369
BAD 141325490263
BAD 141443116379
BAD 141325490269
BAD 141443222023
BAD 141443400463
BAD 141326037119
BAD 141326037121
BAD 141326125163
BAD 141326225473
BAD 141464114867
BAD 141464114881
BAD 141326580169
BAD 141326580173
BAD 141342367043
BAD 141444208363
BAD 141444455281
BAD 141464531371
BAD 141308991653
BAD 141464531393
BAD 141444514727
BAD 141444521003
BAD 141309009923
BAD 141327175859
BAD 141327175861
BAD 141342909289
BAD 141342909293
BAD 141327308401
BAD 141327308407
BAD 141327381163
BAD 141343381747
BAD 141465230359
BAD 141309225121
BAD 141343382471
BAD 141343382473
BAD 141465345523
BAD 141309333617
BAD 141309333653
BAD 141309333661
BAD 141309333667
BAD 141309333673
BAD 141465451999
BAD 141465452003
BAD 141309468283
BAD 141309468353
BAD 141309498601
BAD 141309498607
BAD 141444999721
BAD 141309522163
BAD 141343829551
BAD 141445442953
BAD 141344135509
BAD 141445511413
BAD 141445511429
BAD 141465878041
BAD 141465972691
BAD 141328290293
BAD 141310439093
BAD 141310439117
BAD 141466101097
BAD 141328394807
BAD 141445906051
BAD 141344548351
BAD 141466101109
BAD 141310603583
BAD 141466101113
BAD 141466101121
BAD 141466118329
BAD 141466118333
BAD 141466118447
BAD 141466118449
BAD 141466118467
BAD 141445930537
BAD 141328466093
BAD 141344611853
BAD 141375781319
BAD 141375781321
BAD 141328711283
BAD 141344817413
BAD 141466389137
BAD 141466389139
BAD 141466389143
BAD 141328850701
BAD 141328850731
BAD 141344895347
BAD 141446675813
BAD 141446683381
BAD 141446709661
BAD 141376452517
BAD 141446778817
BAD 141329112191
BAD 141376553267
BAD 141446778821
BAD 141345406819
BAD 141345406823
BAD 141311651419
BAD 141311651423
BAD 141311663693
BAD 141329203823
BAD 141329208233
BAD 141329302057
BAD 141329302063
BAD 141376896613
BAD 141467213203
BAD 141467213207
BAD 141467237543
BAD 141447011011
BAD 141447011023
BAD 141329424949
BAD 141447040351
BAD 141345620137
BAD 141329450557
BAD 141377017927
BAD 141447138293
BAD 141329548751
BAD 141329548753
BAD 141377135539
BAD 141377135551
BAD 141329559743
BAD 141329730413
BAD 141312836123
BAD 141345976711
BAD 141377722873
BAD 141447718987
BAD 141377722921
BAD 141467792359
BAD 141313193327
BAD 141313198363
BAD 141313198399
BAD 141468093037
BAD 141468093043
BAD 141468171349
BAD 141468270263
BAD 141468270271
BAD 141468270277
BAD 141313445107
BAD 141346214209
BAD 141330321289
BAD 141313597177
BAD 141313641923
BAD 141313641929
BAD 141468574171
BAD 141313932901
BAD 141378871661
BAD 141378871663
BAD 141330808519
BAD 141378953461
BAD 141378953467
BAD 141314381381
BAD 141468908621
BAD 141379336981
BAD 141331340977
BAD 141314669627
BAD 141314669641
BAD 141359685479
BAD 141379336999
BAD 141379337027
BAD 141448708603
BAD 141448708613
BAD 141448722323
BAD 141448722329
BAD 141331372759
BAD 141469048463
BAD 141314901601
BAD 141331608997
BAD 141469408459
BAD 141469408463
BAD 141469408469
BAD 141469408471
BAD 141315469193
BAD 141347072521
BAD 141469517113
BAD 141380229317
BAD 141469959893
BAD 141332174317
BAD 141332174339
BAD 141380947339
BAD 141380947343
BAD 141448980397
BAD 141316387909
BAD 141360524029
BAD 141316387921
BAD 141449107951
BAD 141426239243
BAD 141470327861
BAD 141360524033
BAD 141381030253
BAD 141449107957
BAD 141470327863
BAD 141449121589
BAD 141426388099
BAD 141348462643
BAD 141348481411
BAD 141348481447
BAD 141348502049
BAD 141348502051
BAD 141348515839
BAD 141348515851
BAD 141316675963
BAD 141381373981
BAD 141426602437
BAD 141426602441
BAD 141449471147
BAD 141449471153
BAD 141361136479
BAD 141317018749
BAD 141449542547
BAD 141381853763
BAD 141381853793
BAD 141361387051
BAD 141293843633
BAD 141382246981
BAD 141471125987
BAD 141361387103
BAD 141382246987
BAD 141427707769
BAD 141361387109
BAD 141317973367
BAD 141471125989
BAD 141293843641
BAD 141471125993
BAD 141361405501
BAD 141449788097
BAD 141427881541
BAD 141449788099
BAD 141449788111
BAD 141294128477
BAD 141318304279
BAD 141318349553
BAD 141471432241
BAD 141361733347
BAD 141382774417
BAD 141382774471
BAD 141333034631
BAD 141428341367
BAD 141382995373
BAD 141428421481
BAD 141428421503
BAD 141294536633
BAD 141450206719
BAD 141383083789
BAD 141318761711
BAD 141428770969
BAD 141450891019
BAD 141349115783
BAD 141333452243
BAD 141318761713
BAD 141361970611
BAD 141333452257
BAD 141318808613
BAD 141383126323
BAD 141450948469
BAD 141294814987
BAD 141294814993
BAD 141383351651
BAD 141451127789
BAD 141383351653
BAD 141451127791
BAD 141383351663
BAD 141451127801
BAD 141451127803
BAD 141362258003
BAD 141362268689
BAD 141349542407
BAD 141349542409
BAD 141349542413
BAD 141383430803
BAD 141295183091
BAD 141295183111
BAD 141295282763
BAD 141295282801
BAD 141430488851
BAD 141362667883
BAD 141471830287
BAD 141383952467
BAD 141319111523
BAD 141430488853
BAD 141383952469
BAD 141349836443
BAD 141383952473
BAD 141471830293
BAD 141383952481
BAD 141451372793
BAD 141451373363
BAD 141471922643
BAD 141430597003
BAD 141430597019
BAD 141319196483
BAD 141295522703
BAD 141295645723
BAD 141350254547
BAD 141350254553
BAD 141350414089
BAD 141295928663
BAD 141363039043
BAD 141363039073
BAD 141319657343
BAD 141363155309
BAD 141451587469
BAD 141296111147
BAD 141296111149
BAD 141472837973
BAD 141451638151
BAD 141432452047
BAD 141296111153
BAD 141319789669
BAD 141351645443
BAD 141333800449
BAD 141384795403
BAD 141451658701
BAD 141384809341
BAD 141296181391
BAD 141451726529
BAD 141451726531
BAD 141384882679
BAD 141432616433
BAD 141432616447
BAD 141384956693
BAD 141384956701
BAD 141432672281
BAD 141296271073
BAD 141296271079
BAD 141473085953
BAD 141296304211
BAD 141432791491
BAD 141432791497
BAD 141432821753
BAD 141385103843
BAD 141385103879
BAD 141385103917
BAD 141296389411
BAD 141473599583
BAD 141452066167
BAD 141363259189
BAD 141385479803
BAD 141433042433
BAD 141320444123
BAD 141363259201
BAD 141352544119
BAD 141352544141
BAD 141352544143
BAD 141473638147
BAD 141473638151
BAD 141452082829
BAD 141296454083
BAD 141296454097
BAD 141296455387
BAD 141352629437
BAD 141352629443
BAD 141452102629
BAD 141473792171
BAD 141473792203
BAD 141385707601
BAD 141433281383
BAD 141296751949
BAD 141296751979
BAD 141474013789
BAD 141363351901
BAD 141363351907
BAD 141363351911
BAD 141363351917
BAD 141298051567
BAD 141386079853
BAD 141353023213
BAD 141321056101
BAD 141474325591
BAD 141386079917
BAD 141433521577
BAD 141474325723
BAD 141363351919
BAD 141363351931
BAD 141452275021
BAD 141433609069
BAD 141386208043
BAD 141474551011
BAD 141474551017
BAD 141321282841
BAD 141321282853
BAD 141433714909
BAD 141433714921
BAD 141363551839
BAD 141363551843
BAD 141298338287
BAD 141298338289
BAD 141321497971
BAD 141433901209
BAD 141433926097
BAD 141321651839
BAD 141321684781
BAD 141321685717
BAD 141321685723
BAD 141475143283
BAD 141321685727
BAD 141475143289
BAD 141386580493
BAD 141321872801
BAD 141321872803
BAD 141321872851
BAD 141321872863
BAD 141386634469
BAD 141386643743
BAD 141386643751
BAD 141434415439
BAD 141434415443
BAD 141354256891
BAD 141386714957
BAD 141475439563
BAD 141475441369
BAD 141386792863
BAD 141364246279
BAD 141434638909
BAD 141434638913
BAD 141354457537
BAD 141453166913
BAD 141354505309
BAD 141354505387
BAD 141354505393
BAD 141322232239
BAD 141322276493
BAD 141322276499
BAD 141386924761
BAD 141453630259
BAD 141475739033
BAD 141322519339
BAD 141364678309
BAD 141434824471
BAD 141354779437
BAD 141322519343
BAD 141334334023
BAD 141434824507
BAD 141354779441
BAD 141354779443
BAD 141386938817
BAD 141334473053
BAD 141322753393
BAD 141322753399
BAD 141475871923
BAD 141364884863
BAD 141322842853
BAD 141322842893
BAD 141322842901
BAD 141364914857
BAD 141364914917
BAD 141387148501
BAD 141334627219
BAD 141334627223
BAD 141365068759
BAD 141365068813
BAD 141323120273
BAD 141476064491
BAD 141476064493
BAD 141435571973
BAD 141298710689
BAD 141387340097
BAD 141323163083
BAD 141355252523
BAD 141387340099
BAD 141435572009
BAD 141435572011
BAD 141298710691
BAD 141387437089
BAD 141476173583
BAD 141435753419
BAD 141435753421
BAD 141355577719
BAD 141355577723
BAD 141355659121
BAD 141387656183
BAD 141323384203
BAD 141365219003
BAD 141365219029
BAD 141365219041
BAD 141436060429
BAD 141436060433
BAD 141436060463
BAD 141453979427
BAD 141299251231
BAD 141436182169
BAD 141454032607
BAD 141334839859
BAD 141436324487
BAD 141299600161
BAD 141356247091
BAD 141365386171
BAD 141454471187
BAD 141323754713
BAD 141436324489
BAD 141335448923
BAD 141454471189
BAD 141335448931
BAD 141356282911
BAD 141356282917
BAD 141335469427
BAD 141335469437
BAD 141335469439
BAD 141454551257
BAD 141454555171
BAD 141323890111
BAD 141323922041
BAD 141454584391
BAD 141356427781
BAD 141356543611
BAD 141356545921
BAD 141365636353
BAD 141365759189
BAD 141365759191
BAD 141454901491
BAD 141365884789
BAD 141365884843
BAD 141365884853
BAD 141365884859
BAD 141365884861
BAD 141357427529
BAD 141324644161
BAD 141300188683
BAD 141335877677
BAD 141357427531
BAD 141436513531
BAD 141455336221
BAD 141357432361
BAD 141365912003
BAD 141388053841
BAD 141388053871
BAD 141455451061
BAD 141436613419
BAD 141455549219
BAD 141324917891
BAD 141436724881
BAD 141455637683
BAD 141455637751
BAD 141436844587
BAD 141388421191
BAD 141388424717
BAD 141388424719
BAD 141388489183
BAD 141336472633
BAD 141336472637
BAD 141456130247
BAD 141336590053
BAD 141437305039
BAD 141456213449
BAD 141336610463
BAD 141358411303
BAD 141437544433
BAD 141336610477
BAD 141389007271
BAD 141358411319
BAD 141389007283
BAD 141358411321
BAD 141366907841
BAD 141389068529
BAD 141389068531
BAD 141456484417
BAD 141456484423
BAD 141389123693
BAD 141367161457
BAD 141367161469
BAD 141301154671
BAD 141301154677
BAD 141367181479
BAD 141389268781
BAD 141336925627
BAD 141301260119
BAD 141336932543
BAD 141358678931
BAD 141336965131
BAD 141301366643
BAD 141358776563
BAD 141389483551
BAD 141358916131
BAD 141389637563
BAD 141389637569
BAD 141456985541
BAD 141389637589
BAD 141337426429
BAD 141389637611
BAD 141438328657
BAD 141337428203
BAD 141301708813
BAD 141301708819
BAD 141301798553
BAD 141438500057
BAD 141438500059
BAD 141301930729
BAD 141301930733
BAD 141301930739
BAD 141301930753
BAD 141368258323
BAD 141337766503
BAD 141302027513
BAD 141438673921
BAD 141438713281
BAD 141368390467
BAD 141302180083
BAD 141302180087
BAD 141302220979
BAD 141302230501
BAD 141302230523
BAD 141302230529
BAD 141368589203
BAD 141368663213
BAD 141302362771
BAD 141390340129
BAD 141439066009
BAD 141390340141
BAD 141338359889
BAD 141390340153
BAD 141457941517
BAD 141439156897
BAD 141439156921
BAD 141439156933
BAD 141439156939
BAD 141302452073
BAD 141390415291
BAD 141390415297
BAD 141458046659
BAD 141369455923
BAD 141302721103
BAD 141302746829
BAD 141302746831
BAD 141338759381
BAD 141338759383
BAD 141338908057
BAD 141369718793
BAD 141369726167
BAD 141369803599
BAD 141303021319
BAD 141369849199
BAD 141369889763
BAD 141369917173
BAD 141390906653
BAD 141439971811
BAD 141459021307
BAD 141440049857
BAD 141440049859
BAD 141370361633
BAD 141339627469
BAD 141459156607
BAD 141370582291
BAD 141370633381
BAD 141303927847
BAD 141340167149
BAD 141340167151
BAD 141304033069
BAD 141340315243
BAD 141370881667
BAD 141370881671
BAD 141440626609
BAD 141440626729
BAD 141440718151
BAD 141391924937
BAD 141340783079
BAD 141340783081
BAD 141392033309
BAD 141392033311
BAD 141392033317
BAD 141304499827
BAD 141392105557
BAD 141371394869
BAD 141371451601
BAD 141371451607
BAD 141371470567
BAD 141441077893
BAD 141304851313
BAD 141392396713
BAD 141304860661
BAD 141304860667
BAD 141441107783
BAD 141304965023
BAD 141392471431
BAD 141340857869
BAD 141340857871
BAD 141340857883
BAD 141371685841
BAD 141340938157
BAD 141305295031
BAD 141305295037
BAD 141441425311
BAD 141372017461
BAD 141372143483
BAD 141441722573
BAD 141305847593
BAD 141372210391
BAD 141341781817
BAD 141442001791
BAD 141442092193
BAD 141306155383
BAD 141306209831
BAD 141442316209
BAD 141442316243
BAD 141372692543
BAD 141306437513
BAD 141372886717
BAD 141372886723
BAD 141372886729
BAD 141442816741
BAD 141306690533
BAD 141373606963
BAD 141373672459
BAD 141373672463
BAD 141307178603
BAD 141307178611
BAD 141307214453
BAD 141374123183
BAD 141374148301
BAD 141307767389
BAD 141307897427
BAD 141307897429
BAD 141307897433
BAD 141374736443
BAD 141375057713
BAD 141308324513
BAD 141308437531
BAD 141375430237
BAD 141375451039
BAD 141308596301
BAD 141308602387
BAD 141308602411
BAD 141393108911
BAD 141393110009
BAD 141393110011
BAD 141393258571
BAD 141393795919
BAD 141393795923
BAD 141393795931
BAD 141393796153
BAD 141393796157
BAD 141393933017
BAD 141393933019
BAD 141393933067
BAD 141393933071
BAD 141393933073
BAD 141393991831
BAD 141393995371
BAD 141394029653
BAD 141394048907
BAD 141394048909
BAD 141394048919
BAD 141394056179
BAD 141394056187
BAD 141394497247
BAD 141395013589
BAD 141395013593
BAD 141395198003
BAD 141395505997
BAD 141396538117
BAD 141396783989
BAD 141396783991
BAD 141396825121
BAD 141396825131
BAD 141396961309
BAD 141396961313
BAD 141397037011
BAD 141397179139
BAD 141397179149
BAD 141397179151
BAD 141397302217
BAD 141397463201
BAD 141397463203
BAD 141397463209
BAD 141397761553
BAD 141397761559
BAD 141397761563
BAD 141397869841
BAD 141398088127
BAD 141398178601
BAD 141398178611
BAD 141398178613
BAD 141398247637
BAD 141398247649
BAD 141398807677
BAD 141409433021
BAD 141409433029
BAD 141409539263
BAD 141409539269
BAD 141409951693
BAD 141410053651
BAD 141410083163
BAD 141410083169
BAD 141410356963
BAD 141410670241
BAD 141410937203
BAD 141410937229
BAD 141411220891
BAD 141412212377
BAD 141412556057
BAD 141412556059
BAD 141412849231
BAD 141414470867
BAD 141414580067
BAD 141415031843
BAD 141415281619
BAD 141399311509
BAD 141399607361
BAD 141399607369
BAD 141400051801
BAD 141400895749
BAD 141400951267
BAD 141401195167
BAD 141402003341
BAD 141402003343
BAD 141402680581
BAD 141402737647
BAD 141402737653
BAD 141403362979
BAD 141403362983
BAD 141403363043
BAD 141403363051
BAD 141403363067
BAD 141416444809
BAD 141417503587
BAD 141417503593
BAD 141417564061
BAD 141417569567
BAD 141417745643
BAD 141417745649
BAD 141417947327
BAD 141417947329
BAD 141418561877
BAD 141419275009
BAD 141419663687
BAD 141419663689
BAD 141420104603
BAD 141420107753
BAD 141420338273
BAD 141420385159
BAD 141420434137
BAD 141420527267
BAD 141420649067
BAD 141403874089
BAD 141403874093
BAD 141403944127
BAD 141403944293
BAD 141421207619
BAD 141421207621
BAD 141404069581
BAD 141421717147
BAD 141404527441
BAD 141404929163
BAD 141404972263
BAD 141404972273
BAD 141404998373
BAD 141405232589
BAD 141422401531
BAD 141422740687
BAD 141405653633
BAD 141405786793
BAD 141406108057
BAD 141406108201
BAD 141406280863
BAD 141406631713
BAD 141423437891
BAD 141423437893
BAD 141406839887
BAD 141406921219
BAD 141406921223
BAD 141407234791
BAD 141407418619
BAD 141407580121
BAD 141407772223
BAD 141407814367
BAD 141407814371
BAD 141424371559
BAD 141424558153
BAD 141408214279
BAD 141408214333
BAD 141408643771
BAD 141425307697
BAD 141425307701
BAD 141425307703
BAD 141425307707
BAD 141425307743
BAD 141425636029
BAD 141527189281
BAD 141527189291
BAD 141527315731
BAD 141527339273
BAD 141527480833
BAD 141527543749
BAD 141527543753
BAD 141527710847
BAD 141528011143
BAD 141528011153
BAD 141529078367
BAD 141529078373
BAD 141529299811
BAD 141529696123
BAD 141529696129
BAD 141529772191
BAD 141529772221
BAD 141529922879
BAD 141529922881
BAD 141529922893
BAD 141530112601
BAD 141530649613
BAD 141530649619
BAD 141530775341
BAD 141530775343
BAD 141530775349
BAD 141530809003
BAD 141530809027
BAD 141531173221
BAD 141531766991
BAD 141531886429
BAD 141531914837
BAD 141531944573
BAD 141531944579
BAD 141531944581
BAD 141532306621
BAD 141533679769
BAD 141533679787
BAD 141533704679
BAD 141533704681
BAD 141533704789
BAD 141533728493
BAD 141533865331
BAD 141533865353
BAD 141533909689
BAD 141533961059
BAD 141534105343
BAD 141534105347
BAD 141534498949
BAD 141534498953
BAD 141534662567
BAD 141534759607
BAD 141534759631
BAD 141534859373
BAD 141535321393
BAD 141535618621
BAD 141535685023
BAD 141535866851
BAD 141535866853
BAD 141536032681
BAD 141536129773
BAD 141536701619
BAD 141536922227
BAD 141536922229
BAD 141537152459
BAD 141537420229
BAD 141537633599
BAD 141537803063
BAD 141537822193
BAD 141538392529
BAD 141538392533
BAD 141538525571
BAD 141538525573
BAD 141539650423
BAD 141539941561
BAD 141540147481
BAD 141540270661
BAD 141540609163
BAD 141540609173
BAD 141540922463
BAD 141541254667
BAD 141541272647
BAD 141541385033
BAD 141542530469
BAD 141542530471
BAD 141542994893
BAD 141543333401
BAD 141543333403
BAD 141476636969
BAD 141476636971
BAD 141493489253
BAD 141493497109
BAD 141476666231
BAD 141476666273
BAD 141476722489
BAD 141493698491
BAD 141493765771
BAD 141477053329
BAD 141477562033
BAD 141477831499
BAD 141477831503
BAD 141494099239
BAD 141494099267
BAD 141494557559
BAD 141494557579
BAD 141494557583
BAD 141478595483
BAD 141494752843
BAD 141495235183
BAD 141495235187
BAD 141495258913
BAD 141478702133
BAD 141495304999
BAD 141495326281
BAD 141478875679
BAD 141478875683
BAD 141478953131
BAD 141479380291
BAD 141479380297
BAD 141479783539
BAD 141510145879
BAD 141495375631
BAD 141510145883
BAD 141479783561
BAD 141479783569
BAD 141479800013
BAD 141480025703
BAD 141480423659
BAD 141480423661
BAD 141480644233
BAD 141510732751
BAD 141510732773
BAD 141510780689
BAD 141510780701
BAD 141510780703
BAD 141510780799
BAD 141481359493
BAD 141511178663
BAD 141511178671
BAD 141511305253
BAD 141481916929
BAD 141481936039
BAD 141481936081
BAD 141481971823
BAD 141482005943
BAD 141482059337
BAD 141482059339
BAD 141482059373
BAD 141511837373
BAD 141511837381
BAD 141482237033
BAD 141594120319
BAD 141594371647
BAD 141594371731
BAD 141594567253
BAD 141594567263
BAD 141482483839
BAD 141497167003
BAD 141497170313
BAD 141482864273
BAD 141497452417
BAD 141497463661
BAD 141497529319
BAD 141594936811
BAD 141497580253
BAD 141483046171
BAD 141483046183
BAD 141483046189
BAD 141512298667
BAD 141483203383
BAD 141483250133
BAD 141512434201
BAD 141483370333
BAD 141483370337
BAD 141483370339
BAD 141497929213
BAD 141483460277
BAD 141595273069
BAD 141483601351
BAD 141595556209
BAD 141595619873
BAD 141483947123
BAD 141644370913
BAD 141512996101
BAD 141644370919
BAD 141595619881
BAD 141512996153
BAD 141484016633
BAD 141498732983
BAD 141498732989
BAD 141513367007
BAD 141499134649
BAD 141499285457
BAD 141644904199
BAD 141484712339
BAD 141484751567
BAD 141499462969
BAD 141596307137
BAD 141485022649
BAD 141499543349
BAD 141499543351
BAD 141645123979
BAD 141499664863
BAD 141645196291
BAD 141499716541
BAD 141660963089
BAD 141660963091
BAD 141660974657
BAD 141660974659
BAD 141499966169
BAD 141499966171
BAD 141661068103
BAD 141596637877
BAD 141499966177
BAD 141514073059
BAD 141500089597
BAD 141596723209
BAD 141596741401
BAD 141596895109
BAD 141500389643
BAD 141500389663
BAD 141661413353
BAD 141661413371
BAD 141661413373
BAD 141661413379
BAD 141500883833
BAD 141597207233
BAD 141500926397
BAD 141485629409
BAD 141597355397
BAD 141597355399
BAD 141661733099
BAD 141661772971
BAD 141661772977
BAD 141661772999
BAD 141486019237
BAD 141514412467
BAD 141514412471
BAD 141486354991
BAD 141514819829
BAD 141486438631
BAD 141598089337
BAD 141515061217
BAD 141662594713
BAD 141501368291
BAD 141501368293
BAD 141501368297
BAD 141501368299
BAD 141501627937
BAD 141486853009
BAD 141486853019
BAD 141486853021
BAD 141663041809
BAD 141501939113
BAD 141501939127
BAD 141501939133
BAD 141501949681
BAD 141598776589
BAD 141598776593
BAD 141487099009
BAD 141502010989
BAD 141663271333
BAD 141516189413
BAD 141516189433
BAD 141516197707
BAD 141516197759
BAD 141516197761
BAD 141599011201
BAD 141599011207
BAD 141502305583
BAD 141502305587
BAD 141663525023
BAD 141488007931
BAD 141663628129
BAD 141663628133
BAD 141502453493
BAD 141663717103
BAD 141663895459
BAD 141663895463
BAD 141663993337
BAD 141502742443
BAD 141502857593
BAD 141502864549
BAD 141502864571
BAD 141488614853
BAD 141488627689
BAD 141664562621
BAD 141664562623
BAD 141664562629
BAD 141503135749
BAD 141503173753
BAD 141488792413
BAD 141488843689
BAD 141664889551
BAD 141503409731
BAD 141665094029
BAD 141665094031
BAD 141665094037
BAD 141665094049
BAD 141665094061
BAD 141665106029
BAD 141599056141
BAD 141489527923
BAD 141646821671
BAD 141517212149
BAD 141646878421
BAD 141646878427
BAD 141599123483
BAD 141599123489
BAD 141647037239
BAD 141647037241
BAD 141517320341
BAD 141599427679
BAD 141599427689
BAD 141599427691
BAD 141647218771
BAD 141517552703
BAD 141647356933
BAD 141647356943
BAD 141647373893
BAD 141665770349
BAD 141490187227
BAD 141517741927
BAD 141490273123
BAD 141647656519
BAD 141599824193
BAD 141599824217
BAD 141518035579
BAD 141518035583
BAD 141518035591
BAD 141600017417
BAD 141648165691
BAD 141490939099
BAD 141648165733
BAD 141666306799
BAD 141518340253
BAD 141627488183
BAD 141648205583
BAD 141490987291
BAD 141518391953
BAD 141627651863
BAD 141600256393
BAD 141600256673
BAD 141666693109
BAD 141648710461
BAD 141627897919
BAD 141648813263
BAD 141518784619
BAD 141518784623
BAD 141518784643
BAD 141627983971
BAD 141667020773
BAD 141491759963
BAD 141667115033
BAD 141667175863
BAD 141667175873
BAD 141667225883
BAD 141667228771
BAD 141601024729
BAD 141667248293
BAD 141492050101
BAD 141601284283
BAD 141649196893
BAD 141667757393
BAD 141628781453
BAD 141519204661
BAD 141519221119
BAD 141628998703
BAD 141629035939
BAD 141601572803
BAD 141519549211
BAD 141601652333
BAD 141629287243
BAD 141649551991
BAD 141668320249
BAD 141668320279
BAD 141649615907
BAD 141649615909
BAD 141629482849
BAD 141629482853
BAD 141492620161
BAD 141492620167
BAD 141492627383
BAD 141630073043
BAD 141650035091
BAD 141492707149
BAD 141492707183
BAD 141519617093
BAD 141519629437
BAD 141519629443
BAD 141630382849
BAD 141630382853
BAD 141603011839
BAD 141668965223
BAD 141630382867
BAD 141520403293
BAD 141630382871
BAD 141503860711
BAD 141630382877
BAD 141650258441
BAD 141630382879
BAD 141520403309
BAD 141630382897
BAD 141503860759
BAD 141650258531
BAD 141520503413
BAD 141669141547
BAD 141650553409
BAD 141650553413
BAD 141630616571
BAD 141630616579
BAD 141669253793
BAD 141669253801
BAD 141504183547
BAD 141504183553
BAD 141521028739
BAD 141521028889
BAD 141630791047
BAD 141630791053
BAD 141603520139
BAD 141603520141
BAD 141603520153
BAD 141493000667
BAD 141669725843
BAD 141493000669
BAD 141669727597
BAD 141504729133
BAD 141603570679
BAD 141504751909
BAD 141504793049
BAD 141603627983
BAD 141521408437
BAD 141521431981
BAD 141493167509
BAD 141493167511
BAD 141504876803
BAD 141603669043
BAD 141603669059
BAD 141603669061
BAD 141603771739
BAD 141670004041
BAD 141670004053
BAD 141670004173
BAD 141521617639
BAD 141670144943
BAD 141505434901
BAD 141505434907
BAD 141505434913
BAD 141505434929
BAD 141521918203
BAD 141521918207
BAD 141522135553
BAD 141651761767
BAD 141560792573
BAD 141631049327
BAD 141631049333
BAD 141560803697
BAD 141604209211
BAD 141604209217
BAD 141631224649
BAD 141631224661
BAD 141631224667
BAD 141651916121
BAD 141651916123
BAD 141651916127
BAD 141651916129
BAD 141651916163
BAD 141652025929
BAD 141561122873
BAD 141561135503
BAD 141561135509
BAD 141561135511
BAD 141505767211
BAD 141505767217
BAD 141505767223
BAD 141631541731
BAD 141652207247
BAD 141652207253
BAD 141652207261
BAD 141652207273
BAD 141505921649
BAD 141505921651
BAD 141631853423
BAD 141670514837
BAD 141562107919
BAD 141505921657
BAD 141505921673
BAD 141505953133
BAD 141505953137
BAD 141505953139
BAD 141505953143
BAD 141562176953
BAD 141562176961
BAD 141607409423
BAD 141652967843
BAD 141506257939
BAD 141506257943
BAD 141506257951
BAD 141506257957
BAD 141607673761
BAD 141562786133
BAD 141607678763
BAD 141563098531
BAD 141632351633
BAD 141563256533
BAD 141506485873
BAD 141607976233
BAD 141607976249
BAD 141653743201
BAD 141608081479
BAD 141608081501
BAD 141632491229
BAD 141563778203
BAD 141507348589
BAD 141671482877
BAD 141653951779
BAD 141523078189
BAD 141632583649
BAD 141632583661
BAD 141671658769
BAD 141671852561
BAD 141564409879
BAD 141654569687
BAD 141654569689
BAD 141654581743
BAD 141654581749
BAD 141632898961
BAD 141672226469
BAD 141672226471
BAD 141672445217
BAD 141672445219
BAD 141654942497
BAD 141507958957
BAD 141507958961
BAD 141507958987
BAD 141507959017
BAD 141507959029
BAD 141672631637
BAD 141672675043
BAD 141508060963
BAD 141565087969
BAD 141655365289
BAD 141565270321
BAD 141673200439
BAD 141633420391
BAD 141608440147
BAD 141655367899
BAD 141673200443
BAD 141608440163
BAD 141565366147
BAD 141565366153
BAD 141633559261
BAD 141523909937
BAD 141523909939
BAD 141633657721
BAD 141608841173
BAD 141633669979
BAD 141524099047
BAD 141655674137
BAD 141673749787
BAD 141633835397
BAD 141609136973
BAD 141609136993
BAD 141565847831
BAD 141565973917
BAD 141609399053
BAD 141609453421
BAD 141524395867
BAD 141524466833
BAD 141674209511
BAD 141674209513
BAD 141674209519
BAD 141634780253
BAD 141508494317
BAD 141543571943
BAD 141524862937
BAD 141566737723
BAD 141508494319
BAD 141543571979
BAD 141566737733
BAD 141566748233
BAD 141566748241
BAD 141674238619
BAD 141674238623
BAD 141543753977
BAD 141525096571
BAD 141525096589
BAD 141525096593
BAD 141566955653
BAD 141566955661
BAD 141566955683
BAD 141566955697
BAD 141566955701
BAD 141566955703
BAD 141566955707
BAD 141566955709
BAD 141543894781
BAD 141508711469
BAD 141508711471
BAD 141543956923
BAD 141543996109
BAD 141543996179
BAD 141674534249
BAD 141525301163
BAD 141674534251
BAD 141508806427
BAD 141674534263
BAD 141508806431
BAD 141508806433
BAD 141508806437
BAD 141508852063
BAD 141544199611
BAD 141544199617
BAD 141544199627
BAD 141508940869
BAD 141508940873
BAD 141567324721
BAD 141525554089
BAD 141635288737
BAD 141544430773
BAD 141544583891
BAD 141544583893
BAD 141509241121
BAD 141544741103
BAD 141509325943
BAD 141509325961
BAD 141567781577
BAD 141567781591
BAD 141675062821
BAD 141509581331
BAD 141509581333
BAD 141509581337
BAD 141636133999
BAD 141526602739
BAD 141568000043
BAD 141656040697
BAD 141526637359
BAD 141526637363
BAD 141526637381
BAD 141568026773
BAD 141568076527
BAD 141636327683
BAD 141509791609
BAD 141656444641
BAD 141675353399
BAD 141675353401
BAD 141636597253
BAD 141636597257
BAD 141636597259
BAD 141636597317
BAD 141656664673
BAD 141656664679
BAD 141656664691
BAD 141568625021
BAD 141568643899
BAD 141568643903
BAD 141675552449
BAD 141675552451
BAD 141568737859
BAD 141568814953
BAD 141637100359
BAD 141609683333
BAD 141569320289
BAD 141545266403
BAD 141676193317
BAD 141657169573
BAD 141676193341
BAD 141609683339
BAD 141545399599
BAD 141545399603
BAD 141545516383
BAD 141657370937
BAD 141637670663
BAD 141676540913
BAD 141676540919
BAD 141676540921
BAD 141676541057
BAD 141676541059
BAD 141676541063
BAD 141637957627
BAD 141570125909
BAD 141570125911
BAD 141676921681
BAD 141676969337
BAD 141676969339
BAD 141638229841
BAD 141570255319
BAD 141546462173
BAD 141546554099
BAD 141546554101
BAD 141657698713
BAD 141546603871
BAD 141657817057
BAD 141546824521
BAD 141546824543
BAD 141570504773
BAD 141610251473
BAD 141570531563
BAD 141570531589
BAD 141546916807
BAD 141610425379
BAD 141658089031
BAD 141547098923
BAD 141547191977
BAD 141547191979
BAD 141547191983
BAD 141658263611
BAD 141658263613
BAD 141547217137
BAD 141547217143
BAD 141571148723
BAD 141547741021
BAD 141639216713
BAD 141639216731
BAD 141571218169
BAD 141659407619
BAD 141659407621
BAD 141548107381
BAD 141548227159
BAD 141639732841
BAD 141571711273
BAD 141571711283
BAD 141659705983
BAD 141677516363
BAD 141571957627
BAD 141659705987
BAD 141639929479
BAD 141659705989
BAD 141677516443
BAD 141677516447
BAD 141572013899
BAD 141572013901
BAD 141572014021
BAD 141572057219
BAD 141677679919
BAD 141572443081
BAD 141572443087
BAD 141549183641
BAD 141660546919
BAD 141549183653
BAD 141549183667
BAD 141572615291
BAD 141572615299
BAD 141640289899
BAD 141660741799
BAD 141572847211
BAD 141572847217
BAD 141640398947
BAD 141640398953
BAD 141640398959
BAD 141640398961
BAD 141572991271
BAD 141549402233
BAD 141640654783
BAD 141573068123
BAD 141640654787
BAD 141640703881
BAD 141640741087
BAD 141573267611
BAD 141573267679
BAD 141641124091
BAD 141573529697
BAD 141549427567
BAD 141641251397
BAD 141641251399
BAD 141641251403
BAD 141641251421
BAD 141573681449
BAD 141549529741
BAD 141573918691
BAD 141573918697
BAD 141549849547
BAD 141641698673
BAD 141641698687
BAD 141641698711
BAD 141641698717
BAD 141641698733
BAD 141641698741
BAD 141641698771
BAD 141641698787
BAD 141641698789
BAD 141549887929
BAD 141641969731
BAD 141574333189
BAD 141641969743
BAD 141550430387
BAD 141642072833
BAD 141574454743
BAD 141574454899
BAD 141574476949
BAD 141574476961
BAD 141574476983
BAD 141574477039
BAD 141550498319
BAD 141550498321
BAD 141574704077
BAD 141642452333
BAD 141551077093
BAD 141551199017
BAD 141551199019
BAD 141642880517
BAD 141642971101
BAD 141574865527
BAD 141574865533
BAD 141574865543
BAD 141574865569
BAD 141574865591
BAD 141551880817
BAD 141574999897
BAD 141574999901
BAD 141574999903
BAD 141552202853
BAD 141575217307
BAD 141552887071
BAD 141575217391
BAD 141575217409
BAD 141552931721
BAD 141575724029
BAD 141575746541
BAD 141575746561
BAD 141575746567
BAD 141575764493
BAD 141576168709
BAD 141553948519
BAD 141576592793
BAD 141554283029
BAD 141554346481
BAD 141554346487
BAD 141576790387
BAD 141576790391
BAD 141576790393
BAD 141554556593
BAD 141554636579
BAD 141554636581
BAD 141643075069
BAD 141643075073
BAD 141643210441
BAD 141643210453
BAD 141577065887
BAD 141577065893
BAD 141577421243
BAD 141578414521
BAD 141578962891
BAD 141556173449
BAD 141579296413
BAD 141579296429
BAD 141579296431
BAD 141579296437
BAD 141556331557
BAD 141579872363
BAD 141579872377
BAD 141557011093
BAD 141557011097
BAD 141557011103
BAD 141557011117
BAD 141557031017
BAD 141557031019
BAD 141557104193
BAD 141557177987
BAD 141557177989
BAD 141557869259
BAD 141557869261
BAD 141557869267
BAD 141557897563
BAD 141580254941
BAD 141580254943
BAD 141558224191
BAD 141558363559
BAD 141558363563
BAD 141580368977
BAD 141558956131
BAD 141558956173
BAD 141558956177
BAD 141558956179
BAD 141558994757
BAD 141559111349
BAD 141559184293
BAD 141581548337
BAD 141581750461
BAD 141582135481
BAD 141582681571
BAD 141582821123
BAD 141559426123
BAD 141583207069
BAD 141583255621
BAD 141583255637
BAD 141559914229
BAD 141560159843
BAD 141583764503
BAD 141583764521
BAD 141583764523
BAD 141583961527
BAD 141583961557
BAD 141584042903
BAD 141584344949
BAD 141584344981
BAD 141584344991
BAD 141584370911
BAD 141584370913
BAD 141584478713
BAD 141584478743
BAD 141584707513
BAD 141585084293
BAD 141585084301
BAD 141585384893
BAD 141585975529
BAD 141587195731
BAD 141588164491
BAD 141588181549
BAD 141588443449
BAD 141588651601
BAD 141588651623
BAD 141588939937
BAD 141588939953
BAD 141589453939
BAD 141589522409
BAD 141589522411
BAD 141589653383
BAD 141589767181
BAD 141589767191
BAD 141589767197
BAD 141589767259
BAD 141589954567
BAD 141589954577
BAD 141589954579
BAD 141590382887
BAD 141590600539
BAD 141590835721
BAD 141590870833
BAD 141590975437
BAD 141590982727
BAD 141590982733
BAD 141590982737
BAD 141591004301
BAD 141591004307
BAD 141591004309
BAD 141591375727
BAD 141591375791
BAD 141591565021
BAD 141592046581
BAD 141592147663
BAD 141593411881
BAD 141611060333
BAD 141611087141
BAD 141611312933
BAD 141611809319
BAD 141611809321
BAD 141612028211
BAD 141612028213
BAD 141612356167
BAD 141612356173
BAD 141612356177
BAD 141612547579
BAD 141612791239
BAD 141613258673
BAD 141613620023
BAD 141613620079
BAD 141613721833
BAD 141613721933
BAD 141613898189
BAD 141613898191
BAD 141614010481
BAD 141614010557
BAD 141614321939
BAD 141614321941
BAD 141614820311
BAD 141615815179
BAD 141616160773
BAD 141617070509
BAD 141617070523
BAD 141617070533
BAD 141617760563
BAD 141618109757
BAD 141618133831
BAD 141618264031
BAD 141618427591
BAD 141618743647
BAD 141619348729
BAD 141619352747
BAD 141619735219
BAD 141619735223
BAD 141620262283
BAD 141620262293
BAD 141620401261
BAD 141620559109
BAD 141621012691
BAD 141621012697
BAD 141621997739
BAD 141622335433
BAD 141622418393
BAD 141622443763
BAD 141622443769
BAD 141622443773
BAD 141622592063
BAD 141622708949
BAD 141622821707
BAD 141623126509
BAD 141623671463
BAD 141623858903
BAD 141623990413
BAD 141624311767
BAD 141624311771
BAD 141624311783
BAD 141624578677
BAD 141624578681
BAD 141624871057
BAD 141624871081
BAD 141625320533
BAD 141625715593
BAD 141626719261
BAD 141626875003
BAD 141626875009
BAD 141626976797
BAD 141627268697
BAD 141678023849
BAD 141678106223
BAD 141678106253
BAD 141678109777
BAD 141678109789
BAD 141679347391
BAD 141679808119
BAD 141680003653
BAD 141680231729
BAD 141680440849
BAD 141680496967
BAD 141680785423
BAD 141680844553
BAD 141680881021
BAD 141680881477
BAD 141680881493
BAD 141680881499
BAD 141680881501
BAD 141680881523
BAD 141680958751
BAD 141681361747
BAD 141681361751
BAD 141681361753
BAD 141681486049
BAD 141681546277
BAD 141681683153
BAD 141682128997
BAD 141682129013
BAD 141682444697
BAD 141684008629
BAD 141684008639
BAD 141684312571
BAD 141684937081
BAD 141684963811
BAD 141684963817
BAD 141685046929
BAD 141685046981
BAD 141685240273
BAD 141686196173
BAD 141686291759
BAD 141686500369
BAD 141687317771
BAD 141687317773
BAD 141687317777
BAD 141687668273
BAD 141687767603
BAD 141688149653
BAD 141688310609
BAD 141688310611
BAD 141688310623
BAD 141688310641
BAD 141689019323
BAD 141689019331
BAD 141689019343
BAD 141689271877
BAD 141689271883
BAD 141690038689
BAD 141690038701
BAD 141690579781
BAD 141690627193
BAD 141690784441
BAD 141690784463
BAD 141690784481
BAD 141690784483
BAD 141693346547
BAD 141693346549
BAD 141693524303
BAD 141693604103
BAD 141694003201
BAD 141694075769
BAD 141694075771
BAD 141694484299
BAD 141694484317
BAD 141829283131
BAD 141829283161
BAD 141829636523
BAD 141829636537
BAD 141829703179
BAD 141830363629
BAD 141830370349
BAD 141830822767
BAD 141830822773
BAD 141830822827
BAD 141831159839
BAD 141831186089
BAD 141831349531
BAD 141831437689
BAD 141831466723
BAD 141831770317
BAD 141831927619
BAD 141831927623
BAD 141831927641
BAD 141831927647
BAD 141832003009
BAD 141832003013
BAD 141832102733
BAD 141832279321
BAD 141832299617
BAD 141832299619
BAD 141832329503
BAD 141832517059
BAD 141832615733
BAD 141832633583
BAD 141832700509
BAD 141833242403
BAD 141833242409
BAD 141833262449
BAD 141833262451
BAD 141833894023
BAD 141833903599
BAD 141833903609
BAD 141833903611
BAD 141833909681
BAD 141834401593
BAD 141834486163
BAD 141834486169
BAD 141834942049
BAD 141835217453
BAD 141835217467
BAD 141835217471
BAD 141835217473
BAD 141835738711
BAD 141835806001
BAD 141835861469
BAD 141836025623
BAD 141836025637
BAD 141836025647
BAD 141836025649
BAD 141836157667
BAD 141836164747
BAD 141836586469
BAD 141836586473
BAD 141837198991
BAD 141837236011
BAD 141837352571
BAD 141838350649
BAD 141839017171
BAD 141839078581
BAD 141839078627
BAD 141839078629
BAD 141839506703
BAD 141839506709
BAD 141840276467
BAD 141840276469
BAD 141840523637
BAD 141840523639
BAD 141840646291
BAD 141841371079
BAD 141841458991
BAD 141842009063
BAD 141842027969
BAD 141842085127
BAD 141745089229
BAD 141728229389
BAD 141728229397
BAD 141745300951
BAD 141842597989
BAD 141842597993
BAD 141842635801
BAD 141842779723
BAD 141728817031
BAD 141812105723
BAD 141761878501
BAD 141843045121
BAD 141711431273
BAD 141843062209
BAD 141843213607
BAD 141711607951
BAD 141711614227
BAD 141729048193
BAD 141729050503
BAD 141762148163
BAD 141762148169
BAD 141711688253
BAD 141711688277
BAD 141711839887
BAD 141843807271
BAD 141843807277
BAD 141729393607
BAD 141843856733
BAD 141812739743
BAD 141812739769
BAD 141729610159
BAD 141729610163
BAD 141844209827
BAD 141729960121
BAD 141844726223
BAD 141844813223
BAD 141844864093
BAD 141844864099
BAD 141844864103
BAD 141713329403
BAD 141763182443
BAD 141745941049
BAD 141713329409
BAD 141813721339
BAD 141713329411
BAD 141763218073
BAD 141763273181
BAD 141763273187
BAD 141763273189
BAD 141763273193
BAD 141844976597
BAD 141844976599
BAD 141746102233
BAD 141746102237
BAD 141763335421
BAD 141763511623
BAD 141763511627
BAD 141763511629
BAD 141845232163
BAD 141845232173
BAD 141763733827
BAD 141730244137
BAD 141763808633
BAD 141814381231
BAD 141814407953
BAD 141814407961
BAD 141814407967
BAD 141730523171
BAD 141730523173
BAD 141814762783
BAD 141746818901
BAD 141765244351
BAD 141814762787
BAD 141713811443
BAD 141778940629
BAD 141746818903
BAD 141746818909
BAD 141746877413
BAD 141814825787
BAD 141765297623
BAD 141713968069
BAD 141714040453
BAD 141779273527
BAD 141779273533
BAD 141779273569
BAD 141765602603
BAD 141765602609
BAD 141765602611
BAD 141714078439
BAD 141730966591
BAD 141815326673
BAD 141815383999
BAD 141731108503
BAD 141815538511
BAD 141714262693
BAD 141714262741
BAD 141714354091
BAD 141747598261
BAD 141747598273
BAD 141714574657
BAD 141732398747
BAD 141747598277
BAD 141766823921
BAD 141732398749
BAD 141779710763
BAD 141747598283
BAD 141766823923
BAD 141779710769
BAD 141779710771
BAD 141779710781
BAD 141779710783
BAD 141779710789
BAD 141815857441
BAD 141779710801
BAD 141747737413
BAD 141747839131
BAD 141747839159
BAD 141767152801
BAD 141714836749
BAD 141780103193
BAD 141732804911
BAD 141767268353
BAD 141816365113
BAD 141767333629
BAD 141767333641
BAD 141767336419
BAD 141767336423
BAD 141732935887
BAD 141748225057
BAD 141816519503
BAD 141733074451
BAD 141748239601
BAD 141733104607
BAD 141715084337
BAD 141715084339
BAD 141767595191
BAD 141816677021
BAD 141767731549
BAD 141715224929
BAD 141816837901
BAD 141767948909
BAD 141767948911
BAD 141768030367
BAD 141768030409
BAD 141768030413
BAD 141733726349
BAD 141733796093
BAD 141768272861
BAD 141733850561
BAD 141733850563
BAD 141733850569
BAD 141749277421
BAD 141715764167
BAD 141734045029
BAD 141715790497
BAD 141715821043
BAD 141715821061
BAD 141715821197
BAD 141749543933
BAD 141734371927
BAD 141768694103
BAD 141845641283
BAD 141817791991
BAD 141734371939
BAD 141716208223
BAD 141716208289
BAD 141817864697
BAD 141845870281
BAD 141845870297
BAD 141845895599
BAD 141845895883
BAD 141846043519
BAD 141846104761
BAD 141846260827
BAD 141846260833
BAD 141846260837
BAD 141846260839
BAD 141750026461
BAD 141716917081
BAD 141716917087
BAD 141716917103
BAD 141716917117
BAD 141716917129
BAD 141717042031
BAD 141717042043
BAD 141735113173
BAD 141846763871
BAD 141846763873
BAD 141717110813
BAD 141735478471
BAD 141750961591
BAD 141819148747
BAD 141781674137
BAD 141846838453
BAD 141819148753
BAD 141846838457
BAD 141846838459
BAD 141846838493
BAD 141717217051
BAD 141717217141
BAD 141781771223
BAD 141717236987
BAD 141717236989
BAD 141717237001
BAD 141717237007
BAD 141847044371
BAD 141819324523
BAD 141819324533
BAD 141819342451
BAD 141717310747
BAD 141717310753
BAD 141782130643
BAD 141782130653
BAD 141819765523
BAD 141751529929
BAD 141782435173
BAD 141782435203
BAD 141782435219
BAD 141751606501
BAD 141736347703
BAD 141718710751
BAD 141782911507
BAD 141847786349
BAD 141820338901
BAD 141847786351
BAD 141847786363
BAD 141847786369
BAD 141847786393
BAD 141847792571
BAD 141847792573
BAD 141847792577
BAD 141847792579
BAD 141782925979
BAD 141782925983
BAD 141751712353
BAD 141751712371
BAD 141736436651
BAD 141751872343
BAD 141751872347
BAD 141751872349
BAD 141736548469
BAD 141820660409
BAD 141820660411
BAD 141719078351
BAD 141719078353
BAD 141736683973
BAD 141783408233
BAD 141719195671
BAD 141783434929
BAD 141719239681
BAD 141752346887
BAD 141736887079
BAD 141821162719
BAD 141752346889
BAD 141784270577
BAD 141848485489
BAD 141821166103
BAD 141848509573
BAD 141752427269
BAD 141752427281
BAD 141752427283
BAD 141848609173
BAD 141737155843
BAD 141752620993
BAD 141848845591
BAD 141752654257
BAD 141821630287
BAD 141737319719
BAD 141737319721
BAD 141752733013
BAD 141821707297
BAD 141784669393
BAD 141719667007
BAD 141719667013
BAD 141719711017
BAD 141719711033
BAD 141784765373
BAD 141752922781
BAD 141784810261
BAD 141822044593
BAD 141753155029
BAD 141849339691
BAD 141784964077
BAD 141737767477
BAD 141784964081
BAD 141720447023
BAD 141720447031
BAD 141737866373
BAD 141785079313
BAD 141785079323
BAD 141785079329
BAD 141753343499
BAD 141753343513
BAD 141753343517
BAD 141753343519
BAD 141737972659
BAD 141849662693
BAD 141753456113
BAD 141822653411
BAD 141849911153
BAD 141822724129
BAD 141785549161
BAD 141785650973
BAD 141823138801
BAD 141738695243
BAD 141738695269
BAD 141738695317
BAD 141721317347
BAD 141721317349
BAD 141721455173
BAD 141739036403
BAD 141850597951
BAD 141785792251
BAD 141823354171
BAD 141769577153
BAD 141769577171
BAD 141850614559
BAD 141823523419
BAD 141850795351
BAD 141850795357
BAD 141823551271
BAD 141823551281
BAD 141823551283
BAD 141823608869
BAD 141823729297
BAD 141823729301
BAD 141823729303
BAD 141786101173
BAD 141769837529
BAD 141823840889
BAD 141851227201
BAD 141851267189
BAD 141851267191
BAD 141851267209
BAD 141770022973
BAD 141824267471
BAD 141739838171
BAD 141851749031
BAD 141786620351
BAD 141786636781
BAD 141754324111
BAD 141862685233
BAD 141740400133
BAD 141824828153
BAD 141754324133
BAD 141754324139
BAD 141824828183
BAD 141754324141
BAD 141740410963
BAD 141740410967
BAD 141740410969
BAD 141824953079
BAD 141740515883
BAD 141851941109
BAD 141770521699
BAD 141770521703
BAD 141862827089
BAD 141862827091
BAD 141862844269
BAD 141862844341
BAD 141754513013
BAD 141852101903
BAD 141852109603
BAD 141825225053
BAD 141770584463
BAD 141754903579
BAD 141754903583
BAD 141863310401
BAD 141863310403
BAD 141863310427
BAD 141852348307
BAD 141770840389
BAD 141826092547
BAD 141787619881
BAD 141740788817
BAD 141755760877
BAD 141863350313
BAD 141787694843
BAD 141863453353
BAD 141863453371
BAD 141863453399
BAD 141863453401
BAD 141852581641
BAD 141826415803
BAD 141756045667
BAD 141756045679
BAD 141741155141
BAD 141741162263
BAD 141741264677
BAD 141788092813
BAD 141741368311
BAD 141741368317
BAD 141741406531
BAD 141864104971
BAD 141771614989
BAD 141756612659
BAD 141756612661
BAD 141756660347
BAD 141756660349
BAD 141827544863
BAD 141789276061
BAD 141722379319
BAD 141827544877
BAD 141756955943
BAD 141865013579
BAD 141854420809
BAD 141865013581
BAD 141854420821
BAD 141854471663
BAD 141854471677
BAD 141854533823
BAD 141771891229
BAD 141771891263
BAD 141771892373
BAD 141854651513
BAD 141757132921
BAD 141865320403
BAD 141865320439
BAD 141854873359
BAD 141854873371
BAD 141854873383
BAD 141865633649
BAD 141865633673
BAD 141855110729
BAD 141855110731
BAD 141772169911
BAD 141865722239
BAD 141865722241
BAD 141722888249
BAD 141855168293
BAD 141722888273
BAD 141865806479
BAD 141828212707
BAD 141828212719
BAD 141828212723
BAD 141828212753
BAD 141789920359
BAD 141865868107
BAD 141865868113
BAD 141865868117
BAD 141865868119
BAD 141772358983
BAD 141757665769
BAD 141723027619
BAD 141866000141
BAD 141757733063
BAD 141828399331
BAD 141828399337
BAD 141866033303
BAD 141757747163
BAD 141757763239
BAD 141757763243
BAD 141757763317
BAD 141855598597
BAD 141757900441
BAD 141723432511
BAD 141866502727
BAD 141866502731
BAD 141866502733
BAD 141723624121
BAD 141790693427
BAD 141866781653
BAD 141790693433
BAD 141723624127
BAD 141772953271
BAD 141723624131
BAD 141723624137
BAD 141723624139
BAD 141758005379
BAD 141856500607
BAD 141856500613
BAD 141856500623
BAD 141856500749
BAD 141856500769
BAD 141856500791
BAD 141866811433
BAD 141723716947
BAD 141773027699
BAD 141790825387
BAD 141790825391
BAD 141758184353
BAD 141758184361
BAD 141867021353
BAD 141758268511
BAD 141758268541
BAD 141724015843
BAD 141773295263
BAD 141773295281
BAD 141773295283
BAD 141773295289
BAD 141867216277
BAD 141792028799
BAD 141758463107
BAD 141724288403
BAD 141857066257
BAD 141867216859
BAD 141867216863
BAD 141867216871
BAD 141867216877
BAD 141867216901
BAD 141773314897
BAD 141857116603
BAD 141758623319
BAD 141773423573
BAD 141857323009
BAD 141758761231
BAD 141773547847
BAD 141792414377
BAD 141857552713
BAD 141857552717
BAD 141857726971
BAD 141867925643
BAD 141759151817
BAD 141773814943
BAD 141868115569
BAD 141773993173
BAD 141724727797
BAD 141858130651
BAD 141724796573
BAD 141774110123
BAD 141774110141
BAD 141868896607
BAD 141724846331
BAD 141759652471
BAD 141793036439
BAD 141858311191
BAD 141759652477
BAD 141793036447
BAD 141774141361
BAD 141858433043
BAD 141774195239
BAD 141858454391
BAD 141858454393
BAD 141759802309
BAD 141759802321
BAD 141868969987
BAD 141858578627
BAD 141858578629
BAD 141858578633
BAD 141858668011
BAD 141725340877
BAD 141725340881
BAD 141760272169
BAD 141725354209
BAD 141774633073
BAD 141774643909
BAD 141760342861
BAD 141760342873
BAD 141760342877
BAD 141760342879
BAD 141760342891
BAD 141859083581
BAD 141725443501
BAD 141793637371
BAD 141774742387
BAD 141869677429
BAD 141859096889
BAD 141774760019
BAD 141725496053
BAD 141774786037
BAD 141760497763
BAD 141760510321
BAD 141760530421
BAD 141760530557
BAD 141760530559
BAD 141869881081
BAD 141869881099
BAD 141870049441
BAD 141870364043
BAD 141870364093
BAD 141870546163
BAD 141860044607
BAD 141860044609
BAD 141870568601
BAD 141761347103
BAD 141761347129
BAD 141870673229
BAD 141870673237
BAD 141726017701
BAD 141870701243
BAD 141870703643
BAD 141726188407
BAD 141860795003
BAD 141742206377
BAD 141742404709
BAD 141861062909
BAD 141861062911
BAD 141861113567
BAD 141742482391
BAD 141742545811
BAD 141726560219
BAD 141726560221
BAD 141726560329
BAD 141861487913
BAD 141861487939
BAD 141742748047
BAD 141775873333
BAD 141726611503
BAD 141742916089
BAD 141742916093
BAD 141871280569
BAD 141871280587
BAD 141743290279
BAD 141861887149
BAD 141743359253
BAD 141743477461
BAD 141743540791
BAD 141743540801
BAD 141743540867
BAD 141776419747
BAD 141743570453
BAD 141777088183
BAD 141862115513
BAD 141727562287
BAD 141862115519
BAD 141727587143
BAD 141727587149
BAD 141727587151
BAD 141743628709
BAD 141743628713
BAD 141777217553
BAD 141872607493
BAD 141872607533
BAD 141727825039
BAD 141727825051
BAD 141743969047
BAD 141743969051
BAD 141777501821
BAD 141777501823
BAD 141777501829
BAD 141794497711
BAD 141794497717
BAD 141777678563
BAD 141873398207
BAD 141873398209
BAD 141873398213
BAD 141778202389
BAD 141874225879
BAD 141874225891
BAD 141874249711
BAD 141874311017
BAD 141778378793
BAD 141874311023
BAD 141874572043
BAD 141874572053
BAD 141874591051
BAD 141874618619
BAD 141874618621
BAD 141875334163
BAD 141875518691
BAD 141875518693
BAD 141875685473
BAD 141875986673
BAD 141876042047
BAD 141876513901
BAD 141877202197
BAD 141877213669
BAD 141877237727
BAD 141877322089
BAD 141877322107
BAD 141877757083
BAD 141877757093
BAD 141877757117
BAD 141877852079
BAD 141877852099
BAD 141877919723
BAD 141878664049
BAD 141795701717
BAD 141796011289
BAD 141796035571
BAD 141796217383
BAD 141796217483
BAD 141797082533
BAD 141797092831
BAD 141797766829
BAD 141798199141
BAD 141798541069
BAD 141798541081
BAD 141798591301
BAD 141798714857
BAD 141799809559
BAD 141799824757
BAD 141799824773
BAD 141799897853
BAD 141800099239
BAD 141800190319
BAD 141800309689
BAD 141694632517
BAD 141694766677
BAD 141695007539
BAD 141695007541
BAD 141695007557
BAD 141695007581
BAD 141695098553
BAD 141801233807
BAD 141801233809
BAD 141695239769
BAD 141695239771
BAD 141801434611
BAD 141801434617
BAD 141801650093
BAD 141695762497
BAD 141695762503
BAD 141696262601
BAD 141696279737
BAD 141696323113
BAD 141696487223
BAD 141696613133
BAD 141696744913
BAD 141801967943
BAD 141696990793
BAD 141697459303
BAD 141697459307
BAD 141697642861
BAD 141802685033
BAD 141802918501
BAD 141803043079
BAD 141698506249
BAD 141699301351
BAD 141699306383
BAD 141804044071
BAD 141804044077
BAD 141804052189
BAD 141699492971
BAD 141699492973
BAD 141804369529
BAD 141804374297
BAD 141804374303
BAD 141804442561
BAD 141700581839
BAD 141700591741
BAD 141804573487
BAD 141700703189
BAD 141700703191
BAD 141700885793
BAD 141804915683
BAD 141805447613
BAD 141805765291
BAD 141701470901
BAD 141701488813
BAD 141701488829
BAD 141701488837
BAD 141805992233
BAD 141702628381
BAD 141703085543
BAD 141703264009
BAD 141807378983
BAD 141703454381
BAD 141703454383
BAD 141807603407
BAD 141807603409
BAD 141703682447
BAD 141703682453
BAD 141807726743
BAD 141703719863
BAD 141703719869
BAD 141704195053
BAD 141808546081
BAD 141808577101
BAD 141808577123
BAD 141704455339
BAD 141704460151
BAD 141809121787
BAD 141809121809
BAD 141809362867
BAD 141809486779
BAD 141809486809
BAD 141809486851
BAD 141704544073
BAD 141704544077
BAD 141809716933
BAD 141704749903
BAD 141705488107
BAD 141705677873
BAD 141705748433
BAD 141706045553
BAD 141706124201
BAD 141811210259
BAD 141811210267
BAD 141811210291
BAD 141706230173
BAD 141811539887
BAD 141879122323
BAD 141879122327
BAD 141879184583
BAD 141811715209
BAD 141811757993
BAD 141707350357
BAD 141707350361
BAD 141880274719
BAD 141880452953
BAD 141880614691
BAD 141707717089
BAD 141880614703
BAD 141707823643
BAD 141707859949
BAD 141880762253
BAD 141880762259
BAD 141880812277
BAD 141880905769
BAD 141880954091
BAD 141708298741
BAD 141708342403
BAD 141708535211
BAD 141708535219
BAD 141708535223
BAD 141708801623
BAD 141708801631
BAD 141709448731
BAD 141709448753
BAD 141709448761
BAD 141882456073
BAD 141882842099
BAD 141883043347
BAD 141711148703
BAD 141711168769
BAD 141711176573
BAD 141711275813
BAD 141883178963
BAD 141883367453
BAD 141883367503
BAD 141883471447
BAD 141884243909
BAD 141884653681
BAD 141885038593
BAD 141885229861
BAD 141885229867
BAD 141885255803
BAD 141885322099
BAD 141885550999
BAD 141885551083
BAD 141885604859
BAD 141885688051
BAD 141885692303
BAD 141885950629
BAD 141887119981
BAD 141887119987
BAD 141887119993
BAD 141887624269
BAD 141887624273
BAD 141888450727
BAD 141888450731
BAD 141888450733
BAD 141888467891
BAD 141888467893
BAD 141888749809
BAD 141888924343
BAD 141888924347
BAD 141889799993
BAD 141890328259
BAD 141890328263
BAD 141890328301
BAD 141890424341
BAD 141890424343
BAD 141890995201
BAD 141891361069
BAD 141891750323
BAD 141891750331
BAD 141891750337
BAD 141891858197
BAD 141891896359
BAD 141892879753
BAD 141894252407
BAD 141894252413
BAD 141894953723
BAD 141895156597
BAD 141895156633
BAD 141895243291
BAD 141895635001
BAD 141895802569
BAD 141898241281
BAD 141898594861
BAD 141898951163
BAD 141899010983
BAD 141899403301
BAD 141899485807
BAD 141929433343
BAD 141929433353
BAD 141929442169
BAD 141900341393
BAD 141900398923
BAD 141900558259
BAD 141900588251
BAD 142013627003
BAD 142013627011
BAD 142013884433
BAD 141900885461
BAD 141900885463
BAD 141900885473
BAD 141901028453
BAD 141901053979
BAD 141901054027
BAD 141901054033
BAD 142014243757
BAD 142014309293
BAD 141901485721
BAD 141901485743
BAD 141901577687
BAD 141901577689
BAD 141901595939
BAD 141901689781
BAD 141901689799
BAD 141901689803
BAD 142014859513
BAD 142014948343
BAD 141901926079
BAD 141901926083
BAD 141901926119
BAD 141901926121
BAD 142015184453
BAD 141902266679
BAD 141902373383
BAD 142015648403
BAD 141997999163
BAD 142015648417
BAD 142015674233
BAD 142015674239
BAD 141902408119
BAD 141998018639
BAD 142015816199
BAD 141902706349
BAD 142016027453
BAD 142016027477
BAD 142016027479
BAD 142016176703
BAD 142016257973
BAD 141998633033
BAD 141903017461
BAD 141903021371
BAD 141903021373
BAD 142016508637
BAD 142016508643
BAD 142016508649
BAD 141999066961
BAD 141903508759
BAD 141903508763
BAD 142016914489
BAD 141999198479
BAD 141903585409
BAD 141903585413
BAD 141903585463
BAD 142017035933
BAD 141904381327
BAD 141999502031
BAD 142017035989
BAD 141999619579
BAD 142017192353
BAD 141904742191
BAD 141904742197
BAD 141904742201
BAD 141999868921
BAD 141999996319
BAD 141999996329
BAD 141999996331
BAD 142017512341
BAD 141904897969
BAD 141904897973
BAD 141904949063
BAD 141904949071
BAD 141904949077
BAD 142000085831
BAD 142000424249
BAD 142000424287
BAD 141905238901
BAD 142000587037
BAD 142000587083
BAD 141905358487
BAD 141905493979
BAD 141905529641
BAD 142000818373
BAD 142000886837
BAD 142000886843
BAD 142018745581
BAD 142000909357
BAD 141906585203
BAD 142018801681
BAD 142001026243
BAD 142001058019
BAD 141906867133
BAD 142019072341
BAD 142019072347
BAD 142001279269
BAD 141907012411
BAD 142019318543
BAD 142001594857
BAD 142001594899
BAD 142002176483
BAD 142002176489
BAD 142002190483
BAD 142002202411
BAD 142002598333
BAD 142002627061
BAD 142002627133
BAD 141908665697
BAD 142020903949
BAD 141962981921
BAD 141963046333
BAD 141963046343
BAD 141909040333
BAD 142003222651
BAD 141963255493
BAD 141963255503
BAD 141909448411
BAD 141930589321
BAD 141909592703
BAD 141963458423
BAD 141963458443
BAD 142003290607
BAD 141930953623
BAD 141963728471
BAD 141963768173
BAD 142003580501
BAD 142003690583
BAD 142003690589
BAD 142003998869
BAD 141931527721
BAD 141931575161
BAD 141910977683
BAD 142004511169
BAD 142004511287
BAD 142004511289
BAD 141911177987
BAD 141932349743
BAD 141911283443
BAD 141911463833
BAD 141911463931
BAD 141911463937
BAD 141911463943
BAD 141965130991
BAD 141965130997
BAD 141965131013
BAD 141932804851
BAD 141965477063
BAD 141932995517
BAD 142021088479
BAD 141911991889
BAD 142021088483
BAD 141932995531
BAD 141912090689
BAD 141912090713
BAD 141912090721
BAD 141912159577
BAD 141912159593
BAD 141912221389
BAD 141912226139
BAD 141912226163
BAD 141912234733
BAD 142021473199
BAD 142021497383
BAD 142021497391
BAD 142021622023
BAD 142021622027
BAD 141933421607
BAD 141965755601
BAD 141965779363
BAD 141965779367
BAD 141965779369
BAD 141933638491
BAD 142021965601
BAD 141933857467
BAD 141933857473
BAD 141933857477
BAD 141933857479
BAD 142022571233
BAD 142005402577
BAD 141933857503
BAD 142005441593
BAD 142005522721
BAD 141934130111
BAD 141934130113
BAD 142005897023
BAD 142005897031
BAD 142005897041
BAD 142005941107
BAD 141934613101
BAD 141934836143
BAD 142023419803
BAD 141934933111
BAD 141934933123
BAD 142023564871
BAD 142023564877
BAD 142023564883
BAD 142006603399
BAD 142006603411
BAD 142006603423
BAD 141935222761
BAD 142006996093
BAD 142006996097
BAD 142006996099
BAD 142007002069
BAD 142007002073
BAD 142024193119
BAD 142024246561
BAD 142007051773
BAD 141936113569
BAD 141936488273
BAD 141936488279
BAD 142024376587
BAD 142024376603
BAD 142007371411
BAD 142007371417
BAD 142007623469
BAD 142024797049
BAD 141936890839
BAD 141936890881
BAD 141937105511
BAD 142025370863
BAD 142025399239
BAD 142025416789
BAD 142025482579
BAD 142025482583
BAD 142025587177
BAD 142025587181
BAD 142008759601
BAD 141937669249
BAD 141937747219
BAD 142026065617
BAD 142009083233
BAD 141966007943
BAD 141966007949
BAD 141966007951
BAD 141966150203
BAD 141966150229
BAD 142010127499
BAD 141966150233
BAD 142010127509
BAD 141938325019
BAD 141938441657
BAD 141966468691
BAD 142010420077
BAD 142010420081
BAD 142010637493
BAD 142010637497
BAD 142010637499
BAD 141966767407
BAD 141966979201
BAD 141966979207
BAD 141966979213
BAD 142011491033
BAD 141967569853
BAD 141938888701
BAD 141938888723
BAD 141939008093
BAD 141939008117
BAD 142011618143
BAD 142011692063
BAD 142011692101
BAD 142012392931
BAD 141939684923
BAD 142012588813
BAD 142012588819
BAD 142012588831
BAD 141968716633
BAD 141968716639
BAD 141939851597
BAD 141940002367
BAD 141940002377
BAD 141940039537
BAD 142012908353
BAD 142012991821
BAD 142013142433
BAD 142026547973
BAD 142026547979
BAD 142026547981
BAD 142026623423
BAD 142026623429
BAD 141940757779
BAD 141940880737
BAD 141941246483
BAD 141941246611
BAD 141941498273
BAD 142027661003
BAD 142027661011
BAD 142027661029
BAD 141942104497
BAD 141970413547
BAD 141970413553
BAD 142028424949
BAD 141942417653
BAD 141971219107
BAD 142029036599
BAD 142029157943
BAD 141971487529
BAD 142029299063
BAD 141943396717
BAD 141943553693
BAD 141971741633
BAD 142029609629
BAD 142029712093
BAD 141972216259
BAD 141972257003
BAD 142029891713
BAD 141944117353
BAD 141972463603
BAD 141944221453
BAD 141944221457
BAD 141944221459
BAD 141944502653
BAD 141972906707
BAD 141972906709
BAD 141973212011
BAD 141973212013
BAD 141973276307
BAD 141973276309
BAD 141973615691
BAD 141973707661
BAD 141973969373
BAD 141945123919
BAD 141945123923
BAD 141974256563
BAD 141945336053
BAD 141945567241
BAD 141974537423
BAD 141974537429
BAD 141974537431
BAD 141974537437
BAD 141974662001
BAD 141974662003
BAD 141974662007
BAD 141974662009
BAD 141974662013
BAD 141946062233
BAD 141974983477
BAD 141974983481
BAD 141974983483
BAD 141974983571
BAD 141974983573
BAD 141975040399
BAD 141975076183
BAD 141975216883
BAD 141975311003
BAD 141975812983
BAD 141975812989
BAD 141975813061
BAD 141975813071
BAD 141975813073
BAD 141975813079
BAD 141975823019
BAD 141975823021
BAD 141975891661
BAD 141976493083
BAD 141976493093
BAD 141976493111
BAD 141976748183
BAD 141977028199
BAD 141977028217
BAD 141977028229
BAD 141978936331
BAD 141978990103
BAD 141978990157
BAD 141979032053
BAD 141979032079
BAD 141979140239
BAD 141979140241
BAD 141979269407
BAD 141979269409
BAD 141912696287
BAD 141912696293
BAD 141912977341
BAD 141913886137
BAD 141913886141
BAD 141914069083
BAD 141914194469
BAD 141914214529
BAD 141914685481
BAD 141914685499
BAD 141914685503
BAD 141915149513
BAD 141915382459
BAD 141915382463
BAD 141915695323
BAD 141915741997
BAD 141915815291
BAD 141916315969
BAD 141916508203
BAD 141916508207
BAD 141916508219
BAD 141916508221
BAD 141916995683
BAD 141916995691
BAD 141917210681
BAD 141917210683
BAD 141917789053
BAD 141917789059
BAD 141918208363
BAD 141919972063
BAD 141919972069
BAD 141920003543
BAD 141920008283
BAD 141920008291
BAD 141920055833
BAD 141920055847
BAD 141920077963
BAD 141920343701
BAD 141920630671
BAD 141920738389
BAD 141921350881
BAD 141921350887
BAD 141921690139
BAD 141921690151
BAD 141921744721
BAD 141921821357
BAD 141921821359
BAD 141946323349
BAD 141946323353
BAD 141946413877
BAD 141922807601
BAD 141922807603
BAD 141947537257
BAD 141947537267
BAD 141947537269
BAD 141947851909
BAD 141948251059
BAD 141923536439
BAD 141923536441
BAD 141923641339
BAD 141923641351
BAD 141923641361
BAD 141948714709
BAD 141948789223
BAD 141948789239
BAD 141948789251
BAD 141948789253
BAD 141948789259
BAD 141948789263
BAD 141948789287
BAD 141948789289
BAD 141923920393
BAD 141923954477
BAD 141923958257
BAD 141948913039
BAD 141924074737
BAD 141924084431
BAD 141949002383
BAD 142047038611
BAD 142047113149
BAD 141949091441
BAD 141949091443
BAD 141949097627
BAD 141949097629
BAD 141949097671
BAD 142047292711
BAD 141949182967
BAD 142047563269
BAD 141949352437
BAD 141949429561
BAD 142047686357
BAD 142047686359
BAD 141949491199
BAD 141949615153
BAD 141949892813
BAD 141950116981
BAD 141950116993
BAD 141980707261
BAD 141950539667
BAD 141950539669
BAD 141950539673
BAD 142048995967
BAD 142048995971
BAD 142048995973
BAD 141950685607
BAD 141980957281
BAD 142049167349
BAD 141950885941
BAD 141981100853
BAD 142049387131
BAD 142049418527
BAD 142049446871
BAD 142049446873
BAD 142049843513
BAD 142049843521
BAD 141951452723
BAD 141981703231
BAD 141981845633
BAD 142050405379
BAD 141981937249
BAD 141981937343
BAD 141981937351
BAD 141981937369
BAD 142050480101
BAD 141982212661
BAD 141952193179
BAD 141982839179
BAD 141982839181
BAD 142051053653
BAD 141952932323
BAD 141953212657
BAD 142051728271
BAD 141983073343
BAD 141983140729
BAD 141983336479
BAD 141983336483
BAD 141953742487
BAD 141953742493
BAD 141954254069
BAD 142052310511
BAD 141983495011
BAD 141954617969
BAD 141954617971
BAD 141954759601
BAD 141983746153
BAD 141983765327
BAD 142052582491
BAD 141983876149
BAD 141983893243
BAD 141955199677
BAD 141955283347
BAD 141955316491
BAD 142053078421
BAD 141955403153
BAD 141984544883
BAD 142053284561
BAD 141955499761
BAD 142053706741
BAD 142053728699
BAD 142053728701
BAD 141984706343
BAD 141984706349
BAD 141984706351
BAD 141984706361
BAD 141984706363
BAD 141984799981
BAD 142054358011
BAD 142054358029
BAD 141985041241
BAD 142054358041
BAD 141956555509
BAD 141956555513
BAD 141985234687
BAD 141956767133
BAD 141956807989
BAD 141956918029
BAD 141985632749
BAD 141985632751
BAD 141985632757
BAD 141985632781
BAD 141985689421
BAD 141957048083
BAD 141957048089
BAD 141957048091
BAD 141957048097
BAD 141957053731
BAD 141957053737
BAD 141957053741
BAD 141957053743
BAD 141957053747
BAD 141957053753
BAD 141985823207
BAD 141985823209
BAD 142030803367
BAD 142030803371
BAD 142030803403
BAD 142030803413
BAD 141957380933
BAD 142055148871
BAD 141986077973
BAD 142030989031
BAD 141924575371
BAD 141924575383
BAD 141924575389
BAD 141924575393
BAD 142031073043
BAD 142055279693
BAD 142055279699
BAD 142055279701
BAD 142031284331
BAD 142031284333
BAD 142031284337
BAD 141986463743
BAD 142031453567
BAD 142031453569
BAD 141986579467
BAD 142031517049
BAD 142031517053
BAD 142031523841
BAD 142031523847
BAD 142031523853
BAD 142031626663
BAD 142031626669
BAD 142031626679
BAD 142031860571
BAD 142031860573
BAD 142031860591
BAD 141925317571
BAD 142032003041
BAD 141986750933
BAD 142032003049
BAD 142032220273
BAD 142032313901
BAD 141987088099
BAD 141987088129
BAD 141925647229
BAD 141987167239
BAD 141987167243
BAD 141987167249
BAD 141987167251
BAD 142032964373
BAD 142032992441
BAD 142032992443
BAD 142032992447
BAD 142032992449
BAD 142032992467
BAD 141925922881
BAD 141987696143
BAD 142056900653
BAD 142033043953
BAD 141926234101
BAD 141987847373
BAD 141987964981
BAD 142033326377
BAD 142033335559
BAD 141926433751
BAD 141988011751
BAD 142033510799
BAD 141926890207
BAD 141926890223
BAD 142033874627
BAD 142033874629
BAD 142033874639
BAD 142033874641
BAD 141927033293
BAD 141927033301
BAD 141927190441
BAD 142034611099
BAD 141927597421
BAD 141927597463
BAD 141927597467
BAD 141927598139
BAD 142035044363
BAD 142058507099
BAD 142058511409
BAD 142058542823
BAD 142058542897
BAD 142058542957
BAD 142035217187
BAD 141927880613
BAD 141927907039
BAD 141927907049
BAD 141927907081
BAD 141927907091
BAD 141927907139
BAD 141927907141
BAD 141927915461
BAD 142035437779
BAD 142035487369
BAD 141928529203
BAD 141928529207
BAD 141928529209
BAD 141928564249
BAD 141988812947
BAD 141988812949
BAD 142035908437
BAD 141988983887
BAD 141989054843
BAD 142058883803
BAD 142059386537
BAD 142059459691
BAD 141989527769
BAD 141989527789
BAD 141989527793
BAD 142059538403
BAD 142059568901
BAD 142036690597
BAD 142036690603
BAD 142059838043
BAD 142059967463
BAD 142059967471
BAD 141957447721
BAD 142060111849
BAD 142060472731
BAD 141990059059
BAD 141990085927
BAD 141990085933
BAD 142060542997
BAD 142060543003
BAD 142037038529
BAD 141957610139
BAD 142060543007
BAD 141990564773
BAD 141957610141
BAD 141957647131
BAD 141957745043
BAD 141957745049
BAD 141957745051
BAD 142060644853
BAD 141990778571
BAD 141990828719
BAD 141990870061
BAD 141990871409
BAD 141990871411
BAD 141990967213
BAD 141958233589
BAD 141958264969
BAD 141958355717
BAD 141958355719
BAD 141958355723
BAD 142037582741
BAD 142061050319
BAD 142061050321
BAD 142037739589
BAD 142037739593
BAD 141958673873
BAD 141958673897
BAD 141958795571
BAD 141958802899
BAD 142061680711
BAD 141991411063
BAD 141958802903
BAD 141991626001
BAD 142061949119
BAD 142061949121
BAD 141991904323
BAD 141991904333
BAD 141991904347
BAD 141991904359
BAD 141959211661
BAD 141992037169
BAD 141992355811
BAD 141959514601
BAD 141959690713
BAD 141959690723
BAD 142062385613
BAD 142062385639
BAD 142062399361
BAD 141992950303
BAD 141992970349
BAD 141993015187
BAD 141960425647
BAD 141960546089
BAD 142063057321
BAD 142063088737
BAD 142063088753
BAD 141993712139
BAD 141993712141
BAD 141961037047
BAD 142063535791
BAD 142038516359
BAD 141961228553
BAD 141961228559
BAD 141961228561
BAD 141961344949
BAD 141961490347
BAD 141994507493
BAD 141994570049
BAD 141994634671
BAD 141962076283
BAD 141962076293
BAD 141995005393
BAD 141962309369
BAD 141962421473
BAD 141962421487
BAD 141962421493
BAD 141995516723
BAD 141995516743
BAD 141995516759
BAD 141962681587
BAD 141962681591
BAD 141962681593
BAD 141962681599
BAD 141962723641
BAD 141962723647
BAD 141962872913
BAD 141996349933
BAD 142040282809
BAD 142040484151
BAD 142040670143
BAD 142040670151
BAD 142040700979
BAD 142040700983
BAD 142040701013
BAD 142040859503
BAD 142040947283
BAD 142040947291
BAD 142041511637
BAD 142041511639
BAD 142041635521
BAD 142041635543
BAD 142041928547
BAD 142041928597
BAD 142042281239
BAD 142042281247
BAD 142043562979
BAD 142043675453
BAD 142043791163
BAD 142043791189
BAD 142043791229
BAD 142043791231
BAD 142043791237
BAD 142043796749
BAD 142043796799
BAD 142044970117
BAD 142044999853
BAD 142045486679
BAD 142045527577
BAD 142045656317
BAD 142046083063
BAD 142046600351
BAD 142046600419
BAD 142046673683
BAD 142046806051
BAD 142046806067
BAD 142080490229
BAD 142080490231
BAD 142080901147
BAD 142081294291
BAD 142081901893
BAD 142081960549
BAD 142082319283
BAD 142082671699
BAD 142082767537
BAD 142084577149
BAD 142084663057
BAD 142084849969
BAD 142084854497
BAD 142085113153
BAD 142085113171
BAD 142085550713
BAD 142087088701
BAD 142087321591
BAD 142063636763
BAD 142063636769
BAD 142063636777
BAD 142087499473
BAD 142063904971
BAD 142063904977
BAD 142087806529
BAD 142087850321
BAD 142064035051
BAD 142064341129
BAD 142088100697
BAD 142088100701
BAD 142088100703
BAD 142088100709
BAD 142088166083
BAD 142088264663
BAD 142064723083
BAD 142064723261
BAD 142064723263
BAD 142064723267
BAD 142065107903
BAD 142065107909
BAD 142065107911
BAD 142065266117
BAD 142089155521
BAD 142089474301
BAD 142089474323
BAD 142065682579
BAD 142065847423
BAD 142065847433
BAD 142065847439
BAD 142066067411
BAD 142066067413
BAD 142066274941
BAD 142066274971
BAD 142066359697
BAD 142089603661
BAD 142066748753
BAD 142066913671
BAD 142089984251
BAD 142089984259
BAD 142089984263
BAD 142066993529
BAD 142066993531
BAD 142089991987
BAD 142067119813
BAD 142067365709
BAD 142067365711
BAD 142067465191
BAD 142067477093
BAD 142067477107
BAD 142067750633
BAD 142068130231
BAD 142068205501
BAD 142068226733
BAD 142090686443
BAD 142090686449
BAD 142090686469
BAD 142068467243
BAD 142068569689
BAD 142068569693
BAD 142068614719
BAD 142097162041
BAD 142091342893
BAD 142091342909
BAD 142097747767
BAD 142097830393
BAD 142091919533
BAD 142069509451
BAD 142097830429
BAD 142069622593
BAD 142069623083
BAD 142092161971
BAD 142092177151
BAD 142092478909
BAD 142092544553
BAD 142070072843
BAD 142070160373
BAD 142070160377
BAD 142070344483
BAD 142070344531
BAD 142098460333
BAD 142093018063
BAD 142093286213
BAD 142093286221
BAD 142093787623
BAD 142093787629
BAD 142099240243
BAD 142094014739
BAD 142099472821
BAD 142071424799
BAD 142071424801
BAD 142099556419
BAD 142099645657
BAD 142100265919
BAD 142072185271
BAD 142094841841
BAD 142100498107
BAD 142072457551
BAD 142072457557
BAD 142100697259
BAD 142095227233
BAD 142095227237
BAD 142095299011
BAD 142101071939
BAD 142101071941
BAD 142095377363
BAD 142095408671
BAD 142101209837
BAD 142101620707
BAD 142095847351
BAD 142095918121
BAD 142073084371
BAD 142073150699
BAD 142073150719
BAD 142102004071
BAD 142073378569
BAD 142073378581
BAD 142073465593
BAD 142073465603
BAD 142096291837
BAD 142096551013
BAD 142096551019
BAD 142102642837
BAD 142102642841
BAD 142096735073
BAD 142102886521
BAD 142104311029
BAD 142104434977
BAD 142104434981
BAD 142074340141
BAD 142074585959
BAD 142105236619
BAD 142105436293
BAD 142075133623
BAD 142075178527
BAD 142105783063
BAD 142075429063
BAD 142075667861
BAD 142075667863
BAD 142075819343
BAD 142076163353
BAD 142106702483
BAD 142106732783
BAD 142106732791
BAD 142106735809
BAD 142106735821
BAD 142076471239
BAD 142076715041
BAD 142107079511
BAD 142107140563
BAD 142077045713
BAD 142077416263
BAD 142077436747
BAD 142077436783
BAD 142078285373
BAD 142078713629
BAD 142078713631
BAD 142078759913
BAD 142078996693
BAD 142078996699
BAD 142107507173
BAD 142107507181
BAD 142079625139
BAD 142107749603
BAD 142107749689
BAD 142079728367
BAD 142079728369
BAD 142107931027
BAD 142108090199
BAD 142108104583
BAD 142080215089
BAD 142108474037
BAD 142108474043
BAD 142109035241
BAD 142109244481
BAD 142109244503
BAD 142109956187
BAD 142110165317
BAD 142110165319
BAD 142110165331
BAD 142110291619
BAD 142110334843
BAD 142110503753
BAD 142110665461
BAD 142110698143
BAD 142111215629
BAD 142111261921
BAD 142111807193
BAD 142112641379
BAD 142112641381
BAD 142112801087
BAD 142112801123
BAD 142113193007
BAD 142113354961
BAD 142113354967
BAD 142113664267
BAD 142113664271
BAD 142113786179
BAD 142113786181
BAD 142113786203
BAD 142114354873
BAD 142114354883
BAD 142114357529
BAD 142114357531
BAD 142114507343
BAD 142114578019
BAD 142114698899
BAD 142114717159
BAD 142115112851
BAD 142115593819
BAD 142115593831
BAD 142115593853
BAD 142116124433
BAD 142116234901
BAD 142116234907
BAD 142214609753
BAD 142116431167
BAD 142214609773
BAD 142214609791
BAD 142214658269
BAD 142215004573
BAD 142116832633
BAD 142116832639
BAD 142116866183
BAD 142215324481
BAD 142215324487
BAD 142117110907
BAD 142215417811
BAD 142117409891
BAD 142117409893
BAD 142215814787
BAD 142215814789
BAD 142215837067
BAD 142117520047
BAD 142215891229
BAD 142215891239
BAD 142215891241
BAD 142117666079
BAD 142117666081
BAD 142117669801
BAD 142117669807
BAD 142117669831
BAD 142117684381
BAD 142216144153
BAD 142216350589
BAD 142216438831
BAD 142216438843
BAD 142216509263
BAD 142216509299
BAD 142216509301
BAD 142216509307
BAD 142216509311
BAD 142119436111
BAD 142119551437
BAD 142216764611
BAD 142119608671
BAD 142119702451
BAD 142119705397
BAD 142217004913
BAD 142217004931
BAD 142120415881
BAD 142120454449
BAD 142120454491
BAD 142120454501
BAD 142217845351
BAD 142231524229
BAD 142217949271
BAD 142120987807
BAD 142231846189
BAD 142231846193
BAD 142231902301
BAD 142232098733
BAD 142121404231
BAD 142121973467
BAD 142232783543
BAD 142218261613
BAD 142122170287
BAD 142232963221
BAD 142232963251
BAD 142232963329
BAD 142233077453
BAD 142233077461
BAD 142218723211
BAD 142122831181
BAD 142122831241
BAD 142233968887
BAD 142197904663
BAD 142219869173
BAD 142219869191
BAD 142219869193
BAD 142219869199
BAD 142198031303
BAD 142220049289
BAD 142198190011
BAD 142123604423
BAD 142220224513
BAD 142234642163
BAD 142234723117
BAD 142234723133
BAD 142234723139
BAD 142123800649
BAD 142123800653
BAD 142220662373
BAD 142198541813
BAD 142198541827
BAD 142198541833
BAD 142235740903
BAD 142235897291
BAD 142235897299
BAD 142236031453
BAD 142199077261
BAD 142199394907
BAD 142199394923
BAD 142221272233
BAD 142221328309
BAD 142236551911
BAD 142236551969
BAD 142236551971
BAD 142236559489
BAD 142199746697
BAD 142199746699
BAD 142200374821
BAD 142237096711
BAD 142237111007
BAD 142200672721
BAD 142200934559
BAD 142237389323
BAD 142201041233
BAD 142201174807
BAD 142237746997
BAD 142238316751
BAD 142238316757
BAD 142238316761
BAD 142238316763
BAD 142238366999
BAD 142238729797
BAD 142223764877
BAD 142124015659
BAD 142202955341
BAD 142202955343
BAD 142124273843
BAD 142203063749
BAD 142203291833
BAD 142203374197
BAD 142124739793
BAD 142124739803
BAD 142124812121
BAD 142224307241
BAD 142224307243
BAD 142125056543
BAD 142125455671
BAD 142224853139
BAD 142224958699
BAD 142238833159
BAD 142238833169
BAD 142238833171
BAD 142238850241
BAD 142238850253
BAD 142126282957
BAD 142126652543
BAD 142203607523
BAD 142127272297
BAD 142127272303
BAD 142203999503
BAD 142204091369
BAD 142204091371
BAD 142127553983
BAD 142242452273
BAD 142204657519
BAD 142204657523
BAD 142242496163
BAD 142127645423
BAD 142204846639
BAD 142204846703
BAD 142242619643
BAD 142205115607
BAD 142205115631
BAD 142205408123
BAD 142205408129
BAD 142205408131
BAD 142205408141
BAD 142205408143
BAD 142243205627
BAD 142128458543
BAD 142243292963
BAD 142128514123
BAD 142206191473
BAD 142128633629
BAD 142128633631
BAD 142243497139
BAD 142244095759
BAD 142129576819
BAD 142130278747
BAD 142130424841
BAD 142245036067
BAD 142245215173
BAD 142245316403
BAD 142206544903
BAD 142225358729
BAD 142225358753
BAD 142206783473
BAD 142206783479
BAD 142206833393
BAD 142206834751
BAD 142245588083
BAD 142245771169
BAD 142207158463
BAD 142207158487
BAD 142207270091
BAD 142207419091
BAD 142207419097
BAD 142246008661
BAD 142207457531
BAD 142246144741
BAD 142207643813
BAD 142246205561
BAD 142226247619
BAD 142226247623
BAD 142147528189
BAD 142226273419
BAD 142226529043
BAD 142208225083
BAD 142246648429
BAD 142246648441
BAD 142246648459
BAD 142246648463
BAD 142246673089
BAD 142226848793
BAD 142208618143
BAD 142226851673
BAD 142226871013
BAD 142226871173
BAD 142246882753
BAD 142246969877
BAD 142208796971
BAD 142208796973
BAD 142247509423
BAD 142247549473
BAD 142209417283
BAD 142247808361
BAD 142247808379
BAD 142148702491
BAD 142209669529
BAD 142209724009
BAD 142148905153
BAD 142148916421
BAD 142148916443
BAD 142148916449
BAD 142148916451
BAD 142227861253
BAD 142209958291
BAD 142209979381
BAD 142149183733
BAD 142149534299
BAD 142149534301
BAD 142149534311
BAD 142149534313
BAD 142228914253
BAD 142228914259
BAD 142228914319
BAD 142164336679
BAD 142164336683
BAD 142164446821
BAD 142164446843
BAD 142181382751
BAD 142181382757
BAD 142229029469
BAD 142229029471
BAD 142229029477
BAD 142164678871
BAD 142164688073
BAD 142164697483
BAD 142164697487
BAD 142164697489
BAD 142164697501
BAD 142164775289
BAD 142164900061
BAD 142181735791
BAD 142150239709
BAD 142165027063
BAD 142150268839
BAD 142150268849
BAD 142150268851
BAD 142210606201
BAD 142210659803
BAD 142229484149
BAD 142165209107
BAD 142229576869
BAD 142210819547
BAD 142229576873
BAD 142165209181
BAD 142229576921
BAD 142150497901
BAD 142210819549
BAD 142210900087
BAD 142210900093
BAD 142182151193
BAD 142211067433
BAD 142211073691
BAD 142150756403
BAD 142229879089
BAD 142211265649
BAD 142229945327
BAD 142229945329
BAD 142165669831
BAD 142229984387
BAD 142165771303
BAD 142165861633
BAD 142230214921
BAD 142230435233
BAD 142211574839
BAD 142151551103
BAD 142151607083
BAD 142151625401
BAD 142151625403
BAD 142151625409
BAD 142151858113
BAD 142167038693
BAD 142212017099
BAD 142212017119
BAD 142151951131
BAD 142183795211
BAD 142183795213
BAD 142183795219
BAD 142183795223
BAD 142183795231
BAD 142183795241
BAD 142152149471
BAD 142152149473
BAD 142152232553
BAD 142212414733
BAD 142212414739
BAD 142167450133
BAD 142167523973
BAD 142184093573
BAD 142184093581
BAD 142167561163
BAD 142167614801
BAD 142167614803
BAD 142184238293
BAD 142167731183
BAD 142184495333
BAD 142152650839
BAD 142184613229
BAD 142168098649
BAD 142213175669
BAD 142213175701
BAD 142168585651
BAD 142153890803
BAD 142168661783
BAD 142154027791
BAD 142154027867
BAD 142154027909
BAD 142154027927
BAD 142168787183
BAD 142168911113
BAD 142213652663
BAD 142213728023
BAD 142213811563
BAD 142169228627
BAD 142214053613
BAD 142154950439
BAD 142169786597
BAD 142169786599
BAD 142169971063
BAD 142169971067
BAD 142155330151
BAD 142155330157
BAD 142185050947
BAD 142170395449
BAD 142170395453
BAD 142155697283
BAD 142155738323
BAD 142171340723
BAD 142171540561
BAD 142171540579
BAD 142171584959
BAD 142171803973
BAD 142156452143
BAD 142171803979
BAD 142156452149
BAD 142156452173
BAD 142185585811
BAD 142156646431
BAD 142185715291
BAD 142185715297
BAD 142185715303
BAD 142172179997
BAD 142172478751
BAD 142186458527
BAD 142186458529
BAD 142172713747
BAD 142157594833
BAD 142157594959
BAD 142157594963
BAD 142157594987
BAD 142157594989
BAD 142157594993
BAD 142172862319
BAD 142187361269
BAD 142187385317
BAD 142157730893
BAD 142157730899
BAD 142173182071
BAD 142157929861
BAD 142158047221
BAD 142173523201
BAD 142173694633
BAD 142130865143
BAD 142130961887
BAD 142158403033
BAD 142131055163
BAD 142131135529
BAD 142131135533
BAD 142131135541
BAD 142158560521
BAD 142158560569
BAD 142158598627
BAD 142188166051
BAD 142188166139
BAD 142188166189
BAD 142174502473
BAD 142188695303
BAD 142174656983
BAD 142174815383
BAD 142131542827
BAD 142175217113
BAD 142132051433
BAD 142175285789
BAD 142175295841
BAD 142132288933
BAD 142132288937
BAD 142160029411
BAD 142175670929
BAD 142160258797
BAD 142176085867
BAD 142189839067
BAD 142189839073
BAD 142133041139
BAD 142160854411
BAD 142160854421
BAD 142133125049
BAD 142133125051
BAD 142133516443
BAD 142133646143
BAD 142161305569
BAD 142161305603
BAD 142161382003
BAD 142176133469
BAD 142176133471
BAD 142190065883
BAD 142190116223
BAD 142190276957
BAD 142190276959
BAD 142176838411
BAD 142176907099
BAD 142190703467
BAD 142190703469
BAD 142162086991
BAD 142177227341
BAD 142177227343
BAD 142177227347
BAD 142177227349
BAD 142191171613
BAD 142134883417
BAD 142134883427
BAD 142134932047
BAD 142134932089
BAD 142191340943
BAD 142177534901
BAD 142177534903
BAD 142177722671
BAD 142177722683
BAD 142191913483
BAD 142162377613
BAD 142135526383
BAD 142135894519
BAD 142162811701
BAD 142162811723
BAD 142136219363
BAD 142178407853
BAD 142178407913
BAD 142178537791
BAD 142178537797
BAD 142136287109
BAD 142193063503
BAD 142193063513
BAD 142178707291
BAD 142178720009
BAD 142178720011
BAD 142136413051
BAD 142136413063
BAD 142136452439
BAD 142136452441
BAD 142193335957
BAD 142193335961
BAD 142179044881
BAD 142162993223
BAD 142179136943
BAD 142162993229
BAD 142136781049
BAD 142162993237
BAD 142162993241
BAD 142162993243
BAD 142193559383
BAD 142193596057
BAD 142137065897
BAD 142137065899
BAD 142163216011
BAD 142163216017
BAD 142137236167
BAD 142137245963
BAD 142137245969
BAD 142180063679
BAD 142180063681
BAD 142163600533
BAD 142194377477
BAD 142194377483
BAD 142180267081
BAD 142180285393
BAD 142137779543
BAD 142180491703
BAD 142180491781
BAD 142194674549
BAD 142163919631
BAD 142137843871
BAD 142137843877
BAD 142194767569
BAD 142180900867
BAD 142163997029
BAD 142180900879
BAD 142137935371
BAD 142194784489
BAD 142194784493
BAD 142194784507
BAD 142194987073
BAD 142164139553
BAD 142138125929
BAD 142138125931
BAD 142138125971
BAD 142138125973
BAD 142138125977
BAD 142138125979
BAD 142138125991
BAD 142138126049
BAD 142138365451
BAD 142138829141
BAD 142138829143
BAD 142196388473
BAD 142196388541
BAD 142138882703
BAD 142196791147
BAD 142139082457
BAD 142196947273
BAD 142139310199
BAD 142139398217
BAD 142139398223
BAD 142139438561
BAD 142139438563
BAD 142139438569
BAD 142197365119
BAD 142139498801
BAD 142139498803
BAD 142139598301
BAD 142197465331
BAD 142140119987
BAD 142197755731
BAD 142140647717
BAD 142140647723
BAD 142140647729
BAD 142140647731
BAD 142140947891
BAD 142141488917
BAD 142141488919
BAD 142142470523
BAD 142142478943
BAD 142142989073
BAD 142142989081
BAD 142143291319
BAD 142143435703
BAD 142143821179
BAD 142143958997
BAD 142143995899
BAD 142144261183
BAD 142144328999
BAD 142144329001
BAD 142144329029
BAD 142144329031
BAD 142144381879
BAD 142144396873
BAD 142144396897
BAD 142144449973
BAD 142144449977
BAD 142144801717
BAD 142144820183
BAD 142144820197
BAD 142144820201
BAD 142144820203
BAD 142145122321
BAD 142145128949
BAD 142145376983
BAD 142145376991
BAD 142145377001
BAD 142145465521
BAD 142145612899
BAD 142145696731
BAD 142146281293
BAD 142146841549
BAD 142147307087
BAD 142147307089
BAD 142147448921
BAD 142147448923
BAD 142264928989
BAD 142264945267
BAD 142265280559
BAD 142265457799
BAD 142265472871
BAD 142265622511
BAD 142265946373
BAD 142265946379
BAD 142266210923
BAD 142266489283
BAD 142266499927
BAD 142266499979
BAD 142266499981
BAD 142266499987
BAD 142266697789
BAD 142266777871
BAD 142267154717
BAD 142267582001
BAD 142267582003
BAD 142267945601
BAD 142268144743
BAD 142248275179
BAD 142248539359
BAD 142248539371
BAD 142268524613
BAD 142248709003
BAD 142248805163
BAD 142249083551
BAD 142249083553
BAD 142268672353
BAD 142249249279
BAD 142249249297
BAD 142249645831
BAD 142249645847
BAD 142249790723
BAD 142268848769
BAD 142268848789
BAD 142268848879
BAD 142250723731
BAD 142250723737
BAD 142269519487
BAD 142269564659
BAD 142269564667
BAD 142269834089
BAD 142269834127
BAD 142269834173
BAD 142269861247
BAD 142270248823
BAD 142270248833
BAD 142270272847
BAD 142270969733
BAD 142251178009
BAD 142251218387
BAD 142251218413
BAD 142251218419
BAD 142251218423
BAD 142251218429
BAD 142251577067
BAD 142252197361
BAD 142252714001
BAD 142252714003
BAD 142252763893
BAD 142271820373
BAD 142271990257
BAD 142271990269
BAD 142272160007
BAD 142253334667
BAD 142272240793
BAD 142272303499
BAD 142272303517
BAD 142272379609
BAD 142272379621
BAD 142272379633
BAD 142273299691
BAD 142254339869
BAD 142273522009
BAD 142254508621
BAD 142273848091
BAD 142254822751
BAD 142254975917
BAD 142254975931
BAD 142254975949
BAD 142254975977
BAD 142254975991
BAD 142255758833
BAD 142256802047
BAD 142256802049
BAD 142256916811
BAD 142257063379
BAD 142257063433
BAD 142257063437
BAD 142257063439
BAD 142257164849
BAD 142274609929
BAD 142274778109
BAD 142257662893
BAD 142257941809
BAD 142275449749
BAD 142258133939
BAD 142258438403
BAD 142258438423
BAD 142258765183
BAD 142275877631
BAD 142258921261
BAD 142276010221
BAD 142276010257
BAD 142276010287
BAD 142276041247
BAD 142276041253
BAD 142276041263
BAD 142276041269
BAD 142276041301
BAD 142276041307
BAD 142276045699
BAD 142259188273
BAD 142276769449
BAD 142259520631
BAD 142277396719
BAD 142259947943
BAD 142260129707
BAD 142277923481
BAD 142277923583
BAD 142260405379
BAD 142260616763
BAD 142260616769
BAD 142260616801
BAD 142260696377
BAD 142260696379
BAD 142278176591
BAD 142261437889
BAD 142261437893
BAD 142261438087
BAD 142261989349
BAD 142278780121
BAD 142278869263
BAD 142278869269
BAD 142278869273
BAD 142262132227
BAD 142262767301
BAD 142262767303
BAD 142262798221
BAD 142262798231
BAD 142262798233
BAD 142262798239
BAD 142263144871
BAD 142263144953
BAD 142279401793
BAD 142279401799
BAD 142279401907
BAD 142263461597
BAD 142263547597
BAD 142263841831
BAD 142280222599
BAD 142280333431
BAD 142280333449
BAD 142280613781
BAD 142280613863
BAD 142280675269
BAD 142281647903
BAD 142282100687
BAD 142283221511
BAD 142283221513
BAD 142283374231
BAD 142283881111
BAD 142284406321
BAD 142285004801
BAD 142285004821
BAD 142285076677
BAD 142285315663
BAD 142285522513
BAD 142285522517
BAD 142285522583
BAD 142285522627
BAD 142285988641
BAD 142286363671
BAD 142286469029
BAD 142286489671
BAD 142286489677
BAD 142286925631
BAD 142287643871
BAD 142289005051
BAD 142289488723
BAD 142289488727
BAD 142289488729
BAD 142289783513
BAD 142289830103
BAD 142290278063
BAD 142290278959
BAD 142290316747
BAD 142290619193
BAD 142290762223
BAD 142290762247
BAD 142291125271
BAD 142291222219
BAD 142291230769
BAD 142291316903
BAD 142291487089
BAD 142291712839
BAD 142291714793
BAD 142291714801
BAD 142292206963
BAD 142293411653
BAD 142293520591
BAD 142293520613
BAD 142293948193
BAD 142294873043
BAD 142294992199
BAD 142295724211
BAD 142295763031
BAD 142296060409
BAD 142296175339
BAD 142296419099
BAD 142296419101
BAD 142296728771
BAD 142296728773
BAD 142296968393
BAD 142296968423
BAD 142297508477
BAD 142297508489
BAD 142297508491
BAD 142297559659
BAD 142298069281
BAD 142298283319
BAD 142298307499
BAD 142332173941
BAD 142332173953
BAD 142332173959
BAD 142332385549
BAD 142332659719
BAD 142332700219
BAD 142332731633
BAD 142333036849
BAD 142333137451
BAD 142333234807
BAD 142333454413
BAD 142333497751
BAD 142333601587
BAD 142334052169
BAD 142334087933
BAD 142334449057
BAD 142334449063
BAD 142334842393
BAD 142335887531
BAD 142336127939
BAD 142336411549
BAD 142336816103
BAD 142337342471
BAD 142337342473
BAD 142337342491
BAD 142337540311
BAD 142338819323
BAD 142348955611
BAD 142349064841
BAD 142349216963
BAD 142349406863
BAD 142349406869
BAD 142349406877
BAD 142349406883
BAD 142339572443
BAD 142339840501
BAD 142339849081
BAD 142339849087
BAD 142339884403
BAD 142340249189
BAD 142340249203
BAD 142340249209
BAD 142350296441
BAD 142350296443
BAD 142350296509
BAD 142350296513
BAD 142350296563
BAD 142350591007
BAD 142350591017
BAD 142350919549
BAD 142351083089
BAD 142351198943
BAD 142352138813
BAD 142352304091
BAD 142352488813
BAD 142352488823
BAD 142352560403
BAD 142352560417
BAD 142352734207
BAD 142352734219
BAD 142353207569
BAD 142353207571
BAD 142353207643
BAD 142353399583
BAD 142353493103
BAD 142354056631
BAD 142355164411
BAD 142355484331
BAD 142341922253
BAD 142341922259
BAD 142341922279
BAD 142342485833
BAD 142342624891
BAD 142342627247
BAD 142342627283
BAD 142342648397
BAD 142342781033
BAD 142343010751
BAD 142343915269
BAD 142344149093
BAD 142344167293
BAD 142344167299
BAD 142344167311
BAD 142344348073
BAD 142315413859
BAD 142344348079
BAD 142315538857
BAD 142315538863
BAD 142315538867
BAD 142315538873
BAD 142315572083
BAD 142315655527
BAD 142315971713
BAD 142315990969
BAD 142316009701
BAD 142316009707
BAD 142345889479
BAD 142345986493
BAD 142317225961
BAD 142317225983
BAD 142317225989
BAD 142317225991
BAD 142317225997
BAD 142317226001
BAD 142317226003
BAD 142317226043
BAD 142317226049
BAD 142346284823
BAD 142317758971
BAD 142346815799
BAD 142346815801
BAD 142347286399
BAD 142317939623
BAD 142317939629
BAD 142355680067
BAD 142355752219
BAD 142355752223
BAD 142355892869
BAD 142355892871
BAD 142318162541
BAD 142318373651
BAD 142318373653
BAD 142318373657
BAD 142318385063
BAD 142356233113
BAD 142356298013
BAD 142318626277
BAD 142356537151
BAD 142318783787
BAD 142356718391
BAD 142356718393
BAD 142318937737
BAD 142318949723
BAD 142318989881
BAD 142319336557
BAD 142319336561
BAD 142357159817
BAD 142357370377
BAD 142357370381
BAD 142357560731
BAD 142357560733
BAD 142357560739
BAD 142319864543
BAD 142319864549
BAD 142319864551
BAD 142320370169
BAD 142320411361
BAD 142320411707
BAD 142320550201
BAD 142320550213
BAD 142320550217
BAD 142320550219
BAD 142320611473
BAD 142320611483
BAD 142347366131
BAD 142320686539
BAD 142321000051
BAD 142347757777
BAD 142347778303
BAD 142321255891
BAD 142321255897
BAD 142348111547
BAD 142348207909
BAD 142321997203
BAD 142322311073
BAD 142322538353
BAD 142322538359
BAD 142323138653
BAD 142323378949
BAD 142323762733
BAD 142324524109
BAD 142358022953
BAD 142324928341
BAD 142325006017
BAD 142325118587
BAD 142325118589
BAD 142325118601
BAD 142358813843
BAD 142325615671
BAD 142359216019
BAD 142359535699
BAD 142359574991
BAD 142325751523
BAD 142325831887
BAD 142327013867
BAD 142360354781
BAD 142360436419
BAD 142360891669
BAD 142360921889
BAD 142327977833
BAD 142328350001
BAD 142361549989
BAD 142361771861
BAD 142361771887
BAD 142361930539
BAD 142362008329
BAD 142362008333
BAD 142329158077
BAD 142329339629
BAD 142329411479
BAD 142329552749
BAD 142329552751
BAD 142362352687
BAD 142362352703
BAD 142362352709
BAD 142362352711
BAD 142362417167
BAD 142362417193
BAD 142329837011
BAD 142329917461
BAD 142362777433
BAD 142363188967
BAD 142363188997
BAD 142331193889
BAD 142363653833
BAD 142364080193
BAD 142364270453
BAD 142332024847
BAD 142364739431
BAD 142365044791
BAD 142365148397
BAD 142365148399
BAD 142365159169
BAD 142365515263
BAD 142365515267
BAD 142365934331
BAD 142366495577
BAD 142366728001
BAD 142367067653
BAD 142367343673
BAD 142367351947
BAD 142367464543
BAD 142368685621
BAD 142369473073
BAD 142369473083
BAD 142369600561
BAD 142369840079
BAD 142370928281
BAD 142370969911
BAD 142371074983
BAD 142371325763
BAD 142371325771
BAD 142371325783
BAD 142371532819
BAD 142371984619
BAD 142372036141
BAD 142372118689
BAD 142372118701
BAD 142372166039
BAD 142372172119
BAD 142372458637
BAD 142372832881
BAD 142373594953
BAD 142375077881
BAD 142375077883
BAD 142375577909
BAD 142375600069
BAD 142375600097
BAD 142375600099
BAD 142377125243
BAD 142377125257
BAD 142377125263
BAD 142377166853
BAD 142377166859
BAD 142377443503
BAD 142378338301
BAD 142378470211
BAD 142378470217
BAD 142379456299
BAD 142379501113
BAD 142380667799
BAD 142381215953
BAD 142381216073
BAD 142381216099
BAD 142381216841
BAD 142381216843
BAD 142381372013
BAD 142381372019
BAD 142381520213
BAD 142381520219
BAD 142381520221
BAD 142381520227
BAD 142381756343
BAD 142381756351
BAD 142381756357
BAD 142381918633
BAD 142381918639
BAD 142298481289
BAD 142298529181
BAD 142298529193
BAD 142298529209
BAD 142298672339
BAD 142298810723
BAD 142298918719
BAD 142299843503
BAD 142299843509
BAD 142299862739
BAD 142299862741
BAD 142299883261
BAD 142300131217
BAD 142300131223
BAD 142300642669
BAD 142300681261
BAD 142301093303
BAD 142301991319
BAD 142301991347
BAD 142301991353
BAD 142301991361
BAD 142416059873
BAD 142417035589
BAD 142417035601
BAD 142417166893
BAD 142417242883
BAD 142302373051
BAD 142417662697
BAD 142417691359
BAD 142417691363
BAD 142417779479
BAD 142417779481
BAD 142417888693
BAD 142417898881
BAD 142418107691
BAD 142418107693
BAD 142418193571
BAD 142303276613
BAD 142303578853
BAD 142303578863
BAD 142303578881
BAD 142303750219
BAD 142303873639
BAD 142304034811
BAD 142304303333
BAD 142304573377
BAD 142304661953
BAD 142304661959
BAD 142305186917
BAD 142305618863
BAD 142418872727
BAD 142419311119
BAD 142419926617
BAD 142419965843
BAD 142420379753
BAD 142420402073
BAD 142420478437
BAD 142420514953
BAD 142420553711
BAD 142420553713
BAD 142420611631
BAD 142420611637
BAD 142420648639
BAD 142420731919
BAD 142420784369
BAD 142421063209
BAD 142421611513
BAD 142421611531
BAD 142421767597
BAD 142421767601
BAD 142421767603
BAD 142421767627
BAD 142422093061
BAD 142422150461
BAD 142422150529
BAD 142422661463
BAD 142422960331
BAD 142422960341
BAD 142422960343
BAD 142423255319
BAD 142423431089
BAD 142423431107
BAD 142423431109
BAD 142423791079
BAD 142424456659
BAD 142425100639
BAD 142425215243
BAD 142306456349
BAD 142306635019
BAD 142306694963
BAD 142307411833
BAD 142307487367
BAD 142307762393
BAD 142426231313
BAD 142426502683
BAD 142426611121
BAD 142426611127
BAD 142426666777
BAD 142426678813
BAD 142426678993
BAD 142427835211
BAD 142427884969
BAD 142427884981
BAD 142427967593
BAD 142428088531
BAD 142428088549
BAD 142400144507
BAD 142400309693
BAD 142428456739
BAD 142400382869
BAD 142400382871
BAD 142400434223
BAD 142400498753
BAD 142428945091
BAD 142400947789
BAD 142429159721
BAD 142429159723
BAD 142429167913
BAD 142401282169
BAD 142429246723
BAD 142429246777
BAD 142429246789
BAD 142401367817
BAD 142401367819
BAD 142429658101
BAD 142429658123
BAD 142429842563
BAD 142429997543
BAD 142402089701
BAD 142429997551
BAD 142430112973
BAD 142430112991
BAD 142402522063
BAD 142382975117
BAD 142382975123
BAD 142402904323
BAD 142483183397
BAD 142483183399
BAD 142483261201
BAD 142403185723
BAD 142403185741
BAD 142430929373
BAD 142384114547
BAD 142384114549
BAD 142384114553
BAD 142384114643
BAD 142384273589
BAD 142384409269
BAD 142384409273
BAD 142384543801
BAD 142384828939
BAD 142484046647
BAD 142385006767
BAD 142385075377
BAD 142404999433
BAD 142405090453
BAD 142405154599
BAD 142431747151
BAD 142431747163
BAD 142431747167
BAD 142484211371
BAD 142484211377
BAD 142484211379
BAD 142484214337
BAD 142405391809
BAD 142484418943
BAD 142385762933
BAD 142484662531
BAD 142484662813
BAD 142484662829
BAD 142484662897
BAD 142432115401
BAD 142386066103
BAD 142386066107
BAD 142386164131
BAD 142432232893
BAD 142405880339
BAD 142405880341
BAD 142386415291
BAD 142386776573
BAD 142406252777
BAD 142432302437
BAD 142432490479
BAD 142485588467
BAD 142485588473
BAD 142308780907
BAD 142387631513
BAD 142387935889
BAD 142309087279
BAD 142407464231
BAD 142407464233
BAD 142407464299
BAD 142407533269
BAD 142407533273
BAD 142407643333
BAD 142486121551
BAD 142309462609
BAD 142309462613
BAD 142407972361
BAD 142309726583
BAD 142486636891
BAD 142408264567
BAD 142408266139
BAD 142388496073
BAD 142408356751
BAD 142388610283
BAD 142388640959
BAD 142388640967
BAD 142408480703
BAD 142310250847
BAD 142310250871
BAD 142310296043
BAD 142310296049
BAD 142388829943
BAD 142486761499
BAD 142408909267
BAD 142408909277
BAD 142408909283
BAD 142310825143
BAD 142389733961
BAD 142408946377
BAD 142389934781
BAD 142389985681
BAD 142390051763
BAD 142311378347
BAD 142409094889
BAD 142409094923
BAD 142311604207
BAD 142311755063
BAD 142409571233
BAD 142312217953
BAD 142391191661
BAD 142391191669
BAD 142391191673
BAD 142391191687
BAD 142312493419
BAD 142312493423
BAD 142312567561
BAD 142312815199
BAD 142312876973
BAD 142391744587
BAD 142313634319
BAD 142391896583
BAD 142391896613
BAD 142313801167
BAD 142313801221
BAD 142313896471
BAD 142313896477
BAD 142487754751
BAD 142392509251
BAD 142313896493
BAD 142313896511
BAD 142487754757
BAD 142313920051
BAD 142487774951
BAD 142392664793
BAD 142392666673
BAD 142392764539
BAD 142392764543
BAD 142314178441
BAD 142487978693
BAD 142488030341
BAD 142392929561
BAD 142392929563
BAD 142392989003
BAD 142488332323
BAD 142488332341
BAD 142393295521
BAD 142314508813
BAD 142393381769
BAD 142393381771
BAD 142393436351
BAD 142393490413
BAD 142393490417
BAD 142393490419
BAD 142393490423
BAD 142314704407
BAD 142314704423
BAD 142314704437
BAD 142488993877
BAD 142394128949
BAD 142394128951
BAD 142394162017
BAD 142489164871
BAD 142489385461
BAD 142489385471
BAD 142489516201
BAD 142315082491
BAD 142410841171
BAD 142490434459
BAD 142490538383
BAD 142490663683
BAD 142395023767
BAD 142395081911
BAD 142395220243
BAD 142395295373
BAD 142395295379
BAD 142395295381
BAD 142490977711
BAD 142490977729
BAD 142411798603
BAD 142411949489
BAD 142491616523
BAD 142491616543
BAD 142412561329
BAD 142412561341
BAD 142396286867
BAD 142396286869
BAD 142413006839
BAD 142396430131
BAD 142492370173
BAD 142413043687
BAD 142413043691
BAD 142413043699
BAD 142396552069
BAD 142396552159
BAD 142396552169
BAD 142396552171
BAD 142413221693
BAD 142396626223
BAD 142396626233
BAD 142492854089
BAD 142413908389
BAD 142492913203
BAD 142397358161
BAD 142397896429
BAD 142493426857
BAD 142493426869
BAD 142398039391
BAD 142493499839
BAD 142414794211
BAD 142414794257
BAD 142414794259
BAD 142493553211
BAD 142493613209
BAD 142415117849
BAD 142415117851
BAD 142415194927
BAD 142493893183
BAD 142493893237
BAD 142493974339
BAD 142494140083
BAD 142494244831
BAD 142399076377
BAD 142494441407
BAD 142494474797
BAD 142494474799
BAD 142415641831
BAD 142495085779
BAD 142495288729
BAD 142495353229
BAD 142495353241
BAD 142495353283
BAD 142495514677
BAD 142495655723
BAD 142495709821
BAD 142495788223
BAD 142495815199
BAD 142495819537
BAD 142495946149
BAD 142495946161
BAD 142496066651
BAD 142496588033
BAD 142496829073
BAD 142496829091
BAD 142496866483
BAD 142497149033
BAD 142497751609
BAD 142497751621
BAD 142466363503
BAD 142497751631
BAD 142497751633
BAD 142497865969
BAD 142466635621
BAD 142498032073
BAD 142498149529
BAD 142466793509
BAD 142466793517
BAD 142466793533
BAD 142466793541
BAD 142498193063
BAD 142466896807
BAD 142498290637
BAD 142498306243
BAD 142498306261
BAD 142498306273
BAD 142498306277
BAD 142498334533
BAD 142467126433
BAD 142498548559
BAD 142467240499
BAD 142467240511
BAD 142499448367
BAD 142499601089
BAD 142499737621
BAD 142467948619
BAD 142468054373
BAD 142468471573
BAD 142468471577
BAD 142468516849
BAD 142468855621
BAD 142469272741
BAD 142469272753
BAD 142469382841
BAD 142469526029
BAD 142469637397
BAD 142470703097
BAD 142470703099
BAD 142470802093
BAD 142470802099
BAD 142470843421
BAD 142471049599
BAD 142471056289
BAD 142471142003
BAD 142471287799
BAD 142471577837
BAD 142471577839
BAD 142471667251
BAD 142471692037
BAD 142472203417
BAD 142472546147
BAD 142472546149
BAD 142472749049
BAD 142473626021
BAD 142473626023
BAD 142473626041
BAD 142473682387
BAD 142473792343
BAD 142473810223
BAD 142449679093
BAD 142449679103
BAD 142449679111
BAD 142449713411
BAD 142474002499
BAD 142449882587
BAD 142474405121
BAD 142474405123
BAD 142474461061
BAD 142474461071
BAD 142474765567
BAD 142474765627
BAD 142474765813
BAD 142474765817
BAD 142474765819
BAD 142474895921
BAD 142474895923
BAD 142450257493
BAD 142450352719
BAD 142450436519
BAD 142450436521
BAD 142475268043
BAD 142475268049
BAD 142475268053
BAD 142475345533
BAD 142451006261
BAD 142451187679
BAD 142451187691
BAD 142451300477
BAD 142476824621
BAD 142452113417
BAD 142476824629
BAD 142452113423
BAD 142452113437
BAD 142477270451
BAD 142477517033
BAD 142452585323
BAD 142452590317
BAD 142478293613
BAD 142478516437
BAD 142478516441
BAD 142478516503
BAD 142478516513
BAD 142453206949
BAD 142453258357
BAD 142453361527
BAD 142453361543
BAD 142479018173
BAD 142453710313
BAD 142479534773
BAD 142479567233
BAD 142479567247
BAD 142479567253
BAD 142479567257
BAD 142479567259
BAD 142479569797
BAD 142454344103
BAD 142454344111
BAD 142480340647
BAD 142480606133
BAD 142455255211
BAD 142432873417
BAD 142432997593
BAD 142455498193
BAD 142455498197
BAD 142455498203
BAD 142455498239
BAD 142433144033
BAD 142433258273
BAD 142433258281
BAD 142433258287
BAD 142433347169
BAD 142481222497
BAD 142456171289
BAD 142481318831
BAD 142456410857
BAD 142481575471
BAD 142481575477
BAD 142456892533
BAD 142456892563
BAD 142456892569
BAD 142457135273
BAD 142457418157
BAD 142457418161
BAD 142500242327
BAD 142500242329
BAD 142500242333
BAD 142500280103
BAD 142482075683
BAD 142457814469
BAD 142434661163
BAD 142482384367
BAD 142482624863
BAD 142482624871
BAD 142500362839
BAD 142435425347
BAD 142500626089
BAD 142458429511
BAD 142501013539
BAD 142501136977
BAD 142436486149
BAD 142436486167
BAD 142436806331
BAD 142436806333
BAD 142436847703
BAD 142436998841
BAD 142436998843
BAD 142501620367
BAD 142458936623
BAD 142438070143
BAD 142438070147
BAD 142438070149
BAD 142459267777
BAD 142459355057
BAD 142459355063
BAD 142438270097
BAD 142438270099
BAD 142438270103
BAD 142502214781
BAD 142502214793
BAD 142502214797
BAD 142460020783
BAD 142438449217
BAD 142502214851
BAD 142438449221
BAD 142460394079
BAD 142438901747
BAD 142438901749
BAD 142438901753
BAD 142438901779
BAD 142460795431
BAD 142461012961
BAD 142461160747
BAD 142461160757
BAD 142461160759
BAD 142461160763
BAD 142439713267
BAD 142440216803
BAD 142440490967
BAD 142462093933
BAD 142462105067
BAD 142462105081
BAD 142440707527
BAD 142462320199
BAD 142462800049
BAD 142441732051
BAD 142441732057
BAD 142463399279
BAD 142463593709
BAD 142463593711
BAD 142463973893
BAD 142442144269
BAD 142442144389
BAD 142442144393
BAD 142442144413
BAD 142464160763
BAD 142464160771
BAD 142464160777
BAD 142464230033
BAD 142464230039
BAD 142442329039
BAD 142464333469
BAD 142464446797
BAD 142464652879
BAD 142464707701
BAD 142465051591
BAD 142443183781
BAD 142443236423
BAD 142465796509
BAD 142443647981
BAD 142465853779
BAD 142465902767
BAD 142443927931
BAD 142466240701
BAD 142466240711
BAD 142466240713
BAD 142502426641
BAD 142444091719
BAD 142444091737
BAD 142502426659
BAD 142445025439
BAD 142445025529
BAD 142445076317
BAD 142445774599
BAD 142504434791
BAD 142504434811
BAD 142446619229
BAD 142504822451
BAD 142504822459
BAD 142504822463
BAD 142504858673
BAD 142504927399
BAD 142447255903
BAD 142505742607
BAD 142447729387
BAD 142447729393
BAD 142506686149
BAD 142506946733
BAD 142506946753
BAD 142600632371
BAD 142600632373
BAD 142506991189
BAD 142506991219
BAD 142506991223
BAD 142600816133
BAD 142600948967
BAD 142600948969
BAD 142448534609
BAD 142448534611
BAD 142601260363
BAD 142601360777
BAD 142448731897
BAD 142601360779
BAD 142601444039
BAD 142507807609
BAD 142448825437
BAD 142448825459
BAD 142507833469
BAD 142507833473
BAD 142601695573
BAD 142601695609
BAD 142508117683
BAD 142601941291
BAD 142602001169
BAD 142602001193
BAD 142602019753
BAD 142508469083
BAD 142508573609
BAD 142508573611
BAD 142508795003
BAD 142508876357
BAD 142508876359
BAD 142508876371
BAD 142509019591
BAD 142509019603
BAD 142509191107
BAD 142509191113
BAD 142509191119
BAD 142602989959
BAD 142603011437
BAD 142509414433
BAD 142604226637
BAD 142604226643
BAD 142509589991
BAD 142509612799
BAD 142509612811
BAD 142509612823
BAD 142604658341
BAD 142509971557
BAD 142604866939
BAD 142604866993
BAD 142604866997
BAD 142510195673
BAD 142510244453
BAD 142510315657
BAD 142605203347
BAD 142605304987
BAD 142510606831
BAD 142510617149
BAD 142605490283
BAD 142605490309
BAD 142510762489
BAD 142510762519
BAD 142510762523
BAD 142605650513
BAD 142605670733
BAD 142605914117
BAD 142605914119
BAD 142605914123
BAD 142606006483
BAD 142606006493
BAD 142511316769
BAD 142606132873
BAD 142606335901
BAD 142606351093
BAD 142606351099
BAD 142606351103
BAD 142512415219
BAD 142512505453
BAD 142512700669
BAD 142512780713
BAD 142607848729
BAD 142512859361
BAD 142512859393
BAD 142513196977
BAD 142513196981
BAD 142513865671
BAD 142513865677
BAD 142514781203
BAD 142514984971
BAD 142515039307
BAD 142515138593
BAD 142515350071
BAD 142515901643
BAD 142516099223
BAD 142516146931
BAD 142516146943
BAD 142516146967
BAD 142516146973
BAD 142608337819
BAD 142608354829
BAD 142608806443
BAD 142609008473
BAD 142609008601
BAD 142609008613
BAD 142634266843
BAD 142609339823
BAD 142609706909
BAD 142634694931
BAD 142634797999
BAD 142634798003
BAD 142610249413
BAD 142610409197
BAD 142635135233
BAD 142610480869
BAD 142635300383
BAD 142635320819
BAD 142635320843
BAD 142610750389
BAD 142611039887
BAD 142611039889
BAD 142635775033
BAD 142635775057
BAD 142635775081
BAD 142611228863
BAD 142611393943
BAD 142611664903
BAD 142612101571
BAD 142636444943
BAD 142612557331
BAD 142612557361
BAD 142637044951
BAD 142637044961
BAD 142637283967
BAD 142637340421
BAD 142637340427
BAD 142612959241
BAD 142637653141
BAD 142516810883
BAD 142613041651
BAD 142613103623
BAD 142613103631
BAD 142613103643
BAD 142613188231
BAD 142613373289
BAD 142613373293
BAD 142613373299
BAD 142617549619
BAD 142617549623
BAD 142617558143
BAD 142617584677
BAD 142617584701
BAD 142617721349
BAD 142517366119
BAD 142613867843
BAD 142618018057
BAD 142638752743
BAD 142638956401
BAD 142639022749
BAD 142518296611
BAD 142518361819
BAD 142518361823
BAD 142618790311
BAD 142639336951
BAD 142518361831
BAD 142518477469
BAD 142639776803
BAD 142619226667
BAD 142619226671
BAD 142619326043
BAD 142518931661
BAD 142640160991
BAD 142519206383
BAD 142640619481
BAD 142619908247
BAD 142519473121
BAD 142640816971
BAD 142640816977
BAD 142640963197
BAD 142519821649
BAD 142519821683
BAD 142641132631
BAD 142641219319
BAD 142641219323
BAD 142620560923
BAD 142641688621
BAD 142642142239
BAD 142642142243
BAD 142520672911
BAD 142621152769
BAD 142520829181
BAD 142520986291
BAD 142621691669
BAD 142642707847
BAD 142621691671
BAD 142520986303
BAD 142642707853
BAD 142521005531
BAD 142521005533
BAD 142521005551
BAD 142621729147
BAD 142521074239
BAD 142521074243
BAD 142521074257
BAD 142521074261
BAD 142621817167
BAD 142621817183
BAD 142642888699
BAD 142642888709
BAD 142642888711
BAD 142642927457
BAD 142642927459
BAD 142642941257
BAD 142643077501
BAD 142643111851
BAD 142621970839
BAD 142643482651
BAD 142522064407
BAD 142522064411
BAD 142522064413
BAD 142644634771
BAD 142522514041
BAD 142645140103
BAD 142623508009
BAD 142533410087
BAD 142522514047
BAD 142623508021
BAD 142533410093
BAD 142645193557
BAD 142533472993
BAD 142533500689
BAD 142623975139
BAD 142623975173
BAD 142623975199
BAD 142623975203
BAD 142623975211
BAD 142533882523
BAD 142645459283
BAD 142523062579
BAD 142645466969
BAD 142523262319
BAD 142534198351
BAD 142645781351
BAD 142624470761
BAD 142624470763
BAD 142645852403
BAD 142523516633
BAD 142534425289
BAD 142624795829
BAD 142624795843
BAD 142624795847
BAD 142624795849
BAD 142534846261
BAD 142646367139
BAD 142524126541
BAD 142534846283
BAD 142624795853
BAD 142646367151
BAD 142646367197
BAD 142524126571
BAD 142534981493
BAD 142646673251
BAD 142625000953
BAD 142535130541
BAD 142524368303
BAD 142524368321
BAD 142524368323
BAD 142535189081
BAD 142535189087
BAD 142535189089
BAD 142524470003
BAD 142535320621
BAD 142535339227
BAD 142535339231
BAD 142625245943
BAD 142625245969
BAD 142647108497
BAD 142647108503
BAD 142625277577
BAD 142535621419
BAD 142535621429
BAD 142647584929
BAD 142524856181
BAD 142647584941
BAD 142524856183
BAD 142535895247
BAD 142525124723
BAD 142625634421
BAD 142525135939
BAD 142525144529
BAD 142648031027
BAD 142648043347
BAD 142648043353
BAD 142648043357
BAD 142536247643
BAD 142536247753
BAD 142536247757
BAD 142536247759
BAD 142585030673
BAD 142585030691
BAD 142536598339
BAD 142585322227
BAD 142648878973
BAD 142649038913
BAD 142649038969
BAD 142585570979
BAD 142525721873
BAD 142525858793
BAD 142525899007
BAD 142525899023
BAD 142525899029
BAD 142525899031
BAD 142649654377
BAD 142626653863
BAD 142585939667
BAD 142525899049
BAD 142537375249
BAD 142585939669
BAD 142585939673
BAD 142585950701
BAD 142585950713
BAD 142585966529
BAD 142649749037
BAD 142649749043
BAD 142626742403
BAD 142586050051
BAD 142526219939
BAD 142526238997
BAD 142526239073
BAD 142537746193
BAD 142537746209
BAD 142537746227
BAD 142537746229
BAD 142537746233
BAD 142650284267
BAD 142650325921
BAD 142650325933
BAD 142526402413
BAD 142526402423
BAD 142627223059
BAD 142586936423
BAD 142627362851
BAD 142538122943
BAD 142587020911
BAD 142627362853
BAD 142587037823
BAD 142526717659
BAD 142538182511
BAD 142538182519
BAD 142627664633
BAD 142627743067
BAD 142587413413
BAD 142538737741
BAD 142538737753
BAD 142587599933
BAD 142587640253
BAD 142527292199
BAD 142588033043
BAD 142588091587
BAD 142588091593
BAD 142538988083
BAD 142538988089
BAD 142538988091
BAD 142539000563
BAD 142628577913
BAD 142527954727
BAD 142527954733
BAD 142527954743
BAD 142539221707
BAD 142628753161
BAD 142528125197
BAD 142528125199
BAD 142628913961
BAD 142539957563
BAD 142528162669
BAD 142628975039
BAD 142540039429
BAD 142589243317
BAD 142528290559
BAD 142528290571
BAD 142614498017
BAD 142589886091
BAD 142589952181
BAD 142590087793
BAD 142629643913
BAD 142529084359
BAD 142529084363
BAD 142590263791
BAD 142590263797
BAD 142540900067
BAD 142540900069
BAD 142629828373
BAD 142541037953
BAD 142590438743
BAD 142590438751
BAD 142529384971
BAD 142590906083
BAD 142630462729
BAD 142591216409
BAD 142541719063
BAD 142541719069
BAD 142591388377
BAD 142542402493
BAD 142614855457
BAD 142630713163
BAD 142614879223
BAD 142542420289
BAD 142542420313
BAD 142542606659
BAD 142542754901
BAD 142542754903
BAD 142631196403
BAD 142543060021
BAD 142591917833
BAD 142543417301
BAD 142543417441
BAD 142543482737
BAD 142631527097
BAD 142631605097
BAD 142631605099
BAD 142631605111
BAD 142631605121
BAD 142543826333
BAD 142592502509
BAD 142592502511
BAD 142592507749
BAD 142592507753
BAD 142592534899
BAD 142616039791
BAD 142632054563
BAD 142632156643
BAD 142616396029
BAD 142592858563
BAD 142544635283
BAD 142616463659
BAD 142633033273
BAD 142616463667
BAD 142592933633
BAD 142616573773
BAD 142616573783
BAD 142544755543
BAD 142544755547
BAD 142616626193
BAD 142616685587
BAD 142633287499
BAD 142633333573
BAD 142593183793
BAD 142616818219
BAD 142616852821
BAD 142616852827
BAD 142545420233
BAD 142545485969
BAD 142545485977
BAD 142545485993
BAD 142545492017
BAD 142530146971
BAD 142593717131
BAD 142530687919
BAD 142530701429
BAD 142594002877
BAD 142546247087
BAD 142546247089
BAD 142546247093
BAD 142594070329
BAD 142530744211
BAD 142530744227
BAD 142530945653
BAD 142530945703
BAD 142546515457
BAD 142531005733
BAD 142546539613
BAD 142531254799
BAD 142531475861
BAD 142594694419
BAD 142531602013
BAD 142547012693
BAD 142594871611
BAD 142594906087
BAD 142594906093
BAD 142547119669
BAD 142531824863
BAD 142547175637
BAD 142547209543
BAD 142595099453
BAD 142532066293
BAD 142532066297
BAD 142532111377
BAD 142547504903
BAD 142547504909
BAD 142547505109
BAD 142532303383
BAD 142547620223
BAD 142532360953
BAD 142566954821
BAD 142547916263
BAD 142595656969
BAD 142548043699
BAD 142548075503
BAD 142567260617
BAD 142532688853
BAD 142567419263
BAD 142548415069
BAD 142548415073
BAD 142567579379
BAD 142567579381
BAD 142548701341
BAD 142567941727
BAD 142568040583
BAD 142549141129
BAD 142568378839
BAD 142568378851
BAD 142596642091
BAD 142568978351
BAD 142568978353
BAD 142568978371
BAD 142569060563
BAD 142569060577
BAD 142597467937
BAD 142597467941
BAD 142597557703
BAD 142597557709
BAD 142569914923
BAD 142570113421
BAD 142570131523
BAD 142598029139
BAD 142598029141
BAD 142650902987
BAD 142598693243
BAD 142598693249
BAD 142651439351
BAD 142651439353
BAD 142571445397
BAD 142571445409
BAD 142571445413
BAD 142652266349
BAD 142600279543
BAD 142600400053
BAD 142571961487
BAD 142652769403
BAD 142652769439
BAD 142652906629
BAD 142572790361
BAD 142572790363
BAD 142572790369
BAD 142653337403
BAD 142653609887
BAD 142573408363
BAD 142653905957
BAD 142653905959
BAD 142653905963
BAD 142573721267
BAD 142573721299
BAD 142653941203
BAD 142654407421
BAD 142574605981
BAD 142654707289
BAD 142654857679
BAD 142574895923
BAD 142575050243
BAD 142655209069
BAD 142575230071
BAD 142655597323
BAD 142655602121
BAD 142655602129
BAD 142575654289
BAD 142575822091
BAD 142656498857
BAD 142656498863
BAD 142656769991
BAD 142656769993
BAD 142576723573
BAD 142576893727
BAD 142657134019
BAD 142577253703
BAD 142657777751
BAD 142657777753
BAD 142657777763
BAD 142577354497
BAD 142577354501
BAD 142577354503
BAD 142577655991
BAD 142577847053
BAD 142578195593
BAD 142658846809
BAD 142578198913
BAD 142578299887
BAD 142578437941
BAD 142659141659
BAD 142659141661
BAD 142659141673
BAD 142659141679
BAD 142659141683
BAD 142578626761
BAD 142578682579
BAD 142659349933
BAD 142659399709
BAD 142659399713
BAD 142659399739
BAD 142579165879
BAD 142579176563
BAD 142659756331
BAD 142579510343
BAD 142579510349
BAD 142579510363
BAD 142659963799
BAD 142659974143
BAD 142659974147
BAD 142660112401
BAD 142660112407
BAD 142579779079
BAD 142660742407
BAD 142660748641
BAD 142660917211
BAD 142580179853
BAD 142580243747
BAD 142580243749
BAD 142580243753
BAD 142580601073
BAD 142661625233
BAD 142580800471
BAD 142581012571
BAD 142581127127
BAD 142581556993
BAD 142662262213
BAD 142662361003
BAD 142582121453
BAD 142550643119
BAD 142550678617
BAD 142582330243
BAD 142550949001
BAD 142662929131
BAD 142662929141
BAD 142582896629
BAD 142663088611
BAD 142551609847
BAD 142583039509
BAD 142583122819
BAD 142551745913
BAD 142663267507
BAD 142663267583
BAD 142583323709
BAD 142583391683
BAD 142663604371
BAD 142552440769
BAD 142552440773
BAD 142552440787
BAD 142552440791
BAD 142583556013
BAD 142583556061
BAD 142583556067
BAD 142663818239
BAD 142663937231
BAD 142663937233
BAD 142663937267
BAD 142663937281
BAD 142663968301
BAD 142663968323
BAD 142663968331
BAD 142664259713
BAD 142553054881
BAD 142553394143
BAD 142664802277
BAD 142664802283
BAD 142553871931
BAD 142553871937
BAD 142553871947
BAD 142664888299
BAD 142553997293
BAD 142665050089
BAD 142554312751
BAD 142554312757
BAD 142554325393
BAD 142554325399
BAD 142665256103
BAD 142554693187
BAD 142665256109
BAD 142554693199
BAD 142667730151
BAD 142665570679
BAD 142665570683
BAD 142665570689
BAD 142665936299
BAD 142668192239
BAD 142555526779
BAD 142555526783
BAD 142555526843
BAD 142555526851
BAD 142555526857
BAD 142555526863
BAD 142555600813
BAD 142666238941
BAD 142666286333
BAD 142666286363
BAD 142668431783
BAD 142666390609
BAD 142668582751
BAD 142668582761
BAD 142668582769
BAD 142666577101
BAD 142666577107
BAD 142668850861
BAD 142668850867
BAD 142668850871
BAD 142668850873
BAD 142666738787
BAD 142556089309
BAD 142668888883
BAD 142669059677
BAD 142669183651
BAD 142669184003
BAD 142556311099
BAD 142667238871
BAD 142667275973
BAD 142669586737
BAD 142669586743
BAD 142556555803
BAD 142556555807
BAD 142556555809
BAD 142556555821
BAD 142667428223
BAD 142667428229
BAD 142667428231
BAD 142667533577
BAD 142667533579
BAD 142669942733
BAD 142670009543
BAD 142557113849
BAD 142670475601
BAD 142670498461
BAD 142670502683
BAD 142557421613
BAD 142557468797
BAD 142557468799
BAD 142557822443
BAD 142684834847
BAD 142684834849
BAD 142684834871
BAD 142685192203
BAD 142558126709
BAD 142685192233
BAD 142685195333
BAD 142685195353
BAD 142685195357
BAD 142672657093
BAD 142672773079
BAD 142672773083
BAD 142672773143
BAD 142685651687
BAD 142673142607
BAD 142685725069
BAD 142673638829
BAD 142673638831
BAD 142685891191
BAD 142685891197
BAD 142673834671
BAD 142674537541
BAD 142674542587
BAD 142686605729
BAD 142686605731
BAD 142687074169
BAD 142687159033
BAD 142687159037
BAD 142687159039
BAD 142675267373
BAD 142675395077
BAD 142687663777
BAD 142687663793
BAD 142687912799
BAD 142688228261
BAD 142688359519
BAD 142688359523
BAD 142688695537
BAD 142688695559
BAD 142688695561
BAD 142560442333
BAD 142560442337
BAD 142675800781
BAD 142675832111
BAD 142675832113
BAD 142675832129
BAD 142676101591
BAD 142676104771
BAD 142676136751
BAD 142689259459
BAD 142689259463
BAD 142689306901
BAD 142676763833
BAD 142689513451
BAD 142689513457
BAD 142677054661
BAD 142677133003
BAD 142689846931
BAD 142677272561
BAD 142690136353
BAD 142690647529
BAD 142678353511
BAD 142678353557
BAD 142690884913
BAD 142691039599
BAD 142691298331
BAD 142691325037
BAD 142691325043
BAD 142691359003
BAD 142691381743
BAD 142678737059
BAD 142691681653
BAD 142678778873
BAD 142691922523
BAD 142692079883
BAD 142692576683
BAD 142692736801
BAD 142692736807
BAD 142693133543
BAD 142693133551
BAD 142678935433
BAD 142679531117
BAD 142679531119
BAD 142680159289
BAD 142680482803
BAD 142680496547
BAD 142680496549
BAD 142560701651
BAD 142560701653
BAD 142694062403
BAD 142680727853
BAD 142680727859
BAD 142694068763
BAD 142694068771
BAD 142680818957
BAD 142680837331
BAD 142680837349
BAD 142680837353
BAD 142561118779
BAD 142561118783
BAD 142681025843
BAD 142694567371
BAD 142694948707
BAD 142695024343
BAD 142695030523
BAD 142695030529
BAD 142561703899
BAD 142561703903
BAD 142561703929
BAD 142561703941
BAD 142695205669
BAD 142695205673
BAD 142695260509
BAD 142695560363
BAD 142695611321
BAD 142695611323
BAD 142695611329
BAD 142695916819
BAD 142695916823
BAD 142696061723
BAD 142696082491
BAD 142696082497
BAD 142696215523
BAD 142696275949
BAD 142696288153
BAD 142696288157
BAD 142696288159
BAD 142562561941
BAD 142562568877
BAD 142696615771
BAD 142696615777
BAD 142696615793
BAD 142696634963
BAD 142681259393
BAD 142681259407
BAD 142696737751
BAD 142562833747
BAD 142681469869
BAD 142681469873
BAD 142696984069
BAD 142696996733
BAD 142563154133
BAD 142682144791
BAD 142682240251
BAD 142563477103
BAD 142563477107
BAD 142563477109
BAD 142682495419
BAD 142682690639
BAD 142682690641
BAD 142682690653
BAD 142564459927
BAD 142564491583
BAD 142682877619
BAD 142682909669
BAD 142682909671
BAD 142564883411
BAD 142564883413
BAD 142683577963
BAD 142565409713
BAD 142698622711
BAD 142698645601
BAD 142699160809
BAD 142699349147
BAD 142699526071
BAD 142700040451
BAD 142700289943
BAD 142700289947
BAD 142700289971
BAD 142700836193
BAD 142700836199
BAD 142700904653
BAD 142566157291
BAD 142566416851
BAD 142566569669
BAD 142566903707
BAD 142566903709
BAD 142718033509
BAD 142718033519
BAD 142718558069
BAD 142718558071
BAD 142718650553
BAD 142718847781
BAD 142719239503
BAD 142719239513
BAD 142719239527
BAD 142719455971
BAD 142719747691
BAD 142720009349
BAD 142720009351
BAD 142720453723
BAD 142720453727
BAD 142720606163
BAD 142721128523
BAD 142721131879
BAD 142721148001
BAD 142721148007
BAD 142721148019
BAD 142721148023
BAD 142722144529
BAD 142722447349
BAD 142722624179
BAD 142722624181
BAD 142722790303
BAD 142723343629
BAD 142723613971
BAD 142724058109
BAD 142724058143
BAD 142724058151
BAD 142724058157
BAD 142724097697
BAD 142724303123
BAD 142724440447
BAD 142724440451
BAD 142724440459
BAD 142724540131
BAD 142725567331
BAD 142725567443
BAD 142725567451
BAD 142725567469
BAD 142725567473
BAD 142726349993
BAD 142726941199
BAD 142727006033
BAD 142727006041
BAD 142727006047
BAD 142727371117
BAD 142727717779
BAD 142728152603
BAD 142729079897
BAD 142729288651
BAD 142729559029
BAD 142729559033
BAD 142729639607
BAD 142729639609
BAD 142729938193
BAD 142729938217
BAD 142730015699
BAD 142734872647
BAD 142735450423
BAD 142735833241
BAD 142735833293
BAD 142735912973
BAD 142735912981
BAD 142737161789
BAD 142737847951
BAD 142737966467
BAD 142738334329
BAD 142738376453
BAD 142738663247
BAD 142739547623
BAD 142731201383
BAD 142731773851
BAD 142732289543
BAD 142732417109
BAD 142732417111
BAD 142732505857
BAD 142732714987
BAD 142733038993
BAD 142733165819
BAD 142733165821
BAD 142733173249
BAD 142733173259
BAD 142733564069
BAD 142733801893
BAD 142733918777
BAD 142733918839
BAD 142734105827
BAD 142734625549
BAD 142734642139
BAD 142739901751
BAD 142741245811
BAD 142741245817
BAD 142741569259
BAD 142741685239
BAD 142741685243
BAD 142741708741
BAD 142742069417
BAD 142742069419
BAD 142742442827
BAD 142742442833
BAD 142742610547
BAD 142742610551
BAD 142742737789
BAD 142742977561
BAD 142742977571
BAD 142743053611
BAD 142743053617
BAD 142743196763
BAD 142743196777
BAD 142743196823
BAD 142743390919
BAD 142743589531
BAD 142743589537
BAD 142743840101
BAD 142743840103
BAD 142701200549
BAD 142744609523
BAD 142744609531
BAD 142701386593
BAD 142701386603
BAD 142701386609
BAD 142701451861
BAD 142745045923
BAD 142745278969
BAD 142745431069
BAD 142745820863
BAD 142745820871
BAD 142702128377
BAD 142702128379
BAD 142702128391
BAD 142746683633
BAD 142702850483
BAD 142747162009
BAD 142747162021
BAD 142703318843
BAD 142703318851
BAD 142747360003
BAD 142747897319
BAD 142747897321
BAD 142704463487
BAD 142748173039
BAD 142704598537
BAD 142704644281
BAD 142748329463
BAD 142748329531
BAD 142704686093
BAD 142748629411
BAD 142748629433
BAD 142748654731
BAD 142748654761
BAD 142748654791
BAD 142704925163
BAD 142705243181
BAD 142705243183
BAD 142705243189
BAD 142705597681
BAD 142705597693
BAD 142749751909
BAD 142749751913
BAD 142750040401
BAD 142750040413
BAD 142750051373
BAD 142750126399
BAD 142705889869
BAD 142705889873
BAD 142705971479
BAD 142705971481
BAD 142750332941
BAD 142750332943
BAD 142750332947
BAD 142706746921
BAD 142706784373
BAD 142750884931
BAD 142707489091
BAD 142708595179
BAD 142709022373
BAD 142709123731
BAD 142709123737
BAD 142709793833
BAD 142709890249
BAD 142710629129
BAD 142711004281
BAD 142711004287
BAD 142711039217
BAD 142711039223
BAD 142711039249
BAD 142711039253
BAD 142711611023
BAD 142711782097
BAD 142711797757
BAD 142712011067
BAD 142712011069
BAD 142712011073
BAD 142712049763
BAD 142752039071
BAD 142712563879
BAD 142712678839
BAD 142712678881
BAD 142712724391
BAD 142712724409
BAD 142713018523
BAD 142713142207
BAD 142713142211
BAD 142713142213
BAD 142713147779
BAD 142713147781
BAD 142753244351
BAD 142753244353
BAD 142713475651
BAD 142753359269
BAD 142753514543
BAD 142753611163
BAD 142753611173
BAD 142753611211
BAD 142713529793
BAD 142754124991
BAD 142754281937
BAD 142754281939
BAD 142754286223
BAD 142754286229
BAD 142754674973
BAD 142754727499
BAD 142754727503
BAD 142714370741
BAD 142714538089
BAD 142754872069
BAD 142714616689
BAD 142714708547
BAD 142755299419
BAD 142755376703
BAD 142714826363
BAD 142755507809
BAD 142755507823
BAD 142755704453
BAD 142755704459
BAD 142755704461
BAD 142755704473
BAD 142755704479
BAD 142715182111
BAD 142715182117
BAD 142715531423
BAD 142715584387
BAD 142715584423
BAD 142715749763
BAD 142715850097
BAD 142715850107
BAD 142715864033
BAD 142716342157
BAD 142716974063
BAD 142716974069
BAD 142755918307
BAD 142756082587
BAD 142756530601
BAD 142756530611
BAD 142756530613
BAD 142756530619
BAD 142756632937
BAD 142756632947
BAD 142757122129
BAD 142757492629
BAD 142757668343
BAD 142758039527
BAD 142759351027
BAD 142759353197
BAD 142759353199
BAD 142759353203
BAD 142759564069
BAD 142759837093
BAD 142760011501
BAD 142760011507
BAD 142760033519
BAD 142760033543
BAD 142760033551
BAD 142760033557
BAD 142760746927
BAD 142761225683
BAD 142761358321
BAD 142761423971
BAD 142762977983
BAD 142762977989
BAD 142763212387
BAD 142763296913
BAD 142763296919
BAD 142801877753
BAD 142801937297
BAD 142764148801
BAD 142764499819
BAD 142764538339
BAD 142802407381
BAD 142802625047
BAD 142803011983
BAD 142803011993
BAD 142803477857
BAD 142803747161
BAD 142803841601
BAD 142803945883
BAD 142804032521
BAD 142765015417
BAD 142804769153
BAD 142765733507
BAD 142765733527
BAD 142766368831
BAD 142766368841
BAD 142766468153
BAD 142766468161
BAD 142768046299
BAD 142768184659
BAD 142805214173
BAD 142805214179
BAD 142806949853
BAD 142807904257
BAD 142808078839
BAD 142808266231
BAD 142808805049
BAD 142809206737
BAD 142809206899
BAD 142809206927
BAD 142809924679
BAD 142809924683
BAD 142809924689
BAD 142809924709
BAD 142809924743
BAD 142809924757
BAD 142810089049
BAD 142810089053
BAD 142810089067
BAD 142810109633
BAD 142810307917
BAD 142810761091
BAD 142810875143
BAD 142811221823
BAD 142811541053
BAD 142811699809
BAD 142812360289
BAD 142813157897
BAD 142813157899
BAD 142813555957
BAD 142813555967
BAD 142813555979
BAD 142813640423
BAD 142813888627
BAD 142814178649
BAD 142814178653
BAD 142814260349
BAD 142814260357
BAD 142814360893
BAD 142819184513
BAD 142821454411
BAD 142822218079
BAD 142822728833
BAD 142823243363
BAD 142814567893
BAD 142814567899
BAD 142814567911
BAD 142814575081
BAD 142823753459
BAD 142823753461
BAD 142814781103
BAD 142814834671
BAD 142824128639
BAD 142824128701
BAD 142824130387
BAD 142824130451
BAD 142824130459
BAD 142824392497
BAD 142824392507
BAD 142824392509
BAD 142815406871
BAD 142815406873
BAD 142815406883
BAD 142815418223
BAD 142815418247
BAD 142815418279
BAD 142825131247
BAD 142816181839
BAD 142816181843
BAD 142825218043
BAD 142825218049
BAD 142825226371
BAD 142825315133
BAD 142816392091
BAD 142816432519
BAD 142825487633
BAD 142816584949
BAD 142825633921
BAD 142825992163
BAD 142826095781
BAD 142826132633
BAD 142816990193
BAD 142817181869
BAD 142817212171
BAD 142817274011
BAD 142817274013
BAD 142826886383
BAD 142826886413
BAD 142817661439
BAD 142817661449
BAD 142818120547
BAD 142827765259
BAD 142827765263
BAD 142818359993
BAD 142818429121
BAD 142818429133
BAD 142829114069
BAD 142829242741
BAD 142829492371
BAD 142829785643
BAD 142829807143
BAD 142829981191
BAD 142830486941
BAD 142830794591
BAD 142768281457
BAD 142768299803
BAD 142831767511
BAD 142768719113
BAD 142832831993
BAD 142769762383
BAD 142769809043
BAD 142769850733
BAD 142769990071
BAD 142769990089
BAD 142769990123
BAD 142834229753
BAD 142834229773
BAD 142834229833
BAD 142834229899
BAD 142771129103
BAD 142771129129
BAD 142771129133
BAD 142771232993
BAD 142771233133
BAD 142771233139
BAD 142771393129
BAD 142771462789
BAD 142771462793
BAD 142834752293
BAD 142771904843
BAD 142772169949
BAD 142772169959
BAD 142772169961
BAD 142772737553
BAD 142773031637
BAD 142773246829
BAD 142773284063
BAD 142773284077
BAD 142773284081
BAD 142773356183
BAD 142773439409
BAD 142773439411
BAD 142773565897
BAD 142773565903
BAD 142773753361
BAD 142773936119
BAD 142773936121
BAD 142774120147
BAD 142774739593
BAD 142774892501
BAD 142774892521
BAD 142775037893
BAD 142775077969
BAD 142775231113
BAD 142775554057
BAD 142775601121
BAD 142775662597
BAD 142776257653
BAD 142776391949
BAD 142776391951
BAD 142776391957
BAD 142776391963
BAD 142776482063
BAD 142776671897
BAD 142776671899
BAD 142776763127
BAD 142776763133
BAD 142776763141
BAD 142776763153
BAD 142776763187
BAD 142776763189
BAD 142776873859
BAD 142776873881
BAD 142777646807
BAD 142777814329
BAD 142778094031
BAD 142778242721
BAD 142778242723
BAD 142778242727
BAD 142778242729
BAD 142779550063
BAD 142835569579
BAD 142781116507
BAD 142781250589
BAD 142781250593
BAD 142781252693
BAD 142781252813
BAD 142781252827
BAD 142781651807
BAD 142781651809
BAD 142781688563
BAD 142781688571
BAD 142836048533
BAD 142781886127
BAD 142836510877
BAD 142836528871
BAD 142836528881
BAD 142836528883
BAD 142836528889
BAD 142782203701
BAD 142837137943
BAD 142782531019
BAD 142782565117
BAD 142837516729
BAD 142782618841
BAD 142837516733
BAD 142837562953
BAD 142782873271
BAD 142782873293
BAD 142838032903
BAD 142838549213
BAD 142838802593
BAD 142839110867
BAD 142839110881
BAD 142839110903
BAD 142839164527
BAD 142839764981
BAD 142840202599
BAD 142841266171
BAD 142841266189
BAD 142841266261
BAD 142841360237
BAD 142841360239
BAD 142841881789
BAD 142842094651
BAD 142842121091
BAD 142844666413
BAD 142844687933
BAD 142844990063
BAD 142845250423
BAD 142845677753
BAD 142845755911
BAD 142846176469
BAD 142846258253
BAD 142846258259
BAD 142846468189
BAD 142846703843
BAD 142846790377
BAD 142847108281
BAD 142847147809
BAD 142847147813
BAD 142847147819
BAD 142847147827
BAD 142847229761
BAD 142847547637
BAD 142848078623
BAD 142848170191
BAD 142848225811
BAD 142848562009
BAD 142848674399
BAD 142848777059
BAD 142848903499
BAD 142848903503
BAD 142849502053
BAD 142849502101
BAD 142849587761
BAD 142849758383
BAD 142849758391
BAD 142850194639
BAD 142850691481
BAD 142850915813
BAD 142850935289
BAD 142850935291
BAD 142850935303
BAD 142851234661
BAD 142785115763
BAD 142851234667
BAD 142785385447
BAD 142785400441
BAD 142786078759
BAD 142786260013
BAD 142786609817
BAD 142902940133
BAD 142903076027
BAD 142787130511
BAD 142903242023
BAD 142787778169
BAD 142787815283
BAD 142787815297
BAD 142787939057
BAD 142787939059
BAD 142788267199
BAD 142788267203
BAD 142903985251
BAD 142904066917
BAD 142788581513
BAD 142788927811
BAD 142788997513
BAD 142788997517
BAD 142788997529
BAD 142904772007
BAD 142789644421
BAD 142789990793
BAD 142790032267
BAD 142790588623
BAD 142907033699
BAD 142907095369
BAD 142907224571
BAD 142907224573
BAD 142907327309
BAD 142791796339
BAD 142791796351
BAD 142908496831
BAD 142791898831
BAD 142791939083
BAD 142791939091
BAD 142792161469
BAD 142792541911
BAD 142909260679
BAD 142909327607
BAD 142909327609
BAD 142792898719
BAD 142792964233
BAD 142793082763
BAD 142909458589
BAD 142909458599
BAD 142909555421
BAD 142909555423
BAD 142909845839
BAD 142793541019
BAD 142793691923
BAD 142910342723
BAD 142794023063
BAD 142794023069
BAD 142794023083
BAD 142852353781
BAD 142911624553
BAD 142869516467
BAD 142911624563
BAD 142794023093
BAD 142869516487
BAD 142911624619
BAD 142869516497
BAD 142911624623
BAD 142794101609
BAD 142794101617
BAD 142852450163
BAD 142911689273
BAD 142869631741
BAD 142869631747
BAD 142911783923
BAD 142869785393
BAD 142852632301
BAD 142852632319
BAD 142912007701
BAD 142870282007
BAD 142912120999
BAD 142912121029
BAD 142912121047
BAD 142794500461
BAD 142912240697
BAD 142912377683
BAD 142912531571
BAD 142912531577
BAD 142912531579
BAD 142871028767
BAD 142912531583
BAD 142853327389
BAD 142912580779
BAD 142794806333
BAD 142871138581
BAD 142871254963
BAD 142871254969
BAD 142795042939
BAD 142871571181
BAD 142795256377
BAD 142871631037
BAD 142795489537
BAD 142853750491
BAD 142872142249
BAD 142913306351
BAD 142796055691
BAD 142872811259
BAD 142872811261
BAD 142872919759
BAD 142873002599
BAD 142873063147
BAD 142873145843
BAD 142854346133
BAD 142854373309
BAD 142796371463
BAD 142854517513
BAD 142854557773
BAD 142854571553
BAD 142796597063
BAD 142854865651
BAD 142873647173
BAD 142873663687
BAD 142873663693
BAD 142854992627
BAD 142855012679
BAD 142855012681
BAD 142855012687
BAD 142855012711
BAD 142796672533
BAD 142873821271
BAD 142796751829
BAD 142874013497
BAD 142855336321
BAD 142796862227
BAD 142796862233
BAD 142874059763
BAD 142874130719
BAD 142855528507
BAD 142855551913
BAD 142797044297
BAD 142855822831
BAD 142874475823
BAD 142855929263
BAD 142855937239
BAD 142855937243
BAD 142855942093
BAD 142856137607
BAD 142856160851
BAD 142856160859
BAD 142874936483
BAD 142913938159
BAD 142856160883
BAD 142856160907
BAD 142913938163
BAD 142914203329
BAD 142856666509
BAD 142914394079
BAD 142856785663
BAD 142856798113
BAD 142875555863
BAD 142856923907
BAD 142914657517
BAD 142857068129
BAD 142857068131
BAD 142914763423
BAD 142875850373
BAD 142876005301
BAD 142914962173
BAD 142857408481
BAD 142857505673
BAD 142857505697
BAD 142857505699
BAD 142876280453
BAD 142876280461
BAD 142858037899
BAD 142915542493
BAD 142876658923
BAD 142915653553
BAD 142915750387
BAD 142797435863
BAD 142797653959
BAD 142797653963
BAD 142877918023
BAD 142877918033
BAD 142877960053
BAD 142878196003
BAD 142878270217
BAD 142878385109
BAD 142878512213
BAD 142916343701
BAD 142916367509
BAD 142916367511
BAD 142916475917
BAD 142798539187
BAD 142798539217
BAD 142879040797
BAD 142798639043
BAD 142798788577
BAD 142798788589
BAD 142798788593
BAD 142798788599
BAD 142798788641
BAD 142916660221
BAD 142916660231
BAD 142916660233
BAD 142916716253
BAD 142879425397
BAD 142879425407
BAD 142799340511
BAD 142799340521
BAD 142859753783
BAD 142879944173
BAD 142799418767
BAD 142880009417
BAD 142880009423
BAD 142860138511
BAD 142799585449
BAD 142860263131
BAD 142880193949
BAD 142880193959
BAD 142880193961
BAD 142860398453
BAD 142799784013
BAD 142880415499
BAD 142880415529
BAD 142880415533
BAD 142800183397
BAD 142800183401
BAD 142800183403
BAD 142880889223
BAD 142881088717
BAD 142860858739
BAD 142860858743
BAD 142860862453
BAD 142860862457
BAD 142860862519
BAD 142860862523
BAD 142860929483
BAD 142860929489
BAD 142860929507
BAD 142881380461
BAD 142917004961
BAD 142860929509
BAD 142860929527
BAD 142860929531
BAD 142917004963
BAD 142917004987
BAD 142917004991
BAD 142917091321
BAD 142881521149
BAD 142881598889
BAD 142881598891
BAD 142881617807
BAD 142861396291
BAD 142861442903
BAD 142917953933
BAD 142882017997
BAD 142882018001
BAD 142882018003
BAD 142882018033
BAD 142918173113
BAD 142918183957
BAD 142918183963
BAD 142861730423
BAD 142918530463
BAD 142862063101
BAD 142918936333
BAD 142882508491
BAD 142882508543
BAD 142862328979
BAD 142800476683
BAD 142882573259
BAD 142862328991
BAD 142862328997
BAD 142862329039
BAD 142800755941
BAD 142883217611
BAD 142883371307
BAD 142883371333
BAD 142883661961
BAD 142884869783
BAD 142884869791
BAD 142884912647
BAD 142884912649
BAD 142885281841
BAD 142885281853
BAD 142885281859
BAD 142862706463
BAD 142862706499
BAD 142862706509
BAD 142862739037
BAD 142862739059
BAD 142862739101
BAD 142862739139
BAD 142885668223
BAD 142863341851
BAD 142863459119
BAD 142864380023
BAD 142864380031
BAD 142864610363
BAD 142885754657
BAD 142885754659
BAD 142865454223
BAD 142886066549
BAD 142886066551
BAD 142865749231
BAD 142865961871
BAD 142865966449
BAD 142865966459
BAD 142866429617
BAD 142866429619
BAD 142886685911
BAD 142886685913
BAD 142886685917
BAD 142887500489
BAD 142887500491
BAD 142887508217
BAD 142887508219
BAD 142887716693
BAD 142867207459
BAD 142867207463
BAD 142867469057
BAD 142867469089
BAD 142888165187
BAD 142867704923
BAD 142888606859
BAD 142867892443
BAD 142867892449
BAD 142888825231
BAD 142888825241
BAD 142867930679
BAD 142888825243
BAD 142867978049
BAD 142888914071
BAD 142889065073
BAD 142889065079
BAD 142868431723
BAD 142868578873
BAD 142890007457
BAD 142890007459
BAD 142890479471
BAD 142891074923
BAD 142891081919
BAD 142891142477
BAD 142892823023
BAD 142892858893
BAD 142892858897
BAD 142892858903
BAD 142892995913
BAD 142893002201
BAD 142868835973
BAD 142868835979
BAD 142893386359
BAD 142893386369
BAD 142893386371
BAD 142893455923
BAD 142893591283
BAD 142893762589
BAD 142894060063
BAD 142894571581
BAD 142894571587
BAD 142894571591
BAD 142894571593
BAD 142894571623
BAD 142894571647
BAD 142895184941
BAD 142895271481
BAD 142895271487
BAD 142895393723
BAD 142896261841
BAD 142896296591
BAD 142896296593
BAD 142896296597
BAD 142896454783
BAD 142896454793
BAD 142896454801
BAD 142896565531
BAD 142896811553
BAD 142896811559
BAD 142896850039
BAD 142896850043
BAD 142896928159
BAD 143003376421
BAD 143003376437
BAD 143003376463
BAD 143003384093
BAD 142897342771
BAD 143004068513
BAD 143004068521
BAD 143004216169
BAD 142897749307
BAD 143004667801
BAD 143004854617
BAD 143004854621
BAD 142898452267
BAD 143005477607
BAD 143005477619
BAD 143005971491
BAD 142899026227
BAD 142899026233
BAD 142899026251
BAD 142899129691
BAD 142899147661
BAD 142899151127
BAD 142899563689
BAD 143006610323
BAD 142899874079
BAD 142899874081
BAD 143006812331
BAD 142899895921
BAD 143007064793
BAD 143007064807
BAD 142900177313
BAD 142900710451
BAD 142900710457
BAD 142952791979
BAD 142900939117
BAD 142952901713
BAD 142901158289
BAD 142901158333
BAD 142901527289
BAD 142901527291
BAD 142901617219
BAD 142901617223
BAD 142901775563
BAD 142901791037
BAD 142901807071
BAD 142902002911
BAD 142902037073
BAD 142902037087
BAD 142954414921
BAD 142902441289
BAD 142902441293
BAD 142902441307
BAD 142902441313
BAD 142902441349
BAD 143007781909
BAD 143007781913
BAD 142987056229
BAD 142955898923
BAD 142987141159
BAD 142987298191
BAD 142956239929
BAD 142956239947
BAD 142956247963
BAD 142956267413
BAD 142987583663
BAD 142987699343
BAD 142956659933
BAD 142988225507
BAD 142956723683
BAD 142988225509
BAD 142988225519
BAD 142988225521
BAD 142988237989
BAD 142988237993
BAD 142956838441
BAD 142956902377
BAD 142956902381
BAD 142988673493
BAD 142957292773
BAD 142988848201
BAD 142988971967
BAD 142988971969
BAD 142989206593
BAD 142957578229
BAD 142957578233
BAD 143036725207
BAD 142957686503
BAD 142957686569
BAD 142989604591
BAD 143036890673
BAD 142989800839
BAD 142989800843
BAD 142958051707
BAD 142989940633
BAD 142989940637
BAD 143037284933
BAD 142958575457
BAD 143037505213
BAD 143037521377
BAD 142958790413
BAD 142959006973
BAD 142992129677
BAD 142959006979
BAD 142992129703
BAD 142992129713
BAD 142959095833
BAD 142959095837
BAD 142959095899
BAD 143037897097
BAD 143038088983
BAD 142992474503
BAD 143038171069
BAD 143038237781
BAD 142992651037
BAD 142992719509
BAD 142959781579
BAD 143038628767
BAD 143038628771
BAD 143038628773
BAD 142919440163
BAD 143038809271
BAD 142960146089
BAD 142992982907
BAD 142919844173
BAD 142919926579
BAD 142960641253
BAD 143039262601
BAD 142920456803
BAD 142993682911
BAD 142920642343
BAD 143040004543
BAD 143008047529
BAD 142993682917
BAD 142993683047
BAD 142993800283
BAD 142920785437
BAD 142920827843
BAD 143040430283
BAD 142994006773
BAD 143008547713
BAD 143008547723
BAD 143008616693
BAD 143008616701
BAD 143040696653
BAD 143008850903
BAD 143008959697
BAD 143009006873
BAD 142994463121
BAD 143040792553
BAD 142921444163
BAD 142994705479
BAD 142994897233
BAD 142994897239
BAD 142921905481
BAD 143041829773
BAD 142995386819
BAD 142995386827
BAD 142922155309
BAD 143009882003
BAD 142960998293
BAD 142922317801
BAD 142995595627
BAD 142922323457
BAD 142922323471
BAD 142922323477
BAD 143009944471
BAD 142922425291
BAD 142922428279
BAD 142922428289
BAD 142961285717
BAD 142961285723
BAD 142922845867
BAD 143010282109
BAD 143010282113
BAD 143010307441
BAD 143010307463
BAD 143010307469
BAD 143010307471
BAD 142961516449
BAD 142923164221
BAD 142923164233
BAD 142923199231
BAD 143010620983
BAD 142923370441
BAD 142961946419
BAD 142961946431
BAD 142961959601
BAD 142961959603
BAD 142961959607
BAD 142996089571
BAD 143010963169
BAD 142996089581
BAD 142996089583
BAD 142961984171
BAD 142961984173
BAD 142925100931
BAD 142925118877
BAD 142925118881
BAD 142925416111
BAD 142996330223
BAD 142962273659
BAD 142962273661
BAD 142925533357
BAD 142996417189
BAD 142925769743
BAD 142925931791
BAD 142925931793
BAD 142962645829
BAD 142926070373
BAD 142962942523
BAD 143012033999
BAD 142997147609
BAD 142926648049
BAD 142963582921
BAD 142963582933
BAD 142963582939
BAD 142963582943
BAD 142926872093
BAD 143012854549
BAD 142927168231
BAD 143042115967
BAD 143012854553
BAD 143012854561
BAD 142997903903
BAD 143042115971
BAD 143012942557
BAD 142998014311
BAD 142927328209
BAD 142927656149
BAD 142927733657
BAD 142927733659
BAD 142998511009
BAD 142998511013
BAD 143042896327
BAD 143042904383
BAD 142998666323
BAD 142998666389
BAD 143013411743
BAD 143013411767
BAD 143043064159
BAD 143043139417
BAD 143043139441
BAD 142998928931
BAD 142998928973
BAD 142998928981
BAD 142928273881
BAD 142928396227
BAD 142928443741
BAD 142999173677
BAD 143044082963
BAD 142928643283
BAD 143014264579
BAD 142999173679
BAD 142999243253
BAD 143044198177
BAD 142928788007
BAD 143044349893
BAD 143044349909
BAD 143044349911
BAD 143044405729
BAD 143044405733
BAD 142999458397
BAD 142929007693
BAD 142999624037
BAD 142999624039
BAD 142929029401
BAD 142929029407
BAD 143014631567
BAD 143014631569
BAD 142999920643
BAD 143015094413
BAD 143015120713
BAD 143000229683
BAD 142929840931
BAD 142929951559
BAD 143015491673
BAD 143000864191
BAD 142930268809
BAD 143000948473
BAD 142930308743
BAD 143019937903
BAD 143046060107
BAD 143000948521
BAD 143015994643
BAD 143000948527
BAD 143046060109
BAD 142930321021
BAD 142937164057
BAD 142937169773
BAD 142937169779
BAD 142937281969
BAD 142937281973
BAD 142930520179
BAD 143020263121
BAD 142930686979
BAD 143046389881
BAD 143046389887
BAD 142930723343
BAD 143016498649
BAD 143001561289
BAD 143020723411
BAD 142938059413
BAD 142938059417
BAD 142938059419
BAD 142938059447
BAD 142938059449
BAD 142938059461
BAD 142938177469
BAD 143001791189
BAD 143020942093
BAD 143017142269
BAD 143047072621
BAD 142938917243
BAD 143017142273
BAD 143020942111
BAD 143047072673
BAD 143047241671
BAD 142939252363
BAD 143002088557
BAD 143017526573
BAD 143017526593
BAD 143017526599
BAD 143017647659
BAD 143017664701
BAD 143002259063
BAD 143047476647
BAD 143047476653
BAD 142932317839
BAD 142932317863
BAD 143021349421
BAD 143047537313
BAD 143047608637
BAD 143047608643
BAD 143047639687
BAD 143021602733
BAD 143021665253
BAD 142932752597
BAD 143017828423
BAD 143017828439
BAD 143017828441
BAD 142940439679
BAD 143002729411
BAD 143048145223
BAD 142934072849
BAD 143022283463
BAD 142934072851
BAD 142934072867
BAD 142934072873
BAD 143022283471
BAD 143048160121
BAD 142940500771
BAD 143017919071
BAD 143002876129
BAD 143048300053
BAD 142940686643
BAD 143003016917
BAD 143003016931
BAD 143048426047
BAD 143048426057
BAD 142940893429
BAD 142940893439
BAD 142940893441
BAD 142934542627
BAD 143022718711
BAD 143022777241
BAD 143018378647
BAD 143018387543
BAD 143048777257
BAD 143048819297
BAD 143048819299
BAD 143018959313
BAD 142941787913
BAD 143023094329
BAD 143018959319
BAD 143048819339
BAD 143048819341
BAD 142941787969
BAD 142941805801
BAD 143023225913
BAD 142935214927
BAD 143048978887
BAD 143048978893
BAD 143019117433
BAD 143019174743
BAD 143019174751
BAD 143049098063
BAD 143049098173
BAD 142942255327
BAD 143019288241
BAD 143019288263
BAD 143019288301
BAD 143023673791
BAD 142935696443
BAD 143019447863
BAD 143023875019
BAD 143023875031
BAD 143019516721
BAD 142963855933
BAD 143024268733
BAD 143024549599
BAD 143049834377
BAD 143070450323
BAD 143024549611
BAD 143024549639
BAD 143024549641
BAD 143050046813
BAD 143050046857
BAD 143024770727
BAD 143024770729
BAD 142964693009
BAD 142964761259
BAD 143071124437
BAD 142965023659
BAD 142965023671
BAD 143025108911
BAD 143025108913
BAD 143025138353
BAD 142943666911
BAD 143025197299
BAD 143025197311
BAD 143025236069
BAD 143025236071
BAD 143050545527
BAD 143050545529
BAD 143050571903
BAD 143071637491
BAD 143071637497
BAD 142943905553
BAD 142965609233
BAD 142965609263
BAD 142944701111
BAD 143087417267
BAD 143025477233
BAD 142965609271
BAD 142944701113
BAD 142965609277
BAD 142944701131
BAD 143087417293
BAD 143072656981
BAD 142965844669
BAD 143087653543
BAD 143087653561
BAD 142965999523
BAD 143025702091
BAD 143051585591
BAD 142944945761
BAD 142944945763
BAD 143051620279
BAD 143051620321
BAD 143051633339
BAD 143051633341
BAD 142966407217
BAD 143025963739
BAD 143026200859
BAD 143088262529
BAD 143088262531
BAD 142967001833
BAD 143088449641
BAD 142945664699
BAD 142945678283
BAD 142967363179
BAD 142945678297
BAD 142967363183
BAD 142967363191
BAD 143052442763
BAD 143074149143
BAD 142967471453
BAD 143074215859
BAD 143074215919
BAD 143074215923
BAD 143074215931
BAD 143088899923
BAD 142967609597
BAD 142967748293
BAD 143074500643
BAD 142946134757
BAD 142946134759
BAD 142946134783
BAD 142946134787
BAD 143074564189
BAD 143089263329
BAD 143052858811
BAD 143027141783
BAD 143027141791
BAD 143027209231
BAD 143089803541
BAD 142946874233
BAD 143074828313
BAD 143074828321
BAD 143089985333
BAD 143027502139
BAD 142968534893
BAD 143027622181
BAD 143027622223
BAD 143090155717
BAD 142947485893
BAD 142968748717
BAD 142968748721
BAD 142968925441
BAD 143028054649
BAD 142948103603
BAD 143090648513
BAD 142969524367
BAD 142969524413
BAD 143090723497
BAD 142948516807
BAD 142948516813
BAD 142948516817
BAD 142948516819
BAD 142948574563
BAD 142948574567
BAD 142948574569
BAD 142948574579
BAD 142948574581
BAD 143091068077
BAD 142948803721
BAD 143091127489
BAD 143091127493
BAD 143091141079
BAD 142970283691
BAD 143028684619
BAD 142970283697
BAD 143076489019
BAD 143076489029
BAD 142949938141
BAD 142949938171
BAD 142971120221
BAD 142971120223
BAD 142971120233
BAD 142971120269
BAD 142971289523
BAD 143076802123
BAD 143076802129
BAD 143092006373
BAD 143029667689
BAD 142950829471
BAD 142971594853
BAD 142971594919
BAD 142971657889
BAD 142971657893
BAD 142951033397
BAD 142971932743
BAD 142971932749
BAD 143092471651
BAD 143092481111
BAD 142972038193
BAD 142972038197
BAD 142951406141
BAD 142951406149
BAD 143077289543
BAD 142972164373
BAD 143030304889
BAD 143092876181
BAD 143092876183
BAD 143092876189
BAD 143092876193
BAD 142972348039
BAD 142972366321
BAD 143030745521
BAD 142972806733
BAD 142972806737
BAD 143030910443
BAD 142972877059
BAD 143077741981
BAD 142952539447
BAD 142952539523
BAD 142952539553
BAD 143077826833
BAD 142952753063
BAD 142952753081
BAD 142952753087
BAD 142952753089
BAD 142973151637
BAD 143093562901
BAD 142973300237
BAD 143093672653
BAD 143078077711
BAD 143078104943
BAD 143078104951
BAD 143078106481
BAD 143031552997
BAD 143078106491
BAD 143078106499
BAD 143031553019
BAD 143031553043
BAD 143031553057
BAD 143031553061
BAD 143031553069
BAD 143031556909
BAD 143031807181
BAD 143078342453
BAD 143094210473
BAD 142974099713
BAD 143094210481
BAD 142974215249
BAD 143094371449
BAD 142974490573
BAD 143094536491
BAD 143078713891
BAD 142974588481
BAD 143078831893
BAD 143078831897
BAD 143078831899
BAD 143078831911
BAD 143053619491
BAD 142974825577
BAD 142974825583
BAD 142974825589
BAD 142974855241
BAD 143032735067
BAD 143032735073
BAD 142975047263
BAD 143095039831
BAD 143054071487
BAD 143054071529
BAD 143032900193
BAD 142975279151
BAD 143032919551
BAD 143032919563
BAD 143054351879
BAD 142975565119
BAD 142975565123
BAD 143054553773
BAD 143054553781
BAD 143054620957
BAD 142975758547
BAD 142975758551
BAD 142975758553
BAD 143033321581
BAD 143033321603
BAD 143033321623
BAD 142975816199
BAD 142975816201
BAD 142975816219
BAD 142975816223
BAD 142975816229
BAD 142975816231
BAD 142975893979
BAD 143080041781
BAD 143095934851
BAD 143080134991
BAD 143055015583
BAD 142976097293
BAD 143080176163
BAD 142976226871
BAD 142976297257
BAD 143033708869
BAD 143055299689
BAD 143055450851
BAD 143033892059
BAD 143033892061
BAD 143033892073
BAD 143034049519
BAD 143034122327
BAD 143055808681
BAD 143080571903
BAD 143034239707
BAD 143055922489
BAD 143080597819
BAD 143080597823
BAD 142976931347
BAD 142976931353
BAD 142976960911
BAD 142976994079
BAD 143080716481
BAD 143080716521
BAD 143080716523
BAD 143056087939
BAD 143056087943
BAD 143056116677
BAD 142977069799
BAD 143034628609
BAD 143096839231
BAD 143080842467
BAD 142977071851
BAD 143034628613
BAD 143056237897
BAD 143096919047
BAD 143096964559
BAD 143056410151
BAD 143056410199
BAD 143056483489
BAD 143097188959
BAD 143097188963
BAD 142977491417
BAD 143081347249
BAD 142977553283
BAD 142977553291
BAD 143056799521
BAD 143056799531
BAD 143056799533
BAD 143056846651
BAD 143056846679
BAD 143056967591
BAD 143056967593
BAD 142977788911
BAD 143057035039
BAD 143081764723
BAD 143035634713
BAD 143081794489
BAD 143097963601
BAD 143081877167
BAD 143057301113
BAD 143081877179
BAD 143081877181
BAD 143036247553
BAD 143036247559
BAD 143098024177
BAD 143057434243
BAD 143098354627
BAD 142977959239
BAD 142977959249
BAD 143058181711
BAD 142978181933
BAD 142978245757
BAD 142978245763
BAD 143058403199
BAD 143058403237
BAD 143098806379
BAD 143098806391
BAD 142978434773
BAD 143058598409
BAD 143058598411
BAD 143098861463
BAD 143082950141
BAD 143082950161
BAD 143058828509
BAD 143058828511
BAD 143058828527
BAD 143058828529
BAD 143058828533
BAD 142979072527
BAD 143099671243
BAD 142979072539
BAD 143058828571
BAD 143083105909
BAD 143099671249
BAD 142979264203
BAD 142979264209
BAD 143099900093
BAD 143059139723
BAD 143099963707
BAD 143099963711
BAD 143059420849
BAD 142979747447
BAD 142979747461
BAD 143059637603
BAD 142980167821
BAD 142980344321
BAD 142980344323
BAD 142980373957
BAD 143083971559
BAD 143083971571
BAD 143083971623
BAD 143083971637
BAD 143084059381
BAD 143084102363
BAD 143084102431
BAD 143084102449
BAD 143084113273
BAD 143084134639
BAD 143100907241
BAD 143061045997
BAD 143084134643
BAD 142981110641
BAD 142981252651
BAD 143084324599
BAD 143084324611
BAD 143084324623
BAD 143084324627
BAD 142981286059
BAD 142981286137
BAD 142981402507
BAD 142981402511
BAD 142981402519
BAD 142981402523
BAD 143084565889
BAD 143084612441
BAD 143084612443
BAD 143084696857
BAD 143084696879
BAD 143061627529
BAD 143061680353
BAD 142981830919
BAD 142981830923
BAD 142982075251
BAD 142982075329
BAD 143101724033
BAD 143101726987
BAD 143101727003
BAD 143085385853
BAD 143062665763
BAD 142982391271
BAD 142982423371
BAD 142982423393
BAD 142982423399
BAD 143062890697
BAD 142982797567
BAD 143063066479
BAD 143085666979
BAD 143086054303
BAD 143063544721
BAD 143086346281
BAD 143086346287
BAD 143086346329
BAD 142983265199
BAD 142983265211
BAD 142983265213
BAD 142983295561
BAD 142983295583
BAD 142983295589
BAD 143086708591
BAD 143064301951
BAD 143064424883
BAD 143101949483
BAD 142983869023
BAD 142983911431
BAD 142983911453
BAD 142983911479
BAD 143064574397
BAD 143064574591
BAD 143102257957
BAD 143064576211
BAD 142984060579
BAD 142984300957
BAD 143065014871
BAD 142985150719
BAD 143103014333
BAD 142985364061
BAD 143103164273
BAD 143103164279
BAD 143103193253
BAD 143103247327
BAD 142985936377
BAD 143066315443
BAD 143066385181
BAD 143066420603
BAD 143066600869
BAD 143067135577
BAD 143067135581
BAD 143067652297
BAD 143067652361
BAD 143067710419
BAD 143067831901
BAD 143068335691
BAD 143068379963
BAD 143068547777
BAD 143068547779
BAD 143069299943
BAD 143069654747
BAD 143069654753
BAD 143069687287
BAD 143070131719
BAD 143070131723
BAD 143103958741
BAD 143103958747
BAD 143103958771
BAD 143103958783
BAD 143104012399
BAD 143104490183
BAD 143105470523
BAD 143105863561
BAD 143105883353
BAD 143106464587
BAD 143106592393
BAD 143106592403
BAD 143106707699
BAD 143107074857
BAD 143107074863
BAD 143107184393
BAD 143107811839
BAD 143107811849
BAD 143107811851
BAD 143108293957
BAD 143108314483
BAD 143108759077
BAD 143108759089
BAD 143108759093
BAD 143108973299
BAD 143109423227
BAD 143109423229
BAD 143109497581
BAD 143109901969
BAD 143109901997
BAD 143110738217
BAD 143110738219
BAD 143111931563
BAD 143112129617
BAD 143112475889
BAD 143113283923
BAD 143113283927
BAD 143113283933
BAD 143113283947
BAD 143113283953
BAD 143113520603
BAD 143114054231
BAD 143114059709
BAD 143114435491
BAD 143114892259
BAD 143115197573
BAD 143115310523
BAD 143115348007
BAD 143115651857
BAD 143115651859
BAD 143115651863
BAD 143115651871
BAD 143115651883
BAD 143115753533
BAD 143116576403
BAD 143117392087
BAD 143119166479
BAD 143119819789
BAD 143119918399
BAD 143120448571
BAD 143120513873
BAD 143121577213
BAD 143122017979
BAD 143122018009
BAD 143122637423
BAD 143122637431
BAD 143170961413
BAD 143171033221
BAD 143122887293
BAD 143171417881
BAD 143171531101
BAD 143123312777
BAD 143123312779
BAD 143171671501
BAD 143171671507
BAD 143171671673
BAD 143123465861
BAD 143172212179
BAD 143172422573
BAD 143124122389
BAD 143124122543
BAD 143124122593
BAD 143124122599
BAD 143124188407
BAD 143124188411
BAD 143124188413
BAD 143124188429
BAD 143172716761
BAD 143172906803
BAD 143124488053
BAD 143173221439
BAD 143124560099
BAD 143124560101
BAD 143124560123
BAD 143173515139
BAD 143173515167
BAD 143173515169
BAD 143125047581
BAD 143174103881
BAD 143174103883
BAD 143174103991
BAD 143174104009
BAD 143137495819
BAD 143137514743
BAD 143137583447
BAD 143174306003
BAD 143137788439
BAD 143138004019
BAD 143126110313
BAD 143175128303
BAD 143175405319
BAD 143175405323
BAD 143126639153
BAD 143138680261
BAD 143138680277
BAD 143175986981
BAD 143175986983
BAD 143175987007
BAD 143127558053
BAD 143139385099
BAD 143175987013
BAD 143175987023
BAD 143139385157
BAD 143139385159
BAD 143176014953
BAD 143127656753
BAD 143139452101
BAD 143139476471
BAD 143139527953
BAD 143139527963
BAD 143139637943
BAD 143139637957
BAD 143176456571
BAD 143176456573
BAD 143176456583
BAD 143139811603
BAD 143139811613
BAD 143139962551
BAD 143176783727
BAD 143176783741
BAD 143176783759
BAD 143140195903
BAD 143140195907
BAD 143140591313
BAD 143140647151
BAD 143127989783
BAD 143127989803
BAD 143128019729
BAD 143177654723
BAD 143128019731
BAD 143128019737
BAD 143140954483
BAD 143128109779
BAD 143128109783
BAD 143141231179
BAD 143141303761
BAD 143141303777
BAD 143141502901
BAD 143141502913
BAD 143141692583
BAD 143178524149
BAD 143178694891
BAD 143178694903
BAD 143178694921
BAD 143142062747
BAD 143142062753
BAD 143142065029
BAD 143142065047
BAD 143128680931
BAD 143128750231
BAD 143128863313
BAD 143179029533
BAD 143129015269
BAD 143129171303
BAD 143129282117
BAD 143142905629
BAD 143179586843
BAD 143179727567
BAD 143143382953
BAD 143179727569
BAD 143179727573
BAD 143179727599
BAD 143143678861
BAD 143180243671
BAD 143130842003
BAD 143180504689
BAD 143143923589
BAD 143143923599
BAD 143143923607
BAD 143180547977
BAD 143180548003
BAD 143131215083
BAD 143143969627
BAD 143143969649
BAD 143143969651
BAD 143143979767
BAD 143143979813
BAD 143144024369
BAD 143144024371
BAD 143131358701
BAD 143131469497
BAD 143154218593
BAD 143144281573
BAD 143144281649
BAD 143181005393
BAD 143131936589
BAD 143131936643
BAD 143132039003
BAD 143181262331
BAD 143132039021
BAD 143155140649
BAD 143181262333
BAD 143144857201
BAD 143155140683
BAD 143144857213
BAD 143144857217
BAD 143144985211
BAD 143155544071
BAD 143132207467
BAD 143145374543
BAD 143132663629
BAD 143132670871
BAD 143132677297
BAD 143133060703
BAD 143156366033
BAD 143156429359
BAD 143156549149
BAD 143156549153
BAD 143156640857
BAD 143156640859
BAD 143182566391
BAD 143156839279
BAD 143134202251
BAD 143146577411
BAD 143146682857
BAD 143146769419
BAD 143157495203
BAD 143157828967
BAD 143147281447
BAD 143157829069
BAD 143157899713
BAD 143157899723
BAD 143183696839
BAD 143158003853
BAD 143158003861
BAD 143158035509
BAD 143158035511
BAD 143158035529
BAD 143158110541
BAD 143184056063
BAD 143184101449
BAD 143184101453
BAD 143158482037
BAD 143184370211
BAD 143184370213
BAD 143148007703
BAD 143184482569
BAD 143184482593
BAD 143184482599
BAD 143148130597
BAD 143158826689
BAD 143158882639
BAD 143158882649
BAD 143158882651
BAD 143158882697
BAD 143158897009
BAD 143159024753
BAD 143159024761
BAD 143159040617
BAD 143148373021
BAD 143159040623
BAD 143185116337
BAD 143185116353
BAD 143185138643
BAD 143185148539
BAD 143185148551
BAD 143148483481
BAD 143148483523
BAD 143148562313
BAD 143148562343
BAD 143185364323
BAD 143185364327
BAD 143148705473
BAD 143148993721
BAD 143159552563
BAD 143149156781
BAD 143149156783
BAD 143185903381
BAD 143159838413
BAD 143159956993
BAD 143159962681
BAD 143160018137
BAD 143186704379
BAD 143150068903
BAD 143186867969
BAD 143186867981
BAD 143150216273
BAD 143187269161
BAD 143150626079
BAD 143161422797
BAD 143161422799
BAD 143150650499
BAD 143150650501
BAD 143150832127
BAD 143135340169
BAD 143135597789
BAD 143135597791
BAD 143135814103
BAD 143135814113
BAD 143161808539
BAD 143151470389
BAD 143136003433
BAD 143136003443
BAD 143136003449
BAD 143151553043
BAD 143151652799
BAD 143162076971
BAD 143136400039
BAD 143136400049
BAD 143136400051
BAD 143152009501
BAD 143136650417
BAD 143162573513
BAD 143162573527
BAD 143162972053
BAD 143162972063
BAD 143137156343
BAD 143163108953
BAD 143163121501
BAD 143152856941
BAD 143153102881
BAD 143153102887
BAD 143153102891
BAD 143153102893
BAD 143153102923
BAD 143153102927
BAD 143153102929
BAD 143153102933
BAD 143153102951
BAD 143163550183
BAD 143164154509
BAD 143164154513
BAD 143164209919
BAD 143164252967
BAD 143164252969
BAD 143164252981
BAD 143164252993
BAD 143164312169
BAD 143164312171
BAD 143164312177
BAD 143164312183
BAD 143164323187
BAD 143153479057
BAD 143153479069
BAD 143153554613
BAD 143154076259
BAD 143164936823
BAD 143165949439
BAD 143165949469
BAD 143166786811
BAD 143166851567
BAD 143166851573
BAD 143167433107
BAD 143167636553
BAD 143167636559
BAD 143167636561
BAD 143167919971
BAD 143168006629
BAD 143170163053
BAD 143170163057
BAD 143170339777
BAD 143170387861
BAD 143170550923
BAD 143170550927
BAD 143170550933
BAD 143170573087
BAD 143170671079
BAD 143170716079
BAD 143170716083
BAD 143204644703
BAD 143204644753
BAD 143204644763
BAD 143204784713
BAD 143204784721
BAD 143205241007
BAD 143205241009
BAD 143205241013
BAD 143205653359
BAD 143205653363
BAD 143205653377
BAD 143205688763
BAD 143206267747
BAD 143206386277
BAD 143206592369
BAD 143206592371
BAD 143188072801
BAD 143188072813
BAD 143206792697
BAD 143206792699
BAD 143188267351
BAD 143206929601
BAD 143188446307
BAD 143207923193
BAD 143207968133
BAD 143208548617
BAD 143208548621
BAD 143208548629
BAD 143208650569
BAD 143208710881
BAD 143208716803
BAD 143208716809
BAD 143189829623
BAD 143209006543
BAD 143209006547
BAD 143190048503
BAD 143190048511
BAD 143209148393
BAD 143190168619
BAD 143190535009
BAD 143190535013
BAD 143255809369
BAD 143256009529
BAD 143256260201
BAD 143190843451
BAD 143256366983
BAD 143256527473
BAD 143256550373
BAD 143256550469
BAD 143256550471
BAD 143256550477
BAD 143256550483
BAD 143191071839
BAD 143191071841
BAD 143256771563
BAD 143191355407
BAD 143256875777
BAD 143256944053
BAD 143191638053
BAD 143191638067
BAD 143257552189
BAD 143257552201
BAD 143192043811
BAD 143192043823
BAD 143258341043
BAD 143258341049
BAD 143192307859
BAD 143238122177
BAD 143238122179
BAD 143192395681
BAD 143209789321
BAD 143259639109
BAD 143192395943
BAD 143259738383
BAD 143260044007
BAD 143193178423
BAD 143193178433
BAD 143193237899
BAD 143193237923
BAD 143260574923
BAD 143260574929
BAD 143210595553
BAD 143193321421
BAD 143193461161
BAD 143193461167
BAD 143193461171
BAD 143260798937
BAD 143193495007
BAD 143193495829
BAD 143193670111
BAD 143261085049
BAD 143261085053
BAD 143210914607
BAD 143261165143
BAD 143210954741
BAD 143210954743
BAD 143210954759
BAD 143211145897
BAD 143261623717
BAD 143261623723
BAD 143211279163
BAD 143194319819
BAD 143194339999
BAD 143194340021
BAD 143194350847
BAD 143194350857
BAD 143261736913
BAD 143194437571
BAD 143194437577
BAD 143194437611
BAD 143194437613
BAD 143194557139
BAD 143211884579
BAD 143211937723
BAD 143262348631
BAD 143262348637
BAD 143262396317
BAD 143262396323
BAD 143195339809
BAD 143195339813
BAD 143195339821
BAD 143213088289
BAD 143213195731
BAD 143213195743
BAD 143213336543
BAD 143213581393
BAD 143213581397
BAD 143213581403
BAD 143213797651
BAD 143214140653
BAD 143214278213
BAD 143238373153
BAD 143214278239
BAD 143214278243
BAD 143196756841
BAD 143196791099
BAD 143196791131
BAD 143196791141
BAD 143196791147
BAD 143196791149
BAD 143196986843
BAD 143196986851
BAD 143196986869
BAD 143197145059
BAD 143238522181
BAD 143238541309
BAD 143214667933
BAD 143214667943
BAD 143238680947
BAD 143238680953
BAD 143214937787
BAD 143238922471
BAD 143215078939
BAD 143215078943
BAD 143215144783
BAD 143215144789
BAD 143215179773
BAD 143239116133
BAD 143239116173
BAD 143215385513
BAD 143197972039
BAD 143215959571
BAD 143239522523
BAD 143239613887
BAD 143198295349
BAD 143239760221
BAD 143239760239
BAD 143239760243
BAD 143216416297
BAD 143240154697
BAD 143240154703
BAD 143198744131
BAD 143198744167
BAD 143240186407
BAD 143198831249
BAD 143240241943
BAD 143199247643
BAD 143217169567
BAD 143199341149
BAD 143199341183
BAD 143199341221
BAD 143199501353
BAD 143240589073
BAD 143217475097
BAD 143217475099
BAD 143217475111
BAD 143217475117
BAD 143240826583
BAD 143217850351
BAD 143217873833
BAD 143200023881
BAD 143241374767
BAD 143241422407
BAD 143241422417
BAD 143241422419
BAD 143241437753
BAD 143218253341
BAD 143200213733
BAD 143241562993
BAD 143241562999
BAD 143200274563
BAD 143200641719
BAD 143200641721
BAD 143241872743
BAD 143218833031
BAD 143218833983
BAD 143218833991
BAD 143218834001
BAD 143218834027
BAD 143218909807
BAD 143218909811
BAD 143242028317
BAD 143242028329
BAD 143242065541
BAD 143242150939
BAD 143242150949
BAD 143242150951
BAD 143201157833
BAD 143201157839
BAD 143201316613
BAD 143219298151
BAD 143242725233
BAD 143263935473
BAD 143219403931
BAD 143219403947
BAD 143219403949
BAD 143219403953
BAD 143264090353
BAD 143264121241
BAD 143242903189
BAD 143219663641
BAD 143219663647
BAD 143264645971
BAD 143243259067
BAD 143243259073
BAD 143243304329
BAD 143243304331
BAD 143243304349
BAD 143243304353
BAD 143243358389
BAD 143264851943
BAD 143265197263
BAD 143265197267
BAD 143265197269
BAD 143265335833
BAD 143220889879
BAD 143220941341
BAD 143220941351
BAD 143265772933
BAD 143221117043
BAD 143221117073
BAD 143266401853
BAD 143244315301
BAD 143244436703
BAD 143244436723
BAD 143244436733
BAD 143201491093
BAD 143201491099
BAD 143201651737
BAD 143266713553
BAD 143201721991
BAD 143201722009
BAD 143201899741
BAD 143244742171
BAD 143244742177
BAD 143202028483
BAD 143202116489
BAD 143244887587
BAD 143244980849
BAD 143202600589
BAD 143245193629
BAD 143245193633
BAD 143245223333
BAD 143245242697
BAD 143202872107
BAD 143267722133
BAD 143245466149
BAD 143245466153
BAD 143203162969
BAD 143268062999
BAD 143203413811
BAD 143246263891
BAD 143221691213
BAD 143203413817
BAD 143203413823
BAD 143246293943
BAD 143203475329
BAD 143203559539
BAD 143222329603
BAD 143246656601
BAD 143222347253
BAD 143246678387
BAD 143246678389
BAD 143222371207
BAD 143222371211
BAD 143222532547
BAD 143204277443
BAD 143204309021
BAD 143222581847
BAD 143222581849
BAD 143222581861
BAD 143222581883
BAD 143222581889
BAD 143222581891
BAD 143268102083
BAD 143268102097
BAD 143268102101
BAD 143222813737
BAD 143268192779
BAD 143222896853
BAD 143222939633
BAD 143268508759
BAD 143268508771
BAD 143222952841
BAD 143268935903
BAD 143223587993
BAD 143247659131
BAD 143247659197
BAD 143269226323
BAD 143269226327
BAD 143224004999
BAD 143224005037
BAD 143224118659
BAD 143247883081
BAD 143247883099
BAD 143224442513
BAD 143224442521
BAD 143247991057
BAD 143247991063
BAD 143269554559
BAD 143224707859
BAD 143224775189
BAD 143248263979
BAD 143224972853
BAD 143225024101
BAD 143225024113
BAD 143248420423
BAD 143248519333
BAD 143269954109
BAD 143225896111
BAD 143270247983
BAD 143226072761
BAD 143248894141
BAD 143226072763
BAD 143248894157
BAD 143248958911
BAD 143270378029
BAD 143270378059
BAD 143270846903
BAD 143226846481
BAD 143226846491
BAD 143226846493
BAD 143227025681
BAD 143270953607
BAD 143271001339
BAD 143271001343
BAD 143271001351
BAD 143227151839
BAD 143227588561
BAD 143250067223
BAD 143271257453
BAD 143271257471
BAD 143227927681
BAD 143250209659
BAD 143228222009
BAD 143228222017
BAD 143228230547
BAD 143228230549
BAD 143228230553
BAD 143228344073
BAD 143228534959
BAD 143250529967
BAD 143250529969
BAD 143250541333
BAD 143250541337
BAD 143250541339
BAD 143250576047
BAD 143250711823
BAD 143250711833
BAD 143250711859
BAD 143228794777
BAD 143228812861
BAD 143228812871
BAD 143228812873
BAD 143250758003
BAD 143228864813
BAD 143228898949
BAD 143228899313
BAD 143229301939
BAD 143229301951
BAD 143229459749
BAD 143229459757
BAD 143251908061
BAD 143251983923
BAD 143252381291
BAD 143252381299
BAD 143252408969
BAD 143252408993
BAD 143229951883
BAD 143229951889
BAD 143252532901
BAD 143230141069
BAD 143253054689
BAD 143230141073
BAD 143230141079
BAD 143253054691
BAD 143230144763
BAD 143230144769
BAD 143253092207
BAD 143253092299
BAD 143253354611
BAD 143230986313
BAD 143230986317
BAD 143230986319
BAD 143230986323
BAD 143254343509
BAD 143231080277
BAD 143232070913
BAD 143232108269
BAD 143232138781
BAD 143232517391
BAD 143232770633
BAD 143232928411
BAD 143232972611
BAD 143232972613
BAD 143232972629
BAD 143233018787
BAD 143233053919
BAD 143233053923
BAD 143233223717
BAD 143233223719
BAD 143233588489
BAD 143288708749
BAD 143289026159
BAD 143289026161
BAD 143289731549
BAD 143289731551
BAD 143235616171
BAD 143235616193
BAD 143235658151
BAD 143290441873
BAD 143290441883
BAD 143290441897
BAD 143236340419
BAD 143291034499
BAD 143291034503
BAD 143236554653
BAD 143236554661
BAD 143291497879
BAD 143291533421
BAD 143291533423
BAD 143291937713
BAD 143292195091
BAD 143292336331
BAD 143292426793
BAD 143292426803
BAD 143292467191
BAD 143237106853
BAD 143293473929
BAD 143293473931
BAD 143237822263
BAD 143293810741
BAD 143293836409
BAD 143293840457
BAD 143293840511
BAD 143293840513
BAD 143293898989
BAD 143294622091
BAD 143294827369
BAD 143294912273
BAD 143294912281
BAD 143295198737
BAD 143295280343
BAD 143295288859
BAD 143295306863
BAD 143295517283
BAD 143295875467
BAD 143296113221
BAD 143296113241
BAD 143296557883
BAD 143296661413
BAD 143296796443
BAD 143296796449
BAD 143296909351
BAD 143297334619
BAD 143297423909
BAD 143297423911
BAD 143297435863
BAD 143297435951
BAD 143297471797
BAD 143271791353
BAD 143297995741
BAD 143272763129
BAD 143297995759
BAD 143272928543
BAD 143272929131
BAD 143272929133
BAD 143273411399
BAD 143273411401
BAD 143273442703
BAD 143298696451
BAD 143298696473
BAD 143298696481
BAD 143273953519
BAD 143273953531
BAD 143299131103
BAD 143299196767
BAD 143299255699
BAD 143299255703
BAD 143274383933
BAD 143299435067
BAD 143299655251
BAD 143299704241
BAD 143299764353
BAD 143300013893
BAD 143275145579
BAD 143275145581
BAD 143300161297
BAD 143275201403
BAD 143275828243
BAD 143275828253
BAD 143301142823
BAD 143301475039
BAD 143277218377
BAD 143302101673
BAD 143277903953
BAD 143277903959
BAD 143277903961
BAD 143278070093
BAD 143302579681
BAD 143302727629
BAD 143302922629
BAD 143279125289
BAD 143279125291
BAD 143279130041
BAD 143303159767
BAD 143303415301
BAD 143303527363
BAD 143303632049
BAD 143280181769
BAD 143280181771
BAD 143280523579
BAD 143280523583
BAD 143280686489
BAD 143280686491
BAD 143280686551
BAD 143281306019
BAD 143281306043
BAD 143282129539
BAD 143282129569
BAD 143282333179
BAD 143282333191
BAD 143282852837
BAD 143282874907
BAD 143355505003
BAD 143282979311
BAD 143282979313
BAD 143355608423
BAD 143283095743
BAD 143283167899
BAD 143283167903
BAD 143283167921
BAD 143356393189
BAD 143283891823
BAD 143284064489
BAD 143284064491
BAD 143284385939
BAD 143284385941
BAD 143356804079
BAD 143357172713
BAD 143357172743
BAD 143357172757
BAD 143284849453
BAD 143284849457
BAD 143284865261
BAD 143357636827
BAD 143357686127
BAD 143357699201
BAD 143357699213
BAD 143285315281
BAD 143357984543
BAD 143286111613
BAD 143358725819
BAD 143286111649
BAD 143286111653
BAD 143286111659
BAD 143358725821
BAD 143286124921
BAD 143286124931
BAD 143286217309
BAD 143286217313
BAD 143286951133
BAD 143286951233
BAD 143287020931
BAD 143287251343
BAD 143359818169
BAD 143359956709
BAD 143359956713
BAD 143359956721
BAD 143287472641
BAD 143287627433
BAD 143287627447
BAD 143360187049
BAD 143360187073
BAD 143360212063
BAD 143360212069
BAD 143360426291
BAD 143287942849
BAD 143360552903
BAD 143372253721
BAD 143372253743
BAD 143360664781
BAD 143360664787
BAD 143360690153
BAD 143373433999
BAD 143373434003
BAD 143373550597
BAD 143361077443
BAD 143361113593
BAD 143374144321
BAD 143374195907
BAD 143374195963
BAD 143374551311
BAD 143374551349
BAD 143374629773
BAD 143361845899
BAD 143375036521
BAD 143362491523
BAD 143362834933
BAD 143362834939
BAD 143362834943
BAD 143375784793
BAD 143376126541
BAD 143363518877
BAD 143363576077
BAD 143304159247
BAD 143304159253
BAD 143376353221
BAD 143376353231
BAD 143376353233
BAD 143304325981
BAD 143304389597
BAD 143304799507
BAD 143364513769
BAD 143376862891
BAD 143376862969
BAD 143364885751
BAD 143364930589
BAD 143364992513
BAD 143364992531
BAD 143364996059
BAD 143377344457
BAD 143377344521
BAD 143377429703
BAD 143377429711
BAD 143365527587
BAD 143365527589
BAD 143365652351
BAD 143365713353
BAD 143365713371
BAD 143365713373
BAD 143365853131
BAD 143377876267
BAD 143378017441
BAD 143366872447
BAD 143378939783
BAD 143367946837
BAD 143367946861
BAD 143368253239
BAD 143368253243
BAD 143368487159
BAD 143368526513
BAD 143379512123
BAD 143369516749
BAD 143379512153
BAD 143379512207
BAD 143379512209
BAD 143369516753
BAD 143379537677
BAD 143369579449
BAD 143369656643
BAD 143369731259
BAD 143380039723
BAD 143322087721
BAD 143369899537
BAD 143322262957
BAD 143380369879
BAD 143370125453
BAD 143370167587
BAD 143322691181
BAD 143322691207
BAD 143322691219
BAD 143322691223
BAD 143323018739
BAD 143323078237
BAD 143323147741
BAD 143323188079
BAD 143323188097
BAD 143380840313
BAD 143380907027
BAD 143380907029
BAD 143381004743
BAD 143381004751
BAD 143323530439
BAD 143381004829
BAD 143370937939
BAD 143323530463
BAD 143381267581
BAD 143381369543
BAD 143324313103
BAD 143324340443
BAD 143324424637
BAD 143324424641
BAD 143381628241
BAD 143381890117
BAD 143324899699
BAD 143324899703
BAD 143371851451
BAD 143371882679
BAD 143371882681
BAD 143382071621
BAD 143371957699
BAD 143371957711
BAD 143382175201
BAD 143382175207
BAD 143382198941
BAD 143382198943
BAD 143382392779
BAD 143382409637
BAD 143382678053
BAD 143382678071
BAD 143382678073
BAD 143382747379
BAD 143382747383
BAD 143382992989
BAD 143383185871
BAD 143383185877
BAD 143383413091
BAD 143383474733
BAD 143325682237
BAD 143325682249
BAD 143325682271
BAD 143384028583
BAD 143384102579
BAD 143384102581
BAD 143384256173
BAD 143384561941
BAD 143384561951
BAD 143384561953
BAD 143384738537
BAD 143327017861
BAD 143385838459
BAD 143385952981
BAD 143327802413
BAD 143327820221
BAD 143328156541
BAD 143386037429
BAD 143305229191
BAD 143328499549
BAD 143305432247
BAD 143386384403
BAD 143328728107
BAD 143328728243
BAD 143305942937
BAD 143386669583
BAD 143305942963
BAD 143306363881
BAD 143306564083
BAD 143306603003
BAD 143387136173
BAD 143387136181
BAD 143387136187
BAD 143306685763
BAD 143306685773
BAD 143387385667
BAD 143307464063
BAD 143307464081
BAD 143307690833
BAD 143388038293
BAD 143308051559
BAD 143308051561
BAD 143308051577
BAD 143308126699
BAD 143308126711
BAD 143388465841
BAD 143388496663
BAD 143388529657
BAD 143308387711
BAD 143309015341
BAD 143309185601
BAD 143309918209
BAD 143310113567
BAD 143310269783
BAD 143339503523
BAD 143310269797
BAD 143329646623
BAD 143329678021
BAD 143329768937
BAD 143339850161
BAD 143339850163
BAD 143339850167
BAD 143339850169
BAD 143339869447
BAD 143339876971
BAD 143310797437
BAD 143340105241
BAD 143311060567
BAD 143330136919
BAD 143311307597
BAD 143311307599
BAD 143340618679
BAD 143341127627
BAD 143330681597
BAD 143312271143
BAD 143331005581
BAD 143312384153
BAD 143341868401
BAD 143341868603
BAD 143312570971
BAD 143341933459
BAD 143312885777
BAD 143313008659
BAD 143313156029
BAD 143331592111
BAD 143342591761
BAD 143489736361
BAD 143331592141
BAD 143489736373
BAD 143331592147
BAD 143331592153
BAD 143489843149
BAD 143313342343
BAD 143490203057
BAD 143331927001
BAD 143490404077
BAD 143490404209
BAD 143313702589
BAD 143343293453
BAD 143343345413
BAD 143343345421
BAD 143343346207
BAD 143343402821
BAD 143343402823
BAD 143343402833
BAD 143332351399
BAD 143332351403
BAD 143313922909
BAD 143343715043
BAD 143332581341
BAD 143332783067
BAD 143314545467
BAD 143314545469
BAD 143343897253
BAD 143333254601
BAD 143491721843
BAD 143314624027
BAD 143333254613
BAD 143333254619
BAD 143333254621
BAD 143333254627
BAD 143344287007
BAD 143344287019
BAD 143314905739
BAD 143314906073
BAD 143314966519
BAD 143492394967
BAD 143344607333
BAD 143315091419
BAD 143315091421
BAD 143344665943
BAD 143315167403
BAD 143315167417
BAD 143344889959
BAD 143315516339
BAD 143315516341
BAD 143493464557
BAD 143315780929
BAD 143315789893
BAD 143334431761
BAD 143345971103
BAD 143456109613
BAD 143456109617
BAD 143456109631
BAD 143316206461
BAD 143473746349
BAD 143494564483
BAD 143347040761
BAD 143347200869
BAD 143347200877
BAD 143316547967
BAD 143316547973
BAD 143473955509
BAD 143494980949
BAD 143494980953
BAD 143495037067
BAD 143347359751
BAD 143347541713
BAD 143495359069
BAD 143495359093
BAD 143317195583
BAD 143317207433
BAD 143495836097
BAD 143347991543
BAD 143474528257
BAD 143317327567
BAD 143317646191
BAD 143317646201
BAD 143317646203
BAD 143457161893
BAD 143317755829
BAD 143457218089
BAD 143457225097
BAD 143457225101
BAD 143457225103
BAD 143475494719
BAD 143349076763
BAD 143497036957
BAD 143475512491
BAD 143349155869
BAD 143318035669
BAD 143318035673
BAD 143318035681
BAD 143475750419
BAD 143475750421
BAD 143318077943
BAD 143349361937
BAD 143349361951
BAD 143349361957
BAD 143349395999
BAD 143476004459
BAD 143476064923
BAD 143457678319
BAD 143457678323
BAD 143349876379
BAD 143350116893
BAD 143350165759
BAD 143350165879
BAD 143497651081
BAD 143350321217
BAD 143350321223
BAD 143350321273
BAD 143497764979
BAD 143497764989
BAD 143319290183
BAD 143334921497
BAD 143477558233
BAD 143498065309
BAD 143334921523
BAD 143498065313
BAD 143319314041
BAD 143498204939
BAD 143477639843
BAD 143350989289
BAD 143350989293
BAD 143477667001
BAD 143319448513
BAD 143319448523
BAD 143319448529
BAD 143498316217
BAD 143351076181
BAD 143351080409
BAD 143498363497
BAD 143477760557
BAD 143477760563
BAD 143351187283
BAD 143498459033
BAD 143351187313
BAD 143498459053
BAD 143351187323
BAD 143498508841
BAD 143335151809
BAD 143351556331
BAD 143498607919
BAD 143319812833
BAD 143498720069
BAD 143351784943
BAD 143336035459
BAD 143319812837
BAD 143478234527
BAD 143336035463
BAD 143498819161
BAD 143351863153
BAD 143478349237
BAD 143336129359
BAD 143319934699
BAD 143351989273
BAD 143351989457
BAD 143351989489
BAD 143478567031
BAD 143336301893
BAD 143320129261
BAD 143336430091
BAD 143458395013
BAD 143352317123
BAD 143458498583
BAD 143320316063
BAD 143320316081
BAD 143499395131
BAD 143499395177
BAD 143320398901
BAD 143352464309
BAD 143479096997
BAD 143336695507
BAD 143336695519
BAD 143320785547
BAD 143406333979
BAD 143439944083
BAD 143500279397
BAD 143353151371
BAD 143353151377
BAD 143320794457
BAD 143439959281
BAD 143439959461
BAD 143479174693
BAD 143479174697
BAD 143353276501
BAD 143479174703
BAD 143479174739
BAD 143336956957
BAD 143440189759
BAD 143406728587
BAD 143321191789
BAD 143353481371
BAD 143479418749
BAD 143406842993
BAD 143406843007
BAD 143406843011
BAD 143406843031
BAD 143479455257
BAD 143501129803
BAD 143479660721
BAD 143321593369
BAD 143321593381
BAD 143501201843
BAD 143321703533
BAD 143407254113
BAD 143440325233
BAD 143337716299
BAD 143440340423
BAD 143440340429
BAD 143440340431
BAD 143440346527
BAD 143321780183
BAD 143321853559
BAD 143407418137
BAD 143458841587
BAD 143458841611
BAD 143501577293
BAD 143501590829
BAD 143501590831
BAD 143337792803
BAD 143337792809
BAD 143337792811
BAD 143337792817
BAD 143337792823
BAD 143337792833
BAD 143480323387
BAD 143480323397
BAD 143407637603
BAD 143440886063
BAD 143501932633
BAD 143354328731
BAD 143354328751
BAD 143502034043
BAD 143459409851
BAD 143441213329
BAD 143459409853
BAD 143459409857
BAD 143459409859
BAD 143338641683
BAD 143338641689
BAD 143480894101
BAD 143480894113
BAD 143502271777
BAD 143354873027
BAD 143480961139
BAD 143408612467
BAD 143408685481
BAD 143408685689
BAD 143408685691
BAD 143408685703
BAD 143408685709
BAD 143408685713
BAD 143355055331
BAD 143355067007
BAD 143355068011
BAD 143502608569
BAD 143502665323
BAD 143502665329
BAD 143502665333
BAD 143481540373
BAD 143355362503
BAD 143502834151
BAD 143460428213
BAD 143442727717
BAD 143442761369
BAD 143442845963
BAD 143442845981
BAD 143442846037
BAD 143482241831
BAD 143503325843
BAD 143460558503
BAD 143482273943
BAD 143460643399
BAD 143443160191
BAD 143503527623
BAD 143482806613
BAD 143482806617
BAD 143482806619
BAD 143443554937
BAD 143409941791
BAD 143409941797
BAD 143483079307
BAD 143483145863
BAD 143483294729
BAD 143483316773
BAD 143444066399
BAD 143461285021
BAD 143504074403
BAD 143504074429
BAD 143461369187
BAD 143410360627
BAD 143483793289
BAD 143444744629
BAD 143504422891
BAD 143444744633
BAD 143504453699
BAD 143504453723
BAD 143504475859
BAD 143444917703
BAD 143484096373
BAD 143444938369
BAD 143444980769
BAD 143411107337
BAD 143411107339
BAD 143462539357
BAD 143462555021
BAD 143462555023
BAD 143445434333
BAD 143445528563
BAD 143411269789
BAD 143462759381
BAD 143462759389
BAD 143445700381
BAD 143484495457
BAD 143462960639
BAD 143484597631
BAD 143463285673
BAD 143463285677
BAD 143463388591
BAD 143463575309
BAD 143411886229
BAD 143463804769
BAD 143484996253
BAD 143446887277
BAD 143505568321
BAD 143464089233
BAD 143485125271
BAD 143505632953
BAD 143505637889
BAD 143447147749
BAD 143505815287
BAD 143464659211
BAD 143447644729
BAD 143464812391
BAD 143423008423
BAD 143465014261
BAD 143465176343
BAD 143485912267
BAD 143448312113
BAD 143448312121
BAD 143448315229
BAD 143423331397
BAD 143413128899
BAD 143465395133
BAD 143465395141
BAD 143413206373
BAD 143413206389
BAD 143423652049
BAD 143423652061
BAD 143449120289
BAD 143449120291
BAD 143486466203
BAD 143465938729
BAD 143466016013
BAD 143449470259
BAD 143413911481
BAD 143413933601
BAD 143466091529
BAD 143449592761
BAD 143486858269
BAD 143449662493
BAD 143424297337
BAD 143424297349
BAD 143424297353
BAD 143414115083
BAD 143424431753
BAD 143414184547
BAD 143414184553
BAD 143414184559
BAD 143487140933
BAD 143487140957
BAD 143450113999
BAD 143466765623
BAD 143487219877
BAD 143487219881
BAD 143450323771
BAD 143466869899
BAD 143487292313
BAD 143450384461
BAD 143467010693
BAD 143467010699
BAD 143414547623
BAD 143414547629
BAD 143414547631
BAD 143450782207
BAD 143425073893
BAD 143425073903
BAD 143425073933
BAD 143425073941
BAD 143425073947
BAD 143425073951
BAD 143450852723
BAD 143450875963
BAD 143467858249
BAD 143467858253
BAD 143451020803
BAD 143451020807
BAD 143451020809
BAD 143451020827
BAD 143425237427
BAD 143467995719
BAD 143467995721
BAD 143468070079
BAD 143487963611
BAD 143487963613
BAD 143468350897
BAD 143451439433
BAD 143468370893
BAD 143468370931
BAD 143488125383
BAD 143488140589
BAD 143451552269
BAD 143451552271
BAD 143451586309
BAD 143415155749
BAD 143425692083
BAD 143468618213
BAD 143468618243
BAD 143415201289
BAD 143451624133
BAD 143451718937
BAD 143451718939
BAD 143451769291
BAD 143451769297
BAD 143415779057
BAD 143415779063
BAD 143415779077
BAD 143452011323
BAD 143426091619
BAD 143426091647
BAD 143469422849
BAD 143469422851
BAD 143469422857
BAD 143452140763
BAD 143452144357
BAD 143488943393
BAD 143426305261
BAD 143469839677
BAD 143470002173
BAD 143470002211
BAD 143470002217
BAD 143470071317
BAD 143426490527
BAD 143470216093
BAD 143489252971
BAD 143470216111
BAD 143452779629
BAD 143470216129
BAD 143489290303
BAD 143452869319
BAD 143452869331
BAD 143426727823
BAD 143426727827
BAD 143426727853
BAD 143489326381
BAD 143489392351
BAD 143489392373
BAD 143489392399
BAD 143426821723
BAD 143453063737
BAD 143416730551
BAD 143453157031
BAD 143453157037
BAD 143416738357
BAD 143416738379
BAD 143416738411
BAD 143470714567
BAD 143489648857
BAD 143470992953
BAD 143453589379
BAD 143417094059
BAD 143417094061
BAD 143417100523
BAD 143427433291
BAD 143471230381
BAD 143427481567
BAD 143427481657
BAD 143417374031
BAD 143417374033
BAD 143471507041
BAD 143427689359
BAD 143471674261
BAD 143471871821
BAD 143454333443
BAD 143454333469
BAD 143472128731
BAD 143417902493
BAD 143417902501
BAD 143428584907
BAD 143428761841
BAD 143428762133
BAD 143428864807
BAD 143455095109
BAD 143428920269
BAD 143428920277
BAD 143455140979
BAD 143455156433
BAD 143455156459
BAD 143455156463
BAD 143455164023
BAD 143455323469
BAD 143418366409
BAD 143455457993
BAD 143418438623
BAD 143455617523
BAD 143455617527
BAD 143455714289
BAD 143455714291
BAD 143418522061
BAD 143418688669
BAD 143456021213
BAD 143430384179
BAD 143430550303
BAD 143418943963
BAD 143418969091
BAD 143418969103
BAD 143419035379
BAD 143431144561
BAD 143419222889
BAD 143431323649
BAD 143419336201
BAD 143431463971
BAD 143431472629
BAD 143431474729
BAD 143431474733
BAD 143431543279
BAD 143431723289
BAD 143431723291
BAD 143432131547
BAD 143432131567
BAD 143432131571
BAD 143432131573
BAD 143432131781
BAD 143419877483
BAD 143419877521
BAD 143419918619
BAD 143419936879
BAD 143419936883
BAD 143420081093
BAD 143432903737
BAD 143420143991
BAD 143420182547
BAD 143420439863
BAD 143420870993
BAD 143420871001
BAD 143433735593
BAD 143433735617
BAD 143433735631
BAD 143433735637
BAD 143434023713
BAD 143421394351
BAD 143421394357
BAD 143421394393
BAD 143421394397
BAD 143421394399
BAD 143421640039
BAD 143434676809
BAD 143434676813
BAD 143422040269
BAD 143422040273
BAD 143434940563
BAD 143422057027
BAD 143422057033
BAD 143422137961
BAD 143435357993
BAD 143435361889
BAD 143435471293
BAD 143435992699
BAD 143435992703
BAD 143436070543
BAD 143436172219
BAD 143436172223
BAD 143436172267
BAD 143436191513
BAD 143436696527
BAD 143437001051
BAD 143437001053
BAD 143437026869
BAD 143437026871
BAD 143437186183
BAD 143437460941
BAD 143437490149
BAD 143438560127
BAD 143438560129
BAD 143439297493
BAD 143439297497
BAD 143389284173
BAD 143389284197
BAD 143389368383
BAD 143389761049
BAD 143389803299
BAD 143389803301
BAD 143389810849
BAD 143389810853
BAD 143389915363
BAD 143390005567
BAD 143390005571
BAD 143390005573
BAD 143390306051
BAD 143390306053
BAD 143390306057
BAD 143390377813
BAD 143390563189
BAD 143390666417
BAD 143390783377
BAD 143390829601
BAD 143390829629
BAD 143390913619
BAD 143390975317
BAD 143391602479
BAD 143391603239
BAD 143391603241
BAD 143392268077
BAD 143392302191
BAD 143392637599
BAD 143393283169
BAD 143393735993
BAD 143394020587
BAD 143394020591
BAD 143395561103
BAD 143396217101
BAD 143396217103
BAD 143396230183
BAD 143396606539
BAD 143396606543
BAD 143397512857
BAD 143397512873
BAD 143397754967
BAD 143397918049
BAD 143397918379
BAD 143397918383
BAD 143397937099
BAD 143398158817
BAD 143398272113
BAD 143398319269
BAD 143400174037
BAD 143400174041
BAD 143400620513
BAD 143400721363
BAD 143400721381
BAD 143400846233
BAD 143401318171
BAD 143401802251
BAD 143402307157
BAD 143402642749
BAD 143402642759
BAD 143403092999
BAD 143403348817
BAD 143403831511
BAD 143403831521
BAD 143403831523
BAD 143404153873
BAD 143404462403
BAD 143404727839
BAD 143405047999
BAD 143405048009
BAD 143405400121
BAD 143405400143
BAD 143405459161
BAD 143405720219
BAD 143506698373
BAD 143506698383
BAD 143508133687
BAD 143508229829
BAD 143508229831
BAD 143508718237
BAD 143509033321
BAD 143509045973
BAD 143509209799
BAD 143510368283
BAD 143510822881
BAD 143511162337
BAD 143511404479
BAD 143511404483
BAD 143511557363
BAD 143512399889
BAD 143512528007
BAD 143512528009
BAD 143512783571
BAD 143512783573
BAD 143513215523
BAD 143513334113
BAD 143513687033
BAD 143513827553
BAD 143513973529
BAD 143513976391
BAD 143514178981
BAD 143514178987
BAD 143514672667
BAD 143514751801
BAD 143514970679
BAD 143515074239
BAD 143515462403
BAD 143515666013
BAD 143515784063
BAD 143515803097
BAD 143516118349
BAD 143516118373
BAD 143516860579
BAD 143516860583
BAD 143516982073
BAD 143516982131
BAD 143517198493
BAD 143517674869
BAD 143518738621
BAD 143518738729
BAD 143518843219
BAD 143519105843
BAD 143519754089
BAD 143519942821
BAD 143520166967
BAD 143520166969
BAD 143520166973
BAD 143520531991
BAD 143520622813
BAD 143520891029
BAD 143520891061
BAD 143521258453
BAD 143521524241
BAD 143521828171
BAD 143521839113
BAD 143522043793
BAD 143522430971
BAD 143522430991
BAD 143522772163
BAD 143522923043
BAD 143523448309
BAD 143523525919
BAD 143523763403
BAD 143524377187
BAD 143525012867
BAD 143525287463
BAD 143525622547
BAD 143525622551
BAD 143525622553
BAD 143525622563
BAD 143525733529
BAD 143525741221
BAD 143525741273
BAD 143525754739
BAD 143525863729
BAD 143525904007
BAD 143526301393
BAD 143526399593
BAD 143526547337
BAD 143526989813
BAD 143527051861
BAD 143527051873
BAD 143527658423
BAD 143528453777
BAD 143528453779
BAD 143528453797
BAD 143528453801
BAD 143528480063
BAD 143528480071
BAD 143528695831
BAD 143528914189
BAD 143529039319
BAD 143529039323
BAD 143529194647
BAD 143529685603
BAD 143530230523
BAD 143530230527
BAD 143573575331
BAD 143573683613
BAD 143574061283
BAD 143574061291
BAD 143574061297
BAD 143574331631
BAD 143574331633
BAD 143574519811
BAD 143574519817
BAD 143575852099
BAD 143576186069
BAD 143576222201
BAD 143576222203
BAD 143576222213
BAD 143576333959
BAD 143576333963
BAD 143576372453
BAD 143576372461
BAD 143576450131
BAD 143576450137
BAD 143576450141
BAD 143576450153
BAD 143576679067
BAD 143577112193
BAD 143577437551
BAD 143577693559
BAD 143578543553
BAD 143579068291
BAD 143579068309
BAD 143579068313
BAD 143579628989
BAD 143579710733
BAD 143579710741
BAD 143579710759
BAD 143580239393
BAD 143580308203
BAD 143580311881
BAD 143580311893
BAD 143580410861
BAD 143580545309
BAD 143581037969
BAD 143581105337
BAD 143581475603
BAD 143581939513
BAD 143581939517
BAD 143581939519
BAD 143582585779
BAD 143582590457
BAD 143582590469
BAD 143582952287
BAD 143583335891
BAD 143531548799
BAD 143532909001
BAD 143533728103
BAD 143533924931
BAD 143533998383
BAD 143534656351
BAD 143534656387
BAD 143534656393
BAD 143534656399
BAD 143535730007
BAD 143535855587
BAD 143535893749
BAD 143584001089
BAD 143584001177
BAD 143584001179
BAD 143584001191
BAD 143584992311
BAD 143585030443
BAD 143585030447
BAD 143585030467
BAD 143585577937
BAD 143585617337
BAD 143585617339
BAD 143585774263
BAD 143585774281
BAD 143585806141
BAD 143585902519
BAD 143585902547
BAD 143586051073
BAD 143586051079
BAD 143586168379
BAD 143587141219
BAD 143588673029
BAD 143588673031
BAD 143588673043
BAD 143536571141
BAD 143537104651
BAD 143537404001
BAD 143537404147
BAD 143537404159
BAD 143537404163
BAD 143537731951
BAD 143538185899
BAD 143539624103
BAD 143539690171
BAD 143588897849
BAD 143589909623
BAD 143590189681
BAD 143540367517
BAD 143540367521
BAD 143540929297
BAD 143540956777
BAD 143557067683
BAD 143540956787
BAD 143540956789
BAD 143540997473
BAD 143540997487
BAD 143540997491
BAD 143540997599
BAD 143540997601
BAD 143541174683
BAD 143541216619
BAD 143541216631
BAD 143557464013
BAD 143541516367
BAD 143541516389
BAD 143541585283
BAD 143541690709
BAD 143541856151
BAD 143541856153
BAD 143542180853
BAD 143542180867
BAD 143542594933
BAD 143558748023
BAD 143558857969
BAD 143543004239
BAD 143543091193
BAD 143559156683
BAD 143559219919
BAD 143543422859
BAD 143543422861
BAD 143543422877
BAD 143559475117
BAD 143543422879
BAD 143559516283
BAD 143543529139
BAD 143559825371
BAD 143559825373
BAD 143560072321
BAD 143560438459
BAD 143560757399
BAD 143560757401
BAD 143544524033
BAD 143544524041
BAD 143561146451
BAD 143561146453
BAD 143561280749
BAD 143561356517
BAD 143561520383
BAD 143561922403
BAD 143545244939
BAD 143545452139
BAD 143545615561
BAD 143562653041
BAD 143546015773
BAD 143546015779
BAD 143563291283
BAD 143563346093
BAD 143563358509
BAD 143563358513
BAD 143563403353
BAD 143563428719
BAD 143563428721
BAD 143563428751
BAD 143563638629
BAD 143563638661
BAD 143563804807
BAD 143563907659
BAD 143564523967
BAD 143564741641
BAD 143564741659
BAD 143564821903
BAD 143564882273
BAD 143565416047
BAD 143565416257
BAD 143565921511
BAD 143566756231
BAD 143566871719
BAD 143567841853
BAD 143568134431
BAD 143568134461
BAD 143568134491
BAD 143568235637
BAD 143546614117
BAD 143547236353
BAD 143547367553
BAD 143549706763
BAD 143549706767
BAD 143549706787
BAD 143549706803
BAD 143549706809
BAD 143623992349
BAD 143550097993
BAD 143550599839
BAD 143624546399
BAD 143624546423
BAD 143624641003
BAD 143551330009
BAD 143551375729
BAD 143551375733
BAD 143551584691
BAD 143551584703
BAD 143625200507
BAD 143625200513
BAD 143625487823
BAD 143625487829
BAD 143625615229
BAD 143625663079
BAD 143552164759
BAD 143552164771
BAD 143625777313
BAD 143626471913
BAD 143626546853
BAD 143552813653
BAD 143552813659
BAD 143552884399
BAD 143552884403
BAD 143626796333
BAD 143626796347
BAD 143626852253
BAD 143626852261
BAD 143626888723
BAD 143553150379
BAD 143627316473
BAD 143554079113
BAD 143628025951
BAD 143554433489
BAD 143628526843
BAD 143628861037
BAD 143628861043
BAD 143628861059
BAD 143629033061
BAD 143555004883
BAD 143555320267
BAD 143555674387
BAD 143555674391
BAD 143555674399
BAD 143629757809
BAD 143555872739
BAD 143555928517
BAD 143556003919
BAD 143556471937
BAD 143556563809
BAD 143630675899
BAD 143630675917
BAD 143630675971
BAD 143630675987
BAD 143630675989
BAD 143630684317
BAD 143630684321
BAD 143630781499
BAD 143630781509
BAD 143568613819
BAD 143568613823
BAD 143568613849
BAD 143568613861
BAD 143631528763
BAD 143631528899
BAD 143569185713
BAD 143569397239
BAD 143569397243
BAD 143569654703
BAD 143632876081
BAD 143633300989
BAD 143633301001
BAD 143570608733
BAD 143570683849
BAD 143570683853
BAD 143633740009
BAD 143633740057
BAD 143633740067
BAD 143633860109
BAD 143633986733
BAD 143634013477
BAD 143634044843
BAD 143634567079
BAD 143634567091
BAD 143634797611
BAD 143634797617
BAD 143634907049
BAD 143634907051
BAD 143634992563
BAD 143634992581
BAD 143634996139
BAD 143634996143
BAD 143636042959
BAD 143636731817
BAD 143636860657
BAD 143637044671
BAD 143637083999
BAD 143637084001
BAD 143637635447
BAD 143637732097
BAD 143637993143
BAD 143638021537
BAD 143638021543
BAD 143638175467
BAD 143638552699
BAD 143638552703
BAD 143638552721
BAD 143638552723
BAD 143639787241
BAD 143640037603
BAD 143640225401
BAD 143640225403
BAD 143640397051
BAD 143640414691
BAD 143640548333
BAD 143640578749
BAD 143570798611
BAD 143571128663
BAD 143571128669
BAD 143571128671
BAD 143571371761
BAD 143571488783
BAD 143571488791
BAD 143571772921
BAD 143572146007
BAD 143572703389
BAD 143573253829
BAD 143573253833
BAD 143573411143
BAD 143573411147
BAD 143640799147
BAD 143641632403
BAD 143641632443
BAD 143641632451
BAD 143641968181
BAD 143642025251
BAD 143642025253
BAD 143642025257
BAD 143642025259
BAD 143642408647
BAD 143643112463
BAD 143643276793
BAD 143643540923
BAD 143643590633
BAD 143643929777
BAD 143643929783
BAD 143643929791
BAD 143644512343
BAD 143645565913
BAD 143645565929
BAD 143646564647
BAD 143646894011
BAD 143646894023
BAD 143647060849
BAD 143647073363
BAD 143647073369
BAD 143647073371
BAD 143647073389
BAD 143647073393
BAD 143647073419
BAD 143647531681
BAD 143590422541
BAD 143590572527
BAD 143590572529
BAD 143590627099
BAD 143590843411
BAD 143590843423
BAD 143590902391
BAD 143591113363
BAD 143591113373
BAD 143591490409
BAD 143591567489
BAD 143591567491
BAD 143591714017
BAD 143591811949
BAD 143648268727
BAD 143591921227
BAD 143591921233
BAD 143591962133
BAD 143591979409
BAD 143591979413
BAD 143592037411
BAD 143648866819
BAD 143649059899
BAD 143592751517
BAD 143592842761
BAD 143592842857
BAD 143592842867
BAD 143592842903
BAD 143649481631
BAD 143649489527
BAD 143649568109
BAD 143593036843
BAD 143593036849
BAD 143649614267
BAD 143650017211
BAD 143593993903
BAD 143650202347
BAD 143594254651
BAD 143594269519
BAD 143594269523
BAD 143594269543
BAD 143594520691
BAD 143594520697
BAD 143650518383
BAD 143650569577
BAD 143650569661
BAD 143594691943
BAD 143594786449
BAD 143595246217
BAD 143607735643
BAD 143651258371
BAD 143607735647
BAD 143651258381
BAD 143651258383
BAD 143651258419
BAD 143651258423
BAD 143595389243
BAD 143595389369
BAD 143608245997
BAD 143608246013
BAD 143608306859
BAD 143608306861
BAD 143608306883
BAD 143608632103
BAD 143608676401
BAD 143651915383
BAD 143651915387
BAD 143608994251
BAD 143652121819
BAD 143652214687
BAD 143596124563
BAD 143596329361
BAD 143596426913
BAD 143596426921
BAD 143609941021
BAD 143609941043
BAD 143652701303
BAD 143652701333
BAD 143652801223
BAD 143610298987
BAD 143652801247
BAD 143597087033
BAD 143597209733
BAD 143653214233
BAD 143610612953
BAD 143610612973
BAD 143597498183
BAD 143597498189
BAD 143610695873
BAD 143653638421
BAD 143653638463
BAD 143653887467
BAD 143598107767
BAD 143598107771
BAD 143598107773
BAD 143654039941
BAD 143654098351
BAD 143598225269
BAD 143598225271
BAD 143654305037
BAD 143654550913
BAD 143611146803
BAD 143611206821
BAD 143654750363
BAD 143611410373
BAD 143655141439
BAD 143655204559
BAD 143655245533
BAD 143655245551
BAD 143611545563
BAD 143655279923
BAD 143599460371
BAD 143599620589
BAD 143655747847
BAD 143655858911
BAD 143599735907
BAD 143600849153
BAD 143600849159
BAD 143600915837
BAD 143600915839
BAD 143601033841
BAD 143601033847
BAD 143612617039
BAD 143601184651
BAD 143656766711
BAD 143656766713
BAD 143656889731
BAD 143657064883
BAD 143657065009
BAD 143657109623
BAD 143601795949
BAD 143613155201
BAD 143602346939
BAD 143602346941
BAD 143602708633
BAD 143613491383
BAD 143603074079
BAD 143603074081
BAD 143603150539
BAD 143657472397
BAD 143613813037
BAD 143613888049
BAD 143603320141
BAD 143613905179
BAD 143603538073
BAD 143603673383
BAD 143614091227
BAD 143658219871
BAD 143658219877
BAD 143658219883
BAD 143658368473
BAD 143604172771
BAD 143604204983
BAD 143604228517
BAD 143614520947
BAD 143614520963
BAD 143604472381
BAD 143604472393
BAD 143604849977
BAD 143604849979
BAD 143614923019
BAD 143659264607
BAD 143659345309
BAD 143605324771
BAD 143605324789
BAD 143605363339
BAD 143659656269
BAD 143659656271
BAD 143615656637
BAD 143659764097
BAD 143605846309
BAD 143615687563
BAD 143615770897
BAD 143615770913
BAD 143616145009
BAD 143660173009
BAD 143660291011
BAD 143660291029
BAD 143606793059
BAD 143606793061
BAD 143606793067
BAD 143616591067
BAD 143674228241
BAD 143660658059
BAD 143660658061
BAD 143674301233
BAD 143674301237
BAD 143674405871
BAD 143674405873
BAD 143660766061
BAD 143674492111
BAD 143617219561
BAD 143674761049
BAD 143660916769
BAD 143661031133
BAD 143661036901
BAD 143661036919
BAD 143617639523
BAD 143675178721
BAD 143617702537
BAD 143661237001
BAD 143617702541
BAD 143675204059
BAD 143675204063
BAD 143675204143
BAD 143661318181
BAD 143675384107
BAD 143675437313
BAD 143675437327
BAD 143675437331
BAD 143675437333
BAD 143675468449
BAD 143618056693
BAD 143675817661
BAD 143675817697
BAD 143618396591
BAD 143618795821
BAD 143618795843
BAD 143618795851
BAD 143662376101
BAD 143618995259
BAD 143619246209
BAD 143662842251
BAD 143677017461
BAD 143677168643
BAD 143619787513
BAD 143663184851
BAD 143663184859
BAD 143663400679
BAD 143663400689
BAD 143620195933
BAD 143677787699
BAD 143677787839
BAD 143663428219
BAD 143620402591
BAD 143678172277
BAD 143678172301
BAD 143678172329
BAD 143620474667
BAD 143678264671
BAD 143678409653
BAD 143678409661
BAD 143620716829
BAD 143664156079
BAD 143664156091
BAD 143620998557
BAD 143620998559
BAD 143621044447
BAD 143621044453
BAD 143621044459
BAD 143664304253
BAD 143679071927
BAD 143679071929
BAD 143664430771
BAD 143621350891
BAD 143679483193
BAD 143679603863
BAD 143664853009
BAD 143664890617
BAD 143622100579
BAD 143622100591
BAD 143622100627
BAD 143622294773
BAD 143622294779
BAD 143680584301
BAD 143622544699
BAD 143680824853
BAD 143680824871
BAD 143680824877
BAD 143622592517
BAD 143665473181
BAD 143680943603
BAD 143622853433
BAD 143622854539
BAD 143622854581
BAD 143665651253
BAD 143665651277
BAD 143665651279
BAD 143623049737
BAD 143681063861
BAD 143681063863
BAD 143623325281
BAD 143623325299
BAD 143623325303
BAD 143666340617
BAD 143623587773
BAD 143623838299
BAD 143666706437
BAD 143666706439
BAD 143623848079
BAD 143681679767
BAD 143623848083
BAD 143623848089
BAD 143623848091
BAD 143681679769
BAD 143681679773
BAD 143681679881
BAD 143623850179
BAD 143666736953
BAD 143682104497
BAD 143682316231
BAD 143682506899
BAD 143682515623
BAD 143682654769
BAD 143682764053
BAD 143667624343
BAD 143683013153
BAD 143683025467
BAD 143668178141
BAD 143668197529
BAD 143683389613
BAD 143683485523
BAD 143668768939
BAD 143669031439
BAD 143669607811
BAD 143669998039
BAD 143670284063
BAD 143670287707
BAD 143670356273
BAD 143670644813
BAD 143685448051
BAD 143671038619
BAD 143685883969
BAD 143671264619
BAD 143671264621
BAD 143671291249
BAD 143671291261
BAD 143686112329
BAD 143671416269
BAD 143671416271
BAD 143671519819
BAD 143686351007
BAD 143686351009
BAD 143671695289
BAD 143686483613
BAD 143686488109
BAD 143686741591
BAD 143686741603
BAD 143686881301
BAD 143672151767
BAD 143686927861
BAD 143686941421
BAD 143686975519
BAD 143672539771
BAD 143672616589
BAD 143672977967
BAD 143672977969
BAD 143687835631
BAD 143673493363
BAD 143673493367
BAD 143691107873
BAD 143673493373
BAD 143688473723
BAD 143673493387
BAD 143688777481
BAD 143688777487
BAD 143673825023
BAD 143673842359
BAD 143689181267
BAD 143689181269
BAD 143689182443
BAD 143691685733
BAD 143689318741
BAD 143691754489
BAD 143691758663
BAD 143691758669
BAD 143691782713
BAD 143689829251
BAD 143689829293
BAD 143689835227
BAD 143689835231
BAD 143692279789
BAD 143692279793
BAD 143692345607
BAD 143692345609
BAD 143692345613
BAD 143692345639
BAD 143689972021
BAD 143692443199
BAD 143692470049
BAD 143690160689
BAD 143690160697
BAD 143690201143
BAD 143690302583
BAD 143690382307
BAD 143690382337
BAD 143690382343
BAD 143690382347
BAD 143690382349
BAD 143690481247
BAD 143692622767
BAD 143692693471
BAD 143692710739
BAD 143692954429
BAD 143692961077
BAD 143692998881
BAD 143693017319
BAD 143693030363
BAD 143690911829
BAD 143690911831
BAD 143690911853
BAD 143693723359
BAD 143693786123
BAD 143694578347
BAD 143694613891
BAD 143694700741
BAD 143695397777
BAD 143695397779
BAD 143695545083
BAD 143695545089
BAD 143695720613
BAD 143695999663
BAD 143696127529
BAD 143697241981
BAD 143697543733
BAD 143698244311
BAD 143698372549
BAD 143698601747
BAD 143698601749
BAD 143698724593
BAD 143825236673
BAD 143825238811
BAD 143699037421
BAD 143699037439
BAD 143825846167
BAD 143825867963
BAD 143825867971
BAD 143699535211
BAD 143826040927
BAD 143699689163
BAD 143699689183
BAD 143699689187
BAD 143699689193
BAD 143699743123
BAD 143699743127
BAD 143699743157
BAD 143826200047
BAD 143741442259
BAD 143699891761
BAD 143699891767
BAD 143826426089
BAD 143826426091
BAD 143742203431
BAD 143826466799
BAD 143826466801
BAD 143742292459
BAD 143742292481
BAD 143742292483
BAD 143742292487
BAD 143742292489
BAD 143742292553
BAD 143742655153
BAD 143742808073
BAD 143742851821
BAD 143742893839
BAD 143742893843
BAD 143700502513
BAD 143742910547
BAD 143742926161
BAD 143742926167
BAD 143742926177
BAD 143743110253
BAD 143743110257
BAD 143700741647
BAD 143700741649
BAD 143743779709
BAD 143743779713
BAD 143743779721
BAD 143743779733
BAD 143743855259
BAD 143701423777
BAD 143701423781
BAD 143701647059
BAD 143701647073
BAD 143744286589
BAD 143744301721
BAD 143744343797
BAD 143744343803
BAD 143701940303
BAD 143701940311
BAD 143744520331
BAD 143702370467
BAD 143745161309
BAD 143745161311
BAD 143745184403
BAD 143702887883
BAD 143725441829
BAD 143725441831
BAD 143703084293
BAD 143703154657
BAD 143703491213
BAD 143745995489
BAD 143703944693
BAD 143703944717
BAD 143703944719
BAD 143704242349
BAD 143746712401
BAD 143746712407
BAD 143747112227
BAD 143747112233
BAD 143747191649
BAD 143705574293
BAD 143727122767
BAD 143747191681
BAD 143727122789
BAD 143747252081
BAD 143747252083
BAD 143705687473
BAD 143705687479
BAD 143705687483
BAD 143727214753
BAD 143727214759
BAD 143727520303
BAD 143727520319
BAD 143705773943
BAD 143727615329
BAD 143705867341
BAD 143747656201
BAD 143747776331
BAD 143747793361
BAD 143706199339
BAD 143727867083
BAD 143747938177
BAD 143747940073
BAD 143748101267
BAD 143748101269
BAD 143728301089
BAD 143748758249
BAD 143728618403
BAD 143728618409
BAD 143748888863
BAD 143708460989
BAD 143707369313
BAD 143729272651
BAD 143748888889
BAD 143708474257
BAD 143708654213
BAD 143729496817
BAD 143729496829
BAD 143749162279
BAD 143749162283
BAD 143707503913
BAD 143707503917
BAD 143707503931
BAD 143707503937
BAD 143707503943
BAD 143729601419
BAD 143729762489
BAD 143827873339
BAD 143749609163
BAD 143749609169
BAD 143749609183
BAD 143730095303
BAD 143730164273
BAD 143730209983
BAD 143828307719
BAD 143730229249
BAD 143828412163
BAD 143828412179
BAD 143828412181
BAD 143828412197
BAD 143731004117
BAD 143709545201
BAD 143731004119
BAD 143828467637
BAD 143828467639
BAD 143749926503
BAD 143749961753
BAD 143749961767
BAD 143828832871
BAD 143750057851
BAD 143858858239
BAD 143829151733
BAD 143859153323
BAD 143859153337
BAD 143859153341
BAD 143859153343
BAD 143710347887
BAD 143710347889
BAD 143710347901
BAD 143750677177
BAD 143731782637
BAD 143829536959
BAD 143710588253
BAD 143710610063
BAD 143710610077
BAD 143751062551
BAD 143859652049
BAD 143710668863
BAD 143751204983
BAD 143751205067
BAD 143733204893
BAD 143751205069
BAD 143859789053
BAD 143711174027
BAD 143711174029
BAD 143751244421
BAD 143751244423
BAD 143751291923
BAD 143751291941
BAD 143751334459
BAD 143733313783
BAD 143733313793
BAD 143751407749
BAD 143751407753
BAD 143860181503
BAD 143860181513
BAD 143860368473
BAD 143711667343
BAD 143751848753
BAD 143751848759
BAD 143711790143
BAD 143711790163
BAD 143711849167
BAD 143751993919
BAD 143751993929
BAD 143711965963
BAD 143711965973
BAD 143734095653
BAD 143861082997
BAD 143861157709
BAD 143712458063
BAD 143829671291
BAD 143734368251
BAD 143861157721
BAD 143712458069
BAD 143734392443
BAD 143829800921
BAD 143829800923
BAD 143829800987
BAD 143830092761
BAD 143734688959
BAD 143734906253
BAD 143713482587
BAD 143713482589
BAD 143713482593
BAD 143808541433
BAD 143830904813
BAD 143830923263
BAD 143808752881
BAD 143862329389
BAD 143862367223
BAD 143862447293
BAD 143831354357
BAD 143831356741
BAD 143809085153
BAD 143809120673
BAD 143831408363
BAD 143862656419
BAD 143862656423
BAD 143809230317
BAD 143714473813
BAD 143809230319
BAD 143831575673
BAD 143736493787
BAD 143831575681
BAD 143831575717
BAD 143736493793
BAD 143831575763
BAD 143736493843
BAD 143831662789
BAD 143831662801
BAD 143752712101
BAD 143752712107
BAD 143809604273
BAD 143714813219
BAD 143737090501
BAD 143737090529
BAD 143737090531
BAD 143753148113
BAD 143832119869
BAD 143715112759
BAD 143715112763
BAD 143737386283
BAD 143737444639
BAD 143753363419
BAD 143715339587
BAD 143715339589
BAD 143753650141
BAD 143810585231
BAD 143810850091
BAD 143832786199
BAD 143738533517
BAD 143754195391
BAD 143715843301
BAD 143775123029
BAD 143832786203
BAD 143832786211
BAD 143738549417
BAD 143738549419
BAD 143832820921
BAD 143811006029
BAD 143738717093
BAD 143775356993
BAD 143775400999
BAD 143832990139
BAD 143832990143
BAD 143754549797
BAD 143754591943
BAD 143754657133
BAD 143811353263
BAD 143754797633
BAD 143775700561
BAD 143739061309
BAD 143775705683
BAD 143775705691
BAD 143755045373
BAD 143755143953
BAD 143755206277
BAD 143833355509
BAD 143739451423
BAD 143811765751
BAD 143776433629
BAD 143755556059
BAD 143716688041
BAD 143833617407
BAD 143833617409
BAD 143833617413
BAD 143776488539
BAD 143776488563
BAD 143811889457
BAD 143776601491
BAD 143811952649
BAD 143811952651
BAD 143739659983
BAD 143716949423
BAD 143716977029
BAD 143716977031
BAD 143812141183
BAD 143812143203
BAD 143833917809
BAD 143833917811
BAD 143833917841
BAD 143833929023
BAD 143812189909
BAD 143776978307
BAD 143776978309
BAD 143717150053
BAD 143834128483
BAD 143834128489
BAD 143717460941
BAD 143740226213
BAD 143777403509
BAD 143812575001
BAD 143812620271
BAD 143812722979
BAD 143812722983
BAD 143812738151
BAD 143717663611
BAD 143756363173
BAD 143812966169
BAD 143756433113
BAD 143740779089
BAD 143834577031
BAD 143834577053
BAD 143740792759
BAD 143813155177
BAD 143756711251
BAD 143777918329
BAD 143813305651
BAD 143813448917
BAD 143813448923
BAD 143813448937
BAD 143813448941
BAD 143813448943
BAD 143813449009
BAD 143757033773
BAD 143741133989
BAD 143834946169
BAD 143834946173
BAD 143718185371
BAD 143718185389
BAD 143778227251
BAD 143757286559
BAD 143835115273
BAD 143757466121
BAD 143757466123
BAD 143757466133
BAD 143813959879
BAD 143778550523
BAD 143835295861
BAD 143835455251
BAD 143814432689
BAD 143814432691
BAD 143835651229
BAD 143835651233
BAD 143835687113
BAD 143835687119
BAD 143835687133
BAD 143718892469
BAD 143814593521
BAD 143814593653
BAD 143719003513
BAD 143814663803
BAD 143814663829
BAD 143835982063
BAD 143836025953
BAD 143779199569
BAD 143719261471
BAD 143836234799
BAD 143836234823
BAD 143863188199
BAD 143814969359
BAD 143836294633
BAD 143779655827
BAD 143836401701
BAD 143836401703
BAD 143836401707
BAD 143836401713
BAD 143863360519
BAD 143779838087
BAD 143779917863
BAD 143863492973
BAD 143719774553
BAD 143719780441
BAD 143719780447
BAD 143719780453
BAD 143836610789
BAD 143836610791
BAD 143842328957
BAD 143864038783
BAD 143864038793
BAD 143780484697
BAD 143780484773
BAD 143720236171
BAD 143720254633
BAD 143815773799
BAD 143837113549
BAD 143837113571
BAD 143842627547
BAD 143842627549
BAD 143842627553
BAD 143816171581
BAD 143816171593
BAD 143837404411
BAD 143837546053
BAD 143837550617
BAD 143816352571
BAD 143864749621
BAD 143720728013
BAD 143864776849
BAD 143843010931
BAD 143864893553
BAD 143843046961
BAD 143816628889
BAD 143843146253
BAD 143865102013
BAD 143843242061
BAD 143720968777
BAD 143720985979
BAD 143865192049
BAD 143843362093
BAD 143781684383
BAD 143838335587
BAD 143843818057
BAD 143817218299
BAD 143865661283
BAD 143838685253
BAD 143838689963
BAD 143865709291
BAD 143838803629
BAD 143844134227
BAD 143722363139
BAD 143866035631
BAD 143839352029
BAD 143782756769
BAD 143782756771
BAD 143782756781
BAD 143866188119
BAD 143866188121
BAD 143839534879
BAD 143722747859
BAD 143722747901
BAD 143783257637
BAD 143783329513
BAD 143839855483
BAD 143839857817
BAD 143722918277
BAD 143722918279
BAD 143783494903
BAD 143783494909
BAD 143844946649
BAD 143844948283
BAD 143840271811
BAD 143840290739
BAD 143783880169
BAD 143840335897
BAD 143723330719
BAD 143783997047
BAD 143783997053
BAD 143867275763
BAD 143784389677
BAD 143817517117
BAD 143840884303
BAD 143840990039
BAD 143845813849
BAD 143784712861
BAD 143784712891
BAD 143841190309
BAD 143845908751
BAD 143817908009
BAD 143817908011
BAD 143841315151
BAD 143867899499
BAD 143867899501
BAD 143867899507
BAD 143841466693
BAD 143818086437
BAD 143818086439
BAD 143818086443
BAD 143868082907
BAD 143868082909
BAD 143724476993
BAD 143724476999
BAD 143724477007
BAD 143724477019
BAD 143724477023
BAD 143846445199
BAD 143868790523
BAD 143785564537
BAD 143785576771
BAD 143868936397
BAD 143758131421
BAD 143847159457
BAD 143785645579
BAD 143758131427
BAD 143758131431
BAD 143868942467
BAD 143819038453
BAD 143819038483
BAD 143869074421
BAD 143847304597
BAD 143847534451
BAD 143847567827
BAD 143869469209
BAD 143786174839
BAD 143847930217
BAD 143847930287
BAD 143786264317
BAD 143869695961
BAD 143759015263
BAD 143869724191
BAD 143869724197
BAD 143869770661
BAD 143848107353
BAD 143848231301
BAD 143870014181
BAD 143759362673
BAD 143759362711
BAD 143759389867
BAD 143759612329
BAD 143759612333
BAD 143786830729
BAD 143870244179
BAD 143849003839
BAD 143786830741
BAD 143791757453
BAD 143870244181
BAD 143786850763
BAD 143786850769
BAD 143791855457
BAD 143791855483
BAD 143791855489
BAD 143791863583
BAD 143791959767
BAD 143791959769
BAD 143791959781
BAD 143791959791
BAD 143791959803
BAD 143870464273
BAD 143870464291
BAD 143870464301
BAD 143759819083
BAD 143849256301
BAD 143792012731
BAD 143787182977
BAD 143820376813
BAD 143820376853
BAD 143759962609
BAD 143876045959
BAD 143876045969
BAD 143876045983
BAD 143849422841
BAD 143787402911
BAD 143870649563
BAD 143787402937
BAD 143876053309
BAD 143820673993
BAD 143820674003
BAD 143787665059
BAD 143792562091
BAD 143787798887
BAD 143876522213
BAD 143876522221
BAD 143876522249
BAD 143821165591
BAD 143849919607
BAD 143849919617
BAD 143849919623
BAD 143849919671
BAD 143849919673
BAD 143871137569
BAD 143821366831
BAD 143876902441
BAD 143876902457
BAD 143760653587
BAD 143876985409
BAD 143792982961
BAD 143793004127
BAD 143877066721
BAD 143821633933
BAD 143821633951
BAD 143877170587
BAD 143793112459
BAD 143788650337
BAD 143850308257
BAD 143821787119
BAD 143871758551
BAD 143877170627
BAD 143760931099
BAD 143877175373
BAD 143877175381
BAD 143877175391
BAD 143877175397
BAD 143877175399
BAD 143877201667
BAD 143821879939
BAD 143871892421
BAD 143788776301
BAD 143850424873
BAD 143822023981
BAD 143822063419
BAD 143822063423
BAD 143793321943
BAD 143793321961
BAD 143793349523
BAD 143761163573
BAD 143789040029
BAD 143850654863
BAD 143789094857
BAD 143789094859
BAD 143789094863
BAD 143872226881
BAD 143822889409
BAD 143761403701
BAD 143851019371
BAD 143872226893
BAD 143877724051
BAD 143790822221
BAD 143877724057
BAD 143790826559
BAD 143790826561
BAD 143790826567
BAD 143790986203
BAD 143872400593
BAD 143761565243
BAD 143872425889
BAD 143823358649
BAD 143872612673
BAD 143872612679
BAD 143823615647
BAD 143823673187
BAD 143823673193
BAD 143793664481
BAD 143793664489
BAD 143851643063
BAD 143793706339
BAD 143823821573
BAD 143823821593
BAD 143762016581
BAD 143793779461
BAD 143878013449
BAD 143878013453
BAD 143873039683
BAD 143878013603
BAD 143823939781
BAD 143762324813
BAD 143823939793
BAD 143878013611
BAD 143852039797
BAD 143878038533
BAD 143873353279
BAD 143824378219
BAD 143878243013
BAD 143824485323
BAD 143878377113
BAD 143824591597
BAD 143824658083
BAD 143824746661
BAD 143873848717
BAD 143852541421
BAD 143878912823
BAD 143762650411
BAD 143762650429
BAD 143762650433
BAD 143762650439
BAD 143762650441
BAD 143762657123
BAD 143762662513
BAD 143762662517
BAD 143825123119
BAD 143874047699
BAD 143874047701
BAD 143852662621
BAD 143879049709
BAD 143794140097
BAD 143762840269
BAD 143874119173
BAD 143874119183
BAD 143852798543
BAD 143852798549
BAD 143794336913
BAD 143794385599
BAD 143794433417
BAD 143794433473
BAD 143853000919
BAD 143853086329
BAD 143853400373
BAD 143853443183
BAD 143794782121
BAD 143794782137
BAD 143794793423
BAD 143794793431
BAD 143879832787
BAD 143763473251
BAD 143763473281
BAD 143874857881
BAD 143874857887
BAD 143874857897
BAD 143874857899
BAD 143853733847
BAD 143794998383
BAD 143763651349
BAD 143854043071
BAD 143875314839
BAD 143875314841
BAD 143880509209
BAD 143880509221
BAD 143875392109
BAD 143795519999
BAD 143764017847
BAD 143764025473
BAD 143880648113
BAD 143764035403
BAD 143764035419
BAD 143764035421
BAD 143854771631
BAD 143854771639
BAD 143795704313
BAD 143795774897
BAD 143854983683
BAD 143795858851
BAD 143881056961
BAD 143764544569
BAD 143764549471
BAD 143881227953
BAD 143881227991
BAD 143796064481
BAD 143796064483
BAD 143796064487
BAD 143796064501
BAD 143796078169
BAD 143796078191
BAD 143893071103
BAD 143796078193
BAD 143855676413
BAD 143796128083
BAD 143855775631
BAD 143765448793
BAD 143881740983
BAD 143881740997
BAD 143881741001
BAD 143765500063
BAD 143856164953
BAD 143856164971
BAD 143881873721
BAD 143893706273
BAD 143796436219
BAD 143893801123
BAD 143893914959
BAD 143856595063
BAD 143856693181
BAD 143766031049
BAD 143766031051
BAD 143766068371
BAD 143766077393
BAD 143856959677
BAD 143882287873
BAD 143894339333
BAD 143894339341
BAD 143796875119
BAD 143894579399
BAD 143894586203
BAD 143766758357
BAD 143882486623
BAD 143766770843
BAD 143766839947
BAD 143882885149
BAD 143895131293
BAD 143797553371
BAD 143797553413
BAD 143895251449
BAD 143895251519
BAD 143883036911
BAD 143767143931
BAD 143767425751
BAD 143767425757
BAD 143858493767
BAD 143858493769
BAD 143798139229
BAD 143883568537
BAD 143858647973
BAD 143767862663
BAD 143767862669
BAD 143895721001
BAD 143895721003
BAD 143895814103
BAD 143895911933
BAD 143798755459
BAD 143798755493
BAD 143798755501
BAD 143798912531
BAD 143798912533
BAD 143896079087
BAD 143884187737
BAD 143896079113
BAD 143896079123
BAD 143768768063
BAD 143768768071
BAD 143799098413
BAD 143799186911
BAD 143799186913
BAD 143896278811
BAD 143799665941
BAD 143799852533
BAD 143799893869
BAD 143800312433
BAD 143896882169
BAD 143885225543
BAD 143885225573
BAD 143897072911
BAD 143885446891
BAD 143885446897
BAD 143885476363
BAD 143801031277
BAD 143770362811
BAD 143885633713
BAD 143770436683
BAD 143897404909
BAD 143770459583
BAD 143885804207
BAD 143885804243
BAD 143885936851
BAD 143897728049
BAD 143801135131
BAD 143771017367
BAD 143801232451
BAD 143801232457
BAD 143801534417
BAD 143801534419
BAD 143801534423
BAD 143898253997
BAD 143898253999
BAD 143771441063
BAD 143771497789
BAD 143802115637
BAD 143802115649
BAD 143886712049
BAD 143802177943
BAD 143802210689
BAD 143771699131
BAD 143802255341
BAD 143802255343
BAD 143771747573
BAD 143886810271
BAD 143802312827
BAD 143802329989
BAD 143898826793
BAD 143898826801
BAD 143771908607
BAD 143772023413
BAD 143802570953
BAD 143802674069
BAD 143802674077
BAD 143772660631
BAD 143888158243
BAD 143898968503
BAD 143772668261
BAD 143772668269
BAD 143802704473
BAD 143802704483
BAD 143888307617
BAD 143888307631
BAD 143772874129
BAD 143773027843
BAD 143803174819
BAD 143899305023
BAD 143773194151
BAD 143803283909
BAD 143803404529
BAD 143803404533
BAD 143888922547
BAD 143899444727
BAD 143899444729
BAD 143888951783
BAD 143803523729
BAD 143889161057
BAD 143899614541
BAD 143773578863
BAD 143803763843
BAD 143773730393
BAD 143899751929
BAD 143804140339
BAD 143774044357
BAD 143889704723
BAD 143900811799
BAD 143889777973
BAD 143889777991
BAD 143900918911
BAD 143804550259
BAD 143774292073
BAD 143890132567
BAD 143774461177
BAD 143890180457
BAD 143890180459
BAD 143804829283
BAD 143901437611
BAD 143805609763
BAD 143805609767
BAD 143805609769
BAD 143901797993
BAD 143891194103
BAD 143891306513
BAD 143891356519
BAD 143805895927
BAD 143902319807
BAD 143902319809
BAD 143806168043
BAD 143891664493
BAD 143891664541
BAD 143806335523
BAD 143806363793
BAD 143891931593
BAD 143806528793
BAD 143902791317
BAD 143891943367
BAD 143806756493
BAD 143806756501
BAD 143892192391
BAD 143903083741
BAD 143807022287
BAD 143807122171
BAD 143807127691
BAD 143903207873
BAD 143807711101
BAD 143807711107
BAD 143807723519
BAD 143903523149
BAD 143903819407
BAD 143903819413
BAD 143903819417
BAD 143903819419
BAD 143808385229
BAD 143808386279
BAD 143808386299
BAD 143904103019
BAD 143904923881
BAD 143904924001
BAD 143904997013
BAD 143904997021
BAD 143905200653
BAD 143905443439
BAD 143905914967
BAD 143906111903
BAD 143906111911
BAD 143906111917
BAD 143906111941
BAD 143906428433
BAD 143906916623
BAD 143906916707
BAD 143906916709
BAD 143906916719
BAD 143906916721
BAD 143907133793
BAD 143908434781
BAD 143908446491
BAD 143908595027
BAD 143909032979
BAD 143909365849
BAD 143909765359
BAD 143909765369
BAD 143909765371
BAD 143910607513
BAD 143910607517
BAD 143911076093
BAD 143911114861
BAD 143911423993
BAD 143911424003
BAD 143912193991
BAD 143912287327
BAD 143912287369
BAD 143912643073
BAD 143912935501
BAD 143912935531
BAD 143914307587
BAD 143914307591
BAD 143914484837
BAD 143914484839
BAD 143914484869
BAD 143914484873
BAD 143914907341
BAD 143914907393
BAD 143915012057
BAD 143915101027
BAD 143915289031
BAD 143916098839
BAD 143916108439
BAD 143916460799
BAD 143916817427
BAD 143917362461
BAD 143917362469
BAD 143917407001
BAD 143917590473
BAD 143917760323
BAD 143917760359
BAD 143917818623
BAD 143917852093
BAD 143918211427
BAD 143918248273
BAD 143918458823
BAD 143918458897
BAD 143918861299
BAD 143919024091
BAD 143919024097
BAD 143919327169
BAD 143919327203
BAD 143919529231
BAD 143919635791
BAD 143919635801
BAD 143919635837
BAD 143919724141
BAD 143919959551
BAD 143920305773
BAD 143920305799
BAD 143920305827
BAD 143920305829
BAD 143920305833
BAD 143920545931
BAD 143920703287
BAD 143920703293
BAD 143920703299
BAD 143921505451
BAD 143921725159
BAD 143921725163
BAD 143921725169
BAD 143921935799
BAD 143922283489
BAD 143922743413
BAD 143922844997
BAD 143922844999
BAD 143922940969
BAD 143922940981
BAD 143924445697
BAD 143924631197
BAD 143924631199
BAD 143924800403
BAD 143925136087
BAD 143925356593
BAD 143925514283
BAD 143925604943
BAD 143925676753
BAD 143976402953
BAD 143976402967
BAD 143976915349
BAD 143977145293
BAD 143977145303
BAD 143977323047
BAD 143977813253
BAD 143978029801
BAD 143978029813
BAD 143978078707
BAD 143978078711
BAD 143942863661
BAD 143942863663
BAD 143942863759
BAD 143943206311
BAD 143943351763
BAD 143943351767
BAD 143943397733
BAD 143943732719
BAD 143943732721
BAD 143978815831
BAD 143943796993
BAD 143978892487
BAD 143944625893
BAD 143944686293
BAD 143944823237
BAD 143944823287
BAD 143944823291
BAD 143944823293
BAD 143993058029
BAD 143945270767
BAD 143993568611
BAD 143945569237
BAD 143993568613
BAD 143945569241
BAD 143993669557
BAD 143993944189
BAD 143993944201
BAD 143994005261
BAD 143994005263
BAD 143980043419
BAD 143946155851
BAD 143946313403
BAD 143994299569
BAD 143994299573
BAD 143946381511
BAD 143980545889
BAD 143980545901
BAD 143980545913
BAD 143980774243
BAD 143947475821
BAD 143947475839
BAD 143994924643
BAD 143947626271
BAD 143947644343
BAD 143947846769
BAD 143996992619
BAD 143996992621
BAD 143947969909
BAD 143997222661
BAD 143997326119
BAD 143948557769
BAD 143997812831
BAD 143997890851
BAD 143948675203
BAD 143998193083
BAD 143949107459
BAD 143949107461
BAD 143949228131
BAD 143998679263
BAD 143949919433
BAD 143950019783
BAD 143999590583
BAD 143999590589
BAD 143999590591
BAD 143999590597
BAD 143999706583
BAD 143999992351
BAD 143999992363
BAD 143999992369
BAD 143951136529
BAD 143951143099
BAD 144000542929
BAD 144000542989
BAD 143952057307
BAD 143952629167
BAD 143952629473
BAD 144001221983
BAD 143953227857
BAD 143953399703
BAD 143953887967
BAD 144002155411
BAD 144002447269
BAD 144002447273
BAD 143954335813
BAD 143954335817
BAD 144002658563
BAD 143954388443
BAD 143954402147
BAD 144002795383
BAD 144003073243
BAD 144003073273
BAD 144003233173
BAD 144003233183
BAD 144003233237
BAD 144003233239
BAD 144003233251
BAD 143955203047
BAD 144003571561
BAD 143955303509
BAD 143955303511
BAD 143955303517
BAD 143955303533
BAD 143981677453
BAD 143955925447
BAD 143956507369
BAD 143982185393
BAD 143956763417
BAD 143956945579
BAD 143956948049
BAD 143957330963
BAD 143957330969
BAD 143957330971
BAD 143957330977
BAD 143957330983
BAD 143926080713
BAD 143926080719
BAD 143926080721
BAD 143957687221
BAD 143957687227
BAD 143957748427
BAD 143957755703
BAD 143983173967
BAD 143957913199
BAD 143958024563
BAD 143983447219
BAD 143983494173
BAD 143983504219
BAD 143926843309
BAD 143959763411
BAD 143927250307
BAD 143984029843
BAD 143958804169
BAD 143984168687
BAD 143927740841
BAD 143960193137
BAD 143984168719
BAD 144005414159
BAD 143927740843
BAD 143927867627
BAD 143984328097
BAD 143984328133
BAD 143984328139
BAD 143960402903
BAD 143927993501
BAD 143960473493
BAD 143984479279
BAD 143984479283
BAD 143928178501
BAD 143960684737
BAD 143960778001
BAD 143960804753
BAD 143960848973
BAD 143984853847
BAD 143984853893
BAD 143928570943
BAD 143928570983
BAD 143984919797
BAD 143984919809
BAD 143984919811
BAD 143984919817
BAD 143961059191
BAD 143961059197
BAD 143984986069
BAD 143961650143
BAD 143928673549
BAD 143984986073
BAD 144006471047
BAD 143961650149
BAD 143961650167
BAD 144006471053
BAD 143929031641
BAD 143929031647
BAD 144006790021
BAD 143929185247
BAD 143929185251
BAD 143929185493
BAD 143929185503
BAD 143929185511
BAD 144007357441
BAD 144007474969
BAD 144007474973
BAD 144007474979
BAD 144007474981
BAD 144007474987
BAD 144007474993
BAD 143986191829
BAD 143986191841
BAD 143986406593
BAD 143962971967
BAD 143962971983
BAD 143962971991
BAD 144008061829
BAD 143986594783
BAD 144009319247
BAD 143963879363
BAD 144009319249
BAD 143931471161
BAD 144009319253
BAD 143931471163
BAD 143931471179
BAD 143931471181
BAD 143986632001
BAD 143986744801
BAD 143931596843
BAD 143931596849
BAD 143986814857
BAD 143986844887
BAD 143931706673
BAD 143986957403
BAD 143931765521
BAD 143987305801
BAD 143931970051
BAD 143931970057
BAD 143931970129
BAD 143987388641
BAD 143932083353
BAD 143987574571
BAD 143987799887
BAD 143987799889
BAD 143987842613
BAD 143932299053
BAD 143988042797
BAD 143988042799
BAD 143932466551
BAD 143965751023
BAD 143965751161
BAD 143988042811
BAD 143988105419
BAD 143988105421
BAD 143965911337
BAD 143965911343
BAD 143988179939
BAD 143966101639
BAD 143966395051
BAD 143933035943
BAD 143933380441
BAD 143933380447
BAD 143989293121
BAD 143933417143
BAD 143933439061
BAD 143967248303
BAD 143967248309
BAD 143967248311
BAD 143967248323
BAD 143967287173
BAD 143933579513
BAD 143989799509
BAD 143989799521
BAD 143967741233
BAD 143967890587
BAD 143967937921
BAD 143967977423
BAD 143967977431
BAD 143959021111
BAD 143934411463
BAD 143959021127
BAD 143959021147
BAD 143959021211
BAD 143959081411
BAD 143959081417
BAD 143959219913
BAD 143968251313
BAD 143968251319
BAD 143990239493
BAD 143990503313
BAD 143934933151
BAD 143934993343
BAD 143968892393
BAD 143968892399
BAD 143968892401
BAD 143935102429
BAD 143935176031
BAD 143935176043
BAD 143969012953
BAD 143990942681
BAD 143990994419
BAD 143935321681
BAD 143935321687
BAD 143935321703
BAD 143935321729
BAD 143991116683
BAD 143969419219
BAD 143935620713
BAD 143935650437
BAD 143991786907
BAD 143991898537
BAD 143935974613
BAD 143935987357
BAD 143936019911
BAD 143992322599
BAD 143992322603
BAD 143992340137
BAD 143992340143
BAD 143992340147
BAD 143936390803
BAD 143936506621
BAD 143936632457
BAD 143936632459
BAD 143969689751
BAD 143969689753
BAD 143969888243
BAD 143969910593
BAD 143969910619
BAD 143970606361
BAD 143938155349
BAD 143938310389
BAD 143938437361
BAD 143938437373
BAD 143971122641
BAD 143971122643
BAD 143938873123
BAD 143938873139
BAD 143971583563
BAD 143939052293
BAD 143973063271
BAD 143939052317
BAD 143939052337
BAD 143939052349
BAD 143973108707
BAD 143973108709
BAD 143939107009
BAD 143939107019
BAD 143939417183
BAD 143939562973
BAD 143940146641
BAD 143940277951
BAD 143940278023
BAD 143974906099
BAD 143974906111
BAD 143974948723
BAD 143974948729
BAD 143940951181
BAD 143975269129
BAD 143975269133
BAD 143941220161
BAD 143941229359
BAD 143941233913
BAD 143941233949
BAD 143941243231
BAD 143975414983
BAD 143941332263
BAD 143941358063
BAD 143941498471
BAD 143975697533
BAD 143941633981
BAD 143975884057
BAD 143976197293
BAD 144043613647
BAD 144043902647
BAD 144043906751
BAD 144043906759
BAD 144043906763
BAD 144043906789
BAD 144043906793
BAD 144044222603
BAD 144044309839
BAD 144044414377
BAD 144044566979
BAD 144046279591
BAD 144046475761
BAD 144046475767
BAD 144046986929
BAD 144046986931
BAD 144047134883
BAD 144047816753
BAD 144047894323
BAD 144047894327
BAD 144047894329
BAD 144048046237
BAD 144048216841
BAD 144049145209
BAD 144049145213
BAD 144049506347
BAD 144049537057
BAD 144049663903
BAD 144049663907
BAD 144049663909
BAD 144049663913
BAD 144050510881
BAD 144050996813
BAD 144050997029
BAD 144051010897
BAD 144051010903
BAD 144051456293
BAD 144051456317
BAD 144052587191
BAD 144052587199
BAD 144053302213
BAD 144053470069
BAD 144054215323
BAD 144054252851
BAD 144054543569
BAD 144055039633
BAD 144055365967
BAD 144055668709
BAD 144056203639
BAD 144057206663
BAD 144057210133
BAD 144057210137
BAD 144057210139
BAD 144058307521
BAD 144058578127
BAD 144058594193
BAD 144059215939
BAD 144059478517
BAD 144059478527
BAD 144059478559
BAD 144059702977
BAD 144059703001
BAD 144059784943
BAD 144009839903
BAD 144059967769
BAD 144010262119
BAD 144010262129
BAD 144010262131
BAD 144010299787
BAD 144010593091
BAD 144011386963
BAD 144011468149
BAD 144011804569
BAD 144012330769
BAD 144012330773
BAD 144012354397
BAD 144012354407
BAD 144012354413
BAD 144012694229
BAD 144012694237
BAD 144012716543
BAD 144012716609
BAD 144012716611
BAD 144012738983
BAD 144012843803
BAD 144012843809
BAD 144012843811
BAD 144013125869
BAD 144013125871
BAD 144013125877
BAD 144013125887
BAD 144013125889
BAD 144013361357
BAD 144013361363
BAD 144013361389
BAD 144014543639
BAD 144014543641
BAD 144014543657
BAD 144014802329
BAD 144014802331
BAD 144014802353
BAD 144014802359
BAD 144014802361
BAD 144014802367
BAD 144015548077
BAD 144015676603
BAD 144015676633
BAD 144015776239
BAD 144015803647
BAD 144015803651
BAD 144015803653
BAD 144015803719
BAD 144016332533
BAD 144016358587
BAD 144077525953
BAD 144077651587
BAD 144016772941
BAD 144078337093
BAD 144026655827
BAD 144078337097
BAD 144016969147
BAD 144016969153
BAD 144017076409
BAD 144026988121
BAD 144027126497
BAD 144017358211
BAD 144017577259
BAD 144027494509
BAD 144027989537
BAD 144027989551
BAD 144028021463
BAD 144028021517
BAD 144028021519
BAD 144028021523
BAD 144028021531
BAD 144079503149
BAD 144079503151
BAD 144028154521
BAD 144018216301
BAD 144028392451
BAD 144079910503
BAD 144079910509
BAD 144018509801
BAD 144079978249
BAD 144080169559
BAD 144080169589
BAD 144080169593
BAD 144028937993
BAD 144029122249
BAD 144019299407
BAD 144019299409
BAD 144080330099
BAD 144080330101
BAD 144019399763
BAD 144019399801
BAD 144019411381
BAD 144080482171
BAD 144019552013
BAD 144029835713
BAD 144019647943
BAD 144080696273
BAD 144029909423
BAD 144030227279
BAD 144030227281
BAD 144030227303
BAD 144081125621
BAD 144019949789
BAD 144081125623
BAD 144019949791
BAD 144081229339
BAD 144020048867
BAD 144060561563
BAD 144060678481
BAD 144060678497
BAD 144081558239
BAD 144081558241
BAD 144060859807
BAD 144020822389
BAD 144082746061
BAD 144082885103
BAD 144082885129
BAD 144082885223
BAD 144082919447
BAD 144082919471
BAD 144020997629
BAD 144060986449
BAD 144060986453
BAD 144083452067
BAD 144083452069
BAD 144083605433
BAD 144083779061
BAD 144083779069
BAD 144083860189
BAD 144083860199
BAD 144083860201
BAD 144021802193
BAD 144021802261
BAD 144084949039
BAD 144084952861
BAD 144085077197
BAD 144085283761
BAD 144022781477
BAD 144022976459
BAD 144022976873
BAD 144023230349
BAD 144062432573
BAD 144023297447
BAD 144023297449
BAD 144086716003
BAD 144030866543
BAD 144030866599
BAD 144030866873
BAD 144086885359
BAD 144030990767
BAD 144030990769
BAD 144087425023
BAD 144087665311
BAD 144024704903
BAD 144031952453
BAD 144031952459
BAD 144024855493
BAD 144031952461
BAD 144032048873
BAD 144032048879
BAD 144032134013
BAD 144032134021
BAD 144025539703
BAD 144032624179
BAD 144032624213
BAD 144032624249
BAD 144032624251
BAD 144032624257
BAD 144032624311
BAD 144025913833
BAD 144089258513
BAD 144033019033
BAD 144033019037
BAD 144033019079
BAD 144093678229
BAD 144089776559
BAD 144093678233
BAD 144089776561
BAD 144033088201
BAD 144093786931
BAD 144033406817
BAD 144094261001
BAD 144090518753
BAD 144090790489
BAD 144034135589
BAD 144034135591
BAD 144091229383
BAD 144034533229
BAD 144091276501
BAD 144034798373
BAD 144095028299
BAD 144034891183
BAD 144034891199
BAD 144034891201
BAD 144091569331
BAD 144091654801
BAD 144091824181
BAD 144091824187
BAD 144095412397
BAD 144144350929
BAD 144095468393
BAD 144095468401
BAD 144092064679
BAD 144144479261
BAD 144035760389
BAD 144095874983
BAD 144092434963
BAD 144144479263
BAD 144035760391
BAD 144144479267
BAD 144144479273
BAD 144092476043
BAD 144092534917
BAD 144096065237
BAD 144096065279
BAD 144096065297
BAD 144092661571
BAD 144092661577
BAD 144036075649
BAD 144194306359
BAD 144194403247
BAD 144093047341
BAD 144093047347
BAD 144096241463
BAD 144096257233
BAD 144036498401
BAD 144036498409
BAD 144036498413
BAD 144036498421
BAD 144194642701
BAD 144194642707
BAD 144093430661
BAD 144194945707
BAD 144194945731
BAD 144096956963
BAD 144145461371
BAD 144037255633
BAD 144093535759
BAD 144195059947
BAD 144195059951
BAD 144063030179
BAD 144037388041
BAD 144195253691
BAD 144195253693
BAD 144195264439
BAD 144145854751
BAD 144145854757
BAD 144245853613
BAD 144037564711
BAD 144037564717
BAD 144245881193
BAD 144097236739
BAD 144097236743
BAD 144037607999
BAD 144245899489
BAD 144195527479
BAD 144245943773
BAD 144245943797
BAD 144097334083
BAD 144146211829
BAD 144038078663
BAD 144195886631
BAD 144195886633
BAD 144146492299
BAD 144246472339
BAD 144196513913
BAD 144038594353
BAD 144097665941
BAD 144246472351
BAD 144246472361
BAD 144146492317
BAD 144146492323
BAD 144196828651
BAD 144196828663
BAD 144097907647
BAD 144097907651
BAD 144196960031
BAD 144197153459
BAD 144197153461
BAD 144247006531
BAD 144098151209
BAD 144098158543
BAD 144197345233
BAD 144147369763
BAD 144098206463
BAD 144197424001
BAD 144197424011
BAD 144147453941
BAD 144147453943
BAD 144147453959
BAD 144039336277
BAD 144247274933
BAD 144247274939
BAD 144197713831
BAD 144147893191
BAD 144098315639
BAD 144098315677
BAD 144098315707
BAD 144098480233
BAD 144039678763
BAD 144039678803
BAD 144247701469
BAD 144247701473
BAD 144198036643
BAD 144198038191
BAD 144198038209
BAD 144148325683
BAD 144148325687
BAD 144248041463
BAD 144148768261
BAD 144148768279
BAD 144148768331
BAD 144148768333
BAD 144148901623
BAD 144198744553
BAD 144149030131
BAD 144248395021
BAD 144248395063
BAD 144149234863
BAD 144199119263
BAD 144248517563
BAD 144199192751
BAD 144099487673
BAD 144099487681
BAD 144063138073
BAD 144248548589
BAD 144199436993
BAD 144040326047
BAD 144040326049
BAD 144248580799
BAD 144040380949
BAD 144248629997
BAD 144248638957
BAD 144040491341
BAD 144063341551
BAD 144040491347
BAD 144063341561
BAD 144040491349
BAD 144040564043
BAD 144248731171
BAD 144099761521
BAD 144199705651
BAD 144199831877
BAD 144199831879
BAD 144199891883
BAD 144063636271
BAD 144063642143
BAD 144200056087
BAD 144200056093
BAD 144249084229
BAD 144041416837
BAD 144041416843
BAD 144041480147
BAD 144200577029
BAD 144041680907
BAD 144227924587
BAD 144064279883
BAD 144249521971
BAD 144101077987
BAD 144200577049
BAD 144101077993
BAD 144101119093
BAD 144064363789
BAD 144101244517
BAD 144064538951
BAD 144064538953
BAD 144228108649
BAD 144064643971
BAD 144249799937
BAD 144064749707
BAD 144064749709
BAD 144064749713
BAD 144228315643
BAD 144101538871
BAD 144201080951
BAD 144201080953
BAD 144101589571
BAD 144101589589
BAD 144201336623
BAD 144201336649
BAD 144065408849
BAD 144065408857
BAD 144102012919
BAD 144201526981
BAD 144102038933
BAD 144228744397
BAD 144201555193
BAD 144250581199
BAD 144042591547
BAD 144250581203
BAD 144042591559
BAD 144201588901
BAD 144042633043
BAD 144228785021
BAD 144042659071
BAD 144250657849
BAD 144201655441
BAD 144201670181
BAD 144228906181
BAD 144251054263
BAD 144102650647
BAD 144229231831
BAD 144229294357
BAD 144229294361
BAD 144043190033
BAD 144102878149
BAD 144202439669
BAD 144202439671
BAD 144202439743
BAD 144202439747
BAD 144202439749
BAD 144102901247
BAD 144102901249
BAD 144102901253
BAD 144102982637
BAD 144251483917
BAD 144149453579
BAD 144251483933
BAD 144066964549
BAD 144149453587
BAD 144149453599
BAD 144149453603
BAD 144067021591
BAD 144067021597
BAD 144067021601
BAD 144067021603
BAD 144067021607
BAD 144149558711
BAD 144251639053
BAD 144251881069
BAD 144251881079
BAD 144251973517
BAD 144251973521
BAD 144252006961
BAD 144149921161
BAD 144150057539
BAD 144150063287
BAD 144150063289
BAD 144230134523
BAD 144203610437
BAD 144230277649
BAD 144067611139
BAD 144067611143
BAD 144230385653
BAD 144252580447
BAD 144150306203
BAD 144204000467
BAD 144067695137
BAD 144204000469
BAD 144230862169
BAD 144230862179
BAD 144230933521
BAD 144230947219
BAD 144230947229
BAD 144150469499
BAD 144150469501
BAD 144231024953
BAD 144104114551
BAD 144104132941
BAD 144104132947
BAD 144252870353
BAD 144067919393
BAD 144104316709
BAD 144204408989
BAD 144150795193
BAD 144204455149
BAD 144104428219
BAD 144104428399
BAD 144253132493
BAD 144253210573
BAD 144104720203
BAD 144151147513
BAD 144204846353
BAD 144104981021
BAD 144104981023
BAD 144151353407
BAD 144068464409
BAD 144104981039
BAD 144253929439
BAD 144231944963
BAD 144068464411
BAD 144068476141
BAD 144105028279
BAD 144105028283
BAD 144232203023
BAD 144254196433
BAD 144105263131
BAD 144232264201
BAD 144232337089
BAD 144232562533
BAD 144232562543
BAD 144232562549
BAD 144254775631
BAD 144151836133
BAD 144151836137
BAD 144151836139
BAD 144151836187
BAD 144232925377
BAD 144254959171
BAD 144106000723
BAD 144152149543
BAD 144233169481
BAD 144106113751
BAD 144106233589
BAD 144069713483
BAD 144255348409
BAD 144205171087
BAD 144152697683
BAD 144205171111
BAD 144255438997
BAD 144234801167
BAD 144205356643
BAD 144255606241
BAD 144255606247
BAD 144234910069
BAD 144205466453
BAD 144152911597
BAD 144234990637
BAD 144106774631
BAD 144106774633
BAD 144106774639
BAD 144106805723
BAD 144106805729
BAD 144106805741
BAD 144205692803
BAD 144235216403
BAD 144235328299
BAD 144070276331
BAD 144070276333
BAD 144070276351
BAD 144107071909
BAD 144107071951
BAD 144153195217
BAD 144235413481
BAD 144070360771
BAD 144236274047
BAD 144207534869
BAD 144153340823
BAD 144108661237
BAD 144236274107
BAD 144207534871
BAD 144236274109
BAD 144236274113
BAD 144236274179
BAD 144070593263
BAD 144070709623
BAD 144070737623
BAD 144070803923
BAD 144153633443
BAD 144153633461
BAD 144109265011
BAD 144109265017
BAD 144109265023
BAD 144109436209
BAD 144109436213
BAD 144071078719
BAD 144109554709
BAD 144237136049
BAD 144153983167
BAD 144153983177
BAD 144071263339
BAD 144071263381
BAD 144071330371
BAD 144208460959
BAD 144110103259
BAD 144238249949
BAD 144071871199
BAD 144261747391
BAD 144238249951
BAD 144154373863
BAD 144154433057
BAD 144154433063
BAD 144261884219
BAD 144209091133
BAD 144209091137
BAD 144110297299
BAD 144110297311
BAD 144209314373
BAD 144209326733
BAD 144256231673
BAD 144072189097
BAD 144072189103
BAD 144256231687
BAD 144238606121
BAD 144238606123
BAD 144238606129
BAD 144154623419
BAD 144238680979
BAD 144238680983
BAD 144072873053
BAD 144239088971
BAD 144239088977
BAD 144239088979
BAD 144209989423
BAD 144155516963
BAD 144073243319
BAD 144262787671
BAD 144110435107
BAD 144155516971
BAD 144155516983
BAD 144256371697
BAD 144256371719
BAD 144210192923
BAD 144256400077
BAD 144073349821
BAD 144073397333
BAD 144211157003
BAD 144211157009
BAD 144211157011
BAD 144256786523
BAD 144211296751
BAD 144256895093
BAD 144239308957
BAD 144155927611
BAD 144155927623
BAD 144110585627
BAD 144110585629
BAD 144257078543
BAD 144211560407
BAD 144257132879
BAD 144257132881
BAD 144073822709
BAD 144073858039
BAD 144073858043
BAD 144257262553
BAD 144073962143
BAD 144212490353
BAD 144110816407
BAD 144240021481
BAD 144210720697
BAD 144263879873
BAD 144110816417
BAD 144110816419
BAD 144263918573
BAD 144263918581
BAD 144110903243
BAD 144110920043
BAD 144240247819
BAD 144212743729
BAD 144074213893
BAD 144212772733
BAD 144257306783
BAD 144240531401
BAD 144074342107
BAD 144257429051
BAD 144257429053
BAD 144264569633
BAD 144156104413
BAD 144264569641
BAD 144074435521
BAD 144213077717
BAD 144213077719
BAD 144213077737
BAD 144213077741
BAD 144074562077
BAD 144074562083
BAD 144156233119
BAD 144074562103
BAD 144111548803
BAD 144074587103
BAD 144156465113
BAD 144213493537
BAD 144241686839
BAD 144241782799
BAD 144156599089
BAD 144075026671
BAD 144213672409
BAD 144213672413
BAD 144258346543
BAD 144075165071
BAD 144156908689
BAD 144265646563
BAD 144112267267
BAD 144157045691
BAD 144242490781
BAD 144265803533
BAD 144112409767
BAD 144112409773
BAD 144112409851
BAD 144213942757
BAD 144242652937
BAD 144112539581
BAD 144242702881
BAD 144242702899
BAD 144295199791
BAD 144295199821
BAD 144259312523
BAD 144266169433
BAD 144075733759
BAD 144243066421
BAD 144157784207
BAD 144295199837
BAD 144157784209
BAD 144157784213
BAD 144113037883
BAD 144075789967
BAD 144243161987
BAD 144243161989
BAD 144214621829
BAD 144214622183
BAD 144157928647
BAD 144259478501
BAD 144259478989
BAD 144266323133
BAD 144259525261
BAD 144214687171
BAD 144075921361
BAD 144266431097
BAD 144113277349
BAD 144266443507
BAD 144266443513
BAD 144214822403
BAD 144266476901
BAD 144266476903
BAD 144158250109
BAD 144158251849
BAD 144259843051
BAD 144243647969
BAD 144295539659
BAD 144214998173
BAD 144267004867
BAD 144243647971
BAD 144076276549
BAD 144113432581
BAD 144267004873
BAD 144113432711
BAD 144113432731
BAD 144158311523
BAD 144113522941
BAD 144113522953
BAD 144259934851
BAD 144243818333
BAD 144243818339
BAD 144267188641
BAD 144076499579
BAD 144076509197
BAD 144243922159
BAD 144158607083
BAD 144158607091
BAD 144158607097
BAD 144295769417
BAD 144295769419
BAD 144158628907
BAD 144215502803
BAD 144215502811
BAD 144244170331
BAD 144215813857
BAD 144296257309
BAD 144244170337
BAD 144296262287
BAD 144296262289
BAD 144114485371
BAD 144159254221
BAD 144244212401
BAD 144244212403
BAD 144244212421
BAD 144260475817
BAD 144244272803
BAD 144114727093
BAD 144114727109
BAD 144114727111
BAD 144114727129
BAD 144268040243
BAD 144268040353
BAD 144260581357
BAD 144260581373
BAD 144260581379
BAD 144216208483
BAD 144268142203
BAD 144268142243
BAD 144268166831
BAD 144268166897
BAD 144268166899
BAD 144260680609
BAD 144260680621
BAD 144216595763
BAD 144268561771
BAD 144296861419
BAD 144159792547
BAD 144159792551
BAD 144261034783
BAD 144216904501
BAD 144297181057
BAD 144297208543
BAD 144297293641
BAD 144297327827
BAD 144297327829
BAD 144297327833
BAD 144115746193
BAD 144268954261
BAD 144268954289
BAD 144269120563
BAD 144160301107
BAD 144160301113
BAD 144297621067
BAD 144269190511
BAD 144269190563
BAD 144217615051
BAD 144217615189
BAD 144297878873
BAD 144269397641
BAD 144178112677
BAD 144298058843
BAD 144298058851
BAD 144116386261
BAD 144269598191
BAD 144298264343
BAD 144298320643
BAD 144178738553
BAD 144117012079
BAD 144298712743
BAD 144179190139
BAD 144298916017
BAD 144219371551
BAD 144219371563
BAD 144278514923
BAD 144270415987
BAD 144117508009
BAD 144219730657
BAD 144117651199
BAD 144278804443
BAD 144219850769
BAD 144219850771
BAD 144219907009
BAD 144219921203
BAD 144299523803
BAD 144278952409
BAD 144180238403
BAD 144180333919
BAD 144117969769
BAD 144117969773
BAD 144220138103
BAD 144220138109
BAD 144180560143
BAD 144220230071
BAD 144220230073
BAD 144118137601
BAD 144220230079
BAD 144220230083
BAD 144279440633
BAD 144220275139
BAD 144271437187
BAD 144220660043
BAD 144279823741
BAD 144279823747
BAD 144220743319
BAD 144181552679
BAD 144181552681
BAD 144181552693
BAD 144181552709
BAD 144181586543
BAD 144279991267
BAD 144300834233
BAD 144300834241
BAD 144221009657
BAD 144221009659
BAD 144221009671
BAD 144221009677
BAD 144221054407
BAD 144118916761
BAD 144221134073
BAD 144280207429
BAD 144280247611
BAD 144280247651
BAD 144280247653
BAD 144221195719
BAD 144182210099
BAD 144272346499
BAD 144182210101
BAD 144280319483
BAD 144119130871
BAD 144182210113
BAD 144119130877
BAD 144182338271
BAD 144301339913
BAD 144272554277
BAD 144182501843
BAD 144221446639
BAD 144301458877
BAD 144301502231
BAD 144182613293
BAD 144301502243
BAD 144221535449
BAD 144221535473
BAD 144221535553
BAD 144221535559
BAD 144119457953
BAD 144301695413
BAD 144182952937
BAD 144182987033
BAD 144183015721
BAD 144183015751
BAD 144119700359
BAD 144161126807
BAD 144221964493
BAD 144221964499
BAD 144221964503
BAD 144302003303
BAD 144183226393
BAD 144221964581
BAD 144302003309
BAD 144183226399
BAD 144221964583
BAD 144302003311
BAD 144221964587
BAD 144302003317
BAD 144221964589
BAD 144221964619
BAD 144119924191
BAD 144119924197
BAD 144119966189
BAD 144119966191
BAD 144119966197
BAD 144183333691
BAD 144183333713
BAD 144127524221
BAD 144120046397
BAD 144120153157
BAD 144120153179
BAD 144120153181
BAD 144183571793
BAD 144183571799
BAD 144183571801
BAD 144127707049
BAD 144183781649
BAD 144183781711
BAD 144183817837
BAD 144281597989
BAD 144222559603
BAD 144273984007
BAD 144183903323
BAD 144183917497
BAD 144222695921
BAD 144302669723
BAD 144222695923
BAD 144183965701
BAD 144183965713
BAD 144183965719
BAD 144183965773
BAD 144184117447
BAD 144184117463
BAD 144302830733
BAD 144128393797
BAD 144128393809
BAD 144184296481
BAD 144282017953
BAD 144120921359
BAD 144120921361
BAD 144120921367
BAD 144162487649
BAD 144282126407
BAD 144282126409
BAD 144282182839
BAD 144274649719
BAD 144121134433
BAD 144162761419
BAD 144162761423
BAD 144184686571
BAD 144223253813
BAD 144282513031
BAD 144121304291
BAD 144184692413
BAD 144223286131
BAD 144223302137
BAD 144162844393
BAD 144162896393
BAD 144129043699
BAD 144129043711
BAD 144303757621
BAD 144275269139
BAD 144275269141
BAD 144163009741
BAD 144163009747
BAD 144163009759
BAD 144223613161
BAD 144223613173
BAD 144163199797
BAD 144163199801
BAD 144185347261
BAD 144223729399
BAD 144223729409
BAD 144223729411
BAD 144275641969
BAD 144223807393
BAD 144223807397
BAD 144223829461
BAD 144223829479
BAD 144185774209
BAD 144223829483
BAD 144223829489
BAD 144223843249
BAD 144276008449
BAD 144276008453
BAD 144129733831
BAD 144129733837
BAD 144129733849
BAD 144185848073
BAD 144276040631
BAD 144276064643
BAD 144304562327
BAD 144304562329
BAD 144276131689
BAD 144283489027
BAD 144186055921
BAD 144122379007
BAD 144304689631
BAD 144283619239
BAD 144186181193
BAD 144276440779
BAD 144130076711
BAD 144304888439
BAD 144304928557
BAD 144224210467
BAD 144186428327
BAD 144186428329
BAD 144164190503
BAD 144130182551
BAD 144164322881
BAD 144224362069
BAD 144284145919
BAD 144305238139
BAD 144123024679
BAD 144284283211
BAD 144224499697
BAD 144224499701
BAD 144224499703
BAD 144305360533
BAD 144305360539
BAD 144187035383
BAD 144164583449
BAD 144164589067
BAD 144164589071
BAD 144284442637
BAD 144284442649
BAD 144130470151
BAD 144305488253
BAD 144123230437
BAD 144123301507
BAD 144123397573
BAD 144164879927
BAD 144224785459
BAD 144224789659
BAD 144284830091
BAD 144284830093
BAD 144123508391
BAD 144123508393
BAD 144284890349
BAD 144305805739
BAD 144284890391
BAD 144224943371
BAD 144123718033
BAD 144123718043
BAD 144305860351
BAD 144277736233
BAD 144305924857
BAD 144277809113
BAD 144277809121
BAD 144165321379
BAD 144277834873
BAD 144277840129
BAD 144123936433
BAD 144306046699
BAD 144188181271
BAD 144188223019
BAD 144277935569
BAD 144277935577
BAD 144123989341
BAD 144165447893
BAD 144285272647
BAD 144285305399
BAD 144306198251
BAD 144131593883
BAD 144285483649
BAD 144285483653
BAD 144306398903
BAD 144131706673
BAD 144188729081
BAD 144307046089
BAD 144131888401
BAD 144165981931
BAD 144307046137
BAD 144124992799
BAD 144131888431
BAD 144165981937
BAD 144285671461
BAD 144225500401
BAD 144188729107
BAD 144225516599
BAD 144225516601
BAD 144225544973
BAD 144225545003
BAD 144307260413
BAD 144189008267
BAD 144189008269
BAD 144189014017
BAD 144225726979
BAD 144285981023
BAD 144189061669
BAD 144189061673
BAD 144166319813
BAD 144166420253
BAD 144189191437
BAD 144189282011
BAD 144125548187
BAD 144125548213
BAD 144286371101
BAD 144166701743
BAD 144286468133
BAD 144226223003
BAD 144286503217
BAD 144286503269
BAD 144286503271
BAD 144132549311
BAD 144132549413
BAD 144132549443
BAD 144226340017
BAD 144226340021
BAD 144226340023
BAD 144226340039
BAD 144226340053
BAD 144167025557
BAD 144189892529
BAD 144189892531
BAD 144189892603
BAD 144189892607
BAD 144167081857
BAD 144307724279
BAD 144125877713
BAD 144286853531
BAD 144286853549
BAD 144286853551
BAD 144167399449
BAD 144126114001
BAD 144126268553
BAD 144190446529
BAD 144308105273
BAD 144190475419
BAD 144167837753
BAD 144227599093
BAD 144126411529
BAD 144287224733
BAD 144227599097
BAD 144190475423
BAD 144227599099
BAD 144287384881
BAD 144308262353
BAD 144308262361
BAD 144190670971
BAD 144133185061
BAD 144308346209
BAD 144308346211
BAD 144126751597
BAD 144190906183
BAD 144126958319
BAD 144126958321
BAD 144288044743
BAD 144133622939
BAD 144133638683
BAD 144288108919
BAD 144168591887
BAD 144191040863
BAD 144191040887
BAD 144133854647
BAD 144133854649
BAD 144133854653
BAD 144191131661
BAD 144191131663
BAD 144191131673
BAD 144308782951
BAD 144169035037
BAD 144134063207
BAD 144126995651
BAD 144134063209
BAD 144288365743
BAD 144308782973
BAD 144308782993
BAD 144191418593
BAD 144191534497
BAD 144309225259
BAD 144309225293
BAD 144309225299
BAD 144309225301
BAD 144309225317
BAD 144309225349
BAD 144309234161
BAD 144309234163
BAD 144309234203
BAD 144288815911
BAD 144309427037
BAD 144134652841
BAD 144134652877
BAD 144191964739
BAD 144134718463
BAD 144169912531
BAD 144169912543
BAD 144169912553
BAD 144309865129
BAD 144192196591
BAD 144170460463
BAD 144310471873
BAD 144289716803
BAD 144170529827
BAD 144170915983
BAD 144290298263
BAD 144290298337
BAD 144171034069
BAD 144171243301
BAD 144171243317
BAD 144171243319
BAD 144171243323
BAD 144171243329
BAD 144171243331
BAD 144290474437
BAD 144311416619
BAD 144311416621
BAD 144290662849
BAD 144290662853
BAD 144135036649
BAD 144135287033
BAD 144290904019
BAD 144290948621
BAD 144290948623
BAD 144290948629
BAD 144193440451
BAD 144135519299
BAD 144135764497
BAD 144135764501
BAD 144135764503
BAD 144172211431
BAD 144193813429
BAD 144292073699
BAD 144193813433
BAD 144292073701
BAD 144292088971
BAD 144292089083
BAD 144172311617
BAD 144172315297
BAD 144172315303
BAD 144135958201
BAD 144292211593
BAD 144292211597
BAD 144292211599
BAD 144193984279
BAD 144194009909
BAD 144292375237
BAD 144292444613
BAD 144292572709
BAD 144292654217
BAD 144292654223
BAD 144136503733
BAD 144136503787
BAD 144136503793
BAD 144172873261
BAD 144173364931
BAD 144293223163
BAD 144173774099
BAD 144173931073
BAD 144293965817
BAD 144138468307
BAD 144174159403
BAD 144138468311
BAD 144174248773
BAD 144174403819
BAD 144294480661
BAD 144294550021
BAD 144294550033
BAD 144294569599
BAD 144294669023
BAD 144294762361
BAD 144174509503
BAD 144174509533
BAD 144174605633
BAD 144174716123
BAD 144174927443
BAD 144175011439
BAD 144175042549
BAD 144175113947
BAD 144139895101
BAD 144175182973
BAD 144140023199
BAD 144140023201
BAD 144175343423
BAD 144175343437
BAD 144175928213
BAD 144140529209
BAD 144176232559
BAD 144176326997
BAD 144141154319
BAD 144176430991
BAD 144141228461
BAD 144141228463
BAD 144141228467
BAD 144141578561
BAD 144141578563
BAD 144141604837
BAD 144141604853
BAD 144177008149
BAD 144177008167
BAD 144142020173
BAD 144177141169
BAD 144177141221
BAD 144177141223
BAD 144177141233
BAD 144177141247
BAD 144177141259
BAD 144177141263
BAD 144177141271
BAD 144177141289
BAD 144142321709
BAD 144142321711
BAD 144177303691
BAD 144142817033
BAD 144142892941
BAD 144143241589
BAD 144143423173
BAD 144143423191
BAD 144143686097
BAD 144143732633
BAD 144143732639
BAD 144143732641
BAD 144312004411
BAD 144312207583
BAD 144313002311
BAD 144313002313
BAD 144313002341
BAD 144313002343
BAD 144313002373
BAD 144313002377
BAD 144313443541
BAD 144313993129
BAD 144314200279
BAD 144314200309
BAD 144314565053
BAD 144314565079
BAD 144314565089
BAD 144314565091
BAD 144314624653
BAD 144314627011
BAD 144314656669
BAD 144314869313
BAD 144314869319
BAD 144314869327
BAD 144314869331
BAD 144315126313
BAD 144316181147
BAD 144316181153
BAD 144316185617
BAD 144316185619
BAD 144316185631
BAD 144316266571
BAD 144317646871
BAD 144317646919
BAD 144318103361
BAD 144318464267
BAD 144318464273
BAD 144319024459
BAD 144319024463
BAD 144319286249
BAD 144319286269
BAD 144319286299
BAD 144319286303
BAD 144319802243
BAD 144320120701
BAD 144321766517
BAD 144322340473
BAD 144322340479
BAD 144322350233
BAD 144322400611
BAD 144322530127
BAD 144322882069
BAD 144322908481
BAD 144323042587
BAD 144395642473
BAD 144395751919
BAD 144379067579
BAD 144395832173
BAD 144379143593
BAD 144379415941
BAD 144396252841
BAD 144323464969
BAD 144323518553
BAD 144323518561
BAD 144396382693
BAD 144396382769
BAD 144396382771
BAD 144396382789
BAD 144396473539
BAD 144323811581
BAD 144324289289
BAD 144324337951
BAD 144380132177
BAD 144380132179
BAD 144380132191
BAD 144380132203
BAD 144324469231
BAD 144380250869
BAD 144380366201
BAD 144380497831
BAD 144397439399
BAD 144397439401
BAD 144397522337
BAD 144324762293
BAD 144325402159
BAD 144398869369
BAD 144326088217
BAD 144326155343
BAD 144326155349
BAD 144399225499
BAD 144399225521
BAD 144399229783
BAD 144399254203
BAD 144399254227
BAD 144399290701
BAD 144399376151
BAD 144399453727
BAD 144382494853
BAD 144400053173
BAD 144382602677
BAD 144400257101
BAD 144400474073
BAD 144400598627
BAD 144400598813
BAD 144400775551
BAD 144400775557
BAD 144400817837
BAD 144400817839
BAD 144383854583
BAD 144401538167
BAD 144401538209
BAD 144401547709
BAD 144383959039
BAD 144401613179
BAD 144384183343
BAD 144384183353
BAD 144384727741
BAD 144384988697
BAD 144384988723
BAD 144384988729
BAD 144384988733
BAD 144326256691
BAD 144326256713
BAD 144403109839
BAD 144403172399
BAD 144403172401
BAD 144326670311
BAD 144403531403
BAD 144403531411
BAD 144403531429
BAD 144403643029
BAD 144385733903
BAD 144385780073
BAD 144386180857
BAD 144386180891
BAD 144386180893
BAD 144327596983
BAD 144327596989
BAD 144327924421
BAD 144386560639
BAD 144328026407
BAD 144328152377
BAD 144328152379
BAD 144328152383
BAD 144328294031
BAD 144328294039
BAD 144328294043
BAD 144328294069
BAD 144328294073
BAD 144386819639
BAD 144386819641
BAD 144386839853
BAD 144404606179
BAD 144387190553
BAD 144387429671
BAD 144387429673
BAD 144387429677
BAD 144387429679
BAD 144387490733
BAD 144387748927
BAD 144387756677
BAD 144387756679
BAD 144387756683
BAD 144387782911
BAD 144388176409
BAD 144388239713
BAD 144406292029
BAD 144406292033
BAD 144388905559
BAD 144406340027
BAD 144406357709
BAD 144388965079
BAD 144388965089
BAD 144389077381
BAD 144389193413
BAD 144406635343
BAD 144406985717
BAD 144406985719
BAD 144390241403
BAD 144390241469
BAD 144390751111
BAD 144408097571
BAD 144408097573
BAD 144408097577
BAD 144408097579
BAD 144408097583
BAD 144408841169
BAD 144408962843
BAD 144409083499
BAD 144409083503
BAD 144409279493
BAD 144409567231
BAD 144410438069
BAD 144410438071
BAD 144410657123
BAD 144410670643
BAD 144410729713
BAD 144410729731
BAD 144411134587
BAD 144411391951
BAD 144411923129
BAD 144412126927
BAD 144391131421
BAD 144391336423
BAD 144391499983
BAD 144392186513
BAD 144392211217
BAD 144393096259
BAD 144393096271
BAD 144393153683
BAD 144393201907
BAD 144393411871
BAD 144393411881
BAD 144393665081
BAD 144393665083
BAD 144394002721
BAD 144394002733
BAD 144394312219
BAD 144345341027
BAD 144394635661
BAD 144394635667
BAD 144394818443
BAD 144394896673
BAD 144395043029
BAD 144395043031
BAD 144395043431
BAD 144395106049
BAD 144395106067
BAD 144345985291
BAD 144345985351
BAD 144346185959
BAD 144346185961
BAD 144346258387
BAD 144346258391
BAD 144346258393
BAD 144395495221
BAD 144395544913
BAD 144346653911
BAD 144347291819
BAD 144347291821
BAD 144347291827
BAD 144347291831
BAD 144347291833
BAD 144347696993
BAD 144347767283
BAD 144348936619
BAD 144349058047
BAD 144349196911
BAD 144349460543
BAD 144350139001
BAD 144350139013
BAD 144350139019
BAD 144350139071
BAD 144350140063
BAD 144350635073
BAD 144350635081
BAD 144351559591
BAD 144351637621
BAD 144351862973
BAD 144351952543
BAD 144362626493
BAD 144362717987
BAD 144362879527
BAD 144362879533
BAD 144362879543
BAD 144362942929
BAD 144362942959
BAD 144362942963
BAD 144363165773
BAD 144363165781
BAD 144363165787
BAD 144363399841
BAD 144363469771
BAD 144363524603
BAD 144364066261
BAD 144364166521
BAD 144364200403
BAD 144352707773
BAD 144352707799
BAD 144353332531
BAD 144353332537
BAD 144353545291
BAD 144353575943
BAD 144353865833
BAD 144364469033
BAD 144364469063
BAD 144353921951
BAD 144353921953
BAD 144364602493
BAD 144364602511
BAD 144364602517
BAD 144364602521
BAD 144364602523
BAD 144364864327
BAD 144354478069
BAD 144365159843
BAD 144354624289
BAD 144354624331
BAD 144354624383
BAD 144354785389
BAD 144355308703
BAD 144366150529
BAD 144366235873
BAD 144366490909
BAD 144366603259
BAD 144366640771
BAD 144366648353
BAD 144356030101
BAD 144356030107
BAD 144356030113
BAD 144356064793
BAD 144356080553
BAD 144367106713
BAD 144356349871
BAD 144356349923
BAD 144367654621
BAD 144367654661
BAD 144367654663
BAD 144367654667
BAD 144367731367
BAD 144367993073
BAD 144368640653
BAD 144368640659
BAD 144368994061
BAD 144369234211
BAD 144369400897
BAD 144370104157
BAD 144370297663
BAD 144370584401
BAD 144370584403
BAD 144370584431
BAD 144372289381
BAD 144372371317
BAD 144372371323
BAD 144373856849
BAD 144374206819
BAD 144374206829
BAD 144356419477
BAD 144356677043
BAD 144357860719
BAD 144357860723
BAD 144358535119
BAD 144358536271
BAD 144358917407
BAD 144358971353
BAD 144358975489
BAD 144359060941
BAD 144359749493
BAD 144359805089
BAD 144359805091
BAD 144359805103
BAD 144359865841
BAD 144360162313
BAD 144360162319
BAD 144360357367
BAD 144360357373
BAD 144360357377
BAD 144360361543
BAD 144360361547
BAD 144360361549
BAD 144361087361
BAD 144361087379
BAD 144361299757
BAD 144361307029
BAD 144361307033
BAD 144361307053
BAD 144361446961
BAD 144361474399
BAD 144361750499
BAD 144361750501
BAD 144375266713
BAD 144375344473
BAD 144375835579
BAD 144376012493
BAD 144376701761
BAD 144328653349
BAD 144328780537
BAD 144328859069
BAD 144328859071
BAD 144329224261
BAD 144329224267
BAD 144329224289
BAD 144330991009
BAD 144331062839
BAD 144377393689
BAD 144331542437
BAD 144331584217
BAD 144331584223
BAD 144378488083
BAD 144378540001
BAD 144331723117
BAD 144331929829
BAD 144332193023
BAD 144332214017
BAD 144332214049
BAD 144412522873
BAD 144412534351
BAD 144332379259
BAD 144332379263
BAD 144332379271
BAD 144332849363
BAD 144412572769
BAD 144412763623
BAD 144413020753
BAD 144413294647
BAD 144413294651
BAD 144413294653
BAD 144413563937
BAD 144413563939
BAD 144413563949
BAD 144413563951
BAD 144413608117
BAD 144413823509
BAD 144413986499
BAD 144413986501
BAD 144414194389
BAD 144414554213
BAD 144334316699
BAD 144414834367
BAD 144414834371
BAD 144414834373
BAD 144414835057
BAD 144414931163
BAD 144415213237
BAD 144415213249
BAD 144415320811
BAD 144415484663
BAD 144415634647
BAD 144415634653
BAD 144415961917
BAD 144415961947
BAD 144416162983
BAD 144416225839
BAD 144335354333
BAD 144335354341
BAD 144335390281
BAD 144335634953
BAD 144335719279
BAD 144335888017
BAD 144416382499
BAD 144336369511
BAD 144416679257
BAD 144336992309
BAD 144336992311
BAD 144417074999
BAD 144417075001
BAD 144417077011
BAD 144417077017
BAD 144417168563
BAD 144417480923
BAD 144337204021
BAD 144337673971
BAD 144337674001
BAD 144337674007
BAD 144338315449
BAD 144338315453
BAD 144339370891
BAD 144340043623
BAD 144340388923
BAD 144417750703
BAD 144418289933
BAD 144418429471
BAD 144418429481
BAD 144418429483
BAD 144418666393
BAD 144418666397
BAD 144340999267
BAD 144340999279
BAD 144341311027
BAD 144341311043
BAD 144341512411
BAD 144341512429
BAD 144341527793
BAD 144419037121
BAD 144419345783
BAD 144419415691
BAD 144419576869
BAD 144419590673
BAD 144420003883
BAD 144420268891
BAD 144420488293
BAD 144420541063
BAD 144420541091
BAD 144420541093
BAD 144420798169
BAD 144420837503
BAD 144421023911
BAD 144421179271
BAD 144421229611
BAD 144421636399
BAD 144421636433
BAD 144421721659
BAD 144422594101
BAD 144422917399
BAD 144422917403
BAD 144422917409
BAD 144422917411
BAD 144422948819
BAD 144422948821
BAD 144423246661
BAD 144423713491
BAD 144341959913
BAD 144342273217
BAD 144342897143
BAD 144342897157
BAD 144342897161
BAD 144342897163
BAD 144343057561
BAD 144343057567
BAD 144343187579
BAD 144343187581
BAD 144343374671
BAD 144343374673
BAD 144343374727
BAD 144344009239
BAD 144344472071
BAD 144344472073
BAD 144344472079
BAD 144344579633
BAD 144344704171
BAD 144345242039
BAD 144423833143
BAD 144423833153
BAD 144424198403
BAD 144424742663
BAD 144424977337
BAD 144424980697
BAD 144424980703
BAD 144425054363
BAD 144425054399
BAD 144425054401
BAD 144429212003
BAD 144429333079
BAD 144429442823
BAD 144429749543
BAD 144429749551
BAD 144425736053
BAD 144430128781
BAD 144430128811
BAD 144430183643
BAD 144426682259
BAD 144426682321
BAD 144431403877
BAD 144431491201
BAD 144431741437
BAD 144427238663
BAD 144427238689
BAD 144427238693
BAD 144431817713
BAD 144432064397
BAD 144432064411
BAD 144432116753
BAD 144427613221
BAD 144427613263
BAD 144432121993
BAD 144427742203
BAD 144427897619
BAD 144428273813
BAD 144432875443
BAD 144432920509
BAD 144432968809
BAD 144432968821
BAD 144428594809
BAD 144428611309
BAD 144433835279
BAD 144433835281
BAD 144433847281
BAD 144433847287
BAD 144434054231
BAD 144434054239
BAD 144434054243
BAD 144435355261
BAD 144435873839
BAD 144435949477
BAD 144435949481
BAD 144435992587
BAD 144436205269
BAD 144436266103
BAD 144436911271
BAD 144436911277
BAD 144436925093
BAD 144437175763
BAD 144437853409
BAD 144438024421
BAD 144438128453
BAD 144438236693
BAD 144438907303
BAD 144439043029
BAD 144439588261
BAD 144439925263
BAD 144439925269
BAD 144439939177
BAD 144439939181
BAD 144440036417
BAD 144441688973
BAD 144441887147
BAD 144441888523
BAD 144442544899
BAD 144442544903
BAD 144443934307
BAD 144444311449
BAD 144444393503
BAD 144444512521
BAD 144444864007
BAD 144445883173
BAD 144547852333
BAD 144547852343
BAD 144548516569
BAD 144549468913
BAD 144550755997
BAD 144551450053
BAD 144551450059
BAD 144551450063
BAD 144551787481
BAD 144551787487
BAD 144551787493
BAD 144551810773
BAD 144551893699
BAD 144551944037
BAD 144551944057
BAD 144552061013
BAD 144552578899
BAD 144552578903
BAD 144552578917
BAD 144552873019
BAD 144553272683
BAD 144553272691
BAD 144553272697
BAD 144553272701
BAD 144553363261
BAD 144553363303
BAD 144553530019
BAD 144554334797
BAD 144513740719
BAD 144514107779
BAD 144514107781
BAD 144554885249
BAD 144514585027
BAD 144514679761
BAD 144555178433
BAD 144463499071
BAD 144463675337
BAD 144463675339
BAD 144463859509
BAD 144463901383
BAD 144515415523
BAD 144515415529
BAD 144515415533
BAD 144515827177
BAD 144515961823
BAD 144516164207
BAD 144556494547
BAD 144516342059
BAD 144516363829
BAD 144516363833
BAD 144516363857
BAD 144516478609
BAD 144464438347
BAD 144464491583
BAD 144516611059
BAD 144516611069
BAD 144516661361
BAD 144516661363
BAD 144464827363
BAD 144464827369
BAD 144464871601
BAD 144516741241
BAD 144465394141
BAD 144517587337
BAD 144518469947
BAD 144518653973
BAD 144466344613
BAD 144518740669
BAD 144518740673
BAD 144518860669
BAD 144466510733
BAD 144466510739
BAD 144466553053
BAD 144466903937
BAD 144467051593
BAD 144519271621
BAD 144519271627
BAD 144467653511
BAD 144467653513
BAD 144467739599
BAD 144467739601
BAD 144467940367
BAD 144468109153
BAD 144468129203
BAD 144520150549
BAD 144468211109
BAD 144468211117
BAD 144468211141
BAD 144557380501
BAD 144468211171
BAD 144468248059
BAD 144468248069
BAD 144557438881
BAD 144468311951
BAD 144468311993
BAD 144557876069
BAD 144557876093
BAD 144558250561
BAD 144558732553
BAD 144558732557
BAD 144558820337
BAD 144558820339
BAD 144558834929
BAD 144469267099
BAD 144469296847
BAD 144559022203
BAD 144559272551
BAD 144559272553
BAD 144559283003
BAD 144559319269
BAD 144559887013
BAD 144560077027
BAD 144560153167
BAD 144560511203
BAD 144479969383
BAD 144479969401
BAD 144479969407
BAD 144480032689
BAD 144562192163
BAD 144480037657
BAD 144480037673
BAD 144470943013
BAD 144562375003
BAD 144529965277
BAD 144480467437
BAD 144480467447
BAD 144480467449
BAD 144471130459
BAD 144563014769
BAD 144480640663
BAD 144480693199
BAD 144520256791
BAD 144530289751
BAD 144481213001
BAD 144481213003
BAD 144481213007
BAD 144530607253
BAD 144530607269
BAD 144530607271
BAD 144530607289
BAD 144613840543
BAD 144613840559
BAD 144613840561
BAD 144613968061
BAD 144613968097
BAD 144481688599
BAD 144530996759
BAD 144481856723
BAD 144614458067
BAD 144521328883
BAD 144481856749
BAD 144614458069
BAD 144531374731
BAD 144531374753
BAD 144521335247
BAD 144521335249
BAD 144614524387
BAD 144521484103
BAD 144521484113
BAD 144521490383
BAD 144521530207
BAD 144521585447
BAD 144521585449
BAD 144614942833
BAD 144615035449
BAD 144532017703
BAD 144532077187
BAD 144532077191
BAD 144482147959
BAD 144615314461
BAD 144522127381
BAD 144532321487
BAD 144615828757
BAD 144615828761
BAD 144482434183
BAD 144482434277
BAD 144482434279
BAD 144615912913
BAD 144522597727
BAD 144472051753
BAD 144522597731
BAD 144522597733
BAD 144532524181
BAD 144532524187
BAD 144522654181
BAD 144522728359
BAD 144532723441
BAD 144616420549
BAD 144482785471
BAD 144482785487
BAD 144472483123
BAD 144482984231
BAD 144533014097
BAD 144533014099
BAD 144533014103
BAD 144483219497
BAD 144483219499
BAD 144483354991
BAD 144533241961
BAD 144533241971
BAD 144533241973
BAD 144533241991
BAD 144533241997
BAD 144616933343
BAD 144616933367
BAD 144616933369
BAD 144483642601
BAD 144533464219
BAD 144496453601
BAD 144563503867
BAD 144473318089
BAD 144496453603
BAD 144496591303
BAD 144484073827
BAD 144617203189
BAD 144496723253
BAD 144473544169
BAD 144473544199
BAD 144523919809
BAD 144523931371
BAD 144484286963
BAD 144496993429
BAD 144497022757
BAD 144497022763
BAD 144497022781
BAD 144524003333
BAD 144524003339
BAD 144524003341
BAD 144534101743
BAD 144534101759
BAD 144524273527
BAD 144524273533
BAD 144474055223
BAD 144474094043
BAD 144474130687
BAD 144474130693
BAD 144617470169
BAD 144617470171
BAD 144524632873
BAD 144565210663
BAD 144498160043
BAD 144485545123
BAD 144565357109
BAD 144485731501
BAD 144485757071
BAD 144474869887
BAD 144474869893
BAD 144474951953
BAD 144474951961
BAD 144474951967
BAD 144617718811
BAD 144525237511
BAD 144525301483
BAD 144498894223
BAD 144498894247
BAD 144498894251
BAD 144566025733
BAD 144485971577
BAD 144617942801
BAD 144499240373
BAD 144499251587
BAD 144618168577
BAD 144525928193
BAD 144475576169
BAD 144475576171
BAD 144475576183
BAD 144475576187
BAD 144499602917
BAD 144486569417
BAD 144499824109
BAD 144475870817
BAD 144486569419
BAD 144499824113
BAD 144619000157
BAD 144619000159
BAD 144476003569
BAD 144476003603
BAD 144566734511
BAD 144499947973
BAD 144486848993
BAD 144534590701
BAD 144526549729
BAD 144486941257
BAD 144526635137
BAD 144526635139
BAD 144486995123
BAD 144486995131
BAD 144487010911
BAD 144487010923
BAD 144619531891
BAD 144619552549
BAD 144567454267
BAD 144477043759
BAD 144526979341
BAD 144487459399
BAD 144477157283
BAD 144527097739
BAD 144534921439
BAD 144500638201
BAD 144535516903
BAD 144680845801
BAD 144648024277
BAD 144477739733
BAD 144527429821
BAD 144648024281
BAD 144648024289
BAD 144648024293
BAD 144620184263
BAD 144568121221
BAD 144500638207
BAD 144500638211
BAD 144500638213
BAD 144535729909
BAD 144648172913
BAD 144568328273
BAD 144620412281
BAD 144620412283
BAD 144527746739
BAD 144500720569
BAD 144648233861
BAD 144568413061
BAD 144500857483
BAD 144478389221
BAD 144478389227
BAD 144478389229
BAD 144568723093
BAD 144528280033
BAD 144681770983
BAD 144478757791
BAD 144529029349
BAD 144501366733
BAD 144488416231
BAD 144682725713
BAD 144621477829
BAD 144621496973
BAD 144569378353
BAD 144536683373
BAD 144536683381
BAD 144682844003
BAD 144501539269
BAD 144569519797
BAD 144621633649
BAD 144621676351
BAD 144621761363
BAD 144621761371
BAD 144621761393
BAD 144529597577
BAD 144529597579
BAD 144529597703
BAD 144529597711
BAD 144529658621
BAD 144529705147
BAD 144648696601
BAD 144683395067
BAD 144683395069
BAD 144502085851
BAD 144502085857
BAD 144489175993
BAD 144489180841
BAD 144479192807
BAD 144683724623
BAD 144537026839
BAD 144649255627
BAD 144570292973
BAD 144621873863
BAD 144537026849
BAD 144570293003
BAD 144649257811
BAD 144621883339
BAD 144570312589
BAD 144649326743
BAD 144489390559
BAD 144489435991
BAD 144684102349
BAD 144684121039
BAD 144684121051
BAD 144537340399
BAD 144537340403
BAD 144570627241
BAD 144502360591
BAD 144537374119
BAD 144684560963
BAD 144502575967
BAD 144650294101
BAD 144502643497
BAD 144502643501
BAD 144650406559
BAD 144650406623
BAD 144537697763
BAD 144622488869
BAD 144684818617
BAD 144622488889
BAD 144537697771
BAD 144537697781
BAD 144537697783
BAD 144537697793
BAD 144537755513
BAD 144502999037
BAD 144650960081
BAD 144622722017
BAD 144622722019
BAD 144651106189
BAD 144651106199
BAD 144651106207
BAD 144685318073
BAD 144651477713
BAD 144685730401
BAD 144685871933
BAD 144651875321
BAD 144651875323
BAD 144651875339
BAD 144651875341
BAD 144651875369
BAD 144651875371
BAD 144686070601
BAD 144686096791
BAD 144651966211
BAD 144571712093
BAD 144571729483
BAD 144652186597
BAD 144491764733
BAD 144623459623
BAD 144686864281
BAD 144503148623
BAD 144686864827
BAD 144537888049
BAD 144503148641
BAD 144623465579
BAD 144571856701
BAD 144571856719
BAD 144652428493
BAD 144623605001
BAD 144538370497
BAD 144652874329
BAD 144623605003
BAD 144538370503
BAD 144687176761
BAD 144492700717
BAD 144652874339
BAD 144571960171
BAD 144492700721
BAD 144503379541
BAD 144492700747
BAD 144687176779
BAD 144492700789
BAD 144503379547
BAD 144538379987
BAD 144538379989
BAD 144492820583
BAD 144687282227
BAD 144503642161
BAD 144623800379
BAD 144503642167
BAD 144653209513
BAD 144572163847
BAD 144623800381
BAD 144623800393
BAD 144493068617
BAD 144653489161
BAD 144653489191
BAD 144687574217
BAD 144687574237
BAD 144493229527
BAD 144624039487
BAD 144624039493
BAD 144653680547
BAD 144687731179
BAD 144687731197
BAD 144687731203
BAD 144493439869
BAD 144572322929
BAD 144572322931
BAD 144572322949
BAD 144624269401
BAD 144572385481
BAD 144538554841
BAD 144538568569
BAD 144504286523
BAD 144504288457
BAD 144572639513
BAD 144504288503
BAD 144654776587
BAD 144494322317
BAD 144654776593
BAD 144494322319
BAD 144494327611
BAD 144494356949
BAD 144494356973
BAD 144572728801
BAD 144538806541
BAD 144654959569
BAD 144538812181
BAD 144538812191
BAD 144538812193
BAD 144504454169
BAD 144625195051
BAD 144538973153
BAD 144688671793
BAD 144688754579
BAD 144688755623
BAD 144688755643
BAD 144539096371
BAD 144504696383
BAD 144539219233
BAD 144625484593
BAD 144689006597
BAD 144689006599
BAD 144655622417
BAD 144494807581
BAD 144625601453
BAD 144505106203
BAD 144689135741
BAD 144505106257
BAD 144495048979
BAD 144689135743
BAD 144495048983
BAD 144495048989
BAD 144495048991
BAD 144495108503
BAD 144495152959
BAD 144573623093
BAD 144495294533
BAD 144495436717
BAD 144495436733
BAD 144574100941
BAD 144495665761
BAD 144626117477
BAD 144495757297
BAD 144689839477
BAD 144495834001
BAD 144574362059
BAD 144574362061
BAD 144574362083
BAD 144539627909
BAD 144539643653
BAD 144496039747
BAD 144690048991
BAD 144505662643
BAD 144496158013
BAD 144539953823
BAD 144657312353
BAD 144627469453
BAD 144496196759
BAD 144574951429
BAD 144627469477
BAD 144496229677
BAD 144496263841
BAD 144657468883
BAD 144690457157
BAD 144690457159
BAD 144657591697
BAD 144575250409
BAD 144657789583
BAD 144657864391
BAD 144658019431
BAD 144658036129
BAD 144658047739
BAD 144658088833
BAD 144658120939
BAD 144658120987
BAD 144658120991
BAD 144658120993
BAD 144628078213
BAD 144658219117
BAD 144628181743
BAD 144505984549
BAD 144505984573
BAD 144505984591
BAD 144658384007
BAD 144658384009
BAD 144540838411
BAD 144691453211
BAD 144576020891
BAD 144691453213
BAD 144628311769
BAD 144576020893
BAD 144691515349
BAD 144691515383
BAD 144628414591
BAD 144628431799
BAD 144691704149
BAD 144691704151
BAD 144628637617
BAD 144628637633
BAD 144628637639
BAD 144628637641
BAD 144658806781
BAD 144506486029
BAD 144506486039
BAD 144506486041
BAD 144506503249
BAD 144576474257
BAD 144576476003
BAD 144576476027
BAD 144576476063
BAD 144576476069
BAD 144576476071
BAD 144659006281
BAD 144628840553
BAD 144628840561
BAD 144540843221
BAD 144506623213
BAD 144692429993
BAD 144660069769
BAD 144629055523
BAD 144629055533
BAD 144629075029
BAD 144692789011
BAD 144692846869
BAD 144692846873
BAD 144629319503
BAD 144541323061
BAD 144541323067
BAD 144541323071
BAD 144541323097
BAD 144660353977
BAD 144541481587
BAD 144506848363
BAD 144506848393
BAD 144693276743
BAD 144693471493
BAD 144693471497
BAD 144693471499
BAD 144541854577
BAD 144541854581
BAD 144660775489
BAD 144541909189
BAD 144541909201
BAD 144541911991
BAD 144541915321
BAD 144693972757
BAD 144660842639
BAD 144541915327
BAD 144694018541
BAD 144694018543
BAD 144694018549
BAD 144576658951
BAD 144660980207
BAD 144660980209
BAD 144660980213
BAD 144542052901
BAD 144694168433
BAD 144694369759
BAD 144694369763
BAD 144661400243
BAD 144577205963
BAD 144507836017
BAD 144507836027
BAD 144507836029
BAD 144661685873
BAD 144661685881
BAD 144577363457
BAD 144577363459
BAD 144694617643
BAD 144507962281
BAD 144508023097
BAD 144577666369
BAD 144662242273
BAD 144662242279
BAD 144662246843
BAD 144543621331
BAD 144629607721
BAD 144695359073
BAD 144695359079
BAD 144695359103
BAD 144695378447
BAD 144695378449
BAD 144695465921
BAD 144695465923
BAD 144695465927
BAD 144509260117
BAD 144509300161
BAD 144629776957
BAD 144695596081
BAD 144509400001
BAD 144509465671
BAD 144695845297
BAD 144662692729
BAD 144695962409
BAD 144630368017
BAD 144696187351
BAD 144630452873
BAD 144577722983
BAD 144543866947
BAD 144577755893
BAD 144543900331
BAD 144662982991
BAD 144696441391
BAD 144696441397
BAD 144696441523
BAD 144510328583
BAD 144696441529
BAD 144544798087
BAD 144663576403
BAD 144544798091
BAD 144577895041
BAD 144663597943
BAD 144577946011
BAD 144510450719
BAD 144510450769
BAD 144663792661
BAD 144510513571
BAD 144510513577
BAD 144510513583
BAD 144696783113
BAD 144545204393
BAD 144510601397
BAD 144510601399
BAD 144696911113
BAD 144696971711
BAD 144664036021
BAD 144545463263
BAD 144578455339
BAD 144578455367
BAD 144697120597
BAD 144578497081
BAD 144510976823
BAD 144510999449
BAD 144578528669
BAD 144578528671
BAD 144545793101
BAD 144697477087
BAD 144545793103
BAD 144511229243
BAD 144545793113
BAD 144545983583
BAD 144545983903
BAD 144546049267
BAD 144546295483
BAD 144546319963
BAD 144579188993
BAD 144579264229
BAD 144511944697
BAD 144511944701
BAD 144546563519
BAD 144546563521
BAD 144512100121
BAD 144580148263
BAD 144446729033
BAD 144446822753
BAD 144447086767
BAD 144447615847
BAD 144447615853
BAD 144448323017
BAD 144448323029
BAD 144448323031
BAD 144449595739
BAD 144449595743
BAD 144449595751
BAD 144450336049
BAD 144597399413
BAD 144450336053
BAD 144597399439
BAD 144597554033
BAD 144450488431
BAD 144450513173
BAD 144450665809
BAD 144450688651
BAD 144597986263
BAD 144598186877
BAD 144451652581
BAD 144451652591
BAD 144451652593
BAD 144598711069
BAD 144451709629
BAD 144598791229
BAD 144598901371
BAD 144598901423
BAD 144598967633
BAD 144452278279
BAD 144452278283
BAD 144599063993
BAD 144599579653
BAD 144600017291
BAD 144600130351
BAD 144452309341
BAD 144600735647
BAD 144452621011
BAD 144452911157
BAD 144452911159
BAD 144453007789
BAD 144453007793
BAD 144453241661
BAD 144453241663
BAD 144665447513
BAD 144665447543
BAD 144665447551
BAD 144665737457
BAD 144453576721
BAD 144666129557
BAD 144666375949
BAD 144666410243
BAD 144600811801
BAD 144600817093
BAD 144454071241
BAD 144454071247
BAD 144454109641
BAD 144601075477
BAD 144601075481
BAD 144601075483
BAD 144454440293
BAD 144454543747
BAD 144667201223
BAD 144667201229
BAD 144667318157
BAD 144601517213
BAD 144601517233
BAD 144601593611
BAD 144601593613
BAD 144455032699
BAD 144455032753
BAD 144668009569
BAD 144668009641
BAD 144455032763
BAD 144455032769
BAD 144455080643
BAD 144668317933
BAD 144668317939
BAD 144668317967
BAD 144668317973
BAD 144668696209
BAD 144668696213
BAD 144455428373
BAD 144602474923
BAD 144602475019
BAD 144602475023
BAD 144602475029
BAD 144602475049
BAD 144669059729
BAD 144669152129
BAD 144455602397
BAD 144455602399
BAD 144455602411
BAD 144455651839
BAD 144455651843
BAD 144669262147
BAD 144669471679
BAD 144602799739
BAD 144669641117
BAD 144669641119
BAD 144603064703
BAD 144699289261
BAD 144630830689
BAD 144630830693
BAD 144671488943
BAD 144603094067
BAD 144630909349
BAD 144630931271
BAD 144699670991
BAD 144699670993
BAD 144671979533
BAD 144672004679
BAD 144672004681
BAD 144456399643
BAD 144699977593
BAD 144700009763
BAD 144700009789
BAD 144700009793
BAD 144700177343
BAD 144672558493
BAD 144672713881
BAD 144631953127
BAD 144631953253
BAD 144631953259
BAD 144580180603
BAD 144456899599
BAD 144456899603
BAD 144456899617
BAD 144580193689
BAD 144632117117
BAD 144632117131
BAD 144700661899
BAD 144457331789
BAD 144457331791
BAD 144700661929
BAD 144457331869
BAD 144700661933
BAD 144580604143
BAD 144580604153
BAD 144604199423
BAD 144604199429
BAD 144673353821
BAD 144673353823
BAD 144457532881
BAD 144700936363
BAD 144604547249
BAD 144604547251
BAD 144604617383
BAD 144701233003
BAD 144604813681
BAD 144673947167
BAD 144673947169
BAD 144673961449
BAD 144457967713
BAD 144605024593
BAD 144605096359
BAD 144605096459
BAD 144701918261
BAD 144701918281
BAD 144605238851
BAD 144701993479
BAD 144458343983
BAD 144674616923
BAD 144701993503
BAD 144458344141
BAD 144701993509
BAD 144701993519
BAD 144674667913
BAD 144674667931
BAD 144674667967
BAD 144674715533
BAD 144581829503
BAD 144581851441
BAD 144633174293
BAD 144674991991
BAD 144633215057
BAD 144633215059
BAD 144633369473
BAD 144633405391
BAD 144606092237
BAD 144702644453
BAD 144702647423
BAD 144675262687
BAD 144675262733
BAD 144675303083
BAD 144702731633
BAD 144702731687
BAD 144702731689
BAD 144633547621
BAD 144675554389
BAD 144633748033
BAD 144633748043
BAD 144703145957
BAD 144458722381
BAD 144633784313
BAD 144606694093
BAD 144606694097
BAD 144458856019
BAD 144703289683
BAD 144703289693
BAD 144703289749
BAD 144675900013
BAD 144675900023
BAD 144676016941
BAD 144606955513
BAD 144582709013
BAD 144459060469
BAD 144459200843
BAD 144459214063
BAD 144459214069
BAD 144459214073
BAD 144704071201
BAD 144704071207
BAD 144676181599
BAD 144676181603
BAD 144459417943
BAD 144459435377
BAD 144459435403
BAD 144582750469
BAD 144582753199
BAD 144582763133
BAD 144704305087
BAD 144704305091
BAD 144704305093
BAD 144704407121
BAD 144704407123
BAD 144704407129
BAD 144583031083
BAD 144676635289
BAD 144583078279
BAD 144583121729
BAD 144634858663
BAD 144634858751
BAD 144460290433
BAD 144608571997
BAD 144608572001
BAD 144704830279
BAD 144704896423
BAD 144460464833
BAD 144460464839
BAD 144460464881
BAD 144635218303
BAD 144676981783
BAD 144705246199
BAD 144635536037
BAD 144583871933
BAD 144583892821
BAD 144583903703
BAD 144583904593
BAD 144609337099
BAD 144461173111
BAD 144609660211
BAD 144584423059
BAD 144677353201
BAD 144461173117
BAD 144705752629
BAD 144461173121
BAD 144609672583
BAD 144705808733
BAD 144677455361
BAD 144677458399
BAD 144677458403
BAD 144705905767
BAD 144461342327
BAD 144461342329
BAD 144461342339
BAD 144636407057
BAD 144636407059
BAD 144636407129
BAD 144636444443
BAD 144461459693
BAD 144677945353
BAD 144585056347
BAD 144636821683
BAD 144636821701
BAD 144636872291
BAD 144636872293
BAD 144636912923
BAD 144636912929
BAD 144706581793
BAD 144461959879
BAD 144461959883
BAD 144678498059
BAD 144637063573
BAD 144585450833
BAD 144678498061
BAD 144461959891
BAD 144678568873
BAD 144678712747
BAD 144678712751
BAD 144678712753
BAD 144678712757
BAD 144678712771
BAD 144678810091
BAD 144585869413
BAD 144585879211
BAD 144462439621
BAD 144462439633
BAD 144462439637
BAD 144462450061
BAD 144610449751
BAD 144462521387
BAD 144462521389
BAD 144462546703
BAD 144637682887
BAD 144707594263
BAD 144637682897
BAD 144637682899
BAD 144637682957
BAD 144637682963
BAD 144707707687
BAD 144707707691
BAD 144586621651
BAD 144707707693
BAD 144679927111
BAD 144637798273
BAD 144679927187
BAD 144612082213
BAD 144612083843
BAD 144586696939
BAD 144707835383
BAD 144586809491
BAD 144586809503
BAD 144586809511
BAD 144707981713
BAD 144708061189
BAD 144612365509
BAD 144612365539
BAD 144612365543
BAD 144637961423
BAD 144637961431
BAD 144637961497
BAD 144708127873
BAD 144680617733
BAD 144680759693
BAD 144587473021
BAD 144587473027
BAD 144612904771
BAD 144708753617
BAD 144708753619
BAD 144613328089
BAD 144638472709
BAD 144613459073
BAD 144638472721
BAD 144709724857
BAD 144588330169
BAD 144638532347
BAD 144613552009
BAD 144588467509
BAD 144613566233
BAD 144588501401
BAD 144710037209
BAD 144613668709
BAD 144613668713
BAD 144638889293
BAD 144710402989
BAD 144710475971
BAD 144710476033
BAD 144710476081
BAD 144588854783
BAD 144639211291
BAD 144639211309
BAD 144639211313
BAD 144711001793
BAD 144711216613
BAD 144639637427
BAD 144639754669
BAD 144589338277
BAD 144589364299
BAD 144589364303
BAD 144589919029
BAD 144589938049
BAD 144711956353
BAD 144711956359
BAD 144712095439
BAD 144712095443
BAD 144590143729
BAD 144712773301
BAD 144712904993
BAD 144712991281
BAD 144641788579
BAD 144590162153
BAD 144590368669
BAD 144590368673
BAD 144642581509
BAD 144642581513
BAD 144642581527
BAD 144590799649
BAD 144642848089
BAD 144642994319
BAD 144643073413
BAD 144591451339
BAD 144643554721
BAD 144643554733
BAD 144643554743
BAD 144643554829
BAD 144643554833
BAD 144643554841
BAD 144643742941
BAD 144643742951
BAD 144643742953
BAD 144591837877
BAD 144644090263
BAD 144591837899
BAD 144591987961
BAD 144644254987
BAD 144644254991
BAD 144644288221
BAD 144644288227
BAD 144592130597
BAD 144644548193
BAD 144644548199
BAD 144644561077
BAD 144645147799
BAD 144645399889
BAD 144645399893
BAD 144645623839
BAD 144593036933
BAD 144593037047
BAD 144593037049
BAD 144593347373
BAD 144593374507
BAD 144593374573
BAD 144593798359
BAD 144593798411
BAD 144593798413
BAD 144593798417
BAD 144646935443
BAD 144594422831
BAD 144647159077
BAD 144595166777
BAD 144595166783
BAD 144595166791
BAD 144596806987
BAD 144750608731
BAD 144750691219
BAD 144750733073
BAD 144751833451
BAD 144731200597
BAD 144731200619
BAD 144731200637
BAD 144731200639
BAD 144731200643
BAD 144754154843
BAD 144754224493
BAD 144754224539
BAD 144731841349
BAD 144731884027
BAD 144731900239
BAD 144731921179
BAD 144731934173
BAD 144754375993
BAD 144754376009
BAD 144754610843
BAD 144755035427
BAD 144755035429
BAD 144755118203
BAD 144755141191
BAD 144733093811
BAD 144755533369
BAD 144755533399
BAD 144733224973
BAD 144755639537
BAD 144755773037
BAD 144755773039
BAD 144755847023
BAD 144755963281
BAD 144733519079
BAD 144733647977
BAD 144734272303
BAD 144756490889
BAD 144756490891
BAD 144757135849
BAD 144735145501
BAD 144735381719
BAD 144758180341
BAD 144736257451
BAD 144758291479
BAD 144758291521
BAD 144758291551
BAD 144758342959
BAD 144736426073
BAD 144758792707
BAD 144737220209
BAD 144737220211
BAD 144737220217
BAD 144759121963
BAD 144759121967
BAD 144737795263
BAD 144759932341
BAD 144738094519
BAD 144760298413
BAD 144738581203
BAD 144738606227
BAD 144760449739
BAD 144760598579
BAD 144760598581
BAD 144739388273
BAD 144739388293
BAD 144761436637
BAD 144761436641
BAD 144761436643
BAD 144739875739
BAD 144739931317
BAD 144762401491
BAD 144740240653
BAD 144740605553
BAD 144740605567
BAD 144762952157
BAD 144762954121
BAD 144762954151
BAD 144762969563
BAD 144762969577
BAD 144740655971
BAD 144741215351
BAD 144763686019
BAD 144763686037
BAD 144741519619
BAD 144741814187
BAD 144741814193
BAD 144764256157
BAD 144741907151
BAD 144741907153
BAD 144742045463
BAD 144742508461
BAD 144742819189
BAD 144742819201
BAD 144743035681
BAD 144743035691
BAD 144744134461
BAD 144744165011
BAD 144744165017
BAD 144744165019
BAD 144744294371
BAD 144744850879
BAD 144744850883
BAD 144744850891
BAD 144744907337
BAD 144744907339
BAD 144745586149
BAD 144745714273
BAD 144745756973
BAD 144745950607
BAD 144746445511
BAD 144746445541
BAD 144746445553
BAD 144746445559
BAD 144746563153
BAD 144746701291
BAD 144746701321
BAD 144747095921
BAD 144747488161
BAD 144764777851
BAD 144765042451
BAD 144765147361
BAD 144765225547
BAD 144765360151
BAD 144765513107
BAD 144765570403
BAD 144765570463
BAD 144766136903
BAD 144766653679
BAD 144766653683
BAD 144767071651
BAD 144767183723
BAD 144767270293
BAD 144767774737
BAD 144767865793
BAD 144767865797
BAD 144767929093
BAD 144768182063
BAD 144768182071
BAD 144768182077
BAD 144768182113
BAD 144768182161
BAD 144769140497
BAD 144769140499
BAD 144769264253
BAD 144769550873
BAD 144769550879
BAD 144769550881
BAD 144770057219
BAD 144770057221
BAD 144770463923
BAD 144770680403
BAD 144771729811
BAD 144771729821
BAD 144771729833
BAD 144772047781
BAD 144772931123
BAD 144773200031
BAD 144773590337
BAD 144773704177
BAD 144773961901
BAD 144774465181
BAD 144775115213
BAD 144775115227
BAD 144775115231
BAD 144775115239
BAD 144775681837
BAD 144775743533
BAD 144775805269
BAD 144776228423
BAD 144776246731
BAD 144777239273
BAD 144777365221
BAD 144777365287
BAD 144777771893
BAD 144777771899
BAD 144778104469
BAD 144778104473
BAD 144778104481
BAD 144778158079
BAD 144778370423
BAD 144778370431
BAD 144778370453
BAD 144778463509
BAD 144778463513
BAD 144778463521
BAD 144778563131
BAD 144778563133
BAD 144779741683
BAD 144780314873
BAD 144780314911
BAD 144780465191
BAD 144781619251
BAD 144781721101
BAD 144780979649
BAD 144781952563
BAD 144782100977
BAD 144782100979
BAD 144782305433
BAD 144782352733
BAD 144782806253
BAD 144783146633
BAD 144783146639
BAD 144783279409
BAD 144784010983
BAD 144784749089
BAD 144785178883
BAD 144785504011
BAD 144785786149
BAD 144785786153
BAD 144786067271
BAD 144786067273
BAD 144786067277
BAD 144786218693
BAD 144786246469
BAD 144786411283
BAD 144786411299
BAD 144786505967
BAD 144788513959
BAD 144788513983
BAD 144788681861
BAD 144789229843
BAD 144789391013
BAD 144789908513
BAD 144790252157
BAD 144790252163
BAD 144790252171
BAD 144790446263
BAD 144790906961
BAD 144791194087
BAD 144791194091
BAD 144791283673
BAD 144791283677
BAD 144791283683
BAD 144791283691
BAD 144791283697
BAD 144791510693
BAD 144791644399
BAD 144792261563
BAD 144792261797
BAD 144792261799
BAD 144792767549
BAD 144792767551
BAD 144792767569
BAD 144792767573
BAD 144792767579
BAD 144792841433
BAD 144792841441
BAD 144792891473
BAD 144792891479
BAD 144793160273
BAD 144793160279
BAD 144793160287
BAD 144793231159
BAD 144793277641
BAD 144793556123
BAD 144793576793
BAD 144793576799
BAD 144793576801
BAD 144794389933
BAD 144794389937
BAD 144795062029
BAD 144795434011
BAD 144795700853
BAD 144795738641
BAD 144795738643
BAD 144795738653
BAD 144795926147
BAD 144795926153
BAD 144796181371
BAD 144796181377
BAD 144796181389
BAD 144796181393
BAD 144714500473
BAD 144714500477
BAD 144714500479
BAD 144714500501
BAD 144714500503
BAD 144796556563
BAD 144714677257
BAD 144714677267
BAD 144714857941
BAD 144714867443
BAD 144715011533
BAD 144715011557
BAD 144797030629
BAD 144797030641
BAD 144797030659
BAD 144797156479
BAD 144715438711
BAD 144715614061
BAD 144715614067
BAD 144716011651
BAD 144716148053
BAD 144797569831
BAD 144798101093
BAD 144798271279
BAD 144798271283
BAD 144798271291
BAD 144798271309
BAD 144716940871
BAD 144717317761
BAD 144718067009
BAD 144718266709
BAD 144718266713
BAD 144718266731
BAD 144718266733
BAD 144719646739
BAD 144719725081
BAD 144719725091
BAD 144719725093
BAD 144719920927
BAD 144719920931
BAD 144720091211
BAD 144720524041
BAD 144720642931
BAD 144720800101
BAD 144720922639
BAD 144721146553
BAD 144721630519
BAD 144721880441
BAD 144722318347
BAD 144722655083
BAD 144723378143
BAD 144723436939
BAD 144723436951
BAD 144723869561
BAD 144724021787
BAD 144724021789
BAD 144724110499
BAD 144724187603
BAD 144724639249
BAD 144724639253
BAD 144725175083
BAD 144725267039
BAD 144725430247
BAD 144725833309
BAD 144725833313
BAD 144726717913
BAD 144726726047
BAD 144726726049
BAD 144727172389
BAD 144727172393
BAD 144727328497
BAD 144727328507
BAD 144727328509
BAD 144727328513
BAD 144727328519
BAD 144727465123
BAD 144728101501
BAD 144815343347
BAD 144815343349
BAD 144728439001
BAD 144815962873
BAD 144815962883
BAD 144816036811
BAD 144816087217
BAD 144816087257
BAD 144816087259
BAD 144816087263
BAD 144730059143
BAD 144730351393
BAD 144730351397
BAD 144730351399
BAD 144730375903
BAD 144730523881
BAD 144730523963
BAD 144730687379
BAD 144730687391
BAD 144730687393
BAD 144730687417
BAD 144730957669
BAD 144730957673
BAD 144817220179
BAD 144817220189
BAD 144817278049
BAD 144817283371
BAD 144818117029
BAD 144818654251
BAD 144818654287
BAD 144818654291
BAD 144818886019
BAD 144819084523
BAD 144819084587
BAD 144819084637
BAD 144819102619
BAD 144819437341
BAD 144819462247
BAD 144819475159
BAD 144819500603
BAD 144819500611
BAD 144820381037
BAD 144820381039
BAD 144820533497
BAD 144820533511
BAD 144820634341
BAD 144820658473
BAD 144820658483
BAD 144820880821
BAD 144822700129
BAD 144822700159
BAD 144822980563
BAD 144823665257
BAD 144824325923
BAD 144825158707
BAD 144825470267
BAD 144825470269
BAD 144826419407
BAD 144826630121
BAD 144826630133
BAD 144826678021
BAD 144826757839
BAD 144826777441
BAD 144827089273
BAD 144827234291
BAD 144827502269
BAD 144827502271
BAD 144827502277
BAD 144827509759
BAD 144827530879
BAD 144827929019
BAD 144828116311
BAD 144828228709
BAD 144828400393
BAD 144828400397
BAD 144829102433
BAD 144829346447
BAD 144829549261
BAD 144829549273
BAD 144831553673
BAD 144831725933
BAD 144831738313
BAD 144831738319
BAD 144832260649
BAD 144832577093
BAD 144832615943
BAD 144832993483
BAD 144833221201
BAD 144833221207
BAD 144833221219
BAD 144833679943
BAD 144833679953
BAD 144833681893
BAD 144833793383
BAD 144834290837
BAD 144834301439
BAD 144834335587
BAD 144834335593
BAD 144834335599
BAD 144835079569
BAD 144835184497
BAD 144835191469
BAD 144835225189
BAD 144836138459
BAD 144836142733
BAD 144836482429
BAD 144837468301
BAD 144837676523
BAD 144837676903
BAD 144837676909
BAD 144837676927
BAD 144838033943
BAD 144838126861
BAD 144838126877
BAD 144838126879
BAD 144838126883
BAD 144838167017
BAD 144838302209
BAD 144838302211
BAD 144838525697
BAD 144839027789
BAD 144839201347
BAD 144839312551
BAD 144839436043
BAD 144839530883
BAD 144839754049
BAD 144839869177
BAD 144840006151
BAD 144840157183
BAD 144840157193
BAD 144840157313
BAD 144798426869
BAD 144798730969
BAD 144798842359
BAD 144840878813
BAD 144799602517
BAD 144841056559
BAD 144799744471
BAD 144799895323
BAD 144800209537
BAD 144800343463
BAD 144800346023
BAD 144800490629
BAD 144800490631
BAD 144800490647
BAD 144800490649
BAD 144841608287
BAD 144841823341
BAD 144800676443
BAD 144841854043
BAD 144841854049
BAD 144841854067
BAD 144841855801
BAD 144841901473
BAD 144800907413
BAD 144800970203
BAD 144801002537
BAD 144801044057
BAD 144801044081
BAD 144801214853
BAD 144842140321
BAD 144801260819
BAD 144842140343
BAD 144801830377
BAD 144842561909
BAD 144842799797
BAD 144842812703
BAD 144842812711
BAD 144843259307
BAD 144843357733
BAD 144843417253
BAD 144843495373
BAD 144803237743
BAD 144843970823
BAD 144843970847
BAD 144803652233
BAD 144803834267
BAD 144803834269
BAD 144803834281
BAD 144803859527
BAD 144803978261
BAD 144804189499
BAD 144804189503
BAD 144804189511
BAD 144844531021
BAD 144845004673
BAD 144804762889
BAD 144804762899
BAD 144804762901
BAD 144845679247
BAD 144845684723
BAD 144805325149
BAD 144805325153
BAD 144805391881
BAD 144805488379
BAD 144805488383
BAD 144806485619
BAD 144806485633
BAD 144806634803
BAD 144847102681
BAD 144847117847
BAD 144847117867
BAD 144847176673
BAD 144847201087
BAD 144847201091
BAD 144847201097
BAD 144847201099
BAD 144847272169
BAD 144847458001
BAD 144847458013
BAD 144847704061
BAD 144847728679
BAD 144807944779
BAD 144807944791
BAD 144807944797
BAD 144848479927
BAD 144808883689
BAD 144809582303
BAD 144809582311
BAD 144809857693
BAD 144810663409
BAD 144810813481
BAD 144810887873
BAD 144810966983
BAD 144810966991
BAD 144811508551
BAD 144812587061
BAD 144812587063
BAD 144813478987
BAD 144814527887
BAD 144814527889
BAD 144814905149
BAD 144848734883
BAD 144882492281
BAD 144848893757
BAD 144848893759
BAD 144849272111
BAD 144883027321
BAD 144883202777
BAD 144849466219
BAD 144849540751
BAD 144883747559
BAD 144850389083
BAD 144884411107
BAD 144850986697
BAD 144850995539
BAD 144850995559
BAD 144851452423
BAD 144851452429
BAD 144851452433
BAD 144885078749
BAD 144851963959
BAD 144885078757
BAD 144885078761
BAD 144885078763
BAD 144852337397
BAD 144852337403
BAD 144932717333
BAD 144932717359
BAD 144885547627
BAD 144885632719
BAD 144885632737
BAD 144853012741
BAD 144933137269
BAD 144886139197
BAD 144853897831
BAD 144853990349
BAD 144886371713
BAD 144854187901
BAD 144886420753
BAD 144854272327
BAD 144854341469
BAD 144854341507
BAD 144854384561
BAD 144854426909
BAD 144854426911
BAD 144854426917
BAD 144886703671
BAD 144966404179
BAD 144966404183
BAD 144933802879
BAD 144933802883
BAD 144886976141
BAD 144855011453
BAD 144933802901
BAD 144933802903
BAD 144855032093
BAD 144966741559
BAD 144966749639
BAD 144966749647
BAD 144887042779
BAD 144933983113
BAD 144934059301
BAD 144934059311
BAD 144966833633
BAD 144966833639
BAD 144887457041
BAD 144887462611
BAD 144856172191
BAD 144856421197
BAD 144856421209
BAD 144888057533
BAD 144967395241
BAD 144967395247
BAD 144967395253
BAD 144856774399
BAD 144967573249
BAD 144934950143
BAD 144935044999
BAD 144935045051
BAD 144935045053
BAD 144857239049
BAD 144968131019
BAD 144889137863
BAD 144857773903
BAD 144968657881
BAD 144889534151
BAD 144889534177
BAD 144968695691
BAD 144889673933
BAD 144858045833
BAD 144969113243
BAD 144889991903
BAD 144865632113
BAD 144969225169
BAD 144865997057
BAD 144865997093
BAD 144866022803
BAD 144858720203
BAD 144866141353
BAD 144890657497
BAD 144969566123
BAD 144859050859
BAD 144866484481
BAD 144890950349
BAD 144890950357
BAD 144866845051
BAD 144866869853
BAD 144866919647
BAD 144866919649
BAD 144859382203
BAD 144970030531
BAD 144867819241
BAD 144891701107
BAD 144859923827
BAD 144970030549
BAD 144891701111
BAD 144970030589
BAD 144891701113
BAD 144970030591
BAD 144970058503
BAD 144860069581
BAD 144970185109
BAD 144868171187
BAD 144868465853
BAD 144868995017
BAD 144892421383
BAD 144892421407
BAD 144970943683
BAD 144869174357
BAD 144892624211
BAD 144892624213
BAD 144869923511
BAD 144869923537
BAD 144892732343
BAD 144892753021
BAD 144892753039
BAD 144892991093
BAD 144861814291
BAD 144871083083
BAD 144871083101
BAD 144871478447
BAD 144935263819
BAD 144972575291
BAD 144871478449
BAD 144950415923
BAD 144972575303
BAD 144862550689
BAD 144950415979
BAD 144950415983
BAD 144950415989
BAD 144972633451
BAD 144973084681
BAD 144973122473
BAD 144950973529
BAD 144951077191
BAD 144951094237
BAD 144951094241
BAD 144951094243
BAD 144863043529
BAD 144951195173
BAD 144871959613
BAD 144973828319
BAD 144973828327
BAD 144951569549
BAD 144872065453
BAD 144872118817
BAD 144973908853
BAD 144951664531
BAD 144951664537
BAD 144863559563
BAD 144863559583
BAD 144951771751
BAD 144872805689
BAD 144936428783
BAD 144872805691
BAD 144951808163
BAD 144951808171
BAD 144951856271
BAD 144863694907
BAD 144863695073
BAD 144863695103
BAD 144936552287
BAD 144951894931
BAD 144893603497
BAD 144952027481
BAD 144952091839
BAD 144936796651
BAD 144893721563
BAD 144952276141
BAD 144873704851
BAD 144952570849
BAD 144952570853
BAD 144873930769
BAD 144894459727
BAD 144874073269
BAD 144937830649
BAD 144864774259
BAD 144937894069
BAD 144874320749
BAD 144874320751
BAD 144874320763
BAD 144894983819
BAD 144973984861
BAD 144874481779
BAD 144938747423
BAD 144953880553
BAD 144953902493
BAD 144953905339
BAD 144953943413
BAD 144953943419
BAD 144874738201
BAD 144874738207
BAD 144874738213
BAD 144938917381
BAD 144938952173
BAD 144895403087
BAD 144939113071
BAD 144895472153
BAD 144874924793
BAD 144974689049
BAD 144974689051
BAD 144954545699
BAD 144974875561
BAD 144974875567
BAD 144974939611
BAD 144875079967
BAD 144954654157
BAD 144875091061
BAD 144875108783
BAD 144939742589
BAD 144975037777
BAD 144939917671
BAD 144896112397
BAD 144875583583
BAD 144975037787
BAD 144975037789
BAD 144939957119
BAD 144939957121
BAD 144939957139
BAD 144939957157
BAD 144875851459
BAD 144875851501
BAD 144975428693
BAD 144975428701
BAD 144975476567
BAD 144975565541
BAD 144975598637
BAD 144954755279
BAD 144940368709
BAD 144876329713
BAD 144876329729
BAD 144876329737
BAD 144876329749
BAD 144876377981
BAD 144876377983
BAD 144975956507
BAD 144975956509
BAD 144975956513
BAD 144896829631
BAD 144940614727
BAD 144940665733
BAD 144976510363
BAD 144955616279
BAD 144876747751
BAD 144955616291
BAD 144955616293
BAD 144976544473
BAD 144940775671
BAD 144976658473
BAD 144976710547
BAD 144899001347
BAD 144899001349
BAD 144899001353
BAD 144899106167
BAD 144899106169
BAD 144941021809
BAD 144877171669
BAD 144877213669
BAD 144877213673
BAD 144877213687
BAD 144899377267
BAD 144877424063
BAD 144956292589
BAD 144956292599
BAD 144956292601
BAD 144941266621
BAD 144899804341
BAD 144899804359
BAD 144941351887
BAD 144899893927
BAD 144941438921
BAD 144941499277
BAD 144956897131
BAD 144977372303
BAD 144900141307
BAD 144878096611
BAD 144941499281
BAD 144956897143
BAD 144941499293
BAD 144941499301
BAD 144977471539
BAD 144957080483
BAD 144900364429
BAD 144900448333
BAD 144900448349
BAD 144900448351
BAD 144878411273
BAD 144900532279
BAD 144900551459
BAD 144900551539
BAD 144900921133
BAD 144978105607
BAD 144957756413
BAD 144957756421
BAD 144957905263
BAD 144957935279
BAD 144957935281
BAD 144978349951
BAD 144879331889
BAD 144978422233
BAD 144978445597
BAD 144942462719
BAD 144979306397
BAD 144902085563
BAD 144879785497
BAD 144979306399
BAD 144942462737
BAD 144979306403
BAD 144942462739
BAD 144958475117
BAD 144958475119
BAD 144879798673
BAD 144879798677
BAD 144902123161
BAD 144958521661
BAD 144958521667
BAD 144942691133
BAD 144958804223
BAD 144958804247
BAD 144942817681
BAD 144880398329
BAD 144880398331
BAD 144979611743
BAD 144902624773
BAD 144979854517
BAD 144959438443
BAD 144880918969
BAD 144959527507
BAD 144959541079
BAD 144959541091
BAD 144902814113
BAD 144902903161
BAD 144980719207
BAD 144960381901
BAD 144897075871
BAD 144881229617
BAD 144897077813
BAD 144881247013
BAD 144897181463
BAD 144897181469
BAD 144881354281
BAD 144960577849
BAD 144960613649
BAD 144903136463
BAD 144980960183
BAD 144981099763
BAD 144903463051
BAD 144897872557
BAD 144897872563
BAD 144961096061
BAD 144961096067
BAD 144903640711
BAD 144881738741
BAD 144981569573
BAD 144981569581
BAD 144898268033
BAD 144898285159
BAD 144898423921
BAD 144898474283
BAD 144961792243
BAD 144904142407
BAD 144962005597
BAD 144943456201
BAD 144981976627
BAD 144962005603
BAD 144904326271
BAD 144962009519
BAD 144943604651
BAD 144962281223
BAD 144962281271
BAD 144943808903
BAD 144982294519
BAD 144982294531
BAD 144962482757
BAD 144962482759
BAD 144962500751
BAD 144904781467
BAD 144904781471
BAD 144962615011
BAD 144962749913
BAD 144982645133
BAD 144982690927
BAD 144982691039
BAD 144982691041
BAD 144982691057
BAD 144944268323
BAD 144905034587
BAD 144944552359
BAD 144944834317
BAD 144963361421
BAD 144905720251
BAD 144905720269
BAD 144945222913
BAD 144905720273
BAD 144905720293
BAD 144945497929
BAD 144999937669
BAD 144999937681
BAD 144999937703
BAD 144906078593
BAD 144945643379
BAD 145000103641
BAD 145000128587
BAD 145000128589
BAD 144964350931
BAD 144945931649
BAD 144964558819
BAD 144964558853
BAD 144964576711
BAD 144964607551
BAD 144964607561
BAD 144964607563
BAD 144964607587
BAD 144964685647
BAD 144906628249
BAD 144906628259
BAD 144946280057
BAD 145000603493
BAD 144964994869
BAD 144946607809
BAD 144906985513
BAD 144906985519
BAD 144965239487
BAD 145000765213
BAD 144906985579
BAD 144907008209
BAD 144907008229
BAD 144907066981
BAD 144965366827
BAD 144965394463
BAD 144907192643
BAD 145000899949
BAD 144907479481
BAD 144907479487
BAD 144947662361
BAD 144947662369
BAD 144947662373
BAD 144947662381
BAD 144947683129
BAD 144907645721
BAD 145001145859
BAD 145001230973
BAD 144947861099
BAD 144947861101
BAD 144907856309
BAD 144907856311
BAD 144907971799
BAD 144948026453
BAD 144908034553
BAD 145001322967
BAD 144948224303
BAD 144908573683
BAD 145001891963
BAD 145002158603
BAD 145002158611
BAD 144908918603
BAD 144909334001
BAD 144909569059
BAD 144909666859
BAD 145002874873
BAD 144910567223
BAD 144910747921
BAD 145003277281
BAD 144910838491
BAD 144911206529
BAD 144911329267
BAD 144911378851
BAD 144911485469
BAD 144911485471
BAD 144911495933
BAD 145003627441
BAD 145003953643
BAD 145003953649
BAD 145004088443
BAD 144912609473
BAD 144912856729
BAD 144912856733
BAD 144912856741
BAD 145004939021
BAD 145004939047
BAD 145005259393
BAD 144914033339
BAD 144914033359
BAD 145006113257
BAD 145006152919
BAD 145006152923
BAD 145006178923
BAD 144914323591
BAD 144914463143
BAD 144914463149
BAD 145006547923
BAD 145006547951
BAD 145006547953
BAD 145006547957
BAD 144914744083
BAD 144914855419
BAD 145007301851
BAD 145007301853
BAD 145007310559
BAD 144915144013
BAD 144915144019
BAD 145007424277
BAD 145007424299
BAD 145007424301
BAD 144915352327
BAD 144915365053
BAD 144915478177
BAD 145007905043
BAD 145008162263
BAD 145008162269
BAD 145008211643
BAD 145008364531
BAD 145008977293
BAD 145008977299
BAD 145009169299
BAD 145009169303
BAD 145009169311
BAD 145009169323
BAD 145009169359
BAD 145009169377
BAD 145009516931
BAD 145009729591
BAD 145010140021
BAD 145010930989
BAD 145010930993
BAD 145011243301
BAD 145011305017
BAD 145011824863
BAD 145011824869
BAD 145011914393
BAD 144916781957
BAD 144916781959
BAD 144916781963
BAD 144917207509
BAD 144917207521
BAD 144917207551
BAD 145013213767
BAD 144917232169
BAD 145013298029
BAD 145013311019
BAD 145013311021
BAD 145013964421
BAD 145013964427
BAD 144917751089
BAD 145013964479
BAD 145013964481
BAD 144917751091
BAD 144917751131
BAD 145013967619
BAD 144917858027
BAD 144917873509
BAD 145014158389
BAD 145014336587
BAD 145014336589
BAD 145014336601
BAD 144918118231
BAD 144918118249
BAD 145014549541
BAD 145014623749
BAD 145014623753
BAD 144918652261
BAD 145014831473
BAD 145014832693
BAD 145014832769
BAD 145014953033
BAD 144919137229
BAD 145014994441
BAD 144919643461
BAD 144919711637
BAD 144919711639
BAD 145015488169
BAD 144919795291
BAD 144919825681
BAD 144919851623
BAD 144920108407
BAD 144920125549
BAD 145016039251
BAD 144920777233
BAD 144921317719
BAD 144921411473
BAD 144921411499
BAD 144921891911
BAD 144922333613
BAD 144922578139
BAD 144923320013
BAD 144923352047
BAD 144923352053
BAD 144923352073
BAD 144923538359
BAD 144925858673
BAD 144925858711
BAD 144925858717
BAD 144983330413
BAD 144926709679
BAD 144926947453
BAD 144926947457
BAD 144927003427
BAD 144983802023
BAD 144983929963
BAD 144984049643
BAD 144927372943
BAD 144927634823
BAD 144927634829
BAD 144927816617
BAD 144927816619
BAD 144927816623
BAD 144927845467
BAD 144984948973
BAD 144985148221
BAD 144985167841
BAD 144985167851
BAD 144985167853
BAD 144985167857
BAD 144928469473
BAD 144985615787
BAD 144986446669
BAD 144929620523
BAD 144986768989
BAD 144929932759
BAD 144987326779
BAD 144987553901
BAD 144987553903
BAD 144987553913
BAD 144930860077
BAD 144988181123
BAD 144988200619
BAD 144931634753
BAD 144932155853
BAD 144989604769
BAD 144989794661
BAD 144989826097
BAD 144989851763
BAD 144989851771
BAD 144989851781
BAD 144990007411
BAD 144990099217
BAD 144990216079
BAD 144990400133
BAD 144991440367
BAD 144991568203
BAD 144993148319
BAD 144993396371
BAD 144993531349
BAD 144994323379
BAD 144994381691
BAD 144994574177
BAD 144994964929
BAD 144995967443
BAD 144996198983
BAD 144996198989
BAD 144996346367
BAD 144997041523
BAD 144997526519
BAD 144997526521
BAD 144997635683
BAD 144997635719
BAD 144997635721
BAD 144997873973
BAD 144998108873
BAD 144998662499
BAD 144998735459
BAD 144998735461
BAD 144998735471
BAD 145016774191
BAD 144998735473
BAD 145017180293
BAD 145017337483
BAD 145033678303
BAD 145033749613
BAD 144999434431
BAD 144999434443
BAD 145017530243
BAD 145017530263
BAD 145033926799
BAD 145034420779
BAD 145018117319
BAD 145034790011
BAD 145034790013
BAD 145018355249
BAD 145018355267
BAD 145018355269
BAD 145018422301
BAD 145018450033
BAD 145018538243
BAD 145018538263
BAD 145035600973
BAD 145018720981
BAD 145018720991
BAD 145035876787
BAD 145036260379
BAD 145019145067
BAD 145036737631
BAD 145036750577
BAD 145019470727
BAD 145036957243
BAD 145037184979
BAD 145037286307
BAD 145037286311
BAD 145037286313
BAD 145037462057
BAD 145037462083
BAD 145037497463
BAD 145020179989
BAD 145038352777
BAD 145021072523
BAD 145038894683
BAD 145038894691
BAD 145039040693
BAD 145066881383
BAD 145022073193
BAD 145022073197
BAD 145022073199
BAD 145039703213
BAD 145039703227
BAD 145022382331
BAD 145022382367
BAD 145040093183
BAD 145040093197
BAD 145022678519
BAD 145040272771
BAD 145022689859
BAD 145068212851
BAD 145040595319
BAD 145084151293
BAD 145068334043
BAD 145084151299
BAD 145040906299
BAD 145041037811
BAD 145041141031
BAD 145041213113
BAD 145068662603
BAD 145041350921
BAD 145085220289
BAD 145069063001
BAD 145069063003
BAD 145041799831
BAD 145069243183
BAD 145069352371
BAD 145069352377
BAD 145069352383
BAD 145086395011
BAD 145086600233
BAD 145086673321
BAD 145042544473
BAD 145086843137
BAD 145086846913
BAD 145086846923
BAD 145042617011
BAD 145070058649
BAD 145042629209
BAD 145070110169
BAD 145070166667
BAD 145042704307
BAD 145070619401
BAD 145087027963
BAD 145070619403
BAD 145042704371
BAD 145087028017
BAD 145087028059
BAD 145070652373
BAD 145070652383
BAD 145087156561
BAD 145087243421
BAD 145087243423
BAD 145087243451
BAD 145087243453
BAD 145071168457
BAD 145043412817
BAD 145043412821
BAD 145043412823
BAD 145071579973
BAD 145043605019
BAD 145088481667
BAD 145071819097
BAD 145071819107
BAD 145088657093
BAD 145088809013
BAD 145072013659
BAD 145072013663
BAD 145043877553
BAD 145043877557
BAD 145100286257
BAD 145100625731
BAD 145044400057
BAD 145072358281
BAD 145090111643
BAD 145100679407
BAD 145044400063
BAD 145100783293
BAD 145100810297
BAD 145100810299
BAD 145090460287
BAD 145101314881
BAD 145090595269
BAD 145073174593
BAD 145073199647
BAD 145073199653
BAD 145073244319
BAD 145090752893
BAD 145090752979
BAD 145073401943
BAD 145073528449
BAD 145045331773
BAD 145045351613
BAD 145073939677
BAD 145074014093
BAD 145074014101
BAD 145074098861
BAD 145074098903
BAD 145102263601
BAD 145045976939
BAD 145045976941
BAD 145074287773
BAD 145074287777
BAD 145103746169
BAD 145092251827
BAD 145023301559
BAD 145103746171
BAD 145049974103
BAD 145023301561
BAD 145049974109
BAD 145049974117
BAD 145092518689
BAD 145092518693
BAD 145104119761
BAD 145050537043
BAD 145092867869
BAD 145092941701
BAD 145074731807
BAD 145074771883
BAD 145093097803
BAD 145074922549
BAD 145104710371
BAD 145051127833
BAD 145051127839
BAD 145051127843
BAD 145093464289
BAD 145075050233
BAD 145104928223
BAD 145075202417
BAD 145024235233
BAD 145104996367
BAD 145024243487
BAD 145024243489
BAD 145051656863
BAD 145046029159
BAD 145094587537
BAD 145105367129
BAD 145105367131
BAD 145105367137
BAD 145024285711
BAD 145105435049
BAD 145094760697
BAD 145094792603
BAD 145105549583
BAD 145105549621
BAD 145105549657
BAD 145095221389
BAD 145095221393
BAD 145095221431
BAD 145024657411
BAD 145052132713
BAD 145052132723
BAD 145046469079
BAD 145046469101
BAD 145052238983
BAD 145106167783
BAD 145106407793
BAD 145046583709
BAD 145046599807
BAD 145046599813
BAD 145046599823
BAD 145096155739
BAD 145096183447
BAD 145106861261
BAD 145025560663
BAD 145025657603
BAD 145053204029
BAD 145053204031
BAD 145107062927
BAD 145107062929
BAD 145107235759
BAD 145096970833
BAD 145053666959
BAD 145097169871
BAD 145097204341
BAD 145053751543
BAD 145053751547
BAD 145053751553
BAD 145107758749
BAD 145053837647
BAD 145053837673
BAD 145053837703
BAD 145026300347
BAD 145107909629
BAD 145107909631
BAD 145026470893
BAD 145026470899
BAD 145026470903
BAD 145054112813
BAD 145054112821
BAD 145026596933
BAD 145026640279
BAD 145054229909
BAD 145097895263
BAD 145075403731
BAD 145054229911
BAD 145047875449
BAD 145047875459
BAD 145047875461
BAD 145047935419
BAD 145047935423
BAD 145047935437
BAD 145047935467
BAD 145047935479
BAD 145047935497
BAD 145047935503
BAD 145047935507
BAD 145047971479
BAD 145054313363
BAD 145054367377
BAD 145048086853
BAD 145054423777
BAD 145048206313
BAD 145108372271
BAD 145108372273
BAD 145108372289
BAD 145108372291
BAD 145054550843
BAD 145054550857
BAD 145054550881
BAD 145048576339
BAD 145076062409
BAD 145048628191
BAD 145099309969
BAD 145109833789
BAD 145026794221
BAD 145076324227
BAD 145109833793
BAD 145109833801
BAD 145109991757
BAD 145109991797
BAD 145109991799
BAD 145076846647
BAD 145077064907
BAD 145110964289
BAD 145100144831
BAD 145077255629
BAD 145027626631
BAD 145077278783
BAD 145077278803
BAD 145077278813
BAD 145027803923
BAD 145028020639
BAD 145028083643
BAD 145111452289
BAD 145111452293
BAD 145111452301
BAD 145049812099
BAD 145049812157
BAD 145028339801
BAD 145028339803
BAD 145028339809
BAD 145055309171
BAD 145078116583
BAD 145028613259
BAD 145078116587
BAD 145055338231
BAD 145055494223
BAD 145055494247
BAD 145055494249
BAD 145078650331
BAD 145078650337
BAD 145112012797
BAD 145112012803
BAD 145112062961
BAD 145078752293
BAD 145056026209
BAD 145056026221
BAD 145028718127
BAD 145028830633
BAD 145056338123
BAD 145056381263
BAD 145112326507
BAD 145112326537
BAD 145112326543
BAD 145056532021
BAD 145079344591
BAD 145079344643
BAD 145112518861
BAD 145079489003
BAD 145079671523
BAD 145056966883
BAD 145079756461
BAD 145079756473
BAD 145079902447
BAD 145079902547
BAD 145079902549
BAD 145079956199
BAD 145057602743
BAD 145080011779
BAD 145080011801
BAD 145080011803
BAD 145080124393
BAD 145080288389
BAD 145080288391
BAD 145080381653
BAD 145113640297
BAD 145080786769
BAD 145080786787
BAD 145113658939
BAD 145113940757
BAD 145081300163
BAD 145114047733
BAD 145114047737
BAD 145114047739
BAD 145114099657
BAD 145082509151
BAD 145082509153
BAD 145082509157
BAD 145082906729
BAD 145115313293
BAD 145083417113
BAD 145083417139
BAD 145115538901
BAD 145115538913
BAD 145115538923
BAD 145115605183
BAD 145031485171
BAD 145031485189
BAD 145083429877
BAD 145058656823
BAD 145031687863
BAD 145116170737
BAD 145116436121
BAD 145116436123
BAD 145116451189
BAD 145116679579
BAD 145116679583
BAD 145116679613
BAD 145059459283
BAD 145059459287
BAD 145032282701
BAD 145060160473
BAD 145060160521
BAD 145060294039
BAD 145060375393
BAD 145060375399
BAD 145032974677
BAD 145060567837
BAD 145060622983
BAD 145033059959
BAD 145061333299
BAD 145061343373
BAD 145061776303
BAD 145061856949
BAD 145062137687
BAD 145063098377
BAD 145063098379
BAD 145064850289
BAD 145065069329
BAD 145065682849
BAD 145066083839
BAD 145066705547
BAD 145066705549
BAD 145133896849
BAD 145133897063
BAD 145134156931
BAD 145134419461
BAD 145134419467
BAD 145134441313
BAD 145134441317
BAD 145117151467
BAD 145117151471
BAD 145117279423
BAD 145135023653
BAD 145135080553
BAD 145135080557
BAD 145135080589
BAD 145135080593
BAD 145135080599
BAD 145135080863
BAD 145135080901
BAD 145135106209
BAD 145117569287
BAD 145136056999
BAD 145136126983
BAD 145117817717
BAD 145117836379
BAD 145117836401
BAD 145117836403
BAD 145117909463
BAD 145117909481
BAD 145117953061
BAD 145117953067
BAD 145117953073
BAD 145136387947
BAD 145136387953
BAD 145136387969
BAD 145136387971
BAD 145118183557
BAD 145118392283
BAD 145118419879
BAD 145137411323
BAD 145118883913
BAD 145119273667
BAD 145119349657
BAD 145138291289
BAD 145138291321
BAD 145138291327
BAD 145138309867
BAD 145138309871
BAD 145138309873
BAD 145138346623
BAD 145138373153
BAD 145120267949
BAD 145120267951
BAD 145120374823
BAD 145120691593
BAD 145139370451
BAD 145139498929
BAD 145139498963
BAD 145121279731
BAD 145121279759
BAD 145121279761
BAD 145139643083
BAD 145139708957
BAD 145140111773
BAD 145140658561
BAD 145140658573
BAD 145140658603
BAD 145140960127
BAD 145141530983
BAD 145141570481
BAD 145141806217
BAD 145141806221
BAD 145142143501
BAD 145143565187
BAD 145121587943
BAD 145121587951
BAD 145121825743
BAD 145121825747
BAD 145121825749
BAD 145121825753
BAD 145144290623
BAD 145122058717
BAD 145144425203
BAD 145122450217
BAD 145122595637
BAD 145122595661
BAD 145122814373
BAD 145144706257
BAD 145144816951
BAD 145144993093
BAD 145123204249
BAD 145123324799
BAD 145123324807
BAD 145146198293
BAD 145123699373
BAD 145123699393
BAD 145146560107
BAD 145146597391
BAD 145146600451
BAD 145146600461
BAD 145146600463
BAD 145146600553
BAD 145146600563
BAD 145146697037
BAD 145146697039
BAD 145146697043
BAD 145146873271
BAD 145147752721
BAD 145147777121
BAD 145147956533
BAD 145147956781
BAD 145148491441
BAD 145148491447
BAD 145148828621
BAD 145148828623
BAD 145149230167
BAD 145149803509
BAD 145149972661
BAD 145149991339
BAD 145150423291
BAD 145124976781
BAD 145124976791
BAD 145125978973
BAD 145126134119
BAD 145126134121
BAD 145126262341
BAD 145126262401
BAD 145126337299
BAD 145127324233
BAD 145127993149
BAD 145128097427
BAD 145128229453
BAD 145128265999
BAD 145128644743
BAD 145129025683
BAD 145129448677
BAD 145129782709
BAD 145129782713
BAD 145129782727
BAD 145130125873
BAD 145130495491
BAD 145130723509
BAD 145130723513
BAD 145131090997
BAD 145131324097
BAD 145131665449
BAD 145131827809
BAD 145132396711
BAD 145132446097
BAD 145132521203
BAD 145132565161
BAD 145132892213
BAD 145132905091
BAD 145133359097
BAD 145133561779
BAD 145133696909
BAD 145168782511
BAD 145168843231
BAD 145169508727
BAD 145169587081
BAD 145170467773
BAD 145170761443
BAD 145170761447
BAD 145170761453
BAD 145171263623
BAD 145171788173
BAD 145171829167
BAD 145172078179
BAD 145172129633
BAD 145172129639
BAD 145172129681
BAD 145172169031
BAD 145172169089
BAD 145172169091
BAD 145172284093
BAD 145172284109
BAD 145172962219
BAD 145173364129
BAD 145173666941
BAD 145173666943
BAD 145173840089
BAD 145174566323
BAD 145174779361
BAD 145175040323
BAD 145175189573
BAD 145175487953
BAD 145175487959
BAD 145175487973
BAD 145176216511
BAD 145176328321
BAD 145176328327
BAD 145176364061
BAD 145176364063
BAD 145176638491
BAD 145176924601
BAD 145177318681
BAD 145177782203
BAD 145177903769
BAD 145177903771
BAD 145177912309
BAD 145178090689
BAD 145178090693
BAD 145178090699
BAD 145178123459
BAD 145178126123
BAD 145178525509
BAD 145179020377
BAD 145179126553
BAD 145180060481
BAD 145180060483
BAD 145180232291
BAD 145180232293
BAD 145180468553
BAD 145180468561
BAD 145180653313
BAD 145181485963
BAD 145181486003
BAD 145150636523
BAD 145181893741
BAD 145181893823
BAD 145181902387
BAD 145182570443
BAD 145151296579
BAD 145151296583
BAD 145182990193
BAD 145183088929
BAD 145151824009
BAD 145151933021
BAD 145151933023
BAD 145152667201
BAD 145152667207
BAD 145153576999
BAD 145153577003
BAD 145201350341
BAD 145153704097
BAD 145153731979
BAD 145153976581
BAD 145154034469
BAD 145154191813
BAD 145154191817
BAD 145201965977
BAD 145202028871
BAD 145154338573
BAD 145154560427
BAD 145202336821
BAD 145154686603
BAD 145202453899
BAD 145203202733
BAD 145203275069
BAD 145203275071
BAD 145203362989
BAD 145203363001
BAD 145203363007
BAD 145203363013
BAD 145203363023
BAD 145203982307
BAD 145203982309
BAD 145157311297
BAD 145157311309
BAD 145157389549
BAD 145157389561
BAD 145157389589
BAD 145205105347
BAD 145205105351
BAD 145157626699
BAD 145157679619
BAD 145157753179
BAD 145157834449
BAD 145157834453
BAD 145205555623
BAD 145205555689
BAD 145206277387
BAD 145158410063
BAD 145158410069
BAD 145158410071
BAD 145206692821
BAD 145206742643
BAD 145158660683
BAD 145158836539
BAD 145158836551
BAD 145158882391
BAD 145158882397
BAD 145158882403
BAD 145207010701
BAD 145207094671
BAD 145159260613
BAD 145159260619
BAD 145159727249
BAD 145208104411
BAD 145208136979
BAD 145208165699
BAD 145208165701
BAD 145208165723
BAD 145209068261
BAD 145209068297
BAD 145209068299
BAD 145210114459
BAD 145210468679
BAD 145210468681
BAD 145210468687
BAD 145211621213
BAD 145211692333
BAD 145211692337
BAD 145211692363
BAD 145212001843
BAD 145212187553
BAD 145212187597
BAD 145212246203
BAD 145212383761
BAD 145161575479
BAD 145161977183
BAD 145161977201
BAD 145161977203
BAD 145162218673
BAD 145162218709
BAD 145162218713
BAD 145162581691
BAD 145162818739
BAD 145162818743
BAD 145162818751
BAD 145163378179
BAD 145164132511
BAD 145164143869
BAD 145164381379
BAD 145164381391
BAD 145164498481
BAD 145164498487
BAD 145165158793
BAD 145166393243
BAD 145166393261
BAD 145166393263
BAD 145212728377
BAD 145214030513
BAD 145214030519
BAD 145214823937
BAD 145215422333
BAD 145215436829
BAD 145215436831
BAD 145216172419
BAD 145216355719
BAD 145216355723
BAD 145216355749
BAD 145216559959
BAD 145216668001
BAD 145216869121
BAD 145235112901
BAD 145235123573
BAD 145235802319
BAD 145236460643
BAD 145236460651
BAD 145236499259
BAD 145236675559
BAD 145236740491
BAD 145237216783
BAD 145237245463
BAD 145237573223
BAD 145237999073
BAD 145237999079
BAD 145238134277
BAD 145238134291
BAD 145238690431
BAD 145239856171
BAD 145239856219
BAD 145239856231
BAD 145240017289
BAD 145240038379
BAD 145240480261
BAD 145240731007
BAD 145240731011
BAD 145240987201
BAD 145240987207
BAD 145241244763
BAD 145241758289
BAD 145241789603
BAD 145241842129
BAD 145241988811
BAD 145242121951
BAD 145242199171
BAD 145242534443
BAD 145243013911
BAD 145243013921
BAD 145243502311
BAD 145243512653
BAD 145243580929
BAD 145244611249
BAD 145244745053
BAD 145244955073
BAD 145244955077
BAD 145244955091
BAD 145245123319
BAD 145245602539
BAD 145245780487
BAD 145246514233
BAD 145247293291
BAD 145247293297
BAD 145247401393
BAD 145247401399
BAD 145247427361
BAD 145248047677
BAD 145248213301
BAD 145248396451
BAD 145248769711
BAD 145248769717
BAD 145249498661
BAD 145249498663
BAD 145249498673
BAD 145249498679
BAD 145249630573
BAD 145250769709
BAD 145184257969
BAD 145217872237
BAD 145218183413
BAD 145218206387
BAD 145218206389
BAD 145218284599
BAD 145218392183
BAD 145185823963
BAD 145186005983
BAD 145186049303
BAD 145186094639
BAD 145186111249
BAD 145186415723
BAD 145186415807
BAD 145219501283
BAD 145219501289
BAD 145219501291
BAD 145186801189
BAD 145186887061
BAD 145186896709
BAD 145187577679
BAD 145220618923
BAD 145220618927
BAD 145220618929
BAD 145220748889
BAD 145220748901
BAD 145187803021
BAD 145187837359
BAD 145187837363
BAD 145187837369
BAD 145187837371
BAD 145187837383
BAD 145187837393
BAD 145221014531
BAD 145221026063
BAD 145221298697
BAD 145221298699
BAD 145188165823
BAD 145188165841
BAD 145221515539
BAD 145221515573
BAD 145221669017
BAD 145221762481
BAD 145221824413
BAD 145221824417
BAD 145221858857
BAD 145222243043
BAD 145222243099
BAD 145189299643
BAD 145223250881
BAD 145223390573
BAD 145223644103
BAD 145189584193
BAD 145189584203
BAD 145223908121
BAD 145223908129
BAD 145223953859
BAD 145189683707
BAD 145189847987
BAD 145189847989
BAD 145190011709
BAD 145190011711
BAD 145190011717
BAD 145224520691
BAD 145190011721
BAD 145224529847
BAD 145224912887
BAD 145225103773
BAD 145225753711
BAD 145190663617
BAD 145190962769
BAD 145190962771
BAD 145226227571
BAD 145191056629
BAD 145226480617
BAD 145226480621
BAD 145227057463
BAD 145192437529
BAD 145192437547
BAD 145192437671
BAD 145192437673
BAD 145192663927
BAD 145192987909
BAD 145192987913
BAD 145192987921
BAD 145193030299
BAD 145193245543
BAD 145228357553
BAD 145194314227
BAD 145194387227
BAD 145229333341
BAD 145230246923
BAD 145230472103
BAD 145231021081
BAD 145231021087
BAD 145231021093
BAD 145231683049
BAD 145231683053
BAD 145231696943
BAD 145231926299
BAD 145232036603
BAD 145232781839
BAD 145232908789
BAD 145233179041
BAD 145233346231
BAD 145233386761
BAD 145194483121
BAD 145194577223
BAD 145194639433
BAD 145194647537
BAD 145194647539
BAD 145194835363
BAD 145195014851
BAD 145195014869
BAD 145195251613
BAD 145195519373
BAD 145195584517
BAD 145196433563
BAD 145196927779
BAD 145196979331
BAD 145197239713
BAD 145197239723
BAD 145197316763
BAD 145197316819
BAD 145197553789
BAD 145251288659
BAD 145251288661
BAD 145251356927
BAD 145251356983
BAD 145251425729
BAD 145251425731
BAD 145251425743
BAD 145251724463
BAD 145251903809
BAD 145198560439
BAD 145198560449
BAD 145198560473
BAD 145252241791
BAD 145252386679
BAD 145198758577
BAD 145198758587
BAD 145198758589
BAD 145198758647
BAD 145198968899
BAD 145252629443
BAD 145252629449
BAD 145252629451
BAD 145252629463
BAD 145199145953
BAD 145199192683
BAD 145199933551
BAD 145199936341
BAD 145200301601
BAD 145200553651
BAD 145253604649
BAD 145253604653
BAD 145200606379
BAD 145200693751
BAD 145253906153
BAD 145253980147
BAD 145254415003
BAD 145254512807
BAD 145254512813
BAD 145254616981
BAD 145254616987
BAD 145254933179
BAD 145255496081
BAD 145255496083
BAD 145255660189
BAD 145255697911
BAD 145255697929
BAD 145255697933
BAD 145255711849
BAD 145255910749
BAD 145255910753
BAD 145255910773
BAD 145256507611
BAD 145351966831
BAD 145257287053
BAD 145257287057
BAD 145257287059
BAD 145257319591
BAD 145257319609
BAD 145257486379
BAD 145257486383
BAD 145257486403
BAD 145353095941
BAD 145353264883
BAD 145258246759
BAD 145353440233
BAD 145353440237
BAD 145258367887
BAD 145353536231
BAD 145353536233
BAD 145353644773
BAD 145353708007
BAD 145353765503
BAD 145354001213
BAD 145259429411
BAD 145259451461
BAD 145260236357
BAD 145260236399
BAD 145260642151
BAD 145260642157
BAD 145260689047
BAD 145355143313
BAD 145261182233
BAD 145355398009
BAD 145261734713
BAD 145355637773
BAD 145261882109
BAD 145261882111
BAD 145355776411
BAD 145262054011
BAD 145262355949
BAD 145262439877
BAD 145262439913
BAD 145262809963
BAD 145262860793
BAD 145262873993
BAD 145264323671
BAD 145264595423
BAD 145264729123
BAD 145355892503
BAD 145355931313
BAD 145355931319
BAD 145356082699
BAD 145356480133
BAD 145356980539
BAD 145357086997
BAD 145357590047
BAD 145357691543
BAD 145357691551
BAD 145358300881
BAD 145358390011
BAD 145358390423
BAD 145358655439
BAD 145358842183
BAD 145358842231
BAD 145358878447
BAD 145358900473
BAD 145359835669
BAD 145361196203
BAD 145361253931
BAD 145361596217
BAD 145362188261
BAD 145362629393
BAD 145362722041
BAD 145364155253
BAD 145364193991
BAD 145364669651
BAD 145364669663
BAD 145364734483
BAD 145266255917
BAD 145266255919
BAD 145266401971
BAD 145266538981
BAD 145266538987
BAD 145266539107
BAD 145266913093
BAD 145266913097
BAD 145267505731
BAD 145267567139
BAD 145267567141
BAD 145365162517
BAD 145365233179
BAD 145365233183
BAD 145365233227
BAD 145365316267
BAD 145365373759
BAD 145365473663
BAD 145365740033
BAD 145365820163
BAD 145365884459
BAD 145366213417
BAD 145366419799
BAD 145366529947
BAD 145366529977
BAD 145366638149
BAD 145366690393
BAD 145366820563
BAD 145367206781
BAD 145367206783
BAD 145367206793
BAD 145367206823
BAD 145367553413
BAD 145367554427
BAD 145367554429
BAD 145367554433
BAD 145367868847
BAD 145368073343
BAD 145268078009
BAD 145268101081
BAD 145268101219
BAD 145268586797
BAD 145269099281
BAD 145269099307
BAD 145269115721
BAD 145269115723
BAD 145269248303
BAD 145269792337
BAD 145269807173
BAD 145269807181
BAD 145269807191
BAD 145285155979
BAD 145285310171
BAD 145285310173
BAD 145285805437
BAD 145285947773
BAD 145286587217
BAD 145286587219
BAD 145286634133
BAD 145286634137
BAD 145286634139
BAD 145287852623
BAD 145287852631
BAD 145288106153
BAD 145288229033
BAD 145288416199
BAD 145288686427
BAD 145288686443
BAD 145289089973
BAD 145289195357
BAD 145289517691
BAD 145290037883
BAD 145290037891
BAD 145290268411
BAD 145290275953
BAD 145318553693
BAD 145290787643
BAD 145290884743
BAD 145318900427
BAD 145318900429
BAD 145291053923
BAD 145319195603
BAD 145291543549
BAD 145291555403
BAD 145291776127
BAD 145291776131
BAD 145291996999
BAD 145292434759
BAD 145292598127
BAD 145319721829
BAD 145319721863
BAD 145293090773
BAD 145293202511
BAD 145293413833
BAD 145294095647
BAD 145294095649
BAD 145320444559
BAD 145320481903
BAD 145320482081
BAD 145320482093
BAD 145320482107
BAD 145320870439
BAD 145321225603
BAD 145294783243
BAD 145294783279
BAD 145321757333
BAD 145321757341
BAD 145295155813
BAD 145321885493
BAD 145295303743
BAD 145301861963
BAD 145295458507
BAD 145302534631
BAD 145323221863
BAD 145323244399
BAD 145323244403
BAD 145295637733
BAD 145295637737
BAD 145302709711
BAD 145302767783
BAD 145302902219
BAD 145302902221
BAD 145323474859
BAD 145323500137
BAD 145323500141
BAD 145323500143
BAD 145323537979
BAD 145303287697
BAD 145295929301
BAD 145303361767
BAD 145303361771
BAD 145303361773
BAD 145296076903
BAD 145296076907
BAD 145303520653
BAD 145303874299
BAD 145303919029
BAD 145297003987
BAD 145297003997
BAD 145297105081
BAD 145324497289
BAD 145324497293
BAD 145297277149
BAD 145297277161
BAD 145297358161
BAD 145297395797
BAD 145297395799
BAD 145304213843
BAD 145297500877
BAD 145297500919
BAD 145324696303
BAD 145304329153
BAD 145304764783
BAD 145324797953
BAD 145324892413
BAD 145324892417
BAD 145304989231
BAD 145304989279
BAD 145305004849
BAD 145305004853
BAD 145305121477
BAD 145325175533
BAD 145325175713
BAD 145325265277
BAD 145325465449
BAD 145305936263
BAD 145306010093
BAD 145306027099
BAD 145299392167
BAD 145299392179
BAD 145325823299
BAD 145325823301
BAD 145299453769
BAD 145306425013
BAD 145326477649
BAD 145307092141
BAD 145326631673
BAD 145326859763
BAD 145326859831
BAD 145327062851
BAD 145369552171
BAD 145369553143
BAD 145369553149
BAD 145327118213
BAD 145300625389
BAD 145369657051
BAD 145327245473
BAD 145307187679
BAD 145369871341
BAD 145300732103
BAD 145369956247
BAD 145300829161
BAD 145300829173
BAD 145300900553
BAD 145301139791
BAD 145301139793
BAD 145301488259
BAD 145301488261
BAD 145328127907
BAD 145328127913
BAD 145272322423
BAD 145272727777
BAD 145402272823
BAD 145272727939
BAD 145307533999
BAD 145329476587
BAD 145370609453
BAD 145329565793
BAD 145307700757
BAD 145307700761
BAD 145307700763
BAD 145329658379
BAD 145307771327
BAD 145370818009
BAD 145402456429
BAD 145308090913
BAD 145308122821
BAD 145308150473
BAD 145330215133
BAD 145402667063
BAD 145308273499
BAD 145308273503
BAD 145273642699
BAD 145371160777
BAD 145308599003
BAD 145330697269
BAD 145330697293
BAD 145402859227
BAD 145402896997
BAD 145371290299
BAD 145371290303
BAD 145308780949
BAD 145371357841
BAD 145274129647
BAD 145371378241
BAD 145371378247
BAD 145402952879
BAD 145402952881
BAD 145332070187
BAD 145403035027
BAD 145403111123
BAD 145371709981
BAD 145309293331
BAD 145309362773
BAD 145332802159
BAD 145274919901
BAD 145332978653
BAD 145372213249
BAD 145309970761
BAD 145309970783
BAD 145372283747
BAD 145275369023
BAD 145275383273
BAD 145333467599
BAD 145333467623
BAD 145372389473
BAD 145372389511
BAD 145310268463
BAD 145372466179
BAD 145310357897
BAD 145310357903
BAD 145275779743
BAD 145372683227
BAD 145310720341
BAD 145372683229
BAD 145372683233
BAD 145372683257
BAD 145372683271
BAD 145372683277
BAD 145372683353
BAD 145372683361
BAD 145275828001
BAD 145310780611
BAD 145372847131
BAD 145372931551
BAD 145276502887
BAD 145334930963
BAD 145276587751
BAD 145312080083
BAD 145312134787
BAD 145276681321
BAD 145385492867
BAD 145373847257
BAD 145373847271
BAD 145312303159
BAD 145312520783
BAD 145312634827
BAD 145374171391
BAD 145374306953
BAD 145374564529
BAD 145374564553
BAD 145313547077
BAD 145404712009
BAD 145385836963
BAD 145278265283
BAD 145313547079
BAD 145375090969
BAD 145335189833
BAD 145335521281
BAD 145313986249
BAD 145375509319
BAD 145314292457
BAD 145314292477
BAD 145314292499
BAD 145314449377
BAD 145314692779
BAD 145314751627
BAD 145314751633
BAD 145314751793
BAD 145314751807
BAD 145314751811
BAD 145314752633
BAD 145314752683
BAD 145376325221
BAD 145376325223
BAD 145314948871
BAD 145376394923
BAD 145377092513
BAD 145279053911
BAD 145279053923
BAD 145377389783
BAD 145385942753
BAD 145405225663
BAD 145280356951
BAD 145405276837
BAD 145405415641
BAD 145405479103
BAD 145405502551
BAD 145405502581
BAD 145280689237
BAD 145280696479
BAD 145405640389
BAD 145280837041
BAD 145519868467
BAD 145405738921
BAD 145405903663
BAD 145520006563
BAD 145281186487
BAD 145315804111
BAD 145406066161
BAD 145406107829
BAD 145406107849
BAD 145335726119
BAD 145335726121
BAD 145386583343
BAD 145520112253
BAD 145281724927
BAD 145316046209
BAD 145406855483
BAD 145282060681
BAD 145387393043
BAD 145387393051
BAD 145407262291
BAD 145282162063
BAD 145316414521
BAD 145387959029
BAD 145282206557
BAD 145316530937
BAD 145316530939
BAD 145316711389
BAD 145337353417
BAD 145407652009
BAD 145337432689
BAD 145337486587
BAD 145337551921
BAD 145337551927
BAD 145337551951
BAD 145407804019
BAD 145407804037
BAD 145283063041
BAD 145283063053
BAD 145283122951
BAD 145317287783
BAD 145317296633
BAD 145317641957
BAD 145317892207
BAD 145283941279
BAD 145318096249
BAD 145284001787
BAD 145284001789
BAD 145408417793
BAD 145284049153
BAD 145284049159
BAD 145408607299
BAD 145318329473
BAD 145377869963
BAD 145284085379
BAD 145284085381
BAD 145388123357
BAD 145388123359
BAD 145388123381
BAD 145388123383
BAD 145388123453
BAD 145388125327
BAD 145284183001
BAD 145284194401
BAD 145388341393
BAD 145388341403
BAD 145388341433
BAD 145388385001
BAD 145536673501
BAD 145536673523
BAD 145536673531
BAD 145284276259
BAD 145284276271
BAD 145284276289
BAD 145388419079
BAD 145408856759
BAD 145408856783
BAD 145378134793
BAD 145378148161
BAD 145388705093
BAD 145388735287
BAD 145378317919
BAD 145284497563
BAD 145388735311
BAD 145419098483
BAD 145409683813
BAD 145378334449
BAD 145388951599
BAD 145378530467
BAD 145378530469
BAD 145419368779
BAD 145378641283
BAD 145389219433
BAD 145389219491
BAD 145378692973
BAD 145537390699
BAD 145537390703
BAD 145389378949
BAD 145389423863
BAD 145389423871
BAD 145419579169
BAD 145337608651
BAD 145337608657
BAD 145337849221
BAD 145390164547
BAD 145390164551
BAD 145390164553
BAD 145390164571
BAD 145390371439
BAD 145390371443
BAD 145379662937
BAD 145284497573
BAD 145338515281
BAD 145420251241
BAD 145409923039
BAD 145420251247
BAD 145420303373
BAD 145284706669
BAD 145284740423
BAD 145284747043
BAD 145284768289
BAD 145520572919
BAD 145520572963
BAD 145380030223
BAD 145538706241
BAD 145391182697
BAD 145391182757
BAD 145391182759
BAD 145380218869
BAD 145420924123
BAD 145391182763
BAD 145380321943
BAD 145380321953
BAD 145380321959
BAD 145521285473
BAD 145410758963
BAD 145538975033
BAD 145521594979
BAD 145521733703
BAD 145411130119
BAD 145411130131
BAD 145521919987
BAD 145421535929
BAD 145391641051
BAD 145391845853
BAD 145339687523
BAD 145411614317
BAD 145411614319
BAD 145411666133
BAD 145411666199
BAD 145411666201
BAD 145339983433
BAD 145340034589
BAD 145340034601
BAD 145539283093
BAD 145380994411
BAD 145380994471
BAD 145340117179
BAD 145340117183
BAD 145422219799
BAD 145340194607
BAD 145340194609
BAD 145392723451
BAD 145340409041
BAD 145340409043
BAD 145340409061
BAD 145522465993
BAD 145422454831
BAD 145422454843
BAD 145340601733
BAD 145340601797
BAD 145423142783
BAD 145539981157
BAD 145392881771
BAD 145522967363
BAD 145392881773
BAD 145522967371
BAD 145340601799
BAD 145412646443
BAD 145540113223
BAD 145423286549
BAD 145523173687
BAD 145503379271
BAD 145503379277
BAD 145503379279
BAD 145503414829
BAD 145523220959
BAD 145423389977
BAD 145423389983
BAD 145540264453
BAD 145381542511
BAD 145381603363
BAD 145340912333
BAD 145503726023
BAD 145503726029
BAD 145381797367
BAD 145381797371
BAD 145503920741
BAD 145504049591
BAD 145504049599
BAD 145504239379
BAD 145424046563
BAD 145504239383
BAD 145524133921
BAD 145341957331
BAD 145424046589
BAD 145540843141
BAD 145541018803
BAD 145504502797
BAD 145382696629
BAD 145342220147
BAD 145424332681
BAD 145424332699
BAD 145342284889
BAD 145524720707
BAD 145382884463
BAD 145524967039
BAD 145424638223
BAD 145541713753
BAD 145393188671
BAD 145393188673
BAD 145541934983
BAD 145541935087
BAD 145525510853
BAD 145505222431
BAD 145505222441
BAD 145505222453
BAD 145342552021
BAD 145342624027
BAD 145526553727
BAD 145542340679
BAD 145413607189
BAD 145507062829
BAD 145526853403
BAD 145425146819
BAD 145342792229
BAD 145507062839
BAD 145542340681
BAD 145526897251
BAD 145507211701
BAD 145542706723
BAD 145527373373
BAD 145527373451
BAD 145542912569
BAD 145542912577
BAD 145542933259
BAD 145542933271
BAD 145527561989
BAD 145414319929
BAD 145414319933
BAD 145527735349
BAD 145527785593
BAD 145527785597
BAD 145393840903
BAD 145414772389
BAD 145528192003
BAD 145528192009
BAD 145414973797
BAD 145528315789
BAD 145508082683
BAD 145508082701
BAD 145508082703
BAD 145415163253
BAD 145528392019
BAD 145415163263
BAD 145508120839
BAD 145528509029
BAD 145528509031
BAD 145415367571
BAD 145426020877
BAD 145508380799
BAD 145508384159
BAD 145426107373
BAD 145426107377
BAD 145426107383
BAD 145426107391
BAD 145508573611
BAD 145415846731
BAD 145394458093
BAD 145426391983
BAD 145426587151
BAD 145508982049
BAD 145508982053
BAD 145343237489
BAD 145427061467
BAD 145427061469
BAD 145427180347
BAD 145343683493
BAD 145343683519
BAD 145343873837
BAD 145343873839
BAD 145343873869
BAD 145416431779
BAD 145429351681
BAD 145529250157
BAD 145343873881
BAD 145429351687
BAD 145416447901
BAD 145416447907
BAD 145416447961
BAD 145343964893
BAD 145396059113
BAD 145396059121
BAD 145429627333
BAD 145429627339
BAD 145416929341
BAD 145529815313
BAD 145417200043
BAD 145417200083
BAD 145417200091
BAD 145417250513
BAD 145417273231
BAD 145417273237
BAD 145417273247
BAD 145530376793
BAD 145396284001
BAD 145396284113
BAD 145396401751
BAD 145530557113
BAD 145417940047
BAD 145530783301
BAD 145429912657
BAD 145383760763
BAD 145418160779
BAD 145531026359
BAD 145531032533
BAD 145531032679
BAD 145531032683
BAD 145344288827
BAD 145344288829
BAD 145531070393
BAD 145531070413
BAD 145418306419
BAD 145418306533
BAD 145344401903
BAD 145418317999
BAD 145396761023
BAD 145344589933
BAD 145344589939
BAD 145430242051
BAD 145418645797
BAD 145531431013
BAD 145531637039
BAD 145531687933
BAD 145430748737
BAD 145430748739
BAD 145430748779
BAD 145430748781
BAD 145531710197
BAD 145430803187
BAD 145430809501
BAD 145418825897
BAD 145430910109
BAD 145397056859
BAD 145418825899
BAD 145531911487
BAD 145531911493
BAD 145419023513
BAD 145397286263
BAD 145509770597
BAD 145509770599
BAD 145509770603
BAD 145345793449
BAD 145532265223
BAD 145532275859
BAD 145510013791
BAD 145532331811
BAD 145532331853
BAD 145532338387
BAD 145532338433
BAD 145532338439
BAD 145384816373
BAD 145532943487
BAD 145431406271
BAD 145431406273
BAD 145510504351
BAD 145346434411
BAD 145346453809
BAD 145533530507
BAD 145533530509
BAD 145533667913
BAD 145431900479
BAD 145543630489
BAD 145431900487
BAD 145511094593
BAD 145511094679
BAD 145511094697
BAD 145533800431
BAD 145347384781
BAD 145432006021
BAD 145432049573
BAD 145432049579
BAD 145511206303
BAD 145432049603
BAD 145511206307
BAD 145511206343
BAD 145347453169
BAD 145543861063
BAD 145347681263
BAD 145397937571
BAD 145397937577
BAD 145397937583
BAD 145432444207
BAD 145511492983
BAD 145511492993
BAD 145432486039
BAD 145432486051
BAD 145347865849
BAD 145347865853
BAD 145544004271
BAD 145398208997
BAD 145398208999
BAD 145432753471
BAD 145535189441
BAD 145432930793
BAD 145535338189
BAD 145535419163
BAD 145535488339
BAD 145398928723
BAD 145433304463
BAD 145348231849
BAD 145348231859
BAD 145399281289
BAD 145399281299
BAD 145399281301
BAD 145536139513
BAD 145544132507
BAD 145544132509
BAD 145544132521
BAD 145433746631
BAD 145433746639
BAD 145433746643
BAD 145433746651
BAD 145399682951
BAD 145433869171
BAD 145433869223
BAD 145433869237
BAD 145536407299
BAD 145348586897
BAD 145348586899
BAD 145536422203
BAD 145536422209
BAD 145348672631
BAD 145400089847
BAD 145348672633
BAD 145348672639
BAD 145400106739
BAD 145433940583
BAD 145348980367
BAD 145400538859
BAD 145400538863
BAD 145400538869
BAD 145349056949
BAD 145434074011
BAD 145545059431
BAD 145401056719
BAD 145349511583
BAD 145349511589
BAD 145401273023
BAD 145545517501
BAD 145545568087
BAD 145401961301
BAD 145401961303
BAD 145401961321
BAD 145350152669
BAD 145350152671
BAD 145545872687
BAD 145545889199
BAD 145545913297
BAD 145545913309
BAD 145434409441
BAD 145402216969
BAD 145511898583
BAD 145434759427
BAD 145350366143
BAD 145434895777
BAD 145350553669
BAD 145350577943
BAD 145350708163
BAD 145350738607
BAD 145435151809
BAD 145435151821
BAD 145511962307
BAD 145511962333
BAD 145511990989
BAD 145351025629
BAD 145546406041
BAD 145512343399
BAD 145546498897
BAD 145546535633
BAD 145546545763
BAD 145546715843
BAD 145512804391
BAD 145512804403
BAD 145546838071
BAD 145512978319
BAD 145513109123
BAD 145547515133
BAD 145547515153
BAD 145514346547
BAD 145547746381
BAD 145547746387
BAD 145547812079
BAD 145514968031
BAD 145515130583
BAD 145515662293
BAD 145516050637
BAD 145516141117
BAD 145516529227
BAD 145516661909
BAD 145516661911
BAD 145516759081
BAD 145549289813
BAD 145549510439
BAD 145549510441
BAD 145486209667
BAD 145486223243
BAD 145516980319
BAD 145549629413
BAD 145517099977
BAD 145517099983
BAD 145549778057
BAD 145549939573
BAD 145549939583
BAD 145486594619
BAD 145549970669
BAD 145550020969
BAD 145550027671
BAD 145517479771
BAD 145486738979
BAD 145486738981
BAD 145550283727
BAD 145550283737
BAD 145487037757
BAD 145518058493
BAD 145518192377
BAD 145518192383
BAD 145518192397
BAD 145550860471
BAD 145487578459
BAD 145487578463
BAD 145518715963
BAD 145551361063
BAD 145551378079
BAD 145551378083
BAD 145551401393
BAD 145551401399
BAD 145518945043
BAD 145551847139
BAD 145551847141
BAD 145551848263
BAD 145551868237
BAD 145519149323
BAD 145519207777
BAD 145488540377
BAD 145488712861
BAD 145488930079
BAD 145488969421
BAD 145552986323
BAD 145552986379
BAD 145454387153
BAD 145489117159
BAD 145553240011
BAD 145454613571
BAD 145489175773
BAD 145455024073
BAD 145455624373
BAD 145455737857
BAD 145455906289
BAD 145455906293
BAD 145490401039
BAD 145456396783
BAD 145456440853
BAD 145456498259
BAD 145456498261
BAD 145490648929
BAD 145456649509
BAD 145456770787
BAD 145456770803
BAD 145456843057
BAD 145491221999
BAD 145491222001
BAD 145457706143
BAD 145458083651
BAD 145458329663
BAD 145458329671
BAD 145458370711
BAD 145458466343
BAD 145458466357
BAD 145458468293
BAD 145458468299
BAD 145458468301
BAD 145491899029
BAD 145491936113
BAD 145491936151
BAD 145492849673
BAD 145492849681
BAD 145492849687
BAD 145492870007
BAD 145492885423
BAD 145493034101
BAD 145493034103
BAD 145493034121
BAD 145493052017
BAD 145493098441
BAD 145493354407
BAD 145493354429
BAD 145493354431
BAD 145459938691
BAD 145460234047
BAD 145460527213
BAD 145460968223
BAD 145461104377
BAD 145461209287
BAD 145494692341
BAD 145494705211
BAD 145494897571
BAD 145462056379
BAD 145462163963
BAD 145462163971
BAD 145462202569
BAD 145462202573
BAD 145463232917
BAD 145463232919
BAD 145463232923
BAD 145463232931
BAD 145463390987
BAD 145495568447
BAD 145463489183
BAD 145463489191
BAD 145463489207
BAD 145463489209
BAD 145495798549
BAD 145495798573
BAD 145463558483
BAD 145495830553
BAD 145495830563
BAD 145495830569
BAD 145495848437
BAD 145496191937
BAD 145496378393
BAD 145496675633
BAD 145496675671
BAD 145496744713
BAD 145496869261
BAD 145496869283
BAD 145496982517
BAD 145496982529
BAD 145464740989
BAD 145464741001
BAD 145464858089
BAD 145464923029
BAD 145464944137
BAD 145464951713
BAD 145464951719
BAD 145464951733
BAD 145464978317
BAD 145464978319
BAD 145497955861
BAD 145498073813
BAD 145498092379
BAD 145498242763
BAD 145498620283
BAD 145498977829
BAD 145499227673
BAD 145465068571
BAD 145465068587
BAD 145465068589
BAD 145465128007
BAD 145499372633
BAD 145499963863
BAD 145499981623
BAD 145465999741
BAD 145500787681
BAD 145466612363
BAD 145501152521
BAD 145466945993
BAD 145467285833
BAD 145467308851
BAD 145501469153
BAD 145501505761
BAD 145501505873
BAD 145501505879
BAD 145468176323
BAD 145501505881
BAD 145501505953
BAD 145436171159
BAD 145436171161
BAD 145468557527
BAD 145468557529
BAD 145436699357
BAD 145436699363
BAD 145436750093
BAD 145468962773
BAD 145437268499
BAD 145468984081
BAD 145437500449
BAD 145469105917
BAD 145502645317
BAD 145502752699
BAD 145502752711
BAD 145437616243
BAD 145469281649
BAD 145437729113
BAD 145437730531
BAD 145437897049
BAD 145438046503
BAD 145438376243
BAD 145438516759
BAD 145438527931
BAD 145439156351
BAD 145439156353
BAD 145439498467
BAD 145439889083
BAD 145439935061
BAD 145440387271
BAD 145440399127
BAD 145440706753
BAD 145441050773
BAD 145441378471
BAD 145441554463
BAD 145441968053
BAD 145442114063
BAD 145442115703
BAD 145442342483
BAD 145442355911
BAD 145442355913
BAD 145442355923
BAD 145443287173
BAD 145443344729
BAD 145443344731
BAD 145443344737
BAD 145443432487
BAD 145443442351
BAD 145443442363
BAD 145443523873
BAD 145443618629
BAD 145443618721
BAD 145444023667
BAD 145444023679
BAD 145444023721
BAD 145444346429
BAD 145444346431
BAD 145445109353
BAD 145445255107
BAD 145445255119
BAD 145445427949
BAD 145445506757
BAD 145445643403
BAD 145445795903
BAD 145445973949
BAD 145446203557
BAD 145469642881
BAD 145446681811
BAD 145446681817
BAD 145469783387
BAD 145469850653
BAD 145469850671
BAD 145469850677
BAD 145469850679
BAD 145469850683
BAD 145469930719
BAD 145470091201
BAD 145470147191
BAD 145470236083
BAD 145470406537
BAD 145470406541
BAD 145447473047
BAD 145447473049
BAD 145470612949
BAD 145470612953
BAD 145471209187
BAD 145471826209
BAD 145472011273
BAD 145472090501
BAD 145472273483
BAD 145472273489
BAD 145472273491
BAD 145472799631
BAD 145473475183
BAD 145473475187
BAD 145473582523
BAD 145474155109
BAD 145474155119
BAD 145474155121
BAD 145474155259
BAD 145474155263
BAD 145474244717
BAD 145474244719
BAD 145474244723
BAD 145474361573
BAD 145474361581
BAD 145474451443
BAD 145474521833
BAD 145474521859
BAD 145474644361
BAD 145448773831
BAD 145448833109
BAD 145448833111
BAD 145449168517
BAD 145449168521
BAD 145449168523
BAD 145449376453
BAD 145449376519
BAD 145449916757
BAD 145450398893
BAD 145450516097
BAD 145450635949
BAD 145450635961
BAD 145450912181
BAD 145450912183
BAD 145450912193
BAD 145450912219
BAD 145450932241
BAD 145451245411
BAD 145475738753
BAD 145475866733
BAD 145475874227
BAD 145475874233
BAD 145476014543
BAD 145476243559
BAD 145476774691
BAD 145477145113
BAD 145477145117
BAD 145477145137
BAD 145477860071
BAD 145478123851
BAD 145451927519
BAD 145452167929
BAD 145452167933
BAD 145478850389
BAD 145452357319
BAD 145479392911
BAD 145479846727
BAD 145479846739
BAD 145480511257
BAD 145480511263
BAD 145482154529
BAD 145482450569
BAD 145482450571
BAD 145482595043
BAD 145482595051
BAD 145482629293
BAD 145482675929
BAD 145483026113
BAD 145483330081
BAD 145483732637
BAD 145484012293
BAD 145484579629
BAD 145485325861
BAD 145485404021
BAD 145485423137
BAD 145485679369
BAD 145485892949
BAD 145485892969
BAD 145485892973
BAD 145485955369
BAD 145486113013
BAD 145486133333
BAD 145486133339
BAD 145486133341
BAD 145553391679
BAD 145553391691
BAD 145553391703
BAD 145553653439
BAD 145553667949
BAD 145553690813
BAD 145553854811
BAD 145553854813
BAD 145553854829
BAD 145554297751
BAD 145555676191
BAD 145555688263
BAD 145555710877
BAD 145555710913
BAD 145555738189
BAD 145555763209
BAD 145555962569
BAD 145556538203
BAD 145556538223
BAD 145556623313
BAD 145556696203
BAD 145556696213
BAD 145556954633
BAD 145570126073
BAD 145570126133
BAD 145570839083
BAD 145571086127
BAD 145571340073
BAD 145571644819
BAD 145572175471
BAD 145557598211
BAD 145557598231
BAD 145557745037
BAD 145572471433
BAD 145557745043
BAD 145557745051
BAD 145572471439
BAD 145572471479
BAD 145572943447
BAD 145572953369
BAD 145572953371
BAD 145572959353
BAD 145557901351
BAD 145558112893
BAD 145558112933
BAD 145558312489
BAD 145558312499
BAD 145558375453
BAD 145558967821
BAD 145574117873
BAD 145559373439
BAD 145559377793
BAD 145559377801
BAD 145559377937
BAD 145559377939
BAD 145574256439
BAD 145574366569
BAD 145574471921
BAD 145574539717
BAD 145559816693
BAD 145575138451
BAD 145560371063
BAD 145560641819
BAD 145575289609
BAD 145575389881
BAD 145575590557
BAD 145575610207
BAD 145561332247
BAD 145561332263
BAD 145561499491
BAD 145561516579
BAD 145561860107
BAD 145561860109
BAD 145561860113
BAD 145561951967
BAD 145561986623
BAD 145576311931
BAD 145576311943
BAD 145562324717
BAD 145562582071
BAD 145563145093
BAD 145563441433
BAD 145563489713
BAD 145577378677
BAD 145577760793
BAD 145563823463
BAD 145577931479
BAD 145577931497
BAD 145563880687
BAD 145563880691
BAD 145563924313
BAD 145563958349
BAD 145563958357
BAD 145586908219
BAD 145563958361
BAD 145563958363
BAD 145578429487
BAD 145578570469
BAD 145578894893
BAD 145564469881
BAD 145579053559
BAD 145579279949
BAD 145587690973
BAD 145587690977
BAD 145587690979
BAD 145587875401
BAD 145587875417
BAD 145587875483
BAD 145565315953
BAD 145565315957
BAD 145565399813
BAD 145579895291
BAD 145565840033
BAD 145588377239
BAD 145588377241
BAD 145588377301
BAD 145588858319
BAD 145588982731
BAD 145580299783
BAD 145567137367
BAD 145567137371
BAD 145590261097
BAD 145567415831
BAD 145590653081
BAD 145590653083
BAD 145580804693
BAD 145580804701
BAD 145567478633
BAD 145580914411
BAD 145590937861
BAD 145590937867
BAD 145581156673
BAD 145568036197
BAD 145568041999
BAD 145581480689
BAD 145581480691
BAD 145581480749
BAD 145568355109
BAD 145568355113
BAD 145581767101
BAD 145581767117
BAD 145591668517
BAD 145568565563
BAD 145591922263
BAD 145582305481
BAD 145582441063
BAD 145582773029
BAD 145569481247
BAD 145569481249
BAD 145592889581
BAD 145592889583
BAD 145592951971
BAD 145593009439
BAD 145593053899
BAD 145583512541
BAD 145594063763
BAD 145594468909
BAD 145594648789
BAD 145584881243
BAD 145594659997
BAD 145585266781
BAD 145585266787
BAD 145585496113
BAD 145594924621
BAD 145585631839
BAD 145585631843
BAD 145585803227
BAD 145585803229
BAD 145585839293
BAD 145585857199
BAD 145586033419
BAD 145586033431
BAD 145586084731
BAD 145595824333
BAD 145586408221
BAD 145586659553
BAD 145596157043
BAD 145596205303
BAD 145596396307
BAD 145596657617
BAD 145596747313
BAD 145598166113
BAD 145598166121
BAD 145598720803
BAD 145598720821
BAD 145598952949
BAD 145599031883
BAD 145599271673
BAD 145599271679
BAD 145599271681
BAD 145600088303
BAD 145600291183
BAD 145600357207
BAD 145600357211
BAD 145600357213
BAD 145600357219
BAD 145600357223
BAD 145600357229
BAD 145600357237
BAD 145600561973
BAD 145601038991
BAD 145601038993
BAD 145602322651
BAD 145602358441
BAD 145602446153
BAD 145602498803
BAD 145603714189
BAD 145604803997
BAD 145605216781
BAD 145605676267
BAD 145605676273
BAD 145605676301
BAD 145605676303
BAD 145605867791
BAD 145605867793
BAD 145605961693
BAD 145606261769
BAD 145606261771
BAD 145606456403
BAD 145607202511
BAD 145607202541
BAD 145607784559
BAD 145607784563
BAD 145607983793
BAD 145608178957
BAD 145608500857
BAD 145609003643
BAD 145609003651
BAD 145609034413
BAD 145609034419
BAD 145609179811
BAD 145609352443
BAD 145610681327
BAD 145612085131
BAD 145612093673
BAD 145612178221
BAD 145612399279
BAD 145612582783
BAD 145612582789
BAD 145612623731
BAD 145612623733
BAD 145612767571
BAD 145613028331
BAD 145613298451
BAD 145613402899
BAD 145613613911
BAD 145613613913
BAD 145613613931
BAD 145613713411
BAD 145613729983
BAD 145613793449
BAD 145620407113
BAD 145620596873
BAD 145620730669
BAD 145621674727
BAD 145621674733
BAD 145614859531
BAD 145615244059
BAD 145615244063
BAD 145622287099
BAD 145622365643
BAD 145615421563
BAD 145622412841
BAD 145622446621
BAD 145615529771
BAD 145622583583
BAD 145615756843
BAD 145622945971
BAD 145622945983
BAD 145615972009
BAD 145615972043
BAD 145623494413
BAD 145623552953
BAD 145623552959
BAD 145623552961
BAD 145623866503
BAD 145624059391
BAD 145624094183
BAD 145624325533
BAD 145624325537
BAD 145624675901
BAD 145625022289
BAD 145625022293
BAD 145625237341
BAD 145625455799
BAD 145625662387
BAD 145625892019
BAD 145625892023
BAD 145616776621
BAD 145616913647
BAD 145616913649
BAD 145617046433
BAD 145617526963
BAD 145618346873
BAD 145618350617
BAD 145618821113
BAD 145618821121
BAD 145618835239
BAD 145618835249
BAD 145618835251
BAD 145619225641
BAD 145619351093
BAD 145619351099
BAD 145619351107
BAD 145619351123
BAD 145619351159
BAD 145619727563
BAD 145626174181
BAD 145626268847
BAD 145626268849
BAD 145626438497
BAD 145626438499
BAD 145626741661
BAD 145626925357
BAD 145626925363
BAD 145626941063
BAD 145626941069
BAD 145626941071
BAD 145626941077
BAD 145626993451
BAD 145627475503
BAD 145627475507
BAD 145627475509
BAD 145627675901
BAD 145627789969
BAD 145627872671
BAD 145628031469
BAD 145628031473
BAD 145629664013
BAD 145630054313
BAD 145630152263
BAD 145630322653
BAD 145630322659
BAD 145630433269
BAD 145630617373
BAD 145630639439
BAD 145630639571
BAD 145637778173
BAD 145637789707
BAD 145631705081
BAD 145631705083
BAD 145632105637
BAD 145632235739
BAD 145632235741
BAD 145654002121
BAD 145632518347
BAD 145632518351
BAD 145638744773
BAD 145654523981
BAD 145654523983
BAD 145654524049
BAD 145654524053
BAD 145638981731
BAD 145639081339
BAD 145639083781
BAD 145639196509
BAD 145654903021
BAD 145655012957
BAD 145655012959
BAD 145633450643
BAD 145633450661
BAD 145633450663
BAD 145633450667
BAD 145655519641
BAD 145641012821
BAD 145633501801
BAD 145641012823
BAD 145633501823
BAD 145655675213
BAD 145641415321
BAD 145641442201
BAD 145641442229
BAD 145641442231
BAD 145655981123
BAD 145633936043
BAD 145656282371
BAD 145642227629
BAD 145642227631
BAD 145634276881
BAD 145656534979
BAD 145656534983
BAD 145634463901
BAD 145634528773
BAD 145642957819
BAD 145643114437
BAD 145656925399
BAD 145643226461
BAD 145643309017
BAD 145656997579
BAD 145643491717
BAD 145657248203
BAD 145657248211
BAD 145643858863
BAD 145643858869
BAD 145635367279
BAD 145643858933
BAD 145657710409
BAD 145657710433
BAD 145657710437
BAD 145657710439
BAD 145657714723
BAD 145657714733
BAD 145643896589
BAD 145643946319
BAD 145644208573
BAD 145657932151
BAD 145657932157
BAD 145644440717
BAD 145635781961
BAD 145658329231
BAD 145658329309
BAD 145645084339
BAD 145645084369
BAD 145645084373
BAD 145658464477
BAD 145658464481
BAD 145645125007
BAD 145645125011
BAD 145645125023
BAD 145645145647
BAD 145658727187
BAD 145658859109
BAD 145658859113
BAD 145658859119
BAD 145658859121
BAD 145647019549
BAD 145636962137
BAD 145647590371
BAD 145647885293
BAD 145659472477
BAD 145647970477
BAD 145659553139
BAD 145659553183
BAD 145659583963
BAD 145659583969
BAD 145659583973
BAD 145659673813
BAD 145648570051
BAD 145648772449
BAD 145660142569
BAD 145648856671
BAD 145648856677
BAD 145648945721
BAD 145648945723
BAD 145649556431
BAD 145649556433
BAD 145660692253
BAD 145649881243
BAD 145650105529
BAD 145650105533
BAD 145661090161
BAD 145661090167
BAD 145661372333
BAD 145650695849
BAD 145650695851
BAD 145661758877
BAD 145650695867
BAD 145661811643
BAD 145661811661
BAD 145661811667
BAD 145661938943
BAD 145661938951
BAD 145661975093
BAD 145661975101
BAD 145662230677
BAD 145662237323
BAD 145651069621
BAD 145662443093
BAD 145662611329
BAD 145662903623
BAD 145663060859
BAD 145663378733
BAD 145663602013
BAD 145651738039
BAD 145651933177
BAD 145651933213
BAD 145652006179
BAD 145652145481
BAD 145652226301
BAD 145652339797
BAD 145652576627
BAD 145652986343
BAD 145664590387
BAD 145653304703
BAD 145653509257
BAD 145665203777
BAD 145653509263
BAD 145665203779
BAD 145665547463
BAD 145666117999
BAD 145666118011
BAD 145666118099
BAD 145666299719
BAD 145666299721
BAD 145666370963
BAD 145666377071
BAD 145666393753
BAD 145666393759
BAD 145666393771
BAD 145671715933
BAD 145672148851
BAD 145667721307
BAD 145667772227
BAD 145667834579
BAD 145667834581
BAD 145672667071
BAD 145672881691
BAD 145668484831
BAD 145668484837
BAD 145673481589
BAD 145673484223
BAD 145673495629
BAD 145669210339
BAD 145669277503
BAD 145669378159
BAD 145674234287
BAD 145674234289
BAD 145674410671
BAD 145669570399
BAD 145670187217
BAD 145670256367
BAD 145675115017
BAD 145675121237
BAD 145675121239
BAD 145675344469
BAD 145675344473
BAD 145675344481
BAD 145675892171
BAD 145675892177
BAD 145676362883
BAD 145676766871
BAD 145676886793
BAD 145676886799
BAD 145678668077
BAD 145678896091
BAD 145678896113
BAD 145678896163
BAD 145679001361
BAD 145679001367
BAD 145679001371
BAD 145679001373
BAD 145679142571
BAD 145679142577
BAD 145679160173
BAD 145680874159
BAD 145681047209
BAD 145681336417
BAD 145681355341
BAD 145681388927
BAD 145681705073
BAD 145681932703
BAD 145682819809
BAD 145682819963
BAD 145682819983
BAD 145682819987
BAD 145683634223
BAD 145683703729
BAD 145684138157
BAD 145684635989
BAD 145684635991
BAD 145685053177
BAD 145685053183
BAD 145685062949
BAD 145685062951
BAD 145685114021
BAD 145685114023
BAD 145685114027
BAD 145685114059
BAD 145685114063
BAD 145685119639
BAD 145685152201
BAD 145685869793
BAD 145685869801
BAD 145686053971
BAD 145686112723
BAD 145686465487
BAD 145686995603
BAD 145686995611
BAD 145686995693
BAD 145687351541
BAD 145687351543
BAD 145737925133
BAD 145737925141
BAD 145738209871
BAD 145738401203
BAD 145738481753
BAD 145738525313
BAD 145738887887
BAD 145739294993
BAD 145739406529
BAD 145739595319
BAD 145704656611
BAD 145704656623
BAD 145704656627
BAD 145739777089
BAD 145739777093
BAD 145740017749
BAD 145740017783
BAD 145740017803
BAD 145740017809
BAD 145740499943
BAD 145705397587
BAD 145705460573
BAD 145740692483
BAD 145705725653
BAD 145706081701
BAD 145706081707
BAD 145706606167
BAD 145706606173
BAD 145706668927
BAD 145706976193
BAD 145707027593
BAD 145707100261
BAD 145721268527
BAD 145707590557
BAD 145721461757
BAD 145721461759
BAD 145721461763
BAD 145721461771
BAD 145721461777
BAD 145707716153
BAD 145708149211
BAD 145708354703
BAD 145708825609
BAD 145708825643
BAD 145708825657
BAD 145721914307
BAD 145708842317
BAD 145708842319
BAD 145708842353
BAD 145708842359
BAD 145708855997
BAD 145709025151
BAD 145722381971
BAD 145722382019
BAD 145709339947
BAD 145722382087
BAD 145709379493
BAD 145709694343
BAD 145722778939
BAD 145710093079
BAD 145710093083
BAD 145710218617
BAD 145710253523
BAD 145723481479
BAD 145723721783
BAD 145711185967
BAD 145711185973
BAD 145711185979
BAD 145711463609
BAD 145711796821
BAD 145711913959
BAD 145711945591
BAD 145712073523
BAD 145724650481
BAD 145724650483
BAD 145724650507
BAD 145712349571
BAD 145712419291
BAD 145712419297
BAD 145725105829
BAD 145712508401
BAD 145712685413
BAD 145725261611
BAD 145725261613
BAD 145713017143
BAD 145725261637
BAD 145725261659
BAD 145713017147
BAD 145725322711
BAD 145713608153
BAD 145714270061
BAD 145726604839
BAD 145714786603
BAD 145727215121
BAD 145715290813
BAD 145715290817
BAD 145715290823
BAD 145727255123
BAD 145727255197
BAD 145715533739
BAD 145715533741
BAD 145715533763
BAD 145715632981
BAD 145716410999
BAD 145716411031
BAD 145716540493
BAD 145716607783
BAD 145716680341
BAD 145716680359
BAD 145716680363
BAD 145741198331
BAD 145741198333
BAD 145741378291
BAD 145717206431
BAD 145717206433
BAD 145741538161
BAD 145741548229
BAD 145741690943
BAD 145717374563
BAD 145741776823
BAD 145717688453
BAD 145718036257
BAD 145718036273
BAD 145742388433
BAD 145742510833
BAD 145742510839
BAD 145742510843
BAD 145742749879
BAD 145719988039
BAD 145719988823
BAD 145720109441
BAD 145720109443
BAD 145720109449
BAD 145720253857
BAD 145743582289
BAD 145743822409
BAD 145720729381
BAD 145720905769
BAD 145720915997
BAD 145720915999
BAD 145744765429
BAD 145744765433
BAD 145744765447
BAD 145728533329
BAD 145745294273
BAD 145728891881
BAD 145728928067
BAD 145728928069
BAD 145728983173
BAD 145729026293
BAD 145745569867
BAD 145745624881
BAD 145745866087
BAD 145729966933
BAD 145729966939
BAD 145729966979
BAD 145745968829
BAD 145745968831
BAD 145730060137
BAD 145730167343
BAD 145746231031
BAD 145746243733
BAD 145746243793
BAD 145746287107
BAD 145746287111
BAD 145746384391
BAD 145730424979
BAD 145730424989
BAD 145730424991
BAD 145730487853
BAD 145730605159
BAD 145730605171
BAD 145730605177
BAD 145730684683
BAD 145730684707
BAD 145730684717
BAD 145730684719
BAD 145731022133
BAD 145731472927
BAD 145731472933
BAD 145731784931
BAD 145731784943
BAD 145731903049
BAD 145732186849
BAD 145732186891
BAD 145732186937
BAD 145732186939
BAD 145732659433
BAD 145732659437
BAD 145732824203
BAD 145746952811
BAD 145747146019
BAD 145747146023
BAD 145748355763
BAD 145748355769
BAD 145748355773
BAD 145748747653
BAD 145748787493
BAD 145748787497
BAD 145749165697
BAD 145749165701
BAD 145749165703
BAD 145749165707
BAD 145750361023
BAD 145771573627
BAD 145733578087
BAD 145771573631
BAD 145733578091
BAD 145733717309
BAD 145771781503
BAD 145733962403
BAD 145733977751
BAD 145733977787
BAD 145733977841
BAD 145733977843
BAD 145734145331
BAD 145734154099
BAD 145772147861
BAD 145734253127
BAD 145734253129
BAD 145772278849
BAD 145788615341
BAD 145772531371
BAD 145789313827
BAD 145789313833
BAD 145789452173
BAD 145773867563
BAD 145789533733
BAD 145736213827
BAD 145789647769
BAD 145789690867
BAD 145736372303
BAD 145789752973
BAD 145774335523
BAD 145789907413
BAD 145736934619
BAD 145750826219
BAD 145789936373
BAD 145750877213
BAD 145737098209
BAD 145737098233
BAD 145737098237
BAD 145737098239
BAD 145750975009
BAD 145750975109
BAD 145790600629
BAD 145790600653
BAD 145774491743
BAD 145790845909
BAD 145790845919
BAD 145751513389
BAD 145751513393
BAD 145751577919
BAD 145751745157
BAD 145791450227
BAD 145791450229
BAD 145751909959
BAD 145791615049
BAD 145752033047
BAD 145752143323
BAD 145752217951
BAD 145752217957
BAD 145752217969
BAD 145752228121
BAD 145775899757
BAD 145752281483
BAD 145775969671
BAD 145776195391
BAD 145752675713
BAD 145776628633
BAD 145776628637
BAD 145776628639
BAD 145776628643
BAD 145792177907
BAD 145792177943
BAD 145792284973
BAD 145753076107
BAD 145792516889
BAD 145792551841
BAD 145792551847
BAD 145776966163
BAD 145777619473
BAD 145777619483
BAD 145753648921
BAD 145793468371
BAD 145793468377
BAD 145754126569
BAD 145778390237
BAD 145778390239
BAD 145793696731
BAD 145793772793
BAD 145778744011
BAD 145754456213
BAD 145794134971
BAD 145794134977
BAD 145755102653
BAD 145821886043
BAD 145755135769
BAD 145822003219
BAD 145822003241
BAD 145755339923
BAD 145794377447
BAD 145755665791
BAD 145822392931
BAD 145822574641
BAD 145822574701
BAD 145822626751
BAD 145822630879
BAD 145822671881
BAD 145822748263
BAD 145822944079
BAD 145822944083
BAD 145794758957
BAD 145794758959
BAD 145756732207
BAD 145756732211
BAD 145823308399
BAD 145756896289
BAD 145823308403
BAD 145794956023
BAD 145794956191
BAD 145757093959
BAD 145757093983
BAD 145757448517
BAD 145795066073
BAD 145823992703
BAD 145779210851
BAD 145758365939
BAD 145823992711
BAD 145779210853
BAD 145795083223
BAD 145824376519
BAD 145795389109
BAD 145795389121
BAD 145795389133
BAD 145795389143
BAD 145824621473
BAD 145779468193
BAD 145779468203
BAD 145824692239
BAD 145824760519
BAD 145779612773
BAD 145825110737
BAD 145825111951
BAD 145825111961
BAD 145825111963
BAD 145779998909
BAD 145779998911
BAD 145779998999
BAD 145780108099
BAD 145759472017
BAD 145759489633
BAD 145796120947
BAD 145825784243
BAD 145825784249
BAD 145825784257
BAD 145759726103
BAD 145781354087
BAD 145825890761
BAD 145826063063
BAD 145826149411
BAD 145826186629
BAD 145826186633
BAD 145826186641
BAD 145781850457
BAD 145760302013
BAD 145760302027
BAD 145760302073
BAD 145760302111
BAD 145781958683
BAD 145782153739
BAD 145782615169
BAD 145761064627
BAD 145761085777
BAD 145782756187
BAD 145782788483
BAD 145782788521
BAD 145782788527
BAD 145782875363
BAD 145761464911
BAD 145761895639
BAD 145761895651
BAD 145783713941
BAD 145827000623
BAD 145784190289
BAD 145784257009
BAD 145762505089
BAD 145784257013
BAD 145762505137
BAD 145784403077
BAD 145784403179
BAD 145827948443
BAD 145828038679
BAD 145828038683
BAD 145762919537
BAD 145828144739
BAD 145828144741
BAD 145763030641
BAD 145763131993
BAD 145763131999
BAD 145828589063
BAD 145763369333
BAD 145828720343
BAD 145828720361
BAD 145785482587
BAD 145828849501
BAD 145763567863
BAD 145829007977
BAD 145763758633
BAD 145763758639
BAD 145763758643
BAD 145829131397
BAD 145829484667
BAD 145785647317
BAD 145829582851
BAD 145829854369
BAD 145764299719
BAD 145786295533
BAD 145786816339
BAD 145786825801
BAD 145765228253
BAD 145765228267
BAD 145786921727
BAD 145786921729
BAD 145786921733
BAD 145786921741
BAD 145765318759
BAD 145765318763
BAD 145830612283
BAD 145787147113
BAD 145765677293
BAD 145765677301
BAD 145787249281
BAD 145787249287
BAD 145766118787
BAD 145766151127
BAD 145766151131
BAD 145831241657
BAD 145831241659
BAD 145831241663
BAD 145831241681
BAD 145831241683
BAD 145787709737
BAD 145766646007
BAD 145787772679
BAD 145767199867
BAD 145788127951
BAD 145831794403
BAD 145831839793
BAD 145831901723
BAD 145767769219
BAD 145767769223
BAD 145832723273
BAD 145768218857
BAD 145768218859
BAD 145768220071
BAD 145768297889
BAD 145768319467
BAD 145768319471
BAD 145768319513
BAD 145768443871
BAD 145833976831
BAD 145833976843
BAD 145769244721
BAD 145769287253
BAD 145834701203
BAD 145770383527
BAD 145770495127
BAD 145770774859
BAD 145835677457
BAD 145835772053
BAD 145796821721
BAD 145835916703
BAD 145796996101
BAD 145771274393
BAD 145797105413
BAD 145836487561
BAD 145836487597
BAD 145836537953
BAD 145836712003
BAD 145836712051
BAD 145836712141
BAD 145836824989
BAD 145836824993
BAD 145836824999
BAD 145836825067
BAD 145836825133
BAD 145797937729
BAD 145837539721
BAD 145837542419
BAD 145798414093
BAD 145798414141
BAD 145798414147
BAD 145798414159
BAD 145798414163
BAD 145798506751
BAD 145798506757
BAD 145838308793
BAD 145838308801
BAD 145799082073
BAD 145838438191
BAD 145838438243
BAD 145799284717
BAD 145799690321
BAD 145799690329
BAD 145800671183
BAD 145800671189
BAD 145800927373
BAD 145801173481
BAD 145801489241
BAD 145801489243
BAD 145801726649
BAD 145801946767
BAD 145802200343
BAD 145802200351
BAD 145802687047
BAD 145802909149
BAD 145802909159
BAD 145802959177
BAD 145803114229
BAD 145803315391
BAD 145803315503
BAD 145803600073
BAD 145803600083
BAD 145804015501
BAD 145804140421
BAD 145687748221
BAD 145688438809
BAD 145688565109
BAD 145688800601
BAD 145688800603
BAD 145688996773
BAD 145689137263
BAD 145689262909
BAD 145689560371
BAD 145689560377
BAD 145690696727
BAD 145690696729
BAD 145690956599
BAD 145691647009
BAD 145691658757
BAD 145691737627
BAD 145691737637
BAD 145692059633
BAD 145692367771
BAD 145692397399
BAD 145922828839
BAD 145923635857
BAD 145923635881
BAD 145923830573
BAD 145923893083
BAD 145923893149
BAD 145923893153
BAD 145923893161
BAD 145924031993
BAD 145692615899
BAD 145924567433
BAD 145924567447
BAD 145924840793
BAD 145924989667
BAD 145925385601
BAD 145925385631
BAD 145925641999
BAD 145925642003
BAD 145925727361
BAD 145925759677
BAD 145925938687
BAD 145692909563
BAD 145692952133
BAD 145692969157
BAD 145926372023
BAD 145926449989
BAD 145926449993
BAD 145926450001
BAD 145693769063
BAD 145926665767
BAD 145926665771
BAD 145926665783
BAD 145926665791
BAD 145926849713
BAD 145872376219
BAD 145694904697
BAD 145927489751
BAD 145927489753
BAD 145927500253
BAD 145927500259
BAD 145872450707
BAD 145872450709
BAD 145927920979
BAD 145928327843
BAD 145928327863
BAD 145928378341
BAD 145928378347
BAD 145928378353
BAD 145928542567
BAD 145928762789
BAD 145929326593
BAD 145929765181
BAD 145929870643
BAD 145930006097
BAD 145930006099
BAD 145873294043
BAD 145873474237
BAD 145873528237
BAD 145873737787
BAD 145874321573
BAD 145874598953
BAD 145874646011
BAD 145874646013
BAD 145874782217
BAD 145874782219
BAD 145874782289
BAD 145931138539
BAD 145931138543
BAD 145931354341
BAD 145931354353
BAD 145931354357
BAD 145931354363
BAD 145695107731
BAD 145695672853
BAD 145695989969
BAD 145696057097
BAD 145696234163
BAD 145696234193
BAD 145696234199
BAD 145696248289
BAD 145696373843
BAD 145956003253
BAD 145875724307
BAD 145697144701
BAD 145876034687
BAD 145697144707
BAD 145876034699
BAD 145876034701
BAD 145956425851
BAD 145956425861
BAD 145956425863
BAD 145956425899
BAD 145956469753
BAD 145697333533
BAD 145697351771
BAD 145697351783
BAD 145956555593
BAD 145876258763
BAD 145697436019
BAD 145956961313
BAD 145876900223
BAD 145698096521
BAD 145957693927
BAD 145957693933
BAD 145957693963
BAD 145957693969
BAD 145957969679
BAD 145877700503
BAD 145877700511
BAD 145958208947
BAD 145698422003
BAD 145878300923
BAD 145958382307
BAD 145958559311
BAD 145958559413
BAD 145698863369
BAD 145878833393
BAD 145879275257
BAD 145879275259
BAD 145959211067
BAD 145699372657
BAD 145699372669
BAD 145879459079
BAD 145879459081
BAD 145879459087
BAD 145879459153
BAD 145879459157
BAD 145699592281
BAD 145699592287
BAD 145699592351
BAD 145959618751
BAD 145960410439
BAD 145960410443
BAD 145960422079
BAD 145960600579
BAD 145960779721
BAD 145960859689
BAD 145961222179
BAD 145961290763
BAD 145961541169
BAD 145961541181
BAD 145932058043
BAD 145932121063
BAD 145932278243
BAD 145932278251
BAD 145932561503
BAD 145932606961
BAD 145932959093
BAD 145932959099
BAD 145932959101
BAD 145879609807
BAD 145933352933
BAD 145933352963
BAD 145933352969
BAD 145962781733
BAD 145880305247
BAD 145880305253
BAD 145880320919
BAD 145880320921
BAD 145699989079
BAD 145963076563
BAD 145700028653
BAD 145963098703
BAD 145963098751
BAD 145963098779
BAD 145963098781
BAD 145880609723
BAD 145880609731
BAD 145880810221
BAD 145963301881
BAD 145700346823
BAD 145972793749
BAD 145933643839
BAD 145963706431
BAD 145963706437
BAD 145933689739
BAD 145963800559
BAD 145972793753
BAD 145700904593
BAD 145934323993
BAD 145964287967
BAD 145964287969
BAD 145701439441
BAD 145935045353
BAD 145935045433
BAD 145935045437
BAD 145935045439
BAD 145935074191
BAD 145935074203
BAD 145964945719
BAD 145889469533
BAD 145889549989
BAD 145973495851
BAD 145935569413
BAD 145965369841
BAD 145965582089
BAD 145882203001
BAD 145965596783
BAD 145973773807
BAD 145973773811
BAD 145973773823
BAD 145935777541
BAD 145965756593
BAD 145973904977
BAD 145973927663
BAD 145973930551
BAD 145973930593
BAD 145973930629
BAD 145973930633
BAD 145973930659
BAD 145701822781
BAD 145701822787
BAD 145701822793
BAD 145936238101
BAD 145890114473
BAD 145966482503
BAD 145966482511
BAD 145882311559
BAD 145882311563
BAD 145966516643
BAD 145936511753
BAD 145936511783
BAD 145702586521
BAD 145702586527
BAD 145702604323
BAD 145936578553
BAD 145936614539
BAD 145936614559
BAD 145702725293
BAD 145966889239
BAD 145936735837
BAD 145975208479
BAD 145975208503
BAD 145975208693
BAD 145967038739
BAD 145967038741
BAD 145967174939
BAD 145936921439
BAD 145936921441
BAD 145936921463
BAD 145936921523
BAD 145975564201
BAD 145975564211
BAD 145975564213
BAD 145975564219
BAD 145975564223
BAD 145703297983
BAD 145703314849
BAD 145703314853
BAD 145703466871
BAD 145703466877
BAD 145703466893
BAD 145703511143
BAD 145703595409
BAD 145891342501
BAD 145891342549
BAD 145975963789
BAD 145967878493
BAD 145976022571
BAD 145882736627
BAD 145891563737
BAD 145968014953
BAD 145891999093
BAD 145937682727
BAD 145968521429
BAD 145968742043
BAD 145968844733
BAD 145968844757
BAD 145968844759
BAD 145968976981
BAD 145883662193
BAD 145969384909
BAD 145883933303
BAD 145884012433
BAD 145884133279
BAD 145969529413
BAD 145969529423
BAD 145969604749
BAD 145884310447
BAD 145884310463
BAD 145856019607
BAD 145938429913
BAD 145938429929
BAD 145938577669
BAD 145938589507
BAD 145838513461
BAD 145938596051
BAD 145938596059
BAD 145838513467
BAD 145884742337
BAD 145938656533
BAD 145970207507
BAD 145970207521
BAD 145938656663
BAD 145892358589
BAD 145892358593
BAD 145990348643
BAD 145892608417
BAD 145938790853
BAD 145976336663
BAD 145905622283
BAD 145856771869
BAD 145856771873
BAD 145884909829
BAD 145991599603
BAD 145856963999
BAD 145885023397
BAD 145970719273
BAD 145970719277
BAD 145885065379
BAD 145885065383
BAD 145970742859
BAD 145970792887
BAD 145885197487
BAD 145976750539
BAD 145991781101
BAD 145991781113
BAD 145893486803
BAD 145906242151
BAD 145857141439
BAD 145893510671
BAD 145893510683
BAD 145991998879
BAD 145976934101
BAD 145991998883
BAD 145992148457
BAD 145992148459
BAD 145893626623
BAD 145893665209
BAD 145893665213
BAD 145977309619
BAD 145893935029
BAD 145971622903
BAD 145977520237
BAD 145977631309
BAD 145977631321
BAD 145977636613
BAD 145977636619
BAD 145894230653
BAD 145977679303
BAD 145971924391
BAD 145857246817
BAD 145906859537
BAD 145857262501
BAD 145857262567
BAD 145977815437
BAD 145906918193
BAD 145885346917
BAD 145885346927
BAD 145993497589
BAD 145978000099
BAD 145978000121
BAD 145805121299
BAD 145994451143
BAD 145978000123
BAD 145994599847
BAD 145994599853
BAD 145994640529
BAD 145994640563
BAD 145994694103
BAD 145805579551
BAD 145805579561
BAD 145994839741
BAD 145972318189
BAD 145805772571
BAD 145805772577
BAD 145972330853
BAD 145978398967
BAD 145978468523
BAD 145907190857
BAD 145858271417
BAD 145907190859
BAD 145806280043
BAD 145972510531
BAD 145907357347
BAD 145885753693
BAD 145806496897
BAD 145806496909
BAD 145806570841
BAD 145995335747
BAD 145907519047
BAD 145995335749
BAD 145806677587
BAD 145980107653
BAD 145806677591
BAD 145995335753
BAD 145806677593
BAD 145806831773
BAD 145980250439
BAD 145980250441
BAD 145996035091
BAD 145996035103
BAD 145996248001
BAD 145807952449
BAD 145980511709
BAD 145858741057
BAD 145858741081
BAD 145980511711
BAD 145908126913
BAD 145858828909
BAD 145887497683
BAD 145887497689
BAD 145808319361
BAD 145808562181
BAD 145908836693
BAD 145980900361
BAD 145980900367
BAD 145980900371
BAD 145859465161
BAD 145859465203
BAD 145859473069
BAD 145859473073
BAD 145808754473
BAD 145981140469
BAD 145808875369
BAD 145859591939
BAD 145808954363
BAD 145998213143
BAD 145998376093
BAD 145998376099
BAD 145998376103
BAD 145998376129
BAD 145998376133
BAD 145809262373
BAD 145981297127
BAD 145998508499
BAD 145981297129
BAD 145998508501
BAD 145981297151
BAD 145809676613
BAD 145894659247
BAD 145909594561
BAD 145981339649
BAD 145809782837
BAD 145894813781
BAD 145894813793
BAD 145998728921
BAD 145998728933
BAD 145809873037
BAD 145809968053
BAD 145895056147
BAD 145810229843
BAD 145810309831
BAD 145810309837
BAD 145860971611
BAD 145861036093
BAD 145810511449
BAD 145810516807
BAD 145861399913
BAD 145861399921
BAD 145861445101
BAD 145810819883
BAD 145810819897
BAD 145861582421
BAD 145910347883
BAD 145895529511
BAD 145910347909
BAD 145895529529
BAD 145910347969
BAD 145910364091
BAD 145910364137
BAD 145895580121
BAD 145910560793
BAD 145895798137
BAD 145811180843
BAD 145910749213
BAD 145981694893
BAD 145981727693
BAD 145981783559
BAD 145981783561
BAD 145981783567
BAD 145896206563
BAD 145911117773
BAD 145981892629
BAD 145811377889
BAD 145811377891
BAD 145811377897
BAD 145811377903
BAD 145981906027
BAD 145999892009
BAD 145999892011
BAD 145911357703
BAD 145896528163
BAD 145811682559
BAD 145811717299
BAD 145982122943
BAD 146000109889
BAD 146000109901
BAD 145811928391
BAD 145911928343
BAD 145838728151
BAD 145838728153
BAD 145838728157
BAD 145838728159
BAD 145897202461
BAD 145838795251
BAD 145838813933
BAD 146000391637
BAD 145812502271
BAD 145812502273
BAD 145812502279
BAD 145897667953
BAD 145982736517
BAD 145912645477
BAD 146006507839
BAD 146000979043
BAD 145812726677
BAD 145812726679
BAD 145839160021
BAD 145839160031
BAD 145982944931
BAD 145983001921
BAD 145812975043
BAD 145812975047
BAD 145812975053
BAD 145812999001
BAD 145913039491
BAD 146001296737
BAD 145813121023
BAD 145983231013
BAD 146001326701
BAD 146001326719
BAD 145839529963
BAD 145839539117
BAD 145983334597
BAD 145983334603
BAD 145813269361
BAD 145813269377
BAD 145813269379
BAD 145813269383
BAD 145913362633
BAD 145839790513
BAD 145813472039
BAD 146006894821
BAD 145983777539
BAD 145813472041
BAD 146001705721
BAD 145813472047
BAD 146007102743
BAD 146007345739
BAD 145898166619
BAD 145913984179
BAD 145913984219
BAD 145913984221
BAD 146007432763
BAD 145914059873
BAD 145898351003
BAD 145840225109
BAD 146002231961
BAD 145898696873
BAD 145898696927
BAD 145898696929
BAD 145898697023
BAD 145914473101
BAD 145983961939
BAD 146002547521
BAD 146002547543
BAD 146002547549
BAD 146002547557
BAD 145984074853
BAD 145984174673
BAD 145984188197
BAD 145814801863
BAD 145984188199
BAD 146003144831
BAD 145915175899
BAD 145814801887
BAD 145814801911
BAD 145814801917
BAD 146007745441
BAD 145984269713
BAD 145984350989
BAD 145984350991
BAD 145814947561
BAD 145984501177
BAD 145915544393
BAD 145915667993
BAD 145915676981
BAD 145915676983
BAD 145984787317
BAD 145915714019
BAD 146008453931
BAD 146008453939
BAD 145916362913
BAD 146008990781
BAD 146009021581
BAD 146009132851
BAD 146003631569
BAD 146003794939
BAD 146003794943
BAD 145815788693
BAD 146003960533
BAD 145815905849
BAD 146004229439
BAD 145985927203
BAD 145815968539
BAD 145816097641
BAD 145841571163
BAD 146010450413
BAD 145900100209
BAD 145816444141
BAD 145900100221
BAD 146010517703
BAD 145900145117
BAD 145841965369
BAD 145986351611
BAD 145986351613
BAD 145842018193
BAD 145900286419
BAD 145900286437
BAD 145900300213
BAD 145900300219
BAD 145900344167
BAD 145842272393
BAD 145842272399
BAD 146011182679
BAD 146004399529
BAD 145900638319
BAD 146004428827
BAD 145817260903
BAD 145817260921
BAD 145817340751
BAD 145986525613
BAD 146011541407
BAD 145916666759
BAD 146004778363
BAD 145916666761
BAD 145817370397
BAD 145817370401
BAD 145842713021
BAD 145986580373
BAD 145986592681
BAD 145916773193
BAD 145916791619
BAD 145916791621
BAD 145916791681
BAD 145916791687
BAD 145916791693
BAD 145916791697
BAD 145916882443
BAD 146011702159
BAD 146011702163
BAD 145916958587
BAD 145916958589
BAD 146005054423
BAD 145986910789
BAD 145986910819
BAD 146005155487
BAD 146005155493
BAD 145917278711
BAD 145843120069
BAD 145901465543
BAD 145901465579
BAD 146005927429
BAD 145817772403
BAD 146012438587
BAD 145843761913
BAD 145817772407
BAD 145987507307
BAD 146012438597
BAD 145817772409
BAD 145817772413
BAD 145987507313
BAD 146012444273
BAD 146012444377
BAD 145901493349
BAD 146005961053
BAD 145901544751
BAD 145901544757
BAD 145901544829
BAD 145917668447
BAD 145901692763
BAD 146012701253
BAD 146012712187
BAD 146012712211
BAD 146012712257
BAD 146012712259
BAD 145862564437
BAD 145862564447
BAD 145818218153
BAD 145818220279
BAD 145988039573
BAD 145988039579
BAD 145844419397
BAD 145988039581
BAD 145862953513
BAD 146014005547
BAD 145862969003
BAD 145844547803
BAD 145844547809
BAD 145844547811
BAD 145844547817
BAD 145902800011
BAD 145819148213
BAD 145844921297
BAD 145844921317
BAD 145844921333
BAD 146014290287
BAD 145988351401
BAD 145845042059
BAD 145863637639
BAD 145845389611
BAD 145845389623
BAD 145845415283
BAD 145903408411
BAD 145863782243
BAD 145863782303
BAD 146014606123
BAD 145845522973
BAD 145819855133
BAD 145819855151
BAD 145819869779
BAD 145845683821
BAD 145918126499
BAD 145903721233
BAD 145820182853
BAD 146015167943
BAD 145863997049
BAD 145903721239
BAD 145863997051
BAD 145918244209
BAD 146015308519
BAD 145820522063
BAD 145820522069
BAD 145820543359
BAD 145820553271
BAD 145918518737
BAD 145918530763
BAD 145846056173
BAD 145820761039
BAD 145820769439
BAD 145820769443
BAD 145820798237
BAD 145820824339
BAD 145846303189
BAD 145846303193
BAD 145846321693
BAD 145821202067
BAD 145821338737
BAD 145988880913
BAD 145846436017
BAD 146016051473
BAD 145988916691
BAD 145846699883
BAD 146016223151
BAD 145918912943
BAD 145864967959
BAD 146016223153
BAD 146016223159
BAD 145821590309
BAD 145988916701
BAD 145821590311
BAD 145821590323
BAD 145865049277
BAD 145846770253
BAD 146016348991
BAD 145904818351
BAD 146016422353
BAD 145918972411
BAD 145918972429
BAD 145846936121
BAD 145846936133
BAD 146016488809
BAD 146016505087
BAD 146016505099
BAD 146016730049
BAD 146016730051
BAD 145865722927
BAD 145865722939
BAD 145866025069
BAD 145919247127
BAD 145847420003
BAD 145847420009
BAD 145919261963
BAD 146017474079
BAD 145847420011
BAD 146017474081
BAD 145989235043
BAD 145866802733
BAD 145866836237
BAD 145866836239
BAD 145919803391
BAD 145920244523
BAD 145920312851
BAD 145920426557
BAD 146018407651
BAD 145867796099
BAD 145867796101
BAD 145867820641
BAD 145867947637
BAD 145848411727
BAD 145867991671
BAD 145868008171
BAD 146018762521
BAD 146018762531
BAD 146018762543
BAD 146019012091
BAD 145920971579
BAD 145869314303
BAD 145869619531
BAD 145869619537
BAD 145849852013
BAD 145850064961
BAD 146021588393
BAD 145921066777
BAD 145869979873
BAD 145921066787
BAD 145921066789
BAD 145850090759
BAD 145850090761
BAD 145870018579
BAD 145870077281
BAD 145921169881
BAD 145870169239
BAD 146021820577
BAD 146021820583
BAD 145921319741
BAD 145921319743
BAD 146022064193
BAD 146022342901
BAD 145850391637
BAD 146022599029
BAD 145850422273
BAD 145922347513
BAD 145871293651
BAD 145850608627
BAD 145850608643
BAD 145850608669
BAD 145871514029
BAD 145851388087
BAD 145871757679
BAD 145851993043
BAD 145851993047
BAD 146039825959
BAD 145852102177
BAD 145939656451
BAD 145852102183
BAD 146039957299
BAD 146040470461
BAD 146040470467
BAD 145939914233
BAD 145939958719
BAD 145852959409
BAD 146040995531
BAD 146040995533
BAD 146040995537
BAD 146040995539
BAD 145940323537
BAD 145940323541
BAD 146041178533
BAD 145940506651
BAD 145853883829
BAD 145941110509
BAD 145853883887
BAD 145941140467
BAD 146041765847
BAD 146041845953
BAD 145854032603
BAD 145854099739
BAD 146042000989
BAD 145854286247
BAD 145854367213
BAD 145941739861
BAD 145854406363
BAD 146042232211
BAD 146042232221
BAD 145854416443
BAD 145854416447
BAD 145854445223
BAD 146042439469
BAD 145942319767
BAD 145854844381
BAD 145854961891
BAD 145855130123
BAD 146043527629
BAD 146043527633
BAD 145943421797
BAD 145943712379
BAD 146044723763
BAD 146045198449
BAD 145944718567
BAD 145944718571
BAD 146045764201
BAD 145944865291
BAD 146046221339
BAD 146046221341
BAD 146046284903
BAD 145945537483
BAD 145945582051
BAD 145945752583
BAD 145945752587
BAD 146046933761
BAD 146047125773
BAD 146047167199
BAD 145946504029
BAD 145946626411
BAD 146047687369
BAD 146047687381
BAD 146047753193
BAD 146047762163
BAD 146047762171
BAD 146047762187
BAD 146047762193
BAD 146047762207
BAD 146048011201
BAD 145947298639
BAD 145947298643
BAD 145947298699
BAD 145947298703
BAD 145947371671
BAD 145947404437
BAD 145947404443
BAD 146048565017
BAD 146048769877
BAD 145947702713
BAD 145947811187
BAD 145948131403
BAD 145948522243
BAD 146049778129
BAD 145948701841
BAD 145948701893
BAD 145948701901
BAD 145948701919
BAD 145948701973
BAD 145948936729
BAD 145948936817
BAD 146050624777
BAD 146050624781
BAD 146051314523
BAD 145950747133
BAD 146051799109
BAD 146052679327
BAD 146052761611
BAD 146053128863
BAD 146053132921
BAD 146053132931
BAD 146053132933
BAD 146053349093
BAD 146053438913
BAD 146053438943
BAD 145952028413
BAD 146053701569
BAD 145952355721
BAD 146053882217
BAD 146053951789
BAD 146053951801
BAD 146054191783
BAD 146054419627
BAD 145952936903
BAD 145952936963
BAD 145952936981
BAD 146054454451
BAD 145953035929
BAD 146054546303
BAD 146054733953
BAD 146054774563
BAD 146054936371
BAD 146055426599
BAD 146055426607
BAD 146055426613
BAD 146055426617
BAD 146055426619
BAD 145953880763
BAD 145954082039
BAD 145954082041
BAD 145954362571
BAD 145954362577
BAD 145954541869
BAD 145954779427
BAD 145955441351
BAD 145955441353
BAD 146073684209
BAD 146073860869
BAD 146073860873
BAD 146074166593
BAD 146074580059
BAD 146074773899
BAD 146074773907
BAD 146074773913
BAD 146074773917
BAD 146074773919
BAD 146074775953
BAD 146075252101
BAD 146075307041
BAD 146075577451
BAD 146075577469
BAD 146075792719
BAD 146075871317
BAD 146075948699
BAD 146075948701
BAD 146076098587
BAD 146057706149
BAD 146057784413
BAD 146057804623
BAD 146057919757
BAD 146058151573
BAD 146058151579
BAD 146058604331
BAD 146058604333
BAD 146076702643
BAD 146076702647
BAD 146076702649
BAD 146058762469
BAD 146077364663
BAD 146077562377
BAD 146077562401
BAD 146077809301
BAD 146077828951
BAD 146078025287
BAD 146078025307
BAD 146078025319
BAD 146078237051
BAD 146078479793
BAD 146078501593
BAD 146059492303
BAD 146078501609
BAD 146059492309
BAD 146078501641
BAD 146060047373
BAD 146060206231
BAD 146060448301
BAD 146061017717
BAD 146079539831
BAD 146079539833
BAD 146079539873
BAD 146079580939
BAD 146079670339
BAD 146061607337
BAD 146080295593
BAD 146080295597
BAD 146080575737
BAD 146062193269
BAD 146062217459
BAD 146062217461
BAD 146081184947
BAD 146081184983
BAD 146062598243
BAD 146063173667
BAD 146063173673
BAD 146063403391
BAD 146063633629
BAD 146064153773
BAD 146064348203
BAD 146081806763
BAD 146023678529
BAD 146081806771
BAD 146023678531
BAD 146082135103
BAD 146082198019
BAD 146024028911
BAD 146024028923
BAD 146024028977
BAD 146024029013
BAD 146024437943
BAD 146024437973
BAD 146082544381
BAD 146082544403
BAD 146024870689
BAD 146024870737
BAD 146025124867
BAD 146025261307
BAD 146025261313
BAD 146025430939
BAD 146083536661
BAD 146083858639
BAD 146083997183
BAD 146084296649
BAD 146084296651
BAD 146084296681
BAD 146084344649
BAD 146084344657
BAD 146026393889
BAD 146084693759
BAD 146084713231
BAD 146065071619
BAD 146065071623
BAD 146065071637
BAD 146084793353
BAD 146084813227
BAD 146084813233
BAD 146084813269
BAD 146084946493
BAD 146085123007
BAD 146085599131
BAD 146065539611
BAD 146086239917
BAD 146086239919
BAD 146086525043
BAD 146087184349
BAD 146087673047
BAD 146067176533
BAD 146067176543
BAD 146087776433
BAD 146027230807
BAD 146027315393
BAD 146027891851
BAD 146027891857
BAD 146067787199
BAD 146067868117
BAD 146068068793
BAD 146028979567
BAD 146028979597
BAD 146028979619
BAD 146068289573
BAD 146029514101
BAD 146029910431
BAD 146069142019
BAD 146029978943
BAD 146029978999
BAD 146069183263
BAD 146069239429
BAD 146030343061
BAD 146069713379
BAD 146069713381
BAD 146030711941
BAD 146030711951
BAD 146070184951
BAD 146070184963
BAD 146070191353
BAD 146070191357
BAD 146070191359
BAD 146030934131
BAD 146030997353
BAD 146070535703
BAD 146070554977
BAD 146070642689
BAD 146070642691
BAD 146070642701
BAD 146070642703
BAD 146070654179
BAD 146070654349
BAD 146031177979
BAD 146070901441
BAD 146071180609
BAD 146071323287
BAD 146071323289
BAD 146031735671
BAD 146031735673
BAD 146032124803
BAD 146032124807
BAD 146032124809
BAD 146088047177
BAD 146088307793
BAD 146088649793
BAD 146072134267
BAD 146033164201
BAD 146033167229
BAD 146072212723
BAD 146072674513
BAD 146072860159
BAD 146072860163
BAD 146072860169
BAD 146089618091
BAD 146089623157
BAD 146089623193
BAD 146089623209
BAD 146089639193
BAD 146073155323
BAD 146089829869
BAD 146034280019
BAD 146090055143
BAD 146090055151
BAD 146034572531
BAD 146034572533
BAD 146090066953
BAD 146034858091
BAD 146034924601
BAD 146034924613
BAD 146034924617
BAD 146034924619
BAD 146036086883
BAD 146036086891
BAD 146036916503
BAD 146037220213
BAD 146037220229
BAD 146037220237
BAD 146037430243
BAD 146037593431
BAD 146037870773
BAD 146037912577
BAD 146037971647
BAD 146038208959
BAD 146038208963
BAD 146038208969
BAD 146038208971
BAD 146038350443
BAD 146039406859
BAD 146039725813
BAD 146191629841
BAD 146191629851
BAD 146191629853
BAD 146191985483
BAD 146192410387
BAD 146192481473
BAD 146192585873
BAD 146193205757
BAD 146193205759
BAD 146193480481
BAD 146193660451
BAD 146193924313
BAD 146194352299
BAD 146194352303
BAD 146194520677
BAD 146194726771
BAD 146195981917
BAD 146196447011
BAD 146196447013
BAD 146196447029
BAD 146107329829
BAD 146108504881
BAD 146108873903
BAD 146108873909
BAD 146108937371
BAD 146196819127
BAD 146196819133
BAD 146196819137
BAD 146109062161
BAD 146109062171
BAD 146109062173
BAD 146109231803
BAD 146109264383
BAD 146109423781
BAD 146197568761
BAD 146197568767
BAD 146197568771
BAD 146109824321
BAD 146197568773
BAD 146197568809
BAD 146197720103
BAD 146197720111
BAD 146123801311
BAD 146124030623
BAD 146124126461
BAD 146124347617
BAD 146110656001
BAD 146110656011
BAD 146198400083
BAD 146124844849
BAD 146198671681
BAD 146198671699
BAD 146198758679
BAD 146198758681
BAD 146198758697
BAD 146198867557
BAD 146125439389
BAD 146140465321
BAD 146140465327
BAD 146140465333
BAD 146199118633
BAD 146140526047
BAD 146140526053
BAD 146140560143
BAD 146199220613
BAD 146125852163
BAD 146125852189
BAD 146141178661
BAD 146113155641
BAD 146113155673
BAD 146125852193
BAD 146199416023
BAD 146141338417
BAD 146199583223
BAD 146199613249
BAD 146199967393
BAD 146199967399
BAD 146113914811
BAD 146126452657
BAD 146126470261
BAD 146114015191
BAD 146114015197
BAD 146114150207
BAD 146114150209
BAD 146114150213
BAD 146114169373
BAD 146141873627
BAD 146141873629
BAD 146141873639
BAD 146114600029
BAD 146114707381
BAD 146114707397
BAD 146114707399
BAD 146114707411
BAD 146114707433
BAD 146127123931
BAD 146127123937
BAD 146142749903
BAD 146114820619
BAD 146142749911
BAD 146142749923
BAD 146200612253
BAD 146114943397
BAD 146200630579
BAD 146115049909
BAD 146115049919
BAD 146115049921
BAD 146115049939
BAD 146115049943
BAD 146200797293
BAD 146115111619
BAD 146115111713
BAD 146115392881
BAD 146201153641
BAD 146201167471
BAD 146127793463
BAD 146127793477
BAD 146201274773
BAD 146127924511
BAD 146201442731
BAD 146201442733
BAD 146201529013
BAD 146201529017
BAD 146115823697
BAD 146115823699
BAD 146115823703
BAD 146143905799
BAD 146157597463
BAD 146116341169
BAD 146174106601
BAD 146128789073
BAD 146128800227
BAD 146128800229
BAD 146201954299
BAD 146116428203
BAD 146144014759
BAD 146144014763
BAD 146144014771
BAD 146144014789
BAD 146128953199
BAD 146128953211
BAD 146129013869
BAD 146129013871
BAD 146116560281
BAD 146157908621
BAD 146157908623
BAD 146116717451
BAD 146116717693
BAD 146116717699
BAD 146116732511
BAD 146116732513
BAD 146174660563
BAD 146202272129
BAD 146202272131
BAD 146129374561
BAD 146129401577
BAD 146158248437
BAD 146202416453
BAD 146130665353
BAD 146158438039
BAD 146175266047
BAD 146116971199
BAD 146144638151
BAD 146202416461
BAD 146130665357
BAD 146130665363
BAD 146144638153
BAD 146144676289
BAD 146117028587
BAD 146117087339
BAD 146117087341
BAD 146144743967
BAD 146144807891
BAD 146130883081
BAD 146175284527
BAD 146117350243
BAD 146144913713
BAD 146145120601
BAD 146175636121
BAD 146175636149
BAD 146175636151
BAD 146175746641
BAD 146203020647
BAD 146145323123
BAD 146131687279
BAD 146118310043
BAD 146118330209
BAD 146132024243
BAD 146176414429
BAD 146146324579
BAD 146118619477
BAD 146160220069
BAD 146176435987
BAD 146176513537
BAD 146146414363
BAD 146146414369
BAD 146118760783
BAD 146118768319
BAD 146176668013
BAD 146118909457
BAD 146146567397
BAD 146176941511
BAD 146176941517
BAD 146119205389
BAD 146119205543
BAD 146160585001
BAD 146160625591
BAD 146119361599
BAD 146119361603
BAD 146119361617
BAD 146177095139
BAD 146177095157
BAD 146132468563
BAD 146147138479
BAD 146177468611
BAD 146132729231
BAD 146132729233
BAD 146132729243
BAD 146161874723
BAD 146177546243
BAD 146148009949
BAD 146177546267
BAD 146177546269
BAD 146148009991
BAD 146177653819
BAD 146177679677
BAD 146177679679
BAD 146148109579
BAD 146132902061
BAD 146177819563
BAD 146132902063
BAD 146132902067
BAD 146120323267
BAD 146178252953
BAD 146178252967
BAD 146178334501
BAD 146120790511
BAD 146178801557
BAD 146178801589
BAD 146178811777
BAD 146178811781
BAD 146178811783
BAD 146178980729
BAD 146178980749
BAD 146162218493
BAD 146162218507
BAD 146162218511
BAD 146162218513
BAD 146134391479
BAD 146121237749
BAD 146134391483
BAD 146204099033
BAD 146121237751
BAD 146204099047
BAD 146204099059
BAD 146121258421
BAD 146179076741
BAD 146179154543
BAD 146179154567
BAD 146121497911
BAD 146121497923
BAD 146134637653
BAD 146134637657
BAD 146134637659
BAD 146134696583
BAD 146134707319
BAD 146134779887
BAD 146134779893
BAD 146134779919
BAD 146134779977
BAD 146134779979
BAD 146121734947
BAD 146121745019
BAD 146204821163
BAD 146204821171
BAD 146204821201
BAD 146204821207
BAD 146162694659
BAD 146180660971
BAD 146122575223
BAD 146135170553
BAD 146205010769
BAD 146162694661
BAD 146162694679
BAD 146135170561
BAD 146162694683
BAD 146205010771
BAD 146162694701
BAD 146162694703
BAD 146205062903
BAD 146135220097
BAD 146135220103
BAD 146180743279
BAD 146205149659
BAD 146122735279
BAD 146205189253
BAD 146135292013
BAD 146162860043
BAD 146162926531
BAD 146162926537
BAD 146162926541
BAD 146162926543
BAD 146162926549
BAD 146205463043
BAD 146122992173
BAD 146162985613
BAD 146123109413
BAD 146205682547
BAD 146163364003
BAD 146205682549
BAD 146181309377
BAD 146123207941
BAD 146123207947
BAD 146163410641
BAD 146123374619
BAD 146163470381
BAD 146205883393
BAD 146205883399
BAD 146205883403
BAD 146135531351
BAD 146205943363
BAD 146135531363
BAD 146123564599
BAD 146163602657
BAD 146163602659
BAD 146206153721
BAD 146135699713
BAD 146206290353
BAD 146206290361
BAD 146181761443
BAD 146181761447
BAD 146181761449
BAD 146163866441
BAD 146163866461
BAD 146163866467
BAD 146206689779
BAD 146206689781
BAD 146206689793
BAD 146182616543
BAD 146182616561
BAD 146182616563
BAD 146206689799
BAD 146136280261
BAD 146206738309
BAD 146206738313
BAD 146163953461
BAD 146182781117
BAD 146164158421
BAD 146164158433
BAD 146164158451
BAD 146183133631
BAD 146183248609
BAD 146183248613
BAD 146183299279
BAD 146207484257
BAD 146207484259
BAD 146207484263
BAD 146148899761
BAD 146183686291
BAD 146149323667
BAD 146184117707
BAD 146184117713
BAD 146184117721
BAD 146136910427
BAD 146136910429
BAD 146149660351
BAD 146137042783
BAD 146137042789
BAD 146184497983
BAD 146184510721
BAD 146184510727
BAD 146165104867
BAD 146165110463
BAD 146137273313
BAD 146137273327
BAD 146137273333
BAD 146137379911
BAD 146137420213
BAD 146184842359
BAD 146137657433
BAD 146137657441
BAD 146137657451
BAD 146137657453
BAD 146137657459
BAD 146137743659
BAD 146184961471
BAD 146137816493
BAD 146138002363
BAD 146185117237
BAD 146138163869
BAD 146138271203
BAD 146165727661
BAD 146165727671
BAD 146185235557
BAD 146165735813
BAD 146165747323
BAD 146165841797
BAD 146165841799
BAD 146138927611
BAD 146165841803
BAD 146185463323
BAD 146149909337
BAD 146139188323
BAD 146139188329
BAD 146139188347
BAD 146139211513
BAD 146166088711
BAD 146139585259
BAD 146139787799
BAD 146186717923
BAD 146150767129
BAD 146150767171
BAD 146187016513
BAD 146140372447
BAD 146167218881
BAD 146167218889
BAD 146167218893
BAD 146151181973
BAD 146167318909
BAD 146187462503
BAD 146167468739
BAD 146187783403
BAD 146151512629
BAD 146151673939
BAD 146151673957
BAD 146187974587
BAD 146187974593
BAD 146187990373
BAD 146151917689
BAD 146168650007
BAD 146168650009
BAD 146151935497
BAD 146168814439
BAD 146168814523
BAD 146168814529
BAD 146168848181
BAD 146168848183
BAD 146189235919
BAD 146189235931
BAD 146189261929
BAD 146189513513
BAD 146152266053
BAD 146152266059
BAD 146169644657
BAD 146169644659
BAD 146169644671
BAD 146152432289
BAD 146169823223
BAD 146169843119
BAD 146169843121
BAD 146169843143
BAD 146170375669
BAD 146170545197
BAD 146190280463
BAD 146190280493
BAD 146153424983
BAD 146170952903
BAD 146170952909
BAD 146170952911
BAD 146190497539
BAD 146190497543
BAD 146190497549
BAD 146171151719
BAD 146171316251
BAD 146171316253
BAD 146154768589
BAD 146171635969
BAD 146171635979
BAD 146171788351
BAD 146171788369
BAD 146154945151
BAD 146171846941
BAD 146155644647
BAD 146155644653
BAD 146155664989
BAD 146173042307
BAD 146173042321
BAD 146173042349
BAD 146156219411
BAD 146156219413
BAD 146173134469
BAD 146173134487
BAD 146173165729
BAD 146173179473
BAD 146156379659
BAD 146156379661
BAD 146156487353
BAD 146173673777
BAD 146156950847
BAD 146173851413
BAD 146156950909
BAD 146156950913
BAD 146173878527
BAD 146173878533
BAD 146173878541
BAD 146173878547
BAD 146174000789
BAD 146090968033
BAD 146091056161
BAD 146091188197
BAD 146091188203
BAD 146091283489
BAD 146091436471
BAD 146091458101
BAD 146091618313
BAD 146091640141
BAD 146092164637
BAD 146092390501
BAD 146092531477
BAD 146092759403
BAD 146093353591
BAD 146093480311
BAD 146093787997
BAD 146093847203
BAD 146093847241
BAD 146093847253
BAD 146094887401
BAD 146095192081
BAD 146095250831
BAD 146095674253
BAD 146095745767
BAD 146095865737
BAD 146095865743
BAD 146095865807
BAD 146095865809
BAD 146095865813
BAD 146095956161
BAD 146095956163
BAD 146095984709
BAD 146095984711
BAD 146096087461
BAD 146096170153
BAD 146096246173
BAD 146096246183
BAD 146096246189
BAD 146096272997
BAD 146096277121
BAD 146096556979
BAD 146096611723
BAD 146097621931
BAD 146097872411
BAD 146097872413
BAD 146098469791
BAD 146098897421
BAD 146098897423
BAD 146098897433
BAD 146098961543
BAD 146099450209
BAD 146099450213
BAD 146099647171
BAD 146099666203
BAD 146100682933
BAD 146100899183
BAD 146100953927
BAD 146101140473
BAD 146101716499
BAD 146101725421
BAD 146101725467
BAD 146102163343
BAD 146102554183
BAD 146102622593
BAD 146103044729
BAD 146103254651
BAD 146104330553
BAD 146104788883
BAD 146104809413
BAD 146104839451
BAD 146105280499
BAD 146105280511
BAD 146105655139
BAD 146105691929
BAD 146105925547
BAD 146105928557
BAD 146105928559
BAD 146106879311
BAD 146106879313
BAD 146208120143
BAD 146208120173
BAD 146208120187
BAD 146208216551
BAD 146208823231
BAD 146208823283
BAD 146208823309
BAD 146209740121
BAD 146210004361
BAD 146210251333
BAD 146210295503
BAD 146211774547
BAD 146212549411
BAD 146212887151
BAD 146213058833
BAD 146213090567
BAD 146213153479
BAD 146213153483
BAD 146213269651
BAD 146213411423
BAD 146214654479
BAD 146214901303
BAD 146215316969
BAD 146215790663
BAD 146409164887
BAD 146409416969
BAD 146409416971
BAD 146409416983
BAD 146409480143
BAD 146409955997
BAD 146409955999
BAD 146410384103
BAD 146410911767
BAD 146410911769
BAD 146393057303
BAD 146393196437
BAD 146459256901
BAD 146459288159
BAD 146459288161
BAD 146459387783
BAD 146459387791
BAD 146459444023
BAD 146412144839
BAD 146412144863
BAD 146412144869
BAD 146412144871
BAD 146393709361
BAD 146393727113
BAD 146459697607
BAD 146412593713
BAD 146394284297
BAD 146394284299
BAD 146394284303
BAD 146394284317
BAD 146394284321
BAD 146394363217
BAD 146394363221
BAD 146394363223
BAD 146394559351
BAD 146394559357
BAD 146413302053
BAD 146394779093
BAD 146394782123
BAD 146275402283
BAD 146476279199
BAD 146216262869
BAD 146275402289
BAD 146275402291
BAD 146476307689
BAD 146476307693
BAD 146413459261
BAD 146413479703
BAD 146413479731
BAD 146216442863
BAD 146216477467
BAD 146216515117
BAD 146395163297
BAD 146395163303
BAD 146395163309
BAD 146395163311
BAD 146413753201
BAD 146476377433
BAD 146395407601
BAD 146275829303
BAD 146275829317
BAD 146275849493
BAD 146395507801
BAD 146276020883
BAD 146276020897
BAD 146276020901
BAD 146276020921
BAD 146216746553
BAD 146395746283
BAD 146395746337
BAD 146476798771
BAD 146276213231
BAD 146217169697
BAD 146460694733
BAD 146276213233
BAD 146395746349
BAD 146217169699
BAD 146217169741
BAD 146276236433
BAD 146476960789
BAD 146476960793
BAD 146460869419
BAD 146460869431
BAD 146460869441
BAD 146276564537
BAD 146461110889
BAD 146461110893
BAD 146217553309
BAD 146277184189
BAD 146396499061
BAD 146461643899
BAD 146277454523
BAD 146218169551
BAD 146396680163
BAD 146277544747
BAD 146461820069
BAD 146461849823
BAD 146461978009
BAD 146396916469
BAD 146462007203
BAD 146218380709
BAD 146397551233
BAD 146478129491
BAD 146277774833
BAD 146478129493
BAD 146462037679
BAD 146277898111
BAD 146478291629
BAD 146278020061
BAD 146278020071
BAD 146278020073
BAD 146397831583
BAD 146462287603
BAD 146397888919
BAD 146278151989
BAD 146278151993
BAD 146278152001
BAD 146478538631
BAD 146398058243
BAD 146398058281
BAD 146218890241
BAD 146218890253
BAD 146462616331
BAD 146398446059
BAD 146219423689
BAD 146278882403
BAD 146398624061
BAD 146398624063
BAD 146398624067
BAD 146398624069
BAD 146279288069
BAD 146220221131
BAD 146480054599
BAD 146220221159
BAD 146480054603
BAD 146463349573
BAD 146463349597
BAD 146463349619
BAD 146463349621
BAD 146279453753
BAD 146279453759
BAD 146398812283
BAD 146398812289
BAD 146279477423
BAD 146398954127
BAD 146398954129
BAD 146398967027
BAD 146220587767
BAD 146480486461
BAD 146279776301
BAD 146399162683
BAD 146463905023
BAD 146399274971
BAD 146399274979
BAD 146480881279
BAD 146399713751
BAD 146399713753
BAD 146399713771
BAD 146399713783
BAD 146399713787
BAD 146481434311
BAD 146399713793
BAD 146464471459
BAD 146464471463
BAD 146280721291
BAD 146280721297
BAD 146481460819
BAD 146464583963
BAD 146481567409
BAD 146280849343
BAD 146400320239
BAD 146482110793
BAD 146482110799
BAD 146281382701
BAD 146281382713
BAD 146482251583
BAD 146400523351
BAD 146482354597
BAD 146222626483
BAD 146222626499
BAD 146281700339
BAD 146281700363
BAD 146281700371
BAD 146281700377
BAD 146281700381
BAD 146482563593
BAD 146400941857
BAD 146400944681
BAD 146222932943
BAD 146282041883
BAD 146482970483
BAD 146223166591
BAD 146223208223
BAD 146282178181
BAD 146223291619
BAD 146223291629
BAD 146223291631
BAD 146402508451
BAD 146223399109
BAD 146223424969
BAD 146223424973
BAD 146402752687
BAD 146223546349
BAD 146282456197
BAD 146282480429
BAD 146282480431
BAD 146282480437
BAD 146467620847
BAD 146282581723
BAD 146402932603
BAD 146282596199
BAD 146467741307
BAD 146467741309
BAD 146403065959
BAD 146467854983
BAD 146467854989
BAD 146467871513
BAD 146223907721
BAD 146223907723
BAD 146468057909
BAD 146403645083
BAD 146282954569
BAD 146484399949
BAD 146484399961
BAD 146224067503
BAD 146484563581
BAD 146258614013
BAD 146468314561
BAD 146468342183
BAD 146258825467
BAD 146414387123
BAD 146414387129
BAD 146414387131
BAD 146414387143
BAD 146414387149
BAD 146414387173
BAD 146414387177
BAD 146414387179
BAD 146414404027
BAD 146258879479
BAD 146404216891
BAD 146404216897
BAD 146404216901
BAD 146404216921
BAD 146404216927
BAD 146259097099
BAD 146259101507
BAD 146259101509
BAD 146283573677
BAD 146283573679
BAD 146485992337
BAD 146469210829
BAD 146485992353
BAD 146469210841
BAD 146259245317
BAD 146259245333
BAD 146469336913
BAD 146469336917
BAD 146469336919
BAD 146469398239
BAD 146259418369
BAD 146404486477
BAD 146404486499
BAD 146414925589
BAD 146486708947
BAD 146486708959
BAD 146415037081
BAD 146415084353
BAD 146415152161
BAD 146470096181
BAD 146470113409
BAD 146415374843
BAD 146259912661
BAD 146284079111
BAD 146284079113
BAD 146415420607
BAD 146415420637
BAD 146415566389
BAD 146470440079
BAD 146487235591
BAD 146284373647
BAD 146261250917
BAD 146415942157
BAD 146415942163
BAD 146416212023
BAD 146416212053
BAD 146416240939
BAD 146261560411
BAD 146261560429
BAD 146487485203
BAD 146416354687
BAD 146416354717
BAD 146284707143
BAD 146470666219
BAD 146284864409
BAD 146284913587
BAD 146284913591
BAD 146284913603
BAD 146261944891
BAD 146261944909
BAD 146261944921
BAD 146471127247
BAD 146471127259
BAD 146471127269
BAD 146262351071
BAD 146262351073
BAD 146285408329
BAD 146471377331
BAD 146471377333
BAD 146471377337
BAD 146262625291
BAD 146285839771
BAD 146488515499
BAD 146262625303
BAD 146416597351
BAD 146471444719
BAD 146471444723
BAD 146488617293
BAD 146471595241
BAD 146488787329
BAD 146488920469
BAD 146262934771
BAD 146471844559
BAD 146262934777
BAD 146262934789
BAD 146262934793
BAD 146262934801
BAD 146262993169
BAD 146286146459
BAD 146416849771
BAD 146472182041
BAD 146472213343
BAD 146472213347
BAD 146472213373
BAD 146416988101
BAD 146286411889
BAD 146286411893
BAD 146472270257
BAD 146472270349
BAD 146472270353
BAD 146286475373
BAD 146472395893
BAD 146286475463
BAD 146472395899
BAD 146286475469
BAD 146472395903
BAD 146489729093
BAD 146489729107
BAD 146417264003
BAD 146286772297
BAD 146472718213
BAD 146263580951
BAD 146263580959
BAD 146263580963
BAD 146417475469
BAD 146417475473
BAD 146417504357
BAD 146417504381
BAD 146417504383
BAD 146417527637
BAD 146263667113
BAD 146263667119
BAD 146263667183
BAD 146263667189
BAD 146263667191
BAD 146490254959
BAD 146417672057
BAD 146417672059
BAD 146472758347
BAD 146490402767
BAD 146490402769
BAD 146417803141
BAD 146287327631
BAD 146472820957
BAD 146263956623
BAD 146287327633
BAD 146287327663
BAD 146490402787
BAD 146263956637
BAD 146490491593
BAD 146490501901
BAD 146490501907
BAD 146472978383
BAD 146472998521
BAD 146490587447
BAD 146490587449
BAD 146264083313
BAD 146490646037
BAD 146490646039
BAD 146490646097
BAD 146418051413
BAD 146473442993
BAD 146418196763
BAD 146264266303
BAD 146491075903
BAD 146491075909
BAD 146288017283
BAD 146418308093
BAD 146491180463
BAD 146491265071
BAD 146264446907
BAD 146491594373
BAD 146474018269
BAD 146491594399
BAD 146474018279
BAD 146491635637
BAD 146491678777
BAD 146288812963
BAD 146491736243
BAD 146264759497
BAD 146264824571
BAD 146492070853
BAD 146289260993
BAD 146492429033
BAD 146289452479
BAD 146289452483
BAD 146492455079
BAD 146289461797
BAD 146418597691
BAD 146418636751
BAD 146492627327
BAD 146492627329
BAD 146475147859
BAD 146419059803
BAD 146475253627
BAD 146475253633
BAD 146265308939
BAD 146265308941
BAD 146419317959
BAD 146265560633
BAD 146404975063
BAD 146375874409
BAD 146290498969
BAD 146375874413
BAD 146375874461
BAD 146405009819
BAD 146405057237
BAD 146405197111
BAD 146376144713
BAD 146376144721
BAD 146376144731
BAD 146266410293
BAD 146266410307
BAD 146291217253
BAD 146376283223
BAD 146376283253
BAD 146420256091
BAD 146405527699
BAD 146405607113
BAD 146405607121
BAD 146405607157
BAD 146266716151
BAD 146266716157
BAD 146266716163
BAD 146266716173
BAD 146266716179
BAD 146266716181
BAD 146266716187
BAD 146266716217
BAD 146266731547
BAD 146266731563
BAD 146376716273
BAD 146406931459
BAD 146406931507
BAD 146406931511
BAD 146406931513
BAD 146407077059
BAD 146407080949
BAD 146407148389
BAD 146377038193
BAD 146407432547
BAD 146407470043
BAD 146407470047
BAD 146407470049
BAD 146407470067
BAD 146407470073
BAD 146267010401
BAD 146407614973
BAD 146267166187
BAD 146267166191
BAD 146267166193
BAD 146267301227
BAD 146267301239
BAD 146421385909
BAD 146421385919
BAD 146421385921
BAD 146267361967
BAD 146267361979
BAD 146267448073
BAD 146421593629
BAD 146408438993
BAD 146268071011
BAD 146268231139
BAD 146268231143
BAD 146408583653
BAD 146408610883
BAD 146408610899
BAD 146421947281
BAD 146421947293
BAD 146421947429
BAD 146421947431
BAD 146421983089
BAD 146422030913
BAD 146422031069
BAD 146408826961
BAD 146378354911
BAD 146268547507
BAD 146268556261
BAD 146268556277
BAD 146422390627
BAD 146268599447
BAD 146378837221
BAD 146422493023
BAD 146378923081
BAD 146378923087
BAD 146379057919
BAD 146268849289
BAD 146268959201
BAD 146268959203
BAD 146268959281
BAD 146379466703
BAD 146269259141
BAD 146422944487
BAD 146269259221
BAD 146269291879
BAD 146269298479
BAD 146269493563
BAD 146269493641
BAD 146380187617
BAD 146269967719
BAD 146270083133
BAD 146270083139
BAD 146270083147
BAD 146270247323
BAD 146325041167
BAD 146325041173
BAD 146325041179
BAD 146270650037
BAD 146270650039
BAD 146270744339
BAD 146270744341
BAD 146325205333
BAD 146325205337
BAD 146325205339
BAD 146423632519
BAD 146381513801
BAD 146381513869
BAD 146325554491
BAD 146325554497
BAD 146325554521
BAD 146325554527
BAD 146271243299
BAD 146382086803
BAD 146424211783
BAD 146382095173
BAD 146382095179
BAD 146271369263
BAD 146382169279
BAD 146271627811
BAD 146271627823
BAD 146325889273
BAD 146325889277
BAD 146271715747
BAD 146424546077
BAD 146271803059
BAD 146271803063
BAD 146382648389
BAD 146326407991
BAD 146272279183
BAD 146272415843
BAD 146272451629
BAD 146424947453
BAD 146382974377
BAD 146382974393
BAD 146382974399
BAD 146382974401
BAD 146425053727
BAD 146425203571
BAD 146425203601
BAD 146383130251
BAD 146425353967
BAD 146273099941
BAD 146383374853
BAD 146273295097
BAD 146273295271
BAD 146273295299
BAD 146327743999
BAD 146327784929
BAD 146327784931
BAD 146384022293
BAD 146273898763
BAD 146384226719
BAD 146384226721
BAD 146384226727
BAD 146273997773
BAD 146328245521
BAD 146328448639
BAD 146274640249
BAD 146274640261
BAD 146274654797
BAD 146328694163
BAD 146328772703
BAD 146384834077
BAD 146329588583
BAD 146329588597
BAD 146385714733
BAD 146385714751
BAD 146329853149
BAD 146329853179
BAD 146329853183
BAD 146330329477
BAD 146386759697
BAD 146386759699
BAD 146386925569
BAD 146331067367
BAD 146331067369
BAD 146331067373
BAD 146331083083
BAD 146387214619
BAD 146387317927
BAD 146331579707
BAD 146331759493
BAD 146387408371
BAD 146331772501
BAD 146387477527
BAD 146387477573
BAD 146387686661
BAD 146387686663
BAD 146332098589
BAD 146387998051
BAD 146332662097
BAD 146332662103
BAD 146332662107
BAD 146332662109
BAD 146332662127
BAD 146388205583
BAD 146388428453
BAD 146388573509
BAD 146388573523
BAD 146333290219
BAD 146388802019
BAD 146389035041
BAD 146333626261
BAD 146389130413
BAD 146389130417
BAD 146333733019
BAD 146333733023
BAD 146333770151
BAD 146389206451
BAD 146333812369
BAD 146334167579
BAD 146389736393
BAD 146390109049
BAD 146390109053
BAD 146390109059
BAD 146390435713
BAD 146390443429
BAD 146390489521
BAD 146334834757
BAD 146334834773
BAD 146334914527
BAD 146334914543
BAD 146335160311
BAD 146390989403
BAD 146342617193
BAD 146342617219
BAD 146342646607
BAD 146342646613
BAD 146342658199
BAD 146335977343
BAD 146335977349
BAD 146335977353
BAD 146342692999
BAD 146342693143
BAD 146342698531
BAD 146343633791
BAD 146336940331
BAD 146337112001
BAD 146337112003
BAD 146344281851
BAD 146344737557
BAD 146337997613
BAD 146338062887
BAD 146338062889
BAD 146346064681
BAD 146346064687
BAD 146346064691
BAD 146346064693
BAD 146346064699
BAD 146346064703
BAD 146346465841
BAD 146346689287
BAD 146339101483
BAD 146339311067
BAD 146347177751
BAD 146347188961
BAD 146347373681
BAD 146339954923
BAD 146339954927
BAD 146339954933
BAD 146339954953
BAD 146339954963
BAD 146347754369
BAD 146340600071
BAD 146340600073
BAD 146340870133
BAD 146341208941
BAD 146341326227
BAD 146348895179
BAD 146348966261
BAD 146348966263
BAD 146348975543
BAD 146349121189
BAD 146349213683
BAD 146349213691
BAD 146349689359
BAD 146349689363
BAD 146349689371
BAD 146349920131
BAD 146350871929
BAD 146351380181
BAD 146351560477
BAD 146351822521
BAD 146352127921
BAD 146352127927
BAD 146352127939
BAD 146352350959
BAD 146353176643
BAD 146353319873
BAD 146353806371
BAD 146354184113
BAD 146354184121
BAD 146354771071
BAD 146355194059
BAD 146355262699
BAD 146355262747
BAD 146355949769
BAD 146355949771
BAD 146355949829
BAD 146356520803
BAD 146356639999
BAD 146356640029
BAD 146356640033
BAD 146357230087
BAD 146357286529
BAD 146357375929
BAD 146357564729
BAD 146359086977
BAD 146359086983
BAD 146359360403
BAD 146358055009
BAD 146359409611
BAD 146359517209
BAD 146359663633
BAD 146359663691
BAD 146359663693
BAD 146359663699
BAD 146359763971
BAD 146359763983
BAD 146359911343
BAD 146360925317
BAD 146360933507
BAD 146224666457
BAD 146224666459
BAD 146360980657
BAD 146360980663
BAD 146361432253
BAD 146361432257
BAD 146361584449
BAD 146225242511
BAD 146362058383
BAD 146362449061
BAD 146362694549
BAD 146362694551
BAD 146362694557
BAD 146363014493
BAD 146363014549
BAD 146363014559
BAD 146363014561
BAD 146363014597
BAD 146363014607
BAD 146226147227
BAD 146226311789
BAD 146363678561
BAD 146363678563
BAD 146363678569
BAD 146226454637
BAD 146364136759
BAD 146364163663
BAD 146226934691
BAD 146227040807
BAD 146227040809
BAD 146364573643
BAD 146227420411
BAD 146365341671
BAD 146365341673
BAD 146365341679
BAD 146365674421
BAD 146228347103
BAD 146365976941
BAD 146228775391
BAD 146229700339
BAD 146366689187
BAD 146367179831
BAD 146367196531
BAD 146367236629
BAD 146231342401
BAD 146231519491
BAD 146232928033
BAD 146233037393
BAD 146369876843
BAD 146233186013
BAD 146369985599
BAD 146370014383
BAD 146370014393
BAD 146370337747
BAD 146370337759
BAD 146233772543
BAD 146234408443
BAD 146234613443
BAD 146234613451
BAD 146234613467
BAD 146371258921
BAD 146371465267
BAD 146371521799
BAD 146234979139
BAD 146371785031
BAD 146371785037
BAD 146371799813
BAD 146371965469
BAD 146235482759
BAD 146372461619
BAD 146372461621
BAD 146373020419
BAD 146236267213
BAD 146236267223
BAD 146373126139
BAD 146373126143
BAD 146373190703
BAD 146373476443
BAD 146236760927
BAD 146237245393
BAD 146237245397
BAD 146373975361
BAD 146373975367
BAD 146374509803
BAD 146374740403
BAD 146374766627
BAD 146374827829
BAD 146374874047
BAD 146375043487
BAD 146375200943
BAD 146375200949
BAD 146375247721
BAD 146237787637
BAD 146237963789
BAD 146238981079
BAD 146238981151
BAD 146239953499
BAD 146240546849
BAD 146240636057
BAD 146241316313
BAD 146241316321
BAD 146241810287
BAD 146241810289
BAD 146425688939
BAD 146425688953
BAD 146425689041
BAD 146425689043
BAD 146292074281
BAD 146241925691
BAD 146241925693
BAD 146241988777
BAD 146241999923
BAD 146242369489
BAD 146242416647
BAD 146242429427
BAD 146242429429
BAD 146427153289
BAD 146427153293
BAD 146243019319
BAD 146427580223
BAD 146427580237
BAD 146427807353
BAD 146428223971
BAD 146293510073
BAD 146293510091
BAD 146293510093
BAD 146293510109
BAD 146293510141
BAD 146293510147
BAD 146293593709
BAD 146293645523
BAD 146428575473
BAD 146243494157
BAD 146243636369
BAD 146243706001
BAD 146243706083
BAD 146294013343
BAD 146243819041
BAD 146243822807
BAD 146243822873
BAD 146294439589
BAD 146429514199
BAD 146244543233
BAD 146244733597
BAD 146244733601
BAD 146244733603
BAD 146429930281
BAD 146245401949
BAD 146430741511
BAD 146295271561
BAD 146295271567
BAD 146245981813
BAD 146295271613
BAD 146246042093
BAD 146295337501
BAD 146295624641
BAD 146246570867
BAD 146295624649
BAD 146295845317
BAD 146432093281
BAD 146432093287
BAD 146432093293
BAD 146432398927
BAD 146432398933
BAD 146247028729
BAD 146247028771
BAD 146247028777
BAD 146247606301
BAD 146297131087
BAD 146297131091
BAD 146297131093
BAD 146297131103
BAD 146297131117
BAD 146432437993
BAD 146432438029
BAD 146248255717
BAD 146248395367
BAD 146248395383
BAD 146432889839
BAD 146249330099
BAD 146249330131
BAD 146297643169
BAD 146433352003
BAD 146297643187
BAD 146433362407
BAD 146433475073
BAD 146433566551
BAD 146433638269
BAD 146250123143
BAD 146250123169
BAD 146250276779
BAD 146250344183
BAD 146250344189
BAD 146250348397
BAD 146250441721
BAD 146433928241
BAD 146433928243
BAD 146433928247
BAD 146433928253
BAD 146434090939
BAD 146308326287
BAD 146298582037
BAD 146298582041
BAD 146434290451
BAD 146308544363
BAD 146434554829
BAD 146434554839
BAD 146434554841
BAD 146299016137
BAD 146434615237
BAD 146434615241
BAD 146251354891
BAD 146251474067
BAD 146251474069
BAD 146251474073
BAD 146299451971
BAD 146434884251
BAD 146251737271
BAD 146251750483
BAD 146299791439
BAD 146435104279
BAD 146299948141
BAD 146300229679
BAD 146300229683
BAD 146435314849
BAD 146435314853
BAD 146300624401
BAD 146435492221
BAD 146300718517
BAD 146435586029
BAD 146300831111
BAD 146300831113
BAD 146301180391
BAD 146301180397
BAD 146252373907
BAD 146252482199
BAD 146442924877
BAD 146435960611
BAD 146435960617
BAD 146435960621
BAD 146435960623
BAD 146443122719
BAD 146252681389
BAD 146302162429
BAD 146443124459
BAD 146302162439
BAD 146443980349
BAD 146444140373
BAD 146302809313
BAD 146302809361
BAD 146252827879
BAD 146302971407
BAD 146302971433
BAD 146302971439
BAD 146437288247
BAD 146437288273
BAD 146253344803
BAD 146437352753
BAD 146445375833
BAD 146437438139
BAD 146437438141
BAD 146445483193
BAD 146445483199
BAD 146445483203
BAD 146445483211
BAD 146445506593
BAD 146437507789
BAD 146437507793
BAD 146445847243
BAD 146437692263
BAD 146253509431
BAD 146303753599
BAD 146446400293
BAD 146309283451
BAD 146309356519
BAD 146304089251
BAD 146309587757
BAD 146309587759
BAD 146253741379
BAD 146309743213
BAD 146309743231
BAD 146253905813
BAD 146304550463
BAD 146304550477
BAD 146254204883
BAD 146304613627
BAD 146304761033
BAD 146254564063
BAD 146254564069
BAD 146254564073
BAD 146305045553
BAD 146254751057
BAD 146254751059
BAD 146310885709
BAD 146448303349
BAD 146448303383
BAD 146305545187
BAD 146305545193
BAD 146305574227
BAD 146254772857
BAD 146305696829
BAD 146449505467
BAD 146311890973
BAD 146449505473
BAD 146449505483
BAD 146449505497
BAD 146311890983
BAD 146438121217
BAD 146305847711
BAD 146305847713
BAD 146449834189
BAD 146438257123
BAD 146306036719
BAD 146306036731
BAD 146306036741
BAD 146306036743
BAD 146450020193
BAD 146450020201
BAD 146450261389
BAD 146450261393
BAD 146450471131
BAD 146450489209
BAD 146306539387
BAD 146312264603
BAD 146439204733
BAD 146439238459
BAD 146450926261
BAD 146439292229
BAD 146439292231
BAD 146306682947
BAD 146306682979
BAD 146306682983
BAD 146439686153
BAD 146312855947
BAD 146451390053
BAD 146451390061
BAD 146313351683
BAD 146313403469
BAD 146313403471
BAD 146313422329
BAD 146451643397
BAD 146451643399
BAD 146451718901
BAD 146440306829
BAD 146451790049
BAD 146451818791
BAD 146314355653
BAD 146314393117
BAD 146314420831
BAD 146440910579
BAD 146314722773
BAD 146314722781
BAD 146314722797
BAD 146314722803
BAD 146452611077
BAD 146452611079
BAD 146452930081
BAD 146452930087
BAD 146453018207
BAD 146453018209
BAD 146254831903
BAD 146254941593
BAD 146441579863
BAD 146254941601
BAD 146315749501
BAD 146453415203
BAD 146453589341
BAD 146453589343
BAD 146255233309
BAD 146453971309
BAD 146442256321
BAD 146442329717
BAD 146442329723
BAD 146442351197
BAD 146454474097
BAD 146255524529
BAD 146255524531
BAD 146255524543
BAD 146255524549
BAD 146255598473
BAD 146255705839
BAD 146454524213
BAD 146316238493
BAD 146316306263
BAD 146316316021
BAD 146454663011
BAD 146256082579
BAD 146454663013
BAD 146256128593
BAD 146256128597
BAD 146454709789
BAD 146256438709
BAD 146316949091
BAD 146455068049
BAD 146316949099
BAD 146256487907
BAD 146317198669
BAD 146317198673
BAD 146455683019
BAD 146257279501
BAD 146257325177
BAD 146257481197
BAD 146456892629
BAD 146457014071
BAD 146457014089
BAD 146257741481
BAD 146457752159
BAD 146458110959
BAD 146458110961
BAD 146458272161
BAD 146458314763
BAD 146458446853
BAD 146318801753
BAD 146458777921
BAD 146459160203
BAD 146319164549
BAD 146319221827
BAD 146319221837
BAD 146319716911
BAD 146319716923
BAD 146319716951
BAD 146319716953
BAD 146319716987
BAD 146319833941
BAD 146320047373
BAD 146320391101
BAD 146320565827
BAD 146320894417
BAD 146320993883
BAD 146321040889
BAD 146321040893
BAD 146321061589
BAD 146321298511
BAD 146321478871
BAD 146321478937
BAD 146321826083
BAD 146321826089
BAD 146321856563
BAD 146321934443
BAD 146322258221
BAD 146322258223
BAD 146322258241
BAD 146322690643
BAD 146322798767
BAD 146322798781
BAD 146323416119
BAD 146323416121
BAD 146323765417
BAD 146323765463
BAD 146324138431
BAD 146324562203
BAD 146492956399
BAD 146492956403
BAD 146493098837
BAD 146493098839
BAD 146526928789
BAD 146526948413
BAD 146527219807
BAD 146527260571
BAD 146494208513
BAD 146494208551
BAD 146527387141
BAD 146494898191
BAD 146494898197
BAD 146494898203
BAD 146494898213
BAD 146494898227
BAD 146527983923
BAD 146527983937
BAD 146494942609
BAD 146495002273
BAD 146495002279
BAD 146495125129
BAD 146528222887
BAD 146528241421
BAD 146528274619
BAD 146528345713
BAD 146528345783
BAD 146528617141
BAD 146495598653
BAD 146528759569
BAD 146529087293
BAD 146529345887
BAD 146529345889
BAD 146529652057
BAD 146529947791
BAD 146529947797
BAD 146530016683
BAD 146530131757
BAD 146530143997
BAD 146530604203
BAD 146530763069
BAD 146530798399
BAD 146530798409
BAD 146530798411
BAD 146530798423
BAD 146530798517
BAD 146530798523
BAD 146530798537
BAD 146530798591
BAD 146530998001
BAD 146496217003
BAD 146496435829
BAD 146496610399
BAD 146497058509
BAD 146497362511
BAD 146510127943
BAD 146510285507
BAD 146510423249
BAD 146510423251
BAD 146510423261
BAD 146510423263
BAD 146510423273
BAD 146497839503
BAD 146498020373
BAD 146498124623
BAD 146498292907
BAD 146510910719
BAD 146498659537
BAD 146511161831
BAD 146511161833
BAD 146498886031
BAD 146499150517
BAD 146499150529
BAD 146499198767
BAD 146531587981
BAD 146511673207
BAD 146531588089
BAD 146511785617
BAD 146531798629
BAD 146531860273
BAD 146511984719
BAD 146511984721
BAD 146532500843
BAD 146532500899
BAD 146532948173
BAD 146532958813
BAD 146532981919
BAD 146512729109
BAD 146513075263
BAD 146513214347
BAD 146513221739
BAD 146513221741
BAD 146513221747
BAD 146513221759
BAD 146513221763
BAD 146533862081
BAD 146533862093
BAD 146534032961
BAD 146534032963
BAD 146534135827
BAD 146513676319
BAD 146513743009
BAD 146513995963
BAD 146534682953
BAD 146534877739
BAD 146534877757
BAD 146534877761
BAD 146534877763
BAD 146535039263
BAD 146535086707
BAD 146535194363
BAD 146535353837
BAD 146535479417
BAD 146535479449
BAD 146535630383
BAD 146535781591
BAD 146499964381
BAD 146500324417
BAD 146514839033
BAD 146514839147
BAD 146514944899
BAD 146500621873
BAD 146514944911
BAD 146515393819
BAD 146515563373
BAD 146515587529
BAD 146501115017
BAD 146501225011
BAD 146501250853
BAD 146501925397
BAD 146502000331
BAD 146502000353
BAD 146516957437
BAD 146516957441
BAD 146517087803
BAD 146503086703
BAD 146576751557
BAD 146517471119
BAD 146517471127
BAD 146536015547
BAD 146536390687
BAD 146518072843
BAD 146518342543
BAD 146518506709
BAD 146518506721
BAD 146518524863
BAD 146518524877
BAD 146578112441
BAD 146518699513
BAD 146578744867
BAD 146537162281
BAD 146537358343
BAD 146579171681
BAD 146519746679
BAD 146537358361
BAD 146537358403
BAD 146537378401
BAD 146519800069
BAD 146579336843
BAD 146520161483
BAD 146537488673
BAD 146537601103
BAD 146537601107
BAD 146537601109
BAD 146579597477
BAD 146579646373
BAD 146520483547
BAD 146537708047
BAD 146579719093
BAD 146579719129
BAD 146537722657
BAD 146537760329
BAD 146537760331
BAD 146543343439
BAD 146579806363
BAD 146537802647
BAD 146579875291
BAD 146579875307
BAD 146579940847
BAD 146579940853
BAD 146579940863
BAD 146538022493
BAD 146580056647
BAD 146538056393
BAD 146520948551
BAD 146521064801
BAD 146521064803
BAD 146521064813
BAD 146521064821
BAD 146521117753
BAD 146521117781
BAD 146521117783
BAD 146521117789
BAD 146521117793
BAD 146580302593
BAD 146580302599
BAD 146580302633
BAD 146580330023
BAD 146521476821
BAD 146521476823
BAD 146580507977
BAD 146580507979
BAD 146521623751
BAD 146521623757
BAD 146538760057
BAD 146538760079
BAD 146538854747
BAD 146544557447
BAD 146544557449
BAD 146544557461
BAD 146544557473
BAD 146544643657
BAD 146581177679
BAD 146522526877
BAD 146581177681
BAD 146539622401
BAD 146522763883
BAD 146522763889
BAD 146522763917
BAD 146522763931
BAD 146522821553
BAD 146545035391
BAD 146545035409
BAD 146545253599
BAD 146545313371
BAD 146545313381
BAD 146540080403
BAD 146523431723
BAD 146582096461
BAD 146582096473
BAD 146523489811
BAD 146523505967
BAD 146582217967
BAD 146582217973
BAD 146582217983
BAD 146523892027
BAD 146523958249
BAD 146545802737
BAD 146545858273
BAD 146545858279
BAD 146545963847
BAD 146582927783
BAD 146546608441
BAD 146582927789
BAD 146582927791
BAD 146525014123
BAD 146583105511
BAD 146583105517
BAD 146541291529
BAD 146541402503
BAD 146546905543
BAD 146541470863
BAD 146541603053
BAD 146541603059
BAD 146541603073
BAD 146541639961
BAD 146541644479
BAD 146541644497
BAD 146547118943
BAD 146525471527
BAD 146547306317
BAD 146547306319
BAD 146547352673
BAD 146542061873
BAD 146583528023
BAD 146542204129
BAD 146542452391
BAD 146526008809
BAD 146526008821
BAD 146526008831
BAD 146526008833
BAD 146526008963
BAD 146583996721
BAD 146547640607
BAD 146504391403
BAD 146547640609
BAD 146547640621
BAD 146584029049
BAD 146504477771
BAD 146504477773
BAD 146584277761
BAD 146584293091
BAD 146584293103
BAD 146504630033
BAD 146547934703
BAD 146548063709
BAD 146548073251
BAD 146548172399
BAD 146548172401
BAD 146584681013
BAD 146584688581
BAD 146584688599
BAD 146584688603
BAD 146548472803
BAD 146548472809
BAD 146584967029
BAD 146548859713
BAD 146504954863
BAD 146549486879
BAD 146549570987
BAD 146549577379
BAD 146549711617
BAD 146505943093
BAD 146586190981
BAD 146549711621
BAD 146586191033
BAD 146550182059
BAD 146586887599
BAD 146550664417
BAD 146550664499
BAD 146550664501
BAD 146507647211
BAD 146586968461
BAD 146551730047
BAD 146551754527
BAD 146508261703
BAD 146508272569
BAD 146587544113
BAD 146587544269
BAD 146508628463
BAD 146508628471
BAD 146508628477
BAD 146508628481
BAD 146508640847
BAD 146508640849
BAD 146508640853
BAD 146508663487
BAD 146552264567
BAD 146552264569
BAD 146508786469
BAD 146588177173
BAD 146588177231
BAD 146588177233
BAD 146588310181
BAD 146588400929
BAD 146552993957
BAD 146552993959
BAD 146552993989
BAD 146509454951
BAD 146509454953
BAD 146509511413
BAD 146509511417
BAD 146509511419
BAD 146553160939
BAD 146588949259
BAD 146588949263
BAD 146589053777
BAD 146589629539
BAD 146589755093
BAD 146554644659
BAD 146554864931
BAD 146590324849
BAD 146554864933
BAD 146590324861
BAD 146554969861
BAD 146554969969
BAD 146554969973
BAD 146555011327
BAD 146555011333
BAD 146555027161
BAD 146590695583
BAD 146590750591
BAD 146555236651
BAD 146555629771
BAD 146555629777
BAD 146555874833
BAD 146591703023
BAD 146556000029
BAD 146556000037
BAD 146556037501
BAD 146591946691
BAD 146591946731
BAD 146591946733
BAD 146591946737
BAD 146592415219
BAD 146592415223
BAD 146556705469
BAD 146556705473
BAD 146556705497
BAD 146556705499
BAD 146556826253
BAD 146592950929
BAD 146557162883
BAD 146557309439
BAD 146557325401
BAD 146557325407
BAD 146557325413
BAD 146557325419
BAD 146557325423
BAD 146557380139
BAD 146557589963
BAD 146557589977
BAD 146557763549
BAD 146557763551
BAD 146558189263
BAD 146558208031
BAD 146558624393
BAD 146558678303
BAD 146558678309
BAD 146558738243
BAD 146558942941
BAD 146559022553
BAD 146559022559
BAD 146559022567
BAD 146559058447
BAD 146559861793
BAD 146560245703
BAD 146560245707
BAD 146560245709
BAD 146560279163
BAD 146560425727
BAD 146560621553
BAD 146560907761
BAD 146560907771
BAD 146560907783
BAD 146561023723
BAD 146561065901
BAD 146561279569
BAD 146561279573
BAD 146562027503
BAD 146562388741
BAD 146562388747
BAD 146562750227
BAD 146562924953
BAD 146562926369
BAD 146562926371
BAD 146562938749
BAD 146563034011
BAD 146563034047
BAD 146563047749
BAD 146563423423
BAD 146563619287
BAD 146563619291
BAD 146563688813
BAD 146563899571
BAD 146564062691
BAD 146564062693
BAD 146564072071
BAD 146564218159
BAD 146564218231
BAD 146564285971
BAD 146564489483
BAD 146565050923
BAD 146565257551
BAD 146565650393
BAD 146565715861
BAD 146565898747
BAD 146566221073
BAD 146566832317
BAD 146568178873
BAD 146568188357
BAD 146568188359
BAD 146568210083
BAD 146568437333
BAD 146568473651
BAD 146568852571
BAD 146569312051
BAD 146569807849
BAD 146570224627
BAD 146570470831
BAD 146570771821
BAD 146571006353
BAD 146571006541
BAD 146571412411
BAD 146571768263
BAD 146571948571
BAD 146571957481
BAD 146572692031
BAD 146594043857
BAD 146594043859
BAD 146594569073
BAD 146595115283
BAD 146595128377
BAD 146595502843
BAD 146595502873
BAD 146595515179
BAD 146596348133
BAD 146573609893
BAD 146597963821
BAD 146598104089
BAD 146598172537
BAD 146598172541
BAD 146598172543
BAD 146598172573
BAD 146598200999
BAD 146598201007
BAD 146598265843
BAD 146573846911
BAD 146574292171
BAD 146575098023
BAD 146599350329
BAD 146575217339
BAD 146599746779
BAD 146599746781
BAD 146575303019
BAD 146575313149
BAD 146575547149
BAD 146600007443
BAD 146600007461
BAD 146600279873
BAD 146576027209
BAD 146600627573
BAD 146576665883
BAD 146600981693
BAD 146601265667
BAD 146601265669
BAD 146602078717
BAD 146602158589
BAD 146602996333
BAD 146604643613
BAD 146604988591
BAD 146605917281
BAD 146606694781
BAD 146607553207
BAD 146607553217
BAD 146607553219
BAD 146607671891
BAD 146607671893
BAD 146608368457
BAD 146608954111
BAD 146609100541
BAD 146609100557
BAD 146609100559
BAD 146609182823
BAD 146609232487
BAD 146609236253
BAD 146609236259
BAD 146609236261
BAD 146609947139
BAD 146660558029
BAD 146660630731
BAD 146660709761
BAD 146660709763
BAD 146661028277
BAD 146661028279
BAD 146661037823
BAD 146661443857
BAD 146661650143
BAD 146661650153
BAD 146661650189
BAD 146661799813
BAD 146661799819
BAD 146662349543
BAD 146643884461
BAD 146643884507
BAD 146643884509
BAD 146662534411
BAD 146644123337
BAD 146644123343
BAD 146644123363
BAD 146644123369
BAD 146644131119
BAD 146644131121
BAD 146644186589
BAD 146663189587
BAD 146663314951
BAD 146663621009
BAD 146663621011
BAD 146645202503
BAD 146645400857
BAD 146645400859
BAD 146664036361
BAD 146664109307
BAD 146664109309
BAD 146664109313
BAD 146664224263
BAD 146664247703
BAD 146664247711
BAD 146664247733
BAD 146664247783
BAD 146664403381
BAD 146645912251
BAD 146664681811
BAD 146647048501
BAD 146647054069
BAD 146665468583
BAD 146677987741
BAD 146677997831
BAD 146677997833
BAD 146677997839
BAD 146647770499
BAD 146665765531
BAD 146665780673
BAD 146665821031
BAD 146665821059
BAD 146665821061
BAD 146665821073
BAD 146648028539
BAD 146648334089
BAD 146648334143
BAD 146666291281
BAD 146666291287
BAD 146666291311
BAD 146678523083
BAD 146648573767
BAD 146666493271
BAD 146648851711
BAD 146679118349
BAD 146679118351
BAD 146679118367
BAD 146679118373
BAD 146667102559
BAD 146649032149
BAD 146667163081
BAD 146649032161
BAD 146649093359
BAD 146649093361
BAD 146649093373
BAD 146649093377
BAD 146649093379
BAD 146649093389
BAD 146649093391
BAD 146649093449
BAD 146649093467
BAD 146649093469
BAD 146667294523
BAD 146627267123
BAD 146627400781
BAD 146627438779
BAD 146649448643
BAD 146667709301
BAD 146667709303
BAD 146667831949
BAD 146649644279
BAD 146627679323
BAD 146627679329
BAD 146667944821
BAD 146650027627
BAD 146628094979
BAD 146628094981
BAD 146668723231
BAD 146668723237
BAD 146668723241
BAD 146629728803
BAD 146650940983
BAD 146629728811
BAD 146629728829
BAD 146629728871
BAD 146651093599
BAD 146668875667
BAD 146651119561
BAD 146669009197
BAD 146629968361
BAD 146630108467
BAD 146669402063
BAD 146651702083
BAD 146669491387
BAD 146669527733
BAD 146630510161
BAD 146669686091
BAD 146669686099
BAD 146669686103
BAD 146669686147
BAD 146652027187
BAD 146652027191
BAD 146630639033
BAD 146669872441
BAD 146630784631
BAD 146652358147
BAD 146652401377
BAD 146652401381
BAD 146652401383
BAD 146652401393
BAD 146652401431
BAD 146670413059
BAD 146630973199
BAD 146630973211
BAD 146670428017
BAD 146652542591
BAD 146631104551
BAD 146631121699
BAD 146652830383
BAD 146670939949
BAD 146670939953
BAD 146652849923
BAD 146652849929
BAD 146670984589
BAD 146631679879
BAD 146653086353
BAD 146631806467
BAD 146653135819
BAD 146653135823
BAD 146631983111
BAD 146671795943
BAD 146653712521
BAD 146653831057
BAD 146653831061
BAD 146653831063
BAD 146654097937
BAD 146633135191
BAD 146654833099
BAD 146654833103
BAD 146654833111
BAD 146654860873
BAD 146633825917
BAD 146679279629
BAD 146679279631
BAD 146679279647
BAD 146679302327
BAD 146634420509
BAD 146634420511
BAD 146634420523
BAD 146655575419
BAD 146655612101
BAD 146655750023
BAD 146655750047
BAD 146655921563
BAD 146680514303
BAD 146680568963
BAD 146680574153
BAD 146656299949
BAD 146656299953
BAD 146656299973
BAD 146656299983
BAD 146656299991
BAD 146656438601
BAD 146656438603
BAD 146656451323
BAD 146656451329
BAD 146656451341
BAD 146635743019
BAD 146635749859
BAD 146635749863
BAD 146656841479
BAD 146636182103
BAD 146656841483
BAD 146673284929
BAD 146673366383
BAD 146657176789
BAD 146636399489
BAD 146636399491
BAD 146636507911
BAD 146673608803
BAD 146637102847
BAD 146674367143
BAD 146637261653
BAD 146658075169
BAD 146658134713
BAD 146674796971
BAD 146674796987
BAD 146658331879
BAD 146658342379
BAD 146674948697
BAD 146674948699
BAD 146658528593
BAD 146675396603
BAD 146638194083
BAD 146638384351
BAD 146638508363
BAD 146638508369
BAD 146638645711
BAD 146659506607
BAD 146676132599
BAD 146676132601
BAD 146659753651
BAD 146681469469
BAD 146681469481
BAD 146659778669
BAD 146659799837
BAD 146659799843
BAD 146659814149
BAD 146659867777
BAD 146681760157
BAD 146681760163
BAD 146681760167
BAD 146681836667
BAD 146681836669
BAD 146676424513
BAD 146676424519
BAD 146660280469
BAD 146660303851
BAD 146660303857
BAD 146676788213
BAD 146682617407
BAD 146682617413
BAD 146682834737
BAD 146682834751
BAD 146682930019
BAD 146682953891
BAD 146682953933
BAD 146682958963
BAD 146677194589
BAD 146683208941
BAD 146683208951
BAD 146683208953
BAD 146683208957
BAD 146683227667
BAD 146683387267
BAD 146683462363
BAD 146683608109
BAD 146683746403
BAD 146683913989
BAD 146683914011
BAD 146683914031
BAD 146639016101
BAD 146639016103
BAD 146684202019
BAD 146684203879
BAD 146684203943
BAD 146684465723
BAD 146684602957
BAD 146685022283
BAD 146685046931
BAD 146685046933
BAD 146685261143
BAD 146640283099
BAD 146640283133
BAD 146640413903
BAD 146640413911
BAD 146685595117
BAD 146685595127
BAD 146685595129
BAD 146685595151
BAD 146685595153
BAD 146685777571
BAD 146685923863
BAD 146685969289
BAD 146685969301
BAD 146685969307
BAD 146686399319
BAD 146686708921
BAD 146686708943
BAD 146686792141
BAD 146687412301
BAD 146687412307
BAD 146687736739
BAD 146688021671
BAD 146688021709
BAD 146688111181
BAD 146688488423
BAD 146688532343
BAD 146688598271
BAD 146688706951
BAD 146688892583
BAD 146689091009
BAD 146689091011
BAD 146640572521
BAD 146641663981
BAD 146641691221
BAD 146641770133
BAD 146641770137
BAD 146641770139
BAD 146641770257
BAD 146641770277
BAD 146641770281
BAD 146641770283
BAD 146641770287
BAD 146641959553
BAD 146642204089
BAD 146643095791
BAD 146643286987
BAD 146643716413
BAD 146689478813
BAD 146690350591
BAD 146690350603
BAD 146690387749
BAD 146690387759
BAD 146690607653
BAD 146690607689
BAD 146690607691
BAD 146690646763
BAD 146690646769
BAD 146692232131
BAD 146692232171
BAD 146692232173
BAD 146692232177
BAD 146692232179
BAD 146692748509
BAD 146692748513
BAD 146692856983
BAD 146693086159
BAD 146693167477
BAD 146693188883
BAD 146693188891
BAD 146693673493
BAD 146694000463
BAD 146727755611
BAD 146729122471
BAD 146729457397
BAD 146729901469
BAD 146729901473
BAD 146730112429
BAD 146730112433
BAD 146730565843
BAD 146730565847
BAD 146730575599
BAD 146730782137
BAD 146730904013
BAD 146731887103
BAD 146732303281
BAD 146732303287
BAD 146732303293
BAD 146732467373
BAD 146732467381
BAD 146732659121
BAD 146732659123
BAD 146732659133
BAD 146732963813
BAD 146733162889
BAD 146733221521
BAD 146733467921
BAD 146733657901
BAD 146734880599
BAD 146734924883
BAD 146735104951
BAD 146736438931
BAD 146736439013
BAD 146736644809
BAD 146737026851
BAD 146737026853
BAD 146737122083
BAD 146737274219
BAD 146737274221
BAD 146737281773
BAD 146610549601
BAD 146610603283
BAD 146610603287
BAD 146610603289
BAD 146738106481
BAD 146611127569
BAD 146611127581
BAD 146738698697
BAD 146738698699
BAD 146611863661
BAD 146611972217
BAD 146611972219
BAD 146611972223
BAD 146612252029
BAD 146612317309
BAD 146612705669
BAD 146612705671
BAD 146612705677
BAD 146612968729
BAD 146613316261
BAD 146845172483
BAD 146614385413
BAD 146845172569
BAD 146845194451
BAD 146845437709
BAD 146845437719
BAD 146845439971
BAD 146614592629
BAD 146845481989
BAD 146845491563
BAD 146614737053
BAD 146615046889
BAD 146615248861
BAD 146615503591
BAD 146846628647
BAD 146615675263
BAD 146846700113
BAD 146615764973
BAD 146846786563
BAD 146615799403
BAD 146615834303
BAD 146846958721
BAD 146846969273
BAD 146846969303
BAD 146846969309
BAD 146846969317
BAD 146846969327
BAD 146615980337
BAD 146615980339
BAD 146847345419
BAD 146847345427
BAD 146710908961
BAD 146616147833
BAD 146616154133
BAD 146616277403
BAD 146847514613
BAD 146711260547
BAD 146847741289
BAD 146711862821
BAD 146711862823
BAD 146711862853
BAD 146616976613
BAD 146712244717
BAD 146617376833
BAD 146617376837
BAD 146617376839
BAD 146617557577
BAD 146712528241
BAD 146617621411
BAD 146617621471
BAD 146848668751
BAD 146848760243
BAD 146617751783
BAD 146617751789
BAD 146713144451
BAD 146713300619
BAD 146713300639
BAD 146713300681
BAD 146849657791
BAD 146849772499
BAD 146713490851
BAD 146738866369
BAD 146713490857
BAD 146618325109
BAD 146713490873
BAD 146713490879
BAD 146713490881
BAD 146713490887
BAD 146738896169
BAD 146738896177
BAD 146618430743
BAD 146618430757
BAD 146739089587
BAD 146739089593
BAD 146713975189
BAD 146713975193
BAD 146714170543
BAD 146739588067
BAD 146619289073
BAD 146619289079
BAD 146619289081
BAD 146619289099
BAD 146715268229
BAD 146715268267
BAD 146715290503
BAD 146715290507
BAD 146715290509
BAD 146715310771
BAD 146715321007
BAD 146715321013
BAD 146715923891
BAD 146739932303
BAD 146619759311
BAD 146694113149
BAD 146739932309
BAD 146619759313
BAD 146619766487
BAD 146740018801
BAD 146619822641
BAD 146619894571
BAD 146619895013
BAD 146620079407
BAD 146620129133
BAD 146620355239
BAD 146620594921
BAD 146741203799
BAD 146741203801
BAD 146620785029
BAD 146620808843
BAD 146717168527
BAD 146695098661
BAD 146695116083
BAD 146620944391
BAD 146620944397
BAD 146620944401
BAD 146620944403
BAD 146621367983
BAD 146621368021
BAD 146621368027
BAD 146621368031
BAD 146621475389
BAD 146742232843
BAD 146695240007
BAD 146718454723
BAD 146695240009
BAD 146621523049
BAD 146621624827
BAD 146695416683
BAD 146718729541
BAD 146622004703
BAD 146695796453
BAD 146622105601
BAD 146695896947
BAD 146719006961
BAD 146719006963
BAD 146719006969
BAD 146719007021
BAD 146719007023
BAD 146719007027
BAD 146696059733
BAD 146719152739
BAD 146719152743
BAD 146622848873
BAD 146719425581
BAD 146696347727
BAD 146696347729
BAD 146623146001
BAD 146743363087
BAD 146697270199
BAD 146697270271
BAD 146743756793
BAD 146849826911
BAD 146623913077
BAD 146698082543
BAD 146698082549
BAD 146698082551
BAD 146720608703
BAD 146698329473
BAD 146624197103
BAD 146624197129
BAD 146624359009
BAD 146624636569
BAD 146699024629
BAD 146721860227
BAD 146721886699
BAD 146624991463
BAD 146625008617
BAD 146625066773
BAD 146722113599
BAD 146850837961
BAD 146850978367
BAD 146625607969
BAD 146722581151
BAD 146722581163
BAD 146722581167
BAD 146722581169
BAD 146699698183
BAD 146851038559
BAD 146851212161
BAD 146851212163
BAD 146851212169
BAD 146626268879
BAD 146700139513
BAD 146744064059
BAD 146626268881
BAD 146700139517
BAD 146700139519
BAD 146744129573
BAD 146626392109
BAD 146851381381
BAD 146851451389
BAD 146851451393
BAD 146744257603
BAD 146626601633
BAD 146700877049
BAD 146700877051
BAD 146700877073
BAD 146700975307
BAD 146700975313
BAD 146700975319
BAD 146700975347
BAD 146700975349
BAD 146700975353
BAD 146700975359
BAD 146700975361
BAD 146723416223
BAD 146852201371
BAD 146852251333
BAD 146701449743
BAD 146701449751
BAD 146701449787
BAD 146723712943
BAD 146853063901
BAD 146853340463
BAD 146853666229
BAD 146853666233
BAD 146853720991
BAD 146853720997
BAD 146853832133
BAD 146853832141
BAD 146724586741
BAD 146724586759
BAD 146724586763
BAD 146724586769
BAD 146724586783
BAD 146854081973
BAD 146701954303
BAD 146701954307
BAD 146701954309
BAD 146702255509
BAD 146702255527
BAD 146854502551
BAD 146854720729
BAD 146702461013
BAD 146725056173
BAD 146854842241
BAD 146854842247
BAD 146854992407
BAD 146854992409
BAD 146761434839
BAD 146761578463
BAD 146725315081
BAD 146702913151
BAD 146761860211
BAD 146702913157
BAD 146855295707
BAD 146855295709
BAD 146762290141
BAD 146762317283
BAD 146762317309
BAD 146703548153
BAD 146703653431
BAD 146703794197
BAD 146762641159
BAD 146704813897
BAD 146856923029
BAD 146856923033
BAD 146763392353
BAD 146705411509
BAD 146705497129
BAD 146705497139
BAD 146705597573
BAD 146705597581
BAD 146705597593
BAD 146705597603
BAD 146705597683
BAD 146705641007
BAD 146705641009
BAD 146705672483
BAD 146763796981
BAD 146857247431
BAD 146763993307
BAD 146725562413
BAD 146764132013
BAD 146764147157
BAD 146706416093
BAD 146706442877
BAD 146706442879
BAD 146857371211
BAD 146764240193
BAD 146706743509
BAD 146706828539
BAD 146706828547
BAD 146706851041
BAD 146706950501
BAD 146857808029
BAD 146857808033
BAD 146857814503
BAD 146707099459
BAD 146707099463
BAD 146707099481
BAD 146857905079
BAD 146857965539
BAD 146726181967
BAD 146726181971
BAD 146726181983
BAD 146764804609
BAD 146764809739
BAD 146764809743
BAD 146707327667
BAD 146858368387
BAD 146726714023
BAD 146707723703
BAD 146765264959
BAD 146726892773
BAD 146727072161
BAD 146858478593
BAD 146765903461
BAD 146766087031
BAD 146708616521
BAD 146858796473
BAD 146858796481
BAD 146708867693
BAD 146766550673
BAD 146709026641
BAD 146859321841
BAD 146766791377
BAD 146859619493
BAD 146859625681
BAD 146709800351
BAD 146709800359
BAD 146859881323
BAD 146767784641
BAD 146767784651
BAD 146767784659
BAD 146767784663
BAD 146861089393
BAD 146727635359
BAD 146727635363
BAD 146861206081
BAD 146768213269
BAD 146861432659
BAD 146768425801
BAD 146778130267
BAD 146768434753
BAD 146768474581
BAD 146768520413
BAD 146768520439
BAD 146778322729
BAD 146778322849
BAD 146768891987
BAD 146778622643
BAD 146778880291
BAD 146778880307
BAD 146778880309
BAD 146779301219
BAD 146769404129
BAD 146779768693
BAD 146779768703
BAD 146779768711
BAD 146779768717
BAD 146779768721
BAD 146779768813
BAD 146779896883
BAD 146769636163
BAD 146780143063
BAD 146780326193
BAD 146769773797
BAD 146769773809
BAD 146769773861
BAD 146769773863
BAD 146769773867
BAD 146780542543
BAD 146769773869
BAD 146780542561
BAD 146769773873
BAD 146780557309
BAD 146780742679
BAD 146780853929
BAD 146780853931
BAD 146769821327
BAD 146769821329
BAD 146769821333
BAD 146769821347
BAD 146769821353
BAD 146769821357
BAD 146781010009
BAD 146781010043
BAD 146769957263
BAD 146769957289
BAD 146781326863
BAD 146770193303
BAD 146770571641
BAD 146781915923
BAD 146781915953
BAD 146782332211
BAD 146782332217
BAD 146770863143
BAD 146782418291
BAD 146770948633
BAD 146770948637
BAD 146771004139
BAD 146878675423
BAD 146782917629
BAD 146878675429
BAD 146771351119
BAD 146783190821
BAD 146783190823
BAD 146783190847
BAD 146879005771
BAD 146771579309
BAD 146783436271
BAD 146771786431
BAD 146771793323
BAD 146771793331
BAD 146771829383
BAD 146771933017
BAD 146771933029
BAD 146771933047
BAD 146771933051
BAD 146771933053
BAD 146771933059
BAD 146783991383
BAD 146772386161
BAD 146772837853
BAD 146772992551
BAD 146784683267
BAD 146773163393
BAD 146773163423
BAD 146773163429
BAD 146773163431
BAD 146880244279
BAD 146773686239
BAD 146773774729
BAD 146773774733
BAD 146785435487
BAD 146785443829
BAD 146880428491
BAD 146880691063
BAD 146786077877
BAD 146786077883
BAD 146786750479
BAD 146786750483
BAD 146786761027
BAD 146786761039
BAD 146774367847
BAD 146774367853
BAD 146881372613
BAD 146881519801
BAD 146774835001
BAD 146775013327
BAD 146775078631
BAD 146881893803
BAD 146775703807
BAD 146775838463
BAD 146775838471
BAD 146787452179
BAD 146787482593
BAD 146787482629
BAD 146787786253
BAD 146787786331
BAD 146787786337
BAD 146882555557
BAD 146787786347
BAD 146882555581
BAD 146787786349
BAD 146776198549
BAD 146787786389
BAD 146787786391
BAD 146776198553
BAD 146882591573
BAD 146787937553
BAD 146776399009
BAD 146776399013
BAD 146882767253
BAD 146882817569
BAD 146776577191
BAD 146776577221
BAD 146776577309
BAD 146776577317
BAD 146776577329
BAD 146776577333
BAD 146788297639
BAD 146788328447
BAD 146776742719
BAD 146788425739
BAD 146788653497
BAD 146777372393
BAD 146777575423
BAD 146777575429
BAD 146883604687
BAD 146883604691
BAD 146883651259
BAD 146788995433
BAD 146883651263
BAD 146789092573
BAD 146789092577
BAD 146789092579
BAD 146789092591
BAD 146789092643
BAD 146884303673
BAD 146884386659
BAD 146884386661
BAD 146884386673
BAD 146884386683
BAD 146884395773
BAD 146884395781
BAD 146884441553
BAD 146789356699
BAD 146789889151
BAD 146790038009
BAD 146790038011
BAD 146790038029
BAD 146790038033
BAD 146790049699
BAD 146885391161
BAD 146885425417
BAD 146885425429
BAD 146790350171
BAD 146790350173
BAD 146885462309
BAD 146790696827
BAD 146885720887
BAD 146790954559
BAD 146885720903
BAD 146744794523
BAD 146744794531
BAD 146744794543
BAD 146744835901
BAD 146791141271
BAD 146791360343
BAD 146745717829
BAD 146745717841
BAD 146745798883
BAD 146745798893
BAD 146745919711
BAD 146745919781
BAD 146886792023
BAD 146887082941
BAD 146791481537
BAD 146791508153
BAD 146791508159
BAD 146746867129
BAD 146746867153
BAD 146791543909
BAD 146747049067
BAD 146747049083
BAD 146747480993
BAD 146887605317
BAD 146887656739
BAD 146887656743
BAD 146887656761
BAD 146747737013
BAD 146792337347
BAD 146792337361
BAD 146747815001
BAD 146747815013
BAD 146888560711
BAD 146888583697
BAD 146747997343
BAD 146747997349
BAD 146747997391
BAD 146792530783
BAD 146748121007
BAD 146748121217
BAD 146792914921
BAD 146793169153
BAD 146889024517
BAD 146889024523
BAD 146889109153
BAD 146889109183
BAD 146889109187
BAD 146889109189
BAD 146889109201
BAD 146889163321
BAD 146889184997
BAD 146889184999
BAD 146889252593
BAD 146793432563
BAD 146793504751
BAD 146889522223
BAD 146889522229
BAD 146748766403
BAD 146889969181
BAD 146890006609
BAD 146794012669
BAD 146794037167
BAD 146794276997
BAD 146794276999
BAD 146890314839
BAD 146890314841
BAD 146749354189
BAD 146890966007
BAD 146890966009
BAD 146890966021
BAD 146749529477
BAD 146891063521
BAD 146891065339
BAD 146750070793
BAD 146750070799
BAD 146891530637
BAD 146891530657
BAD 146891530673
BAD 146891530679
BAD 146750947313
BAD 146891905913
BAD 146751316603
BAD 146751316639
BAD 146862109721
BAD 146751373231
BAD 146751373243
BAD 146892547693
BAD 146862232549
BAD 146892769889
BAD 146751799283
BAD 146751799289
BAD 146751799291
BAD 146751799303
BAD 146751946723
BAD 146893039219
BAD 146893039231
BAD 146893107727
BAD 146752213879
BAD 146752363223
BAD 146862770983
BAD 146752616071
BAD 146752616149
BAD 146893715963
BAD 146862887753
BAD 146862904933
BAD 146893943813
BAD 146893943821
BAD 146753016271
BAD 146863118851
BAD 146753182663
BAD 146863194859
BAD 146863208161
BAD 146894466517
BAD 146863465951
BAD 146863518889
BAD 146863518911
BAD 146863579507
BAD 146863579519
BAD 146753593163
BAD 146864003093
BAD 146864207183
BAD 146864224337
BAD 146864224343
BAD 146864504663
BAD 146864751217
BAD 146753933639
BAD 146865160081
BAD 146754255229
BAD 146755060579
BAD 146865492469
BAD 146865680537
BAD 146865680539
BAD 146865680627
BAD 146865680629
BAD 146755676033
BAD 146865955723
BAD 146756003519
BAD 146756003521
BAD 146756057491
BAD 146756192203
BAD 146756347211
BAD 146756760541
BAD 146756760547
BAD 146866791839
BAD 146756904803
BAD 146756921503
BAD 146867117963
BAD 146867305411
BAD 146757592117
BAD 146867305463
BAD 146757592123
BAD 146757592193
BAD 146757592213
BAD 146868123979
BAD 146757719461
BAD 146868184381
BAD 146868330443
BAD 146868330473
BAD 146757918961
BAD 146811988853
BAD 146812026359
BAD 146812194811
BAD 146868478951
BAD 146812366871
BAD 146812366873
BAD 146812366879
BAD 146868728509
BAD 146868765427
BAD 146868872363
BAD 146869318991
BAD 146869318993
BAD 146869354043
BAD 146812984783
BAD 146758801711
BAD 146758801733
BAD 146758801751
BAD 146758801753
BAD 146758801769
BAD 146758801771
BAD 146813278693
BAD 146813278697
BAD 146813278699
BAD 146813498063
BAD 146869947949
BAD 146759397439
BAD 146759397481
BAD 146759397493
BAD 146759402989
BAD 146869983961
BAD 146759475091
BAD 146759478017
BAD 146814032933
BAD 146814032971
BAD 146759979319
BAD 146759979323
BAD 146760354443
BAD 146870815667
BAD 146870815669
BAD 146870815673
BAD 146760567139
BAD 146760567143
BAD 146871421813
BAD 146760732533
BAD 146871625291
BAD 146871647191
BAD 146871665959
BAD 146760837173
BAD 146871976403
BAD 146872101713
BAD 146872102099
BAD 146815139453
BAD 146872246687
BAD 146872764173
BAD 146873473673
BAD 146873473699
BAD 146816057449
BAD 146873569819
BAD 146816141741
BAD 146873569823
BAD 146816141743
BAD 146816141749
BAD 146873836289
BAD 146873924303
BAD 146816528123
BAD 146816528149
BAD 146816605021
BAD 146816605031
BAD 146874377113
BAD 146817023921
BAD 146817023923
BAD 146874757987
BAD 146874757993
BAD 146874847969
BAD 146875110169
BAD 146875229419
BAD 146875511383
BAD 146875592629
BAD 146875758863
BAD 146875758871
BAD 146818222267
BAD 146818222273
BAD 146818222277
BAD 146818222279
BAD 146818493821
BAD 146876068561
BAD 146876068567
BAD 146876068589
BAD 146876072597
BAD 146876072599
BAD 146876437963
BAD 146876437969
BAD 146819451749
BAD 146819451769
BAD 146876838379
BAD 146877029623
BAD 146877029633
BAD 146877051721
BAD 146820469219
BAD 146877610501
BAD 146820723421
BAD 146877930187
BAD 146878193773
BAD 146821665841
BAD 146821925233
BAD 146821925251
BAD 146822061193
BAD 146822100473
BAD 146822918401
BAD 146822974801
BAD 146929053319
BAD 146929053329
BAD 146929053331
BAD 146929053343
BAD 146823358471
BAD 146823358489
BAD 146929342853
BAD 146929342897
BAD 146823425633
BAD 146823452933
BAD 146929426337
BAD 146929426339
BAD 146929426351
BAD 146929467887
BAD 146929467889
BAD 146929614649
BAD 146929614661
BAD 146823849253
BAD 146824192003
BAD 146930131129
BAD 146930131223
BAD 146930131301
BAD 146930131303
BAD 146824514461
BAD 146824681999
BAD 146824682003
BAD 146824682009
BAD 146930281811
BAD 146930394229
BAD 146930563123
BAD 146825025751
BAD 146930563133
BAD 146930563139
BAD 146930563141
BAD 146825092009
BAD 146795885969
BAD 146930793683
BAD 146931246769
BAD 146796634451
BAD 146796923599
BAD 146796941251
BAD 146931918157
BAD 146796944471
BAD 146796944473
BAD 146796944479
BAD 146796944513
BAD 146796986821
BAD 146932205773
BAD 146797431983
BAD 146826792403
BAD 146826955837
BAD 146826955841
BAD 146826955843
BAD 146933099689
BAD 146827028521
BAD 146933471129
BAD 146799368273
BAD 146827921159
BAD 146933639159
BAD 146933639161
BAD 146828216959
BAD 146799634369
BAD 146799634379
BAD 146933800411
BAD 146933828653
BAD 146799942271
BAD 146934049033
BAD 146934049037
BAD 146934230453
BAD 146800208761
BAD 146800208767
BAD 146800208771
BAD 146935053061
BAD 146800876223
BAD 146935612471
BAD 146935624601
BAD 146801432893
BAD 146935921529
BAD 146801527909
BAD 146801527913
BAD 146801582503
BAD 146936092351
BAD 146801789653
BAD 146802444311
BAD 146936632399
BAD 146802799879
BAD 146802799883
BAD 146802799901
BAD 146802799903
BAD 146802806041
BAD 146936708099
BAD 146936708117
BAD 146936708119
BAD 146936708123
BAD 146802936727
BAD 146803244023
BAD 146803483699
BAD 146937333833
BAD 146803778731
BAD 146937880723
BAD 146937880729
BAD 146937936907
BAD 146804062453
BAD 146938082791
BAD 146938082807
BAD 146938082813
BAD 146938298753
BAD 146938298761
BAD 146939043409
BAD 146939329637
BAD 146939329639
BAD 146939639461
BAD 146939639467
BAD 146939778913
BAD 146940059537
BAD 146940059573
BAD 146805621713
BAD 146805621733
BAD 146805948847
BAD 146805964523
BAD 146941039093
BAD 146829944641
BAD 146941039097
BAD 146941177351
BAD 146941348919
BAD 146941348921
BAD 146941348927
BAD 146830136267
BAD 146806288523
BAD 146806288529
BAD 146806288589
BAD 146830275863
BAD 146941560967
BAD 146941625933
BAD 146806523137
BAD 146806523141
BAD 146942075201
BAD 146942075213
BAD 146942084137
BAD 146942084143
BAD 146942084147
BAD 146806742633
BAD 146806827383
BAD 146806975039
BAD 146831530621
BAD 146831635231
BAD 146807328163
BAD 146831790983
BAD 146831790991
BAD 146943299071
BAD 146807803993
BAD 146807803997
BAD 146943299089
BAD 146807803999
BAD 146807804029
BAD 146807858083
BAD 146807897993
BAD 146808063503
BAD 146943399517
BAD 146943448307
BAD 146808357893
BAD 146808507457
BAD 146832139591
BAD 146832139639
BAD 146832139651
BAD 146832189649
BAD 146832189653
BAD 146808748841
BAD 146944038893
BAD 146832490349
BAD 146832490351
BAD 146832581773
BAD 146944152689
BAD 146944152709
BAD 146944314001
BAD 146944572259
BAD 146944572263
BAD 146944691129
BAD 146945109691
BAD 146945109767
BAD 146833719601
BAD 146945109769
BAD 146833719607
BAD 146833719611
BAD 146833719623
BAD 146945467549
BAD 146834065163
BAD 146834184803
BAD 146834184811
BAD 146834326943
BAD 146834326957
BAD 146834326963
BAD 146834618059
BAD 146834618069
BAD 146834618071
BAD 146834633531
BAD 146809721789
BAD 146809721791
BAD 146809756193
BAD 146834874619
BAD 146834874623
BAD 146809933693
BAD 146810137241
BAD 146835551017
BAD 146835551021
BAD 146835551029
BAD 146835551033
BAD 146810920253
BAD 146835637513
BAD 146811374701
BAD 146835927961
BAD 146835927991
BAD 146836367011
BAD 146836521457
BAD 146836555897
BAD 146836555903
BAD 146837516191
BAD 146837516257
BAD 146837653069
BAD 146837653073
BAD 146837816131
BAD 146837975749
BAD 146838511273
BAD 146838511283
BAD 146838567023
BAD 146839164139
BAD 146839400887
BAD 146839689023
BAD 146839871281
BAD 146840218477
BAD 146840736907
BAD 146840982859
BAD 146840982863
BAD 146841581017
BAD 146841643457
BAD 146841943279
BAD 146842052701
BAD 146842052713
BAD 146842902139
BAD 146843531609
BAD 146843736607
BAD 146843986369
BAD 146844477389
BAD 146844477391
BAD 146844477427
BAD 146844813223
BAD 146844813233
BAD 146962629157
BAD 146962978553
BAD 146962979341
BAD 146962979353
BAD 146962979357
BAD 146963317583
BAD 146963317591
BAD 146963468383
BAD 146963468387
BAD 146963468389
BAD 146965282613
BAD 146965282619
BAD 146965282637
BAD 146965282657
BAD 146966147311
BAD 146966147333
BAD 146913149917
BAD 146966388263
BAD 146966621233
BAD 146966621257
BAD 146913541921
BAD 146913924013
BAD 146913924019
BAD 146913924023
BAD 146967248903
BAD 146967495847
BAD 146914144453
BAD 146914144457
BAD 146967545017
BAD 146967695881
BAD 146967695887
BAD 146967695933
BAD 146967743207
BAD 146967743213
BAD 146967826849
BAD 146967826853
BAD 146967826861
BAD 146967859373
BAD 146967963383
BAD 146915016233
BAD 146968590271
BAD 146915228507
BAD 146968713091
BAD 146968721693
BAD 146968762687
BAD 146968922413
BAD 146969363017
BAD 146969363029
BAD 146969534783
BAD 146969534791
BAD 146915692879
BAD 146969906581
BAD 146969915273
BAD 146916027919
BAD 146970469307
BAD 146916345733
BAD 146916345743
BAD 146916345749
BAD 146916345757
BAD 146970850603
BAD 146970965633
BAD 146970965641
BAD 146916936349
BAD 146917063991
BAD 146971647469
BAD 146971693793
BAD 146971877209
BAD 146971877233
BAD 146918249299
BAD 146918270041
BAD 146918446183
BAD 146918446201
BAD 146918446211
BAD 146918446223
BAD 146918446247
BAD 146918446249
BAD 146918446253
BAD 146972503793
BAD 146972533133
BAD 146972849083
BAD 146972939297
BAD 146972939299
BAD 146972939303
BAD 146919143281
BAD 146973904943
BAD 146945776829
BAD 146973904951
BAD 146945776963
BAD 146919157093
BAD 146919170719
BAD 146919170731
BAD 146919451253
BAD 146974417897
BAD 146946207713
BAD 146946356551
BAD 146946356569
BAD 146946372619
BAD 146919892433
BAD 146920092167
BAD 146920092169
BAD 146920092173
BAD 146920092181
BAD 146974767263
BAD 146920363957
BAD 146974995997
BAD 146974996013
BAD 146920815659
BAD 146920815661
BAD 146947716607
BAD 146947894297
BAD 146947951321
BAD 146975503567
BAD 146975614663
BAD 146975614679
BAD 146948140993
BAD 146921335553
BAD 146921335567
BAD 146948141089
BAD 146921335571
BAD 146921335573
BAD 146948200463
BAD 146975874229
BAD 146921641423
BAD 146921641441
BAD 146976047149
BAD 146948694337
BAD 146976643441
BAD 146977055809
BAD 146977055833
BAD 146977055843
BAD 146922854887
BAD 146922854891
BAD 146922854893
BAD 146977236173
BAD 146977236187
BAD 146977236193
BAD 146977281793
BAD 146949312619
BAD 146949312623
BAD 146949577639
BAD 146949769279
BAD 146949769303
BAD 146949921871
BAD 146950050133
BAD 146978114477
BAD 146896060943
BAD 146978114483
BAD 146978193227
BAD 146978289253
BAD 146950559101
BAD 146950908589
BAD 146951340163
BAD 146951340181
BAD 146951402893
BAD 146979167129
BAD 146979167131
BAD 146979167161
BAD 146979295513
BAD 146926004783
BAD 146926616593
BAD 146926616597
BAD 146926686637
BAD 146926946717
BAD 146926946723
BAD 146927268263
BAD 146927292481
BAD 146927292503
BAD 146927292517
BAD 146927368013
BAD 146927368019
BAD 146927436437
BAD 146927528551
BAD 146927528557
BAD 146897061407
BAD 146927681161
BAD 146927689703
BAD 146897193119
BAD 146952977341
BAD 146928103103
BAD 146928146977
BAD 146897601881
BAD 146897601883
BAD 146897601901
BAD 146953337357
BAD 146953337359
BAD 146928571921
BAD 146953374187
BAD 146928788921
BAD 146898137387
BAD 146953693741
BAD 146928874297
BAD 146928874307
BAD 146898672937
BAD 146898724009
BAD 146898843433
BAD 146899020031
BAD 146899075363
BAD 146899171621
BAD 146954565683
BAD 146899353589
BAD 146899353593
BAD 146899620887
BAD 146954770069
BAD 146899820033
BAD 146955123739
BAD 146956120343
BAD 146956593403
BAD 146956593409
BAD 146956673509
BAD 146956874809
BAD 146956874839
BAD 146957062099
BAD 146957062103
BAD 146957354659
BAD 146957612183
BAD 146957631103
BAD 146957944853
BAD 146957952773
BAD 146958055903
BAD 146958081583
BAD 146901151099
BAD 146901421913
BAD 146958558023
BAD 146901494563
BAD 146901494573
BAD 146901494581
BAD 146901770051
BAD 146901770053
BAD 146958674347
BAD 146958674353
BAD 146901912613
BAD 146901969223
BAD 146901981439
BAD 146901981623
BAD 146902195169
BAD 146959774837
BAD 146902195171
BAD 146902562579
BAD 146902562581
BAD 146960169019
BAD 146960169023
BAD 146902848247
BAD 146902848251
BAD 146903014949
BAD 146903025523
BAD 146903030641
BAD 146903030653
BAD 146903066777
BAD 146903066819
BAD 146903066831
BAD 146903066833
BAD 146903066837
BAD 146903066839
BAD 146903465437
BAD 146903465459
BAD 146903465461
BAD 146961091703
BAD 146903644141
BAD 146961153931
BAD 146961215689
BAD 146961215693
BAD 146961215699
BAD 146961215701
BAD 146961215707
BAD 146961215761
BAD 146903913109
BAD 146961215767
BAD 146961215899
BAD 146961215911
BAD 146961561749
BAD 146961561751
BAD 146961561757
BAD 146961567617
BAD 146961655727
BAD 146961694603
BAD 146904369049
BAD 146961940949
BAD 146962434043
BAD 146962452229
BAD 146962532897
BAD 146962532903
BAD 146904997553
BAD 146905229099
BAD 146905229101
BAD 146905235909
BAD 146905285211
BAD 146905306033
BAD 146905306111
BAD 146905368473
BAD 146905518307
BAD 146905518323
BAD 146905523003
BAD 146905692841
BAD 146905692937
BAD 146905692949
BAD 146996207041
BAD 146906091529
BAD 146996599403
BAD 146996599411
BAD 146996599427
BAD 146996599439
BAD 146906432539
BAD 146906465089
BAD 146906465093
BAD 146996850241
BAD 146996850293
BAD 146996971669
BAD 146996971673
BAD 146997093083
BAD 146997093097
BAD 146997093101
BAD 146907260477
BAD 146907260483
BAD 146907260491
BAD 146907391693
BAD 146997431989
BAD 146908062737
BAD 146908062739
BAD 146908562849
BAD 146908562851
BAD 146998543763
BAD 146908896361
BAD 146999103931
BAD 146999103941
BAD 146999103943
BAD 146909647217
BAD 146909647219
BAD 146909647223
BAD 146999326583
BAD 146999326619
BAD 146999348963
BAD 146999348971
BAD 146999374309
BAD 147000018779
BAD 146911110113
BAD 146911171801
BAD 146911293943
BAD 146911422947
BAD 146911422949
BAD 147000326303
BAD 147000527423
BAD 147000527449
BAD 146912019953
BAD 147000728869
BAD 146912199677
BAD 147001040707
BAD 147001203527
BAD 147001799537
BAD 147002157167
BAD 147002157173
BAD 147002157209
BAD 147002530589
BAD 147002814757
BAD 147003735763
BAD 147004806499
BAD 147005074043
BAD 147005164133
BAD 147005329753
BAD 147005329759
BAD 147005392489
BAD 147005605319
BAD 147005605321
BAD 147005605363
BAD 147005605399
BAD 147005907649
BAD 147006082529
BAD 147006680273
BAD 147007370431
BAD 147008240161
BAD 147008240167
BAD 147008240173
BAD 147008240177
BAD 147008240179
BAD 147008374991
BAD 147008374993
BAD 147008374999
BAD 147008375009
BAD 147008375011
BAD 147008533433
BAD 147009118457
BAD 147010069069
BAD 147010526171
BAD 147010532899
BAD 147011176133
BAD 147011365733
BAD 147011365741
BAD 147011375767
BAD 147012157561
BAD 147012157577
BAD 147029888651
BAD 147029888653
BAD 147029995771
BAD 147030092021
BAD 147030515887
BAD 147030898979
BAD 147030898981
BAD 147031031921
BAD 147031031923
BAD 147031031929
BAD 147032014147
BAD 147032014163
BAD 147032100881
BAD 147032347937
BAD 147032347939
BAD 147032906131
BAD 147033468233
BAD 147034377601
BAD 147034512883
BAD 146979377191
BAD 147034859837
BAD 147034859843
BAD 147034859929
BAD 147034918937
BAD 147034918939
BAD 146979742397
BAD 146979895423
BAD 146980019723
BAD 146980019731
BAD 146980019773
BAD 146980740463
BAD 146981590033
BAD 146981592143
BAD 146981796529
BAD 147047016241
BAD 147047016251
BAD 147047016253
BAD 146981844661
BAD 147047074921
BAD 147047074949
BAD 147047540639
BAD 147047540641
BAD 147047571007
BAD 147035257429
BAD 147035528839
BAD 147035528873
BAD 147048100543
BAD 147013181219
BAD 147013261891
BAD 147013261903
BAD 147013261907
BAD 147013261909
BAD 147035849887
BAD 147035884927
BAD 147013687669
BAD 147013777223
BAD 147048865727
BAD 147048865729
BAD 147036742063
BAD 147036789379
BAD 147036789443
BAD 147036832403
BAD 147036961853
BAD 147037006451
BAD 147037006453
BAD 147037071301
BAD 147037234633
BAD 147014679283
BAD 147049826437
BAD 147049826477
BAD 147049826479
BAD 147037645901
BAD 147037645903
BAD 147037645907
BAD 147014723813
BAD 147014723819
BAD 147049955011
BAD 147014887273
BAD 147015574309
BAD 147015574361
BAD 147015574367
BAD 147015679609
BAD 147016038007
BAD 147038613067
BAD 147038821921
BAD 147051773683
BAD 147051773689
BAD 147016535777
BAD 146982905149
BAD 146982905159
BAD 146982905161
BAD 147051906083
BAD 147051943177
BAD 147051943187
BAD 147051943189
BAD 147051943193
BAD 147052123789
BAD 147052336919
BAD 146983712633
BAD 147052553603
BAD 147052745227
BAD 146983851109
BAD 147052828733
BAD 147052828759
BAD 147052828763
BAD 147018002543
BAD 147053673901
BAD 147018120917
BAD 147018120919
BAD 147018120923
BAD 147053807149
BAD 147018278279
BAD 146985338191
BAD 147054059071
BAD 147054059093
BAD 147018516049
BAD 147018520729
BAD 147039142501
BAD 146986832359
BAD 147039142519
BAD 146987168213
BAD 146987219783
BAD 147018670319
BAD 146987294963
BAD 146987294983
BAD 147039682123
BAD 146987630837
BAD 146987630851
BAD 146987839027
BAD 147039923089
BAD 147019624711
BAD 146988296677
BAD 147019744051
BAD 147019744057
BAD 147040683799
BAD 146988824729
BAD 147040963351
BAD 147040963357
BAD 147020377213
BAD 147041069183
BAD 147020528531
BAD 147020622611
BAD 147020622613
BAD 147041219233
BAD 147041219239
BAD 147041219243
BAD 147041219257
BAD 146989915903
BAD 147064349329
BAD 147020871983
BAD 147041219261
BAD 147041219263
BAD 147041219267
BAD 147020992213
BAD 146990226533
BAD 147064826663
BAD 147064891517
BAD 147021408931
BAD 146990586367
BAD 146990891701
BAD 147021955867
BAD 146991062719
BAD 147041861951
BAD 146991147223
BAD 146991147227
BAD 146991147229
BAD 147022339703
BAD 146991330929
BAD 146991330931
BAD 146991331973
BAD 147042380377
BAD 147022653397
BAD 147022653403
BAD 147022855003
BAD 146991627793
BAD 147042845783
BAD 147042845791
BAD 146991683959
BAD 147065661583
BAD 147023355181
BAD 147065661593
BAD 147043012621
BAD 147066152557
BAD 146992336951
BAD 147066152573
BAD 147066190283
BAD 147066190309
BAD 147066190319
BAD 147066190321
BAD 147066231343
BAD 146992496353
BAD 147066466147
BAD 147066466153
BAD 147023816843
BAD 147066750617
BAD 147066750619
BAD 147066854749
BAD 147043813783
BAD 146993706697
BAD 147067187023
BAD 146993770111
BAD 147044077177
BAD 147024258331
BAD 147024258343
BAD 147024258347
BAD 147024258349
BAD 147024258389
BAD 147067546333
BAD 147044413193
BAD 147024258391
BAD 146994706303
BAD 147044413199
BAD 147024360683
BAD 146994938303
BAD 146994938317
BAD 147044794541
BAD 147044794543
BAD 147024641867
BAD 146995104953
BAD 146995505753
BAD 147045464161
BAD 146995683193
BAD 147045598891
BAD 147045598901
BAD 147025448903
BAD 147025471993
BAD 147025471997
BAD 147045970553
BAD 147045970579
BAD 147045970583
BAD 147045970627
BAD 147069248929
BAD 147046050131
BAD 147046050133
BAD 147046067719
BAD 147046114823
BAD 147069413317
BAD 147069413321
BAD 147069413347
BAD 147026172833
BAD 147069445409
BAD 147054443959
BAD 147069534449
BAD 147069534463
BAD 147069534473
BAD 147054659053
BAD 147054694613
BAD 147069733009
BAD 147054968633
BAD 147054968639
BAD 147055090079
BAD 147055090081
BAD 147055090109
BAD 147026883259
BAD 147026902159
BAD 147026902163
BAD 147026930657
BAD 147055216481
BAD 147055318979
BAD 147055318981
BAD 147055318987
BAD 147055362757
BAD 147055362761
BAD 147055362763
BAD 147027133261
BAD 147055605989
BAD 147055706783
BAD 147028181093
BAD 147028207663
BAD 147028334653
BAD 147028334659
BAD 147071804993
BAD 147056194531
BAD 147028551623
BAD 147072012413
BAD 147028759589
BAD 147072505939
BAD 147029011453
BAD 147029164393
BAD 147029358601
BAD 147029416187
BAD 147029416189
BAD 147072562207
BAD 147056340517
BAD 147056389939
BAD 147072837083
BAD 147056468659
BAD 147056944949
BAD 147073473683
BAD 147073589011
BAD 147073669663
BAD 147073669693
BAD 147057605159
BAD 147057605161
BAD 147073741643
BAD 147057806683
BAD 147073847539
BAD 147074120891
BAD 147074204161
BAD 147074297989
BAD 147074631191
BAD 147058542023
BAD 147058665109
BAD 147058665113
BAD 147058702993
BAD 147074745743
BAD 147074745751
BAD 147074745757
BAD 147075012709
BAD 147075012713
BAD 147075483367
BAD 147075483383
BAD 147059516059
BAD 147059516063
BAD 147075838339
BAD 147059882173
BAD 147060030463
BAD 147060030473
BAD 147060030479
BAD 147060429521
BAD 147060557209
BAD 147076347497
BAD 147060862517
BAD 147060862519
BAD 147060862523
BAD 147061191553
BAD 147076678403
BAD 147076764607
BAD 147076764619
BAD 147076764623
BAD 147061367633
BAD 147077314261
BAD 147077338007
BAD 147077338021
BAD 147077590937
BAD 147077676763
BAD 147078254341
BAD 147062198693
BAD 147062213153
BAD 147062213159
BAD 147062213161
BAD 147078490357
BAD 147078490367
BAD 147078806761
BAD 147197436487
BAD 147197436499
BAD 147197456281
BAD 147197478209
BAD 147197709443
BAD 147198045751
BAD 147198045769
BAD 147198195107
BAD 147198648893
BAD 147198922921
BAD 147199676249
BAD 147200459971
BAD 147200698921
BAD 147200794241
BAD 147200794243
BAD 147200794319
BAD 147200794331
BAD 147200995709
BAD 147201090479
BAD 147201090481
BAD 147201118039
BAD 147201133663
BAD 147201133687
BAD 147201133699
BAD 147201238211
BAD 147201238213
BAD 147201372349
BAD 147201372359
BAD 147201716227
BAD 147201748831
BAD 147201997991
BAD 147202102051
BAD 147202186133
BAD 147202186141
BAD 147202186147
BAD 147202209533
BAD 147202212503
BAD 147202426549
BAD 147203038643
BAD 147203038673
BAD 147203038681
BAD 147203038699
BAD 147203869331
BAD 147203869333
BAD 147130332109
BAD 147130332113
BAD 147130332119
BAD 147130332121
BAD 147113658751
BAD 147130496153
BAD 147113709839
BAD 147113877487
BAD 147130603391
BAD 147130603393
BAD 147130832599
BAD 147130871389
BAD 147130883239
BAD 147114383329
BAD 147131257397
BAD 147131257409
BAD 147131257411
BAD 147131584861
BAD 147114756557
BAD 147114756559
BAD 147114756563
BAD 147114756583
BAD 147131627173
BAD 147131752549
BAD 147114965873
BAD 147114965903
BAD 147131929397
BAD 147131956207
BAD 147131956217
BAD 147131956219
BAD 147131960761
BAD 147115314239
BAD 147115330003
BAD 147115330007
BAD 147147307649
BAD 147147307651
BAD 147147307663
BAD 147147485491
BAD 147115660091
BAD 147115660093
BAD 147115675807
BAD 147147787117
BAD 147132619489
BAD 147132619493
BAD 147132619531
BAD 147147829337
BAD 147132645713
BAD 147132645739
BAD 147132645743
BAD 147132652243
BAD 147147868403
BAD 147147868409
BAD 147147868411
BAD 147132883253
BAD 147116035291
BAD 147116217901
BAD 147148516027
BAD 147148563563
BAD 147116642671
BAD 147116697787
BAD 147148908833
BAD 147148908859
BAD 147133586581
BAD 147116708551
BAD 147133619693
BAD 147116858041
BAD 147133887931
BAD 147133887937
BAD 147134013773
BAD 147117367373
BAD 147134535019
BAD 147134664689
BAD 147134755193
BAD 147134755211
BAD 147134755213
BAD 147134755219
BAD 147134755223
BAD 147134755231
BAD 147117735421
BAD 147150690529
BAD 147150980281
BAD 147151332151
BAD 147151409281
BAD 147151409287
BAD 147118409393
BAD 147152038027
BAD 147152111443
BAD 147152151541
BAD 147136206803
BAD 147118740019
BAD 147096859831
BAD 147118740023
BAD 147153154651
BAD 147153154669
BAD 147118859659
BAD 147136948391
BAD 147153431783
BAD 147137292527
BAD 147137292529
BAD 147119316709
BAD 147137733727
BAD 147119604161
BAD 147138096571
BAD 147098123023
BAD 147098123071
BAD 147098123077
BAD 147098123083
BAD 147138357031
BAD 147138387533
BAD 147138387541
BAD 147154199327
BAD 147154606481
BAD 147154606483
BAD 147154696391
BAD 147154696393
BAD 147154696411
BAD 147138998557
BAD 147138998563
BAD 147138998569
BAD 147138998581
BAD 147098878211
BAD 147120883229
BAD 147154795169
BAD 147154795171
BAD 147154795213
BAD 147154795217
BAD 147121211233
BAD 147099114829
BAD 147139490321
BAD 147099592069
BAD 147139692619
BAD 147122112779
BAD 147122112829
BAD 147122112833
BAD 147122224771
BAD 147100414897
BAD 147100414907
BAD 147156313279
BAD 147156390541
BAD 147156390547
BAD 147100459081
BAD 147140434159
BAD 147100525433
BAD 147100590457
BAD 147156836873
BAD 147122692177
BAD 147140816369
BAD 147140816371
BAD 147123035419
BAD 147123088373
BAD 147080314013
BAD 147102208373
BAD 147157234969
BAD 147080446001
BAD 147080446003
BAD 147102367303
BAD 147102367319
BAD 147157481929
BAD 147141613117
BAD 147123517789
BAD 147081027323
BAD 147158066941
BAD 147158067019
BAD 147158067029
BAD 147158067031
BAD 147081190981
BAD 147081190987
BAD 147158192257
BAD 147081322207
BAD 147142130719
BAD 147081474649
BAD 147081474653
BAD 147081474677
BAD 147081474679
BAD 147081474689
BAD 147158505691
BAD 147158589343
BAD 147158589349
BAD 147158589359
BAD 147158589371
BAD 147181886113
BAD 147081748679
BAD 147081748687
BAD 147158589373
BAD 147081794831
BAD 147181932917
BAD 147142632451
BAD 147142632467
BAD 147158747663
BAD 147103414267
BAD 147103414277
BAD 147103414279
BAD 147124357087
BAD 147124357091
BAD 147159024127
BAD 147082245953
BAD 147124482403
BAD 147124482419
BAD 147103674547
BAD 147143032219
BAD 147159493223
BAD 147159493231
BAD 147103813783
BAD 147143268803
BAD 147143300923
BAD 147182815103
BAD 147124996411
BAD 147124996523
BAD 147143476703
BAD 147125135041
BAD 147160206001
BAD 147143548481
BAD 147125333923
BAD 147104304427
BAD 147143548483
BAD 147160206007
BAD 147182984887
BAD 147083576837
BAD 147104304461
BAD 147104304469
BAD 147104553551
BAD 147104553553
BAD 147125496247
BAD 147125513461
BAD 147183264691
BAD 147143714959
BAD 147160520869
BAD 147160520873
BAD 147160522403
BAD 147125531107
BAD 147104672929
BAD 147183347713
BAD 147160601087
BAD 147160601089
BAD 147104902103
BAD 147160938781
BAD 147125814263
BAD 147105103571
BAD 147105103573
BAD 147161231443
BAD 147161231461
BAD 147105325753
BAD 147184110259
BAD 147144246157
BAD 147144248453
BAD 147144248479
BAD 147105352531
BAD 147161464081
BAD 147105619489
BAD 147105619519
BAD 147126354811
BAD 147162048043
BAD 147162048053
BAD 147144656933
BAD 147106286407
BAD 147126733783
BAD 147106350271
BAD 147106350277
BAD 147162200333
BAD 147085663223
BAD 147126857431
BAD 147162455483
BAD 147162455491
BAD 147162455497
BAD 147162455501
BAD 147162455507
BAD 147184857409
BAD 147185000071
BAD 147106730489
BAD 147162605101
BAD 147085966681
BAD 147185407939
BAD 147108371471
BAD 147162720589
BAD 147127157423
BAD 147162720613
BAD 147203869339
BAD 147162720619
BAD 147162720623
BAD 147127157431
BAD 147203869343
BAD 147108427369
BAD 147108427373
BAD 147108427379
BAD 147108427381
BAD 147127197071
BAD 147204021473
BAD 147204021511
BAD 147163016281
BAD 147127330333
BAD 147108978127
BAD 147108978139
BAD 147186123241
BAD 147086522773
BAD 147086522777
BAD 147086589959
BAD 147086589961
BAD 147109289959
BAD 147109300909
BAD 147109300963
BAD 147109354883
BAD 147186862453
BAD 147145031333
BAD 147205587731
BAD 147128574559
BAD 147163707049
BAD 147205587733
BAD 147145031389
BAD 147186862457
BAD 147128574599
BAD 147186862463
BAD 147128574601
BAD 147128574623
BAD 147205588787
BAD 147163707059
BAD 147145134013
BAD 147205763833
BAD 147205972289
BAD 147109598371
BAD 147163796641
BAD 147145524013
BAD 147206216939
BAD 147206216947
BAD 147206218853
BAD 147129118099
BAD 147206342623
BAD 147206342627
BAD 147206342629
BAD 147187610929
BAD 147145722271
BAD 147129250759
BAD 147146189783
BAD 147087306733
BAD 147187880869
BAD 147146190691
BAD 147087356659
BAD 147188025697
BAD 147206520793
BAD 147146394587
BAD 147146394589
BAD 147188058637
BAD 147087586621
BAD 147146661853
BAD 147087701671
BAD 147087710677
BAD 147087722297
BAD 147146789417
BAD 147146789441
BAD 147146789443
BAD 147146789453
BAD 147146789459
BAD 147087795277
BAD 147087839177
BAD 147087839179
BAD 147188416927
BAD 147146977409
BAD 147207109793
BAD 147109933339
BAD 147109933343
BAD 147207223883
BAD 147207231023
BAD 147188628011
BAD 147129503621
BAD 147110051233
BAD 147188628019
BAD 147188628023
BAD 147110051237
BAD 147129551203
BAD 147110163721
BAD 147088199341
BAD 147088199359
BAD 147207554731
BAD 147207554737
BAD 147207616159
BAD 147207616169
BAD 147207655429
BAD 147129719173
BAD 147110510033
BAD 147088571281
BAD 147088838339
BAD 147088838341
BAD 147111031453
BAD 147189107437
BAD 147189107477
BAD 147111183859
BAD 147089158627
BAD 147208559821
BAD 147208641967
BAD 147208641971
BAD 147208641973
BAD 147208642027
BAD 147111530711
BAD 147189448039
BAD 147208642067
BAD 147111530809
BAD 147189451631
BAD 147189451639
BAD 147089564563
BAD 147189656291
BAD 147089691743
BAD 147089829533
BAD 147209132761
BAD 147090048913
BAD 147209545367
BAD 147209545369
BAD 147209545381
BAD 147112473517
BAD 147112473559
BAD 147112492651
BAD 147090520957
BAD 147090520961
BAD 147090520963
BAD 147209688433
BAD 147189821843
BAD 147210116689
BAD 147190009349
BAD 147190009361
BAD 147190009363
BAD 147091054259
BAD 147091054261
BAD 147091054333
BAD 147210235441
BAD 147113122699
BAD 147091054339
BAD 147210235453
BAD 147091054343
BAD 147210235457
BAD 147210235499
BAD 147113122703
BAD 147113122711
BAD 147190910599
BAD 147113369899
BAD 147113374721
BAD 147113374729
BAD 147113430631
BAD 147113430887
BAD 147113430889
BAD 147210784771
BAD 147191165393
BAD 147164032727
BAD 147091560929
BAD 147164128339
BAD 147164128343
BAD 147211123963
BAD 147164260403
BAD 147164260409
BAD 147191626763
BAD 147164786243
BAD 147164786257
BAD 147164786267
BAD 147164786269
BAD 147092620487
BAD 147193354571
BAD 147212317159
BAD 147092620489
BAD 147193354573
BAD 147212317163
BAD 147212317201
BAD 147092756903
BAD 147092925523
BAD 147092925541
BAD 147092996447
BAD 147193814671
BAD 147193814683
BAD 147193814687
BAD 147212652571
BAD 147212723299
BAD 147165307909
BAD 147093347783
BAD 147093347903
BAD 147165551581
BAD 147165551587
BAD 147213045937
BAD 147213045943
BAD 147213045953
BAD 147194202403
BAD 147093454273
BAD 147194403487
BAD 147166061183
BAD 147166061191
BAD 147213240151
BAD 147213437953
BAD 147166460393
BAD 147194519573
BAD 147166580423
BAD 147194698793
BAD 147094395761
BAD 147094395769
BAD 147194887349
BAD 147213852229
BAD 147213852241
BAD 147194988209
BAD 147194988211
BAD 147194988253
BAD 147194988263
BAD 147194988271
BAD 147195034687
BAD 147214073507
BAD 147214073509
BAD 147214073521
BAD 147094727257
BAD 147195202411
BAD 147195290873
BAD 147195290899
BAD 147095192221
BAD 147195528251
BAD 147095391841
BAD 147196112989
BAD 147196112993
BAD 147196113019
BAD 147196113047
BAD 147196113049
BAD 147095739541
BAD 147095791951
BAD 147196418659
BAD 147167155063
BAD 147196608137
BAD 147096285803
BAD 147096423217
BAD 147196987849
BAD 147096664397
BAD 147096664399
BAD 147197275139
BAD 147197301773
BAD 147167695127
BAD 147167695133
BAD 147167859863
BAD 147167859871
BAD 147167945929
BAD 147167945933
BAD 147168072943
BAD 147168315533
BAD 147168358321
BAD 147168358327
BAD 147168358343
BAD 147168653297
BAD 147168653299
BAD 147168812941
BAD 147169005749
BAD 147169005751
BAD 147169005757
BAD 147169005779
BAD 147169005799
BAD 147169005803
BAD 147169726541
BAD 147169818683
BAD 147171395773
BAD 147171437761
BAD 147171437767
BAD 147171675113
BAD 147171858319
BAD 147171859577
BAD 147171859579
BAD 147172072409
BAD 147172280863
BAD 147172280897
BAD 147172280903
BAD 147172871243
BAD 147172871249
BAD 147173054323
BAD 147173493617
BAD 147173493619
BAD 147174170711
BAD 147174170713
BAD 147174184321
BAD 147174184327
BAD 147174193487
BAD 147174598261
BAD 147174725279
BAD 147174725281
BAD 147298123673
BAD 147298290589
BAD 147175565863
BAD 147175880749
BAD 147298740223
BAD 147298740227
BAD 147298740229
BAD 147298740233
BAD 147298740247
BAD 147176252749
BAD 147299132473
BAD 147176656663
BAD 147176656667
BAD 147176817901
BAD 147176931259
BAD 147176968717
BAD 147299691239
BAD 147299691241
BAD 147177131753
BAD 147177131771
BAD 147177281689
BAD 147300330743
BAD 147177913279
BAD 147300445939
BAD 147300572183
BAD 147178270163
BAD 147178634543
BAD 147301192823
BAD 147301192837
BAD 147301192849
BAD 147301192853
BAD 147178756429
BAD 147301341643
BAD 147178756433
BAD 147178806883
BAD 147301848797
BAD 147179240587
BAD 147179240603
BAD 147301947623
BAD 147179283751
BAD 147302019757
BAD 147302758151
BAD 147302758153
BAD 147302758171
BAD 147302758201
BAD 147302877691
BAD 147302943001
BAD 147302943013
BAD 147302943043
BAD 147302943049
BAD 147302943059
BAD 147302943061
BAD 147303077869
BAD 147303077923
BAD 147303474257
BAD 147303474259
BAD 147303963769
BAD 147303963773
BAD 147303963791
BAD 147304500961
BAD 147304711951
BAD 147304896293
BAD 147305091151
BAD 147306121433
BAD 147306708491
BAD 147306708499
BAD 147306887113
BAD 147307180627
BAD 147307229371
BAD 147231054871
BAD 147307857713
BAD 147307922701
BAD 147308100007
BAD 147308100011
BAD 147308100013
BAD 147308422753
BAD 147308422769
BAD 147308507369
BAD 147308507371
BAD 147308507377
BAD 147232360673
BAD 147232360679
BAD 147308841767
BAD 147308841769
BAD 147308927419
BAD 147232477891
BAD 147232477937
BAD 147232477939
BAD 147232477943
BAD 147308997181
BAD 147232522303
BAD 147309179119
BAD 147232840637
BAD 147233081011
BAD 147233338009
BAD 147309580081
BAD 147234476269
BAD 147234476273
BAD 147234553129
BAD 147309897697
BAD 147310073401
BAD 147310094551
BAD 147234787003
BAD 147310416901
BAD 147310459561
BAD 147235296517
BAD 147235296521
BAD 147235296529
BAD 147310843921
BAD 147310854893
BAD 147236027599
BAD 147236091529
BAD 147236290741
BAD 147236666677
BAD 147311741821
BAD 147237180943
BAD 147237269593
BAD 147237269657
BAD 147237269659
BAD 147237585049
BAD 147238058449
BAD 147238058453
BAD 147238114421
BAD 147238114423
BAD 147239109239
BAD 147239359951
BAD 147239359973
BAD 147239599553
BAD 147240426973
BAD 147240429299
BAD 147240486587
BAD 147240495509
BAD 147240495511
BAD 147240718307
BAD 147240718309
BAD 147240833749
BAD 147241658633
BAD 147241908127
BAD 147241981027
BAD 147242179439
BAD 147214297093
BAD 147214297103
BAD 147214297121
BAD 147214297123
BAD 147214297159
BAD 147214297261
BAD 147214454599
BAD 147214783847
BAD 147312165103
BAD 147312165113
BAD 147312173873
BAD 147215285303
BAD 147215347603
BAD 147313163761
BAD 147313291933
BAD 147313291943
BAD 147313291949
BAD 147216651019
BAD 147216827167
BAD 147313688161
BAD 147217281121
BAD 147313992869
BAD 147313992871
BAD 147314243863
BAD 147314243911
BAD 147314355667
BAD 147314425873
BAD 147314425877
BAD 147314425891
BAD 147218597233
BAD 147218628811
BAD 147314620829
BAD 147314805203
BAD 147218830853
BAD 147243604957
BAD 147243719773
BAD 147243719783
BAD 147243719789
BAD 147219307691
BAD 147219307693
BAD 147219346159
BAD 147243997073
BAD 147219866671
BAD 147220423807
BAD 147220427033
BAD 147245859529
BAD 147281679437
BAD 147281679439
BAD 147281679443
BAD 147221018809
BAD 147221229803
BAD 147221289679
BAD 147246336889
BAD 147246542029
BAD 147246542033
BAD 147281780033
BAD 147281780047
BAD 147222039973
BAD 147222039977
BAD 147222040019
BAD 147246790003
BAD 147281828467
BAD 147281910577
BAD 147281910593
BAD 147281910599
BAD 147222386357
BAD 147222386359
BAD 147247213837
BAD 147247213843
BAD 147282102691
BAD 147247344457
BAD 147247344463
BAD 147247344467
BAD 147282317341
BAD 147247344487
BAD 147333045533
BAD 147222837499
BAD 147222886051
BAD 147282451529
BAD 147282655843
BAD 147282655847
BAD 147282655853
BAD 147282858007
BAD 147282858013
BAD 147282956581
BAD 147282982471
BAD 147283009457
BAD 147283009459
BAD 147223514573
BAD 147283363229
BAD 147283363231
BAD 147283363237
BAD 147283425943
BAD 147283425953
BAD 147223701479
BAD 147223701481
BAD 147333558881
BAD 147283557361
BAD 147283599571
BAD 147333646637
BAD 147333646639
BAD 147333646643
BAD 147283716109
BAD 147348687491
BAD 147283716133
BAD 147224189479
BAD 147247888267
BAD 147283716137
BAD 147348687529
BAD 147348711673
BAD 147333935753
BAD 147349248623
BAD 147224378369
BAD 147284315393
BAD 147349345621
BAD 147334203031
BAD 147349499893
BAD 147349499911
BAD 147349499917
BAD 147248284063
BAD 147349610279
BAD 147284795969
BAD 147284795971
BAD 147349711219
BAD 147248696633
BAD 147248696641
BAD 147349746631
BAD 147248846981
BAD 147248847007
BAD 147248847019
BAD 147350125201
BAD 147249130703
BAD 147249130709
BAD 147350234851
BAD 147285559133
BAD 147249130711
BAD 147350234869
BAD 147335346721
BAD 147335403473
BAD 147249494071
BAD 147249494089
BAD 147249494101
BAD 147249559861
BAD 147350723033
BAD 147350807693
BAD 147350807701
BAD 147335824717
BAD 147285747601
BAD 147285747811
BAD 147285768353
BAD 147285869749
BAD 147336013823
BAD 147351068497
BAD 147351088981
BAD 147351089009
BAD 147351089087
BAD 147250048531
BAD 147286091933
BAD 147351310069
BAD 147286261337
BAD 147250347067
BAD 147351623563
BAD 147351681199
BAD 147286962257
BAD 147251126663
BAD 147337875557
BAD 147286962259
BAD 147351681203
BAD 147226279537
BAD 147251210839
BAD 147351758467
BAD 147351758473
BAD 147351758479
BAD 147351758513
BAD 147351788039
BAD 147351872351
BAD 147251668723
BAD 147338372149
BAD 147251708221
BAD 147251992553
BAD 147338651113
BAD 147287211637
BAD 147287239459
BAD 147338687323
BAD 147287423671
BAD 147338750599
BAD 147338752609
BAD 147338752651
BAD 147338752663
BAD 147338757289
BAD 147338757299
BAD 147338757301
BAD 147338757337
BAD 147353106253
BAD 147338757353
BAD 147353106289
BAD 147338757361
BAD 147353106301
BAD 147338757373
BAD 147353421023
BAD 147353496859
BAD 147227618371
BAD 147287618213
BAD 147287775653
BAD 147228032537
BAD 147353784247
BAD 147287926697
BAD 147353909099
BAD 147288204157
BAD 147288204163
BAD 147354001247
BAD 147252571681
BAD 147288684469
BAD 147288723499
BAD 147288723509
BAD 147288867001
BAD 147339748891
BAD 147354927893
BAD 147340113169
BAD 147229010083
BAD 147229010213
BAD 147340420861
BAD 147355306159
BAD 147229710217
BAD 147340629313
BAD 147289668077
BAD 147340629323
BAD 147230037637
BAD 147355661749
BAD 147355661753
BAD 147355661759
BAD 147355791181
BAD 147355791203
BAD 147355791239
BAD 147341165641
BAD 147341165663
BAD 147341165669
BAD 147341165677
BAD 147230404933
BAD 147230404943
BAD 147365699651
BAD 147365699653
BAD 147253019587
BAD 147365858791
BAD 147230829233
BAD 147230858207
BAD 147341656073
BAD 147341656079
BAD 147341656081
BAD 147253188937
BAD 147356631713
BAD 147356631731
BAD 147356631733
BAD 147366469711
BAD 147342070969
BAD 147253704439
BAD 147253704473
BAD 147253739837
BAD 147253739839
BAD 147366548207
BAD 147366548209
BAD 147366548213
BAD 147342428707
BAD 147254158613
BAD 147254512621
BAD 147254549171
BAD 147254549173
BAD 147254549177
BAD 147254562211
BAD 147357501947
BAD 147254711971
BAD 147254743697
BAD 147343306021
BAD 147357890921
BAD 147357890923
BAD 147358198243
BAD 147254956501
BAD 147358273897
BAD 147230965381
BAD 147367593083
BAD 147367755841
BAD 147290594023
BAD 147255190519
BAD 147358710623
BAD 147345199411
BAD 147368497999
BAD 147358710661
BAD 147291015827
BAD 147291015829
BAD 147358735483
BAD 147368742413
BAD 147255506483
BAD 147255506491
BAD 147359540663
BAD 147359546701
BAD 147359718199
BAD 147256145761
BAD 147256145767
BAD 147256145849
BAD 147256145851
BAD 147256145863
BAD 147256145867
BAD 147369391703
BAD 147256235263
BAD 147346169197
BAD 147369496349
BAD 147369533293
BAD 147291712039
BAD 147346368613
BAD 147360489121
BAD 147346465271
BAD 147291831811
BAD 147256646899
BAD 147346545013
BAD 147360793067
BAD 147346545019
BAD 147257031853
BAD 147369814573
BAD 147346610923
BAD 147346610927
BAD 147292416619
BAD 147257231189
BAD 147361155349
BAD 147361155353
BAD 147257645081
BAD 147257645083
BAD 147257645147
BAD 147347155729
BAD 147347183959
BAD 147347219431
BAD 147347253709
BAD 147347370923
BAD 147361745107
BAD 147361748321
BAD 147361748323
BAD 147361748341
BAD 147361858393
BAD 147370519279
BAD 147361906529
BAD 147361931333
BAD 147258184379
BAD 147361962751
BAD 147370898209
BAD 147362405851
BAD 147258587911
BAD 147362434591
BAD 147362508721
BAD 147371399453
BAD 147292986361
BAD 147292986377
BAD 147362922433
BAD 147362922437
BAD 147362922439
BAD 147362922479
BAD 147362922481
BAD 147293231233
BAD 147293231237
BAD 147371584627
BAD 147293261341
BAD 147363101173
BAD 147259425301
BAD 147259615913
BAD 147259778467
BAD 147363610453
BAD 147363626849
BAD 147363626857
BAD 147363692327
BAD 147294086981
BAD 147260238079
BAD 147260247613
BAD 147260413943
BAD 147372217723
BAD 147260549771
BAD 147260549773
BAD 147294768373
BAD 147364441043
BAD 147372369029
BAD 147372369031
BAD 147382793359
BAD 147383230789
BAD 147260577481
BAD 147260577491
BAD 147260577493
BAD 147260577517
BAD 147295148753
BAD 147295148783
BAD 147295279801
BAD 147383604131
BAD 147383604133
BAD 147383604169
BAD 147383797969
BAD 147383797973
BAD 147383798047
BAD 147383798119
BAD 147383798123
BAD 147383970113
BAD 147372509051
BAD 147261675331
BAD 147261740323
BAD 147261922243
BAD 147261968221
BAD 147372800759
BAD 147372800761
BAD 147262116983
BAD 147373267549
BAD 147384871157
BAD 147373267553
BAD 147296359729
BAD 147296359739
BAD 147296359741
BAD 147296359759
BAD 147262195279
BAD 147262195291
BAD 147262456643
BAD 147262456651
BAD 147262456657
BAD 147262456709
BAD 147262456711
BAD 147373581059
BAD 147373685161
BAD 147296790359
BAD 147296790367
BAD 147296790391
BAD 147373864829
BAD 147385108901
BAD 147297226339
BAD 147385323143
BAD 147385323157
BAD 147263550823
BAD 147263550827
BAD 147263550829
BAD 147374140033
BAD 147385519139
BAD 147374231119
BAD 147386132221
BAD 147297893389
BAD 147386132227
BAD 147297893399
BAD 147297893401
BAD 147374442053
BAD 147386324053
BAD 147263897603
BAD 147386370409
BAD 147264202279
BAD 147264203027
BAD 147264203029
BAD 147386967109
BAD 147386967113
BAD 147374814413
BAD 147387243863
BAD 147387492199
BAD 147387497629
BAD 147375575453
BAD 147375575461
BAD 147375844351
BAD 147375883147
BAD 147388527331
BAD 147388527337
BAD 147376105651
BAD 147376148839
BAD 147376148849
BAD 147376148851
BAD 147376148861
BAD 147376672711
BAD 147389398609
BAD 147376672717
BAD 147376930793
BAD 147389740607
BAD 147389740609
BAD 147389860183
BAD 147390063727
BAD 147390262867
BAD 147390544381
BAD 147390799781
BAD 147390799783
BAD 147378007297
BAD 147391475333
BAD 147391838003
BAD 147378875003
BAD 147378875009
BAD 147378875011
BAD 147379005901
BAD 147379006013
BAD 147379006043
BAD 147379006069
BAD 147392500469
BAD 147379438103
BAD 147392996137
BAD 147392996141
BAD 147392996143
BAD 147379960067
BAD 147379960069
BAD 147393273283
BAD 147393657427
BAD 147264649549
BAD 147264745721
BAD 147264745723
BAD 147264745741
BAD 147264819623
BAD 147264821699
BAD 147264928277
BAD 147394307143
BAD 147394307149
BAD 147394920121
BAD 147395242937
BAD 147266436841
BAD 147266647141
BAD 147266787649
BAD 147266787769
BAD 147395384351
BAD 147267097799
BAD 147267097801
BAD 147395850697
BAD 147395850713
BAD 147267545587
BAD 147267545591
BAD 147395972063
BAD 147267850703
BAD 147268033069
BAD 147268035643
BAD 147268035647
BAD 147268035653
BAD 147396262261
BAD 147268584233
BAD 147396402079
BAD 147380765183
BAD 147380949203
BAD 147268881593
BAD 147269036071
BAD 147269159131
BAD 147269642041
BAD 147269642059
BAD 147269642063
BAD 147381466247
BAD 147381466249
BAD 147270274163
BAD 147396516373
BAD 147270970211
BAD 147270970213
BAD 147270970219
BAD 147271026359
BAD 147271026361
BAD 147271156303
BAD 147271156309
BAD 147271156327
BAD 147271156469
BAD 147271156471
BAD 147397270711
BAD 147271426993
BAD 147271458899
BAD 147397443847
BAD 147397681307
BAD 147398184007
BAD 147398213801
BAD 147398213803
BAD 147398287433
BAD 147398311303
BAD 147398311309
BAD 147272696581
BAD 147272898427
BAD 147273482633
BAD 147273482669
BAD 147273956393
BAD 147274744051
BAD 147275478673
BAD 147276078751
BAD 147276583747
BAD 147276914699
BAD 147277262611
BAD 147277262641
BAD 147277262659
BAD 147277769843
BAD 147278607277
BAD 147278995519
BAD 147278995529
BAD 147278995531
BAD 147279730621
BAD 147279903271
BAD 147280426763
BAD 147280930639
BAD 147280945883
BAD 147281046163
BAD 147315962063
BAD 147316177159
BAD 147316331089
BAD 147316331093
BAD 147316683733
BAD 147316683737
BAD 147316683739
BAD 147316756963
BAD 147316756967
BAD 147316756969
BAD 147316844881
BAD 147317213807
BAD 147317213809
BAD 147317977777
BAD 147317977789
BAD 147317983819
BAD 147317983831
BAD 147318051043
BAD 147318105659
BAD 147318105661
BAD 147318587809
BAD 147318667429
BAD 147318745969
BAD 147319205881
BAD 147320250269
BAD 147320250271
BAD 147320941517
BAD 147320941519
BAD 147320941531
BAD 147321613039
BAD 147321848269
BAD 147321853951
BAD 147322074343
BAD 147432585593
BAD 147466028873
BAD 147432585623
BAD 147432585631
BAD 147466144459
BAD 147466144481
BAD 147432810527
BAD 147432810529
BAD 147466537819
BAD 147433022911
BAD 147433022927
BAD 147433022929
BAD 147323278567
BAD 147466836247
BAD 147466862401
BAD 147466862407
BAD 147466969943
BAD 147433292113
BAD 147323511493
BAD 147323512891
BAD 147433328857
BAD 147433328863
BAD 147467210911
BAD 147467210953
BAD 147467322949
BAD 147433856539
BAD 147433856543
BAD 147433895047
BAD 147323808587
BAD 147434207213
BAD 147324351953
BAD 147467766319
BAD 147467766323
BAD 147467766331
BAD 147467766337
BAD 147467844991
BAD 147434464757
BAD 147324709009
BAD 147468319199
BAD 147435262573
BAD 147435306691
BAD 147435840389
BAD 147435840437
BAD 147469706819
BAD 147469706821
BAD 147469706831
BAD 147436463243
BAD 147436501141
BAD 147436597577
BAD 147436597579
BAD 147436597621
BAD 147436597639
BAD 147436597643
BAD 147470069011
BAD 147324882611
BAD 147324882613
BAD 147325132363
BAD 147325178701
BAD 147470293823
BAD 147325791169
BAD 147470647043
BAD 147325835689
BAD 147470723479
BAD 147470760979
BAD 147470826929
BAD 147470965511
BAD 147437123971
BAD 147437123993
BAD 147437400589
BAD 147326313091
BAD 147326334409
BAD 147326334413
BAD 147326562043
BAD 147437752489
BAD 147437752493
BAD 147437752513
BAD 147326692369
BAD 147326708873
BAD 147437848177
BAD 147437868469
BAD 147472684327
BAD 147472882099
BAD 147327337789
BAD 147327337831
BAD 147438203929
BAD 147438298069
BAD 147473110693
BAD 147327671929
BAD 147327728209
BAD 147327728213
BAD 147449294903
BAD 147449294911
BAD 147473270689
BAD 147328013629
BAD 147328013633
BAD 147328538887
BAD 147328538891
BAD 147449921191
BAD 147473573881
BAD 147473592391
BAD 147328853923
BAD 147328879793
BAD 147329010091
BAD 147329010109
BAD 147329202859
BAD 147329212973
BAD 147329315153
BAD 147474489263
BAD 147474834763
BAD 147474834769
BAD 147474948301
BAD 147475143373
BAD 147475143377
BAD 147475143379
BAD 147475143401
BAD 147399035723
BAD 147399035731
BAD 147399500981
BAD 147329833297
BAD 147439234223
BAD 147476363429
BAD 147330026033
BAD 147399812783
BAD 147476363431
BAD 147452468153
BAD 147399871007
BAD 147399871009
BAD 147399871013
BAD 147452592239
BAD 147439389217
BAD 147452592241
BAD 147439784719
BAD 147400320451
BAD 147439901423
BAD 147439901473
BAD 147439901489
BAD 147439901491
BAD 147330643687
BAD 147400658413
BAD 147476879839
BAD 147400708043
BAD 147440358581
BAD 147477007453
BAD 147477100429
BAD 147331265243
BAD 147440749639
BAD 147477326771
BAD 147440886653
BAD 147440886979
BAD 147331510567
BAD 147477944087
BAD 147440981813
BAD 147415643831
BAD 147477944129
BAD 147454157407
BAD 147440981819
BAD 147415652581
BAD 147331593379
BAD 147454259681
BAD 147454259683
BAD 147454274887
BAD 147454274893
BAD 147454274897
BAD 147454274899
BAD 147401158213
BAD 147401158217
BAD 147478106569
BAD 147454398361
BAD 147454398367
BAD 147454398373
BAD 147454467557
BAD 147441194239
BAD 147441246833
BAD 147441253823
BAD 147454663021
BAD 147478378717
BAD 147454733009
BAD 147478447381
BAD 147441530813
BAD 147416414137
BAD 147416414149
BAD 147455122483
BAD 147401956657
BAD 147441745379
BAD 147455122487
BAD 147455122489
BAD 147455267473
BAD 147441902701
BAD 147416554583
BAD 147478637959
BAD 147478654559
BAD 147442148221
BAD 147478797247
BAD 147478808779
BAD 147478808809
BAD 147478987013
BAD 147479087347
BAD 147402953497
BAD 147416967017
BAD 147456288349
BAD 147456367879
BAD 147417173081
BAD 147403329331
BAD 147417275557
BAD 147443055049
BAD 147403570057
BAD 147403657573
BAD 147443186041
BAD 147443186131
BAD 147417693893
BAD 147417760351
BAD 147443596403
BAD 147480262549
BAD 147457219831
BAD 147443596409
BAD 147480390089
BAD 147480390091
BAD 147443700889
BAD 147480432961
BAD 147480439831
BAD 147480439837
BAD 147443768123
BAD 147457622113
BAD 147457622119
BAD 147457738927
BAD 147480827699
BAD 147480827701
BAD 147480983239
BAD 147458027971
BAD 147458027987
BAD 147458027989
BAD 147444441127
BAD 147418430581
BAD 147458369221
BAD 147418540069
BAD 147403857893
BAD 147481677053
BAD 147481677061
BAD 147418681591
BAD 147418776397
BAD 147445019027
BAD 147404211841
BAD 147482197553
BAD 147445019063
BAD 147458989633
BAD 147482197573
BAD 147458989687
BAD 147482280419
BAD 147482284933
BAD 147404510257
BAD 147404510269
BAD 147404553691
BAD 147459327193
BAD 147404744923
BAD 147482328361
BAD 147445502011
BAD 147445502033
BAD 147482550289
BAD 147418890299
BAD 147418890301
BAD 147460150801
BAD 147446077469
BAD 147446077487
BAD 147446077489
BAD 147446081813
BAD 147419416693
BAD 147460422679
BAD 147419466289
BAD 147460602227
BAD 147460602229
BAD 147406087859
BAD 147460998079
BAD 147419783323
BAD 147406087861
BAD 147406087867
BAD 147461116949
BAD 147461116951
BAD 147406441789
BAD 147446579327
BAD 147446579333
BAD 147446579341
BAD 147406571287
BAD 147446722327
BAD 147420441629
BAD 147447040837
BAD 147447040841
BAD 147447072151
BAD 147420593311
BAD 147420726433
BAD 147420770333
BAD 147420770383
BAD 147407303189
BAD 147420891271
BAD 147447601759
BAD 147461910067
BAD 147447854569
BAD 147447854573
BAD 147462135749
BAD 147407929351
BAD 147407929399
BAD 147407946823
BAD 147462271577
BAD 147422772241
BAD 147462271769
BAD 147462271771
BAD 147407997097
BAD 147422908169
BAD 147422940209
BAD 147422940211
BAD 147462542333
BAD 147423156211
BAD 147423156271
BAD 147423239479
BAD 147423310949
BAD 147462890009
BAD 147462890011
BAD 147462890017
BAD 147462890027
BAD 147408537187
BAD 147463014943
BAD 147463180103
BAD 147423625429
BAD 147408743827
BAD 147408743851
BAD 147423646921
BAD 147408901069
BAD 147463461703
BAD 147463469081
BAD 147423868733
BAD 147408956837
BAD 147408956839
BAD 147424408477
BAD 147408956843
BAD 147464061683
BAD 147464061691
BAD 147464093873
BAD 147409115813
BAD 147464247817
BAD 147464247863
BAD 147424717313
BAD 147464524673
BAD 147409337377
BAD 147409337393
BAD 147425108071
BAD 147464951057
BAD 147465121471
BAD 147465164603
BAD 147409896779
BAD 147425584577
BAD 147409985551
BAD 147409985563
BAD 147425760577
BAD 147410157623
BAD 147465617821
BAD 147465646283
BAD 147410385877
BAD 147410385923
BAD 147410385929
BAD 147410385931
BAD 147410385937
BAD 147410599207
BAD 147427412863
BAD 147427579861
BAD 147427626487
BAD 147411238703
BAD 147411319849
BAD 147428113759
BAD 147428325097
BAD 147411579901
BAD 147411641761
BAD 147411983923
BAD 147428822419
BAD 147428885711
BAD 147428938387
BAD 147429173557
BAD 147429173561
BAD 147429541951
BAD 147429541969
BAD 147412585051
BAD 147430138151
BAD 147430705271
BAD 147431171453
BAD 147414329611
BAD 147431562731
BAD 147432176581
BAD 147414537317
BAD 147415280743
BAD 147415339081
BAD 147566721623
BAD 147566820293
BAD 147566979323
BAD 147567032191
BAD 147567117757
BAD 147567673853
BAD 147567751103
BAD 147567751249
BAD 147568245061
BAD 147568245067
BAD 147568245073
BAD 147568542259
BAD 147568542263
BAD 147569173211
BAD 147569579363
BAD 147569789539
BAD 147569789573
BAD 147570399721
BAD 147570399737
BAD 147570846859
BAD 147571032929
BAD 147571155481
BAD 147572372201
BAD 147572372203
BAD 147573007357
BAD 147573229567
BAD 147573229571
BAD 147573236059
BAD 147573487871
BAD 147573661141
BAD 147573712729
BAD 147574033699
BAD 147500201887
BAD 147500633803
BAD 147500633809
BAD 147500822387
BAD 147500822389
BAD 147500822393
BAD 147500822407
BAD 147500919901
BAD 147501111577
BAD 147501206731
BAD 147501368221
BAD 147501734929
BAD 147501831823
BAD 147501980599
BAD 147501980623
BAD 147502300243
BAD 147502545769
BAD 147502942597
BAD 147502998463
BAD 147503095939
BAD 147503256521
BAD 147575140859
BAD 147575140861
BAD 147575140871
BAD 147575795317
BAD 147575993533
BAD 147575993573
BAD 147577194683
BAD 147577194689
BAD 147577194691
BAD 147577450793
BAD 147482927791
BAD 147578469611
BAD 147600344267
BAD 147532973141
BAD 147600344273
BAD 147578469613
BAD 147532973143
BAD 147482974433
BAD 147578639323
BAD 147600635411
BAD 147533208019
BAD 147600803741
BAD 147600803743
BAD 147600803813
BAD 147578982127
BAD 147483286801
BAD 147533381459
BAD 147533381461
BAD 147579220157
BAD 147483438493
BAD 147533531191
BAD 147483457633
BAD 147483457637
BAD 147601161907
BAD 147601290539
BAD 147579888073
BAD 147579910327
BAD 147579910333
BAD 147533838943
BAD 147533994929
BAD 147533994931
BAD 147601638473
BAD 147580381163
BAD 147580381231
BAD 147580381237
BAD 147580381241
BAD 147580381243
BAD 147484406317
BAD 147484406323
BAD 147484410649
BAD 147580519873
BAD 147580546571
BAD 147601797353
BAD 147601840279
BAD 147580637747
BAD 147580637749
BAD 147580637803
BAD 147580723699
BAD 147601987889
BAD 147601987891
BAD 147580987069
BAD 147581189869
BAD 147581231137
BAD 147581358097
BAD 147581378729
BAD 147581378731
BAD 147602258303
BAD 147534817921
BAD 147534817931
BAD 147602365643
BAD 147602414389
BAD 147534940177
BAD 147581658923
BAD 147534940183
BAD 147534940187
BAD 147534940193
BAD 147485655773
BAD 147485661691
BAD 147602575363
BAD 147581984153
BAD 147535129393
BAD 147535129397
BAD 147535172657
BAD 147535190281
BAD 147485881457
BAD 147535516741
BAD 147603078913
BAD 147535638917
BAD 147535638919
BAD 147535638923
BAD 147582153377
BAD 147582153379
BAD 147582153391
BAD 147535721429
BAD 147486142031
BAD 147486142033
BAD 147535909757
BAD 147603377443
BAD 147536093567
BAD 147536093569
BAD 147582629003
BAD 147603766183
BAD 147486437143
BAD 147536124661
BAD 147536124683
BAD 147536160649
BAD 147486496459
BAD 147486496463
BAD 147536265937
BAD 147583611067
BAD 147582732149
BAD 147582732151
BAD 147582778433
BAD 147582778439
BAD 147582778463
BAD 147486702331
BAD 147582840961
BAD 147582840989
BAD 147486806917
BAD 147583918219
BAD 147486853807
BAD 147486853841
BAD 147584083597
BAD 147584166203
BAD 147584216621
BAD 147584216623
BAD 147584216627
BAD 147584216629
BAD 147536876371
BAD 147584433587
BAD 147487209083
BAD 147537438953
BAD 147503781781
BAD 147583273309
BAD 147584647681
BAD 147503781791
BAD 147503781793
BAD 147583273393
BAD 147583273399
BAD 147537465017
BAD 147537520069
BAD 147537520073
BAD 147537520079
BAD 147503872949
BAD 147503872951
BAD 147584777737
BAD 147504130729
BAD 147585079073
BAD 147537967793
BAD 147504392183
BAD 147504491857
BAD 147504491861
BAD 147504491863
BAD 147504491867
BAD 147504491887
BAD 147487417439
BAD 147504643009
BAD 147505009609
BAD 147585802373
BAD 147585802381
BAD 147538636811
BAD 147505763947
BAD 147586108223
BAD 147604690253
BAD 147538636813
BAD 147538636823
BAD 147505966393
BAD 147505966403
BAD 147586260197
BAD 147506210167
BAD 147506241791
BAD 147506249887
BAD 147506590261
BAD 147506874817
BAD 147506878501
BAD 147506878507
BAD 147506878511
BAD 147506878513
BAD 147507126139
BAD 147605354269
BAD 147507271103
BAD 147605413807
BAD 147605413819
BAD 147539536283
BAD 147507476629
BAD 147507476639
BAD 147507504601
BAD 147605497609
BAD 147507652157
BAD 147507909641
BAD 147507909643
BAD 147605790533
BAD 147587160443
BAD 147487848587
BAD 147507909649
BAD 147487848589
BAD 147487887301
BAD 147507976843
BAD 147606100009
BAD 147587733473
BAD 147606368893
BAD 147587776991
BAD 147587776993
BAD 147587986823
BAD 147587986867
BAD 147587986873
BAD 147508464647
BAD 147606897901
BAD 147588659951
BAD 147588671899
BAD 147488849309
BAD 147488849311
BAD 147488849317
BAD 147508871203
BAD 147508871207
BAD 147607912499
BAD 147607912513
BAD 147607914383
BAD 147589402549
BAD 147608059681
BAD 147589509757
BAD 147539991637
BAD 147608213087
BAD 147489279781
BAD 147589509763
BAD 147589509817
BAD 147589509829
BAD 147589509833
BAD 147608401049
BAD 147608401051
BAD 147608401097
BAD 147608401099
BAD 147608401103
BAD 147608401111
BAD 147608401117
BAD 147608463439
BAD 147540367231
BAD 147540426643
BAD 147490085671
BAD 147608763623
BAD 147490275811
BAD 147590186701
BAD 147490506763
BAD 147541310311
BAD 147490538989
BAD 147490539019
BAD 147490567397
BAD 147541361273
BAD 147541474111
BAD 147541568011
BAD 147590757113
BAD 147590757121
BAD 147542294299
BAD 147491233171
BAD 147610254773
BAD 147491430949
BAD 147491430973
BAD 147491430979
BAD 147610411493
BAD 147610584271
BAD 147543183409
BAD 147543183419
BAD 147543212549
BAD 147543212569
BAD 147543212573
BAD 147543274171
BAD 147543327083
BAD 147543433847
BAD 147543433889
BAD 147492389701
BAD 147610974991
BAD 147610974997
BAD 147611105843
BAD 147544041527
BAD 147544041529
BAD 147611260441
BAD 147544311557
BAD 147544311559
BAD 147544367897
BAD 147611632499
BAD 147611632501
BAD 147544621373
BAD 147611816581
BAD 147494196511
BAD 147592036373
BAD 147592036393
BAD 147592036399
BAD 147544941529
BAD 147544996133
BAD 147592154419
BAD 147494954083
BAD 147545403569
BAD 147545403571
BAD 147495148337
BAD 147495148343
BAD 147495148369
BAD 147495148373
BAD 147495148379
BAD 147592465697
BAD 147592465703
BAD 147545620367
BAD 147495251249
BAD 147592528351
BAD 147612337217
BAD 147612337219
BAD 147495435833
BAD 147545917703
BAD 147592796063
BAD 147592833841
BAD 147592833931
BAD 147592833937
BAD 147592954463
BAD 147613159219
BAD 147496419001
BAD 147546499423
BAD 147613159223
BAD 147593073053
BAD 147613273399
BAD 147546613633
BAD 147546640547
BAD 147496822871
BAD 147546905371
BAD 147546905449
BAD 147613621459
BAD 147496863817
BAD 147496863821
BAD 147496863823
BAD 147496864087
BAD 147546985171
BAD 147497273333
BAD 147497318483
BAD 147547420219
BAD 147593913773
BAD 147614456959
BAD 147614456963
BAD 147614456971
BAD 147547990267
BAD 147594382787
BAD 147548126449
BAD 147548683603
BAD 147548683609
BAD 147615520771
BAD 147548885161
BAD 147498715279
BAD 147509701397
BAD 147509701399
BAD 147509727031
BAD 147615609697
BAD 147615609707
BAD 147615662339
BAD 147615662377
BAD 147615707177
BAD 147615707179
BAD 147615830339
BAD 147615830347
BAD 147751315157
BAD 147616910347
BAD 147594853919
BAD 147594853921
BAD 147594853943
BAD 147617252611
BAD 147617262839
BAD 147617262841
BAD 147751656919
BAD 147617459797
BAD 147617545849
BAD 147617545853
BAD 147751829131
BAD 147595243223
BAD 147751894567
BAD 147752009437
BAD 147617989307
BAD 147752523601
BAD 147595526557
BAD 147510636953
BAD 147616097063
BAD 147510833903
BAD 147616494229
BAD 147510890671
BAD 147510890677
BAD 147752982529
BAD 147616635181
BAD 147616635203
BAD 147511074691
BAD 147511074727
BAD 147596297089
BAD 147753415133
BAD 147753415141
BAD 147753415177
BAD 147753569101
BAD 147597281021
BAD 147597281023
BAD 147597281057
BAD 147597281059
BAD 147511856551
BAD 147597596857
BAD 147754099343
BAD 147754099567
BAD 147754099573
BAD 147597768089
BAD 147597768091
BAD 147597770659
BAD 147620849617
BAD 147754347379
BAD 147512575207
BAD 147512624573
BAD 147512673493
BAD 147667313177
BAD 147667313179
BAD 147667313191
BAD 147667402471
BAD 147667402499
BAD 147667402501
BAD 147667402517
BAD 147621087709
BAD 147621087721
BAD 147667476773
BAD 147621223471
BAD 147621223507
BAD 147754622513
BAD 147754636657
BAD 147667672433
BAD 147598421783
BAD 147754768471
BAD 147598586353
BAD 147598586357
BAD 147598586363
BAD 147513642503
BAD 147513652477
BAD 147622033681
BAD 147513699217
BAD 147622064873
BAD 147755079331
BAD 147513852203
BAD 147599090239
BAD 147513852217
BAD 147622172573
BAD 147514135673
BAD 147599603233
BAD 147622615487
BAD 147514308863
BAD 147514308871
BAD 147599907241
BAD 147599907251
BAD 147599907253
BAD 147668790263
BAD 147668790271
BAD 147514498111
BAD 147514578623
BAD 147514578647
BAD 147514578649
BAD 147668878177
BAD 147514764253
BAD 147755529697
BAD 147514944571
BAD 147515338549
BAD 147515865491
BAD 147624621769
BAD 147624621773
BAD 147515865493
BAD 147624814663
BAD 147669627619
BAD 147625289569
BAD 147757163443
BAD 147757163453
BAD 147757163473
BAD 147757163479
BAD 147757163483
BAD 147757163497
BAD 147515996801
BAD 147515996813
BAD 147515996851
BAD 147669773567
BAD 147669773569
BAD 147625511521
BAD 147625696583
BAD 147625696591
BAD 147757709951
BAD 147670266511
BAD 147670865249
BAD 147671053603
BAD 147626640089
BAD 147626719907
BAD 147758409263
BAD 147627397811
BAD 147627791723
BAD 147671121679
BAD 147671131717
BAD 147671131721
BAD 147671131723
BAD 147671131733
BAD 147671490619
BAD 147759451951
BAD 147628728371
BAD 147628728389
BAD 147628728391
BAD 147628728397
BAD 147671837041
BAD 147759655231
BAD 147672088519
BAD 147672088523
BAD 147672098881
BAD 147672098887
BAD 147684209209
BAD 147760175293
BAD 147629172703
BAD 147760391617
BAD 147629451293
BAD 147672646753
BAD 147629687927
BAD 147629687929
BAD 147629945249
BAD 147760874647
BAD 147672876937
BAD 147672885799
BAD 147672885803
BAD 147630276413
BAD 147630276421
BAD 147673044403
BAD 147673208659
BAD 147673208663
BAD 147630717491
BAD 147630717499
BAD 147761606849
BAD 147673746653
BAD 147673772209
BAD 147630836629
BAD 147674014519
BAD 147674014531
BAD 147761822401
BAD 147761822407
BAD 147631163419
BAD 147685838431
BAD 147631498279
BAD 147685951549
BAD 147674630903
BAD 147674630911
BAD 147686077013
BAD 147631654931
BAD 147686102407
BAD 147762145681
BAD 147674870771
BAD 147674870773
BAD 147675002479
BAD 147675002483
BAD 147675002513
BAD 147675002521
BAD 147762255469
BAD 147631972403
BAD 147632007547
BAD 147632007553
BAD 147675218213
BAD 147632247107
BAD 147762606469
BAD 147675802777
BAD 147632247109
BAD 147675802783
BAD 147675802789
BAD 147632442017
BAD 147632442019
BAD 147675994303
BAD 147686439143
BAD 147686439151
BAD 147686510407
BAD 147686657401
BAD 147686657407
BAD 147762876301
BAD 147676206571
BAD 147676206581
BAD 147676206583
BAD 147676206589
BAD 147633021889
BAD 147633199867
BAD 147763076191
BAD 147676442063
BAD 147676442093
BAD 147676452827
BAD 147676452829
BAD 147676452841
BAD 147763156223
BAD 147676535453
BAD 147676579333
BAD 147676579339
BAD 147687403111
BAD 147687652051
BAD 147764314447
BAD 147764377391
BAD 147764377393
BAD 147677392253
BAD 147677478503
BAD 147677492597
BAD 147765177739
BAD 147688706593
BAD 147677595913
BAD 147677595917
BAD 147765238343
BAD 147765238349
BAD 147765238351
BAD 147765238393
BAD 147677896733
BAD 147678009931
BAD 147678161933
BAD 147678270023
BAD 147678423107
BAD 147689445403
BAD 147678774443
BAD 147689447329
BAD 147678821767
BAD 147678821783
BAD 147765764647
BAD 147765905569
BAD 147689913661
BAD 147766226203
BAD 147691304029
BAD 147766226207
BAD 147679577627
BAD 147679577629
BAD 147766289521
BAD 147691469941
BAD 147766390073
BAD 147691469951
BAD 147691469953
BAD 147766502447
BAD 147766502461
BAD 147766502467
BAD 147766502483
BAD 147766502491
BAD 147679701713
BAD 147679807489
BAD 147767053831
BAD 147767378761
BAD 147692365741
BAD 147692370127
BAD 147692712313
BAD 147680976967
BAD 147680976997
BAD 147681499681
BAD 147681706187
BAD 147681706189
BAD 147681845873
BAD 147681890987
BAD 147681890989
BAD 147693106579
BAD 147682288183
BAD 147767790229
BAD 147767790281
BAD 147767790283
BAD 147693168223
BAD 147682426699
BAD 147693304963
BAD 147693812573
BAD 147693812579
BAD 147694026673
BAD 147694026677
BAD 147694026679
BAD 147682998863
BAD 147683012551
BAD 147694150039
BAD 147694291201
BAD 147694291207
BAD 147694671251
BAD 147683532959
BAD 147683532961
BAD 147683590631
BAD 147683590633
BAD 147695439197
BAD 147695728393
BAD 147695728403
BAD 147696066961
BAD 147696078017
BAD 147696249037
BAD 147696373021
BAD 147697439909
BAD 147697554503
BAD 147697705927
BAD 147698117191
BAD 147698405641
BAD 147698405677
BAD 147698405683
BAD 147698408989
BAD 147698408993
BAD 147699007307
BAD 147699247447
BAD 147699247463
BAD 147699867743
BAD 147767948749
BAD 147767948753
BAD 147767948771
BAD 147767948773
BAD 147768643303
BAD 147768935459
BAD 147769681603
BAD 147769710953
BAD 147769721557
BAD 147770843443
BAD 147770936171
BAD 147770936177
BAD 147770936179
BAD 147770948569
BAD 147771387391
BAD 147771622813
BAD 147772371451
BAD 147772371479
BAD 147549998989
BAD 147549999041
BAD 147549999043
BAD 147549999049
BAD 147550240219
BAD 147772681523
BAD 147550308163
BAD 147772818833
BAD 147550574219
BAD 147550574221
BAD 147773032109
BAD 147773032111
BAD 147773880091
BAD 147551255939
BAD 147551255941
BAD 147774269521
BAD 147551675783
BAD 147774439979
BAD 147552100567
BAD 147552100571
BAD 147552100573
BAD 147552444331
BAD 147552767239
BAD 147552928801
BAD 147553178527
BAD 147553328731
BAD 147553452323
BAD 147553527103
BAD 147553527113
BAD 147553527139
BAD 147775340407
BAD 147775346573
BAD 147554094673
BAD 147554094679
BAD 147554330047
BAD 147554612369
BAD 147554612371
BAD 147554612399
BAD 147776219491
BAD 147554771783
BAD 147554914027
BAD 147554987933
BAD 147555010261
BAD 147555213139
BAD 147777241309
BAD 147777247543
BAD 147555871961
BAD 147777458911
BAD 147777765623
BAD 147778026049
BAD 147778026061
BAD 147778185917
BAD 147778339207
BAD 147778505117
BAD 147778505123
BAD 147778505153
BAD 147779082169
BAD 147779286143
BAD 147780523981
BAD 147781127839
BAD 147781127849
BAD 147557113201
BAD 147781398539
BAD 147781409569
BAD 147781516039
BAD 147781563121
BAD 147781683241
BAD 147781782023
BAD 147781786819
BAD 147781870157
BAD 147782131039
BAD 147782309579
BAD 147782309581
BAD 147558330013
BAD 147782734147
BAD 147782908171
BAD 147559095391
BAD 147559544423
BAD 147783244429
BAD 147783440183
BAD 147783440201
BAD 147783455179
BAD 147783455233
BAD 147783623503
BAD 147783623509
BAD 147783623513
BAD 147784025119
BAD 147560063017
BAD 147560063029
BAD 147560783813
BAD 147560829749
BAD 147560946691
BAD 147560946697
BAD 147561720443
BAD 147563045579
BAD 147563270599
BAD 147563341033
BAD 147563773249
BAD 147563944933
BAD 147564426169
BAD 147564426173
BAD 147564426263
BAD 147564634603
BAD 147516374003
BAD 147564988147
BAD 147564988331
BAD 147565138429
BAD 147565542601
BAD 147517110529
BAD 147517235449
BAD 147517449511
BAD 147517449517
BAD 147518257591
BAD 147566214427
BAD 147566265397
BAD 147566434087
BAD 147566466181
BAD 147566502949
BAD 147519903053
BAD 147520443649
BAD 147520507703
BAD 147520509013
BAD 147520895183
BAD 147521014843
BAD 147521078773
BAD 147521123083
BAD 147521126033
BAD 147521307211
BAD 147521307229
BAD 147521307233
BAD 147521351323
BAD 147521709407
BAD 147521709409
BAD 147522156319
BAD 147522156349
BAD 147522829141
BAD 147523064239
BAD 147523076693
BAD 147523470571
BAD 147524227127
BAD 147524227129
BAD 147524484803
BAD 147525253963
BAD 147525630341
BAD 147525630347
BAD 147525698659
BAD 147526163053
BAD 147526207261
BAD 147526441319
BAD 147526469179
BAD 147527285573
BAD 147527732647
BAD 147528543241
BAD 147528846233
BAD 147528988777
BAD 147529534169
BAD 147529534171
BAD 147529534177
BAD 147529534183
BAD 147530756693
BAD 147531638993
BAD 147531891413
BAD 147532026773
BAD 147532183177
BAD 147532534249
BAD 147700875799
BAD 147701014033
BAD 147701283019
BAD 147701951437
BAD 147701951443
BAD 147702066443
BAD 147702411281
BAD 147702430339
BAD 147702810979
BAD 147703045663
BAD 147703187299
BAD 147703569509
BAD 147703569511
BAD 147703596683
BAD 147704033699
BAD 147704033731
BAD 147704483141
BAD 147705689297
BAD 147869187863
BAD 147869988913
BAD 147870439867
BAD 147870773933
BAD 147870918289
BAD 147871363139
BAD 147871590829
BAD 147872009083
BAD 147872214187
BAD 147872463241
BAD 147872620153
BAD 147872652079
BAD 147872908237
BAD 147872908241
BAD 147872908243
BAD 147872972623
BAD 147873084973
BAD 147873378109
BAD 147873896921
BAD 147873896923
BAD 147874012633
BAD 147874012639
BAD 147874012651
BAD 147874170953
BAD 147874312823
BAD 147874312829
BAD 147874897543
BAD 147706376131
BAD 147875767477
BAD 147875767483
BAD 147706438181
BAD 147706438183
BAD 147875858791
BAD 147875883269
BAD 147876141293
BAD 147876426043
BAD 147706744657
BAD 147707009629
BAD 147707009633
BAD 147707036693
BAD 147708112441
BAD 147708122843
BAD 147708330713
BAD 147877220893
BAD 147708487123
BAD 147708487127
BAD 147708537451
BAD 147708568159
BAD 147708568177
BAD 147877597783
BAD 147877597787
BAD 147877597789
BAD 147878307961
BAD 147651041543
BAD 147878867251
BAD 147878900311
BAD 147878977583
BAD 147651444019
BAD 147835314661
BAD 147879220603
BAD 147651509153
BAD 147879348443
BAD 147835735051
BAD 147835735057
BAD 147835735063
BAD 147879898567
BAD 147879988351
BAD 147880005073
BAD 147835903849
BAD 147717577391
BAD 147717577393
BAD 147836085307
BAD 147717735107
BAD 147652702531
BAD 147836155297
BAD 147836247061
BAD 147836388853
BAD 147836388857
BAD 147836388859
BAD 147836388871
BAD 147880257743
BAD 147880377553
BAD 147653394571
BAD 147653546333
BAD 147836838371
BAD 147709236253
BAD 147734322089
BAD 147709325009
BAD 147881488019
BAD 147654465421
BAD 147735260069
BAD 147881488021
BAD 147709325011
BAD 147881511473
BAD 147801482083
BAD 147801482089
BAD 147718474879
BAD 147801554843
BAD 147801594713
BAD 147709644799
BAD 147801806749
BAD 147709799483
BAD 147801896311
BAD 147801938423
BAD 147719203663
BAD 147654866819
BAD 147882984673
BAD 147882984679
BAD 147655311653
BAD 147711352279
BAD 147711352339
BAD 147711418531
BAD 147655727777
BAD 147655727801
BAD 147655727803
BAD 147803276671
BAD 147655766057
BAD 147655766059
BAD 147711601033
BAD 147655839913
BAD 147804115919
BAD 147884439803
BAD 147736165943
BAD 147720094549
BAD 147655839917
BAD 147884439823
BAD 147804115931
BAD 147711601039
BAD 147804115933
BAD 147711601043
BAD 147804335479
BAD 147711879223
BAD 147884922379
BAD 147712031149
BAD 147736911901
BAD 147737057309
BAD 147885284263
BAD 147804708361
BAD 147804708559
BAD 147837463549
BAD 147804718549
BAD 147712277903
BAD 147737326613
BAD 147837714977
BAD 147837714979
BAD 147737418449
BAD 147737420297
BAD 147837939637
BAD 147720808453
BAD 147837976021
BAD 147720861037
BAD 147720861061
BAD 147838144823
BAD 147721068247
BAD 147721068259
BAD 147721068263
BAD 147721068269
BAD 147712715503
BAD 147712715509
BAD 147838362829
BAD 147712799771
BAD 147721534817
BAD 147721534819
BAD 147721534823
BAD 147737880583
BAD 147805560559
BAD 147721696379
BAD 147721808263
BAD 147721921621
BAD 147805709333
BAD 147722089261
BAD 147713312057
BAD 147713312059
BAD 147838795651
BAD 147713340101
BAD 147656279633
BAD 147722214803
BAD 147722286563
BAD 147738316259
BAD 147722425393
BAD 147738316261
BAD 147738320011
BAD 147738547573
BAD 147738861763
BAD 147738861839
BAD 147738861841
BAD 147738902587
BAD 147713937713
BAD 147739016329
BAD 147839761879
BAD 147739141877
BAD 147722669047
BAD 147722760181
BAD 147656816459
BAD 147722983201
BAD 147657289399
BAD 147806960723
BAD 147840460517
BAD 147840460519
BAD 147714638311
BAD 147723125167
BAD 147840658789
BAD 147840790507
BAD 147840790519
BAD 147840790523
BAD 147657910003
BAD 147657910007
BAD 147657910009
BAD 147807314449
BAD 147633734419
BAD 147840969739
BAD 147723272909
BAD 147807314461
BAD 147807314467
BAD 147723272911
BAD 147657929227
BAD 147658039973
BAD 147634240847
BAD 147634240849
BAD 147634240909
BAD 147634240913
BAD 147634240969
BAD 147634243153
BAD 147807650251
BAD 147841419211
BAD 147634566269
BAD 147634566271
BAD 147739946177
BAD 147634688449
BAD 147784659181
BAD 147740129519
BAD 147740129521
BAD 147740129527
BAD 147658932727
BAD 147658932737
BAD 147658932739
BAD 147808073813
BAD 147740240839
BAD 147659267969
BAD 147715003507
BAD 147659267971
BAD 147842417941
BAD 147785170307
BAD 147808345589
BAD 147740817733
BAD 147785170331
BAD 147785170333
BAD 147808345591
BAD 147740817743
BAD 147635153381
BAD 147635153383
BAD 147635153401
BAD 147785284259
BAD 147723678391
BAD 147808515397
BAD 147723755303
BAD 147723763441
BAD 147723780821
BAD 147723780823
BAD 147635224129
BAD 147659639557
BAD 147659639587
BAD 147715558673
BAD 147715558681
BAD 147715705477
BAD 147715705481
BAD 147715705483
BAD 147659947459
BAD 147741319123
BAD 147785976539
BAD 147808797529
BAD 147716943323
BAD 147842716403
BAD 147723926003
BAD 147716997613
BAD 147808889021
BAD 147808889023
BAD 147808889029
BAD 147808889071
BAD 147808907209
BAD 147808907381
BAD 147808907383
BAD 147660225079
BAD 147660238157
BAD 147660238163
BAD 147635793713
BAD 147843009389
BAD 147809046109
BAD 147809046113
BAD 147724428967
BAD 147724468321
BAD 147636035003
BAD 147741586417
BAD 147741602843
BAD 147741602849
BAD 147636099469
BAD 147636099473
BAD 147660611561
BAD 147660611563
BAD 147786339739
BAD 147743589709
BAD 147724628143
BAD 147843178643
BAD 147636317737
BAD 147786425653
BAD 147717041047
BAD 147786489049
BAD 147743689259
BAD 147717169673
BAD 147717169679
BAD 147809497013
BAD 147661120759
BAD 147809624621
BAD 147744160471
BAD 147725058379
BAD 147809936341
BAD 147809936347
BAD 147809936389
BAD 147810049213
BAD 147810175703
BAD 147725380261
BAD 147725380321
BAD 147744460793
BAD 147725682541
BAD 147787503137
BAD 147810745073
BAD 147726150053
BAD 147726150059
BAD 147661760671
BAD 147744832121
BAD 147844170629
BAD 147787587683
BAD 147744832129
BAD 147844170631
BAD 147744832133
BAD 147726977551
BAD 147726977581
BAD 147726995137
BAD 147636549859
BAD 147636555727
BAD 147636555733
BAD 147636633763
BAD 147636633769
BAD 147727181191
BAD 147727337059
BAD 147636798601
BAD 147636798611
BAD 147636798613
BAD 147844428713
BAD 147727462781
BAD 147727462783
BAD 147727462793
BAD 147727462823
BAD 147727518181
BAD 147727518193
BAD 147844578397
BAD 147745244753
BAD 147745244761
BAD 147727670617
BAD 147662239393
BAD 147745483883
BAD 147637662649
BAD 147637733183
BAD 147787843003
BAD 147845024449
BAD 147728198053
BAD 147728198063
BAD 147662570701
BAD 147845670569
BAD 147845670571
BAD 147638538577
BAD 147845783873
BAD 147845798213
BAD 147845932051
BAD 147639128423
BAD 147788679833
BAD 147788681933
BAD 147788681981
BAD 147788681983
BAD 147663680561
BAD 147788706397
BAD 147788706409
BAD 147746960227
BAD 147851756293
BAD 147729189469
BAD 147729189473
BAD 147847237283
BAD 147664316713
BAD 147664316719
BAD 147789105329
BAD 147852402631
BAD 147811020601
BAD 147747713299
BAD 147811020607
BAD 147811090201
BAD 147852505769
BAD 147789397253
BAD 147852792163
BAD 147852792193
BAD 147811416619
BAD 147789678151
BAD 147853026551
BAD 147853026553
BAD 147664454611
BAD 147748497331
BAD 147789835979
BAD 147789836021
BAD 147748525499
BAD 147748525501
BAD 147811773107
BAD 147847423421
BAD 147748707661
BAD 147811921129
BAD 147847470623
BAD 147812154673
BAD 147749011283
BAD 147847746679
BAD 147847746689
BAD 147847746703
BAD 147853211333
BAD 147730605773
BAD 147639666481
BAD 147665360503
BAD 147639666487
BAD 147848612749
BAD 147790308737
BAD 147790308739
BAD 147665367511
BAD 147639713941
BAD 147853264417
BAD 147853312381
BAD 147848705839
BAD 147848705843
BAD 147790513459
BAD 147790513469
BAD 147790513471
BAD 147730947391
BAD 147790637977
BAD 147731113247
BAD 147731113249
BAD 147848985307
BAD 147848985311
BAD 147848985313
BAD 147640279771
BAD 147790686403
BAD 147790686409
BAD 147790686419
BAD 147790686427
BAD 147790690849
BAD 147853876847
BAD 147665856361
BAD 147790986073
BAD 147749120293
BAD 147849305059
BAD 147790986097
BAD 147790986103
BAD 147790986113
BAD 147749120339
BAD 147790986121
BAD 147849305063
BAD 147791068993
BAD 147791069131
BAD 147853963969
BAD 147849541291
BAD 147791261887
BAD 147791277593
BAD 147854102063
BAD 147849657467
BAD 147849657469
BAD 147791335639
BAD 147666160813
BAD 147854225951
BAD 147854225963
BAD 147854225969
BAD 147854437369
BAD 147854437373
BAD 147666497137
BAD 147749788283
BAD 147849851509
BAD 147750001913
BAD 147850279861
BAD 147792419081
BAD 147792419083
BAD 147850353193
BAD 147850353197
BAD 147850353199
BAD 147812279273
BAD 147812279291
BAD 147812279299
BAD 147850466773
BAD 147792777371
BAD 147792777373
BAD 147850577047
BAD 147850577051
BAD 147850577053
BAD 147850603669
BAD 147850603673
BAD 147850603759
BAD 147792922939
BAD 147792922943
BAD 147854939893
BAD 147793109689
BAD 147793487399
BAD 147793487407
BAD 147793487431
BAD 147854939899
BAD 147854970413
BAD 147854975419
BAD 147812669513
BAD 147812884643
BAD 147855365423
BAD 147850793821
BAD 147812884649
BAD 147732136597
BAD 147812884651
BAD 147640570229
BAD 147812884663
BAD 147640570303
BAD 147640570307
BAD 147640570309
BAD 147732233287
BAD 147732233291
BAD 147732233293
BAD 147850974413
BAD 147850974433
BAD 147794875477
BAD 147851279123
BAD 147851279143
BAD 147750234103
BAD 147641085217
BAD 147732729149
BAD 147641173651
BAD 147851449729
BAD 147851449747
BAD 147732963473
BAD 147732963493
BAD 147732963503
BAD 147794964563
BAD 147794964571
BAD 147641450851
BAD 147666982609
BAD 147750626677
BAD 147733132147
BAD 147666982613
BAD 147750635971
BAD 147750749357
BAD 147750749359
BAD 147641851559
BAD 147641851561
BAD 147733667269
BAD 147733667273
BAD 147642012319
BAD 147642015413
BAD 147733750921
BAD 147733750933
BAD 147733816429
BAD 147733868189
BAD 147642201079
BAD 147734139911
BAD 147734139913
BAD 147734171213
BAD 147642588901
BAD 147642733873
BAD 147642733879
BAD 147855461363
BAD 147795698723
BAD 147856215781
BAD 147796359169
BAD 147796359173
BAD 147796556107
BAD 147643084283
BAD 147643394923
BAD 147797117851
BAD 147797127161
BAD 147797254931
BAD 147797254933
BAD 147797254937
BAD 147797254939
BAD 147813146153
BAD 147643844609
BAD 147643844611
BAD 147643844617
BAD 147856610281
BAD 147856673983
BAD 147813666857
BAD 147813666859
BAD 147644629157
BAD 147856876759
BAD 147856876771
BAD 147644790361
BAD 147644790367
BAD 147644790383
BAD 147644790389
BAD 147644790413
BAD 147644790421
BAD 147644807587
BAD 147857040523
BAD 147857040533
BAD 147798097553
BAD 147798097561
BAD 147645285649
BAD 147645285661
BAD 147857456479
BAD 147798136489
BAD 147645741301
BAD 147645741307
BAD 147645912103
BAD 147798476807
BAD 147814147291
BAD 147798525001
BAD 147798559693
BAD 147798683533
BAD 147798755081
BAD 147646635701
BAD 147646752637
BAD 147799075393
BAD 147799075397
BAD 147799075399
BAD 147799080691
BAD 147814805087
BAD 147814805093
BAD 147814935293
BAD 147858844477
BAD 147858851431
BAD 147858918409
BAD 147858918413
BAD 147859007011
BAD 147815454811
BAD 147799848437
BAD 147799848439
BAD 147799887931
BAD 147815680979
BAD 147815680981
BAD 147859421947
BAD 147859819619
BAD 147859819621
BAD 147859819637
BAD 147859819643
BAD 147801162199
BAD 147801298861
BAD 147801298891
BAD 147648488401
BAD 147648635443
BAD 147648916313
BAD 147648923393
BAD 147648923417
BAD 147649468283
BAD 147860430637
BAD 147860430673
BAD 147860437279
BAD 147816363197
BAD 147816363199
BAD 147860558569
BAD 147649785967
BAD 147816577157
BAD 147650199889
BAD 147816732353
BAD 147650230811
BAD 147650230813
BAD 147650230817
BAD 147650277613
BAD 147860937121
BAD 147650294179
BAD 147817203649
BAD 147817455697
BAD 147817883483
BAD 147861821567
BAD 147861895903
BAD 147861992857
BAD 147862583353
BAD 147862723249
BAD 147862737313
BAD 147862737331
BAD 147862926413
BAD 147863290447
BAD 147863299069
BAD 147863646199
BAD 147864098009
BAD 147864098017
BAD 147864098051
BAD 147864098059
BAD 147864355421
BAD 147864426923
BAD 147865080137
BAD 147865080149
BAD 147865080151
BAD 147865080157
BAD 147865080161
BAD 147865200683
BAD 147866093587
BAD 147866218597
BAD 147866347991
BAD 147866870887
BAD 147867003413
BAD 147867114407
BAD 147867263941
BAD 147867302981
BAD 147867302983
BAD 147867302987
BAD 147867323257
BAD 147867960979
BAD 147868097723
BAD 147868131139
BAD 147868131143
BAD 147868343113
BAD 147868343123
BAD 147818224129
BAD 147818224133
BAD 147818224139
BAD 147818224171
BAD 147818236129
BAD 147818236133
BAD 147818543603
BAD 147818543617
BAD 147818672647
BAD 147818998219
BAD 147819879793
BAD 147819879803
BAD 147819879811
BAD 147820119371
BAD 147820119373
BAD 147820213003
BAD 147820352929
BAD 147820379149
BAD 147820379153
BAD 147820379159
BAD 147820971323
BAD 147821202013
BAD 147821202017
BAD 147821202019
BAD 147821484653
BAD 147822328021
BAD 147823069591
BAD 147823091081
BAD 147823091083
BAD 147823091089
BAD 147823471351
BAD 147823498733
BAD 147823498883
BAD 147823498891
BAD 147824137933
BAD 147824143793
BAD 147824675293
BAD 147824675359
BAD 147825546397
BAD 147825887689
BAD 147825997247
BAD 147825997259
BAD 147825997261
BAD 147825997273
BAD 147826510109
BAD 147826510123
BAD 147826510127
BAD 147826510129
BAD 147826776541
BAD 147826886593
BAD 147826886617
BAD 147826886633
BAD 147827542043
BAD 147828113903
BAD 147830204947
BAD 147830644783
BAD 147830779571
BAD 147830779573
BAD 147831016393
BAD 147831038161
BAD 147831980249
BAD 147831980251
BAD 147832549883
BAD 147832780919
BAD 147832906343
BAD 147833070863
BAD 147834082549
BAD 147834103943
BAD 147834175807
BAD 147834500903
BAD 147834918313
BAD 147885403591
BAD 147885403597
BAD 147885403607
BAD 147885403609
BAD 147885830641
BAD 147886094039
BAD 147886094047
BAD 147887296211
BAD 147887296213
BAD 147887519599
BAD 147888429427
BAD 147888429433
BAD 147888807643
BAD 147889039079
BAD 147889164911
BAD 147889269613
BAD 147889565129
BAD 147889750133
BAD 147890112859
BAD 147890704657
BAD 147890794693
BAD 147890794697
BAD 147890794699
BAD 147890832751
BAD 147891019501
BAD 147891057023
BAD 147891057047
BAD 147891057049
BAD 147891483601
BAD 147891669943
BAD 147891840683
BAD 147891840689
BAD 147891843947
BAD 147891843949
BAD 147891843971
BAD 147891843973
BAD 147891964861
BAD 147892107917
BAD 147892107919
BAD 147892506809
BAD 147892721069
BAD 147892721071
BAD 147892721089
BAD 147892721191
BAD 147892864859
BAD 147893196053
BAD 147893726899
BAD 147893726917
BAD 147894359693
BAD 147894359713
BAD 147894578941
BAD 147894578947
BAD 147895050343
BAD 147895160359
BAD 147895160363
BAD 147895839073
BAD 147896159659
BAD 147897184753
BAD 147897556069
BAD 147897556073
BAD 147897556091
BAD 147897556099
BAD 147897633979
BAD 147898461863
BAD 147898814647
BAD 147899426903
BAD 147899548109
BAD 147899690581
BAD 147899701693
BAD 147899756383
BAD 147900340769
BAD 147900340771
BAD 147900610523
BAD 147935760359
BAD 147935760361
BAD 147936099301
BAD 147901266613
BAD 147901282189
BAD 147901481243
BAD 147901598087
BAD 147936388981
BAD 147936388987
BAD 147936554041
BAD 147901983331
BAD 147936580639
BAD 147936580643
BAD 147936580657
BAD 147937373377
BAD 147937396987
BAD 147937396993
BAD 147937512431
BAD 147937512433
BAD 147937654703
BAD 147937730119
BAD 148019605873
BAD 148019605891
BAD 147938041891
BAD 147938145077
BAD 147938145079
BAD 147938145083
BAD 147938155303
BAD 148020967181
BAD 148020967183
BAD 148021148929
BAD 147938662643
BAD 147938956153
BAD 147938956157
BAD 147938956159
BAD 147938982497
BAD 148021979227
BAD 147939336439
BAD 147939336443
BAD 148022249489
BAD 148022249491
BAD 148022249497
BAD 148022249503
BAD 147939469963
BAD 148022482261
BAD 147969477373
BAD 147969477377
BAD 147969477379
BAD 147969594701
BAD 147939672767
BAD 148022774243
BAD 148022842039
BAD 147939765733
BAD 147970328663
BAD 147902574371
BAD 147902574373
BAD 147970406687
BAD 147939919219
BAD 147970489333
BAD 147902694073
BAD 147940110449
BAD 147940112603
BAD 147940134623
BAD 147970695871
BAD 147902946979
BAD 147940257797
BAD 147940257799
BAD 147971033341
BAD 147971061263
BAD 147971067353
BAD 147971226619
BAD 148023674479
BAD 148023674503
BAD 148023676813
BAD 147903330527
BAD 147903330529
BAD 147903330539
BAD 147903330541
BAD 147903330557
BAD 147971333149
BAD 147971669147
BAD 147971669149
BAD 148024007903
BAD 147940793347
BAD 147904148089
BAD 147904148191
BAD 147971879513
BAD 147904211527
BAD 147904266833
BAD 147971943421
BAD 147941154091
BAD 147904472953
BAD 147972043007
BAD 147941345029
BAD 147941422099
BAD 147941424929
BAD 147941424931
BAD 147941434271
BAD 147972206581
BAD 147941986273
BAD 147941986319
BAD 148025425673
BAD 147905499923
BAD 147905544559
BAD 148025666311
BAD 148025666333
BAD 148025666339
BAD 148025666359
BAD 147942554447
BAD 147942554449
BAD 147942554453
BAD 147942614821
BAD 147906468991
BAD 148026123691
BAD 147973604881
BAD 147942614849
BAD 148002783499
BAD 147942614851
BAD 147986149313
BAD 148002789421
BAD 148002789437
BAD 148002789439
BAD 147906535213
BAD 148002836809
BAD 147973754717
BAD 147973754723
BAD 147973785319
BAD 147986410129
BAD 147942920603
BAD 147943082851
BAD 147943082857
BAD 147943082867
BAD 147943082869
BAD 148026580651
BAD 148003342819
BAD 147907387391
BAD 147907387393
BAD 147986812097
BAD 147986812111
BAD 147986812117
BAD 147974150179
BAD 147986859301
BAD 148027595423
BAD 147907794137
BAD 148036498877
BAD 147943512397
BAD 148027595431
BAD 147974603363
BAD 148036498879
BAD 148003915139
BAD 148003915141
BAD 147986874823
BAD 147907821253
BAD 147907821263
BAD 147986926693
BAD 147986946287
BAD 147986946329
BAD 147907948457
BAD 147907948459
BAD 147907948471
BAD 147943721153
BAD 147974870269
BAD 147908242073
BAD 147908242081
BAD 148004263807
BAD 147987284381
BAD 147987284383
BAD 147987284387
BAD 148037151583
BAD 148004438563
BAD 148004438611
BAD 148004438629
BAD 147909022351
BAD 148037248129
BAD 148028320939
BAD 147987747337
BAD 147944390779
BAD 148004438641
BAD 148028320943
BAD 147987747343
BAD 148028320949
BAD 147987837149
BAD 147975688897
BAD 147975688901
BAD 148028565571
BAD 148037509591
BAD 147909396473
BAD 147909396497
BAD 147909396499
BAD 148028761403
BAD 148004774273
BAD 148028919781
BAD 147976008679
BAD 147988196989
BAD 148004900671
BAD 148004900677
BAD 148005008707
BAD 148005066841
BAD 147976281007
BAD 147945158059
BAD 147945158063
BAD 147976392043
BAD 147909832337
BAD 147988525277
BAD 147909832339
BAD 148005263047
BAD 148005379831
BAD 148038513121
BAD 148029791303
BAD 148029852127
BAD 148029852133
BAD 147988725701
BAD 148029953587
BAD 148029960229
BAD 148029960233
BAD 147910152373
BAD 147976649663
BAD 147988824679
BAD 147945705871
BAD 147988889539
BAD 147945772223
BAD 147945772231
BAD 147910472041
BAD 148005751879
BAD 147989053483
BAD 148030598483
BAD 148030667927
BAD 148030890551
BAD 148030890577
BAD 148039286477
BAD 147946228981
BAD 147911160101
BAD 148039494601
BAD 147918877207
BAD 148031322497
BAD 147989530967
BAD 148006849853
BAD 148039494613
BAD 147918877261
BAD 148031322499
BAD 148039494619
BAD 147978412249
BAD 148039494623
BAD 148031487563
BAD 148039647293
BAD 147919054837
BAD 147978573251
BAD 148007038903
BAD 148007062537
BAD 147919178863
BAD 147919178867
BAD 148039885969
BAD 148039956049
BAD 147919332503
BAD 147989966239
BAD 148031963803
BAD 147978884701
BAD 147978960091
BAD 147911777077
BAD 147911777081
BAD 147911781247
BAD 147979073303
BAD 148032342413
BAD 147919965383
BAD 147990269899
BAD 147911840543
BAD 148040456911
BAD 147979202687
BAD 147920068159
BAD 147979229977
BAD 148007791069
BAD 148007791081
BAD 148007800219
BAD 148007800223
BAD 147912154021
BAD 147990864631
BAD 148008171481
BAD 147912562309
BAD 147991094353
BAD 147991151303
BAD 147991151311
BAD 147991151333
BAD 147912734341
BAD 147991187737
BAD 148033616663
BAD 147912837937
BAD 148041409807
BAD 148008489469
BAD 148008489487
BAD 147913053193
BAD 147913096633
BAD 147991572611
BAD 147991572613
BAD 147980639029
BAD 148008647431
BAD 147913143019
BAD 147920968529
BAD 148034025157
BAD 147913143029
BAD 148041668239
BAD 148034110369
BAD 147913264729
BAD 148034130383
BAD 148041915433
BAD 148041979783
BAD 147991858943
BAD 147980941579
BAD 147980941583
BAD 148008961777
BAD 147991881749
BAD 148008974483
BAD 148008974497
BAD 147991953049
BAD 147981103607
BAD 147981103609
BAD 147981165373
BAD 147992049061
BAD 147992074661
BAD 147992074663
BAD 148034497423
BAD 148034497427
BAD 148009362563
BAD 147921658861
BAD 147914027033
BAD 148043076631
BAD 148043076637
BAD 147914075599
BAD 148035336089
BAD 148035336091
BAD 148035336107
BAD 148035336109
BAD 148035336151
BAD 147921925609
BAD 148035400151
BAD 148035400193
BAD 147992787781
BAD 148035427283
BAD 148035427289
BAD 148035427291
BAD 148035427297
BAD 148009902049
BAD 147981518063
BAD 147914295533
BAD 148035619037
BAD 147992952433
BAD 148035657337
BAD 147922357613
BAD 147914580371
BAD 147993195671
BAD 147993195673
BAD 147993195677
BAD 147914644081
BAD 148043804653
BAD 148036283489
BAD 147922702231
BAD 148011084157
BAD 147982278053
BAD 148036283491
BAD 147915366253
BAD 148011084173
BAD 148043804659
BAD 147946308253
BAD 148036283503
BAD 147922702237
BAD 147922702241
BAD 147922702243
BAD 147922702247
BAD 147922702253
BAD 147922801699
BAD 147922801717
BAD 148043983453
BAD 148043986411
BAD 148011282389
BAD 147982535977
BAD 148044030131
BAD 148044030133
BAD 147915478597
BAD 148011409093
BAD 147946903277
BAD 147946903283
BAD 147993356011
BAD 147915782251
BAD 147982914173
BAD 147923676031
BAD 147915958403
BAD 148011803123
BAD 147923676037
BAD 147982914301
BAD 147993488581
BAD 147923832211
BAD 148011908701
BAD 147993644797
BAD 147993644839
BAD 148044489269
BAD 147924084211
BAD 147924113657
BAD 147947818393
BAD 147947818429
BAD 148012181503
BAD 148012181507
BAD 147948007027
BAD 147948211531
BAD 147948211547
BAD 147948211549
BAD 148012566353
BAD 148012635731
BAD 148012635733
BAD 147924445171
BAD 147924445181
BAD 147924472403
BAD 147916881061
BAD 148012704911
BAD 148012704913
BAD 147949010273
BAD 148045656701
BAD 147995208539
BAD 148012704919
BAD 147925228573
BAD 147984316801
BAD 147984316819
BAD 147984356357
BAD 147925383953
BAD 148012883219
BAD 147949211167
BAD 147949211183
BAD 148045910423
BAD 148045910429
BAD 148045910431
BAD 147995516917
BAD 148045973549
BAD 147995522579
BAD 147925829693
BAD 148013054779
BAD 148013054809
BAD 147949566053
BAD 147985044121
BAD 147949767157
BAD 148013254273
BAD 147926164367
BAD 147926164369
BAD 147916907249
BAD 147916907251
BAD 148013339521
BAD 148046431517
BAD 147950114401
BAD 147926651239
BAD 148013339557
BAD 147917089973
BAD 147926651251
BAD 147985886303
BAD 147996068243
BAD 147996122123
BAD 148013465063
BAD 147926834767
BAD 147926834779
BAD 147926834843
BAD 148013560381
BAD 147917375953
BAD 147927373291
BAD 147996652213
BAD 147950532173
BAD 147996791017
BAD 147927654467
BAD 147927801893
BAD 147997310501
BAD 147997394123
BAD 147928642717
BAD 148047977183
BAD 148047977201
BAD 148014664477
BAD 148048110061
BAD 148048271251
BAD 147998241619
BAD 147929140573
BAD 148048519849
BAD 147998468153
BAD 148048659047
BAD 148048659049
BAD 147998724649
BAD 148015372009
BAD 148048897553
BAD 147929462269
BAD 147929609623
BAD 147929609627
BAD 147929609629
BAD 147929609647
BAD 148049120533
BAD 148015713581
BAD 148015773643
BAD 148015773649
BAD 147999489571
BAD 148015885343
BAD 147999570113
BAD 147929919257
BAD 147929919259
BAD 147999869687
BAD 147999923117
BAD 147999923119
BAD 147999923131
BAD 147930434153
BAD 147930449467
BAD 148016593693
BAD 148000445713
BAD 148016947009
BAD 148050418343
BAD 147930822379
BAD 148000582687
BAD 147931018189
BAD 147931018201
BAD 147931136693
BAD 147931136701
BAD 148000777517
BAD 148050712553
BAD 148000924177
BAD 147931275689
BAD 147931275691
BAD 148017318881
BAD 148017318899
BAD 148017318901
BAD 148050820123
BAD 147931401859
BAD 147931453729
BAD 148001313479
BAD 148017529171
BAD 148017798139
BAD 148017805933
BAD 148017805939
BAD 147932156681
BAD 147932156683
BAD 147932306657
BAD 147932306659
BAD 148002041731
BAD 148002058793
BAD 148018124239
BAD 147932518163
BAD 148051545739
BAD 148002120899
BAD 148002120901
BAD 147932619881
BAD 147932619883
BAD 148051667237
BAD 148051667243
BAD 148002322051
BAD 147932717591
BAD 147932717593
BAD 147932717599
BAD 147932717629
BAD 147932717651
BAD 147932717753
BAD 147932717759
BAD 148002390331
BAD 148002394303
BAD 148002394313
BAD 148002480481
BAD 148018416761
BAD 147932961703
BAD 148052055533
BAD 148018810493
BAD 148018810507
BAD 147933517891
BAD 148052566589
BAD 148052566591
BAD 148052566621
BAD 148052821583
BAD 148019471723
BAD 148019475959
BAD 147933911051
BAD 147933911077
BAD 147935112593
BAD 147935527709
BAD 147952455571
BAD 147952646767
BAD 147952704173
BAD 147952722691
BAD 147952969741
BAD 147953005373
BAD 147953005433
BAD 147953005463
BAD 147953005513
BAD 147954063923
BAD 147954541183
BAD 147954541187
BAD 147954816511
BAD 147954816521
BAD 147954816523
BAD 147955006021
BAD 147955076641
BAD 147955201249
BAD 147955201253
BAD 147956021419
BAD 147956158897
BAD 147956158901
BAD 147956182337
BAD 147956497459
BAD 147956497483
BAD 147956542343
BAD 147956542351
BAD 147956542367
BAD 147956647493
BAD 147956832637
BAD 147957245609
BAD 147957245617
BAD 147958898267
BAD 147958957163
BAD 147959305183
BAD 147959349619
BAD 147960190373
BAD 147960190397
BAD 147961125601
BAD 147961543397
BAD 147962961983
BAD 147963017879
BAD 147963191843
BAD 147963191851
BAD 147963802501
BAD 147964046389
BAD 147964046393
BAD 147964067837
BAD 147964399819
BAD 147964399823
BAD 147964536427
BAD 147964536431
BAD 147964754359
BAD 147965243227
BAD 147965243233
BAD 147965752877
BAD 147966271309
BAD 147966271417
BAD 147966424733
BAD 147966854647
BAD 147966924913
BAD 147967607917
BAD 147967607969
BAD 147967607971
BAD 147968234881
BAD 147968982983
BAD 147968983003
BAD 147969066337
BAD 148070081077
BAD 148070081083
BAD 148070081087
BAD 148070081101
BAD 148070305001
BAD 148070305003
BAD 148070305013
BAD 148070314583
BAD 148070512903
BAD 148071425239
BAD 148071551941
BAD 148071551977
BAD 148071809993
BAD 148072269173
BAD 148073698327
BAD 148073698403
BAD 148073698411
BAD 148073698417
BAD 148074187973
BAD 148074187999
BAD 148074188011
BAD 148074248473
BAD 148074248477
BAD 148074248479
BAD 148074410503
BAD 148074410507
BAD 148074410509
BAD 148075550353
BAD 148075633877
BAD 148075810747
BAD 148075855321
BAD 148076002913
BAD 148076090719
BAD 148076279401
BAD 148077096317
BAD 148077096319
BAD 148077096347
BAD 148077117289
BAD 148077117299
BAD 148077578333
BAD 148077663563
BAD 148077742759
BAD 148077742763
BAD 148077791861
BAD 148077791863
BAD 148078205293
BAD 148078205333
BAD 148078499759
BAD 148078499761
BAD 148078499771
BAD 148078499773
BAD 148078499819
BAD 148078793677
BAD 148078793689
BAD 148079151169
BAD 148079252221
BAD 148079737027
BAD 148079741023
BAD 148080146891
BAD 148080620287
BAD 148081159957
BAD 148081268149
BAD 148081531043
BAD 148081798087
BAD 148053078001
BAD 148053078049
BAD 148053415459
BAD 148053635893
BAD 148053635929
BAD 148053846979
BAD 148053855941
BAD 148054491841
BAD 148054491857
BAD 148054491859
BAD 148054818013
BAD 148054818019
BAD 148082003087
BAD 148082087477
BAD 148082087479
BAD 148083113183
BAD 148083266971
BAD 148083266977
BAD 148055182201
BAD 148055194531
BAD 148055397983
BAD 148055737759
BAD 148055859841
BAD 148055973853
BAD 148056031523
BAD 148056031553
BAD 148056031567
BAD 148083805249
BAD 148084082701
BAD 148084898333
BAD 148085059883
BAD 148085105533
BAD 148085105549
BAD 148085105551
BAD 148085105557
BAD 148085346203
BAD 148085420941
BAD 148085420947
BAD 148085539039
BAD 148085539051
BAD 148085539057
BAD 148085539061
BAD 148120783901
BAD 148120783903
BAD 148085725141
BAD 148120962323
BAD 148120962331
BAD 148122830411
BAD 148122830413
BAD 148056851149
BAD 148171542451
BAD 148171653703
BAD 148123237849
BAD 148123237901
BAD 148123327747
BAD 148172086217
BAD 148172086219
BAD 148057300423
BAD 148057532647
BAD 148172463899
BAD 148271179543
BAD 148058130769
BAD 148058164237
BAD 148271399467
BAD 148172811049
BAD 148271601523
BAD 148058515439
BAD 148058515441
BAD 148271753053
BAD 148058651207
BAD 148058672719
BAD 148271886187
BAD 148124633399
BAD 148124633401
BAD 148124675473
BAD 148272010921
BAD 148272034333
BAD 148272034343
BAD 148173618361
BAD 148272186037
BAD 148272186043
BAD 148255292837
BAD 148255292839
BAD 148255299649
BAD 148255299653
BAD 148255299659
BAD 148173856843
BAD 148173856847
BAD 148173856849
BAD 148173856879
BAD 148255796543
BAD 148255796551
BAD 148058827933
BAD 148125543367
BAD 148125543373
BAD 148256132309
BAD 148256159659
BAD 148256355571
BAD 148272970411
BAD 148273030693
BAD 148256452321
BAD 148256452327
BAD 148174320083
BAD 148273406923
BAD 148256856623
BAD 148059157171
BAD 148174339921
BAD 148174351439
BAD 148174351441
BAD 148174351489
BAD 148257098029
BAD 148273697731
BAD 148257363349
BAD 148257495251
BAD 148257515369
BAD 148274194381
BAD 148274267213
BAD 148258184491
BAD 148175296441
BAD 148175361601
BAD 148175396723
BAD 148175440093
BAD 148175440183
BAD 148175440187
BAD 148175440211
BAD 148175440229
BAD 148175585581
BAD 148175585587
BAD 148175585617
BAD 148274502773
BAD 148060351451
BAD 148060351457
BAD 148060351459
BAD 148259323309
BAD 148126196213
BAD 148126196219
BAD 148126196221
BAD 148126196227
BAD 148126208983
BAD 148274613259
BAD 148274677223
BAD 148126442413
BAD 148126442423
BAD 148274814979
BAD 148274814983
BAD 148060938763
BAD 148126814419
BAD 148260101881
BAD 148260101933
BAD 148260189487
BAD 148275757879
BAD 148275887761
BAD 148275887783
BAD 148275887801
BAD 148275887803
BAD 148275887807
BAD 148127589229
BAD 148260860417
BAD 148260863603
BAD 148260984379
BAD 148277200387
BAD 148277200391
BAD 148277225389
BAD 148261883983
BAD 148128961891
BAD 148261883993
BAD 148261883999
BAD 148129176457
BAD 148062297533
BAD 148262060017
BAD 148129426243
BAD 148129426261
BAD 148262437163
BAD 148129973449
BAD 148129973491
BAD 148278007643
BAD 148278007649
BAD 148278128393
BAD 148063191803
BAD 148063238041
BAD 148262592011
BAD 148278651307
BAD 148063393631
BAD 148262889811
BAD 148278945313
BAD 148278945491
BAD 148278945497
BAD 148278945499
BAD 148278949229
BAD 148278973897
BAD 148278973901
BAD 148278973903
BAD 148262998801
BAD 148064048879
BAD 148279550863
BAD 148263166819
BAD 148279898513
BAD 148064496649
BAD 148065128413
BAD 148264368709
BAD 148065209401
BAD 148065209407
BAD 148130763821
BAD 148065294667
BAD 148065492529
BAD 148264909391
BAD 148264909393
BAD 148264909399
BAD 148264909409
BAD 148264909411
BAD 148131088883
BAD 148264986323
BAD 148264986329
BAD 148265062163
BAD 148281389843
BAD 148131188131
BAD 148131244951
BAD 148065963053
BAD 148281699353
BAD 148281699383
BAD 148131451373
BAD 148131512161
BAD 148265658439
BAD 148282244023
BAD 148176665081
BAD 148265658451
BAD 148176665083
BAD 148176826093
BAD 148176826103
BAD 148265797151
BAD 148265797153
BAD 148265870749
BAD 148282556887
BAD 148282719469
BAD 148282822657
BAD 148177642867
BAD 148177699133
BAD 148266485467
BAD 148177777549
BAD 148177777567
BAD 148131831517
BAD 148177794631
BAD 148131901997
BAD 148131902069
BAD 148131902071
BAD 148266626051
BAD 148131945919
BAD 148131945937
BAD 148177893053
BAD 148177893079
BAD 148283377807
BAD 148177949791
BAD 148177978783
BAD 148267567519
BAD 148066644463
BAD 148137143239
BAD 148177978787
BAD 148177978789
BAD 148137143243
BAD 148066746313
BAD 148066767707
BAD 148066767713
BAD 148178184151
BAD 148178190551
BAD 148066849901
BAD 148067040467
BAD 148067040469
BAD 148268159113
BAD 148268159119
BAD 148178657551
BAD 148137964003
BAD 148067190289
BAD 148067190301
BAD 148178704259
BAD 148178771483
BAD 148067381251
BAD 148067381257
BAD 148067397571
BAD 148067422781
BAD 148179029701
BAD 148138650467
BAD 148138650469
BAD 148067873047
BAD 148139295767
BAD 148132767169
BAD 148179695497
BAD 148283929553
BAD 148139295769
BAD 148283929559
BAD 148283929561
BAD 148283929567
BAD 148283929583
BAD 148283929589
BAD 148283929603
BAD 148283929609
BAD 148283929613
BAD 148179787993
BAD 148179787997
BAD 148179787999
BAD 148179791911
BAD 148068054241
BAD 148068054271
BAD 148068054283
BAD 148139669317
BAD 148284437699
BAD 148284437701
BAD 148284437713
BAD 148180073233
BAD 148180073243
BAD 148133502199
BAD 148284747217
BAD 148284749317
BAD 148284761609
BAD 148180674163
BAD 148269074809
BAD 148140292799
BAD 148269074813
BAD 148269074819
BAD 148140292801
BAD 148140549049
BAD 148285044379
BAD 148269558769
BAD 148181181353
BAD 148134035561
BAD 148134035563
BAD 148140866879
BAD 148140950941
BAD 148181306971
BAD 148181405027
BAD 148285450883
BAD 148285450897
BAD 148134369203
BAD 148134401413
BAD 148134401419
BAD 148134401431
BAD 148270140979
BAD 148141221743
BAD 148141221757
BAD 148141221763
BAD 148141221769
BAD 148141221773
BAD 148270274707
BAD 148181635603
BAD 148141354643
BAD 148134714961
BAD 148270397623
BAD 148285690559
BAD 148134714967
BAD 148270397647
BAD 148270397651
BAD 148285690561
BAD 148141354651
BAD 148141403387
BAD 148141403393
BAD 148141413929
BAD 148141413983
BAD 148134806221
BAD 148181735503
BAD 148141633337
BAD 148141827571
BAD 148270868731
BAD 148135316683
BAD 148270983559
BAD 148271011373
BAD 148182186623
BAD 148271024273
BAD 148271024281
BAD 148271024287
BAD 148182454759
BAD 148238191891
BAD 148238191967
BAD 148238191993
BAD 148238192023
BAD 148182760189
BAD 148143394447
BAD 148238967517
BAD 148287477133
BAD 148143394453
BAD 148143468841
BAD 148287613031
BAD 148287613049
BAD 148287613051
BAD 148287613057
BAD 148136448931
BAD 148136495543
BAD 148287762551
BAD 148287762559
BAD 148183090343
BAD 148183090351
BAD 148183182307
BAD 148183182331
BAD 148183182337
BAD 148183182341
BAD 148183285981
BAD 148183286059
BAD 148068434167
BAD 148183324433
BAD 148183324501
BAD 148183324511
BAD 148239516391
BAD 148068454579
BAD 148136900419
BAD 148136900437
BAD 148136900441
BAD 148183521263
BAD 148183521271
BAD 148183521293
BAD 148183521301
BAD 148239971309
BAD 148239971311
BAD 148068997441
BAD 148183774447
BAD 148240076251
BAD 148069073549
BAD 148183924391
BAD 148183924393
BAD 148183924397
BAD 148183924403
BAD 148183924433
BAD 148184068013
BAD 148240413653
BAD 148240539361
BAD 148240539367
BAD 148184410589
BAD 148145200403
BAD 148069818119
BAD 148069818121
BAD 148069818131
BAD 148069818133
BAD 148240736317
BAD 148145515591
BAD 148145774611
BAD 148145774617
BAD 148145819309
BAD 148241006701
BAD 148185186619
BAD 148241351743
BAD 148146316259
BAD 148087629779
BAD 148185745933
BAD 148087662433
BAD 148146399733
BAD 148146426787
BAD 148146545623
BAD 148146795833
BAD 148147084013
BAD 148147084021
BAD 148088984723
BAD 148088984731
BAD 148242621031
BAD 148089313129
BAD 148089313133
BAD 148147879367
BAD 148147879423
BAD 148187195641
BAD 148089735259
BAD 148089735263
BAD 148148047477
BAD 148089972169
BAD 148243281889
BAD 148090141421
BAD 148243532813
BAD 148148463817
BAD 148148463839
BAD 148243623323
BAD 148148505481
BAD 148090366891
BAD 148090581497
BAD 148149248827
BAD 148149248839
BAD 148244158891
BAD 148090652189
BAD 148149634109
BAD 148149634111
BAD 148090921009
BAD 148150296871
BAD 148245352141
BAD 148091348543
BAD 148151040707
BAD 148245740551
BAD 148245806101
BAD 148151302597
BAD 148151302613
BAD 148245925921
BAD 148245929443
BAD 148091679737
BAD 148091679739
BAD 148151515691
BAD 148151515693
BAD 148246077493
BAD 148091804551
BAD 148246294187
BAD 148246294201
BAD 148151966869
BAD 148091960161
BAD 148246799551
BAD 148092263639
BAD 148247037481
BAD 148247181877
BAD 148152603737
BAD 148152623371
BAD 148152717641
BAD 148247565421
BAD 148247764523
BAD 148092842173
BAD 148092842281
BAD 148153192183
BAD 148153192193
BAD 148153192199
BAD 148247880463
BAD 148093030117
BAD 148093030123
BAD 148248399469
BAD 148248399473
BAD 148248436969
BAD 148248437047
BAD 148093459433
BAD 148093459441
BAD 148248679927
BAD 148248679933
BAD 148248936133
BAD 148248936139
BAD 148249039117
BAD 148094204873
BAD 148249450931
BAD 148249450933
BAD 148094866279
BAD 148250415437
BAD 148250729387
BAD 148250739929
BAD 148095270487
BAD 148095270493
BAD 148251352819
BAD 148251573727
BAD 148251600643
BAD 148096089881
BAD 148252212481
BAD 148252212553
BAD 148096258267
BAD 148096280939
BAD 148252652183
BAD 148252912679
BAD 148252912681
BAD 148253092133
BAD 148253188021
BAD 148253280983
BAD 148253280991
BAD 148253360363
BAD 148097152681
BAD 148253663573
BAD 148097582263
BAD 148253938163
BAD 148254140737
BAD 148254140743
BAD 148098085153
BAD 148254252437
BAD 148254291197
BAD 148098968477
BAD 148099137359
BAD 148099215499
BAD 148099234247
BAD 148099234249
BAD 148099234253
BAD 148099798321
BAD 148100398403
BAD 148100690203
BAD 148100798221
BAD 148100835383
BAD 148100909717
BAD 148100987063
BAD 148100987071
BAD 148101727021
BAD 148102151929
BAD 148102151933
BAD 148102656917
BAD 148102656973
BAD 148102656979
BAD 148102929413
BAD 148204828903
BAD 148205143123
BAD 148205648587
BAD 148205770697
BAD 148205770711
BAD 148205770759
BAD 148205831261
BAD 148205994809
BAD 148205994817
BAD 148206561263
BAD 148207169909
BAD 148207169911
BAD 148207547113
BAD 148208366881
BAD 148209012181
BAD 148209353167
BAD 148210043287
BAD 148153807933
BAD 148211011231
BAD 148154008069
BAD 148154008073
BAD 148211786209
BAD 148211812019
BAD 148211812039
BAD 148187344597
BAD 148187404769
BAD 148187404801
BAD 148187430277
BAD 148187430283
BAD 148155167137
BAD 148212580963
BAD 148212607693
BAD 148155385933
BAD 148188209633
BAD 148155756431
BAD 148155756433
BAD 148188479429
BAD 148103699353
BAD 148155916849
BAD 148188479431
BAD 148188484151
BAD 148188484153
BAD 148103775067
BAD 148188719383
BAD 148156193461
BAD 148156280203
BAD 148156322959
BAD 148104184253
BAD 148104221827
BAD 148188930611
BAD 148188930613
BAD 148188936299
BAD 148156446593
BAD 148156446733
BAD 148189029661
BAD 148156951441
BAD 148189264021
BAD 148189264033
BAD 148189813531
BAD 148104483353
BAD 148104483367
BAD 148104577177
BAD 148104577183
BAD 148190158043
BAD 148190158099
BAD 148158048547
BAD 148190479793
BAD 148158432173
BAD 148105516861
BAD 148158532831
BAD 148158927383
BAD 148158927439
BAD 148190864791
BAD 148190884823
BAD 148158993923
BAD 148106079773
BAD 148106350339
BAD 148106486933
BAD 148106508337
BAD 148106508343
BAD 148106750053
BAD 148106750059
BAD 148191632749
BAD 148191632753
BAD 148191632767
BAD 148221053509
BAD 148191805429
BAD 148221431023
BAD 148221431027
BAD 148221459959
BAD 148221459961
BAD 148192006673
BAD 148221564773
BAD 148222254379
BAD 148222254391
BAD 148222301209
BAD 148192769779
BAD 148222358083
BAD 148212927697
BAD 148212927701
BAD 148212927703
BAD 148222392931
BAD 148212971143
BAD 148107574639
BAD 148213060469
BAD 148213087733
BAD 148213087753
BAD 148213087837
BAD 148213087843
BAD 148222646329
BAD 148108027513
BAD 148108027523
BAD 148108158889
BAD 148108172899
BAD 148108172903
BAD 148108172909
BAD 148108172911
BAD 148213637413
BAD 148213637417
BAD 148213637419
BAD 148213637423
BAD 148223283919
BAD 148193045617
BAD 148223283931
BAD 148193125337
BAD 148193125343
BAD 148223343119
BAD 148108676813
BAD 148213946417
BAD 148213983961
BAD 148223672827
BAD 148108915379
BAD 148214347769
BAD 148223873893
BAD 148159517083
BAD 148159517089
BAD 148214514143
BAD 148224229849
BAD 148224263659
BAD 148109306419
BAD 148109335993
BAD 148109336003
BAD 148214836339
BAD 148224462079
BAD 148224462083
BAD 148224481991
BAD 148214915477
BAD 148224567653
BAD 148224567661
BAD 148224567713
BAD 148224621383
BAD 148159836637
BAD 148224818243
BAD 148224818249
BAD 148224818251
BAD 148225247683
BAD 148215456821
BAD 148160132111
BAD 148225265737
BAD 148160184751
BAD 148160247187
BAD 148160247197
BAD 148160247199
BAD 148160247211
BAD 148225373599
BAD 148160359021
BAD 148215886151
BAD 148160888053
BAD 148160888059
BAD 148109496167
BAD 148109641103
BAD 148217122847
BAD 148217122849
BAD 148217122853
BAD 148226210221
BAD 148217220467
BAD 148217220469
BAD 148110446683
BAD 148110446719
BAD 148110634039
BAD 148110634043
BAD 148226531611
BAD 148110681503
BAD 148217471249
BAD 148217471251
BAD 148217471257
BAD 148110722299
BAD 148218231079
BAD 148162363277
BAD 148193359711
BAD 148193359723
BAD 148193419637
BAD 148193419639
BAD 148193744737
BAD 148218559981
BAD 148162866763
BAD 148111462159
BAD 148111597583
BAD 148111597603
BAD 148111597607
BAD 148111639727
BAD 148111639729
BAD 148218965437
BAD 148218965443
BAD 148218965449
BAD 148163242159
BAD 148163260163
BAD 148219034077
BAD 148111951423
BAD 148111951451
BAD 148111951453
BAD 148194737749
BAD 148194737753
BAD 148194770069
BAD 148194770083
BAD 148219622989
BAD 148195253719
BAD 148220345461
BAD 148112677151
BAD 148163752411
BAD 148112945483
BAD 148112945489
BAD 148226674439
BAD 148226674441
BAD 148226674447
BAD 148226765047
BAD 148113190471
BAD 148163928223
BAD 148164072403
BAD 148164072409
BAD 148164103039
BAD 148196087209
BAD 148196087213
BAD 148114097539
BAD 148196434951
BAD 148114164431
BAD 148114432273
BAD 148114494751
BAD 148114494961
BAD 148114610689
BAD 148114610767
BAD 148164638273
BAD 148115349271
BAD 148197314059
BAD 148197359047
BAD 148197359059
BAD 148197571981
BAD 148165729519
BAD 148115635781
BAD 148115635783
BAD 148197652459
BAD 148115799379
BAD 148115799383
BAD 148115867569
BAD 148227230089
BAD 148116319837
BAD 148116491167
BAD 148116491179
BAD 148116491183
BAD 148198399873
BAD 148198428673
BAD 148116944839
BAD 148198486351
BAD 148198587517
BAD 148166390003
BAD 148166590223
BAD 148228985189
BAD 148229005999
BAD 148166876269
BAD 148166876279
BAD 148166876281
BAD 148166876317
BAD 148166876329
BAD 148229141587
BAD 148199495771
BAD 148229782639
BAD 148199731711
BAD 148230409801
BAD 148117657399
BAD 148167678467
BAD 148117657403
BAD 148167678469
BAD 148117690291
BAD 148117690297
BAD 148117690339
BAD 148117690349
BAD 148117690351
BAD 148199814887
BAD 148167972839
BAD 148230806183
BAD 148230806209
BAD 148168191841
BAD 148168335979
BAD 148200173419
BAD 148200173431
BAD 148231406137
BAD 148231406159
BAD 148231406161
BAD 148231416491
BAD 148231453261
BAD 148168675051
BAD 148231585651
BAD 148231732063
BAD 148200462919
BAD 148200542783
BAD 148231952783
BAD 148200640249
BAD 148200640253
BAD 148118614957
BAD 148118624711
BAD 148118624713
BAD 148232572801
BAD 148232622691
BAD 148169272883
BAD 148118829941
BAD 148118829961
BAD 148232961059
BAD 148232961061
BAD 148232961077
BAD 148232968861
BAD 148232968867
BAD 148232968879
BAD 148232980507
BAD 148233027743
BAD 148233027749
BAD 148233178241
BAD 148233178243
BAD 148200924889
BAD 148200931013
BAD 148233199291
BAD 148233199297
BAD 148119558163
BAD 148119558173
BAD 148169632001
BAD 148119838777
BAD 148169869049
BAD 148170027053
BAD 148170073003
BAD 148201583273
BAD 148233408541
BAD 148201583303
BAD 148170084137
BAD 148170084143
BAD 148201798021
BAD 148202161853
BAD 148202294453
BAD 148233617201
BAD 148233711443
BAD 148233711449
BAD 148202995379
BAD 148203184823
BAD 148203212203
BAD 148203817913
BAD 148203817919
BAD 148203817943
BAD 148203860053
BAD 148235158979
BAD 148235223469
BAD 148235570491
BAD 148235570501
BAD 148235642843
BAD 148235642881
BAD 148235642887
BAD 148236110573
BAD 148236288821
BAD 148236288829
BAD 148236288833
BAD 148236683303
BAD 148236683311
BAD 148236792173
BAD 148236792181
BAD 148236937309
BAD 148237161161
BAD 148388900293
BAD 148389027383
BAD 148389443029
BAD 148405503847
BAD 148405503863
BAD 148405816241
BAD 148405816243
BAD 148405852789
BAD 148390402273
BAD 148390728701
BAD 148390728727
BAD 148406360191
BAD 148391009707
BAD 148391009731
BAD 148391009737
BAD 148407108869
BAD 148391336437
BAD 148391442013
BAD 148391442109
BAD 148391482669
BAD 148407718273
BAD 148407830663
BAD 148407839159
BAD 148407839161
BAD 148391971963
BAD 148338428957
BAD 148408809893
BAD 148338428971
BAD 148408933741
BAD 148392716749
BAD 148392716767
BAD 148409683759
BAD 148339497283
BAD 148409902159
BAD 148409902163
BAD 148393086169
BAD 148393126111
BAD 148410072557
BAD 148410072563
BAD 148393285771
BAD 148410137287
BAD 148393573397
BAD 148410530629
BAD 148410530633
BAD 148410592747
BAD 148410592753
BAD 148410592777
BAD 148410592783
BAD 148411079633
BAD 148394347081
BAD 148340760329
BAD 148340760331
BAD 148411339291
BAD 148394531447
BAD 148341078079
BAD 148411608337
BAD 148395002867
BAD 148411608349
BAD 148341078091
BAD 148341078121
BAD 148411612213
BAD 148411789727
BAD 148341274033
BAD 148341274171
BAD 148395238291
BAD 148395238331
BAD 148411962239
BAD 148411962241
BAD 148411962247
BAD 148395400291
BAD 148395400333
BAD 148395515357
BAD 148341876169
BAD 148412703077
BAD 148412703079
BAD 148412703091
BAD 148412703097
BAD 148396198133
BAD 148413003353
BAD 148396444817
BAD 148396469339
BAD 148396469341
BAD 148413124631
BAD 148413304253
BAD 148288410191
BAD 148304976863
BAD 148413328339
BAD 148288410199
BAD 148396813309
BAD 148413415291
BAD 148413497231
BAD 148396988041
BAD 148288788649
BAD 148288788677
BAD 148288788679
BAD 148288929511
BAD 148288929517
BAD 148288929521
BAD 148414008559
BAD 148397503733
BAD 148414081441
BAD 148414097179
BAD 148397589763
BAD 148397589773
BAD 148397589803
BAD 148397589811
BAD 148397589817
BAD 148414183573
BAD 148414362323
BAD 148414362329
BAD 148397839771
BAD 148397882533
BAD 148397882557
BAD 148397882561
BAD 148397882569
BAD 148342647841
BAD 148305863369
BAD 148342647863
BAD 148305863371
BAD 148342693441
BAD 148414735291
BAD 148342745029
BAD 148342781641
BAD 148398093469
BAD 148343033233
BAD 148343033239
BAD 148343033249
BAD 148343138147
BAD 148343138149
BAD 148306698413
BAD 148415247377
BAD 148306717343
BAD 148306755959
BAD 148306775159
BAD 148398440339
BAD 148398440651
BAD 148307050231
BAD 148398832873
BAD 148416292127
BAD 148399075639
BAD 148399460863
BAD 148308492197
BAD 148308492203
BAD 148345041017
BAD 148417093087
BAD 148400034173
BAD 148309074863
BAD 148309074871
BAD 148417105943
BAD 148400034179
BAD 148417189937
BAD 148309300963
BAD 148309301009
BAD 148309301011
BAD 148417291213
BAD 148289814721
BAD 148400336153
BAD 148309681733
BAD 148290146353
BAD 148400791103
BAD 148400922127
BAD 148400942959
BAD 148417813823
BAD 148417833217
BAD 148401128251
BAD 148401128257
BAD 148417924339
BAD 148417924351
BAD 148418004733
BAD 148290444571
BAD 148290444583
BAD 148290567653
BAD 148310243209
BAD 148401635671
BAD 148310859979
BAD 148291067191
BAD 148310985391
BAD 148402707883
BAD 148310985397
BAD 148418639461
BAD 148402992553
BAD 148402992571
BAD 148311289169
BAD 148311289171
BAD 148311307283
BAD 148403304991
BAD 148403495971
BAD 148403495993
BAD 148403496001
BAD 148311928969
BAD 148291445693
BAD 148291468411
BAD 148291476301
BAD 148312131311
BAD 148312131313
BAD 148312167403
BAD 148403696141
BAD 148403696143
BAD 148403812771
BAD 148419837263
BAD 148419845173
BAD 148419881783
BAD 148419881789
BAD 148419881791
BAD 148312715077
BAD 148403989193
BAD 148292119211
BAD 148420271611
BAD 148403989219
BAD 148403989247
BAD 148403989249
BAD 148403989277
BAD 148312767481
BAD 148312767487
BAD 148420368241
BAD 148420368269
BAD 148404167719
BAD 148404167729
BAD 148404167731
BAD 148312929211
BAD 148312976587
BAD 148420841119
BAD 148292681809
BAD 148292681813
BAD 148313367511
BAD 148404731551
BAD 148421218093
BAD 148421218117
BAD 148421218139
BAD 148405026079
BAD 148405026083
BAD 148405026139
BAD 148405044803
BAD 148421578769
BAD 148421578771
BAD 148293433693
BAD 148293433699
BAD 148314199571
BAD 148314199573
BAD 148314284669
BAD 148345397663
BAD 148345575353
BAD 148345575361
BAD 148345967611
BAD 148345967641
BAD 148314988561
BAD 148315137343
BAD 148315205369
BAD 148346455951
BAD 148346455967
BAD 148346455969
BAD 148346482523
BAD 148293813977
BAD 148293813979
BAD 148315817453
BAD 148294094341
BAD 148294137389
BAD 148294137391
BAD 148347095887
BAD 148347389419
BAD 148347389423
BAD 148347576203
BAD 148347860209
BAD 148347860341
BAD 148348292041
BAD 148348292047
BAD 148316359649
BAD 148316359651
BAD 148316359661
BAD 148316376491
BAD 148316376493
BAD 148316412781
BAD 148316649917
BAD 148316649919
BAD 148317032111
BAD 148317032113
BAD 148317032119
BAD 148348903957
BAD 148317654703
BAD 148349116411
BAD 148318150951
BAD 148318150961
BAD 148318150963
BAD 148349598127
BAD 148318396777
BAD 148350074731
BAD 148350074737
BAD 148350074791
BAD 148350241051
BAD 148350241069
BAD 148350241079
BAD 148318779493
BAD 148318812931
BAD 148318812937
BAD 148350405397
BAD 148319150899
BAD 148294868017
BAD 148319150911
BAD 148319366821
BAD 148295431313
BAD 148295641789
BAD 148295675303
BAD 148295675329
BAD 148295726039
BAD 148295726041
BAD 148295773631
BAD 148320087793
BAD 148295879243
BAD 148296101641
BAD 148296101669
BAD 148296101671
BAD 148320558049
BAD 148296730471
BAD 148296898363
BAD 148297068499
BAD 148355312647
BAD 148355312659
BAD 148355312663
BAD 148355312671
BAD 148321178617
BAD 148355561539
BAD 148355573921
BAD 148355633837
BAD 148350769891
BAD 148355843887
BAD 148355843891
BAD 148350837403
BAD 148355843903
BAD 148355843921
BAD 148297755191
BAD 148356038759
BAD 148356076579
BAD 148298545567
BAD 148298748449
BAD 148356704887
BAD 148352517433
BAD 148357170901
BAD 148357279639
BAD 148357279643
BAD 148353189953
BAD 148299371287
BAD 148299456737
BAD 148299471169
BAD 148299614849
BAD 148299614851
BAD 148353629833
BAD 148299941773
BAD 148353844297
BAD 148353911501
BAD 148353920107
BAD 148354096531
BAD 148300594733
BAD 148358056309
BAD 148358089111
BAD 148358181709
BAD 148358192627
BAD 148300768073
BAD 148422766027
BAD 148358192629
BAD 148423034713
BAD 148301256811
BAD 148301256823
BAD 148423136167
BAD 148423136177
BAD 148423136179
BAD 148423137949
BAD 148423137959
BAD 148354736939
BAD 148354736941
BAD 148354972699
BAD 148423638439
BAD 148423638443
BAD 148424106503
BAD 148424106517
BAD 148424231003
BAD 148424243447
BAD 148424243449
BAD 148302090527
BAD 148424413789
BAD 148424413793
BAD 148424413799
BAD 148424413801
BAD 148424917549
BAD 148424917561
BAD 148302596777
BAD 148302596779
BAD 148360621553
BAD 148302754981
BAD 148302837817
BAD 148360934881
BAD 148361117101
BAD 148361117173
BAD 148426195327
BAD 148426195349
BAD 148361132873
BAD 148426304371
BAD 148361232181
BAD 148361415919
BAD 148361415929
BAD 148361415931
BAD 148426675783
BAD 148426675807
BAD 148361572813
BAD 148361572817
BAD 148361572837
BAD 148303549481
BAD 148303549483
BAD 148303549489
BAD 148427192003
BAD 148303840907
BAD 148427377783
BAD 148362237329
BAD 148362253657
BAD 148304184311
BAD 148362714457
BAD 148362714463
BAD 148372256653
BAD 148372313821
BAD 148362880333
BAD 148304597813
BAD 148363005127
BAD 148363005139
BAD 148363142299
BAD 148428701303
BAD 148304691883
BAD 148304691893
BAD 148363487663
BAD 148304691901
BAD 148428824363
BAD 148363487669
BAD 148372954747
BAD 148364024023
BAD 148429328321
BAD 148429339007
BAD 148364087999
BAD 148364088001
BAD 148364088031
BAD 148364096659
BAD 148373639767
BAD 148364211329
BAD 148364243359
BAD 148429522433
BAD 148373873629
BAD 148373873633
BAD 148373911817
BAD 148429618087
BAD 148374111349
BAD 148364610703
BAD 148429752379
BAD 148364610707
BAD 148364610739
BAD 148364610743
BAD 148364699971
BAD 148364699993
BAD 148429902883
BAD 148429923923
BAD 148374325921
BAD 148430319733
BAD 148374561031
BAD 148430554499
BAD 148430554501
BAD 148365361897
BAD 148365361913
BAD 148365420997
BAD 148374908807
BAD 148374908809
BAD 148430836369
BAD 148430836381
BAD 148430836391
BAD 148430875283
BAD 148321839451
BAD 148431375649
BAD 148375471039
BAD 148365881161
BAD 148431784247
BAD 148431784253
BAD 148375784153
BAD 148366389683
BAD 148432098277
BAD 148322725787
BAD 148432098289
BAD 148432098313
BAD 148432145233
BAD 148432145243
BAD 148432359077
BAD 148432359079
BAD 148376091023
BAD 148376136091
BAD 148323530683
BAD 148323530687
BAD 148323530689
BAD 148376243251
BAD 148376321813
BAD 148376342731
BAD 148432816901
BAD 148366840933
BAD 148366888433
BAD 148366888451
BAD 148433119841
BAD 148433119843
BAD 148376840767
BAD 148377186049
BAD 148367174699
BAD 148323901711
BAD 148377270347
BAD 148377270449
BAD 148377301507
BAD 148433474887
BAD 148324031543
BAD 148377301511
BAD 148433474897
BAD 148433474899
BAD 148433559949
BAD 148377376759
BAD 148377536563
BAD 148377536569
BAD 148434084727
BAD 148434172849
BAD 148325993243
BAD 148326201473
BAD 148326222511
BAD 148326229663
BAD 148435230751
BAD 148435602041
BAD 148435602043
BAD 148435602101
BAD 148435602103
BAD 148435966883
BAD 148436583199
BAD 148436583203
BAD 148436911673
BAD 148367348483
BAD 148367348489
BAD 148367348491
BAD 148328174593
BAD 148437442733
BAD 148328812543
BAD 148328812547
BAD 148328812549
BAD 148328812553
BAD 148437828239
BAD 148437828241
BAD 148368060889
BAD 148437954989
BAD 148437954991
BAD 148368143191
BAD 148329078661
BAD 148329117421
BAD 148438245169
BAD 148438245173
BAD 148329269849
BAD 148368480881
BAD 148368480889
BAD 148368480893
BAD 148368480901
BAD 148368561013
BAD 148368561017
BAD 148368570619
BAD 148368695353
BAD 148329455903
BAD 148438880341
BAD 148329574621
BAD 148369139147
BAD 148381243447
BAD 148369243837
BAD 148381530511
BAD 148369593679
BAD 148381683161
BAD 148369593683
BAD 148330613993
BAD 148381683169
BAD 148330614001
BAD 148330614077
BAD 148330614079
BAD 148330614083
BAD 148369771169
BAD 148369810531
BAD 148369821001
BAD 148330924501
BAD 148330995661
BAD 148382258923
BAD 148331094187
BAD 148331094203
BAD 148382417273
BAD 148370098873
BAD 148370124619
BAD 148370124631
BAD 148331370403
BAD 148382657851
BAD 148382785891
BAD 148383037927
BAD 148383037939
BAD 148370162209
BAD 148383052187
BAD 148383052189
BAD 148383052193
BAD 148383137579
BAD 148370322427
BAD 148383137587
BAD 148383446023
BAD 148331960641
BAD 148383701471
BAD 148370839009
BAD 148383785533
BAD 148370916613
BAD 148370916623
BAD 148332167839
BAD 148371062473
BAD 148384091707
BAD 148384684823
BAD 148371594247
BAD 148371594251
BAD 148384925509
BAD 148384925519
BAD 148384925587
BAD 148371734647
BAD 148371814711
BAD 148332914239
BAD 148333018429
BAD 148333183561
BAD 148333223047
BAD 148385890361
BAD 148385956111
BAD 148386039569
BAD 148386039587
BAD 148386190261
BAD 148333671001
BAD 148386629627
BAD 148386981709
BAD 148333951663
BAD 148334240783
BAD 148334266081
BAD 148334320583
BAD 148334541227
BAD 148334847523
BAD 148334847533
BAD 148334847559
BAD 148334847569
BAD 148334847571
BAD 148387740229
BAD 148387740233
BAD 148335071947
BAD 148335071953
BAD 148335071957
BAD 148335071959
BAD 148335217013
BAD 148335392189
BAD 148335784997
BAD 148335816373
BAD 148335898937
BAD 148335898939
BAD 148388464753
BAD 148388464759
BAD 148388464771
BAD 148336591903
BAD 148337092583
BAD 148337092597
BAD 148337092601
BAD 148337231533
BAD 148337499859
BAD 148439153537
BAD 148439153539
BAD 148439445709
BAD 148439517803
BAD 148439747041
BAD 148439799049
BAD 148439799097
BAD 148440033901
BAD 148440585149
BAD 148440585151
BAD 148441286641
BAD 148441861343
BAD 148442214007
BAD 148442854213
BAD 148443360397
BAD 148443789821
BAD 148443831527
BAD 148444175753
BAD 148444175779
BAD 148444175791
BAD 148444409419
BAD 148444409423
BAD 148445875673
BAD 148445875717
BAD 148445921011
BAD 148446731449
BAD 148446731453
BAD 148446835247
BAD 148446835249
BAD 148446835253
BAD 148446835261
BAD 148447621691
BAD 148448512139
BAD 148448512141
BAD 148448580661
BAD 148449000481
BAD 148449461387
BAD 148449461389
BAD 148449596929
BAD 148449596941
BAD 148450565071
BAD 148451155621
BAD 148451155627
BAD 148451852413
BAD 148452176087
BAD 148452176261
BAD 148452176273
BAD 148452237859
BAD 148452237937
BAD 148452237943
BAD 148452967151
BAD 148452967153
BAD 148453494443
BAD 148453494481
BAD 148454037113
BAD 148454705701
BAD 148455054793
BAD 148455213679
BAD 148455223463
BAD 148455223471
BAD 148455448417
BAD 148523432293
BAD 148523854903
BAD 148523854909
BAD 148523870953
BAD 148523954611
BAD 148524134029
BAD 148524134041
BAD 148524668659
BAD 148525682783
BAD 148525711759
BAD 148525772029
BAD 148526014253
BAD 148526488307
BAD 148526604451
BAD 148526915689
BAD 148506500783
BAD 148506510461
BAD 148506510463
BAD 148506510473
BAD 148527912251
BAD 148527912257
BAD 148507092823
BAD 148528146817
BAD 148528337053
BAD 148528385633
BAD 148507922153
BAD 148528742101
BAD 148528752059
BAD 148528752061
BAD 148556608073
BAD 148556837281
BAD 148556942629
BAD 148557059117
BAD 148557091313
BAD 148557091321
BAD 148557598703
BAD 148557863527
BAD 148557896021
BAD 148557896023
BAD 148557896029
BAD 148557896033
BAD 148558055869
BAD 148530602333
BAD 148530665131
BAD 148558199029
BAD 148558475927
BAD 148558475929
BAD 148531138439
BAD 148531150003
BAD 148531237441
BAD 148558823311
BAD 148531431203
BAD 148559421883
BAD 148559421887
BAD 148559421889
BAD 148559421893
BAD 148531768733
BAD 148559787043
BAD 148508231213
BAD 148559905387
BAD 148508958383
BAD 148508977399
BAD 148509090193
BAD 148560388831
BAD 148560389297
BAD 148509229333
BAD 148509922559
BAD 148561147373
BAD 148561408043
BAD 148561408049
BAD 148561423501
BAD 148561503323
BAD 148561639441
BAD 148561884223
BAD 148561921309
BAD 148562136011
BAD 148562172443
BAD 148562240807
BAD 148562240809
BAD 148562404351
BAD 148562485411
BAD 148562485417
BAD 148562807191
BAD 148562856457
BAD 148511547083
BAD 148511547091
BAD 148511559113
BAD 148511559121
BAD 148511562053
BAD 148511719717
BAD 148531990643
BAD 148512430817
BAD 148512570961
BAD 148563806543
BAD 148532673161
BAD 148533018973
BAD 148533018983
BAD 148564036393
BAD 148533300733
BAD 148564273621
BAD 148564361677
BAD 148533651061
BAD 148564522387
BAD 148533762133
BAD 148533762137
BAD 148564632263
BAD 148534033541
BAD 148534033553
BAD 148534033559
BAD 148534033561
BAD 148565133463
BAD 148565237581
BAD 148534594193
BAD 148534604227
BAD 148534604243
BAD 148535267173
BAD 148565478571
BAD 148535499551
BAD 148574286559
BAD 148574286563
BAD 148535719957
BAD 148535720041
BAD 148535862229
BAD 148535862281
BAD 148574896363
BAD 148455783493
BAD 148566175309
BAD 148575083677
BAD 148575111631
BAD 148575111637
BAD 148455906517
BAD 148455906527
BAD 148566273983
BAD 148456235131
BAD 148536287467
BAD 148536287491
BAD 148575572611
BAD 148575572633
BAD 148566552961
BAD 148456488293
BAD 148456489021
BAD 148575863483
BAD 148456709041
BAD 148456881977
BAD 148456882061
BAD 148456882069
BAD 148457022863
BAD 148512875353
BAD 148576577341
BAD 148457022869
BAD 148512875359
BAD 148537351429
BAD 148537351433
BAD 148512946733
BAD 148537655197
BAD 148457753519
BAD 148457856629
BAD 148457956123
BAD 148458142171
BAD 148513753393
BAD 148577977957
BAD 148538719141
BAD 148538894003
BAD 148538899583
BAD 148538911483
BAD 148538944493
BAD 148538959801
BAD 148458812659
BAD 148458812707
BAD 148539023663
BAD 148539023701
BAD 148539284563
BAD 148539284573
BAD 148539284599
BAD 148539284603
BAD 148539373711
BAD 148458846793
BAD 148514570489
BAD 148578923791
BAD 148578988553
BAD 148579259761
BAD 148579259767
BAD 148515010043
BAD 148515010051
BAD 148515365129
BAD 148459320307
BAD 148459320313
BAD 148459320343
BAD 148459320397
BAD 148579712693
BAD 148515685441
BAD 148515821423
BAD 148580070181
BAD 148580070217
BAD 148515875041
BAD 148516048699
BAD 148516062679
BAD 148516062683
BAD 148459969363
BAD 148460028001
BAD 148516262347
BAD 148580712473
BAD 148580712491
BAD 148580769587
BAD 148580769593
BAD 148580842051
BAD 148580842079
BAD 148567035833
BAD 148517395933
BAD 148517419543
BAD 148517707159
BAD 148581063797
BAD 148581063803
BAD 148567564469
BAD 148567564471
BAD 148581285091
BAD 148567851937
BAD 148518339269
BAD 148518339271
BAD 148567884953
BAD 148567884961
BAD 148567884979
BAD 148581524383
BAD 148518428813
BAD 148518679613
BAD 148568188313
BAD 148568188319
BAD 148518777559
BAD 148568443973
BAD 148519054771
BAD 148519145513
BAD 148582070641
BAD 148582070671
BAD 148568943169
BAD 148568943181
BAD 148568944801
BAD 148569011893
BAD 148582592251
BAD 148569580031
BAD 148489374409
BAD 148520024573
BAD 148569638323
BAD 148489580917
BAD 148520330701
BAD 148520330711
BAD 148569982513
BAD 148520553373
BAD 148520741287
BAD 148570360333
BAD 148520909813
BAD 148570512499
BAD 148570539113
BAD 148521180763
BAD 148521524531
BAD 148521524533
BAD 148571271403
BAD 148571286683
BAD 148571989949
BAD 148491249317
BAD 148491249323
BAD 148491253213
BAD 148572168053
BAD 148584208369
BAD 148584208373
BAD 148584208391
BAD 148522778083
BAD 148522778087
BAD 148522778111
BAD 148492692683
BAD 148572576707
BAD 148572576709
BAD 148522778113
BAD 148572598637
BAD 148572598639
BAD 148522822807
BAD 148522822813
BAD 148522822817
BAD 148522822823
BAD 148585778171
BAD 148492753153
BAD 148585812071
BAD 148572851873
BAD 148572950993
BAD 148572987421
BAD 148460602757
BAD 148492985677
BAD 148492985689
BAD 148492987681
BAD 148460666581
BAD 148460705689
BAD 148493116777
BAD 148493313803
BAD 148493318401
BAD 148493399783
BAD 148586186389
BAD 148586186393
BAD 148461253999
BAD 148461254003
BAD 148461254017
BAD 148493902153
BAD 148586419873
BAD 148586673797
BAD 148587047743
BAD 148587047747
BAD 148462417567
BAD 148462417573
BAD 148587289681
BAD 148462679699
BAD 148495106407
BAD 148495299413
BAD 148495611637
BAD 148463338823
BAD 148463338831
BAD 148463620073
BAD 148588526563
BAD 148588537411
BAD 148588537423
BAD 148588537463
BAD 148588748779
BAD 148463946751
BAD 148589352829
BAD 148589352833
BAD 148589352841
BAD 148464113033
BAD 148464148003
BAD 148589557289
BAD 148496930783
BAD 148589763353
BAD 148465121239
BAD 148497512953
BAD 148497512993
BAD 148465490507
BAD 148465581139
BAD 148498038197
BAD 148465683833
BAD 148465712371
BAD 148465784149
BAD 148498310839
BAD 148498310843
BAD 148498370627
BAD 148498370633
BAD 148498713773
BAD 148498713833
BAD 148498803857
BAD 148498803863
BAD 148499106709
BAD 148499106713
BAD 148499106719
BAD 148499106739
BAD 148499106751
BAD 148499264261
BAD 148499443801
BAD 148499619217
BAD 148499791829
BAD 148500256159
BAD 148500594287
BAD 148500594289
BAD 148500594293
BAD 148467183679
BAD 148500594301
BAD 148500654227
BAD 148500654229
BAD 148467394223
BAD 148467507457
BAD 148501683623
BAD 148468358893
BAD 148501972867
BAD 148502043947
BAD 148468462157
BAD 148468462159
BAD 148468526161
BAD 148502410373
BAD 148468871449
BAD 148469555291
BAD 148469555293
BAD 148502693569
BAD 148503103289
BAD 148470536761
BAD 148470689629
BAD 148470689639
BAD 148470689641
BAD 148471473803
BAD 148472007611
BAD 148472330621
BAD 148472330623
BAD 148504458313
BAD 148504467497
BAD 148504467499
BAD 148505844769
BAD 148472771023
BAD 148472816143
BAD 148473035803
BAD 148473035807
BAD 148473411637
BAD 148473411817
BAD 148473411847
BAD 148473561583
BAD 148474419563
BAD 148474895827
BAD 148476501031
BAD 148476501037
BAD 148476501049
BAD 148477285823
BAD 148478293883
BAD 148478595263
BAD 148478705671
BAD 148478705681
BAD 148478827043
BAD 148478827061
BAD 148478872621
BAD 148479451621
BAD 148479451633
BAD 148479903961
BAD 148479903967
BAD 148479903973
BAD 148480604851
BAD 148480604869
BAD 148480604873
BAD 148480604903
BAD 148480778431
BAD 148480778443
BAD 148481078569
BAD 148481402393
BAD 148481479519
BAD 148481632723
BAD 148481632751
BAD 148481632753
BAD 148481824537
BAD 148481824571
BAD 148481824573
BAD 148482406243
BAD 148482534217
BAD 148482771607
BAD 148539638147
BAD 148539638153
BAD 148540208431
BAD 148483298801
BAD 148540382993
BAD 148540382999
BAD 148540383001
BAD 148540416319
BAD 148483351697
BAD 148483717223
BAD 148483717339
BAD 148484224969
BAD 148541174281
BAD 148541174293
BAD 148484510701
BAD 148541464501
BAD 148484881007
BAD 148542006983
BAD 148542026363
BAD 148542089287
BAD 148542112699
BAD 148542112703
BAD 148640624851
BAD 148640792033
BAD 148640926807
BAD 148641082171
BAD 148542731347
BAD 148486108753
BAD 148486108789
BAD 148542823777
BAD 148641294961
BAD 148486286783
BAD 148641578597
BAD 148486511941
BAD 148486736843
BAD 148543363699
BAD 148543431653
BAD 148641874111
BAD 148487478343
BAD 148642686637
BAD 148488086077
BAD 148642868123
BAD 148544328253
BAD 148544328259
BAD 148544328263
BAD 148544531029
BAD 148606933549
BAD 148643314163
BAD 148544531041
BAD 148643356027
BAD 148643356031
BAD 148643356033
BAD 148544706517
BAD 148544706529
BAD 148607075803
BAD 148607075821
BAD 148607187691
BAD 148643834219
BAD 148643834221
BAD 148607452291
BAD 148644361687
BAD 148644455833
BAD 148645041331
BAD 148546040527
BAD 148607943859
BAD 148607943863
BAD 148608052367
BAD 148546304261
BAD 148645874317
BAD 148645885261
BAD 148645922083
BAD 148546452721
BAD 148646172511
BAD 148646199353
BAD 148646260921
BAD 148646260933
BAD 148488701521
BAD 148488701533
BAD 148488701539
BAD 148609029031
BAD 148590216913
BAD 148646573969
BAD 148646760733
BAD 148546654903
BAD 148609850269
BAD 148590573421
BAD 148590603157
BAD 148547142031
BAD 148547359427
BAD 148610120333
BAD 148590842501
BAD 148547447141
BAD 148547447143
BAD 148547498161
BAD 148547802679
BAD 148610738267
BAD 148591701233
BAD 148591701239
BAD 148591701241
BAD 148548179749
BAD 148592198221
BAD 148548670279
BAD 148548670561
BAD 148648610161
BAD 148611894287
BAD 148611894289
BAD 148648962113
BAD 148549059649
BAD 148549059653
BAD 148549067441
BAD 148611914303
BAD 148612002199
BAD 148649188789
BAD 148649224837
BAD 148649224853
BAD 148593421553
BAD 148593501019
BAD 148549633327
BAD 148549633333
BAD 148549782151
BAD 148550105629
BAD 148550105633
BAD 148612271123
BAD 148612368371
BAD 148612368407
BAD 148649760323
BAD 148649760331
BAD 148550382403
BAD 148612475449
BAD 148594256359
BAD 148612997371
BAD 148594402939
BAD 148594402949
BAD 148594402951
BAD 148613258779
BAD 148551306151
BAD 148613555837
BAD 148595246381
BAD 148673999063
BAD 148595430043
BAD 148595473343
BAD 148595567917
BAD 148674218293
BAD 148614156917
BAD 148614198877
BAD 148674344209
BAD 148674344213
BAD 148595790899
BAD 148595790901
BAD 148614233203
BAD 148551876859
BAD 148551876871
BAD 148551876901
BAD 148674459799
BAD 148596054427
BAD 148614444127
BAD 148675063373
BAD 148552582219
BAD 148552582223
BAD 148552582231
BAD 148552582237
BAD 148596451193
BAD 148552716353
BAD 148552716359
BAD 148596608653
BAD 148596608669
BAD 148615125733
BAD 148650956243
BAD 148596735739
BAD 148553499053
BAD 148596784859
BAD 148596784879
BAD 148596784883
BAD 148615349809
BAD 148615349843
BAD 148615434547
BAD 148615626451
BAD 148615679257
BAD 148597189519
BAD 148553681329
BAD 148651456691
BAD 148554117739
BAD 148651538557
BAD 148616145373
BAD 148554512591
BAD 148554512593
BAD 148651930159
BAD 148616744267
BAD 148616744273
BAD 148616817301
BAD 148616817473
BAD 148598424001
BAD 148652249149
BAD 148652484559
BAD 148652565353
BAD 148617383461
BAD 148599504527
BAD 148653740503
BAD 148675742041
BAD 148599504541
BAD 148617485963
BAD 148653858841
BAD 148599848693
BAD 148617804919
BAD 148617923749
BAD 148600131487
BAD 148618116061
BAD 148600334063
BAD 148654275739
BAD 148654275743
BAD 148654275751
BAD 148654461367
BAD 148654513297
BAD 148654513303
BAD 148654657933
BAD 148654657937
BAD 148600714487
BAD 148600714489
BAD 148618693129
BAD 148618709399
BAD 148618709401
BAD 148655473937
BAD 148677085489
BAD 148677085493
BAD 148677085499
BAD 148656230467
BAD 148619674477
BAD 148555901993
BAD 148677488501
BAD 148677488503
BAD 148556084717
BAD 148677719843
BAD 148656560279
BAD 148656560281
BAD 148678030499
BAD 148678108807
BAD 148678276231
BAD 148678276249
BAD 148656970513
BAD 148678460479
BAD 148601603539
BAD 148601603543
BAD 148678828943
BAD 148678928833
BAD 148679233861
BAD 148679233867
BAD 148602140977
BAD 148621605373
BAD 148602765463
BAD 148602812857
BAD 148621958399
BAD 148603279873
BAD 148622171603
BAD 148622261413
BAD 148679419649
BAD 148679527327
BAD 148622701429
BAD 148679569993
BAD 148604120617
BAD 148679773999
BAD 148622936743
BAD 148622936753
BAD 148622936899
BAD 148680088567
BAD 148623192863
BAD 148623435287
BAD 148604846017
BAD 148680633653
BAD 148680779419
BAD 148605204043
BAD 148605288383
BAD 148681120279
BAD 148681303643
BAD 148681324171
BAD 148681351969
BAD 148605991733
BAD 148605991843
BAD 148605991847
BAD 148605991873
BAD 148681551901
BAD 148606065031
BAD 148606082453
BAD 148606082461
BAD 148606207643
BAD 148606207657
BAD 148606207661
BAD 148681837441
BAD 148681992527
BAD 148682124011
BAD 148682124013
BAD 148682127511
BAD 148682305727
BAD 148682305729
BAD 148682800867
BAD 148682800879
BAD 148682806469
BAD 148682937229
BAD 148682937253
BAD 148683008273
BAD 148683008281
BAD 148683100469
BAD 148683684739
BAD 148683839053
BAD 148683931079
BAD 148683931093
BAD 148684310743
BAD 148684643753
BAD 148684643777
BAD 148685145233
BAD 148685159683
BAD 148685200507
BAD 148685200513
BAD 148623753503
BAD 148623988549
BAD 148686677107
BAD 148687553933
BAD 148687956691
BAD 148625151617
BAD 148625557211
BAD 148688416607
BAD 148626284929
BAD 148626665717
BAD 148626739967
BAD 148626739969
BAD 148626739973
BAD 148688909363
BAD 148688909371
BAD 148627599751
BAD 148627599773
BAD 148627599781
BAD 148627599797
BAD 148689486403
BAD 148689757309
BAD 148689757313
BAD 148690200433
BAD 148690434511
BAD 148690437829
BAD 148690437877
BAD 148628779433
BAD 148628807231
BAD 148628807233
BAD 148629214729
BAD 148629214739
BAD 148629268069
BAD 148629318847
BAD 148629387833
BAD 148629488327
BAD 148629739939
BAD 148629760627
BAD 148629793877
BAD 148629793883
BAD 148629906353
BAD 148629906361
BAD 148630918831
BAD 148630918837
BAD 148630918847
BAD 148630918853
BAD 148630918861
BAD 148630918873
BAD 148631369137
BAD 148631475301
BAD 148631605763
BAD 148631676251
BAD 148631676253
BAD 148631711089
BAD 148631823569
BAD 148631973619
BAD 148631973631
BAD 148631973643
BAD 148632744277
BAD 148632744283
BAD 148633272721
BAD 148633729513
BAD 148634012609
BAD 148634012617
BAD 148634254969
BAD 148634260927
BAD 148636588193
BAD 148636834889
BAD 148636834891
BAD 148636954513
BAD 148637661629
BAD 148637934889
BAD 148657140773
BAD 148638193189
BAD 148657518343
BAD 148657812139
BAD 148657812143
BAD 148638966551
BAD 148658101303
BAD 148658144717
BAD 148639102429
BAD 148658191043
BAD 148639855673
BAD 148639903583
BAD 148640111647
BAD 148659306079
BAD 148659546019
BAD 148659546023
BAD 148659726863
BAD 148660174759
BAD 148660739063
BAD 148660798939
BAD 148660799839
BAD 148660991797
BAD 148661369539
BAD 148661842957
BAD 148663122499
BAD 148663768579
BAD 148663929163
BAD 148664228443
BAD 148664891281
BAD 148665875641
BAD 148666090663
BAD 148666090763
BAD 148666158257
BAD 148666158259
BAD 148666158269
BAD 148666158271
BAD 148666919209
BAD 148666919213
BAD 148666919221
BAD 148667011081
BAD 148667049413
BAD 148668590929
BAD 148668590933
BAD 148669464613
BAD 148669492297
BAD 148669492303
BAD 148669772107
BAD 148670139923
BAD 148670139929
BAD 148670545039
BAD 148670545061
BAD 148670694157
BAD 148671369937
BAD 148671442277
BAD 148671442279
BAD 148671765589
BAD 148671973421
BAD 148671973423
BAD 148671973427
BAD 148672192793
BAD 148672726549
BAD 148673030563
BAD 148673287031
BAD 148707794827
BAD 148708102331
BAD 148708142573
BAD 148708142579
BAD 148708223227
BAD 148708223233
BAD 148708227673
BAD 148708334171
BAD 148708363519
BAD 148708363523
BAD 148708363541
BAD 148708485349
BAD 148708833311
BAD 148708833313
BAD 148711347073
BAD 148711489159
BAD 148711489163
BAD 148711706333
BAD 148712187593
BAD 148712187821
BAD 148712187823
BAD 148712187829
BAD 148713000547
BAD 148713220787
BAD 148713220793
BAD 148713340553
BAD 148713340561
BAD 148713428119
BAD 148713745603
BAD 148713745669
BAD 148713745673
BAD 148714568941
BAD 148714568953
BAD 148714568971
BAD 148715521069
BAD 148716197153
BAD 148716264391
BAD 148716499993
BAD 148717459463
BAD 148717673669
BAD 148718252261
BAD 148718297311
BAD 148718339153
BAD 148718620109
BAD 148719712831
BAD 148719880429
BAD 148719880433
BAD 148719894053
BAD 148719925483
BAD 148719973403
BAD 148720036177
BAD 148720089263
BAD 148720713083
BAD 148720713091
BAD 148720713109
BAD 148724296373
BAD 148724489957
BAD 148724489959
BAD 148721157163
BAD 148724811583
BAD 148724892671
BAD 148721449213
BAD 148725145279
BAD 148721862593
BAD 148721865421
BAD 148721865463
BAD 148721865469
BAD 148721865473
BAD 148725448877
BAD 148722114581
BAD 148722114587
BAD 148722114589
BAD 148722114599
BAD 148722114601
BAD 148722343249
BAD 148722577193
BAD 148722634771
BAD 148722643613
BAD 148722643639
BAD 148722802861
BAD 148722802867
BAD 148722802961
BAD 148723191497
BAD 148723191499
BAD 148723191553
BAD 148791642397
BAD 148791865793
BAD 148724064833
BAD 148724081593
BAD 148792199197
BAD 148792199209
BAD 148793057353
BAD 148793057359
BAD 148793057363
BAD 148793251183
BAD 148793251199
BAD 148793378693
BAD 148793378711
BAD 148793391499
BAD 148793391503
BAD 148793391511
BAD 148794059543
BAD 148794626027
BAD 148795044773
BAD 148726584481
BAD 148726584493
BAD 148727017493
BAD 148727017499
BAD 148727017501
BAD 148795858987
BAD 148795915577
BAD 148795915579
BAD 148727803723
BAD 148727917879
BAD 148727948209
BAD 148727948251
BAD 148796353597
BAD 148796353603
BAD 148796353621
BAD 148728343201
BAD 148728676871
BAD 148797386989
BAD 148797386993
BAD 148797461663
BAD 148797612619
BAD 148729012351
BAD 148797707783
BAD 148729119613
BAD 148729204369
BAD 148798380293
BAD 148798380301
BAD 148729645027
BAD 148798693741
BAD 148798693759
BAD 148730066183
BAD 148730066189
BAD 148798901689
BAD 148799077213
BAD 148799222711
BAD 148799222713
BAD 148799222717
BAD 148730443129
BAD 148730817281
BAD 148730817283
BAD 148730817289
BAD 148731955087
BAD 148731955121
BAD 148731996277
BAD 148732106377
BAD 148732560989
BAD 148732757183
BAD 148732770883
BAD 148799507047
BAD 148799507053
BAD 148799686667
BAD 148799960401
BAD 148800149363
BAD 148800357661
BAD 148800522889
BAD 148800522907
BAD 148800575333
BAD 148800931249
BAD 148801200529
BAD 148801200533
BAD 148801481113
BAD 148801481131
BAD 148801481137
BAD 148801481141
BAD 148774653371
BAD 148774653373
BAD 148774653413
BAD 148774844467
BAD 148732797359
BAD 148732797361
BAD 148733032463
BAD 148733032471
BAD 148775139893
BAD 148733245523
BAD 148775207599
BAD 148733714609
BAD 148733714611
BAD 148775581189
BAD 148734081703
BAD 148734102079
BAD 148734102137
BAD 148734262223
BAD 148776060347
BAD 148734743273
BAD 148776273983
BAD 148776273991
BAD 148776465751
BAD 148776661637
BAD 148776661639
BAD 148735712777
BAD 148735712779
BAD 148736319493
BAD 148736570813
BAD 148736570933
BAD 148736570953
BAD 148777373183
BAD 148736811371
BAD 148736811373
BAD 148803036373
BAD 148736937919
BAD 148737049673
BAD 148741154213
BAD 148741154347
BAD 148741154357
BAD 148803590653
BAD 148803597749
BAD 148803597751
BAD 148741184887
BAD 148741281683
BAD 148737275161
BAD 148741325813
BAD 148803787879
BAD 148803787883
BAD 148803878161
BAD 148741407289
BAD 148741525901
BAD 148741525903
BAD 148804222397
BAD 148804222403
BAD 148741883603
BAD 148737770347
BAD 148742131639
BAD 148738072969
BAD 148742161039
BAD 148738314799
BAD 148742485831
BAD 148742551019
BAD 148805688301
BAD 148777639613
BAD 148777688131
BAD 148805835263
BAD 148805896117
BAD 148805896121
BAD 148805896123
BAD 148744339099
BAD 148744339103
BAD 148744428047
BAD 148778162279
BAD 148778162341
BAD 148778162359
BAD 148778162363
BAD 148778207059
BAD 148778207113
BAD 148806458453
BAD 148806458461
BAD 148806458477
BAD 148806478963
BAD 148806479033
BAD 148806479057
BAD 148806494989
BAD 148806495023
BAD 148806497363
BAD 148806546703
BAD 148806560641
BAD 148779032587
BAD 148779032599
BAD 148745371057
BAD 148745413027
BAD 148806791069
BAD 148779208273
BAD 148806791071
BAD 148806791083
BAD 148806791813
BAD 148806930421
BAD 148807057891
BAD 148807057897
BAD 148807057943
BAD 148807482779
BAD 148807482781
BAD 148807482787
BAD 148807482793
BAD 148779826031
BAD 148745909101
BAD 148745909113
BAD 148780118671
BAD 148746251519
BAD 148746251527
BAD 148746251543
BAD 148738527739
BAD 148780436047
BAD 148738560703
BAD 148746501109
BAD 148738670363
BAD 148738738321
BAD 148746757447
BAD 148738950319
BAD 148739070061
BAD 148780995739
BAD 148808047153
BAD 148747741733
BAD 148781128297
BAD 148781128303
BAD 148808270011
BAD 148808270021
BAD 148808270027
BAD 148808270029
BAD 148781520863
BAD 148748583461
BAD 148748583463
BAD 148739693371
BAD 148739693411
BAD 148739693413
BAD 148739693419
BAD 148809013447
BAD 148809105061
BAD 148748975293
BAD 148748975299
BAD 148809309503
BAD 148809309511
BAD 148809309541
BAD 148809443879
BAD 148749883003
BAD 148782643663
BAD 148782643687
BAD 148782643693
BAD 148750057601
BAD 148750057609
BAD 148750173751
BAD 148809749191
BAD 148782798239
BAD 148750189583
BAD 148750189589
BAD 148782877039
BAD 148809885283
BAD 148750386929
BAD 148750386931
BAD 148783103017
BAD 148783103023
BAD 148783137653
BAD 148690657043
BAD 148690684741
BAD 148690684757
BAD 148750722641
BAD 148750722643
BAD 148750722647
BAD 148750722649
BAD 148751036933
BAD 148751037109
BAD 148783491827
BAD 148751256539
BAD 148751256541
BAD 148751256553
BAD 148810581869
BAD 148751498657
BAD 148751498659
BAD 148783973033
BAD 148751777597
BAD 148751777599
BAD 148811028517
BAD 148757927519
BAD 148751777611
BAD 148811028523
BAD 148692189643
BAD 148811266559
BAD 148811266561
BAD 148811266663
BAD 148752025043
BAD 148752025049
BAD 148692606973
BAD 148811578093
BAD 148758343373
BAD 148758343477
BAD 148758343483
BAD 148752221633
BAD 148752221641
BAD 148752286909
BAD 148752286913
BAD 148811936341
BAD 148693230893
BAD 148693351507
BAD 148693351559
BAD 148693351561
BAD 148693351589
BAD 148693351591
BAD 148693419559
BAD 148693623209
BAD 148693668847
BAD 148812170183
BAD 148812170191
BAD 148693952453
BAD 148784103163
BAD 148693952461
BAD 148693952467
BAD 148784232097
BAD 148784363821
BAD 148752730837
BAD 148694985083
BAD 148813003069
BAD 148813037689
BAD 148695184793
BAD 148753064693
BAD 148753064699
BAD 148759671989
BAD 148759672043
BAD 148753131431
BAD 148759735699
BAD 148759735703
BAD 148813300429
BAD 148785037981
BAD 148785223129
BAD 148813710457
BAD 148813754581
BAD 148813754603
BAD 148696291921
BAD 148696291927
BAD 148753612853
BAD 148814231539
BAD 148760961143
BAD 148814419729
BAD 148753959301
BAD 148785866743
BAD 148697089259
BAD 148814704867
BAD 148814704877
BAD 148814704879
BAD 148786170359
BAD 148786170361
BAD 148786170409
BAD 148814846471
BAD 148814846473
BAD 148786230377
BAD 148786230379
BAD 148761761887
BAD 148754433973
BAD 148754434021
BAD 148754442983
BAD 148754442997
BAD 148754443021
BAD 148697481451
BAD 148697481461
BAD 148697481463
BAD 148697486491
BAD 148754525057
BAD 148815264473
BAD 148786660597
BAD 148786660601
BAD 148815477119
BAD 148815477121
BAD 148786721203
BAD 148815595447
BAD 148698163063
BAD 148762742671
BAD 148815595451
BAD 148762805489
BAD 148815686881
BAD 148762969111
BAD 148787001023
BAD 148763252689
BAD 148763252699
BAD 148763364733
BAD 148763364749
BAD 148763364751
BAD 148816358003
BAD 148698595103
BAD 148698595117
BAD 148698595147
BAD 148698687607
BAD 148763833429
BAD 148763833433
BAD 148763833451
BAD 148763833453
BAD 148763833459
BAD 148698958363
BAD 148787729599
BAD 148699265179
BAD 148816657211
BAD 148816689509
BAD 148787936389
BAD 148787936393
BAD 148816967311
BAD 148699772423
BAD 148764639059
BAD 148787936477
BAD 148699772437
BAD 148787936483
BAD 148816967317
BAD 148787936509
BAD 148764639061
BAD 148699772491
BAD 148764639083
BAD 148787944793
BAD 148764784409
BAD 148764784411
BAD 148699915019
BAD 148764814403
BAD 148788158291
BAD 148788158293
BAD 148817195537
BAD 148817195539
BAD 148765216373
BAD 148700395939
BAD 148817367793
BAD 148817454529
BAD 148700542741
BAD 148788469189
BAD 148700609179
BAD 148700609221
BAD 148817822983
BAD 148817861557
BAD 148817983273
BAD 148766299613
BAD 148818121483
BAD 148818158417
BAD 148789222493
BAD 148789222499
BAD 148789222501
BAD 148766736421
BAD 148789356169
BAD 148766931499
BAD 148766931503
BAD 148766931529
BAD 148766931559
BAD 148789563173
BAD 148789719961
BAD 148701895189
BAD 148701934237
BAD 148701934243
BAD 148767899299
BAD 148701943163
BAD 148818564847
BAD 148768101667
BAD 148768101683
BAD 148768467413
BAD 148768580143
BAD 148768580183
BAD 148768580221
BAD 148702425743
BAD 148768727153
BAD 148702481423
BAD 148756054661
BAD 148819257061
BAD 148768785601
BAD 148819257073
BAD 148756054663
BAD 148819446883
BAD 148819446931
BAD 148819708019
BAD 148819708021
BAD 148702962229
BAD 148756449641
BAD 148756449707
BAD 148769252173
BAD 148819909519
BAD 148756634513
BAD 148756634581
BAD 148769416511
BAD 148769416571
BAD 148756757987
BAD 148820072617
BAD 148820143333
BAD 148820160721
BAD 148757024981
BAD 148757066539
BAD 148703514083
BAD 148820261279
BAD 148820261281
BAD 148769951299
BAD 148757333093
BAD 148820395261
BAD 148770215527
BAD 148770215549
BAD 148770215551
BAD 148704053689
BAD 148790463313
BAD 148770575183
BAD 148770809623
BAD 148704660773
BAD 148770965611
BAD 148704767423
BAD 148771026113
BAD 148771026119
BAD 148821366649
BAD 148821366653
BAD 148821418709
BAD 148705714789
BAD 148705714793
BAD 148705714799
BAD 148705785049
BAD 148705785103
BAD 148705803151
BAD 148821901643
BAD 148705984771
BAD 148705984853
BAD 148706168813
BAD 148772245577
BAD 148772245579
BAD 148772416399
BAD 148772435269
BAD 148772435281
BAD 148822712809
BAD 148772822423
BAD 148707324151
BAD 148823084387
BAD 148823084393
BAD 148707372901
BAD 148773433819
BAD 148773433849
BAD 148823442283
BAD 148823459443
BAD 148823684777
BAD 148774012241
BAD 148774012243
BAD 148774012253
BAD 148774012259
BAD 148824009953
BAD 148824024347
BAD 148824064693
BAD 148824368743
BAD 148824429409
BAD 148824429443
BAD 148825018831
BAD 148825078819
BAD 148825502543
BAD 148826245031
BAD 148826245033
BAD 148826544953
BAD 148827746299
BAD 148827746303
BAD 148828129291
BAD 148828468531
BAD 148828468541
BAD 148828855969
BAD 148829096387
BAD 148829141651
BAD 148829141653
BAD 148829354717
BAD 148829354719
BAD 148829354731
BAD 148829602333
BAD 148829602409
BAD 148829838097
BAD 148829928521
BAD 148829928523
BAD 148830303551
BAD 148830303553
BAD 148831001383
BAD 148831444459
BAD 148831613509
BAD 148831613527
BAD 148831613531
BAD 148831638589
BAD 148831906849
BAD 148832131489
BAD 148832324143
BAD 148833495829
BAD 148833616973
BAD 148842165931
BAD 148842426703
BAD 148834029307
BAD 148834275017
BAD 148834275019
BAD 148843289107
BAD 148834852741
BAD 148834945487
BAD 148834945489
BAD 148834945561
BAD 148834988299
BAD 148835058287
BAD 148835058289
BAD 148835296963
BAD 148835386523
BAD 148835568353
BAD 148835568367
BAD 148835592233
BAD 148835592289
BAD 148835592293
BAD 148844419909
BAD 148844458927
BAD 148844562571
BAD 148844562577
BAD 148836163261
BAD 148836887671
BAD 148845024079
BAD 148845294263
BAD 148845469169
BAD 148837718153
BAD 148846093339
BAD 148846093343
BAD 148846093399
BAD 148838153027
BAD 148838189287
BAD 148838189293
BAD 148846491757
BAD 148846611523
BAD 148838546057
BAD 148838546123
BAD 148838797747
BAD 148838797837
BAD 148838803097
BAD 148847678911
BAD 148839662149
BAD 148847847079
BAD 148839852743
BAD 148839910987
BAD 148848317743
BAD 148840922017
BAD 148848545149
BAD 148841377837
BAD 148841450003
BAD 148841450011
BAD 148848656993
BAD 148848753973
BAD 148849021733
BAD 148849021759
BAD 148849097731
BAD 148849097737
BAD 148849097753
BAD 148849216531
BAD 148849297873
BAD 148849541263
BAD 148849781933
BAD 148849816009
BAD 148850303269
BAD 148850386621
BAD 148851019039
BAD 148851019043
BAD 148851705721
BAD 148851705733
BAD 148851705749
BAD 148851705763
BAD 148851705773
BAD 148851926317
BAD 148852582201
BAD 148853426699
BAD 148853949137
BAD 148853962903
BAD 148853984509
BAD 148854831283
BAD 148854831287
BAD 148854831289
BAD 148855422577
BAD 148855426627
BAD 148855884349
BAD 148856027797
BAD 148856054003
BAD 148856054033
BAD 148856054047
BAD 148856174393
BAD 148856174407
BAD 148856416217
BAD 148856416223
BAD 148857458237
BAD 148857681457
BAD 148857681463
BAD 148857995369
BAD 148857995371
BAD 148857995381
BAD 148857995383
BAD 148858376179
BAD 148858881151
BAD 148858897573
BAD 148859133041
BAD 148859133043
BAD 148859133053
BAD 148859133173
BAD 148859363209
BAD 148859363273
BAD 148859363281
BAD 148859363299
BAD 148859684993
BAD 148860463747
BAD 148860463751
BAD 148860463753
BAD 148860463757
BAD 148860463813
BAD 148860778433
BAD 148860778441
BAD 148860778453
BAD 148860778459
BAD 148860778463
BAD 148860872669
BAD 148860922123
BAD 148860922129
BAD 148861424449
BAD 148861424461
BAD 148861593731
BAD 148861593733
BAD 148861593743
BAD 148861848077
BAD 148862181913
BAD 148862181931
BAD 148862307863
BAD 148862623607
BAD 148862907203
BAD 148864330543
BAD 148864330567
BAD 148864330597
BAD 148864717081
BAD 148865299169
BAD 148865299171
BAD 148865432029
BAD 148865432033
BAD 148865804209
BAD 148865917523
BAD 148866259189
BAD 148866259193
BAD 148866440381
BAD 148866790507
BAD 148866790511
BAD 148866790549
BAD 148867004707
BAD 148867499411
BAD 148867499413
BAD 148867499419
BAD 148867499423
BAD 148908992471
BAD 148908992473
BAD 148909003169
BAD 148909003171
BAD 148868124943
BAD 148868214959
BAD 148868214961
BAD 148868281069
BAD 148868281073
BAD 148868281097
BAD 148868281099
BAD 148868503123
BAD 148868571361
BAD 148868571367
BAD 148868571389
BAD 148868593303
BAD 148868593319
BAD 148909369799
BAD 148909369801
BAD 148909369837
BAD 148909519987
BAD 148869336773
BAD 148869336799
BAD 148869375763
BAD 148909725733
BAD 148869677993
BAD 148870296859
BAD 148870296863
BAD 148870316761
BAD 148870544507
BAD 148870544509
BAD 148870544513
BAD 148910456087
BAD 148870696133
BAD 148910797051
BAD 148910797073
BAD 148871798993
BAD 148872015991
BAD 148912537483
BAD 148912723483
BAD 148912897403
BAD 148912897429
BAD 148913284627
BAD 148873603433
BAD 148873935451
BAD 148874405257
BAD 148874405261
BAD 148874405263
BAD 148875146963
BAD 148913913091
BAD 148914107627
BAD 148914404341
BAD 148914859823
BAD 148914859837
BAD 148915570831
BAD 148915640849
BAD 148915640851
BAD 148925527189
BAD 148916549851
BAD 148926590389
BAD 148926590443
BAD 148926590447
BAD 148926650947
BAD 148926651091
BAD 148916584889
BAD 148916584913
BAD 148927077493
BAD 148927093229
BAD 148927093339
BAD 148927093591
BAD 148927093597
BAD 148917001427
BAD 148917009413
BAD 148927327343
BAD 148927431319
BAD 148927431337
BAD 148917376613
BAD 148917412939
BAD 148917988279
BAD 148928266373
BAD 148928266387
BAD 148928266411
BAD 148918343191
BAD 148928386501
BAD 148928504449
BAD 148918582391
BAD 148918627807
BAD 148918627831
BAD 148928926151
BAD 148918964119
BAD 148919241997
BAD 148929364231
BAD 148929364249
BAD 148929364253
BAD 148919307083
BAD 148919447297
BAD 148919569039
BAD 148919921827
BAD 148919921831
BAD 148919921833
BAD 148920008317
BAD 148920008389
BAD 148930137823
BAD 148920200293
BAD 148920224381
BAD 148920224389
BAD 148920284719
BAD 148920708413
BAD 148920708421
BAD 148920809893
BAD 148921066237
BAD 148921066243
BAD 148892112463
BAD 148930953271
BAD 148930953319
BAD 148930953323
BAD 148875423181
BAD 148892136923
BAD 148931010497
BAD 148892214511
BAD 148892268919
BAD 148875755131
BAD 148931734519
BAD 148932060001
BAD 148942769779
BAD 148932285379
BAD 148932285391
BAD 148943046709
BAD 148943241871
BAD 148932494773
BAD 148943532769
BAD 148943555479
BAD 148894036433
BAD 148894036441
BAD 148932738109
BAD 148932738113
BAD 148943859941
BAD 148943859943
BAD 148943859947
BAD 148876576061
BAD 148944268351
BAD 148944268357
BAD 148944505051
BAD 148944562471
BAD 148922242111
BAD 148922242129
BAD 148895036243
BAD 148945123031
BAD 148922525629
BAD 148945901581
BAD 148877033317
BAD 148896346021
BAD 148896346063
BAD 148946246753
BAD 148946246773
BAD 148946438657
BAD 148946438659
BAD 148946449439
BAD 148946449441
BAD 148896692179
BAD 148896692183
BAD 148922921491
BAD 148897030621
BAD 148922953813
BAD 148922953853
BAD 148923086803
BAD 148947050069
BAD 148947068227
BAD 148947068453
BAD 148877562607
BAD 148877562619
BAD 148877562623
BAD 148877614703
BAD 148923297841
BAD 148923349283
BAD 148923365791
BAD 148877719817
BAD 148897650023
BAD 148947514259
BAD 148877719819
BAD 148877719849
BAD 148877736481
BAD 148897697387
BAD 148947760321
BAD 148947760327
BAD 148923611783
BAD 148898105287
BAD 148948014269
BAD 148923769097
BAD 148898698943
BAD 148948759417
BAD 148948759423
BAD 148948785119
BAD 148948785121
BAD 148877924423
BAD 148898958161
BAD 148924447229
BAD 148924502731
BAD 148878109957
BAD 148924540057
BAD 148924627513
BAD 148899532477
BAD 148899679699
BAD 148924799567
BAD 148949851879
BAD 148949925263
BAD 148925140621
BAD 148933794263
BAD 148950552001
BAD 148950552017
BAD 148933890263
BAD 148933892641
BAD 148950672179
BAD 148934032153
BAD 148950825329
BAD 148951066403
BAD 148879401499
BAD 148902690709
BAD 148951304659
BAD 148934405387
BAD 148879826761
BAD 148879836043
BAD 148879836047
BAD 148934487073
BAD 148951600381
BAD 148951690651
BAD 148951690661
BAD 148951690663
BAD 148903706489
BAD 148903847293
BAD 148903847347
BAD 148880560369
BAD 148903958747
BAD 148952424059
BAD 148904008261
BAD 148952506303
BAD 148935209219
BAD 148880718089
BAD 148904172757
BAD 148904252171
BAD 148904252173
BAD 148952778151
BAD 148952778187
BAD 148880950483
BAD 148880950487
BAD 148880950489
BAD 148952984443
BAD 148952984447
BAD 148952984449
BAD 148953034003
BAD 148904948561
BAD 148905120211
BAD 148953048313
BAD 148953105601
BAD 148905313591
BAD 148881278899
BAD 148905386093
BAD 148905386099
BAD 148936080343
BAD 148936080347
BAD 148905647003
BAD 148953428447
BAD 148936227311
BAD 148881500363
BAD 148905969151
BAD 148906005167
BAD 148936539397
BAD 148882542541
BAD 148906005169
BAD 148906005181
BAD 148906005187
BAD 148906102253
BAD 148906102259
BAD 148937122787
BAD 148937361499
BAD 148937361533
BAD 148882953871
BAD 148937985377
BAD 148907208589
BAD 148937985379
BAD 148883782087
BAD 148883782093
BAD 148883822897
BAD 148883822903
BAD 148883908333
BAD 148907433511
BAD 148907526851
BAD 148907526853
BAD 148907526857
BAD 148907526931
BAD 148907530591
BAD 148907688577
BAD 148907800133
BAD 148938643213
BAD 148938790801
BAD 148938790807
BAD 148908409513
BAD 148908490553
BAD 148908490559
BAD 148908490561
BAD 148908490567
BAD 148953655183
BAD 148953659011
BAD 148939241377
BAD 148939483843
BAD 148939533779
BAD 148939533781
BAD 148884901499
BAD 148954227119
BAD 148954290713
BAD 148939920109
BAD 148939920113
BAD 148939920131
BAD 148940142203
BAD 148940142319
BAD 148940369399
BAD 148940657653
BAD 148940657659
BAD 148940657683
BAD 148886067059
BAD 148886067061
BAD 148940784793
BAD 148954993007
BAD 148954993009
BAD 148954993013
BAD 148940940391
BAD 148886260951
BAD 148955184799
BAD 148942168489
BAD 148955544259
BAD 148955825017
BAD 148955853593
BAD 148955853601
BAD 148955991083
BAD 148887205199
BAD 148956009011
BAD 148887249809
BAD 148887249811
BAD 148956123203
BAD 148956219343
BAD 148887560533
BAD 148956765931
BAD 148956765959
BAD 148956765961
BAD 148888622431
BAD 148888622447
BAD 148888622461
BAD 148888622473
BAD 148956785239
BAD 148956785249
BAD 148956785251
BAD 148956785269
BAD 148888903441
BAD 148889364293
BAD 148957371551
BAD 148957371553
BAD 148889774393
BAD 148889774401
BAD 148958693089
BAD 148958749801
BAD 148958749811
BAD 148958749813
BAD 148958938367
BAD 148958938369
BAD 148890500663
BAD 148890587479
BAD 148890587513
BAD 148891252943
BAD 148891516141
BAD 148891643543
BAD 148891902853
BAD 148891902857
BAD 148891902889
BAD 148976115887
BAD 148976115889
BAD 148976226409
BAD 148976423513
BAD 148976423521
BAD 148976921617
BAD 148977112927
BAD 148977112943
BAD 148977571387
BAD 148977805969
BAD 148977805973
BAD 148977988729
BAD 148978108373
BAD 148978446467
BAD 148978446469
BAD 148979020837
BAD 148980188843
BAD 148980218459
BAD 148980218461
BAD 148980671977
BAD 148980825199
BAD 148959453571
BAD 148959453593
BAD 148959453611
BAD 148959453613
BAD 148981083661
BAD 148981276231
BAD 148959791333
BAD 148959802183
BAD 148960027939
BAD 148960027943
BAD 148981574821
BAD 148960332803
BAD 148960386937
BAD 148981670933
BAD 148960969219
BAD 148982008759
BAD 148961291719
BAD 148982250383
BAD 148961601323
BAD 148982590391
BAD 148961831287
BAD 148982723839
BAD 148982723843
BAD 148982737081
BAD 148982737159
BAD 148982741989
BAD 148962077521
BAD 148962301199
BAD 148962705937
BAD 148962705943
BAD 148983297053
BAD 148983297061
BAD 148962879383
BAD 148963770877
BAD 148964143421
BAD 148964143423
BAD 148964143457
BAD 148964143459
BAD 148984211693
BAD 148984283611
BAD 148984283641
BAD 148964643497
BAD 148985130409
BAD 148965270463
BAD 148965445513
BAD 148965536669
BAD 148965564151
BAD 148965564179
BAD 148965617351
BAD 148965889027
BAD 148985344489
BAD 148985344493
BAD 148985432693
BAD 148966066499
BAD 148985630803
BAD 148985630809
BAD 148985661983
BAD 148985915977
BAD 148966769701
BAD 148967144867
BAD 148967144869
BAD 148967144873
BAD 148967144903
BAD 148986311189
BAD 148986311191
BAD 148986311431
BAD 148986311437
BAD 148967374379
BAD 148967441827
BAD 148967441837
BAD 148967441839
BAD 148967441851
BAD 148967441899
BAD 148967728849
BAD 148967728853
BAD 148967728859
BAD 148986877433
BAD 148967866219
BAD 148968320167
BAD 148987345061
BAD 148987345063
BAD 148987345069
BAD 148968358531
BAD 148969246703
BAD 148969309649
BAD 148970272823
BAD 148970292917
BAD 148970536879
BAD 148970579761
BAD 148970579773
BAD 148970579783
BAD 149043544259
BAD 148970995913
BAD 148971265171
BAD 148971548917
BAD 148972246193
BAD 148972295333
BAD 148972295341
BAD 149076614881
BAD 148987645487
BAD 149026760023
BAD 149026760041
BAD 149077033549
BAD 148987791949
BAD 149027367263
BAD 148988216947
BAD 149077658753
BAD 148988262541
BAD 149027844547
BAD 149027844551
BAD 149028163553
BAD 148973456923
BAD 149044501519
BAD 149028673523
BAD 148988806639
BAD 149028673529
BAD 149028673531
BAD 148988976559
BAD 149028967939
BAD 149028967963
BAD 149029174321
BAD 149029207553
BAD 149045028001
BAD 149029504471
BAD 149029539649
BAD 148989515791
BAD 148989515903
BAD 148989657269
BAD 148989803603
BAD 148989992677
BAD 148989992681
BAD 148990129073
BAD 148990225399
BAD 148990225403
BAD 148990416727
BAD 149045722489
BAD 148990831403
BAD 148990831463
BAD 148990948921
BAD 149078340583
BAD 148991230043
BAD 148991357677
BAD 148991357681
BAD 149046923383
BAD 149047153859
BAD 149047168013
BAD 148991747731
BAD 149047382641
BAD 148991888333
BAD 149047480369
BAD 148991958463
BAD 148991958469
BAD 148991958473
BAD 148992073493
BAD 148992184199
BAD 148992184207
BAD 148992184213
BAD 148992184223
BAD 149078902891
BAD 149032319101
BAD 149032319113
BAD 149032430761
BAD 148992378607
BAD 149079348263
BAD 148974336571
BAD 149032513081
BAD 149032547273
BAD 148974663793
BAD 148974921097
BAD 149080245707
BAD 149080245709
BAD 148975081169
BAD 148975185277
BAD 149033254127
BAD 149033697367
BAD 149034295051
BAD 149034345227
BAD 149034345241
BAD 149034958201
BAD 149034958213
BAD 149034958217
BAD 149047987399
BAD 149035308319
BAD 149035326109
BAD 149035487863
BAD 149035487999
BAD 149035488001
BAD 149035488167
BAD 149035488169
BAD 149035515953
BAD 149035515961
BAD 149048583863
BAD 149048594521
BAD 149048594567
BAD 149048594633
BAD 149036479987
BAD 149048991607
BAD 149036540161
BAD 149036540167
BAD 149036540171
BAD 149036540173
BAD 149049139669
BAD 149049149839
BAD 149049149849
BAD 149080661929
BAD 149080839937
BAD 149050275697
BAD 149050275701
BAD 149081028023
BAD 149081045899
BAD 149050549981
BAD 149081434133
BAD 149050929571
BAD 148992669863
BAD 148992705871
BAD 149036721023
BAD 148992997067
BAD 148993138117
BAD 149037375811
BAD 149037375821
BAD 149037375829
BAD 149037543713
BAD 148993475489
BAD 148993493659
BAD 149037687823
BAD 149037759223
BAD 149037872383
BAD 149037872387
BAD 149037926459
BAD 149037926461
BAD 149037926473
BAD 148993915531
BAD 148994551283
BAD 148994777741
BAD 149060830253
BAD 149051106739
BAD 149051106751
BAD 148994893477
BAD 148994893493
BAD 149061006077
BAD 149061006079
BAD 149040173551
BAD 149040173573
BAD 149061069889
BAD 149051435723
BAD 149051445409
BAD 149051646859
BAD 149051677339
BAD 149040798817
BAD 149040969853
BAD 149041085603
BAD 149041085629
BAD 149041085639
BAD 149041085647
BAD 149041085651
BAD 149062006279
BAD 149062135687
BAD 149062191121
BAD 149062199303
BAD 149062199323
BAD 149062199327
BAD 149052694627
BAD 149052694631
BAD 149052694633
BAD 148995061513
BAD 149052694649
BAD 149041932037
BAD 149064304163
BAD 149082014773
BAD 149042058259
BAD 148995276281
BAD 149053130599
BAD 149082779143
BAD 149042498071
BAD 149042498093
BAD 149065030469
BAD 149065030489
BAD 149065030493
BAD 149083042489
BAD 148995870259
BAD 148995870263
BAD 149053483987
BAD 149042710837
BAD 149042710853
BAD 148995974909
BAD 149053605221
BAD 149053605223
BAD 148996159129
BAD 148996159141
BAD 149065888801
BAD 149054318401
BAD 149084128541
BAD 149084136953
BAD 149066453467
BAD 148997206879
BAD 149085413881
BAD 149010087077
BAD 149085693091
BAD 149085693103
BAD 149085693143
BAD 148997466973
BAD 149066801347
BAD 149066801393
BAD 149054562589
BAD 149054562593
BAD 149054607791
BAD 149085978109
BAD 149054661053
BAD 149054661073
BAD 149066970487
BAD 149010454057
BAD 148997517769
BAD 149054766953
BAD 149086238251
BAD 148997599057
BAD 149010534403
BAD 149010695423
BAD 149067459571
BAD 149067552211
BAD 149010868241
BAD 149010868243
BAD 149067608941
BAD 149086375513
BAD 149055330769
BAD 148998734791
BAD 149067687817
BAD 149011142957
BAD 149011142983
BAD 148998835969
BAD 149011255753
BAD 149055490319
BAD 149055490321
BAD 149055490327
BAD 149055490351
BAD 148999030933
BAD 149011478677
BAD 148999101773
BAD 148999101781
BAD 149011693681
BAD 149067923243
BAD 149012012273
BAD 149056193131
BAD 149012116009
BAD 149056371731
BAD 149056371833
BAD 149012382161
BAD 149012382163
BAD 149068398683
BAD 149068477829
BAD 149068477837
BAD 149068477843
BAD 149068477871
BAD 149068477891
BAD 149012756329
BAD 149056614529
BAD 149069587631
BAD 149012756359
BAD 149012756363
BAD 149012756371
BAD 149069587633
BAD 149086960403
BAD 149012780971
BAD 149012780977
BAD 149087166589
BAD 149056760989
BAD 149087459177
BAD 149056908661
BAD 149013140011
BAD 149087478349
BAD 149057186281
BAD 149057186287
BAD 149057186293
BAD 149057186329
BAD 149088000923
BAD 149057437349
BAD 149057437351
BAD 149070152029
BAD 149070152051
BAD 149070152053
BAD 149088725963
BAD 149057612453
BAD 149070853669
BAD 149070853681
BAD 149089378877
BAD 149057902243
BAD 148999488307
BAD 149072043881
BAD 149072043907
BAD 149089742617
BAD 149089742623
BAD 149072278507
BAD 149072278517
BAD 149072278519
BAD 149000168363
BAD 149000225629
BAD 149000303213
BAD 149000430811
BAD 149000430833
BAD 149072554373
BAD 149090322841
BAD 149090322851
BAD 149090322853
BAD 149000819509
BAD 149072877299
BAD 149072877301
BAD 149059306667
BAD 149073109103
BAD 149091277739
BAD 149073213739
BAD 149059533793
BAD 149091407357
BAD 149091407359
BAD 149059680953
BAD 149059680961
BAD 149001814547
BAD 149075315269
BAD 149075315273
BAD 149092147247
BAD 149092195207
BAD 149092203649
BAD 149075356757
BAD 149014745377
BAD 149014745381
BAD 149092382563
BAD 149092382603
BAD 149092382609
BAD 149092382611
BAD 149075546593
BAD 149075546597
BAD 149075546603
BAD 149092438249
BAD 149092438267
BAD 149092701193
BAD 149075803703
BAD 149075803711
BAD 149075803739
BAD 149075803741
BAD 149092724237
BAD 149092724239
BAD 149092724243
BAD 149015194189
BAD 149015296433
BAD 149002448183
BAD 149093120101
BAD 149076164273
BAD 149015440229
BAD 149002695269
BAD 149093238323
BAD 149002917961
BAD 149015718713
BAD 149015718763
BAD 149015718779
BAD 149015718781
BAD 149015962853
BAD 149016696427
BAD 149004311821
BAD 149004526267
BAD 149004526271
BAD 149004770377
BAD 149004770389
BAD 149004770393
BAD 149018892017
BAD 149018946143
BAD 149005498519
BAD 149005532353
BAD 149005532359
BAD 149005572263
BAD 149005597471
BAD 149019767279
BAD 149019881909
BAD 149019881911
BAD 149019882049
BAD 149005695583
BAD 149005714313
BAD 149005782749
BAD 149020047877
BAD 149020051787
BAD 149020154363
BAD 149005944151
BAD 149006221543
BAD 149006353271
BAD 149006353273
BAD 149020934119
BAD 149007216403
BAD 149007263243
BAD 149007366023
BAD 149007488687
BAD 149007488689
BAD 149007589789
BAD 149007589793
BAD 149007668743
BAD 149022206869
BAD 149022409999
BAD 149022583711
BAD 149022609191
BAD 149022609193
BAD 149022609259
BAD 149007813469
BAD 149007813473
BAD 149022772163
BAD 149022772441
BAD 149008497251
BAD 149008501783
BAD 149023477553
BAD 149009345161
BAD 149009345167
BAD 149023961881
BAD 149024663773
BAD 149024663779
BAD 149025089753
BAD 149025720421
BAD 149093575333
BAD 149093575343
BAD 149093788981
BAD 149093789041
BAD 149094166723
BAD 149094166747
BAD 149095501549
BAD 149096999657
BAD 149096999659
BAD 149097491681
BAD 149097508939
BAD 149097511859
BAD 149097511861
BAD 149097629071
BAD 149097719191
BAD 149097719209
BAD 149098024073
BAD 149098034971
BAD 149099664433
BAD 149099664443
BAD 149100004699
BAD 149101008079
BAD 149101008083
BAD 149101900637
BAD 149102051977
BAD 149102719079
BAD 149110190323
BAD 149110194523
BAD 149110194539
BAD 149110194581
BAD 149110194593
BAD 149103276353
BAD 149103357919
BAD 149110552489
BAD 149110587037
BAD 149103767191
BAD 149103785161
BAD 149110876861
BAD 149110957577
BAD 149110957579
BAD 149110957591
BAD 149111009581
BAD 149111088341
BAD 149111132663
BAD 149104369441
BAD 149104513879
BAD 149111414603
BAD 149104817723
BAD 149104817737
BAD 149112038821
BAD 149105182441
BAD 149105182451
BAD 149105182453
BAD 149105182459
BAD 149105182463
BAD 149105427803
BAD 149105523079
BAD 149105898583
BAD 149105898589
BAD 149105898593
BAD 149106340571
BAD 149106340573
BAD 149106340577
BAD 149106340583
BAD 149107232903
BAD 149107232929
BAD 149107232941
BAD 149107797893
BAD 149108018161
BAD 149108018167
BAD 149108018173
BAD 149108018177
BAD 149108018179
BAD 149108018183
BAD 149108120387
BAD 149108120389
BAD 149108120393
BAD 149108609401
BAD 149112916837
BAD 149113378391
BAD 149113378397
BAD 149113679047
BAD 149113870069
BAD 149114170301
BAD 149114442979
BAD 149114448589
BAD 149114531317
BAD 149114672159
BAD 149114890913
BAD 149115281333
BAD 149115440333
BAD 149116038451
BAD 149108661607
BAD 149109732371
BAD 149109732397
BAD 149109776749
BAD 149109866707
BAD 149109866713
BAD 149116744193
BAD 149118550639
BAD 149118550643
BAD 149118550673
BAD 149178320843
BAD 149178347749
BAD 149178347761
BAD 149118817811
BAD 149178886861
BAD 149179318559
BAD 149126932861
BAD 149126932873
BAD 149127251201
BAD 149127387229
BAD 149127486047
BAD 149127486049
BAD 149179940653
BAD 149127892763
BAD 149180953921
BAD 149181088723
BAD 149181088733
BAD 149128257149
BAD 149181338993
BAD 149181339001
BAD 149128394693
BAD 149181539851
BAD 149128502449
BAD 149128686929
BAD 149128764377
BAD 149128916543
BAD 149160427939
BAD 149129035261
BAD 149160592003
BAD 149129333839
BAD 149181837829
BAD 149160828601
BAD 149181965083
BAD 149182031437
BAD 149182031441
BAD 149182031443
BAD 149182225277
BAD 149182225279
BAD 149161188901
BAD 149182467703
BAD 149161417477
BAD 149161417501
BAD 149129616677
BAD 149183024713
BAD 149129616679
BAD 149130256523
BAD 149161907599
BAD 149183630357
BAD 149183630473
BAD 149183630483
BAD 149130647657
BAD 149162029739
BAD 149162029741
BAD 149183819303
BAD 149130782161
BAD 149183840851
BAD 149183840857
BAD 149130805039
BAD 149130805099
BAD 149162161669
BAD 149131111189
BAD 149131111193
BAD 149162350621
BAD 149162352331
BAD 149162371207
BAD 149184646867
BAD 149119523321
BAD 149119523323
BAD 149119523327
BAD 149119546159
BAD 149131761049
BAD 149119781761
BAD 149131900039
BAD 149185114721
BAD 149185114723
BAD 149185114733
BAD 149131990633
BAD 149132119859
BAD 149132119861
BAD 149211247987
BAD 149132232313
BAD 149132232317
BAD 149132386499
BAD 149120493887
BAD 149120493889
BAD 149132602081
BAD 149132704781
BAD 149211829457
BAD 149121094363
BAD 149186767217
BAD 149186808091
BAD 149186910203
BAD 149186910209
BAD 149186910211
BAD 149186998253
BAD 149121390059
BAD 149212314323
BAD 149212314331
BAD 149212314379
BAD 149212314529
BAD 149212314577
BAD 149121518071
BAD 149121518093
BAD 149212393909
BAD 149133582007
BAD 149187293113
BAD 149133629503
BAD 149121744791
BAD 149121921049
BAD 149212876999
BAD 149212943123
BAD 149187876553
BAD 149122142791
BAD 149213222141
BAD 149213222143
BAD 149213222161
BAD 149188164913
BAD 149188327721
BAD 149122528133
BAD 149188362173
BAD 149213996573
BAD 149214107491
BAD 149134501673
BAD 149134501693
BAD 149214323513
BAD 149189188801
BAD 149135303857
BAD 149135632771
BAD 149214968941
BAD 149214979723
BAD 149214979729
BAD 149135976571
BAD 149135998301
BAD 149215240729
BAD 149144224393
BAD 149189562287
BAD 149135998303
BAD 149189562289
BAD 149189562293
BAD 149144368027
BAD 149163187781
BAD 149163187783
BAD 149163187787
BAD 149190026339
BAD 149215698113
BAD 149163313531
BAD 149144620453
BAD 149163375481
BAD 149216071183
BAD 149216078533
BAD 149144883631
BAD 149163720599
BAD 149136675451
BAD 149163724883
BAD 149163724933
BAD 149216853413
BAD 149216853421
BAD 149163865261
BAD 149163865271
BAD 149136909781
BAD 149136909793
BAD 149136909797
BAD 149136909799
BAD 149146046989
BAD 149216927227
BAD 149164674443
BAD 149146047019
BAD 149146047023
BAD 149146047049
BAD 149146047053
BAD 149216973239
BAD 149216973263
BAD 149190846773
BAD 149217259231
BAD 149217501637
BAD 149137540897
BAD 149137906303
BAD 149165229481
BAD 149146374889
BAD 149191594073
BAD 149191594103
BAD 149165425631
BAD 149146446721
BAD 149138207237
BAD 149218818559
BAD 149165834203
BAD 149219083303
BAD 149219083309
BAD 149192088769
BAD 149192099279
BAD 149192099281
BAD 149219426023
BAD 149219426029
BAD 149193324097
BAD 149123538677
BAD 149166330031
BAD 149123538679
BAD 149139362311
BAD 149123563373
BAD 149166457651
BAD 149166457663
BAD 149166457669
BAD 149219532149
BAD 149219532151
BAD 149219532157
BAD 149193507863
BAD 149166637943
BAD 149219682229
BAD 149193775603
BAD 149193828499
BAD 149193834443
BAD 149166830083
BAD 149193881003
BAD 149166943291
BAD 149166943301
BAD 149166943327
BAD 149124019201
BAD 149124019217
BAD 149167047103
BAD 149167147193
BAD 149124179959
BAD 149139997579
BAD 149167363231
BAD 149125687883
BAD 149219979871
BAD 149146692769
BAD 149219979877
BAD 149219979901
BAD 149220106853
BAD 149220192811
BAD 149147073589
BAD 149167817531
BAD 149220743779
BAD 149147630791
BAD 149220843721
BAD 149168154539
BAD 149168154547
BAD 149168190949
BAD 149168190953
BAD 149221049401
BAD 149221049407
BAD 149221137997
BAD 149168278351
BAD 149148015503
BAD 149148015529
BAD 149148310643
BAD 149148651167
BAD 149148651193
BAD 149148677299
BAD 149148677303
BAD 149148721487
BAD 149148721489
BAD 149148821687
BAD 149168773717
BAD 149126718919
BAD 149168913809
BAD 149148926897
BAD 149148951701
BAD 149148951703
BAD 149148951709
BAD 149169168349
BAD 149140047841
BAD 149149188037
BAD 149169450593
BAD 149140295329
BAD 149223237979
BAD 149223237983
BAD 149149604663
BAD 149223426533
BAD 149169875059
BAD 149169985931
BAD 149140858523
BAD 149170426003
BAD 149150302649
BAD 149224013723
BAD 149150339293
BAD 149141149711
BAD 149224185053
BAD 149170634021
BAD 149170634033
BAD 149170777927
BAD 149170777967
BAD 149170777969
BAD 149224657301
BAD 149141591783
BAD 149224657303
BAD 149170777979
BAD 149150681261
BAD 149170777981
BAD 149141591789
BAD 149150681263
BAD 149170789399
BAD 149170789403
BAD 149150741071
BAD 149224709533
BAD 149224875361
BAD 149171134069
BAD 149151431633
BAD 149244533261
BAD 149244554141
BAD 149244554143
BAD 149244670517
BAD 149225749759
BAD 149151796201
BAD 149171861693
BAD 149151952141
BAD 149151980359
BAD 149226009323
BAD 149226009371
BAD 149152091003
BAD 149172125959
BAD 149172154009
BAD 149172160003
BAD 149226285721
BAD 149245618199
BAD 149245618201
BAD 149143520363
BAD 149143520371
BAD 149143520387
BAD 149143520389
BAD 149172238781
BAD 149172238783
BAD 149245776983
BAD 149152594607
BAD 149152594609
BAD 149245890301
BAD 149245955759
BAD 149245955767
BAD 149245955791
BAD 149172681143
BAD 149172731219
BAD 149172731221
BAD 149152882457
BAD 149246287937
BAD 149246287951
BAD 149152938271
BAD 149152944313
BAD 149173056743
BAD 149173056749
BAD 149173056751
BAD 149173056787
BAD 149173056793
BAD 149246590523
BAD 149246653891
BAD 149173511437
BAD 149153372261
BAD 149246862983
BAD 149174034341
BAD 149174034343
BAD 149247041011
BAD 149174135659
BAD 149154136829
BAD 149174621041
BAD 149247640783
BAD 149174932811
BAD 149155231283
BAD 149175529313
BAD 149155451047
BAD 149155451051
BAD 149155451101
BAD 149193925043
BAD 149193925051
BAD 149155577741
BAD 149155577743
BAD 149155577749
BAD 149194369133
BAD 149248754071
BAD 149176088389
BAD 149176088393
BAD 149155965391
BAD 149155965397
BAD 149194624223
BAD 149194624231
BAD 149194675843
BAD 149176263739
BAD 149248925603
BAD 149249005723
BAD 149249005727
BAD 149249005729
BAD 149249005733
BAD 149249039279
BAD 149156348483
BAD 149156348491
BAD 149156519903
BAD 149176542661
BAD 149195240113
BAD 149195382593
BAD 149195382599
BAD 149249444389
BAD 149249444413
BAD 149249464321
BAD 149249464327
BAD 149249464339
BAD 149249498707
BAD 149176690549
BAD 149195792813
BAD 149157718399
BAD 149196094051
BAD 149157854227
BAD 149157854233
BAD 149177023927
BAD 149158298761
BAD 149158413953
BAD 149196704213
BAD 149158519663
BAD 149158733707
BAD 149196918781
BAD 149158750991
BAD 149251298551
BAD 149251374919
BAD 149197317553
BAD 149197317557
BAD 149197317559
BAD 149159216093
BAD 149159700097
BAD 149159700101
BAD 149198311891
BAD 149198351461
BAD 149198351473
BAD 149198351513
BAD 149160037729
BAD 149252251829
BAD 149252251831
BAD 149252251879
BAD 149198743703
BAD 149160232021
BAD 149160232027
BAD 149252470769
BAD 149252470771
BAD 149252470777
BAD 149252470813
BAD 149252571781
BAD 149199250709
BAD 149199612011
BAD 149252888821
BAD 149199932327
BAD 149200101293
BAD 149200101307
BAD 149200286491
BAD 149200740979
BAD 149253810571
BAD 149227547647
BAD 149253860659
BAD 149253860663
BAD 149253860689
BAD 149227591973
BAD 149227645669
BAD 149227645673
BAD 149227645687
BAD 149227752431
BAD 149227752433
BAD 149201016641
BAD 149254022483
BAD 149201251313
BAD 149201251427
BAD 149201251429
BAD 149254225403
BAD 149254225409
BAD 149254225411
BAD 149201352679
BAD 149228295649
BAD 149228295653
BAD 149228295661
BAD 149254628591
BAD 149254816591
BAD 149254816603
BAD 149254816609
BAD 149229507247
BAD 149202593521
BAD 149230180391
BAD 149230180471
BAD 149230180483
BAD 149230235747
BAD 149230242199
BAD 149256287581
BAD 149203134961
BAD 149203290721
BAD 149256573967
BAD 149203388003
BAD 149256767147
BAD 149256767171
BAD 149256767173
BAD 149256940981
BAD 149203626269
BAD 149203683373
BAD 149203683383
BAD 149257125139
BAD 149257135793
BAD 149203827701
BAD 149231031251
BAD 149231031253
BAD 149257340521
BAD 149204129783
BAD 149257618073
BAD 149204516143
BAD 149204712623
BAD 149204712691
BAD 149258231599
BAD 149258444659
BAD 149258444663
BAD 149205342757
BAD 149205342787
BAD 149205391997
BAD 149205391999
BAD 149258855413
BAD 149258928209
BAD 149258928211
BAD 149205870427
BAD 149205870433
BAD 149205925591
BAD 149206033751
BAD 149232526259
BAD 149206520479
BAD 149232776533
BAD 149206644427
BAD 149206644449
BAD 149259974407
BAD 149259974417
BAD 149260580479
BAD 149260850699
BAD 149260850701
BAD 149233261147
BAD 149233261153
BAD 149233328897
BAD 149233328899
BAD 149233328903
BAD 149207551613
BAD 149233865723
BAD 149234167513
BAD 149234167517
BAD 149234167519
BAD 149234238347
BAD 149234565317
BAD 149234879971
BAD 149234879977
BAD 149234923889
BAD 149234923891
BAD 149235031763
BAD 149209407107
BAD 149235999449
BAD 149210462509
BAD 149236760227
BAD 149236801099
BAD 149236844483
BAD 149236888127
BAD 149236978493
BAD 149237025331
BAD 149238265769
BAD 149239060807
BAD 149240290123
BAD 149240290127
BAD 149240290151
BAD 149240290153
BAD 149240632693
BAD 149240715083
BAD 149240913491
BAD 149240927677
BAD 149240963071
BAD 149240996291
BAD 149240996299
BAD 149241247037
BAD 149241247039
BAD 149241609403
BAD 149241609409
BAD 149241969439
BAD 149242299643
BAD 149243063833
BAD 149244022573
BAD 149244107611
BAD 149244165047
BAD 149261301493
BAD 149261314429
BAD 149261649631
BAD 149261649637
BAD 149261649881
BAD 149261649883
BAD 149261688853
BAD 149261904613
BAD 149263251127
BAD 149263251139
BAD 149263251143
BAD 149263251149
BAD 149263382483
BAD 149263382491
BAD 149263411789
BAD 149263565251
BAD 149264172371
BAD 149264942899
BAD 149265469063
BAD 149265790153
BAD 149267382541
BAD 149267382553
BAD 149267382557
BAD 149267438731
BAD 149268209921
BAD 149268209947
BAD 149268810883
BAD 149268810893
BAD 149269128331
BAD 149269239047
BAD 149269539271
BAD 149269539283
BAD 149269591403
BAD 149270103991
BAD 149270252041
BAD 149270740643
BAD 149270816581
BAD 149270887817
BAD 149270887819
BAD 149271109033
BAD 149271224177
BAD 149271414233
BAD 149271790903
BAD 149271969331
BAD 149272143373
BAD 149272322123
BAD 149272380739
BAD 149272528109
BAD 149272563773
BAD 149272710583
BAD 149272710623
BAD 149272710647
BAD 149272866803
BAD 149272866811
BAD 149273358229
BAD 149273358233
BAD 149274347401
BAD 149274758641
BAD 149275241477
BAD 149275383619
BAD 149275794823
BAD 149275794841
BAD 149276051887
BAD 149276814443
BAD 149276931173
BAD 149276931179
BAD 149277397573
BAD 149277690883
BAD 149277724279
BAD 149277724283
BAD 149277759613
BAD 149277759619
BAD 149277888211
BAD 149277888217
BAD 149278229209
BAD 149278229213
BAD 149278289143
BAD 149278291633
BAD 149278291637
BAD 149278291639
BAD 149278291763
BAD 149278291769
BAD 149278485313
BAD 149278485319
BAD 149278485331
BAD 149278485337
BAD 149278691899
BAD 149279599583
BAD 149280236059
BAD 149280361673
BAD 149281444099
BAD 149281614067
BAD 149281829863
BAD 149281882537
BAD 149281882543
BAD 149282862907
BAD 149282863043
BAD 149282993803
BAD 149283045181
BAD 149283045187
BAD 149283237049
BAD 149283237053
BAD 149283452303
BAD 149283527597
BAD 149283527599
BAD 149283632119
BAD 149284013597
BAD 149284136137
BAD 149284136249
BAD 149284136251
BAD 149284928213
BAD 149285232643
BAD 149285326973
BAD 149286141149
BAD 149286389753
BAD 149286389761
BAD 149287609463
BAD 149287631569
BAD 149288276177
BAD 149288276183
BAD 149288651741
BAD 149289004283
BAD 149294603333
BAD 149294746373
BAD 149295357377
BAD 149295513181
BAD 149290201013
BAD 149290201033
BAD 149295875569
BAD 149295890171
BAD 149295890173
BAD 149296016633
BAD 149296016677
BAD 149296016689
BAD 149290814677
BAD 149291106697
BAD 149291215823
BAD 149291215831
BAD 149291289031
BAD 149291642917
BAD 149293098697
BAD 149293350781
BAD 149296586983
BAD 149297516789
BAD 149297516791
BAD 149297530901
BAD 149297530903
BAD 149297547601
BAD 149297840033
BAD 149297865433
BAD 149297865439
BAD 149298037501
BAD 149298037507
BAD 149298037513
BAD 149298957133
BAD 149328370049
BAD 149328385741
BAD 149328442331
BAD 149299964089
BAD 149299964113
BAD 149300051333
BAD 149328980243
BAD 149328980267
BAD 149329190299
BAD 149329190377
BAD 149301040303
BAD 149301040307
BAD 149329287143
BAD 149329287179
BAD 149329364941
BAD 149329364983
BAD 149301269851
BAD 149301269881
BAD 149301269899
BAD 149329434983
BAD 149329439351
BAD 149329439353
BAD 149329590383
BAD 149301635183
BAD 149345641283
BAD 149329823213
BAD 149301898729
BAD 149329961017
BAD 149330005403
BAD 149345968727
BAD 149345968729
BAD 149330168753
BAD 149302184359
BAD 149302184363
BAD 149330358259
BAD 149302345009
BAD 149330460901
BAD 149330832181
BAD 149302814917
BAD 149302815047
BAD 149293394629
BAD 149302815083
BAD 149302815097
BAD 149302815107
BAD 149347151917
BAD 149347151927
BAD 149347151929
BAD 149347316711
BAD 149293796269
BAD 149293799483
BAD 149293799489
BAD 149293799491
BAD 149293799497
BAD 149303371703
BAD 149303395327
BAD 149303571721
BAD 149303571727
BAD 149331040489
BAD 149303944457
BAD 149348069461
BAD 149331478003
BAD 149304567331
BAD 149304699743
BAD 149304699751
BAD 149304786541
BAD 149332155697
BAD 149332243937
BAD 149332243939
BAD 149332243943
BAD 149349530677
BAD 149305307153
BAD 149305307191
BAD 149349699581
BAD 149349773393
BAD 149305618547
BAD 149305618549
BAD 149350117229
BAD 149332834009
BAD 149332834019
BAD 149332834073
BAD 149332834099
BAD 149350574099
BAD 149350574101
BAD 149305980451
BAD 149350700221
BAD 149333280961
BAD 149306189587
BAD 149351003029
BAD 149306287327
BAD 149306505151
BAD 149306505169
BAD 149351360273
BAD 149351370143
BAD 149306673713
BAD 149334044869
BAD 149334113759
BAD 149334189539
BAD 149334189541
BAD 149334196183
BAD 149351910221
BAD 149334396961
BAD 149351984843
BAD 149334692993
BAD 149334718201
BAD 149334718207
BAD 149334818099
BAD 149307562777
BAD 149335098053
BAD 149335103011
BAD 149335103033
BAD 149335103063
BAD 149335103069
BAD 149352508541
BAD 149352517019
BAD 149352517021
BAD 149352517033
BAD 149352517049
BAD 149335276859
BAD 149335276861
BAD 149335276879
BAD 149335276891
BAD 149335276897
BAD 149335472459
BAD 149335472521
BAD 149308092341
BAD 149308092343
BAD 149308217857
BAD 149353627547
BAD 149335843451
BAD 149335843453
BAD 149335843493
BAD 149353950533
BAD 149354039797
BAD 149308685551
BAD 149308685557
BAD 149308685657
BAD 149354341777
BAD 149308782901
BAD 149336091607
BAD 149336091613
BAD 149336116277
BAD 149309036777
BAD 149309171023
BAD 149309178401
BAD 149336549447
BAD 149336549449
BAD 149355149011
BAD 149309800537
BAD 149336967469
BAD 149336967473
BAD 149355535829
BAD 149355609163
BAD 149310301649
BAD 149310301667
BAD 149356070327
BAD 149356070329
BAD 149337701341
BAD 149356147573
BAD 149356186963
BAD 149356195091
BAD 149356199959
BAD 149337871877
BAD 149356199963
BAD 149310920741
BAD 149310920743
BAD 149310948113
BAD 149356456729
BAD 149356477399
BAD 149356506319
BAD 149356506323
BAD 149356529537
BAD 149338095563
BAD 149338095593
BAD 149356561591
BAD 149311098259
BAD 149356845961
BAD 149311250923
BAD 149311250941
BAD 149311250947
BAD 149356988483
BAD 149357722609
BAD 149358161063
BAD 149358161089
BAD 149339225143
BAD 149339871607
BAD 149339871623
BAD 149340007183
BAD 149340698701
BAD 149341198507
BAD 149359673257
BAD 149359728701
BAD 149359728703
BAD 149341522789
BAD 149360034679
BAD 149360034689
BAD 149341743883
BAD 149311509961
BAD 149360300821
BAD 149311713349
BAD 149341876289
BAD 149341876291
BAD 149360455639
BAD 149360455733
BAD 149360515321
BAD 149360519017
BAD 149360519023
BAD 149360634667
BAD 149360634671
BAD 149360634691
BAD 149360634701
BAD 149360958623
BAD 149361059437
BAD 149361059443
BAD 149361059447
BAD 149361149719
BAD 149361149723
BAD 149361510811
BAD 149342749883
BAD 149342749903
BAD 149342788417
BAD 149312037109
BAD 149342866097
BAD 149312037113
BAD 149312037139
BAD 149312037143
BAD 149342866103
BAD 149342880697
BAD 149342963953
BAD 149343325073
BAD 149312604283
BAD 149313322919
BAD 149313990193
BAD 149344112011
BAD 149344112017
BAD 149344112023
BAD 149344156967
BAD 149314291883
BAD 149344206943
BAD 149344312003
BAD 149344312021
BAD 149315070679
BAD 149315422699
BAD 149315708273
BAD 149315799319
BAD 149316613241
BAD 149317358369
BAD 149317358371
BAD 149317521413
BAD 149317529563
BAD 149317606369
BAD 149317606379
BAD 149317606381
BAD 149317613959
BAD 149317910873
BAD 149318101523
BAD 149318136497
BAD 149318177003
BAD 149318476163
BAD 149318944913
BAD 149318944919
BAD 149319647693
BAD 149320411679
BAD 149320663853
BAD 149321282659
BAD 149321282993
BAD 149322068359
BAD 149322131509
BAD 149322142709
BAD 149322221527
BAD 149322507407
BAD 149322507409
BAD 149323722083
BAD 149323722173
BAD 149324004259
BAD 149324456599
BAD 149324722303
BAD 149325135529
BAD 149325368903
BAD 149325368909
BAD 149325368911
BAD 149325747751
BAD 149326060943
BAD 149326152061
BAD 149326152091
BAD 149326641427
BAD 149326648099
BAD 149326990921
BAD 149326990937
BAD 149327050633
BAD 149327050643
BAD 149327600711
BAD 149327887363
BAD 149327887369
BAD 149327949653
BAD 149327981573
BAD 149328035503
BAD 149446642259
BAD 149447193859
BAD 149447193871
BAD 149447448301
BAD 149447470729
BAD 149447558063
BAD 149447755553
BAD 149447766473
BAD 149448474509
BAD 149448474619
BAD 149448661409
BAD 149448995831
BAD 149448995833
BAD 149449094959
BAD 149449214153
BAD 149449345273
BAD 149449407413
BAD 149449793011
BAD 149412110227
BAD 149412110231
BAD 149412110233
BAD 149451529043
BAD 149451705713
BAD 149451705721
BAD 149413181773
BAD 149413181777
BAD 149452085243
BAD 149413493063
BAD 149452472497
BAD 149413934809
BAD 149413934827
BAD 149452977283
BAD 149452977293
BAD 149452977299
BAD 149452977301
BAD 149452977313
BAD 149453094853
BAD 149453566187
BAD 149453566357
BAD 149414831743
BAD 149415149549
BAD 149415149551
BAD 149415149557
BAD 149415149561
BAD 149415557339
BAD 149479177063
BAD 149479177069
BAD 149415557341
BAD 149415557353
BAD 149416222873
BAD 149479956979
BAD 149480108573
BAD 149480108579
BAD 149480108581
BAD 149416757327
BAD 149416802897
BAD 149416802903
BAD 149417306461
BAD 149417359613
BAD 149417447639
BAD 149480831569
BAD 149480904211
BAD 149480904217
BAD 149417624011
BAD 149417676613
BAD 149481018773
BAD 149417852821
BAD 149418142571
BAD 149418143761
BAD 149418143767
BAD 149418143773
BAD 149418143801
BAD 149481430229
BAD 149481430249
BAD 149481430271
BAD 149418333401
BAD 149481430277
BAD 149418333403
BAD 149481430279
BAD 149418369631
BAD 149418403573
BAD 149418700243
BAD 149481800497
BAD 149481889111
BAD 149482004011
BAD 149482032241
BAD 149419035949
BAD 149419141909
BAD 149454413963
BAD 149482542091
BAD 149482580461
BAD 149378786203
BAD 149483162669
BAD 149483162671
BAD 149379356003
BAD 149483426863
BAD 149454676477
BAD 149454731539
BAD 149379842377
BAD 149379842419
BAD 149379842473
BAD 149483658551
BAD 149483658553
BAD 149380042963
BAD 149380042969
BAD 149380043047
BAD 149380043053
BAD 149380051291
BAD 149483863289
BAD 149483863369
BAD 149380179241
BAD 149380179259
BAD 149380280519
BAD 149455399283
BAD 149380453051
BAD 149455491491
BAD 149455555903
BAD 149455555933
BAD 149380803541
BAD 149380803563
BAD 149380825907
BAD 149380869007
BAD 149455710101
BAD 149455710113
BAD 149455771909
BAD 149484317461
BAD 149455830151
BAD 149455830163
BAD 149455830169
BAD 149455830217
BAD 149455830221
BAD 149380983383
BAD 149484342713
BAD 149484342719
BAD 149484650473
BAD 149484650479
BAD 149456213483
BAD 149484686137
BAD 149381618297
BAD 149381618299
BAD 149484923101
BAD 149381782399
BAD 149381782409
BAD 149381782411
BAD 149484931091
BAD 149484931093
BAD 149485001599
BAD 149381919023
BAD 149382019723
BAD 149382019769
BAD 149382067801
BAD 149456592013
BAD 149456592017
BAD 149456733857
BAD 149456733859
BAD 149456733863
BAD 149382549391
BAD 149382549409
BAD 149485708517
BAD 149485708523
BAD 149457019981
BAD 149457363799
BAD 149485962973
BAD 149485962979
BAD 149383271039
BAD 149383271041
BAD 149419482991
BAD 149457791059
BAD 149383271047
BAD 149419482997
BAD 149383422203
BAD 149458014919
BAD 149383497343
BAD 149420053483
BAD 149420154643
BAD 149458468349
BAD 149458468351
BAD 149420383961
BAD 149420383963
BAD 149383997579
BAD 149458614031
BAD 149420628211
BAD 149458742273
BAD 149421013543
BAD 149421129817
BAD 149384632433
BAD 149459083913
BAD 149459083931
BAD 149384825651
BAD 149421419299
BAD 149459243473
BAD 149459243477
BAD 149421628703
BAD 149385046009
BAD 149385046021
BAD 149385064133
BAD 149459774183
BAD 149421918433
BAD 149385064177
BAD 149421918439
BAD 149459783197
BAD 149421954229
BAD 149421954233
BAD 149459833907
BAD 149459833909
BAD 149459955289
BAD 149459955301
BAD 149460033979
BAD 149385352231
BAD 149385648641
BAD 149385657803
BAD 149385943793
BAD 149423127277
BAD 149423127281
BAD 149461254659
BAD 149423471867
BAD 149386476871
BAD 149386476881
BAD 149423638211
BAD 149423638213
BAD 149386670401
BAD 149461573031
BAD 149461573033
BAD 149386839473
BAD 149462025529
BAD 149462025533
BAD 149424090811
BAD 149462025539
BAD 149462025541
BAD 149462025547
BAD 149424090821
BAD 149462227193
BAD 149486149951
BAD 149486149993
BAD 149387227921
BAD 149486374021
BAD 149486516693
BAD 149486516701
BAD 149424839593
BAD 149387955407
BAD 149388053161
BAD 149487144251
BAD 149487144253
BAD 149388363253
BAD 149388425843
BAD 149388442297
BAD 149487302101
BAD 149425574503
BAD 149425636183
BAD 149425636187
BAD 149425636189
BAD 149425643573
BAD 149426139523
BAD 149426276843
BAD 149426285563
BAD 149389206133
BAD 149395340851
BAD 149389206139
BAD 149487767041
BAD 149487774011
BAD 149487774013
BAD 149487774017
BAD 149487774019
BAD 149389274911
BAD 149426322827
BAD 149395474399
BAD 149389418897
BAD 149395512367
BAD 149426382323
BAD 149426382421
BAD 149389450577
BAD 149389450579
BAD 149389450619
BAD 149389450621
BAD 149426518181
BAD 149426551627
BAD 149395927133
BAD 149396123603
BAD 149396123609
BAD 149396153129
BAD 149396153131
BAD 149396153143
BAD 149396228791
BAD 149396230133
BAD 149488467259
BAD 149488467263
BAD 149396348753
BAD 149427263837
BAD 149390832001
BAD 149396502053
BAD 149396651827
BAD 149390905529
BAD 149427954563
BAD 149397080981
BAD 149397080983
BAD 149397080999
BAD 149391244049
BAD 149391305257
BAD 149391664841
BAD 149391664843
BAD 149490155687
BAD 149397489721
BAD 149391855367
BAD 149490502397
BAD 149397760387
BAD 149490841831
BAD 149490841847
BAD 149398019971
BAD 149398019989
BAD 149398019993
BAD 149491163363
BAD 149392386239
BAD 149398430249
BAD 149392578451
BAD 149392815293
BAD 149491712441
BAD 149392988971
BAD 149392989017
BAD 149491712443
BAD 149398758407
BAD 149491794091
BAD 149398853969
BAD 149398853971
BAD 149491935451
BAD 149491961419
BAD 149491961483
BAD 149492033363
BAD 149399264863
BAD 149393636863
BAD 149393636869
BAD 149393762813
BAD 149393762821
BAD 149492339839
BAD 149394080687
BAD 149361724411
BAD 149399789971
BAD 149394215381
BAD 149361751141
BAD 149394303073
BAD 149361783119
BAD 149361783121
BAD 149400062719
BAD 149400210607
BAD 149400210683
BAD 149394713371
BAD 149493253543
BAD 149395040329
BAD 149494246219
BAD 149400895067
BAD 149362716119
BAD 149362716121
BAD 149401006613
BAD 149494326173
BAD 149494561109
BAD 149363233967
BAD 149363233969
BAD 149494665361
BAD 149363467079
BAD 149401822021
BAD 149494871941
BAD 149494871963
BAD 149363723317
BAD 149363723339
BAD 149402001143
BAD 149364497003
BAD 149364540553
BAD 149364772033
BAD 149365227499
BAD 149403323689
BAD 149403393343
BAD 149365438771
BAD 149404034099
BAD 149404034107
BAD 149404034111
BAD 149365769911
BAD 149404297543
BAD 149365817459
BAD 149404544801
BAD 149495642383
BAD 149404544803
BAD 149366177183
BAD 149404750519
BAD 149495743583
BAD 149366883847
BAD 149366890261
BAD 149405881507
BAD 149367754457
BAD 149368133779
BAD 149407033907
BAD 149408294753
BAD 149408667403
BAD 149408667407
BAD 149408667409
BAD 149408667413
BAD 149408703739
BAD 149408703757
BAD 149409129853
BAD 149368631287
BAD 149369077591
BAD 149369077609
BAD 149409304243
BAD 149369301187
BAD 149369371667
BAD 149369371673
BAD 149409679313
BAD 149409680701
BAD 149409904433
BAD 149369738993
BAD 149369739041
BAD 149369755433
BAD 149410349927
BAD 149410349929
BAD 149370043051
BAD 149410443277
BAD 149410650559
BAD 149410650563
BAD 149370732761
BAD 149411966159
BAD 149373057961
BAD 149373057989
BAD 149373057991
BAD 149373527833
BAD 149373550969
BAD 149373659189
BAD 149373913999
BAD 149373914003
BAD 149373914033
BAD 149374401361
BAD 149374401367
BAD 149374506643
BAD 149374713599
BAD 149374713601
BAD 149462828287
BAD 149462967391
BAD 149462967397
BAD 149463001007
BAD 149463001021
BAD 149463130853
BAD 149375888551
BAD 149375903333
BAD 149464184257
BAD 149375980993
BAD 149375980997
BAD 149464460953
BAD 149464460969
BAD 149464461007
BAD 149464580257
BAD 149464838209
BAD 149464838213
BAD 149376537301
BAD 149464977731
BAD 149465091829
BAD 149465091833
BAD 149377384489
BAD 149377458871
BAD 149377735291
BAD 149377796611
BAD 149377796657
BAD 149377796663
BAD 149377796677
BAD 149377796683
BAD 149466275617
BAD 149466275639
BAD 149466275641
BAD 149466318721
BAD 149466591301
BAD 149378443033
BAD 149466919351
BAD 149378443037
BAD 149429193829
BAD 149429348953
BAD 149467177411
BAD 149467309711
BAD 149429964413
BAD 149429964457
BAD 149430580577
BAD 149430686131
BAD 149431092457
BAD 149468442401
BAD 149468526721
BAD 149431446653
BAD 149431587803
BAD 149431664467
BAD 149468781799
BAD 149469112147
BAD 149432419013
BAD 149432444831
BAD 149433000683
BAD 149433030751
BAD 149433291541
BAD 149469607849
BAD 149469607853
BAD 149469642457
BAD 149469642503
BAD 149469663913
BAD 149470527083
BAD 149433922537
BAD 149470674107
BAD 149470774513
BAD 149434440619
BAD 149434440629
BAD 149471361997
BAD 149434501477
BAD 149434618717
BAD 149435117837
BAD 149435900321
BAD 149435900323
BAD 149436034903
BAD 149472375397
BAD 149472425699
BAD 149472425701
BAD 149472487621
BAD 149472718489
BAD 149473164053
BAD 149473495403
BAD 149437028989
BAD 149437125059
BAD 149437215211
BAD 149437576829
BAD 149473942243
BAD 149437673267
BAD 149437673269
BAD 149438090783
BAD 149474600467
BAD 149474762251
BAD 149438191219
BAD 149438229673
BAD 149438229679
BAD 149438733349
BAD 149438895161
BAD 149438895173
BAD 149475757511
BAD 149475757513
BAD 149438985139
BAD 149438985149
BAD 149438985151
BAD 149439097111
BAD 149439097123
BAD 149475868649
BAD 149475868651
BAD 149439233453
BAD 149475892549
BAD 149439413341
BAD 149439413353
BAD 149439826729
BAD 149476259299
BAD 149476259333
BAD 149440033837
BAD 149440340059
BAD 149477065531
BAD 149477746321
BAD 149478646861
BAD 149478649501
BAD 149478971143
BAD 149442363953
BAD 149442403069
BAD 149442987413
BAD 149443251967
BAD 149443418987
BAD 149443418989
BAD 149443533721
BAD 149443533769
BAD 149443533797
BAD 149443997177
BAD 149443997179
BAD 149443997189
BAD 149443997191
BAD 149444119523
BAD 149444214991
BAD 149444281123
BAD 149444281141
BAD 149444350009
BAD 149444990671
BAD 149445439777
BAD 149564334373
BAD 149564334377
BAD 149564334379
BAD 149564746999
BAD 149565013733
BAD 149565149581
BAD 149565194899
BAD 149565312233
BAD 149565542713
BAD 149565684589
BAD 149565684601
BAD 149565693023
BAD 149580364741
BAD 149580794689
BAD 149581246673
BAD 149581491623
BAD 149581686967
BAD 149582012243
BAD 149582900569
BAD 149582900573
BAD 149583271997
BAD 149583411647
BAD 149583411661
BAD 149583428131
BAD 149566640173
BAD 149596653757
BAD 149596653799
BAD 149566686149
BAD 149566686151
BAD 149597515499
BAD 149597589373
BAD 149597589377
BAD 149597589397
BAD 149567965973
BAD 149568083711
BAD 149568083713
BAD 149568083719
BAD 149568297821
BAD 149568297829
BAD 149568592757
BAD 149568775051
BAD 149568974323
BAD 149569203367
BAD 149599250971
BAD 149569707611
BAD 149569707613
BAD 149569707631
BAD 149569761227
BAD 149570056343
BAD 149570332699
BAD 149570459393
BAD 149570485157
BAD 149570485159
BAD 149600074021
BAD 149570663791
BAD 149600459941
BAD 149570825087
BAD 149570896177
BAD 149570904271
BAD 149570904299
BAD 149600939563
BAD 149600939623
BAD 149600939627
BAD 149600939629
BAD 149600939633
BAD 149600939647
BAD 149571174947
BAD 149571319109
BAD 149571319111
BAD 149571383989
BAD 149601270887
BAD 149571888061
BAD 149571979069
BAD 149584056509
BAD 149572682353
BAD 149584056511
BAD 149584056529
BAD 149584059323
BAD 149584089619
BAD 149572799923
BAD 149572876333
BAD 149573018479
BAD 149584222727
BAD 149584222729
BAD 149584222741
BAD 149573265077
BAD 149573265089
BAD 149573265151
BAD 149573796943
BAD 149584847179
BAD 149584847183
BAD 149573992517
BAD 149573992523
BAD 149585184367
BAD 149574279523
BAD 149586251713
BAD 149575106797
BAD 149586464191
BAD 149575411109
BAD 149575643993
BAD 149586975767
BAD 149587159261
BAD 149587458019
BAD 149576258417
BAD 149576258431
BAD 149576258437
BAD 149576307919
BAD 149589111473
BAD 149589111547
BAD 149589225521
BAD 149589270379
BAD 149576642107
BAD 149576724413
BAD 149576900581
BAD 149589777451
BAD 149577535057
BAD 149577535067
BAD 149577535111
BAD 149590429627
BAD 149577692993
BAD 149577726611
BAD 149577728791
BAD 149577837823
BAD 149590687429
BAD 149590694527
BAD 149578260889
BAD 149578743833
BAD 149591839157
BAD 149579095363
BAD 149579302771
BAD 149579374013
BAD 149579478289
BAD 149579481083
BAD 149579481091
BAD 149602508947
BAD 149579589589
BAD 149602933903
BAD 149602980757
BAD 149603130437
BAD 149603130451
BAD 149603496323
BAD 149603600071
BAD 149603600077
BAD 149603600093
BAD 149603655743
BAD 149603756513
BAD 149603771021
BAD 149603786161
BAD 149604203761
BAD 149604203773
BAD 149513113741
BAD 149513174179
BAD 149513270323
BAD 149605261931
BAD 149605261933
BAD 149605261937
BAD 149605593157
BAD 149514021169
BAD 149605897439
BAD 149606130691
BAD 149606362099
BAD 149514074881
BAD 149606574037
BAD 149606574041
BAD 149514493991
BAD 149606574043
BAD 149514493993
BAD 149606664821
BAD 149607039247
BAD 149607039251
BAD 149607113717
BAD 149607114037
BAD 149607114049
BAD 149607114053
BAD 149515024279
BAD 149515332529
BAD 149515332871
BAD 149529794213
BAD 149515490171
BAD 149607760499
BAD 149607760501
BAD 149515585627
BAD 149516333521
BAD 149516333731
BAD 149530798037
BAD 149608511603
BAD 149530991891
BAD 149530991893
BAD 149531066963
BAD 149531306809
BAD 149609105887
BAD 149609623903
BAD 149609623907
BAD 149592398743
BAD 149532436873
BAD 149517851443
BAD 149518006873
BAD 149518006879
BAD 149592628091
BAD 149592628093
BAD 149592628099
BAD 149518171643
BAD 149518195591
BAD 149593411831
BAD 149533279433
BAD 149533412407
BAD 149518998953
BAD 149518999013
BAD 149593785247
BAD 149593942123
BAD 149594032087
BAD 149594033539
BAD 149594033587
BAD 149519355343
BAD 149519355379
BAD 149594681713
BAD 149519750461
BAD 149595143447
BAD 149595143449
BAD 149534799383
BAD 149534832313
BAD 149520551923
BAD 149535271511
BAD 149535271573
BAD 149609767093
BAD 149522144557
BAD 149535271577
BAD 149522271931
BAD 149609883679
BAD 149609883691
BAD 149609883697
BAD 149522476121
BAD 149522476123
BAD 149522656973
BAD 149522657003
BAD 149522671763
BAD 149522995639
BAD 149610492089
BAD 149610492091
BAD 149523158959
BAD 149610519403
BAD 149523685219
BAD 149523685237
BAD 149523685243
BAD 149536954493
BAD 149611071193
BAD 149524157287
BAD 149611315747
BAD 149611385753
BAD 149611385761
BAD 149524751179
BAD 149611578889
BAD 149611877053
BAD 149525611567
BAD 149630579971
BAD 149596545349
BAD 149612596193
BAD 149596545367
BAD 149525611579
BAD 149525611583
BAD 149525611591
BAD 149525611603
BAD 149612596213
BAD 149630934263
BAD 149631196111
BAD 149631196123
BAD 149631196133
BAD 149631734443
BAD 149631916507
BAD 149631960089
BAD 149631960091
BAD 149526455503
BAD 149526455513
BAD 149538927977
BAD 149526550577
BAD 149632596781
BAD 149633066749
BAD 149526929491
BAD 149526929501
BAD 149633126443
BAD 149633230423
BAD 149539687537
BAD 149539687541
BAD 149539687543
BAD 149539687547
BAD 149527405589
BAD 149633636927
BAD 149633636959
BAD 149527419983
BAD 149633688023
BAD 149527548803
BAD 149633923657
BAD 149633923661
BAD 149633923667
BAD 149633923669
BAD 149633961871
BAD 149633961947
BAD 149633961949
BAD 149634031021
BAD 149540061379
BAD 149527779829
BAD 149527779833
BAD 149540127169
BAD 149540127179
BAD 149540127181
BAD 149540275501
BAD 149540275543
BAD 149528010161
BAD 149528078839
BAD 149528134297
BAD 149634944423
BAD 149528290007
BAD 149528290033
BAD 149528334853
BAD 149635255073
BAD 149540722399
BAD 149528643389
BAD 149528665067
BAD 149528778199
BAD 149528958451
BAD 149635600561
BAD 149635625063
BAD 149614439813
BAD 149614538419
BAD 149635913951
BAD 149635913953
BAD 149635913957
BAD 149541503263
BAD 149541503281
BAD 149541547607
BAD 149541640487
BAD 149541640489
BAD 149541818483
BAD 149636121007
BAD 149636121017
BAD 149542107383
BAD 149542107391
BAD 149636299073
BAD 149542328191
BAD 149615052343
BAD 149636789321
BAD 149636789347
BAD 149636789353
BAD 149542849879
BAD 149542887653
BAD 149636941463
BAD 149616024977
BAD 149616024979
BAD 149616055423
BAD 149543615633
BAD 149637361417
BAD 149616201173
BAD 149543787893
BAD 149543961499
BAD 149544026453
BAD 149544417469
BAD 149616484609
BAD 149616735811
BAD 149637709279
BAD 149637842317
BAD 149545175579
BAD 149545175581
BAD 149545353509
BAD 149545353511
BAD 149545353521
BAD 149545353533
BAD 149638097621
BAD 149638097639
BAD 149638097641
BAD 149545401079
BAD 149638197119
BAD 149638197197
BAD 149638197199
BAD 149617444667
BAD 149617444741
BAD 149545715227
BAD 149617514507
BAD 149617514509
BAD 149617604329
BAD 149545984561
BAD 149546000393
BAD 149617737359
BAD 149617737361
BAD 149638433873
BAD 149638521589
BAD 149638521601
BAD 149638521619
BAD 149638521623
BAD 149638521629
BAD 149638521631
BAD 149618108501
BAD 149618128999
BAD 149618154083
BAD 149618154089
BAD 149638898693
BAD 149638898711
BAD 149638898713
BAD 149638898729
BAD 149546443853
BAD 149546443859
BAD 149546464453
BAD 149546464471
BAD 149619068813
BAD 149619129787
BAD 149619129799
BAD 149546649929
BAD 149639783347
BAD 149546649943
BAD 149546776747
BAD 149639949799
BAD 149639949803
BAD 149639968039
BAD 149639968043
BAD 149547043339
BAD 149547043343
BAD 149547043357
BAD 149547145133
BAD 149640443809
BAD 149547573661
BAD 149547724223
BAD 149620236559
BAD 149620236629
BAD 149620236631
BAD 149620316903
BAD 149620369763
BAD 149620465493
BAD 149620465507
BAD 149620465543
BAD 149620465549
BAD 149548011581
BAD 149548011583
BAD 149640901369
BAD 149620719883
BAD 149548384781
BAD 149641156673
BAD 149621175199
BAD 149621175203
BAD 149621458781
BAD 149621458813
BAD 149621458817
BAD 149621504213
BAD 149641386163
BAD 149621717317
BAD 149621736721
BAD 149549359591
BAD 149641775131
BAD 149549655131
BAD 149549655133
BAD 149622384853
BAD 149550365779
BAD 149642513591
BAD 149642513593
BAD 149623436119
BAD 149550766403
BAD 149623530271
BAD 149550968789
BAD 149551425497
BAD 149551425871
BAD 149551430603
BAD 149624710171
BAD 149551913701
BAD 149624844169
BAD 149624864437
BAD 149552172403
BAD 149552172409
BAD 149625330401
BAD 149552185763
BAD 149552185771
BAD 149552185813
BAD 149552185831
BAD 149552240801
BAD 149552755159
BAD 149552939779
BAD 149625912991
BAD 149625941557
BAD 149626110169
BAD 149553220039
BAD 149642918903
BAD 149642918911
BAD 149642918917
BAD 149553383957
BAD 149553383963
BAD 149553383981
BAD 149553383983
BAD 149643015497
BAD 149553562541
BAD 149643284083
BAD 149554342577
BAD 149554342579
BAD 149644283057
BAD 149644283077
BAD 149554484089
BAD 149627385923
BAD 149627385931
BAD 149627546623
BAD 149644782533
BAD 149496293977
BAD 149644782541
BAD 149554777279
BAD 149496293983
BAD 149496294001
BAD 149627651011
BAD 149644925303
BAD 149554982671
BAD 149496678581
BAD 149496678587
BAD 149496678589
BAD 149555092213
BAD 149496748277
BAD 149496748279
BAD 149496748301
BAD 149645185043
BAD 149555324167
BAD 149555324173
BAD 149555422333
BAD 149555422337
BAD 149555422339
BAD 149555422343
BAD 149645574373
BAD 149628193181
BAD 149497351519
BAD 149645666461
BAD 149646127153
BAD 149646248539
BAD 149498075011
BAD 149628830441
BAD 149628927143
BAD 149628940147
BAD 149628940159
BAD 149646570869
BAD 149646570901
BAD 149646788051
BAD 149556712313
BAD 149629565009
BAD 149629565011
BAD 149499047371
BAD 149629966589
BAD 149629966639
BAD 149630052899
BAD 149630089123
BAD 149499348689
BAD 149557578397
BAD 149558120029
BAD 149558120051
BAD 149558411581
BAD 149558411609
BAD 149500342373
BAD 149500408931
BAD 149500408933
BAD 149559048469
BAD 149559149239
BAD 149500990651
BAD 149559627961
BAD 149559627967
BAD 149559628069
BAD 149559628073
BAD 149501222683
BAD 149559628079
BAD 149559628081
BAD 149501222729
BAD 149559685043
BAD 149559685153
BAD 149501602073
BAD 149560204931
BAD 149560204933
BAD 149501732329
BAD 149501857129
BAD 149501922749
BAD 149501922751
BAD 149501954773
BAD 149502310219
BAD 149561014553
BAD 149561016307
BAD 149561016313
BAD 149502394267
BAD 149561430763
BAD 149502812713
BAD 149502812731
BAD 149502873743
BAD 149502873749
BAD 149561632733
BAD 149561636183
BAD 149503112611
BAD 149503112623
BAD 149503255861
BAD 149561843161
BAD 149503430569
BAD 149562011791
BAD 149647021763
BAD 149647474393
BAD 149647558499
BAD 149647558513
BAD 149647603459
BAD 149647944253
BAD 149505024769
BAD 149505032921
BAD 149648056249
BAD 149648084749
BAD 149648949143
BAD 149649134221
BAD 149649134227
BAD 149649347387
BAD 149649347389
BAD 149649347399
BAD 149507511079
BAD 149649536357
BAD 149649536359
BAD 149649585443
BAD 149508132523
BAD 149649679159
BAD 149649679163
BAD 149508247981
BAD 149508248017
BAD 149649818333
BAD 149508522313
BAD 149508564253
BAD 149650964873
BAD 149650964909
BAD 149650964917
BAD 149650964951
BAD 149650964977
BAD 149664317203
BAD 149664324527
BAD 149651110289
BAD 149651110291
BAD 149651110309
BAD 149664770093
BAD 149509006901
BAD 149509006903
BAD 149509006909
BAD 149665023047
BAD 149665124989
BAD 149665124993
BAD 149665146181
BAD 149651544733
BAD 149651544737
BAD 149651605849
BAD 149651605853
BAD 149651605861
BAD 149666117669
BAD 149509868461
BAD 149651731883
BAD 149666320831
BAD 149510037923
BAD 149652042233
BAD 149652267343
BAD 149652353077
BAD 149652353087
BAD 149652421033
BAD 149510878441
BAD 149666750119
BAD 149653112363
BAD 149653140271
BAD 149730785671
BAD 149653396747
BAD 149511590401
BAD 149653668377
BAD 149653668379
BAD 149999619151
BAD 149653783583
BAD 149653796293
BAD 149653796297
BAD 149653841989
BAD 149653841993
BAD 149511829507
BAD 149667694879
BAD 149667750877
BAD 149999979827
BAD 149668104529
BAD 149668104541
BAD 149512285157
BAD 149512285159
BAD 149512449539
BAD 149731656923
BAD 149654255939
BAD 149654255941
BAD 149668677679
BAD 149654337193
BAD 149669725103
BAD 149655214447
BAD 149733046291
BAD 149733046303
BAD 149733046313
BAD 149733046319
BAD 149733046321
BAD 149655499471
BAD 149655552421
BAD 149733255019
BAD 149733299039
BAD 149733299041
BAD 149733299047
BAD 149733353347
BAD 149733353351
BAD 149733353353
BAD 149670885829
BAD 149656171207
BAD 149733897361
BAD 149656427467
BAD 149671740949
BAD 149672009899
BAD 149656811341
BAD 149656812323
BAD 149672263883
BAD 149672527903
BAD 149734774751
BAD 149672900341
BAD 149657590223
BAD 149657778043
BAD 149735155337
BAD 149672957381
BAD 149672957383
BAD 149735318947
BAD 149658029701
BAD 149658029707
BAD 149658029713
BAD 149658116011
BAD 149658116017
BAD 149714373881
BAD 149714373883
BAD 149714373889
BAD 149673381917
BAD 149673381919
BAD 149658309553
BAD 149658309607
BAD 149658309611
BAD 149658309653
BAD 149658309659
BAD 149658309673
BAD 149735536849
BAD 149735536883
BAD 149673574517
BAD 149658625351
BAD 149658625357
BAD 149658662501
BAD 149673849263
BAD 149658719153
BAD 149715039379
BAD 149658719323
BAD 149674090571
BAD 149658797909
BAD 149715205201
BAD 149715205231
BAD 149715279869
BAD 149715279871
BAD 149715279877
BAD 149736416393
BAD 149736539011
BAD 149659332289
BAD 149659332331
BAD 149736841043
BAD 149736841057
BAD 149736841069
BAD 149659634153
BAD 149659652069
BAD 149659652071
BAD 149659841923
BAD 149737256329
BAD 149660139247
BAD 149674982837
BAD 149737417393
BAD 149716313101
BAD 149675455613
BAD 149716653301
BAD 149660950561
BAD 149661174853
BAD 149661174941
BAD 149737944619
BAD 149661174989
BAD 149737944623
BAD 149661174991
BAD 149737944641
BAD 149661174997
BAD 149737944673
BAD 149661175003
BAD 149661175043
BAD 149737944787
BAD 149716910393
BAD 149661316489
BAD 149717090119
BAD 149661453847
BAD 149717190047
BAD 149661495197
BAD 149661495199
BAD 149661672767
BAD 149661672827
BAD 149661672829
BAD 149717394691
BAD 149676591577
BAD 149676591583
BAD 149661839933
BAD 149661956407
BAD 149661956419
BAD 149661967487
BAD 149738441627
BAD 149738467973
BAD 149717840663
BAD 149662453951
BAD 149677178507
BAD 149718247519
BAD 149718247531
BAD 149718247537
BAD 149718247541
BAD 149718247543
BAD 149738817287
BAD 149738817289
BAD 149718349861
BAD 149718520129
BAD 149718570377
BAD 149718674201
BAD 149718674213
BAD 149662901527
BAD 149718927739
BAD 149718927751
BAD 149719000681
BAD 149719054283
BAD 149678111761
BAD 149662945231
BAD 149662945241
BAD 149663033257
BAD 149663204833
BAD 149739866519
BAD 149678818441
BAD 149719914083
BAD 149719914913
BAD 149679187459
BAD 149740258699
BAD 149740258709
BAD 149679283723
BAD 149740258711
BAD 149720213191
BAD 149679354619
BAD 149679485203
BAD 149679485209
BAD 149679485213
BAD 149740577977
BAD 149740577983
BAD 149740735141
BAD 149740735147
BAD 149679724619
BAD 149680212713
BAD 149680269103
BAD 149680269107
BAD 149741347997
BAD 149721114289
BAD 149741472187
BAD 149741504629
BAD 149741518543
BAD 149721257123
BAD 149741760379
BAD 149741820359
BAD 149741903977
BAD 149721561391
BAD 149742263821
BAD 149722086541
BAD 149722089157
BAD 149722089161
BAD 149722089163
BAD 149742447781
BAD 149742706439
BAD 149722604099
BAD 149722673497
BAD 149743002089
BAD 149743002091
BAD 149743006291
BAD 149743562483
BAD 149723635031
BAD 149744261179
BAD 149724127127
BAD 149724127129
BAD 149724220369
BAD 149724220447
BAD 149724220469
BAD 149744770999
BAD 149724617557
BAD 149724686437
BAD 149724686459
BAD 149724686497
BAD 149724986539
BAD 149724986557
BAD 149724986561
BAD 149724986563
BAD 149724986573
BAD 149724986629
BAD 149725397477
BAD 149745787573
BAD 149745852107
BAD 149725514971
BAD 149725550809
BAD 149725550813
BAD 149725616167
BAD 149725616171
BAD 149725801501
BAD 149725801507
BAD 149725822733
BAD 149726062963
BAD 149726092759
BAD 149726212723
BAD 149746721281
BAD 149726439529
BAD 149726736589
BAD 149727100967
BAD 149727255499
BAD 149727737039
BAD 149727857263
BAD 149727981131
BAD 149727981133
BAD 149728114639
BAD 149728750609
BAD 149728773301
BAD 149728879411
BAD 149728970791
BAD 149728970803
BAD 149729085721
BAD 149729085749
BAD 149729161333
BAD 149729161343
BAD 149729383291
BAD 149730020989
BAD 149730059309
BAD 149730062213
BAD 149730550063
BAD 149730550069
BAD 149730738623
BAD 149747874391
BAD 149748160673
BAD 149748160693
BAD 149748160703
BAD 149748160711
BAD 149748390763
BAD 149748473353
BAD 149748473363
BAD 149748473383
BAD 149748473387
BAD 149748473389
BAD 149748736717
BAD 149749385311
BAD 149749522369
BAD 149750085389
BAD 149750085391
BAD 149750746031
BAD 149750746111
BAD 149750880691
BAD 149751588463
BAD 149752035491
BAD 149752424053
BAD 149752466219
BAD 149752466221
BAD 149752788347
BAD 149752788349
BAD 149752788391
BAD 149752802561
BAD 149752868833
BAD 149753186851
BAD 149753482223
BAD 149753921299
BAD 149753921353
BAD 149754609107
BAD 149755242257
BAD 149755242289
BAD 149755242313
BAD 149755242319
BAD 149755242323
BAD 149755973959
BAD 149756298983
BAD 149756650543
BAD 149756789621
BAD 149757223183
BAD 149757776989
BAD 149757776999
BAD 149758082791
BAD 149758226153
BAD 149758226173
BAD 149758515551
BAD 149758610479
BAD 149758610483
BAD 149758783609
BAD 149758783613
BAD 149697436051
BAD 149758784191
BAD 149759001023
BAD 149698158397
BAD 149759265769
BAD 149698402421
BAD 149698402423
BAD 149698646347
BAD 149698646351
BAD 149698646353
BAD 149759603143
BAD 149759603153
BAD 149759603159
BAD 149698851871
BAD 149698895813
BAD 149698936643
BAD 149698968647
BAD 149698968649
BAD 149698968893
BAD 149698968899
BAD 149698968901
BAD 149699295359
BAD 149699498033
BAD 149699578759
BAD 149699584813
BAD 149699584817
BAD 149699807899
BAD 149699807903
BAD 149699807909
BAD 149699881249
BAD 149760644941
BAD 149700035239
BAD 149700457099
BAD 149761304159
BAD 149761359079
BAD 149761375727
BAD 149761576763
BAD 149701046017
BAD 149701046021
BAD 149701046023
BAD 149761862539
BAD 149762184661
BAD 149762548801
BAD 149762597011
BAD 149702013793
BAD 149702030089
BAD 149763035453
BAD 149763431749
BAD 149763431791
BAD 149763448111
BAD 149763448127
BAD 149763592907
BAD 149702531149
BAD 149702531161
BAD 149702534027
BAD 149702534029
BAD 149763883267
BAD 149764238461
BAD 149703581371
BAD 149703863563
BAD 149704019041
BAD 149704763113
BAD 149704974079
BAD 149705011943
BAD 149705011979
BAD 149705205779
BAD 149706255121
BAD 149706761947
BAD 149706761951
BAD 149706937103
BAD 149706937117
BAD 149706937129
BAD 149707195837
BAD 149707578131
BAD 149707578133
BAD 149707578143
BAD 149707753291
BAD 149707753369
BAD 149708023099
BAD 149708150303
BAD 149708230039
BAD 149708230043
BAD 149708548541
BAD 149710380263
BAD 149710380277
BAD 149710666397
BAD 149710693549
BAD 149711087111
BAD 149711157601
BAD 149711218231
BAD 149711252939
BAD 149711252941
BAD 149711252969
BAD 149711520499
BAD 149711520503
BAD 149711603479
BAD 149711603551
BAD 149711666711
BAD 149711676643
BAD 149765947007
BAD 149711927077
BAD 149711964637
BAD 149711964641
BAD 149711964643
BAD 149766222349
BAD 149712257447
BAD 149712257449
BAD 149712296501
BAD 149766364343
BAD 149766389389
BAD 149712521821
BAD 149712764507
BAD 149713014379
BAD 149766740119
BAD 149766911419
BAD 149713342333
BAD 149713342351
BAD 149713342357
BAD 149713612177
BAD 149767762003
BAD 149767762033
BAD 149767762049
BAD 149767762051
BAD 149768261327
BAD 149768261329
BAD 149768261333
BAD 149768261341
BAD 149768261353
BAD 149769158321
BAD 149769158323
BAD 149769158327
BAD 149769158333
BAD 149769210727
BAD 149769210733
BAD 149769210757
BAD 149769345409
BAD 149769606947
BAD 149769606949
BAD 149769713999
BAD 149769714001
BAD 149770239823
BAD 149770452019
BAD 149770853677
BAD 149770853693
BAD 149771027117
BAD 149771423993
BAD 149771677019
BAD 149771677021
BAD 149772091643
BAD 149772125837
BAD 149772125843
BAD 149772184187
BAD 149772184217
BAD 149772471161
BAD 149772610109
BAD 149772610111
BAD 149772610121
BAD 149772924419
BAD 149772924421
BAD 149773174613
BAD 149773174627
BAD 149773213771
BAD 149773462549
BAD 149773478641
BAD 149773774987
BAD 149773775033
BAD 149773897621
BAD 149681036119
BAD 149774103517
BAD 149681141101
BAD 149774365981
BAD 149774635069
BAD 149681435699
BAD 149681481421
BAD 149681481427
BAD 149681481451
BAD 149774747449
BAD 149775024283
BAD 149775053741
BAD 149775053767
BAD 149775494861
BAD 149775494863
BAD 149775494867
BAD 149775570517
BAD 149775597613
BAD 149682216427
BAD 149682216499
BAD 149775877523
BAD 149775877541
BAD 149775877543
BAD 149776623331
BAD 149776623343
BAD 149682999979
BAD 149776987417
BAD 149777088781
BAD 149777090873
BAD 149777212243
BAD 149777275891
BAD 149777524249
BAD 149777524261
BAD 149777623999
BAD 149777650079
BAD 149777650081
BAD 149683757711
BAD 149777990941
BAD 149778147833
BAD 149778572107
BAD 149778663553
BAD 149684486801
BAD 149684486803
BAD 149684486813
BAD 149778699979
BAD 149778699989
BAD 149778700009
BAD 149778700013
BAD 149684526169
BAD 149684558399
BAD 149778937843
BAD 149778937849
BAD 149778937853
BAD 149778937883
BAD 149778959887
BAD 149684995643
BAD 149779251691
BAD 149685111181
BAD 149779486613
BAD 149779874029
BAD 149779874033
BAD 149779874039
BAD 149685846707
BAD 149780087473
BAD 149780299261
BAD 149780299283
BAD 149780370269
BAD 149814741763
BAD 149686313929
BAD 149686313941
BAD 149686313993
BAD 149686313999
BAD 149815194901
BAD 149781079843
BAD 149687120021
BAD 149687278163
BAD 149815712909
BAD 149687320961
BAD 149815778053
BAD 149815941749
BAD 149816500213
BAD 149816627593
BAD 149816768459
BAD 149816882503
BAD 149816882507
BAD 149688801019
BAD 149688801023
BAD 149689067599
BAD 149689067603
BAD 149689067609
BAD 149817291167
BAD 149689537121
BAD 149817477653
BAD 149817673961
BAD 149817673963
BAD 149690139791
BAD 149690139793
BAD 149690139799
BAD 149690263169
BAD 149690263171
BAD 149818136981
BAD 149818136983
BAD 149690880769
BAD 149818405741
BAD 149818405747
BAD 149818686991
BAD 149691466711
BAD 149691466723
BAD 149818929209
BAD 149691752989
BAD 149691752993
BAD 149819582641
BAD 149692396729
BAD 149692396739
BAD 149692396741
BAD 149819740073
BAD 149819979241
BAD 149820103703
BAD 149693151059
BAD 149820595763
BAD 149820784853
BAD 149694034691
BAD 149821148233
BAD 149821148237
BAD 149694166231
BAD 149821245047
BAD 149694303007
BAD 149821383983
BAD 149694544291
BAD 149821464931
BAD 149694777679
BAD 149694777691
BAD 149694777697
BAD 149695042669
BAD 149822148667
BAD 149822288129
BAD 149822288131
BAD 149695450459
BAD 149822783611
BAD 149822986627
BAD 149695957069
BAD 149695957109
BAD 149695957111
BAD 149823135061
BAD 149823152707
BAD 149696061341
BAD 149696061343
BAD 149823582619
BAD 149824206299
BAD 149824295113
BAD 149824656067
BAD 149824693523
BAD 149824772863
BAD 149824822853
BAD 149824929061
BAD 149825416033
BAD 149826076913
BAD 149826076921
BAD 149826076927
BAD 149826643699
BAD 149826680371
BAD 149826680387
BAD 149826680389
BAD 149827003661
BAD 149827003663
BAD 149827017859
BAD 149827017883
BAD 149827017889
BAD 149827727641
BAD 149827814251
BAD 149827870147
BAD 149828549753
BAD 149828592569
BAD 149828592583
BAD 149828592593
BAD 149828673023
BAD 149828830457
BAD 149828830493
BAD 149828992639
BAD 149828992661
BAD 149829032603
BAD 149829190339
BAD 149829352643
BAD 149829366133
BAD 149829915691
BAD 149830283893
BAD 149830416833
BAD 149830416839
BAD 149830562677
BAD 149831056343
BAD 149831056351
BAD 149831056357
BAD 149831056363
BAD 149831227619
BAD 149831227621
BAD 149831227627
BAD 149831400013
BAD 149831400023
BAD 149781123203
BAD 149781123229
BAD 149781153451
BAD 149781261061
BAD 149781323371
BAD 149782001599
BAD 149782112113
BAD 149783020669
BAD 149783020679
BAD 149783320579
BAD 149783509363
BAD 149783779687
BAD 149784400277
BAD 149784400279
BAD 149784694159
BAD 149784694177
BAD 149784694193
BAD 149784694201
BAD 149784911527
BAD 149784964559
BAD 149784964561
BAD 149785428703
BAD 149786102701
BAD 149786102707
BAD 149786489101
BAD 149786489107
BAD 149786792891
BAD 149786792893
BAD 149787071839
BAD 149787071869
BAD 149787071873
BAD 149797927703
BAD 149787380123
BAD 149787380129
BAD 149787380131
BAD 149787977929
BAD 149865046789
BAD 149865184673
BAD 149799528259
BAD 149788577233
BAD 149799850961
BAD 149799850973
BAD 149788693619
BAD 149800055771
BAD 149800086713
BAD 149865930703
BAD 149788768643
BAD 149788768667
BAD 149788809647
BAD 149788809649
BAD 149866140737
BAD 149800481437
BAD 149831463893
BAD 149800533991
BAD 149866407499
BAD 149800722529
BAD 149800791377
BAD 149789334727
BAD 149866783081
BAD 149800791389
BAD 149866783127
BAD 149866783133
BAD 149789502659
BAD 149789502661
BAD 149800944353
BAD 149867087627
BAD 149867087639
BAD 149832362243
BAD 149832362269
BAD 149832441683
BAD 149867224823
BAD 149832441691
BAD 149832449881
BAD 149789857691
BAD 149801354737
BAD 149801354741
BAD 149801354743
BAD 149801354771
BAD 149801354779
BAD 149801354797
BAD 149801392313
BAD 149801414459
BAD 149832810343
BAD 149867620607
BAD 149867822779
BAD 149833140439
BAD 149833157927
BAD 149790355639
BAD 149867917613
BAD 149790355643
BAD 149867917631
BAD 149867965003
BAD 149867965007
BAD 149790406639
BAD 149790406643
BAD 149790424831
BAD 149802156811
BAD 149802295387
BAD 149868405331
BAD 149834038373
BAD 149802566059
BAD 149802566063
BAD 149834412757
BAD 149868896371
BAD 149834508983
BAD 149834523547
BAD 149868981329
BAD 149803060471
BAD 149803060493
BAD 149834846977
BAD 149834927251
BAD 149869287391
BAD 149869311313
BAD 149869311343
BAD 149869311349
BAD 149869536961
BAD 149835353783
BAD 149870036363
BAD 149792009821
BAD 149803828729
BAD 149792009837
BAD 149792009839
BAD 149803845277
BAD 149803845287
BAD 149870075917
BAD 149803985767
BAD 149803985777
BAD 149803985783
BAD 149804020711
BAD 149792452373
BAD 149792452399
BAD 149870780119
BAD 149870780123
BAD 149792553863
BAD 149792553871
BAD 149792553991
BAD 149870915153
BAD 149836161619
BAD 149836161623
BAD 149836161661
BAD 149871097153
BAD 149871097171
BAD 149805004429
BAD 149792868847
BAD 149792868851
BAD 149792868853
BAD 149792868949
BAD 149881848227
BAD 149871588571
BAD 149881848229
BAD 149836600037
BAD 149871588589
BAD 149792894161
BAD 149792894191
BAD 149871606223
BAD 149881905427
BAD 149836657829
BAD 149836746679
BAD 149836746691
BAD 149882102479
BAD 149882102483
BAD 149805682693
BAD 149882159059
BAD 149805690299
BAD 149805690301
BAD 149793122663
BAD 149793122671
BAD 149836983029
BAD 149836983031
BAD 149793289927
BAD 149837096483
BAD 149837096491
BAD 149806065407
BAD 149793447007
BAD 149793447061
BAD 149806162999
BAD 149837288059
BAD 149872338479
BAD 149872338481
BAD 149872348189
BAD 149872348193
BAD 149837350391
BAD 149872580953
BAD 149872581007
BAD 149872581011
BAD 149872581013
BAD 149872581017
BAD 149883211369
BAD 149806663891
BAD 149793831673
BAD 149883291359
BAD 149883291361
BAD 149883291367
BAD 149883418127
BAD 149883418129
BAD 149883471271
BAD 149837801261
BAD 149837801263
BAD 149883598069
BAD 149807060917
BAD 149807060929
BAD 149837964517
BAD 149794310353
BAD 149838354769
BAD 149884182619
BAD 149884211909
BAD 149838942083
BAD 149838942193
BAD 149838942199
BAD 149808193771
BAD 149884798543
BAD 149884798561
BAD 149808217477
BAD 149873984671
BAD 149795610827
BAD 149795610829
BAD 149795615089
BAD 149795615093
BAD 149795615119
BAD 149839268363
BAD 149839268419
BAD 149839275611
BAD 149795681227
BAD 149839289797
BAD 149839289801
BAD 149795846437
BAD 149839481651
BAD 149839481653
BAD 149839481903
BAD 149795892671
BAD 149795903693
BAD 149885148481
BAD 149839697269
BAD 149885301001
BAD 149885301011
BAD 149808939383
BAD 149808939391
BAD 149808939403
BAD 149875259797
BAD 149808939407
BAD 149840699027
BAD 149808939409
BAD 149875308637
BAD 149840833063
BAD 149840833069
BAD 149840833073
BAD 149840833081
BAD 149840833111
BAD 149886072709
BAD 149841019219
BAD 149875617349
BAD 149841103493
BAD 149809159069
BAD 149875863799
BAD 149875863803
BAD 149875863847
BAD 149841698893
BAD 149841698899
BAD 149841841843
BAD 149841952373
BAD 149842039229
BAD 149842039231
BAD 149842064483
BAD 149876576063
BAD 149842246357
BAD 149809908727
BAD 149809969349
BAD 149809969369
BAD 149809969373
BAD 149809982603
BAD 149877071111
BAD 149887011419
BAD 149842703599
BAD 149842703603
BAD 149842703687
BAD 149809989229
BAD 149809989353
BAD 149887148711
BAD 149887148713
BAD 149842844807
BAD 149842902049
BAD 149877451861
BAD 149810290249
BAD 149887819943
BAD 149843713871
BAD 149810471249
BAD 149843907427
BAD 149877819677
BAD 149843963483
BAD 149888359213
BAD 149888359223
BAD 149844244789
BAD 149888533321
BAD 149888533351
BAD 149844306109
BAD 149888609281
BAD 149888609291
BAD 149888609293
BAD 149844319837
BAD 149811498883
BAD 149888779409
BAD 149888827447
BAD 149811571439
BAD 149844524611
BAD 149844533407
BAD 149888904169
BAD 149888904173
BAD 149811653521
BAD 149889092491
BAD 149889201757
BAD 149844917311
BAD 149811980917
BAD 149812078711
BAD 149889580021
BAD 149812170503
BAD 149812397153
BAD 149889944573
BAD 149812580923
BAD 149812691423
BAD 149812691467
BAD 149890250101
BAD 149812948763
BAD 149812948771
BAD 149890324279
BAD 149813156377
BAD 149845519123
BAD 149845519127
BAD 149845519147
BAD 149890510477
BAD 149845519157
BAD 149813295773
BAD 149813351983
BAD 149813477453
BAD 149813749703
BAD 149813749727
BAD 149813884219
BAD 149813884223
BAD 149879753461
BAD 149879753497
BAD 149879753503
BAD 149879863043
BAD 149879929393
BAD 149879929399
BAD 149879946487
BAD 149846701079
BAD 149880215213
BAD 149880242077
BAD 149880290537
BAD 149891233091
BAD 149847084403
BAD 149880788063
BAD 149880792683
BAD 149880852437
BAD 149880852439
BAD 149847547879
BAD 149891643679
BAD 149848025963
BAD 149891643683
BAD 149881419277
BAD 149891643689
BAD 149891643691
BAD 149891645467
BAD 149891824223
BAD 149891824237
BAD 149891824241
BAD 149892086063
BAD 149892168893
BAD 149892181471
BAD 149892356791
BAD 149892356797
BAD 149892356819
BAD 149892356821
BAD 149892356843
BAD 149892562549
BAD 149892562553
BAD 149892562619
BAD 149848349899
BAD 149893101983
BAD 149848140193
BAD 149848817059
BAD 149848817071
BAD 149814301639
BAD 149849332561
BAD 149894078783
BAD 149894465957
BAD 149894629921
BAD 149850506483
BAD 149850649603
BAD 149895532057
BAD 149850836287
BAD 149851577189
BAD 149851612579
BAD 149851612583
BAD 149851612591
BAD 149897226277
BAD 149852189429
BAD 149897445101
BAD 149897445109
BAD 149897891729
BAD 149897897131
BAD 149898216241
BAD 149898307807
BAD 149852912123
BAD 149853635119
BAD 149853635123
BAD 149853635131
BAD 149853865493
BAD 149854390979
BAD 149854390981
BAD 149854416631
BAD 149854456699
BAD 149855054359
BAD 149855334913
BAD 149855334931
BAD 149856132661
BAD 149857100933
BAD 149858059369
BAD 149858266121
BAD 149859962983
BAD 149860898753
BAD 149861742391
BAD 149862438799
BAD 149862438811
BAD 149862438857
BAD 149862773603
BAD 149862773633
BAD 149862905791
BAD 149863108771
BAD 149863108789
BAD 149863108793
BAD 149863143979
BAD 149863214819
BAD 149863214821
BAD 149863708979
BAD 149863859389
BAD 149864054867
BAD 149864054869
BAD 149898687031
BAD 149899362763
BAD 149900306923
BAD 149900979469
BAD 149901006973
BAD 149901368941
BAD 149901811123
BAD 149901833507
BAD 149901833509
BAD 149902301779
BAD 149902672333
BAD 149903467573
BAD 149903658143
BAD 149903658173
BAD 149903658181
BAD 149903751857
BAD 149903855741
BAD 149903969959
BAD 149903981011
BAD 149904113929
BAD 149904126709
BAD 149904563009
BAD 149905151881
BAD 149906206847
BAD 149906392351
BAD 149906691541
BAD 149906691551
BAD 149906691553
BAD 149906981227
BAD 149907532609
BAD 149907532613
BAD 149907606767
BAD 149907606769
BAD 149907606773
BAD 149907613633
BAD 149907959977
BAD 149908198949
BAD 149908205521
BAD 149908205527
BAD 149908274101
BAD 149908283363
BAD 149908314713
BAD 149908314727
BAD 149908314733
BAD 149908426489
BAD 149908435759
BAD 149908469611
BAD 149909088913
BAD 149909258689
BAD 149966182579
BAD 149909478661
BAD 149966476861
BAD 149909554801
BAD 149909554807
BAD 149966636089
BAD 149966925307
BAD 149966925313
BAD 149966925319
BAD 149966978807
BAD 149966978809
BAD 149949327613
BAD 149949327617
BAD 149949503443
BAD 149949503453
BAD 149967302299
BAD 149967315713
BAD 149967408629
BAD 149967408631
BAD 149967408653
BAD 149910584053
BAD 149950082393
BAD 149915708653
BAD 149910821483
BAD 149915708669
BAD 149915708671
BAD 149915708689
BAD 149950399591
BAD 149950427017
BAD 149967786877
BAD 149950484213
BAD 149910997727
BAD 149967877727
BAD 149967877729
BAD 149967877733
BAD 149950582813
BAD 149950582819
BAD 149916067429
BAD 149911206881
BAD 149911261739
BAD 149911261741
BAD 149916184351
BAD 149916202237
BAD 149916202243
BAD 149916202253
BAD 149968077383
BAD 149968081673
BAD 149911370977
BAD 149911371083
BAD 149951132273
BAD 149911611131
BAD 149911611133
BAD 149911668359
BAD 149951248267
BAD 149968535813
BAD 149968537889
BAD 149911754921
BAD 149911755013
BAD 149968904909
BAD 149968973309
BAD 149968973311
BAD 149951782987
BAD 149951782991
BAD 149969084417
BAD 149969084423
BAD 149912186573
BAD 149912186587
BAD 149969269939
BAD 149969329759
BAD 149969329793
BAD 149969329801
BAD 149952218861
BAD 149952218863
BAD 149912406323
BAD 149952417023
BAD 149952417031
BAD 149912656819
BAD 149969920831
BAD 149970112997
BAD 149953002079
BAD 149953050241
BAD 149918656583
BAD 149953107347
BAD 149913260143
BAD 149953107349
BAD 149913260149
BAD 149913260177
BAD 149913588301
BAD 149913823967
BAD 149913823973
BAD 149971264259
BAD 149913918919
BAD 149913918929
BAD 149919625489
BAD 149919674243
BAD 149953825649
BAD 149971661797
BAD 149971668719
BAD 149914369949
BAD 149914369951
BAD 149914369961
BAD 149914369963
BAD 149954023699
BAD 149972075977
BAD 149920403161
BAD 149914891277
BAD 149972285731
BAD 149972285753
BAD 149972285761
BAD 149972588453
BAD 149972697911
BAD 149972697913
BAD 149972697937
BAD 149972697961
BAD 149972697971
BAD 149932293331
BAD 149972783713
BAD 149972835053
BAD 149972835073
BAD 149972835083
BAD 149932423573
BAD 149932423577
BAD 149932483963
BAD 149932483969
BAD 149972901373
BAD 149921692777
BAD 149955236533
BAD 149973224719
BAD 149933063783
BAD 149933141693
BAD 149922149263
BAD 149922154289
BAD 149955433811
BAD 149955433813
BAD 149922349177
BAD 149933365199
BAD 149933502899
BAD 149955670693
BAD 149973786113
BAD 149973786119
BAD 149973786121
BAD 149973786133
BAD 149922822743
BAD 149955929681
BAD 149922908929
BAD 149974335887
BAD 149956038541
BAD 149974393609
BAD 149934368803
BAD 149934368807
BAD 149934368809
BAD 149934368813
BAD 149934398491
BAD 149934625937
BAD 149934641981
BAD 149974857863
BAD 149934759523
BAD 149974939669
BAD 149934809449
BAD 149982615203
BAD 149975104687
BAD 149923566409
BAD 149956683223
BAD 149956683229
BAD 149975519899
BAD 149983105717
BAD 149957133289
BAD 149957144443
BAD 149957144461
BAD 149957253911
BAD 149957253913
BAD 149975849731
BAD 149975856671
BAD 149924333677
BAD 149983453733
BAD 149924333681
BAD 149924333683
BAD 149936158963
BAD 149976052943
BAD 149924662757
BAD 149924662759
BAD 149924662763
BAD 149936346031
BAD 149958264041
BAD 149976437521
BAD 149984327477
BAD 149958573781
BAD 149976765157
BAD 149976796441
BAD 149925645313
BAD 149925645323
BAD 149925645329
BAD 149925645349
BAD 149984619817
BAD 149958843823
BAD 149925893069
BAD 149925893071
BAD 149937528749
BAD 149937528751
BAD 149958951053
BAD 149958951059
BAD 149958951061
BAD 149926122053
BAD 149937842911
BAD 149984919391
BAD 149937842917
BAD 149959181951
BAD 149959181963
BAD 149984991539
BAD 149984991581
BAD 149985024097
BAD 149926345433
BAD 149926345469
BAD 149985132503
BAD 149926456549
BAD 149926456553
BAD 149938204807
BAD 149977812433
BAD 149938254307
BAD 149938254317
BAD 149977927609
BAD 149977927613
BAD 149978067389
BAD 149978067391
BAD 149926847269
BAD 149926859813
BAD 149938531297
BAD 149959953049
BAD 149978601133
BAD 149978628071
BAD 149978628073
BAD 149978628077
BAD 149978628083
BAD 149960177617
BAD 149985934199
BAD 149938951651
BAD 149938966819
BAD 149938966823
BAD 149938968481
BAD 149978664713
BAD 149938988629
BAD 149986041983
BAD 149986041991
BAD 149927631929
BAD 149979119221
BAD 149979152821
BAD 149939423443
BAD 149928079463
BAD 149928079471
BAD 149986433281
BAD 149939837563
BAD 149939837573
BAD 149940006233
BAD 149940006241
BAD 149928735959
BAD 149928735961
BAD 149928736759
BAD 149986911379
BAD 149980070861
BAD 149987113337
BAD 149980220261
BAD 149929070413
BAD 149929070419
BAD 149961449117
BAD 149980452899
BAD 149929340191
BAD 149987250041
BAD 149929340203
BAD 149980452901
BAD 149987250043
BAD 149940882629
BAD 149940882683
BAD 149961552721
BAD 149980575893
BAD 149929485229
BAD 149961631291
BAD 149961631307
BAD 149980660553
BAD 149929638601
BAD 149961756319
BAD 149980825937
BAD 149961865409
BAD 149961865411
BAD 149980967453
BAD 149987730023
BAD 149987730029
BAD 149987730031
BAD 149987730037
BAD 149981058827
BAD 149981058833
BAD 149962157309
BAD 149962157311
BAD 149988015649
BAD 149962442599
BAD 149930516221
BAD 149941758313
BAD 149941761049
BAD 149941761061
BAD 149930557111
BAD 149930557121
BAD 149930557123
BAD 149941884233
BAD 149962718267
BAD 149962753103
BAD 149962753111
BAD 149962902079
BAD 149962902083
BAD 149942196199
BAD 149988551081
BAD 149988551093
BAD 149988551101
BAD 149942239969
BAD 149942239973
BAD 149931090559
BAD 149963068547
BAD 149942716939
BAD 149942716943
BAD 149963523211
BAD 149963523277
BAD 149988989833
BAD 149931790133
BAD 149989204223
BAD 149989204229
BAD 149943129697
BAD 149989305293
BAD 149963978627
BAD 149963978629
BAD 149989321073
BAD 149943233513
BAD 149989577923
BAD 149989577929
BAD 149964808883
BAD 149965145527
BAD 149965145531
BAD 149965437367
BAD 149965437379
BAD 149944260611
BAD 149965609669
BAD 149965609681
BAD 149990632261
BAD 149990696549
BAD 149990696551
BAD 149990696563
BAD 149944572443
BAD 149990760041
BAD 149990760043
BAD 149990933969
BAD 149990933971
BAD 149990933993
BAD 149944811921
BAD 149944811923
BAD 149944954417
BAD 149991399227
BAD 149991669803
BAD 149945725483
BAD 149946115961
BAD 149946515969
BAD 149993055383
BAD 149993055389
BAD 149947035787
BAD 149993206091
BAD 149993206093
BAD 149993304127
BAD 149993304133
BAD 149993304137
BAD 149947498549
BAD 149947498553
BAD 149947602403
BAD 149947824251
BAD 149947824253
BAD 149947824289
BAD 149947824293
BAD 149994314963
BAD 149948215553
BAD 149994414419
BAD 149994414421
BAD 149994420241
BAD 149948356939
BAD 149948356981
BAD 149994603263
BAD 149948514491
BAD 149948514493
BAD 149994859913
BAD 149994859943
BAD 149995824091
BAD 149995925119
BAD 149996365793
BAD 149996736023
BAD 149996736031
BAD 149996930789
BAD 149996930791
BAD 149996930803
BAD 149997569131
BAD 149997634009
BAD 149997741923
BAD 149997751003
BAD 149997751009
BAD 149998295417
BAD 149998772359
BAD 149999009393
BAD 149999009399
BAD 149999009401
BAD 149999009437
BAD 149999009441
BAD 149999009443
BAD 149999009453
BAD 149999020189
BAD 149999020207
BAD 149999020211
BAD 149999020217
BAD 149999020219
RANGE 140000000000 150000000000 PRIMES 389111798 BAD 44451
