BAD 380069404943
BAD 380187457759
BAD 380187457763
BAD 380069765149
BAD 380069765161
BAD 380069774191
BAD 380069796233
BAD 380188565543
BAD 380189466739
BAD 380072923981
BAD 380191137113
BAD 380191137133
BAD 380191137149
BAD 380073006331
BAD 380235272071
BAD 380192351659
BAD 380192351663
BAD 380035322929
BAD 380036521903
BAD 380036823161
BAD 380036823227
BAD 380037495899
BAD 380037495917
BAD 380038065193
BAD 380038065203
BAD 380038855013
BAD 380340998993
BAD 380340999001
BAD 380039725861
BAD 380240630857
BAD 380240630879
BAD 380240630881
BAD 380241591953
BAD 380241591959
BAD 380075020979
BAD 380199574939
BAD 380242733953
BAD 380199680957
BAD 380199680963
BAD 380343814759
BAD 380243057239
BAD 380200711547
BAD 380200711549
BAD 380344858679
BAD 380344858681
BAD 380076553009
BAD 380076553013
BAD 380244861559
BAD 380244861571
BAD 380077512449
BAD 380077529243
BAD 380347950643
BAD 380078842777
BAD 380078842789
BAD 380270566141
BAD 380248120913
BAD 380248120919
BAD 380248120921
BAD 380349750853
BAD 380350834769
BAD 380350834771
BAD 380272508491
BAD 380250076963
BAD 380042271263
BAD 380250076967
BAD 380351151319
BAD 380043466771
BAD 380275867967
BAD 380275867969
BAD 380276883541
BAD 380276942723
BAD 380276942729
BAD 380048131417
BAD 380048651713
BAD 380049782347
BAD 380280982997
BAD 380280982999
BAD 380280983003
BAD 380283091367
BAD 380283091369
BAD 380152199599
BAD 380155191901
BAD 380155191907
BAD 380160567263
BAD 380167757173
BAD 380103760913
BAD 380084799553
BAD 380084799557
BAD 380084799559
BAD 380352878797
BAD 380352892069
BAD 380353277573
BAD 380108155387
BAD 380108375971
BAD 380086563721
BAD 380353924997
BAD 380353924999
BAD 380353925009
BAD 380353925011
BAD 380109302669
BAD 380388132503
BAD 380201431903
BAD 380355440903
BAD 380389261741
BAD 380389261751
BAD 380202273397
BAD 380356121153
BAD 380202334913
BAD 380389854253
BAD 380389854259
BAD 380110814299
BAD 380202952663
BAD 380202952667
BAD 380202952669
BAD 380089346479
BAD 380000695793
BAD 380000695807
BAD 380000695813
BAD 380090240909
BAD 380050542061
BAD 380204457949
BAD 380112757127
BAD 380358350551
BAD 380090707211
BAD 380393659861
BAD 380204457953
BAD 380112863387
BAD 380112863413
BAD 380394144547
BAD 380394144551
BAD 380394144553
BAD 380005301453
BAD 380359068319
BAD 380134399327
BAD 380092167263
BAD 380114050879
BAD 380092446473
BAD 380114461459
BAD 380206354993
BAD 380135635829
BAD 380251743373
BAD 380135818549
BAD 380135818553
BAD 380135818561
BAD 380007756481
BAD 380007829969
BAD 380007829973
BAD 380007856871
BAD 380007896393
BAD 380207544559
BAD 380094307529
BAD 380362705417
BAD 380397971489
BAD 380168857451
BAD 380008872017
BAD 380397971491
BAD 380302521041
BAD 380056817573
BAD 380137288277
BAD 380094307531
BAD 380137288309
BAD 380398118831
BAD 380398118833
BAD 380209646683
BAD 380209646693
BAD 380254402841
BAD 380398304513
BAD 380398304599
BAD 380398304623
BAD 380398304761
BAD 380303008973
BAD 380169158497
BAD 380169158513
BAD 380169158519
BAD 380009742559
BAD 380009742577
BAD 380398952123
BAD 380010084583
BAD 380010084589
BAD 380010395977
BAD 380010395987
BAD 380170647223
BAD 380373941303
BAD 380400582113
BAD 380139466591
BAD 380058890909
BAD 380373941317
BAD 380364736651
BAD 380400582119
BAD 380211260423
BAD 380304269167
BAD 380095992191
BAD 380364736667
BAD 380211260431
BAD 380255775709
BAD 380364736669
BAD 380255775727
BAD 380373966559
BAD 380373966601
BAD 380211515153
BAD 380096263279
BAD 380010679639
BAD 380400996167
BAD 380400996169
BAD 380096530573
BAD 380096530577
BAD 380096530579
BAD 380011036703
BAD 380096882449
BAD 380305187503
BAD 380171412589
BAD 380256808171
BAD 380256808303
BAD 380060001623
BAD 380171798249
BAD 380212772189
BAD 380375657749
BAD 380366460589
BAD 380401587967
BAD 380097984601
BAD 380402307421
BAD 380213767411
BAD 380319097273
BAD 380319097283
BAD 380259058057
BAD 380259058061
BAD 380259058063
BAD 380259479363
BAD 380259479381
BAD 380062471951
BAD 380100025387
BAD 380215389901
BAD 380378268649
BAD 380378311429
BAD 380320895303
BAD 380320895309
BAD 380378466241
BAD 380144033897
BAD 380215873189
BAD 380215873241
BAD 380215873243
BAD 380309023069
BAD 380144427563
BAD 380144559143
BAD 380216064989
BAD 380216065013
BAD 380144808601
BAD 380144808607
BAD 380144808613
BAD 380144808619
BAD 380322514073
BAD 380064385933
BAD 380216779781
BAD 380216779783
BAD 380322777127
BAD 380064563213
BAD 380323248863
BAD 380323368091
BAD 380323368097
BAD 380022385331
BAD 380262110009
BAD 380262110017
BAD 380310809849
BAD 380262453331
BAD 380177103811
BAD 380146657643
BAD 380146697039
BAD 380146697041
BAD 380147179429
BAD 380383229801
BAD 380383229803
BAD 380178689047
BAD 380325925207
BAD 380024563913
BAD 380066990557
BAD 380218886101
BAD 380218886123
BAD 380326099003
BAD 380384018803
BAD 380384291789
BAD 380384291797
BAD 380313485647
BAD 380264566553
BAD 380385022153
BAD 380385022273
BAD 380264664631
BAD 380264682893
BAD 380264682929
BAD 380264730983
BAD 380180271113
BAD 380314019237
BAD 380265063821
BAD 380265063823
BAD 380328157309
BAD 380314477801
BAD 380314477819
BAD 380027081909
BAD 380265702491
BAD 380329185043
BAD 380027754559
BAD 380266412683
BAD 380329378769
BAD 380182372547
BAD 380222456443
BAD 380329378771
BAD 380182372553
BAD 380266922291
BAD 380329378777
BAD 380266925683
BAD 380266925693
BAD 380316253643
BAD 380028829913
BAD 380316458453
BAD 380316458461
BAD 380316458479
BAD 380316732671
BAD 380316732673
BAD 380182974929
BAD 380182974931
BAD 380182974937
BAD 380316974951
BAD 380316974977
BAD 380267866373
BAD 380268104483
BAD 380268104507
BAD 380029880873
BAD 380029880887
BAD 380223751421
BAD 380223751423
BAD 380184013817
BAD 380330581583
BAD 380330581597
BAD 380032268621
BAD 380032546429
BAD 380032546433
BAD 380032546513
BAD 380033459483
BAD 380033459501
BAD 380033459503
BAD 380333823511
BAD 380335078777
BAD 380335197547
BAD 380335197569
BAD 380335279019
BAD 380230380017
BAD 380231675107
BAD 380232325667
BAD 380232823433
BAD 380234233433
BAD 380285407699
BAD 380286443269
BAD 380286443279
BAD 380286443281
BAD 380286545239
BAD 380119018441
BAD 380119338353
BAD 380288284471
BAD 380288284477
BAD 380288284489
BAD 380288323049
BAD 380121757727
BAD 380122345597
BAD 380290907701
BAD 380122345601
BAD 380290907707
BAD 380122825787
BAD 380122825793
BAD 380122825799
BAD 380124794771
BAD 380124794783
BAD 380124794789
BAD 380126172893
BAD 380126551009
BAD 380296009393
BAD 380296009397
BAD 380298496307
BAD 380298496309
BAD 380298496411
BAD 380298496427
BAD 380299679873
BAD 380299679887
BAD 380299679891
BAD 380299824077
BAD 380301433223
BAD 380130711517
BAD 380130711523
BAD 380132177693
BAD 380453106437
BAD 380454024803
BAD 380454391763
BAD 380454391789
BAD 380454691093
BAD 380459093923
BAD 380464580869
BAD 380464580971
BAD 380467915703
BAD 380468310473
BAD 380468310601
BAD 380468367133
BAD 380469631349
BAD 380471013031
BAD 380471050943
BAD 380436417043
BAD 380436572401
BAD 380437705391
BAD 380437705393
BAD 380437705397
BAD 380437705399
BAD 380437705429
BAD 380474760637
BAD 380440926601
BAD 380476449389
BAD 380476449391
BAD 380476449487
BAD 380476844903
BAD 380478633011
BAD 380478633013
BAD 380478633191
BAD 380478633193
BAD 380478633307
BAD 380478633319
BAD 380478633349
BAD 380481567773
BAD 380449632887
BAD 380449632889
BAD 380482401521
BAD 380449877239
BAD 380483121353
BAD 380483212609
BAD 380483432843
BAD 380451237323
BAD 380452969153
BAD 380452969159
BAD 380485041203
BAD 380486691757
BAD 380413777637
BAD 380413777643
BAD 380414172293
BAD 380488976683
BAD 380489249633
BAD 380417000479
BAD 380490005689
BAD 380493272617
BAD 380493362383
BAD 380420533741
BAD 380494376897
BAD 380494617431
BAD 380494918523
BAD 380495463091
BAD 380495546843
BAD 380496616957
BAD 380423968411
BAD 380423968417
BAD 380498852779
BAD 380498852791
BAD 380498941133
BAD 380424509519
BAD 380424509527
BAD 380425133617
BAD 380425490359
BAD 380425490371
BAD 380426933543
BAD 380501498147
BAD 380427121423
BAD 380502210667
BAD 380502482653
BAD 380428159429
BAD 380428726063
BAD 380428771313
BAD 380428848763
BAD 380428848797
BAD 380428848799
BAD 380429027669
BAD 380429876641
BAD 380429876647
BAD 380509839499
BAD 380509839517
BAD 380509839533
BAD 380509839553
BAD 380510643607
BAD 380510643619
BAD 380510849843
BAD 380511843409
BAD 380515117951
BAD 380515400269
BAD 380515400273
BAD 380515400281
BAD 380515445833
BAD 380519377397
BAD 380519414557
BAD 380588503693
BAD 380588818613
BAD 380588818627
BAD 380557871347
BAD 380557871357
BAD 380557871359
BAD 380755136689
BAD 380755136693
BAD 380560970437
BAD 380592487159
BAD 380593343413
BAD 380755884799
BAD 380755908587
BAD 380563552669
BAD 380564054503
BAD 380757143581
BAD 380757143639
BAD 380757975019
BAD 380757975023
BAD 380597567971
BAD 380598639073
BAD 380599828397
BAD 380599828403
BAD 380759886841
BAD 380539374841
BAD 380569341259
BAD 380600514529
BAD 380600514533
BAD 380745370939
BAD 380570350819
BAD 380570375963
BAD 380760921901
BAD 380722454269
BAD 380761445863
BAD 380602166489
BAD 380602166491
BAD 380762239843
BAD 380746371209
BAD 380746371223
BAD 380762385329
BAD 380762385331
BAD 380762385343
BAD 380762385347
BAD 380762385349
BAD 380723324089
BAD 380608613663
BAD 380747261039
BAD 380608921477
BAD 380543551177
BAD 380692177223
BAD 380692205087
BAD 380543882363
BAD 380693027599
BAD 380788617961
BAD 380788923091
BAD 380788923101
BAD 380693554543
BAD 380725105471
BAD 380725105489
BAD 380693856289
BAD 380610342421
BAD 380766940283
BAD 380570888881
BAD 380571207791
BAD 380768974073
BAD 380770069213
BAD 380613483883
BAD 380705242759
BAD 380705242763
BAD 380705242769
BAD 380705242793
BAD 380549101949
BAD 380770841513
BAD 380696993893
BAD 380696993903
BAD 380706150479
BAD 380791754351
BAD 380791754353
BAD 380791754363
BAD 380697283787
BAD 380697283789
BAD 380574377279
BAD 380574377303
BAD 380729489369
BAD 380550978427
BAD 380551048547
BAD 380574905681
BAD 380698231163
BAD 380615905993
BAD 380616125999
BAD 380616126001
BAD 380552118103
BAD 380552118109
BAD 380552118113
BAD 380552118127
BAD 380521043743
BAD 380552185073
BAD 380552185081
BAD 380616644467
BAD 380521740563
BAD 380553550393
BAD 380794120633
BAD 380794120643
BAD 380577463943
BAD 380654318791
BAD 380578312423
BAD 380578312483
BAD 380522484383
BAD 380654686597
BAD 380654686603
BAD 380619161821
BAD 380701586207
BAD 380701586231
BAD 380656731437
BAD 380524639147
BAD 380736392497
BAD 380581353041
BAD 380701586233
BAD 380671339781
BAD 380637775267
BAD 380620545269
BAD 380637775291
BAD 380715726889
BAD 380581353043
BAD 380715726899
BAD 380581353049
BAD 380715726901
BAD 380581353083
BAD 380524657951
BAD 380671499251
BAD 380702187953
BAD 380672304877
BAD 380800720073
BAD 380716748683
BAD 380716871809
BAD 380716871813
BAD 380525828183
BAD 380525930047
BAD 380658298369
BAD 380658298373
BAD 380639323927
BAD 380802750241
BAD 380718969931
BAD 380583855907
BAD 380528018293
BAD 380583855913
BAD 380583855917
BAD 380583855919
BAD 380583859729
BAD 380528359933
BAD 380528359943
BAD 380804375603
BAD 380804669911
BAD 380804669923
BAD 380804669957
BAD 380529497443
BAD 380530195081
BAD 380585755951
BAD 380585756107
BAD 380677307453
BAD 380531352457
BAD 380678785549
BAD 380644578427
BAD 380644987651
BAD 380644987673
BAD 380645325689
BAD 380645325691
BAD 380645427637
BAD 380645427647
BAD 380645427649
BAD 380680591891
BAD 380663079151
BAD 380663980951
BAD 380664692209
BAD 380664706733
BAD 380648198101
BAD 380648198107
BAD 380648327249
BAD 380648327251
BAD 380685095513
BAD 380666475083
BAD 380666517001
BAD 380649912289
BAD 380687130833
BAD 380650140587
BAD 380669202691
BAD 380669308727
BAD 380669308729
BAD 380621899003
BAD 380652505579
BAD 380670367003
BAD 380772291721
BAD 380624555683
BAD 380624555687
BAD 380624555693
BAD 380625381407
BAD 380625381413
BAD 380625381439
BAD 380625381443
BAD 380625381469
BAD 380625381473
BAD 380774945297
BAD 380627137049
BAD 380629709203
BAD 380629709209
BAD 380778501143
BAD 380778501157
BAD 380778501199
BAD 380778501203
BAD 380630424877
BAD 380631335321
BAD 380631335323
BAD 380631335327
BAD 380631335341
BAD 380780085863
BAD 380780192729
BAD 380780192731
BAD 380780249419
BAD 380781250481
BAD 380781250483
BAD 380781545173
BAD 380782372471
BAD 380782372543
BAD 380634271363
BAD 380634340991
BAD 380634340993
BAD 380634414337
BAD 380634414341
BAD 380634414343
BAD 380634414409
BAD 380783733173
BAD 380634902623
BAD 380784854767
BAD 380786245429
BAD 380786245447
BAD 380787754591
BAD 380806259569
BAD 380806259573
BAD 380807410747
BAD 380807410751
BAD 380810443463
BAD 380810592163
BAD 380810592167
BAD 380813364859
BAD 380813364923
BAD 380813364949
BAD 380813364961
BAD 380815158403
BAD 380815467689
BAD 380815467691
BAD 380815577479
BAD 380816134403
BAD 380816134429
BAD 380816766619
BAD 380818795579
BAD 380818795583
BAD 380822256751
BAD 380823317923
BAD 380824014203
BAD 380825969569
BAD 380827361777
BAD 380827790977
BAD 380827790983
BAD 380829947521
BAD 380829947599
BAD 380829947629
BAD 380829947633
BAD 380832768751
BAD 380832768779
BAD 380832768781
BAD 380833129609
BAD 380837479343
BAD 380856012503
BAD 380856421433
BAD 380856421441
BAD 380856421459
BAD 380856421471
BAD 380856421493
BAD 380873407157
BAD 380873407163
BAD 380873499511
BAD 380860287133
BAD 380860287139
BAD 380861461769
BAD 380878789289
BAD 380864388173
BAD 380864864153
BAD 380882263219
BAD 380882263343
BAD 380884150553
BAD 380885925631
BAD 380885925661
BAD 380885925677
BAD 380868971969
BAD 380868971971
BAD 380887095499
BAD 380869877519
BAD 380888298367
BAD 380893844173
BAD 380893844179
BAD 380894662529
BAD 380894662531
BAD 380896979159
BAD 380896979161
BAD 380897625967
BAD 380897625971
BAD 380897625973
BAD 380898673147
BAD 380898673157
BAD 380901310693
BAD 380902024687
BAD 380902024691
BAD 380902727641
BAD 380902727659
BAD 380902727663
BAD 380905632493
BAD 380839847953
BAD 380840725051
BAD 380840725087
BAD 380840725099
BAD 380841648839
BAD 380841648841
BAD 380842840013
BAD 380847888797
BAD 380850935977
BAD 380852944469
BAD 380855556889
BAD 380957761957
BAD 380961472459
BAD 380962130477
BAD 380962446853
BAD 380962446863
BAD 380962446889
BAD 380963078029
BAD 380963078033
BAD 380963078039
BAD 380963612401
BAD 380967623923
BAD 380968002089
BAD 380968002091
BAD 380968597343
BAD 380968597351
BAD 380970096029
BAD 380970557993
BAD 380971041109
BAD 380971345021
BAD 380972536853
BAD 380973007313
BAD 380973007321
BAD 380990706091
BAD 380990706101
BAD 380991746483
BAD 380991746491
BAD 380991746497
BAD 380991813263
BAD 380995800233
BAD 380995800259
BAD 380996580539
BAD 380996580541
BAD 380997111613
BAD 380997111619
BAD 380997111667
BAD 381000482153
BAD 381000562433
BAD 381127222321
BAD 381127222327
BAD 380925663697
BAD 381128551861
BAD 380926369207
BAD 381129023311
BAD 381004710979
BAD 380928347911
BAD 381131167787
BAD 380929112593
BAD 381132467161
BAD 381132467179
BAD 381132467189
BAD 380929777079
BAD 381133771729
BAD 381133771763
BAD 381134352751
BAD 380931301459
BAD 380931301463
BAD 381137259829
BAD 381109619753
BAD 381109619773
BAD 381109660417
BAD 380940430069
BAD 380933798941
BAD 380934708397
BAD 381111316939
BAD 381111466171
BAD 381112924177
BAD 380944330201
BAD 381040586561
BAD 380937437017
BAD 380937437131
BAD 380937437137
BAD 381041172443
BAD 380945423609
BAD 380945423611
BAD 381175322917
BAD 380938618103
BAD 380938739411
BAD 380938739413
BAD 380938739417
BAD 380907470431
BAD 381042620533
BAD 381042620537
BAD 381043390943
BAD 381116921467
BAD 381116921473
BAD 381177416821
BAD 380950015819
BAD 380975258333
BAD 380909853853
BAD 380909853859
BAD 380910228473
BAD 380910228481
BAD 380910228487
BAD 381121269049
BAD 380911034003
BAD 381048768589
BAD 380978164999
BAD 380978165003
BAD 381049407853
BAD 381049407859
BAD 381049407863
BAD 381049407889
BAD 381049837523
BAD 381050810813
BAD 380980452893
BAD 380980504771
BAD 380913079643
BAD 380952240061
BAD 381052266953
BAD 381052267007
BAD 381052267009
BAD 380981859179
BAD 380982120833
BAD 380982120839
BAD 381193746217
BAD 381053222947
BAD 380914567633
BAD 381186427891
BAD 381195329401
BAD 381091605343
BAD 381091605353
BAD 381196084177
BAD 381196084189
BAD 380915585177
BAD 381187532821
BAD 381187532827
BAD 381188189411
BAD 381188189413
BAD 380915883571
BAD 380915883589
BAD 380915922353
BAD 380915922367
BAD 381188586577
BAD 381188890813
BAD 380955836389
BAD 380955836423
BAD 380986615861
BAD 380986615873
BAD 381189373099
BAD 381006804049
BAD 381007049149
BAD 381190346431
BAD 380918061749
BAD 380918061751
BAD 380918061761
BAD 380918061763
BAD 380988297847
BAD 380988297853
BAD 380919476071
BAD 381057380383
BAD 381057380411
BAD 381057380413
BAD 381057380423
BAD 380989315559
BAD 380989315561
BAD 381058521773
BAD 381099108227
BAD 381099393581
BAD 381099393583
BAD 381099393589
BAD 381099393593
BAD 381059918429
BAD 381059918431
BAD 381099463193
BAD 381060353269
BAD 381060353293
BAD 381060353299
BAD 381099873247
BAD 381012584671
BAD 380921966833
BAD 380922412103
BAD 381061549721
BAD 381061549723
BAD 381061549793
BAD 381205691101
BAD 381062300683
BAD 381014344003
BAD 381143545567
BAD 381143545579
BAD 381143598637
BAD 381014445923
BAD 381014446067
BAD 381143837387
BAD 381143837401
BAD 381206927753
BAD 381014737447
BAD 381014883751
BAD 381025189847
BAD 381025189849
BAD 381063886583
BAD 381145403461
BAD 381064459991
BAD 381015782353
BAD 381105081169
BAD 381026603227
BAD 381105839593
BAD 381105849079
BAD 381027141109
BAD 381027141113
BAD 381027203839
BAD 381077304353
BAD 381016754119
BAD 381016754123
BAD 381017028253
BAD 381017028263
BAD 381106927093
BAD 381078119431
BAD 381161701243
BAD 381148149323
BAD 381148149329
BAD 381067510693
BAD 381067510711
BAD 381163703119
BAD 381081346273
BAD 381081346279
BAD 381081603769
BAD 381069225401
BAD 381069225403
BAD 381069225409
BAD 381082078681
BAD 381069785449
BAD 381069785483
BAD 381164887357
BAD 381069849869
BAD 381069849871
BAD 381069917729
BAD 381083299099
BAD 381083299109
BAD 381083299111
BAD 381083299123
BAD 381083822323
BAD 381071081233
BAD 381071081257
BAD 381071177059
BAD 381071177063
BAD 381084102601
BAD 381152017583
BAD 381152017601
BAD 381152017613
BAD 381152017621
BAD 381152290969
BAD 381073055401
BAD 381086189051
BAD 381086189053
BAD 381087016369
BAD 381153635987
BAD 381153635999
BAD 381153636001
BAD 381170931811
BAD 381171768713
BAD 381090439217
BAD 381156656479
BAD 381174044837
BAD 381174044917
BAD 381174044921
BAD 381174204419
BAD 381174204421
BAD 381039049543
BAD 381039049549
BAD 381039228239
BAD 381039228259
BAD 381039228263
BAD 381244139797
BAD 381244139803
BAD 381244139813
BAD 381245203553
BAD 381246892801
BAD 381248024621
BAD 381248024623
BAD 381248024627
BAD 381248081999
BAD 381248082001
BAD 381250064669
BAD 381250445221
BAD 381252703501
BAD 381254948051
BAD 381254948083
BAD 381256764157
BAD 381260035733
BAD 381260035769
BAD 381260035771
BAD 381258161411
BAD 381258161413
BAD 381260317447
BAD 381260317457
BAD 381260317463
BAD 381260323547
BAD 381260963921
BAD 381260963933
BAD 381261586999
BAD 381262144073
BAD 381262144079
BAD 381263047793
BAD 381263771573
BAD 381263771579
BAD 381263771599
BAD 381270649951
BAD 381271634923
BAD 381273214183
BAD 381276194521
BAD 381276194543
BAD 381276194549
BAD 381276194567
BAD 381276194569
BAD 381276491447
BAD 381277896871
BAD 381279314519
BAD 381280749503
BAD 381225127319
BAD 381225127373
BAD 381225127379
BAD 381282164191
BAD 381282164201
BAD 381282164203
BAD 381225532213
BAD 381227924953
BAD 381285253697
BAD 381229280591
BAD 381287979571
BAD 381288850027
BAD 381289866263
BAD 381234226237
BAD 381290212279
BAD 381290212283
BAD 381290317459
BAD 381291032491
BAD 381291601357
BAD 381291603893
BAD 381236007023
BAD 381209703359
BAD 381209703361
BAD 381236021713
BAD 381210015533
BAD 381237476699
BAD 381237476701
BAD 381237632257
BAD 381237632261
BAD 381237632263
BAD 381238732013
BAD 381213468829
BAD 381214377751
BAD 381241010401
BAD 381215767747
BAD 381215882507
BAD 381216542263
BAD 381217301561
BAD 381218155013
BAD 381222119921
BAD 381222119923
BAD 381224693933
BAD 381308738779
BAD 381312059767
BAD 381312339017
BAD 381312339019
BAD 381312622631
BAD 381312622633
BAD 381312622643
BAD 381315076133
BAD 381316363097
BAD 381317639123
BAD 381318248071
BAD 381318248083
BAD 381321353183
BAD 381321620633
BAD 381328036157
BAD 381328036163
BAD 381328115743
BAD 381323346331
BAD 381323414881
BAD 381328980139
BAD 381324215243
BAD 381330458107
BAD 381333035597
BAD 381333035599
BAD 381333071893
BAD 381333415717
BAD 381334540403
BAD 381334540423
BAD 381334540427
BAD 381334540429
BAD 381334728079
BAD 381334728083
BAD 381324726631
BAD 381324726637
BAD 381477003241
BAD 381477882707
BAD 381477882713
BAD 381477882749
BAD 381430763183
BAD 381431567291
BAD 381479328623
BAD 381479328631
BAD 381433569757
BAD 381433569767
BAD 381434686169
BAD 381339134593
BAD 381341920943
BAD 381439566397
BAD 381439878821
BAD 381439878823
BAD 381439878829
BAD 381440103883
BAD 381440103901
BAD 381481745741
BAD 381481745767
BAD 381482331253
BAD 381441980191
BAD 381441980201
BAD 381441980203
BAD 381442202191
BAD 381379444997
BAD 381485323981
BAD 381380657309
BAD 381380657311
BAD 381381171737
BAD 381381171739
BAD 381485942801
BAD 381488116313
BAD 381385919521
BAD 381385941203
BAD 381387808493
BAD 381292989901
BAD 381292989923
BAD 381295766231
BAD 381295766233
BAD 381297665689
BAD 381297876691
BAD 381299200109
BAD 381299200111
BAD 381526800331
BAD 381301108973
BAD 381303221407
BAD 381304363681
BAD 381531476273
BAD 381531476279
BAD 381531476281
BAD 381532122157
BAD 381532122161
BAD 381532122163
BAD 381308245181
BAD 381308297653
BAD 381308297659
BAD 381308297663
BAD 381534097687
BAD 381534467857
BAD 381534467861
BAD 381536163559
BAD 381510768259
BAD 381537477653
BAD 381537477667
BAD 381446053459
BAD 381494873341
BAD 381494873359
BAD 381513302153
BAD 381513558983
BAD 381513558991
BAD 381539566159
BAD 381513699067
BAD 381495956167
BAD 381495956173
BAD 381513985063
BAD 381513985067
BAD 381514424651
BAD 381514424653
BAD 381515621593
BAD 381515621609
BAD 381515621611
BAD 381541634611
BAD 381450711413
BAD 381542189209
BAD 381594029153
BAD 381516979699
BAD 381560853319
BAD 381543199157
BAD 381561279223
BAD 381561279233
BAD 381561279283
BAD 381342283249
BAD 381500205563
BAD 381518585407
BAD 381393568823
BAD 381518585411
BAD 381595236109
BAD 381518585419
BAD 381595825111
BAD 381563976667
BAD 381563976683
BAD 381411466901
BAD 381411466903
BAD 381411466913
BAD 381501135031
BAD 381454935793
BAD 381454935889
BAD 381454935893
BAD 381455065703
BAD 381394753939
BAD 381455286637
BAD 381596916733
BAD 381520163881
BAD 381412594403
BAD 381520707419
BAD 381520753291
BAD 381345456161
BAD 381345456181
BAD 381345689251
BAD 381345689261
BAD 381565945729
BAD 381565959601
BAD 381566224133
BAD 381544104043
BAD 381363039143
BAD 381414932309
BAD 381414932317
BAD 381415155503
BAD 381415155553
BAD 381598858111
BAD 381598858117
BAD 381598858129
BAD 381598858133
BAD 381598858273
BAD 381505346809
BAD 381363789379
BAD 381398222311
BAD 381363955639
BAD 381348077609
BAD 381348077611
BAD 381348164339
BAD 381348164341
BAD 381348164347
BAD 381599464513
BAD 381599464523
BAD 381505954969
BAD 381458818343
BAD 381546189691
BAD 381546189701
BAD 381568825943
BAD 381461248717
BAD 381365833169
BAD 381365833171
BAD 381351994259
BAD 381525521633
BAD 381508948727
BAD 381417872113
BAD 381508948729
BAD 381601850491
BAD 381548040689
BAD 381401484391
BAD 381570350701
BAD 381462585223
BAD 381417872117
BAD 381417872119
BAD 381417872161
BAD 381417872167
BAD 381548086841
BAD 381352052111
BAD 381352052113
BAD 381570718981
BAD 381602269471
BAD 381418251901
BAD 381602728891
BAD 381602728943
BAD 381402184159
BAD 381418754053
BAD 381548976307
BAD 381367078759
BAD 381367078769
BAD 381572037529
BAD 381572046469
BAD 381572046473
BAD 381464048813
BAD 381572046487
BAD 381464248589
BAD 381464248591
BAD 381604358039
BAD 381604358041
BAD 381368691091
BAD 381465687679
BAD 381404770861
BAD 381606437873
BAD 381606464273
BAD 381369315293
BAD 381357703973
BAD 381370175203
BAD 381358520731
BAD 381406142311
BAD 381576618763
BAD 381467879453
BAD 381406628333
BAD 381406628341
BAD 381608212429
BAD 381608212439
BAD 381608212441
BAD 381608212493
BAD 381608937079
BAD 381609424759
BAD 381609424817
BAD 381408875717
BAD 381408875719
BAD 381409051579
BAD 381469881187
BAD 381424539011
BAD 381470589673
BAD 381470589677
BAD 381470589679
BAD 381471207961
BAD 381472350443
BAD 381475956721
BAD 381578385977
BAD 381585951653
BAD 381586494329
BAD 381611175503
BAD 381612319999
BAD 381588820411
BAD 381590054759
BAD 381590701969
BAD 381590782151
BAD 381590782159
BAD 381628747967
BAD 381629463367
BAD 381617194687
BAD 381617194691
BAD 381617194703
BAD 381617194711
BAD 381617194771
BAD 381593218957
BAD 381593531119
BAD 381632237221
BAD 381632475407
BAD 381632475409
BAD 381633009833
BAD 381634337911
BAD 381638085799
BAD 381638085821
BAD 381624973007
BAD 381641215037
BAD 381661067941
BAD 381661067947
BAD 381661193899
BAD 381661205509
BAD 381662134223
BAD 381669083123
BAD 381673388587
BAD 381673511917
BAD 381674353349
BAD 381674353351
BAD 381674353399
BAD 381676676233
BAD 381676676243
BAD 381676898873
BAD 381676899073
BAD 381676899077
BAD 381676899091
BAD 381647048633
BAD 381647048693
BAD 381647187443
BAD 381647793577
BAD 381651173747
BAD 381651173749
BAD 381651675347
BAD 381653939089
BAD 381653939131
BAD 381656647951
BAD 381656895007
BAD 381657825919
BAD 381677822971
BAD 381678075853
BAD 381678075859
BAD 381658177973
BAD 381678341777
BAD 381680356913
BAD 381660024973
BAD 381660024983
BAD 381682350407
BAD 381685460749
BAD 381685460753
BAD 381685796227
BAD 381685796231
BAD 381692188879
BAD 381692234269
BAD 381693437819
BAD 381693437821
BAD 381711477809
BAD 381711477811
BAD 381711477817
BAD 381712983371
BAD 381713994611
BAD 381713994619
BAD 381695234003
BAD 381695485267
BAD 381716803493
BAD 381695485279
BAD 381716989613
BAD 381716989631
BAD 381696908851
BAD 381718197943
BAD 381718197953
BAD 381718902419
BAD 381718902421
BAD 381718902427
BAD 381697908439
BAD 381697908443
BAD 381699085501
BAD 381722487283
BAD 381722749721
BAD 381724957711
BAD 381726517727
BAD 381726517729
BAD 381702883207
BAD 381704289943
BAD 381704290621
BAD 381704290637
BAD 381704633449
BAD 381705365611
BAD 381706401073
BAD 381706401079
BAD 381706680269
BAD 381710623607
BAD 381746479417
BAD 381748361909
BAD 381750733163
BAD 381752364457
BAD 381752364467
BAD 381755252401
BAD 381755252407
BAD 381756236879
BAD 381756543143
BAD 381757312753
BAD 381758369257
BAD 381758369261
BAD 381758369263
BAD 381759788287
BAD 381850923079
BAD 381761104603
BAD 381854154569
BAD 381854154571
BAD 381855568123
BAD 381731033093
BAD 381930512287
BAD 381930852769
BAD 381931142809
BAD 381931187959
BAD 381931808081
BAD 381732684353
BAD 381732911759
BAD 381732911761
BAD 381932442247
BAD 381932442259
BAD 381932442263
BAD 381932442277
BAD 381733137787
BAD 381733137791
BAD 381733814687
BAD 381733814689
BAD 382030350347
BAD 382030350371
BAD 382030586513
BAD 382030586521
BAD 382030782631
BAD 381860259593
BAD 381860265847
BAD 381935488877
BAD 381735830197
BAD 381936418553
BAD 381936970621
BAD 381938936551
BAD 382035516823
BAD 382036872253
BAD 382040236313
BAD 382040236327
BAD 381943483897
BAD 382041059069
BAD 382041477137
BAD 381743384003
BAD 381945154991
BAD 381945154993
BAD 381945155051
BAD 381945214631
BAD 381945214633
BAD 381945219451
BAD 382042196051
BAD 382014915589
BAD 381744730441
BAD 381945611941
BAD 382015139137
BAD 381946100387
BAD 382044477641
BAD 382044477643
BAD 382044968219
BAD 382018505749
BAD 382018712989
BAD 382021448093
BAD 382021448101
BAD 382022580523
BAD 382028575021
BAD 382028645717
BAD 381863344453
BAD 381864142447
BAD 381865157101
BAD 381965081371
BAD 381965200333
BAD 381866398141
BAD 381965856373
BAD 381913844467
BAD 381966513493
BAD 381966531361
BAD 381914366503
BAD 381914424391
BAD 381914992733
BAD 381914992741
BAD 381869076139
BAD 381869203699
BAD 381917911267
BAD 381917911273
BAD 381980527463
BAD 381980527477
BAD 381918396929
BAD 381918396931
BAD 381981362341
BAD 381982088339
BAD 381919474733
BAD 381996799399
BAD 381870964493
BAD 381983050921
BAD 381872160031
BAD 381797573057
BAD 381967580719
BAD 381797755421
BAD 381797755429
BAD 381797755439
BAD 381797755441
BAD 381967688131
BAD 381922071283
BAD 381831782243
BAD 381968437247
BAD 381832122877
BAD 381968874061
BAD 381798695689
BAD 381985934917
BAD 381923362763
BAD 381897821209
BAD 381969664949
BAD 381832705703
BAD 381832705711
BAD 381898257617
BAD 381948877657
BAD 381799800247
BAD 381898439051
BAD 381924311033
BAD 381924311039
BAD 381800533943
BAD 381800533949
BAD 381800533951
BAD 381834503093
BAD 381834503129
BAD 381834503131
BAD 381834503137
BAD 381834503153
BAD 382048894853
BAD 382048894861
BAD 382048894873
BAD 382048894879
BAD 382048894883
BAD 381834973159
BAD 381812334577
BAD 381812335237
BAD 381835197259
BAD 381835197277
BAD 381835197281
BAD 381989352293
BAD 381971919949
BAD 382053030433
BAD 381991718897
BAD 382003339943
BAD 381835764143
BAD 381873890023
BAD 382003339961
BAD 381801754583
BAD 381901255909
BAD 381813500927
BAD 381801754687
BAD 381835906693
BAD 381953856107
BAD 382004066569
BAD 381814232777
BAD 381836485343
BAD 382005002081
BAD 382005002083
BAD 382005112283
BAD 381993735001
BAD 381994342969
BAD 381816111269
BAD 381994973981
BAD 381994974001
BAD 381995008961
BAD 382006617767
BAD 381957240911
BAD 381957240913
BAD 381839036119
BAD 381904440613
BAD 381904568543
BAD 381817125149
BAD 381926942897
BAD 381926942899
BAD 381840197317
BAD 382008754133
BAD 382008754139
BAD 381905139919
BAD 382009238173
BAD 382009238189
BAD 382009238197
BAD 382009282121
BAD 381878402303
BAD 381806468683
BAD 381840999031
BAD 381806487511
BAD 381976668529
BAD 381841193663
BAD 381841344827
BAD 381905672479
BAD 381905672483
BAD 381927739027
BAD 381976933813
BAD 381976933853
BAD 381977929523
BAD 381977968793
BAD 381978037453
BAD 381978037471
BAD 381978037477
BAD 381978037481
BAD 381843397223
BAD 381820597033
BAD 382062611759
BAD 382062611761
BAD 382062611839
BAD 381843955709
BAD 381843955711
BAD 381844163167
BAD 381822388309
BAD 381910967467
BAD 381962871203
BAD 381911532907
BAD 381810308323
BAD 381810856201
BAD 381811507169
BAD 381811507171
BAD 381811831909
BAD 381781260821
BAD 381784377907
BAD 381787023367
BAD 381787537171
BAD 381789778729
BAD 381791160337
BAD 381791160349
BAD 381792190009
BAD 381880949423
BAD 381881757841
BAD 381882055657
BAD 381763733513
BAD 381763890241
BAD 381763890247
BAD 381882746299
BAD 381764371421
BAD 381764371441
BAD 381764371463
BAD 381883241611
BAD 381767102609
BAD 381767102611
BAD 381767934187
BAD 381768285583
BAD 381887607301
BAD 381889069217
BAD 381889069231
BAD 381889445813
BAD 381889951843
BAD 381889951847
BAD 381771569561
BAD 381771569563
BAD 381890987123
BAD 381774351997
BAD 381774352007
BAD 381774716759
BAD 381774716761
BAD 381894256013
BAD 381894256111
BAD 381776364923
BAD 381776364943
BAD 381776364953
BAD 381776364979
BAD 381777026173
BAD 381777026177
BAD 381777026179
BAD 382082260229
BAD 382082622599
BAD 382082622601
BAD 382083252163
BAD 382084187593
BAD 382086672313
BAD 382087291711
BAD 382087291741
BAD 382064310083
BAD 382089270403
BAD 382089270413
BAD 382089536333
BAD 382091191213
BAD 382091191217
BAD 382066756033
BAD 382066829941
BAD 382091765479
BAD 382091765483
BAD 382091765491
BAD 382093505279
BAD 382093505281
BAD 382093505293
BAD 382093667287
BAD 382069535213
BAD 382069682089
BAD 382094744807
BAD 382094744809
BAD 382094744831
BAD 382094744833
BAD 382073765809
BAD 382074422209
BAD 382097654773
BAD 382097654779
BAD 382097949853
BAD 382097949859
BAD 382109174719
BAD 382109174723
BAD 382113610063
BAD 382113610069
BAD 382113610091
BAD 382131197353
BAD 382131862999
BAD 382133129863
BAD 382134334313
BAD 382134911537
BAD 382134911539
BAD 382134911569
BAD 382134911617
BAD 382137333841
BAD 382137729821
BAD 382137729823
BAD 382138214441
BAD 382139164489
BAD 382139164493
BAD 382139907701
BAD 382139907733
BAD 382140030203
BAD 382143818767
BAD 382146641707
BAD 382150022179
BAD 382150022183
BAD 382150214543
BAD 382150589113
BAD 382152064837
BAD 382152064843
BAD 382153398947
BAD 382153434599
BAD 382153434601
BAD 382153434613
BAD 382116214943
BAD 382118335369
BAD 382124944891
BAD 382125017389
BAD 382125187193
BAD 382125187207
BAD 382125187211
BAD 382125187217
BAD 382125187219
BAD 382157955083
BAD 382166317087
BAD 382167187979
BAD 382167187981
BAD 382167187993
BAD 382127351461
BAD 382128631589
BAD 382130546299
BAD 382171441711
BAD 382172731573
BAD 382161402193
BAD 382175196527
BAD 382175196593
BAD 382178175793
BAD 382178175809
BAD 382178940449
BAD 382179288787
BAD 382179288793
BAD 382179288797
BAD 382164048913
BAD 382164048979
BAD 382164048983
BAD 382179872273
BAD 382179872279
BAD 382179872281
BAD 382217867341
BAD 382219368449
BAD 382219368451
BAD 382219418549
BAD 382219418551
BAD 382219549897
BAD 382221574793
BAD 382221723739
BAD 382222167541
BAD 382226193751
BAD 382227718993
BAD 382227719039
BAD 382227719057
BAD 382227719059
BAD 382366539241
BAD 382230827431
BAD 382368094993
BAD 382369675703
BAD 382369675711
BAD 382369675717
BAD 382401471499
BAD 382401818243
BAD 382402369423
BAD 382402632233
BAD 382417234909
BAD 382404473179
BAD 382404473183
BAD 382418364203
BAD 382418364221
BAD 382373479177
BAD 382420834643
BAD 382407436913
BAD 382374823973
BAD 382421411017
BAD 382422043243
BAD 382375770263
BAD 382375947269
BAD 382375947271
BAD 382376783461
BAD 382424441731
BAD 382378149851
BAD 382379054053
BAD 382381169123
BAD 382428568147
BAD 382382225257
BAD 382432032551
BAD 382432150273
BAD 382432150277
BAD 382432526467
BAD 382432526479
BAD 382432640911
BAD 382199482151
BAD 382199482153
BAD 382204633093
BAD 382206706499
BAD 382206706501
BAD 382206956143
BAD 382206956147
BAD 382206956149
BAD 382207575121
BAD 382182038057
BAD 382182038059
BAD 382209282373
BAD 382183367089
BAD 382209914179
BAD 382209914183
BAD 382183752487
BAD 382211636329
BAD 382211636333
BAD 382185451243
BAD 382211704423
BAD 382212186953
BAD 382185956527
BAD 382212334159
BAD 382212334171
BAD 382213399759
BAD 382213775311
BAD 382213775341
BAD 382191291841
BAD 382191291851
BAD 382191291973
BAD 382194043969
BAD 382194062737
BAD 382332666931
BAD 382196141731
BAD 382196203261
BAD 382197475171
BAD 382231694851
BAD 382231694857
BAD 382334754199
BAD 382433029523
BAD 382433029549
BAD 382449882547
BAD 382286039077
BAD 382286039087
BAD 382286039089
BAD 382337704687
BAD 382436780389
BAD 382287882113
BAD 382251985123
BAD 382452550253
BAD 382452550261
BAD 382338888103
BAD 382452812263
BAD 382289355401
BAD 382289355403
BAD 382339585723
BAD 382300284313
BAD 382439925277
BAD 382290090043
BAD 382255853311
BAD 382300284319
BAD 382240715749
BAD 382265327911
BAD 382256596021
BAD 382316976343
BAD 382316976347
BAD 382349375833
BAD 382242221341
BAD 382242221371
BAD 382242221377
BAD 382267020943
BAD 382292715919
BAD 382292715929
BAD 382292749051
BAD 382292749087
BAD 382292749093
BAD 382292749099
BAD 382319158009
BAD 382303395233
BAD 382293517849
BAD 382243990369
BAD 382268739733
BAD 382294505449
BAD 382454257883
BAD 382304533493
BAD 382454575313
BAD 382454575319
BAD 382295618339
BAD 382353994487
BAD 382353994489
BAD 382271438407
BAD 382322582003
BAD 382306422413
BAD 382262313353
BAD 382354880701
BAD 382262810933
BAD 382323527849
BAD 382323527867
BAD 382323527869
BAD 382307723209
BAD 382323908401
BAD 382356831037
BAD 382343921593
BAD 382343921599
BAD 382484437513
BAD 382458142853
BAD 382485363263
BAD 382458887191
BAD 382485636121
BAD 382459098913
BAD 382274707267
BAD 382274707271
BAD 382274707273
BAD 382274848849
BAD 382274848919
BAD 382310002367
BAD 382310002369
BAD 382459916197
BAD 382346176159
BAD 382327578187
BAD 382359443471
BAD 382328227717
BAD 382276534943
BAD 382347340261
BAD 382347383219
BAD 382347383221
BAD 382311116989
BAD 382311117011
BAD 382463219161
BAD 382329816367
BAD 382329816377
BAD 382278042973
BAD 382278042977
BAD 382278166453
BAD 382278166471
BAD 382278665863
BAD 382490831977
BAD 382490831993
BAD 382363690253
BAD 382313383189
BAD 382365387871
BAD 382313806183
BAD 382313965729
BAD 382313965739
BAD 382313965741
BAD 382499065099
BAD 382499065103
BAD 382499065111
BAD 382499065121
BAD 382468329343
BAD 382469409481
BAD 382469739053
BAD 382470605989
BAD 382383370651
BAD 382384768921
BAD 382474523549
BAD 382474523551
BAD 382476076013
BAD 382386190399
BAD 382476425299
BAD 382476425311
BAD 382476813007
BAD 382476813011
BAD 382478363077
BAD 382389836723
BAD 382390840343
BAD 382390969733
BAD 382393096073
BAD 382393581061
BAD 382395939397
BAD 382395939403
BAD 382398756919
BAD 382398756923
BAD 382502690971
BAD 382519200499
BAD 382510181411
BAD 382510181413
BAD 382522579849
BAD 382522579853
BAD 382522894783
BAD 382510583131
BAD 382511320033
BAD 382511320049
BAD 382511320159
BAD 382524298553
BAD 382524303617
BAD 382524303619
BAD 382525281263
BAD 382525450733
BAD 382513807457
BAD 382514050781
BAD 382514050783
BAD 382514312671
BAD 382528504343
BAD 382515178013
BAD 382515583759
BAD 382515583763
BAD 382515583771
BAD 382515607021
BAD 382531823503
BAD 382516275937
BAD 382550244331
BAD 382550450483
BAD 382552974383
BAD 382553223869
BAD 382553223881
BAD 382554182837
BAD 382554387121
BAD 382555150519
BAD 382555591321
BAD 382556283763
BAD 382557651061
BAD 382558820029
BAD 382558991963
BAD 382559955839
BAD 382563694607
BAD 382563694609
BAD 382563694613
BAD 382565544841
BAD 382565544847
BAD 382584153937
BAD 382584153943
BAD 382584153947
BAD 382584284323
BAD 382584597751
BAD 382588596109
BAD 382588699397
BAD 382591532857
BAD 382595619103
BAD 382595658569
BAD 382598864449
BAD 382567385611
BAD 382571926589
BAD 382571926591
BAD 382572828013
BAD 382572828049
BAD 382572845623
BAD 382534910767
BAD 382635379183
BAD 382635878173
BAD 382635936079
BAD 382635936083
BAD 382574181937
BAD 382535758823
BAD 382536381881
BAD 382536381883
BAD 382536381923
BAD 382575699991
BAD 382639175357
BAD 382639175363
BAD 382639175371
BAD 382639175377
BAD 382639175381
BAD 382539021523
BAD 382640863741
BAD 382578723451
BAD 382540307977
BAD 382541566507
BAD 382541566531
BAD 382642930591
BAD 382644531307
BAD 382644531323
BAD 382580508743
BAD 382581404677
BAD 382581404683
BAD 382581612547
BAD 382547298257
BAD 382548361849
BAD 382618682297
BAD 382618682311
BAD 382619774659
BAD 382648350199
BAD 382620454691
BAD 382620454693
BAD 382621779901
BAD 382621779907
BAD 382622867071
BAD 382622867089
BAD 382623333203
BAD 382624669643
BAD 382628820421
BAD 382629565631
BAD 382769422279
BAD 382775165687
BAD 382777311583
BAD 382778351003
BAD 382783104331
BAD 382838115229
BAD 382839331891
BAD 382840209187
BAD 382840228787
BAD 382840228789
BAD 382840228879
BAD 382603050119
BAD 382841970263
BAD 382842205987
BAD 382842963889
BAD 382843084193
BAD 382605577433
BAD 382887533933
BAD 382606048381
BAD 382607103583
BAD 382608574171
BAD 382609263067
BAD 382847021659
BAD 382892819107
BAD 382612582883
BAD 382894924519
BAD 382736160319
BAD 382849451363
BAD 382897896569
BAD 382897896571
BAD 382738011923
BAD 382850372633
BAD 382850372659
BAD 382721081929
BAD 382721081933
BAD 382851009031
BAD 382739403259
BAD 382739713529
BAD 382851391081
BAD 382672626719
BAD 382851699647
BAD 382722384937
BAD 382722384943
BAD 382722384953
BAD 382722384959
BAD 382741748453
BAD 382722595271
BAD 382742165089
BAD 382902181853
BAD 382902181859
BAD 382742859899
BAD 382723253839
BAD 382676364859
BAD 382684975703
BAD 382745235547
BAD 382745235553
BAD 382678424683
BAD 382685692877
BAD 382685692891
BAD 382725140177
BAD 382725140191
BAD 382725140257
BAD 382686635719
BAD 382746163999
BAD 382679493653
BAD 382868936717
BAD 382868936719
BAD 382868936731
BAD 382746221843
BAD 382869166223
BAD 382869166259
BAD 382869166261
BAD 382869642173
BAD 382869731837
BAD 382680974323
BAD 382869761123
BAD 382819026529
BAD 382688486839
BAD 382726846423
BAD 382682048813
BAD 382682048821
BAD 382727401057
BAD 382748969059
BAD 382727499053
BAD 382705827079
BAD 382705827083
BAD 382727662987
BAD 382683113017
BAD 382749549673
BAD 382749549683
BAD 382727832761
BAD 382683414151
BAD 382690071241
BAD 382728120521
BAD 382728120553
BAD 382728120557
BAD 382728120559
BAD 382728120563
BAD 382749665603
BAD 382820941213
BAD 382728834233
BAD 382729365593
BAD 382729365619
BAD 382729365631
BAD 382729365643
BAD 382708797329
BAD 382822394131
BAD 382753151959
BAD 382824042079
BAD 382692312061
BAD 382874165593
BAD 382787801281
BAD 382824985831
BAD 382692653507
BAD 382732267231
BAD 382732267237
BAD 382692771793
BAD 382732566427
BAD 382788374833
BAD 382711841933
BAD 382852566883
BAD 382852574119
BAD 382852574123
BAD 382852638673
BAD 382789806991
BAD 382802519467
BAD 382828465051
BAD 382828956977
BAD 382878618467
BAD 382878618469
BAD 382878752449
BAD 382714615573
BAD 382830548273
BAD 382830548291
BAD 382696476997
BAD 382856287529
BAD 382880537311
BAD 382717094659
BAD 382760599723
BAD 382856287531
BAD 382832064803
BAD 382880537423
BAD 382856287543
BAD 382760599729
BAD 382760599733
BAD 382832136517
BAD 382807505629
BAD 382856670517
BAD 382797322603
BAD 382832890813
BAD 382833066391
BAD 382833079099
BAD 382857334117
BAD 382833262753
BAD 382881839323
BAD 382881839341
BAD 382808845283
BAD 382809640379
BAD 382799454781
BAD 382883402299
BAD 382883402303
BAD 382883402311
BAD 382883538283
BAD 382810338221
BAD 382810338223
BAD 382801571927
BAD 382812557069
BAD 382861518593
BAD 382861603177
BAD 382861603181
BAD 382766552303
BAD 382863703099
BAD 382865953909
BAD 382650827747
BAD 382651057727
BAD 382651057729
BAD 382651440991
BAD 382656994807
BAD 382658919581
BAD 382659010211
BAD 382659010213
BAD 382659010219
BAD 382660797991
BAD 382660797997
BAD 382662110947
BAD 382662110959
BAD 382664399347
BAD 382665546317
BAD 382665546383
BAD 382666949789
BAD 382902990109
BAD 382903241723
BAD 382904117069
BAD 382921378481
BAD 382904492167
BAD 382904492297
BAD 382905983539
BAD 382908097387
BAD 382908627203
BAD 382922383289
BAD 382923483233
BAD 382923483253
BAD 382923910783
BAD 382925040361
BAD 382927015279
BAD 382908756739
BAD 382910185519
BAD 382911241423
BAD 382911684679
BAD 382912292311
BAD 382912847491
BAD 382914883073
BAD 382914922087
BAD 382915468337
BAD 382931252633
BAD 382916940409
BAD 382931735551
BAD 382932765373
BAD 382932792059
BAD 382932792061
BAD 382938599137
BAD 382943183507
BAD 382943183509
BAD 382943945933
BAD 382943946001
BAD 382945488733
BAD 382948183463
BAD 382948183489
BAD 382948183493
BAD 382949758703
BAD 383004854833
BAD 383004854849
BAD 383004868973
BAD 383005609793
BAD 383005609817
BAD 383005950961
BAD 383009633417
BAD 383009633423
BAD 383009889323
BAD 383010207823
BAD 383012068507
BAD 383013254047
BAD 383015468687
BAD 383015663179
BAD 383017494389
BAD 383020909987
BAD 383020909991
BAD 383020909993
BAD 383021780093
BAD 383021780101
BAD 383022882061
BAD 383026621711
BAD 383028288403
BAD 383028822619
BAD 383030685979
BAD 383031217903
BAD 382986814351
BAD 382986814373
BAD 383034205927
BAD 382989966757
BAD 383034386639
BAD 383034386641
BAD 383034507073
BAD 383034507077
BAD 382995247853
BAD 382996925629
BAD 382997908991
BAD 382958641423
BAD 382958641427
BAD 382958641433
BAD 382958641441
BAD 382958925871
BAD 382959103867
BAD 382959103873
BAD 382961520091
BAD 382964817241
BAD 382965547927
BAD 382965547933
BAD 382967170441
BAD 382967170447
BAD 382971696871
BAD 382971696883
BAD 382971696901
BAD 382974052213
BAD 382974479917
BAD 382974927581
BAD 382977678137
BAD 382977678143
BAD 383091177283
BAD 383093554531
BAD 383093916551
BAD 383093916553
BAD 382979176291
BAD 383036793367
BAD 383095101331
BAD 383039471753
BAD 383070745039
BAD 383070745049
BAD 383070745051
BAD 383070808147
BAD 383071468789
BAD 383071468799
BAD 383071566491
BAD 383041390471
BAD 383041390513
BAD 383099276563
BAD 383099276569
BAD 383099276579
BAD 383042470913
BAD 383042838109
BAD 383100052703
BAD 383074389343
BAD 383074389361
BAD 383100420397
BAD 383044373353
BAD 383075281807
BAD 383076519323
BAD 383076519337
BAD 383076519341
BAD 383102903483
BAD 383080302203
BAD 383052469013
BAD 383053374469
BAD 383084898743
BAD 383084898773
BAD 383291121457
BAD 383085132233
BAD 383085700189
BAD 383293583623
BAD 383293583639
BAD 383293583641
BAD 383294270357
BAD 383294270377
BAD 383294270399
BAD 383294327081
BAD 383294327083
BAD 383294455561
BAD 383294455571
BAD 383295976981
BAD 383296875893
BAD 383297038609
BAD 383297038613
BAD 383054044441
BAD 383297217983
BAD 383222336333
BAD 383298925783
BAD 383298925819
BAD 383299507889
BAD 383299507891
BAD 383057515171
BAD 383225633411
BAD 383225730113
BAD 383301524887
BAD 383226350707
BAD 383059928351
BAD 383059928353
BAD 383227037933
BAD 383302169917
BAD 383227507111
BAD 383061294257
BAD 383303921621
BAD 383230369399
BAD 383230415123
BAD 383257765249
BAD 383206194169
BAD 383259042233
BAD 383259042251
BAD 383259042263
BAD 383259562853
BAD 383259562859
BAD 383106158311
BAD 383234241857
BAD 383209054247
BAD 383234765101
BAD 383172477473
BAD 383235106531
BAD 383261905787
BAD 383108247733
BAD 383108247737
BAD 383236799867
BAD 383274331681
BAD 383237404349
BAD 383237404351
BAD 383237660683
BAD 383274753457
BAD 383274753467
BAD 383274753469
BAD 383274753473
BAD 383237717461
BAD 383237817271
BAD 383237817283
BAD 383212786613
BAD 383212859443
BAD 383275823311
BAD 383175825299
BAD 383275823317
BAD 383275823321
BAD 383175825301
BAD 383275823323
BAD 383275823327
BAD 383276261119
BAD 383176480123
BAD 383176936069
BAD 383265294767
BAD 383215725637
BAD 383112679751
BAD 383112679753
BAD 383238993391
BAD 383177761103
BAD 383217103747
BAD 383217103757
BAD 383217103771
BAD 383217140083
BAD 383217241621
BAD 383138293771
BAD 383267241271
BAD 383188594837
BAD 383188594909
BAD 383140142971
BAD 383241715489
BAD 383219897369
BAD 383141511799
BAD 383141511803
BAD 383179728829
BAD 383116227173
BAD 383116227181
BAD 383116231321
BAD 383190635677
BAD 383180242343
BAD 383156122969
BAD 383156141077
BAD 383221055183
BAD 383116977499
BAD 383281993723
BAD 383243737909
BAD 383282587033
BAD 383270871631
BAD 383183057009
BAD 383158111681
BAD 383145999487
BAD 383118243451
BAD 383183057011
BAD 383283064883
BAD 383244453019
BAD 383192294299
BAD 383244453023
BAD 383192294491
BAD 383192294497
BAD 383192294501
BAD 383192294503
BAD 383270899619
BAD 383270899621
BAD 383283376493
BAD 383193491773
BAD 383193565169
BAD 383245549727
BAD 383285189153
BAD 383148822271
BAD 383286092803
BAD 383149417009
BAD 383149417019
BAD 383161277251
BAD 383161277263
BAD 383150396641
BAD 383195576749
BAD 383161511153
BAD 383163023569
BAD 383198273197
BAD 383198273239
BAD 383253777661
BAD 383253777667
BAD 383164985783
BAD 383165502271
BAD 383201142113
BAD 383201142131
BAD 383201142133
BAD 383201142139
BAD 383201142143
BAD 383167033861
BAD 383167295737
BAD 383201734613
BAD 383204434567
BAD 383120949229
BAD 383124946063
BAD 383124946067
BAD 383126312567
BAD 383127959959
BAD 383128931293
BAD 383130404581
BAD 383130404597
BAD 383130404599
BAD 383131038677
BAD 383132353789
BAD 383133307969
BAD 383133595849
BAD 383133595853
BAD 383133838369
BAD 383135012761
BAD 383135012773
BAD 383328419863
BAD 383331497309
BAD 383331497317
BAD 383333680679
BAD 383337231229
BAD 383337647059
BAD 383337980453
BAD 383337980461
BAD 383305593889
BAD 383306998567
BAD 383306998573
BAD 383306998577
BAD 383306998579
BAD 383309902519
BAD 383315185879
BAD 383316056329
BAD 383318394463
BAD 383319095249
BAD 383319095251
BAD 383339857393
BAD 383340888223
BAD 383342288611
BAD 383346230053
BAD 383348704819
BAD 383354571893
BAD 383354889647
BAD 383356180111
BAD 383356180147
BAD 383356278587
BAD 383356278589
BAD 383357442133
BAD 383357442137
BAD 383366322529
BAD 383368086757
BAD 383368086763
BAD 383368086767
BAD 383368086769
BAD 383371483381
BAD 383371827193
BAD 383371827221
BAD 383376535189
BAD 383376535193
BAD 383376535219
BAD 383376535229
BAD 383376535231
BAD 383377069091
BAD 383377069093
BAD 383377725769
BAD 383381017829
BAD 383382474151
BAD 383383078333
BAD 383385355319
BAD 383387048069
BAD 383387048071
BAD 383387048087
BAD 383387048089
BAD 383387048101
BAD 383389546093
BAD 383390582573
BAD 383390845843
BAD 383392179061
BAD 383393009203
BAD 383393014877
BAD 383406693983
BAD 383406693991
BAD 383406888889
BAD 383394601069
BAD 383394809047
BAD 383396319503
BAD 383397968749
BAD 383397968753
BAD 383397968771
BAD 383398191331
BAD 383411478859
BAD 383411988829
BAD 383412684019
BAD 383413337851
BAD 383413337893
BAD 383413337899
BAD 383415042457
BAD 383402373943
BAD 383420987039
BAD 383420987041
BAD 383421440123
BAD 383457429203
BAD 383457842503
BAD 383467531361
BAD 383474495011
BAD 383468466503
BAD 383469828481
BAD 383470067179
BAD 383471767963
BAD 383675198149
BAD 383675431987
BAD 383675431999
BAD 383475890587
BAD 383677488319
BAD 383678229811
BAD 383678229853
BAD 383678767883
BAD 383678768027
BAD 383678768029
BAD 383678816707
BAD 383524844159
BAD 383524844161
BAD 383560285153
BAD 383560285159
BAD 383682051653
BAD 383561587951
BAD 383561658919
BAD 383561658943
BAD 383561658947
BAD 383683433153
BAD 383529724519
BAD 383529724531
BAD 383481888259
BAD 383566456681
BAD 383484101333
BAD 383534559787
BAD 383568782827
BAD 383484937111
BAD 383426255477
BAD 383426255479
BAD 383426255483
BAD 383535250711
BAD 383535693097
BAD 383535693103
BAD 383535693181
BAD 383535693187
BAD 383426907079
BAD 383536326661
BAD 383486970871
BAD 383428036193
BAD 383428036219
BAD 383571160649
BAD 383693243771
BAD 383693289323
BAD 383488641007
BAD 383590589929
BAD 383489032291
BAD 383489340281
BAD 383571625639
BAD 383689900523
BAD 383689900541
BAD 383689900543
BAD 383689900553
BAD 383430336329
BAD 383695447957
BAD 383431044817
BAD 383592931961
BAD 383431044827
BAD 383592931963
BAD 383593805149
BAD 383432120041
BAD 383432120111
BAD 383432397787
BAD 383432452313
BAD 383433366109
BAD 383698837969
BAD 383596989247
BAD 383491522411
BAD 383598319991
BAD 383701546147
BAD 383598533083
BAD 383598533089
BAD 383493255751
BAD 383600686883
BAD 383611323593
BAD 383704601461
BAD 383704603313
BAD 383640716093
BAD 383640828173
BAD 383601714079
BAD 383705357419
BAD 383705357437
BAD 383509701823
BAD 383612098733
BAD 383509786411
BAD 383494586161
BAD 383612640217
BAD 383706147301
BAD 383575863967
BAD 383706147313
BAD 383510148493
BAD 383575999883
BAD 383575999907
BAD 383613008371
BAD 383576351303
BAD 383576351393
BAD 383576351401
BAD 383657572643
BAD 383613544579
BAD 383657610383
BAD 383605761713
BAD 383658112613
BAD 383496370783
BAD 383496370787
BAD 383615168731
BAD 383512253213
BAD 383644338257
BAD 383644338271
BAD 383644338293
BAD 383659656983
BAD 383497012967
BAD 383513422403
BAD 383661876553
BAD 383661876583
BAD 383618747887
BAD 383618747903
BAD 383515034267
BAD 383647034321
BAD 383665358567
BAD 383498035777
BAD 383515034269
BAD 383581729649
BAD 383581729651
BAD 383665634281
BAD 383665634293
BAD 383665946959
BAD 383515753463
BAD 383666383097
BAD 383666383099
BAD 383666383103
BAD 383620284059
BAD 383582720711
BAD 383582720713
BAD 383582720789
BAD 383582720791
BAD 383667065633
BAD 383583443297
BAD 383540792123
BAD 383540792137
BAD 383649256567
BAD 383517823831
BAD 383584971103
BAD 383584971109
BAD 383585214151
BAD 383585214167
BAD 383585214169
BAD 383623459523
BAD 383623459537
BAD 383543271389
BAD 383543271403
BAD 383441666243
BAD 383441666263
BAD 383441666269
BAD 383670216103
BAD 383650354823
BAD 383585871883
BAD 383670653479
BAD 383544408361
BAD 383505420139
BAD 383505420149
BAD 383671819079
BAD 383671819117
BAD 383651903087
BAD 383652115129
BAD 383652115139
BAD 383652115141
BAD 383652709423
BAD 383546900131
BAD 383672802053
BAD 383654296523
BAD 383588958803
BAD 383674040401
BAD 383674040411
BAD 383674040413
BAD 383674120883
BAD 383655487379
BAD 383655487381
BAD 383446137187
BAD 383446137211
BAD 383446965053
BAD 383447182933
BAD 383447389363
BAD 383447389373
BAD 383550759223
BAD 383550759233
BAD 383550806101
BAD 383448243229
BAD 383624573263
BAD 383449648039
BAD 383449648103
BAD 383554626649
BAD 383555656579
BAD 383556388093
BAD 383453870351
BAD 383453870353
BAD 383628996313
BAD 383628996319
BAD 383628996353
BAD 383629449781
BAD 383629449799
BAD 383629449803
BAD 383629449811
BAD 383454494659
BAD 383454494663
BAD 383455380887
BAD 383455728893
BAD 383632734581
BAD 383633670031
BAD 383637956179
BAD 383638846753
BAD 383639391829
BAD 383726741443
BAD 383726741449
BAD 383710896367
BAD 383711250133
BAD 383711250137
BAD 383711900251
BAD 383713392217
BAD 383713539653
BAD 383713539667
BAD 383713539673
BAD 383713782841
BAD 383713884817
BAD 383714099411
BAD 383714099413
BAD 383714680319
BAD 383721405469
BAD 383721405547
BAD 383721405553
BAD 383721614413
BAD 383723363663
BAD 383723366063
BAD 383745521449
BAD 383746674229
BAD 383748142553
BAD 383748281473
BAD 383748281479
BAD 383749220303
BAD 383749220311
BAD 383750131241
BAD 383750361503
BAD 383751634009
BAD 383751938461
BAD 383751938477
BAD 383752537711
BAD 383752537723
BAD 383754040519
BAD 383754040603
BAD 383754040633
BAD 383754468637
BAD 383754468653
BAD 383756316049
BAD 383760996413
BAD 383765485057
BAD 383767345277
BAD 383773842943
BAD 383780364353
BAD 383780364361
BAD 383780364371
BAD 383781343733
BAD 383781343741
BAD 383782047169
BAD 383782322263
BAD 383783189107
BAD 383784542893
BAD 383793265829
BAD 383793265831
BAD 383793265847
BAD 383793608857
BAD 383786002867
BAD 383796433921
BAD 383791040389
BAD 383791040393
BAD 383791220951
BAD 383799909323
BAD 383800237771
BAD 383801072191
BAD 383801210099
BAD 383801210101
BAD 383803754527
BAD 383807978641
BAD 383814058267
BAD 383816925563
BAD 383817692131
BAD 383819636579
BAD 383819636581
BAD 383820268753
BAD 383820268771
BAD 383820787321
BAD 383821170277
BAD 383823399499
BAD 383825383819
BAD 383827235881
BAD 383827977397
BAD 383829291187
BAD 383829291191
BAD 383829291193
BAD 383830729307
BAD 383830729309
BAD 383830729313
BAD 383831554759
BAD 383831554793
BAD 383832684889
BAD 383832684901
BAD 383835475493
BAD 384027197101
BAD 384027197153
BAD 384028776811
BAD 384029104913
BAD 384029104919
BAD 383838481261
BAD 384029500511
BAD 384029500513
BAD 383839200469
BAD 383839200473
BAD 383839200487
BAD 384030782453
BAD 384030782461
BAD 384031689871
BAD 383840880473
BAD 383841596329
BAD 383842360673
BAD 383843081777
BAD 383843081779
BAD 384036894487
BAD 384036894491
BAD 383845157809
BAD 384037834441
BAD 384037834451
BAD 384038444197
BAD 383959583323
BAD 383849056343
BAD 384042319147
BAD 384042542539
BAD 384042542563
BAD 384042542567
BAD 384042542593
BAD 383963379523
BAD 383964518123
BAD 383851149449
BAD 383966630699
BAD 383851497833
BAD 383851497839
BAD 383851710923
BAD 383852023337
BAD 383968415167
BAD 383854040377
BAD 383854040419
BAD 383854128631
BAD 383892848809
BAD 383970443209
BAD 383970443221
BAD 383895076549
BAD 383895076553
BAD 383895076583
BAD 383857208269
BAD 383857684477
BAD 384093707009
BAD 383972611049
BAD 384093707017
BAD 383972611051
BAD 383857868143
BAD 383858118643
BAD 384094296413
BAD 383896036219
BAD 383973670589
BAD 383896370281
BAD 383896370287
BAD 384095481883
BAD 384095816431
BAD 383900252221
BAD 383902132741
BAD 383904726329
BAD 383904726353
BAD 383906448271
BAD 384060233113
BAD 384103278157
BAD 383907114139
BAD 384106131499
BAD 384063379069
BAD 384106529633
BAD 384011258119
BAD 384011258123
BAD 384011367713
BAD 384063817171
BAD 384063817177
BAD 383926346569
BAD 384111402659
BAD 384014284547
BAD 384014284553
BAD 384109472897
BAD 384109472899
BAD 384014778617
BAD 384014797217
BAD 384014797219
BAD 384014797249
BAD 384014797253
BAD 384067860563
BAD 384114450301
BAD 384068349733
BAD 384068349803
BAD 384068349809
BAD 384068349811
BAD 384115257751
BAD 383929951987
BAD 383930235613
BAD 383930235617
BAD 383930235631
BAD 384017363941
BAD 384117272557
BAD 383931636773
BAD 384118220543
BAD 383980172491
BAD 384019164103
BAD 383933091953
BAD 383933987939
BAD 383982240331
BAD 384121206263
BAD 383859169087
BAD 384072972979
BAD 383937267983
BAD 384022048549
BAD 383982240337
BAD 384121206289
BAD 384023111203
BAD 384076936013
BAD 384077099389
BAD 383860336703
BAD 383860463603
BAD 384075292901
BAD 384075292903
BAD 384075292907
BAD 384075539359
BAD 384075539377
BAD 384075539381
BAD 384123289531
BAD 383939721043
BAD 383939721047
BAD 383939721049
BAD 383860943033
BAD 383861109829
BAD 383943643799
BAD 384025292743
BAD 384078182239
BAD 384078182303
BAD 384025512991
BAD 384025784803
BAD 383946126583
BAD 384080009333
BAD 383985169411
BAD 383941687783
BAD 383862374737
BAD 383942175649
BAD 384026297143
BAD 384026297153
BAD 383942272963
BAD 383992997083
BAD 383992997119
BAD 383993115859
BAD 384081038293
BAD 384082221673
BAD 383948698271
BAD 383987068043
BAD 383909441057
BAD 383909441059
BAD 383909441063
BAD 384083978581
BAD 383865552493
BAD 383882646841
BAD 384084528623
BAD 384084680269
BAD 383911263193
BAD 383911263199
BAD 383951241353
BAD 383996974819
BAD 383866185559
BAD 383866185589
BAD 383911561997
BAD 383997265963
BAD 383911562009
BAD 383997265979
BAD 383911562011
BAD 383911562017
BAD 383997439229
BAD 383997439291
BAD 383989289737
BAD 383998400911
BAD 383998400923
BAD 383989834519
BAD 383913238231
BAD 383913273169
BAD 383913273173
BAD 383953813643
BAD 383990155631
BAD 383954090503
BAD 383913484501
BAD 383954174083
BAD 383868333559
BAD 383868333577
BAD 383868333593
BAD 383868363503
BAD 383868363521
BAD 383868363523
BAD 384087403057
BAD 384087455057
BAD 383886884441
BAD 383956138939
BAD 383956138949
BAD 383915194829
BAD 384003593921
BAD 384003593923
BAD 383915719171
BAD 383890054201
BAD 383956914791
BAD 383956914793
BAD 383871788609
BAD 383872128953
BAD 383872128977
BAD 384004858249
BAD 384004858253
BAD 383958164071
BAD 383958164101
BAD 384006429043
BAD 383918735623
BAD 384008561617
BAD 384008716471
BAD 383923782313
BAD 383923782323
BAD 384043706737
BAD 384043983041
BAD 384044877079
BAD 384045776173
BAD 384045776183
BAD 384046720657
BAD 384047287681
BAD 384047287763
BAD 384049643077
BAD 384049965713
BAD 384052352539
BAD 384133265767
BAD 384133265779
BAD 384133265783
BAD 384058201831
BAD 384058258291
BAD 384133873913
BAD 384136062749
BAD 384139739059
BAD 384139739119
BAD 384139945591
BAD 384143971831
BAD 384144613591
BAD 384145754497
BAD 384145754501
BAD 384150136597
BAD 384151075829
BAD 384151075831
BAD 384151075879
BAD 384151075883
BAD 384151075951
BAD 384151075961
BAD 384151075963
BAD 384152688961
BAD 384158332249
BAD 384158332253
BAD 384158332289
BAD 384158332291
BAD 384158332297
BAD 384159707461
BAD 384160731337
BAD 384160731347
BAD 384160731349
BAD 384177547769
BAD 384177547771
BAD 384177547783
BAD 384179312899
BAD 384183294067
BAD 384184259359
BAD 384184259387
BAD 384184957367
BAD 384185484391
BAD 384186596293
BAD 384188680849
BAD 384189474871
BAD 384190083503
BAD 384190785571
BAD 384196030861
BAD 384196943941
BAD 384196943957
BAD 384196943959
BAD 384196943971
BAD 384197502023
BAD 384197502049
BAD 384199381763
BAD 384199981609
BAD 384203510081
BAD 384203510083
BAD 384206063413
BAD 384206755571
BAD 384207288533
BAD 384209346571
BAD 384212444933
BAD 384214529971
BAD 384219676417
BAD 384221074253
BAD 384223560739
BAD 384223719653
BAD 384227156981
BAD 384227156983
BAD 384227293321
BAD 384162435691
BAD 384163558193
BAD 384164387083
BAD 384167748973
BAD 384167910109
BAD 384167910121
BAD 384167910127
BAD 384167910131
BAD 384168271873
BAD 384168335611
BAD 384168727637
BAD 384168727639
BAD 384168727643
BAD 384169729561
BAD 384169729571
BAD 384171785363
BAD 384171833303
BAD 384172150763
BAD 384172150781
BAD 384172150783
BAD 384172622671
BAD 384174342007
BAD 384174342011
BAD 384229005533
BAD 384231851041
BAD 384232726193
BAD 384234170251
BAD 384234562339
BAD 384234625493
BAD 384234625499
BAD 384240121501
BAD 384241017533
BAD 384241046249
BAD 384241046251
BAD 384241046269
BAD 384243145843
BAD 384243145849
BAD 384243145861
BAD 384243487687
BAD 384244372207
BAD 384245997287
BAD 384249948571
BAD 384250708243
BAD 384251954623
BAD 384253877353
BAD 384254949863
BAD 384256150829
BAD 384259519793
BAD 384259540501
BAD 384260488699
BAD 384260710921
BAD 384295710353
BAD 384297172817
BAD 384298154573
BAD 384298607831
BAD 384300552451
BAD 384302072293
BAD 384302072299
BAD 384302507233
BAD 384302507243
BAD 384302712931
BAD 384304350733
BAD 384304350737
BAD 384304350739
BAD 384305387803
BAD 384309361789
BAD 384310808269
BAD 384262947919
BAD 384379075573
BAD 384379075579
BAD 384263768461
BAD 384379337687
BAD 384379337689
BAD 384263878457
BAD 384263878459
BAD 384379851203
BAD 384380396237
BAD 384380476567
BAD 384266726329
BAD 384382215683
BAD 384382456921
BAD 384382846369
BAD 384267388643
BAD 384267388649
BAD 384267388651
BAD 384384481531
BAD 384385963771
BAD 384388391293
BAD 384389402359
BAD 384389780689
BAD 384389780701
BAD 384499325473
BAD 384390978011
BAD 384391037341
BAD 384270292213
BAD 384270292223
BAD 384499912897
BAD 384391312771
BAD 384270615187
BAD 384270615191
BAD 384270615193
BAD 384270615203
BAD 384392519941
BAD 384392853673
BAD 384393457607
BAD 384393472129
BAD 384393694669
BAD 384394564139
BAD 384504379319
BAD 384504379321
BAD 384504808469
BAD 384505105399
BAD 384276086731
BAD 384276086737
BAD 384276086749
BAD 384276290963
BAD 384276290969
BAD 384276290971
BAD 384533994083
BAD 384534196793
BAD 384347130751
BAD 384347130757
BAD 384347130763
BAD 384534885739
BAD 384347610979
BAD 384277635571
BAD 384277982797
BAD 384508085519
BAD 384508085537
BAD 384508085539
BAD 384508085551
BAD 384347972647
BAD 384347972651
BAD 384536870287
BAD 384536870297
BAD 384536870299
BAD 384348306031
BAD 384348306037
BAD 384538218173
BAD 384278252653
BAD 384538719841
BAD 384350216869
BAD 384412450133
BAD 384311813299
BAD 384412740527
BAD 384412740529
BAD 384312486209
BAD 384279043453
BAD 384351055103
BAD 384413814853
BAD 384540173737
BAD 384314022193
BAD 384415003339
BAD 384415003463
BAD 384415144369
BAD 384281196647
BAD 384353486987
BAD 384353486989
BAD 384542675941
BAD 384315631103
BAD 384353856503
BAD 384282315353
BAD 384282315421
BAD 384282315427
BAD 384282315433
BAD 384544274333
BAD 384416958637
BAD 384363242323
BAD 384355143701
BAD 384355143703
BAD 384282933691
BAD 384355205329
BAD 384317412407
BAD 384317412473
BAD 384283436473
BAD 384317482117
BAD 384317482127
BAD 384546261439
BAD 384546261443
BAD 384419367869
BAD 384396134543
BAD 384319029139
BAD 384356877967
BAD 384356877979
BAD 384365864761
BAD 384446222299
BAD 384446398439
BAD 384446398447
BAD 384420573413
BAD 384446547109
BAD 384358064053
BAD 384320748937
BAD 384366631087
BAD 384358469863
BAD 384287815007
BAD 384421952953
BAD 384421952987
BAD 384421952989
BAD 384421953001
BAD 384421953007
BAD 384514221551
BAD 384448889663
BAD 384288221593
BAD 384322255661
BAD 384322255663
BAD 384514245053
BAD 384400583401
BAD 384514560559
BAD 384360469417
BAD 384360469421
BAD 384449187847
BAD 384360469433
BAD 384288756289
BAD 384288898013
BAD 384515542469
BAD 384515542553
BAD 384516231577
BAD 384516231613
BAD 384324308009
BAD 384324880243
BAD 384324880267
BAD 384324880279
BAD 384332098369
BAD 384332098373
BAD 384325702181
BAD 384325702183
BAD 384479933881
BAD 384290954353
BAD 384403341691
BAD 384426149053
BAD 384481051831
BAD 384371516959
BAD 384403871611
BAD 384335289073
BAD 384452421361
BAD 384403871617
BAD 384292366753
BAD 384292497893
BAD 384292497961
BAD 384481583581
BAD 384292779547
BAD 384336051893
BAD 384336298309
BAD 384520787557
BAD 384482605763
BAD 384482605783
BAD 384405695857
BAD 384428412191
BAD 384406391507
BAD 384462772789
BAD 384406998769
BAD 384484427309
BAD 384484427311
BAD 384373510979
BAD 384373510981
BAD 384373510987
BAD 384455091637
BAD 384408114067
BAD 384409199029
BAD 384524061211
BAD 384524139413
BAD 384433076453
BAD 384433240019
BAD 384456975467
BAD 384456975473
BAD 384487958689
BAD 384487958693
BAD 384525428923
BAD 384525428927
BAD 384525428929
BAD 384340777367
BAD 384340777369
BAD 384466863199
BAD 384466863203
BAD 384341472353
BAD 384527056657
BAD 384490227743
BAD 384459072157
BAD 384377213953
BAD 384343224703
BAD 384377338297
BAD 384377338309
BAD 384527702029
BAD 384377402971
BAD 384490646783
BAD 384436151303
BAD 384528444583
BAD 384345259099
BAD 384461441503
BAD 384471704107
BAD 384492422341
BAD 384439928749
BAD 384493250447
BAD 384474085081
BAD 384441046687
BAD 384441083363
BAD 384441083371
BAD 384441083381
BAD 384474907171
BAD 384475621297
BAD 384442755967
BAD 384494591363
BAD 384476436397
BAD 384444983119
BAD 384479045527
BAD 384479045557
BAD 384479045569
BAD 384550420417
BAD 384560569769
BAD 384563001947
BAD 384597250189
BAD 384597514307
BAD 384597514309
BAD 384597514313
BAD 384599120293
BAD 384601160899
BAD 384601930151
BAD 384602287529
BAD 384605414833
BAD 384606748793
BAD 384607529843
BAD 384607794619
BAD 384607940251
BAD 384607940263
BAD 384609016021
BAD 384609508337
BAD 384609566359
BAD 384609591679
BAD 384609823261
BAD 384569628733
BAD 384570237823
BAD 384613908143
BAD 384614499383
BAD 384572880491
BAD 384572880493
BAD 384583393879
BAD 384615449017
BAD 384615449149
BAD 384574954823
BAD 384617956453
BAD 384584814643
BAD 384576253309
BAD 384576258403
BAD 384620842867
BAD 384620842873
BAD 384621400531
BAD 384586410253
BAD 384621464483
BAD 384579127519
BAD 384626484997
BAD 384589117597
BAD 384626845357
BAD 384589490297
BAD 384596871563
BAD 384633170377
BAD 384633170381
BAD 384633268573
BAD 384633628651
BAD 384633628657
BAD 384634344247
BAD 384634344251
BAD 384634344253
BAD 384635512913
BAD 384635512951
BAD 384637596073
BAD 384639593629
BAD 384639757171
BAD 384639757189
BAD 384640990219
BAD 384641395681
BAD 384641593291
BAD 384641788669
BAD 384643897513
BAD 384644459923
BAD 384644459929
BAD 384644459939
BAD 384645737369
BAD 384646664903
BAD 384647268263
BAD 384648524683
BAD 384649082033
BAD 384649082039
BAD 384650164609
BAD 384655106963
BAD 384655167383
BAD 384661164541
BAD 384661426489
BAD 384661426493
BAD 384662149099
BAD 384663834881
BAD 384748206317
BAD 384748206319
BAD 384749002541
BAD 384749002543
BAD 384749002549
BAD 384749002553
BAD 384749002559
BAD 384750394349
BAD 384750394351
BAD 384666539549
BAD 384750697381
BAD 384751886507
BAD 384753139501
BAD 384715142839
BAD 384715783271
BAD 384715926113
BAD 384716002441
BAD 384716002471
BAD 384716339299
BAD 384755231093
BAD 384672271603
BAD 384672271609
BAD 384673272341
BAD 384673272343
BAD 384673272349
BAD 384759666173
BAD 384674140327
BAD 384760563799
BAD 384674491043
BAD 384674491049
BAD 384674491051
BAD 384674491057
BAD 384674514473
BAD 384917345053
BAD 384760804639
BAD 384675091153
BAD 384675493313
BAD 384762130579
BAD 384762238141
BAD 384800282879
BAD 384718324369
BAD 384718681447
BAD 384801742477
BAD 384719684053
BAD 384921440887
BAD 384720143869
BAD 384921672481
BAD 384720579007
BAD 384803586709
BAD 384678310981
BAD 384678310987
BAD 384722511241
BAD 384698875553
BAD 384698875567
BAD 384806466439
BAD 384806885899
BAD 384806885909
BAD 384806885929
BAD 384808181161
BAD 384702649369
BAD 384702652153
BAD 384702671939
BAD 384923495731
BAD 384923495743
BAD 384809436727
BAD 384926287853
BAD 384706736521
BAD 384707307899
BAD 384707307923
BAD 384811619359
BAD 384811619363
BAD 384927243619
BAD 384927804889
BAD 384927804893
BAD 384870439007
BAD 384813162997
BAD 384871146293
BAD 384708475273
BAD 384708475279
BAD 384813975257
BAD 384813975263
BAD 384814131791
BAD 384930835507
BAD 384874426861
BAD 384874426897
BAD 384874426901
BAD 384932159581
BAD 384874912789
BAD 384712858051
BAD 384876219817
BAD 384713881663
BAD 384713981851
BAD 384935903993
BAD 384884319049
BAD 384877788979
BAD 384877898311
BAD 384878599051
BAD 384878599057
BAD 384885510707
BAD 384764803967
BAD 384937013963
BAD 384937013977
BAD 384886071173
BAD 384880129483
BAD 384937544939
BAD 384937544941
BAD 384887423303
BAD 384889246277
BAD 384889246279
BAD 384890104999
BAD 384890105003
BAD 384890117221
BAD 384733130153
BAD 384733130161
BAD 384733130167
BAD 384939326929
BAD 384733675037
BAD 384733675043
BAD 384733675063
BAD 384769943053
BAD 384902487199
BAD 384903741973
BAD 384771333187
BAD 384892883981
BAD 384892883983
BAD 384892883987
BAD 384892884007
BAD 384772289947
BAD 384736010671
BAD 384736010677
BAD 384736010693
BAD 384940978819
BAD 384940978931
BAD 384940978943
BAD 384893793679
BAD 384905281157
BAD 384941164417
BAD 384941478247
BAD 384941478301
BAD 384815473073
BAD 384773680237
BAD 384737163763
BAD 384815648369
BAD 384737184067
BAD 384894833899
BAD 384906744427
BAD 384895499539
BAD 384895499543
BAD 384774723547
BAD 384896326303
BAD 384907305019
BAD 384907582471
BAD 384896975389
BAD 384739439831
BAD 384776085563
BAD 384739439837
BAD 384739439839
BAD 384776184343
BAD 384897360781
BAD 384739743259
BAD 384739743263
BAD 384908629219
BAD 384777056161
BAD 384908905943
BAD 384837469897
BAD 384837683843
BAD 384837683849
BAD 384837683851
BAD 384837683861
BAD 384837683863
BAD 384819726923
BAD 384741766063
BAD 384909935023
BAD 384741766067
BAD 384742334491
BAD 384779859803
BAD 384948075229
BAD 384912294803
BAD 384912294821
BAD 384912294829
BAD 384821058077
BAD 384821058079
BAD 384912761819
BAD 384745177907
BAD 384745177909
BAD 384782277683
BAD 384782610133
BAD 384784228901
BAD 384785778763
BAD 384785854951
BAD 384785988047
BAD 384786023359
BAD 384843284939
BAD 384843284941
BAD 384685549537
BAD 384685549541
BAD 384685549543
BAD 384830764009
BAD 384830764013
BAD 384831039517
BAD 384831493159
BAD 384845382667
BAD 384789824453
BAD 384845435603
BAD 384845435609
BAD 384846015781
BAD 384690392329
BAD 384691023679
BAD 384691023683
BAD 384691023697
BAD 384792219709
BAD 384692004901
BAD 384692677349
BAD 384692677351
BAD 384693501659
BAD 384955291129
BAD 384955504319
BAD 384955504321
BAD 384795164153
BAD 384956442097
BAD 384796246519
BAD 384796246543
BAD 384797209297
BAD 384797209309
BAD 384697267993
BAD 384797297893
BAD 384853129361
BAD 384853129363
BAD 384797680261
BAD 384798236309
BAD 384798236311
BAD 384854121893
BAD 384961731073
BAD 384857258543
BAD 384857258549
BAD 384857258551
BAD 384857514451
BAD 384858035209
BAD 384858035213
BAD 384858035299
BAD 384962767859
BAD 384962767877
BAD 384962767879
BAD 384962767933
BAD 384962886593
BAD 384962886599
BAD 384859440283
BAD 384859589083
BAD 384859589087
BAD 384859589089
BAD 384964234909
BAD 384860051209
BAD 384970299953
BAD 384971038117
BAD 384971038121
BAD 384971268443
BAD 384972770783
BAD 384974647103
BAD 385016740013
BAD 385016740021
BAD 385017055001
BAD 385017055021
BAD 384978619549
BAD 384979295257
BAD 384979295263
BAD 384979668209
BAD 384979668211
BAD 384981145841
BAD 384981145873
BAD 385020126863
BAD 385022359591
BAD 385023421999
BAD 385025265019
BAD 385001741869
BAD 385027581049
BAD 385029016693
BAD 385029716089
BAD 385006158983
BAD 385006582489
BAD 385032206407
BAD 385032537793
BAD 385012164091
BAD 385015499287
BAD 385015611587
BAD 384982848053
BAD 384984690631
BAD 384985774157
BAD 384985932547
BAD 384985932553
BAD 384986491403
BAD 384988254499
BAD 384988765891
BAD 384988765901
BAD 384989139863
BAD 384989465563
BAD 384990379789
BAD 384994720223
BAD 384995372273
BAD 384996084173
BAD 384997963333
BAD 384999035669
BAD 384999035671
BAD 384999035677
BAD 385033334551
BAD 385033334561
BAD 385033334563
BAD 385039144519
BAD 385039581331
BAD 385042014829
BAD 385045827883
BAD 385047401359
BAD 385049080081
BAD 385067584261
BAD 385069717289
BAD 385070133977
BAD 385070133979
BAD 385070376833
BAD 385070512583
BAD 385071185921
BAD 385071185923
BAD 385074573511
BAD 385075975969
BAD 385077490163
BAD 385050230977
BAD 385050928069
BAD 385051837013
BAD 385053975541
BAD 385101630313
BAD 385055259689
BAD 385055259691
BAD 385055259697
BAD 385102297451
BAD 385102297453
BAD 385103484229
BAD 385104139351
BAD 385352689159
BAD 385083041143
BAD 385117494413
BAD 385354041797
BAD 385107159013
BAD 385085515583
BAD 385354734181
BAD 385056723979
BAD 385056723983
BAD 385085759389
BAD 385086475777
BAD 385057985317
BAD 385057985341
BAD 385120346911
BAD 385108774249
BAD 385088446531
BAD 385121449441
BAD 385360381313
BAD 385059986341
BAD 385110502141
BAD 385110502177
BAD 385360463633
BAD 385110649409
BAD 385110649411
BAD 385151902579
BAD 385152862543
BAD 385152862547
BAD 385152862553
BAD 385113087113
BAD 385168882729
BAD 385124547013
BAD 385363311629
BAD 385113668363
BAD 385113668369
BAD 385113668371
BAD 385113668377
BAD 385124858917
BAD 385154728561
BAD 385114022011
BAD 385363995323
BAD 385236557527
BAD 385236746911
BAD 385236911333
BAD 385236911341
BAD 385088974141
BAD 385064293249
BAD 385365001939
BAD 385170601399
BAD 385170621593
BAD 385115907863
BAD 385065439279
BAD 385116465959
BAD 385116465961
BAD 385090237471
BAD 385157626351
BAD 385090352939
BAD 385090701739
BAD 385172819467
BAD 385091951281
BAD 385092276799
BAD 385368022057
BAD 385368531707
BAD 385159862761
BAD 385094052533
BAD 385176078191
BAD 385176078193
BAD 385176765409
BAD 385177034513
BAD 385130823379
BAD 385162516111
BAD 385178083097
BAD 385178083099
BAD 385178095963
BAD 385098034093
BAD 385098034103
BAD 385098034109
BAD 385098034117
BAD 385163069059
BAD 385132499683
BAD 385132499699
BAD 385132499729
BAD 385179565999
BAD 385179577373
BAD 385179577529
BAD 385099917931
BAD 385164898067
BAD 385247302907
BAD 385166237353
BAD 385166237363
BAD 385166998093
BAD 385249830923
BAD 385182483089
BAD 385134440797
BAD 385134674723
BAD 385136432479
BAD 385268649751
BAD 385268649769
BAD 385138142869
BAD 385138142903
BAD 385138534639
BAD 385138534699
BAD 385140212033
BAD 385140262313
BAD 385140883013
BAD 385221870661
BAD 385140883051
BAD 385221870673
BAD 385221870679
BAD 385221870689
BAD 385221902651
BAD 385185501773
BAD 385271455577
BAD 385271455579
BAD 385271455609
BAD 385141677313
BAD 385141677317
BAD 385301697049
BAD 385301697059
BAD 385186210373
BAD 385302326753
BAD 385223152009
BAD 385187281133
BAD 385187281159
BAD 385187281163
BAD 385187281169
BAD 385335526531
BAD 385303021273
BAD 385303021283
BAD 385336059749
BAD 385224084527
BAD 385224084529
BAD 385303674409
BAD 385336275251
BAD 385336275253
BAD 385336275263
BAD 385336275271
BAD 385336275281
BAD 385303973027
BAD 385336275283
BAD 385318480973
BAD 385224863147
BAD 385225103869
BAD 385273978321
BAD 385273978433
BAD 385274041783
BAD 385190004323
BAD 385338758117
BAD 385320158071
BAD 385320158077
BAD 385320158081
BAD 385320663139
BAD 385320663331
BAD 385226957527
BAD 385191615343
BAD 385228623259
BAD 385228679611
BAD 385228679623
BAD 385278021787
BAD 385342757557
BAD 385252125617
BAD 385252125619
BAD 385252125623
BAD 385252310483
BAD 385252310491
BAD 385203309131
BAD 385203309133
BAD 385324317319
BAD 385324317337
BAD 385230009517
BAD 385203987167
BAD 385203987169
BAD 385279544899
BAD 385279727303
BAD 385204577423
BAD 385204649989
BAD 385325706991
BAD 385325739977
BAD 385325739979
BAD 385204967221
BAD 385345606381
BAD 385196285009
BAD 385196285011
BAD 385326802043
BAD 385231965691
BAD 385231965697
BAD 385196929727
BAD 385196929729
BAD 385196929771
BAD 385232525479
BAD 385390645799
BAD 385257025501
BAD 385257196501
BAD 385233118513
BAD 385207344173
BAD 385257537463
BAD 385286761477
BAD 385286768597
BAD 385316977477
BAD 385207785439
BAD 385348716833
BAD 385349767507
BAD 385349767513
BAD 385283863123
BAD 385283863267
BAD 385259403337
BAD 385199369983
BAD 385199369987
BAD 385330989503
BAD 385330989523
BAD 385288823981
BAD 385199834281
BAD 385199834287
BAD 385284484867
BAD 385199948257
BAD 385332305671
BAD 385200769027
BAD 385200926623
BAD 385211077903
BAD 385211077981
BAD 385334447347
BAD 385334487983
BAD 385334487991
BAD 385264436807
BAD 385264464583
BAD 385265126047
BAD 385265126053
BAD 385399261873
BAD 385399261903
BAD 385399520437
BAD 385295283187
BAD 385295283199
BAD 385295604521
BAD 385401319609
BAD 385401319613
BAD 385401319621
BAD 385401319627
BAD 385296667597
BAD 385299616073
BAD 385370252063
BAD 385371074453
BAD 385371434363
BAD 385371434369
BAD 385371434377
BAD 385371451561
BAD 385371451573
BAD 385371451603
BAD 385371471451
BAD 385371553271
BAD 385374236059
BAD 385374236063
BAD 385377861331
BAD 385384525937
BAD 385384525943
BAD 385384525951
BAD 385384525973
BAD 385384525979
BAD 385421094031
BAD 385421094043
BAD 385423527581
BAD 385424778199
BAD 385425988613
BAD 385427500583
BAD 385427500639
BAD 385403030147
BAD 385403030149
BAD 385403030153
BAD 385404678863
BAD 385405279043
BAD 385427714281
BAD 385428319583
BAD 385409579063
BAD 385431123047
BAD 385431123053
BAD 385410497453
BAD 385410927917
BAD 385410927919
BAD 385432199137
BAD 385411732501
BAD 385415905081
BAD 385417006259
BAD 385437740959
BAD 385437803071
BAD 385437930901
BAD 385438643929
BAD 385440381043
BAD 385444741193
BAD 385445410459
BAD 385449393391
BAD 385449393409
BAD 385452281881
BAD 385452281891
BAD 385452281899
BAD 385587804781
BAD 385587804787
BAD 385470692083
BAD 385470692093
BAD 385591439053
BAD 385471958329
BAD 385472334523
BAD 385592475577
BAD 385592475581
BAD 385593494023
BAD 385474022719
BAD 385475028517
BAD 385595163593
BAD 385595163601
BAD 385475621833
BAD 385475945947
BAD 385476166223
BAD 385520370233
BAD 385596900613
BAD 385596900617
BAD 385597395283
BAD 385453735763
BAD 385598224667
BAD 385598224673
BAD 385454155873
BAD 385454226803
BAD 385599136981
BAD 385525113317
BAD 385525113319
BAD 385740724261
BAD 385740724267
BAD 385600939091
BAD 385741716431
BAD 385741716433
BAD 385741716473
BAD 385487983267
BAD 385457351471
BAD 385789458751
BAD 385789458757
BAD 385789458763
BAD 385457672287
BAD 385603112393
BAD 385603144547
BAD 385603144579
BAD 385603144583
BAD 385478835113
BAD 385478895653
BAD 385790492917
BAD 385528412239
BAD 385791083479
BAD 385791083521
BAD 385479593509
BAD 385791853763
BAD 385529608873
BAD 385745235511
BAD 385792302083
BAD 385792349483
BAD 385792349491
BAD 385491924907
BAD 385745989009
BAD 385530560353
BAD 385530560357
BAD 385481984711
BAD 385531373911
BAD 385531414091
BAD 385531414129
BAD 385531414133
BAD 385531414139
BAD 385483831283
BAD 385483831333
BAD 385484613443
BAD 385534005331
BAD 385485539137
BAD 385485539141
BAD 385485539143
BAD 385485539147
BAD 385485539149
BAD 385750410607
BAD 385751448293
BAD 385751448353
BAD 385458670447
BAD 385458670451
BAD 385536216253
BAD 385503244081
BAD 385752161413
BAD 385503503839
BAD 385459335853
BAD 385798444753
BAD 385498894579
BAD 385499324407
BAD 385460903777
BAD 385460903843
BAD 385460903851
BAD 385460903857
BAD 385505086531
BAD 385505168123
BAD 385505168131
BAD 385505168137
BAD 385801557091
BAD 385463539283
BAD 385802227319
BAD 385464556669
BAD 385509400489
BAD 385803488597
BAD 385803488689
BAD 385509400499
BAD 385509400501
BAD 385509400511
BAD 385509400513
BAD 385466074681
BAD 385466074687
BAD 385466443799
BAD 385466443801
BAD 385466443807
BAD 385509977107
BAD 385510001467
BAD 385510139033
BAD 385468834159
BAD 385468834169
BAD 385468834171
BAD 385515445657
BAD 385515607903
BAD 385515607909
BAD 385515607913
BAD 385516490819
BAD 385516490831
BAD 385516490833
BAD 385516490839
BAD 385516490869
BAD 385516490873
BAD 385621891651
BAD 385623343123
BAD 385623830287
BAD 385623830297
BAD 385623830299
BAD 385632678259
BAD 385632678329
BAD 385637346407
BAD 385634717359
BAD 385639132981
BAD 385556695009
BAD 385636894933
BAD 385536818209
BAD 385558035529
BAD 385771651381
BAD 385538411917
BAD 385641293399
BAD 385539198581
BAD 385539198587
BAD 385539198607
BAD 385641409553
BAD 385721102873
BAD 385540616947
BAD 385540616953
BAD 385541104301
BAD 385541104303
BAD 385541264293
BAD 385562421583
BAD 385562647849
BAD 385674515341
BAD 385687995619
BAD 385674829703
BAD 385723190183
BAD 385675162031
BAD 385564328179
BAD 385564328231
BAD 385688891899
BAD 385645062259
BAD 385645062263
BAD 385645338439
BAD 385645338443
BAD 385564850263
BAD 385564850267
BAD 385543857389
BAD 385777603139
BAD 385777662961
BAD 385646069603
BAD 385566321419
BAD 385544688203
BAD 385691282813
BAD 385778164243
BAD 385656932677
BAD 385566321421
BAD 385778164253
BAD 385679590367
BAD 385603638001
BAD 385778164259
BAD 385566425441
BAD 385566425443
BAD 385604379997
BAD 385657864027
BAD 385680809083
BAD 385680809099
BAD 385692410723
BAD 385692410731
BAD 385647615259
BAD 385546976083
BAD 385605881939
BAD 385605881959
BAD 385605881971
BAD 385605912977
BAD 385605912983
BAD 385658832289
BAD 385693274389
BAD 385547739679
BAD 385547739683
BAD 385548294331
BAD 385781563319
BAD 385548333347
BAD 385548333349
BAD 385683843007
BAD 385684217389
BAD 385684217393
BAD 385695247261
BAD 385706646601
BAD 385695458279
BAD 385695458293
BAD 385783063741
BAD 385706818691
BAD 385706818697
BAD 385706818711
BAD 385608838793
BAD 385608918613
BAD 385707145771
BAD 385707145823
BAD 385707646369
BAD 385661132963
BAD 385651741487
BAD 385609877141
BAD 385609877143
BAD 385685888611
BAD 385652072341
BAD 385652072347
BAD 385784685541
BAD 385551273083
BAD 385661831761
BAD 385661831773
BAD 385686546967
BAD 385551768971
BAD 385724918113
BAD 385698522413
BAD 385661831777
BAD 385661955031
BAD 385661955043
BAD 385786926233
BAD 385612552279
BAD 385710777107
BAD 385823871233
BAD 385552842839
BAD 385552842841
BAD 385710985763
BAD 385612788709
BAD 385612788721
BAD 385725600263
BAD 385663853063
BAD 385613916067
BAD 385664106577
BAD 385726466063
BAD 385726466071
BAD 385712482783
BAD 385712482823
BAD 385614288991
BAD 385726957397
BAD 385726957403
BAD 385701324163
BAD 385826021701
BAD 385665598841
BAD 385728090329
BAD 385702614443
BAD 385754992043
BAD 385755128753
BAD 385714049269
BAD 385702989047
BAD 385702989053
BAD 385703023553
BAD 385755510563
BAD 385755510577
BAD 385827997637
BAD 385828595693
BAD 385828665463
BAD 385756962653
BAD 385757072933
BAD 385757124463
BAD 385757124481
BAD 385715665219
BAD 385617319627
BAD 385617384109
BAD 385668124847
BAD 385668124883
BAD 385668124909
BAD 385830131699
BAD 385830136333
BAD 385668815117
BAD 385668815123
BAD 385669967029
BAD 385759833323
BAD 385759833331
BAD 385733872703
BAD 385619761213
BAD 385718724893
BAD 385718921911
BAD 385735271953
BAD 385834694957
BAD 385735666243
BAD 385720076941
BAD 385735940129
BAD 385735940131
BAD 385836196939
BAD 385762827259
BAD 385762827269
BAD 385763246279
BAD 385837282387
BAD 385807456703
BAD 385807456733
BAD 385807678759
BAD 385817161879
BAD 385817161883
BAD 385575118771
BAD 385575491813
BAD 385575988051
BAD 385577062063
BAD 385577177567
BAD 385577177569
BAD 385820867647
BAD 385577622799
BAD 385577622803
BAD 385578955441
BAD 385579044769
BAD 385586285059
BAD 385840466707
BAD 385840466881
BAD 385842144013
BAD 385843784201
BAD 385843784203
BAD 385843994761
BAD 385843994777
BAD 385843994779
BAD 385843994791
BAD 385846627763
BAD 385847305873
BAD 385849768853
BAD 385851219373
BAD 385851313951
BAD 385854970313
BAD 385854970321
BAD 385854970393
BAD 385889873989
BAD 385889874023
BAD 385872238891
BAD 385890279883
BAD 385890279899
BAD 385890880957
BAD 385890880961
BAD 385875001097
BAD 385893431263
BAD 385893431299
BAD 385895150791
BAD 385905605431
BAD 385877344051
BAD 385877433113
BAD 385906529653
BAD 385878875419
BAD 385922469523
BAD 385922469533
BAD 385909981621
BAD 385909981679
BAD 385909981727
BAD 385922752177
BAD 385922752183
BAD 385898805769
BAD 385910688719
BAD 385910688721
BAD 385910688727
BAD 385910688781
BAD 385910688791
BAD 385923730613
BAD 385924222829
BAD 385912185089
BAD 385912185091
BAD 385912185143
BAD 385900939519
BAD 385914560467
BAD 385928973043
BAD 385883347721
BAD 385883347723
BAD 385929952277
BAD 385929952279
BAD 385885915159
BAD 385921161911
BAD 385930191113
BAD 385930191149
BAD 385930191151
BAD 385930218301
BAD 385930272619
BAD 385886199091
BAD 385886199109
BAD 385921457503
BAD 385921457507
BAD 385922258611
BAD 385922317619
BAD 385922317621
BAD 385931590171
BAD 385931742743
BAD 385905564017
BAD 385905564019
BAD 385934666317
BAD 385939923961
BAD 385940714767
BAD 385949203573
BAD 385949328649
BAD 385952034383
BAD 385976004619
BAD 385978917809
BAD 385978917811
BAD 385979091959
BAD 385979091961
BAD 385979827511
BAD 385979996921
BAD 385979996923
BAD 385980703699
BAD 385980720599
BAD 385982413231
BAD 385986021133
BAD 385986021167
BAD 385987289087
BAD 385987289089
BAD 385988099851
BAD 385988099857
BAD 385988099863
BAD 385988231723
BAD 385989062513
BAD 385989062521
BAD 385989062527
BAD 385989062531
BAD 386192411477
BAD 386192411497
BAD 386192411519
BAD 386195888987
BAD 386159548519
BAD 386196786203
BAD 386163110953
BAD 386163268093
BAD 386163268097
BAD 386199850567
BAD 386163710089
BAD 386201138773
BAD 386166127519
BAD 386166841223
BAD 386203881257
BAD 386203881263
BAD 386204061679
BAD 386204061703
BAD 386205713269
BAD 386206969327
BAD 386206969331
BAD 386206969333
BAD 386171156521
BAD 386173378589
BAD 386107881469
BAD 386109069721
BAD 386109069727
BAD 386109761461
BAD 385989870887
BAD 385989963539
BAD 385990201589
BAD 385990201591
BAD 385993266203
BAD 385993266209
BAD 385993898749
BAD 386115833891
BAD 386115833893
BAD 386115833897
BAD 386115833899
BAD 386115833903
BAD 385957137299
BAD 385957137301
BAD 386116792357
BAD 386116792387
BAD 386090683061
BAD 385995642713
BAD 386124111937
BAD 386116792393
BAD 386124113239
BAD 385960519429
BAD 385995756203
BAD 386117281483
BAD 386091108913
BAD 386124804269
BAD 386124804271
BAD 386125485007
BAD 386118780637
BAD 386093268419
BAD 386093268469
BAD 386126468723
BAD 386126468729
BAD 386126469109
BAD 386126916481
BAD 386126916503
BAD 385998039223
BAD 386094051613
BAD 385998337579
BAD 385998337583
BAD 386094460099
BAD 386120239277
BAD 385999116623
BAD 386095240561
BAD 386128037783
BAD 385999834021
BAD 386095955437
BAD 386000826511
BAD 386224541981
BAD 385965642347
BAD 386225223221
BAD 386226185071
BAD 386006245463
BAD 385967674891
BAD 385967745539
BAD 386133408769
BAD 386099890937
BAD 386004798661
BAD 386005102883
BAD 386008151041
BAD 386134504373
BAD 386005502401
BAD 386005502419
BAD 386005502423
BAD 386101048831
BAD 386229726073
BAD 385970197121
BAD 386102163919
BAD 386207808593
BAD 386207808601
BAD 386207808607
BAD 386010756653
BAD 386010756667
BAD 386141486501
BAD 386141486503
BAD 386102884801
BAD 386142748367
BAD 386142748373
BAD 386142855127
BAD 386103968123
BAD 386073473983
BAD 386104033013
BAD 386104033019
BAD 386143217599
BAD 386209910089
BAD 386209951343
BAD 386209951349
BAD 386143489709
BAD 386013547219
BAD 386013547223
BAD 386013547237
BAD 386144188387
BAD 386144188393
BAD 386144188399
BAD 386144416843
BAD 386144524123
BAD 386211460801
BAD 386235774653
BAD 386015067187
BAD 386075928533
BAD 386140226557
BAD 386140226743
BAD 386140226749
BAD 386140226761
BAD 386140226783
BAD 386212884311
BAD 386015787541
BAD 386237326591
BAD 386146138853
BAD 386213683651
BAD 386213683657
BAD 386238461071
BAD 386238650989
BAD 386238871891
BAD 386215084309
BAD 386215084313
BAD 386017875697
BAD 386017875701
BAD 386078829859
BAD 386078829887
BAD 386078829911
BAD 386216073413
BAD 386148748171
BAD 386019276593
BAD 386019331939
BAD 386216982317
BAD 386217219833
BAD 386217219841
BAD 386080310753
BAD 386081869123
BAD 386021478769
BAD 386021478793
BAD 386151801617
BAD 386151801619
BAD 386083165231
BAD 386083581239
BAD 386083581241
BAD 386154778159
BAD 386222406907
BAD 386155414741
BAD 386222507719
BAD 386222507813
BAD 386222573609
BAD 386222573617
BAD 386085381347
BAD 386085381349
BAD 386085532369
BAD 386085532559
BAD 386085532561
BAD 386155955543
BAD 386155955551
BAD 386155955569
BAD 386155955573
BAD 386223133687
BAD 386223133691
BAD 386086052003
BAD 386087812261
BAD 386087873473
BAD 386088436103
BAD 386058748643
BAD 386178079073
BAD 386059346693
BAD 386178469559
BAD 386178469561
BAD 386178523127
BAD 386059930283
BAD 385855580963
BAD 385855580977
BAD 385855580983
BAD 386181068561
BAD 386181068563
BAD 386062825097
BAD 386184290929
BAD 385858247329
BAD 385858247339
BAD 385858247353
BAD 385858247363
BAD 385858814953
BAD 386064638989
BAD 386065239143
BAD 386065239149
BAD 386065239151
BAD 386065239199
BAD 386186543269
BAD 385860936277
BAD 386066245951
BAD 385861343453
BAD 386187772939
BAD 386028936133
BAD 386028936173
BAD 386028954499
BAD 386028954541
BAD 386069240413
BAD 386030162317
BAD 385866122287
BAD 385866122297
BAD 385866122303
BAD 386040775457
BAD 386070244741
BAD 386040775459
BAD 386030976703
BAD 385866122309
BAD 385866122311
BAD 385866378451
BAD 385866378463
BAD 385866575477
BAD 385866575483
BAD 386041264753
BAD 386041457539
BAD 386032106917
BAD 386032106921
BAD 386032106923
BAD 386042806967
BAD 386042806969
BAD 386033357471
BAD 386033407037
BAD 386033451533
BAD 386072984083
BAD 386043898763
BAD 386043898769
BAD 386043898771
BAD 386043898787
BAD 386043898789
BAD 386036035907
BAD 386036035909
BAD 386036109947
BAD 386037081751
BAD 386037268501
BAD 386039506711
BAD 386039581643
BAD 386052604843
BAD 386053479949
BAD 386055077413
BAD 386246361583
BAD 386246361593
BAD 386246361601
BAD 386246610397
BAD 386247140453
BAD 386248136851
BAD 386248136881
BAD 386248136887
BAD 386249318437
BAD 386250287921
BAD 386250303277
BAD 386250718981
BAD 386258100211
BAD 386258119393
BAD 386259409961
BAD 386260009489
BAD 386260617271
BAD 386262122243
BAD 386262366533
BAD 386262366547
BAD 386309165393
BAD 386309882059
BAD 386310676681
BAD 386311818103
BAD 386312144333
BAD 386312144341
BAD 386269149493
BAD 386269149499
BAD 386269149551
BAD 386269149559
BAD 386269882553
BAD 386270774977
BAD 386315540453
BAD 386272318231
BAD 386273021473
BAD 386273021479
BAD 386273021483
BAD 386317783601
BAD 386317993231
BAD 386320530373
BAD 386325521761
BAD 386327014643
BAD 386324146861
BAD 386324146867
BAD 386324161009
BAD 386324161021
BAD 386328719627
BAD 386328719629
BAD 386275174939
BAD 386330200811
BAD 386330200813
BAD 386276999309
BAD 386277268873
BAD 386331383089
BAD 386277722209
BAD 386277722213
BAD 386278374239
BAD 386278374241
BAD 386278374247
BAD 386333625127
BAD 386333625131
BAD 386281272133
BAD 386282218229
BAD 386282399401
BAD 386283620803
BAD 386334778189
BAD 386285603677
BAD 386337038809
BAD 386288916173
BAD 386288916179
BAD 386338347859
BAD 386289713989
BAD 386289713993
BAD 386290181273
BAD 386290961543
BAD 386338778431
BAD 386338778437
BAD 386340924143
BAD 386340924149
BAD 386362881847
BAD 386365563121
BAD 386366403491
BAD 386368494571
BAD 386370831299
BAD 386370831367
BAD 386371278229
BAD 386381554981
BAD 386381555057
BAD 386381737463
BAD 386381987353
BAD 386374729021
BAD 386383516231
BAD 386384614481
BAD 386388481573
BAD 386388481579
BAD 386389563293
BAD 386389563299
BAD 386389738561
BAD 386296039583
BAD 386297071739
BAD 386297071747
BAD 386298096169
BAD 386546344669
BAD 386546344673
BAD 386300256737
BAD 386548278619
BAD 386548278637
BAD 386302184041
BAD 386549376721
BAD 386303020933
BAD 386549744461
BAD 386551716521
BAD 386551773373
BAD 386551849643
BAD 386493272623
BAD 386306825213
BAD 386306825243
BAD 386306825257
BAD 386307782407
BAD 386307782411
BAD 386307782437
BAD 386497393441
BAD 386392620499
BAD 386392620503
BAD 386500031483
BAD 386393345101
BAD 386393429047
BAD 386393429119
BAD 386393429137
BAD 386393429173
BAD 386556185959
BAD 386556185963
BAD 386500541599
BAD 386557108117
BAD 386395242559
BAD 386502511141
BAD 386503020091
BAD 386503210823
BAD 386503210829
BAD 386503210831
BAD 386503351393
BAD 386559485581
BAD 386559485701
BAD 386396732273
BAD 386505280741
BAD 386398033321
BAD 386507552659
BAD 386507552663
BAD 386507552677
BAD 386507993633
BAD 386399579359
BAD 386508638951
BAD 386508638953
BAD 386508638963
BAD 386508980293
BAD 386509088599
BAD 386402628481
BAD 386402628503
BAD 386405388781
BAD 386405388799
BAD 386406920069
BAD 386343323131
BAD 386344064833
BAD 386344064867
BAD 386344225097
BAD 386345519191
BAD 386345623847
BAD 386345623849
BAD 386346242549
BAD 386348064709
BAD 386348064721
BAD 386349013517
BAD 386349232403
BAD 386349232411
BAD 386349232417
BAD 386350701631
BAD 386352019777
BAD 386352019793
BAD 386477804473
BAD 386478027917
BAD 386478027919
BAD 386478267913
BAD 386354038699
BAD 386478995533
BAD 386478995543
BAD 386479655213
BAD 386594964551
BAD 386595134713
BAD 386595134719
BAD 386627339977
BAD 386483177831
BAD 386483177833
BAD 386483225743
BAD 386527044287
BAD 386527044289
BAD 386483411273
BAD 386627937953
BAD 386610601813
BAD 386528785457
BAD 386528785459
BAD 386599044079
BAD 386599044103
BAD 386560596113
BAD 386486137073
BAD 386613173671
BAD 386486137253
BAD 386561153423
BAD 386530814701
BAD 386630860019
BAD 386601150589
BAD 386530889089
BAD 386530889093
BAD 386530889099
BAD 386530930273
BAD 386601343537
BAD 386531200459
BAD 386601481003
BAD 386601481009
BAD 386425850857
BAD 386426023103
BAD 386426023111
BAD 386426023223
BAD 386509888789
BAD 386562013639
BAD 386602047131
BAD 386631704999
BAD 386631705001
BAD 386632012801
BAD 386632012807
BAD 386603244683
BAD 386488580227
BAD 386488992181
BAD 386578939309
BAD 386633205677
BAD 386564028079
BAD 386515894883
BAD 386583264317
BAD 386564028083
BAD 386604464699
BAD 386489323501
BAD 386460523487
BAD 386515894889
BAD 386616744991
BAD 386564028091
BAD 386534332859
BAD 386460523489
BAD 386534332861
BAD 386616912667
BAD 386616912679
BAD 386489508721
BAD 386489513323
BAD 386583860659
BAD 386605189981
BAD 386490344243
BAD 386490577201
BAD 386584829509
BAD 386584829557
BAD 386584829801
BAD 386565545033
BAD 386636859787
BAD 386462667473
BAD 386585659133
BAD 386637603329
BAD 386537085889
BAD 386567697961
BAD 386433178969
BAD 386587444513
BAD 386519887147
BAD 386466305263
BAD 386539864033
BAD 386519887151
BAD 386466305273
BAD 386519887153
BAD 386519887157
BAD 386539864043
BAD 386519887163
BAD 386539864057
BAD 386619044083
BAD 386641393687
BAD 386641393693
BAD 386619150529
BAD 386520991921
BAD 386541537737
BAD 386589376441
BAD 386620417291
BAD 386620417297
BAD 386570248489
BAD 386590581593
BAD 386590581607
BAD 386621838047
BAD 386621838049
BAD 386623696117
BAD 386625376937
BAD 386625376939
BAD 386574542449
BAD 386574714871
BAD 386575431563
BAD 386437946863
BAD 386410059491
BAD 386410564097
BAD 386411093641
BAD 386439923693
BAD 386414108593
BAD 386414108599
BAD 386415793741
BAD 386416122167
BAD 386417328931
BAD 386417328943
BAD 386417328953
BAD 386418627233
BAD 386418627239
BAD 386418627241
BAD 386423777029
BAD 386442824539
BAD 386425456103
BAD 386447175347
BAD 386450447323
BAD 386450508097
BAD 386450971349
BAD 386450971351
BAD 386450971373
BAD 386453015863
BAD 386453103503
BAD 386454239687
BAD 386454239693
BAD 386644922233
BAD 386645108821
BAD 386645725493
BAD 386651116897
BAD 386651116913
BAD 386651117003
BAD 386651117011
BAD 386651501239
BAD 386654771753
BAD 386658086371
BAD 386659518109
BAD 386662551349
BAD 386662637219
BAD 386663934563
BAD 386664061759
BAD 386664061789
BAD 386664061807
BAD 386670990637
BAD 386674224953
BAD 386712438031
BAD 386713738589
BAD 386713738591
BAD 386715524959
BAD 386715524963
BAD 386678427101
BAD 386678427103
BAD 386678601209
BAD 386678601247
BAD 386682025129
BAD 386683468159
BAD 386683468163
BAD 386722875139
BAD 386722875151
BAD 386722875181
BAD 386725300267
BAD 386725682533
BAD 386689040597
BAD 386689040599
BAD 386692089283
BAD 386693912093
BAD 386695756327
BAD 386695756339
BAD 386700890269
BAD 386700890273
BAD 386704781803
BAD 386707511737
BAD 386708729903
BAD 386708729921
BAD 386708729923
BAD 386746501243
BAD 386746501249
BAD 386748543703
BAD 386748543737
BAD 386748543739
BAD 386748543743
BAD 386750136979
BAD 386750137043
BAD 386750137051
BAD 386751147803
BAD 386752152233
BAD 386752618333
BAD 386752618337
BAD 386755074661
BAD 386797116889
BAD 386798736481
BAD 386798866367
BAD 386799895981
BAD 386800235599
BAD 386755887547
BAD 386805517193
BAD 386806722649
BAD 386760127519
BAD 386807586799
BAD 386807588423
BAD 386810384089
BAD 386729730823
BAD 386810846299
BAD 386730225229
BAD 386732423447
BAD 386764282217
BAD 386828898271
BAD 386734612753
BAD 386765732393
BAD 386765732413
BAD 386769165899
BAD 386769165901
BAD 386769271451
BAD 386769271453
BAD 386738273437
BAD 386833605661
BAD 386738645243
BAD 386771100173
BAD 386833605667
BAD 386833605671
BAD 386833605673
BAD 386771197369
BAD 386771811079
BAD 386771811089
BAD 386835205789
BAD 386772788603
BAD 386772788627
BAD 386772788629
BAD 386772788641
BAD 386782334321
BAD 386782334333
BAD 386773632367
BAD 386774913841
BAD 386775202999
BAD 386929370299
BAD 386743140319
BAD 386743140323
BAD 386786697593
BAD 386743596293
BAD 386931079193
BAD 386931079201
BAD 386931505427
BAD 386931505453
BAD 386838517393
BAD 386932098109
BAD 386932098121
BAD 386932831013
BAD 386839952987
BAD 386934480847
BAD 386790686221
BAD 386935088699
BAD 386935088719
BAD 386791387141
BAD 386792523353
BAD 386792661433
BAD 386937854761
BAD 386937854767
BAD 386794333403
BAD 386794413893
BAD 386943708989
BAD 386944124509
BAD 386944251773
BAD 386944251779
BAD 386944251781
BAD 386812102909
BAD 386813325763
BAD 386813325839
BAD 386813325841
BAD 386816690947
BAD 386816690951
BAD 386816970653
BAD 386816970679
BAD 386817082283
BAD 386817853483
BAD 386817853493
BAD 386818980733
BAD 386819067533
BAD 386819387093
BAD 386896874363
BAD 386896874369
BAD 386897801293
BAD 386898298399
BAD 386898454603
BAD 386898454627
BAD 386899066703
BAD 386899533913
BAD 386947028243
BAD 386948187643
BAD 386948213261
BAD 386948213263
BAD 386901516193
BAD 387031728337
BAD 387031728361
BAD 387032238169
BAD 386951894899
BAD 386827595941
BAD 386828005159
BAD 387034879177
BAD 386846293937
BAD 386846452877
BAD 386846452879
BAD 386905650409
BAD 386905650413
BAD 387036037967
BAD 387036620693
BAD 387036620713
BAD 387036620717
BAD 387036748921
BAD 386906950411
BAD 387014092483
BAD 386862422293
BAD 386996615683
BAD 386849658961
BAD 387014547203
BAD 387014547209
BAD 387039074083
BAD 387039074087
BAD 387039074089
BAD 387039172427
BAD 387039172433
BAD 386980564519
BAD 386957305369
BAD 386863836739
BAD 386850587311
BAD 386958063449
BAD 386958063451
BAD 387040210919
BAD 387040210943
BAD 387040330799
BAD 387040330801
BAD 386998510021
BAD 387016132469
BAD 386851906841
BAD 386851906843
BAD 386865935389
BAD 387040966913
BAD 386983168619
BAD 386867138171
BAD 386867138173
BAD 386960901689
BAD 386961133283
BAD 386867567861
BAD 386854335451
BAD 386867568049
BAD 386867568053
BAD 386867568079
BAD 386867568083
BAD 387042327173
BAD 386984058841
BAD 386854545457
BAD 386854545463
BAD 387001242787
BAD 387001321717
BAD 386880358457
BAD 386985120199
BAD 386868450263
BAD 386985480493
BAD 387043508521
BAD 386856224539
BAD 386856409699
BAD 386963487541
BAD 386856827491
BAD 386881968091
BAD 386857646999
BAD 386858526683
BAD 387022119829
BAD 386870195801
BAD 387022568833
BAD 387006295231
BAD 387046021787
BAD 387022568839
BAD 386912567191
BAD 387022568843
BAD 386988642179
BAD 386870195813
BAD 386912567219
BAD 386988642181
BAD 386988642269
BAD 386883316849
BAD 386883316861
BAD 386883316867
BAD 387022705837
BAD 386870726467
BAD 386870726471
BAD 387007188103
BAD 386871071233
BAD 386967247259
BAD 387023541977
BAD 387023541979
BAD 386884322263
BAD 386913557609
BAD 387023666363
BAD 387007719841
BAD 386914000531
BAD 386967607003
BAD 386967607007
BAD 386967607009
BAD 386990854441
BAD 387008829899
BAD 387008829901
BAD 386886381073
BAD 387009225971
BAD 387009225973
BAD 386992119167
BAD 386992119169
BAD 386968975433
BAD 386874350153
BAD 386916255353
BAD 386887678843
BAD 387010158397
BAD 387026644441
BAD 386993668951
BAD 386875842739
BAD 387027448879
BAD 387027448883
BAD 386971030253
BAD 386971030261
BAD 386971030949
BAD 387011211403
BAD 386994182821
BAD 386876820881
BAD 386876820893
BAD 387029072923
BAD 387029083099
BAD 386973639229
BAD 386919298043
BAD 386891410189
BAD 386891433793
BAD 386921000497
BAD 386921000509
BAD 386921139769
BAD 386975866331
BAD 386921592397
BAD 387047097011
BAD 387047097013
BAD 387047097029
BAD 387047097137
BAD 387047097139
BAD 387048854131
BAD 386894379913
BAD 386924777123
BAD 386895032507
BAD 386895032509
BAD 386895032521
BAD 387051316913
BAD 386928394553
BAD 386928394561
BAD 387057134749
BAD 387057134773
BAD 387057519571
BAD 387057684257
BAD 387057684259
BAD 387057684263
BAD 387059024357
BAD 387059454359
BAD 387059454361
BAD 387059604331
BAD 387060290401
BAD 387098399543
BAD 387098608583
BAD 387098922349
BAD 387099745793
BAD 387099745801
BAD 387099745807
BAD 387100632907
BAD 387100632917
BAD 387101504311
BAD 387105983993
BAD 387110796203
BAD 387110995237
BAD 387112123823
BAD 387112123837
BAD 387112123841
BAD 387112123843
BAD 387081199247
BAD 387084044393
BAD 387084865631
BAD 387084865633
BAD 387084943969
BAD 387088153217
BAD 387090026203
BAD 387090690691
BAD 387090690697
BAD 387090690703
BAD 387090972581
BAD 387094990543
BAD 387095651827
BAD 387063781477
BAD 387063806333
BAD 387063806341
BAD 387065231701
BAD 387065578457
BAD 387065996231
BAD 387067468919
BAD 387072250951
BAD 387072883711
BAD 387074148623
BAD 387074148631
BAD 387074216929
BAD 387074216941
BAD 387114272833
BAD 387114272863
BAD 387114449867
BAD 387118633553
BAD 387120268783
BAD 387121839779
BAD 387122735513
BAD 387123083251
BAD 387123834113
BAD 387123834121
BAD 387125306237
BAD 387125851403
BAD 387125851429
BAD 387125851433
BAD 387126696289
BAD 387128125261
BAD 387130225697
BAD 387130225861
BAD 387130665919
BAD 387130665923
BAD 387130665931
BAD 387130665937
BAD 387131768963
BAD 387133314923
BAD 387136581211
BAD 387140418103
BAD 387140418109
BAD 387140989883
BAD 387140989891
BAD 387140989897
BAD 387141689651
BAD 387141689653
BAD 387141689659
BAD 387141689663
BAD 387142706831
BAD 387142723907
BAD 387142723909
BAD 387146678959
BAD 387149189923
BAD 387149728759
BAD 387151478689
BAD 387152358757
BAD 387215112863
BAD 387215488123
BAD 387154059781
BAD 387156291391
BAD 387156291397
BAD 387156736741
BAD 387220109821
BAD 387158441519
BAD 387158441521
BAD 387158441533
BAD 387222193331
BAD 387222193387
BAD 387222518261
BAD 387222518269
BAD 387222518273
BAD 387159325639
BAD 387159325649
BAD 387198878639
BAD 387198878641
BAD 387198878653
BAD 387199565461
BAD 387199565471
BAD 387200229223
BAD 387200691443
BAD 387225930919
BAD 387201912011
BAD 387202951283
BAD 387202951301
BAD 387202951313
BAD 387227653343
BAD 387227947559
BAD 387204813649
BAD 387204813673
BAD 387206927383
BAD 387206927389
BAD 387208938301
BAD 387209646743
BAD 387211319003
BAD 387213224627
BAD 387213224633
BAD 387433408459
BAD 387433519441
BAD 387181805827
BAD 387435867233
BAD 387435867253
BAD 387436657261
BAD 387436858271
BAD 387438002423
BAD 387416639263
BAD 387417842533
BAD 387444904141
BAD 387444904213
BAD 387422575559
BAD 387422575627
BAD 387446261893
BAD 387446262001
BAD 387190573969
BAD 387190573981
BAD 387190574003
BAD 387191211193
BAD 387424254803
BAD 387424254821
BAD 387192289447
BAD 387248923829
BAD 387425555417
BAD 387425555423
BAD 387193857529
BAD 387193857553
BAD 387425595763
BAD 387251289571
BAD 387194863823
BAD 387195271339
BAD 387316242553
BAD 387252699203
BAD 387365420843
BAD 387382809311
BAD 387317166443
BAD 387317166449
BAD 387317166451
BAD 387365620193
BAD 387197102869
BAD 387366777859
BAD 387318921149
BAD 387318921151
BAD 387350996033
BAD 387350996041
BAD 387350996047
BAD 387350996059
BAD 387169048271
BAD 387351360157
BAD 387351360161
BAD 387351360173
BAD 387169454093
BAD 387169454101
BAD 387351828013
BAD 387351828053
BAD 387299430499
BAD 387299430503
BAD 387257033783
BAD 387257033791
BAD 387257823067
BAD 387386523289
BAD 387386689229
BAD 387386689231
BAD 387369697223
BAD 387258225349
BAD 387258225373
BAD 387323247433
BAD 387387293831
BAD 387387293833
BAD 387302042863
BAD 387259841429
BAD 387259841431
BAD 387332882731
BAD 387333017933
BAD 387260357137
BAD 387333437641
BAD 387372668821
BAD 387304556347
BAD 387304556363
BAD 387173615869
BAD 387304806199
BAD 387265332109
BAD 387326850413
BAD 387334630897
BAD 387231115177
BAD 387374260313
BAD 387261553901
BAD 387306654587
BAD 387390691783
BAD 387231535051
BAD 387231535099
BAD 387175456831
BAD 387231953291
BAD 387231953293
BAD 387391267631
BAD 387375182119
BAD 387391452829
BAD 387391452841
BAD 387268858159
BAD 387337706011
BAD 387262890683
BAD 387269188613
BAD 387403379837
BAD 387176755261
BAD 387176755291
BAD 387377062133
BAD 387270171529
BAD 387234422279
BAD 387234422297
BAD 387234422299
BAD 387234422303
BAD 387234422317
BAD 387177184523
BAD 387177184529
BAD 387263694803
BAD 387177453601
BAD 387270585547
BAD 387263694809
BAD 387270585551
BAD 387234703913
BAD 387263694823
BAD 387451493521
BAD 387451516913
BAD 387270641059
BAD 387451607611
BAD 387393177979
BAD 387177983741
BAD 387404625877
BAD 387339876929
BAD 387339951857
BAD 387404949431
BAD 387404949433
BAD 387363456331
BAD 387235485257
BAD 387340368763
BAD 387340435697
BAD 387271403003
BAD 387271579087
BAD 387405730451
BAD 387405811979
BAD 387405811981
BAD 387272098691
BAD 387272098693
BAD 387341618149
BAD 387341670223
BAD 387311034203
BAD 387272718893
BAD 387179745991
BAD 387341670229
BAD 387406563589
BAD 387380153207
BAD 387406563601
BAD 387237803279
BAD 387237803317
BAD 387311061233
BAD 387341979751
BAD 387341979757
BAD 387341979767
BAD 387341979769
BAD 387454655689
BAD 387238375067
BAD 387343021393
BAD 387343021397
BAD 387343021399
BAD 387455368189
BAD 387455368193
BAD 387273654883
BAD 387397295413
BAD 387397295431
BAD 387397295437
BAD 387343902017
BAD 387456031247
BAD 387456031283
BAD 387456031289
BAD 387456167731
BAD 387456167737
BAD 387344619293
BAD 387344619307
BAD 387344758847
BAD 387346190753
BAD 387346873531
BAD 387241099613
BAD 387313999949
BAD 387313999951
BAD 387347692499
BAD 387347692561
BAD 387277064899
BAD 387277064903
BAD 387277833983
BAD 387277945633
BAD 387460238663
BAD 387415383541
BAD 387460635577
BAD 387279755407
BAD 387279755431
BAD 387279801371
BAD 387279801373
BAD 387279801397
BAD 387461946527
BAD 387280995419
BAD 387281295001
BAD 387281295053
BAD 387281295059
BAD 387281295061
BAD 387281295077
BAD 387463938877
BAD 387463938881
BAD 387463938887
BAD 387465316229
BAD 387465316297
BAD 387247513889
BAD 387281481919
BAD 387282495583
BAD 387282495601
BAD 387286562389
BAD 387286595611
BAD 387286595623
BAD 387290627303
BAD 387290963789
BAD 387292257691
BAD 387293466913
BAD 387293466919
BAD 387293466929
BAD 387295610881
BAD 387295610887
BAD 387501870923
BAD 387502392229
BAD 387503812583
BAD 387504418253
BAD 387504418271
BAD 387466712071
BAD 387466712077
BAD 387466712089
BAD 387466712099
BAD 387466823153
BAD 387468461927
BAD 387508994549
BAD 387468461929
BAD 387509169433
BAD 387509854681
BAD 387509854687
BAD 387510729679
BAD 387514120853
BAD 387514120859
BAD 387483277837
BAD 387483277843
BAD 387484736503
BAD 387473952181
BAD 387474463501
BAD 387487777099
BAD 387489265981
BAD 387489690631
BAD 387478559059
BAD 387478559063
BAD 387491638291
BAD 387491638301
BAD 387491638309
BAD 387492416161
BAD 387492702151
BAD 387492863111
BAD 387492863113
BAD 387493678381
BAD 387481788377
BAD 387482259727
BAD 387482259737
BAD 387495914269
BAD 387519584371
BAD 387519584377
BAD 387519584383
BAD 387520873171
BAD 387521953733
BAD 387523374877
BAD 387523990429
BAD 387524039503
BAD 387524118743
BAD 387524509247
BAD 387524509249
BAD 387524626949
BAD 387527121341
BAD 387527695921
BAD 387527855591
BAD 387530700343
BAD 387530968303
BAD 387531059879
BAD 387531059893
BAD 387532952861
BAD 387532952869
BAD 387534136783
BAD 387535480069
BAD 387537069223
BAD 387537069229
BAD 387537069233
BAD 387544214389
BAD 387544687993
BAD 387544687997
BAD 387545054731
BAD 387545204429
BAD 387548022179
BAD 387548022181
BAD 387549140551
BAD 387567420901
BAD 387568402189
BAD 387568402201
BAD 387570806171
BAD 387571030541
BAD 387571808599
BAD 387572820539
BAD 387572820541
BAD 387601066339
BAD 387601066343
BAD 387633786053
BAD 387636101813
BAD 387603721369
BAD 387603721411
BAD 387605417513
BAD 387605503643
BAD 387605503687
BAD 387639411059
BAD 387579033931
BAD 387579033949
BAD 387579387341
BAD 387579387343
BAD 387608535841
BAD 387580433311
BAD 387551766949
BAD 387581545873
BAD 387553622263
BAD 387840497777
BAD 387642929071
BAD 387840608269
BAD 387582233273
BAD 387842145643
BAD 387842787623
BAD 387610118783
BAD 387558802249
BAD 387846549193
BAD 387846549197
BAD 387846549199
BAD 387846950599
BAD 387611622347
BAD 387611622353
BAD 387611622367
BAD 387649180769
BAD 387649180771
BAD 387847278053
BAD 387847441903
BAD 387847441913
BAD 387612951893
BAD 387612989633
BAD 387562040351
BAD 387562040353
BAD 387614482261
BAD 387563496169
BAD 387669827513
BAD 387669827521
BAD 387670345043
BAD 387616616929
BAD 387565170079
BAD 387565170163
BAD 387565548919
BAD 387671469337
BAD 387671469373
BAD 387672715777
BAD 387672715789
BAD 387672715799
BAD 387674994913
BAD 387674994923
BAD 387674994929
BAD 387819108923
BAD 387584069617
BAD 387584069629
BAD 387584069633
BAD 387676027523
BAD 387677059313
BAD 387677223631
BAD 387677223643
BAD 387677269171
BAD 387821130097
BAD 387821130119
BAD 387678758461
BAD 387822597163
BAD 387823451237
BAD 387682019363
BAD 387824011493
BAD 387683020691
BAD 387683020693
BAD 387683539939
BAD 387683539949
BAD 387824840441
BAD 387824840443
BAD 387824840449
BAD 387590371901
BAD 387590428793
BAD 387590428801
BAD 387852988583
BAD 387853895327
BAD 387826196399
BAD 387827109217
BAD 387593435641
BAD 387684342679
BAD 387684415687
BAD 387684709949
BAD 387684709957
BAD 387856267879
BAD 387595167961
BAD 387857235307
BAD 387857235323
BAD 387857235331
BAD 387595214597
BAD 387595214599
BAD 387595214623
BAD 387857341499
BAD 387702444967
BAD 387702541579
BAD 387702901163
BAD 387720627467
BAD 387829446799
BAD 387595763417
BAD 387595763419
BAD 387595763431
BAD 387721204163
BAD 387618858073
BAD 387704447803
BAD 387704683913
BAD 387721910629
BAD 387721910633
BAD 387831241439
BAD 387722857441
BAD 387722857447
BAD 387599130241
BAD 387706991599
BAD 387706991611
BAD 387785604263
BAD 387861249793
BAD 387707970577
BAD 387707970581
BAD 387707970583
BAD 387768498913
BAD 387768790483
BAD 387768790489
BAD 387768945299
BAD 387768945301
BAD 387623269351
BAD 387833605273
BAD 387692935943
BAD 387786884231
BAD 387752301119
BAD 387834642137
BAD 387772355507
BAD 387786884239
BAD 387752301121
BAD 387624515063
BAD 387651917509
BAD 387752312203
BAD 387711785479
BAD 387725144941
BAD 387752661301
BAD 387752661323
BAD 387804876931
BAD 387804876937
BAD 387725309467
BAD 387696141751
BAD 387867131063
BAD 387867253273
BAD 387805886617
BAD 387805886627
BAD 387805951877
BAD 387805951879
BAD 387653385433
BAD 387653385439
BAD 387653385443
BAD 387726184061
BAD 387726184063
BAD 387726184067
BAD 387712996549
BAD 387753979609
BAD 387653683253
BAD 387806772097
BAD 387789569029
BAD 387892967263
BAD 387809552681
BAD 387810382711
BAD 387776770867
BAD 387907668373
BAD 387907668403
BAD 387907668437
BAD 387700341403
BAD 387730443143
BAD 387894649379
BAD 387908078989
BAD 387908078993
BAD 387730788173
BAD 387811302611
BAD 387778101223
BAD 387730932707
BAD 387730932709
BAD 387811365679
BAD 387811372009
BAD 387630922409
BAD 387758354077
BAD 387631677659
BAD 387631677661
BAD 387658107743
BAD 387795031009
BAD 387795469219
BAD 387897359431
BAD 387897359449
BAD 387659956111
BAD 387897865189
BAD 387814486069
BAD 387911866753
BAD 387760386803
BAD 387760436857
BAD 387760456313
BAD 387660661961
BAD 387660661963
BAD 387782577893
BAD 387760667513
BAD 387760667519
BAD 387760667521
BAD 387912459511
BAD 387661411037
BAD 387661411043
BAD 387798938383
BAD 387798938399
BAD 387799150183
BAD 387816234863
BAD 387816234887
BAD 387816234941
BAD 387816234943
BAD 387913160119
BAD 387913160123
BAD 387761523379
BAD 387761523469
BAD 387761523473
BAD 387761523481
BAD 387799856629
BAD 387900566881
BAD 387900566887
BAD 387900566891
BAD 387900566923
BAD 387900566927
BAD 387900566929
BAD 387801026471
BAD 387663853009
BAD 387664681373
BAD 387665306851
BAD 387665426933
BAD 387737889863
BAD 387737921971
BAD 387918089179
BAD 387918089191
BAD 387918089213
BAD 387666891749
BAD 387666891751
BAD 387667030393
BAD 387739031203
BAD 387765737719
BAD 387765737729
BAD 387765737731
BAD 387766910863
BAD 387766964257
BAD 387766964261
BAD 387741365549
BAD 387741365551
BAD 387767152819
BAD 387767680523
BAD 387767680549
BAD 387743734087
BAD 387743744137
BAD 387744687713
BAD 387871345429
BAD 387744855167
BAD 387744970099
BAD 387871537133
BAD 387745364879
BAD 387747165353
BAD 387874366981
BAD 387874366987
BAD 387874366991
BAD 387874366993
BAD 387874367003
BAD 387877077593
BAD 387750559699
BAD 387750657887
BAD 387877373701
BAD 387877888063
BAD 387877888067
BAD 387879102031
BAD 387882642263
BAD 387883457153
BAD 387919775939
BAD 387919775941
BAD 387920089069
BAD 387920089093
BAD 387921756799
BAD 387922881293
BAD 387922881319
BAD 387922919779
BAD 387930854173
BAD 387931047421
BAD 387934334173
BAD 387936594569
BAD 387936594571
BAD 387936594581
BAD 387936594583
BAD 387936594587
BAD 387936594589
BAD 387936594593
BAD 387940802341
BAD 387941705993
BAD 387942825407
BAD 387942825409
BAD 387944094961
BAD 387944094973
BAD 387944989361
BAD 387950542223
BAD 387950542253
BAD 387952018067
BAD 387952018163
BAD 387990134111
BAD 387992417389
BAD 387994614967
BAD 387998794639
BAD 387998794643
BAD 387999956999
BAD 387999957001
BAD 388000617593
BAD 388001070211
BAD 387970661389
BAD 388002869479
BAD 388103464981
BAD 387971738359
BAD 387971738393
BAD 388005058081
BAD 388005058087
BAD 388105058659
BAD 388086961643
BAD 387973703641
BAD 388006131523
BAD 388106029481
BAD 388106029483
BAD 388106554259
BAD 388106554261
BAD 388106554271
BAD 388106554273
BAD 388106554291
BAD 388106554379
BAD 388107379489
BAD 388107390707
BAD 388107390709
BAD 388007750701
BAD 388007913751
BAD 388007913763
BAD 388007913767
BAD 388089099887
BAD 388089099889
BAD 387977146913
BAD 388008743363
BAD 388108888147
BAD 388289910301
BAD 388290088133
BAD 387977553211
BAD 387977553217
BAD 388109576893
BAD 388109770063
BAD 388090565131
BAD 388291762387
BAD 388291762403
BAD 388111031533
BAD 388111031537
BAD 387979338917
BAD 387979338919
BAD 388111439197
BAD 388111724197
BAD 388111724201
BAD 388011557093
BAD 388092729623
BAD 388013328203
BAD 388013328211
BAD 388113953509
BAD 388114027601
BAD 388114027603
BAD 388114027607
BAD 388094273153
BAD 388041524813
BAD 388041524821
BAD 388042178423
BAD 388042178479
BAD 388042515463
BAD 388295557861
BAD 388295668639
BAD 388295668643
BAD 388054570613
BAD 388054830677
BAD 388054830679
BAD 388116352249
BAD 388055500733
BAD 388055500741
BAD 388055546933
BAD 388056701971
BAD 388056709927
BAD 388058743637
BAD 387984905849
BAD 388059213833
BAD 388059213853
BAD 388059313613
BAD 388046235617
BAD 388302511403
BAD 388302607447
BAD 388060305433
BAD 388061595869
BAD 388061656757
BAD 388061656769
BAD 388061656771
BAD 388096236863
BAD 388049281073
BAD 388049333183
BAD 388050647239
BAD 388052347733
BAD 388067273183
BAD 388069635077
BAD 388153870303
BAD 388155238217
BAD 388155238231
BAD 388156264231
BAD 388305273071
BAD 388305273073
BAD 388159746151
BAD 388222435639
BAD 388307184263
BAD 388188587131
BAD 388224517339
BAD 388189809211
BAD 388225284833
BAD 388190080879
BAD 388309478077
BAD 388163200823
BAD 388163449699
BAD 388163449703
BAD 388190911651
BAD 388226250883
BAD 388226250889
BAD 388226250901
BAD 388238093611
BAD 388311628249
BAD 388311628253
BAD 388238314231
BAD 388205409313
BAD 388193445863
BAD 388193445869
BAD 388238415793
BAD 388193705033
BAD 388167173857
BAD 388167173861
BAD 388194578147
BAD 388206824881
BAD 388121736539
BAD 388121828603
BAD 388122290477
BAD 388169386169
BAD 388208426093
BAD 388208514619
BAD 388208514623
BAD 388231959187
BAD 388209244361
BAD 388209244363
BAD 388209244369
BAD 388209244411
BAD 388241473819
BAD 388315135399
BAD 388232960837
BAD 388232960839
BAD 388232978011
BAD 388241636527
BAD 388262098429
BAD 388233637543
BAD 388264319503
BAD 388318385773
BAD 388235649521
BAD 388126906159
BAD 388212070153
BAD 388235649523
BAD 388325932837
BAD 388126906291
BAD 388325932843
BAD 388325932847
BAD 388325932849
BAD 388325932879
BAD 388203982939
BAD 388203982951
BAD 388203982997
BAD 388326108647
BAD 388326108649
BAD 388319095103
BAD 388319095111
BAD 388319095117
BAD 388319095127
BAD 388264989991
BAD 388128156263
BAD 388128156271
BAD 388236984403
BAD 388247782343
BAD 388266305809
BAD 388266305831
BAD 388247909717
BAD 388247909719
BAD 388128935153
BAD 388266763771
BAD 388266763777
BAD 388327950691
BAD 388248802037
BAD 388248802043
BAD 387954500123
BAD 388268018813
BAD 388215631933
BAD 388215631943
BAD 388249675007
BAD 388249675013
BAD 388215849829
BAD 388130892817
BAD 388137073283
BAD 388137152101
BAD 388137152107
BAD 388329445849
BAD 388216473587
BAD 388269494423
BAD 388217155453
BAD 388217155591
BAD 388218368963
BAD 388218759469
BAD 388218759473
BAD 388134034261
BAD 388134034303
BAD 388134034307
BAD 388252710953
BAD 388139602181
BAD 388139602183
BAD 388253031079
BAD 388139602187
BAD 388139602189
BAD 388332314569
BAD 388139695561
BAD 388253320313
BAD 388135010507
BAD 388135010509
BAD 388135010513
BAD 388072048171
BAD 388072368331
BAD 388072368337
BAD 388140465353
BAD 388140465373
BAD 388334600041
BAD 388334600063
BAD 388074718747
BAD 388074718751
BAD 388335634471
BAD 388335634517
BAD 388335993701
BAD 388336617421
BAD 387960515183
BAD 387960515191
BAD 388143955651
BAD 388144444991
BAD 388147160299
BAD 388081627933
BAD 388149693863
BAD 388151432569
BAD 388084780141
BAD 388084780147
BAD 388084780151
BAD 388084780283
BAD 388085511943
BAD 388086062893
BAD 388271362519
BAD 388271418541
BAD 388271543251
BAD 388271543269
BAD 388271543273
BAD 388271856781
BAD 388271856787
BAD 388273551109
BAD 388273627603
BAD 388338887641
BAD 388338887669
BAD 388278564241
BAD 388341634039
BAD 388342729571
BAD 388342729573
BAD 388343348059
BAD 388343348167
BAD 388284577259
BAD 388345923949
BAD 388346880479
BAD 388347103223
BAD 388347103229
BAD 388347103231
BAD 388347103253
BAD 388020811093
BAD 388020811111
BAD 388021321213
BAD 388022027581
BAD 388349869261
BAD 388023409099
BAD 388351983263
BAD 388025705071
BAD 388025705077
BAD 388027063243
BAD 388354492483
BAD 388030539821
BAD 388030539823
BAD 388174513579
BAD 388174596559
BAD 388174867909
BAD 388174867943
BAD 388174977691
BAD 388175814823
BAD 388175814847
BAD 388034448299
BAD 388034448301
BAD 388178862923
BAD 388182911579
BAD 388185515051
BAD 388186373063
BAD 388186386883
BAD 388186637561
BAD 388359682099
BAD 388361784121
BAD 388440461093
BAD 388444181843
BAD 388367010683
BAD 388367629591
BAD 388367737861
BAD 388446127697
BAD 388369150597
BAD 388473202673
BAD 388473202687
BAD 388474653991
BAD 388474836097
BAD 388480024831
BAD 388480334573
BAD 388481363873
BAD 388482062873
BAD 388482285077
BAD 388484706229
BAD 388676119717
BAD 388378034929
BAD 388487099153
BAD 388487099159
BAD 388677918989
BAD 388677918991
BAD 388488106133
BAD 388488213479
BAD 388488213481
BAD 388488658099
BAD 388678976563
BAD 388679856217
BAD 388381737871
BAD 388680585373
BAD 388681636741
BAD 388683863317
BAD 388683863333
BAD 388686664087
BAD 388686664103
BAD 388741381057
BAD 388741476317
BAD 388423208149
BAD 388423228969
BAD 388742273659
BAD 388742273663
BAD 388742273671
BAD 388742273683
BAD 388423450567
BAD 388742678573
BAD 388423869103
BAD 388689041407
BAD 388689041423
BAD 388689041431
BAD 388385435821
BAD 388689582109
BAD 388690379789
BAD 388387125589
BAD 388387125593
BAD 388387125601
BAD 388744929193
BAD 388426661173
BAD 388427104061
BAD 388427104063
BAD 388427104123
BAD 388746401293
BAD 388427104127
BAD 388746401297
BAD 388427104129
BAD 388746401299
BAD 388428103423
BAD 388428103433
BAD 388748186117
BAD 388748186119
BAD 388748774081
BAD 388748774083
BAD 388430133139
BAD 388389404243
BAD 388435013873
BAD 388436229833
BAD 388757349473
BAD 388757349479
BAD 388757349481
BAD 388757615599
BAD 388394849431
BAD 388395277157
BAD 388395277159
BAD 388456286863
BAD 388456321483
BAD 388458633481
BAD 388460041841
BAD 388400096941
BAD 388400096947
BAD 388400096957
BAD 388400127769
BAD 388460658503
BAD 388400127803
BAD 388400901533
BAD 388462342343
BAD 388462342369
BAD 388402229717
BAD 388463842633
BAD 388463842639
BAD 388465249369
BAD 388465361311
BAD 388404006121
BAD 388466378347
BAD 388466410271
BAD 388466410273
BAD 388466730919
BAD 388405327523
BAD 388470698293
BAD 388471504171
BAD 388472237773
BAD 388472402977
BAD 388472403001
BAD 388592617051
BAD 388594244333
BAD 388594429711
BAD 388594547791
BAD 388625491643
BAD 388657807717
BAD 388658487857
BAD 388659225313
BAD 388542263531
BAD 388522840403
BAD 388630889279
BAD 388542263563
BAD 388661087791
BAD 388542263567
BAD 388601183653
BAD 388542263569
BAD 388542299809
BAD 388707395669
BAD 388631470109
BAD 388631470111
BAD 388601781991
BAD 388601782013
BAD 388661885141
BAD 388601870291
BAD 388543146191
BAD 388543146241
BAD 388602094501
BAD 388602094511
BAD 388602094513
BAD 388602094553
BAD 388543712003
BAD 388543712009
BAD 388543712017
BAD 388523920747
BAD 388663192759
BAD 388663192763
BAD 388695600521
BAD 388695600523
BAD 388506130433
BAD 388545285913
BAD 388727756161
BAD 388556740711
BAD 388604312653
BAD 388664041223
BAD 388545285917
BAD 388727756167
BAD 388545861049
BAD 388664911027
BAD 388546203557
BAD 388546203559
BAD 388546203569
BAD 388546203571
BAD 388697619421
BAD 388526126419
BAD 388697783723
BAD 388697783731
BAD 388526281343
BAD 388665754033
BAD 388558403941
BAD 388698749911
BAD 388547275981
BAD 388547325877
BAD 388729916581
BAD 388729916671
BAD 388711754063
BAD 388667008381
BAD 388730678131
BAD 388730678137
BAD 388730678153
BAD 388638079463
BAD 388507984919
BAD 388559465149
BAD 388559465153
BAD 388559465167
BAD 388559762939
BAD 388559762947
BAD 388700205571
BAD 388638734881
BAD 388560549511
BAD 388578003241
BAD 388578003271
BAD 388509836213
BAD 388509836233
BAD 388701889579
BAD 388550513467
BAD 388579299137
BAD 388561903913
BAD 388561903931
BAD 388561903957
BAD 388561903963
BAD 388561903973
BAD 388561904011
BAD 388733307401
BAD 388733307407
BAD 388733307409
BAD 388562039753
BAD 388562917343
BAD 388715517653
BAD 388715517661
BAD 388512872191
BAD 388673506103
BAD 388531535573
BAD 388564210561
BAD 388512872221
BAD 388705134247
BAD 388512872227
BAD 388582711123
BAD 388715517667
BAD 388673522641
BAD 388735362209
BAD 388673667961
BAD 388609103339
BAD 388609103341
BAD 388609199743
BAD 388556379227
BAD 388556379229
BAD 388565133053
BAD 388532248253
BAD 388736541901
BAD 388515211933
BAD 388566865591
BAD 388567358063
BAD 388567358071
BAD 388738005353
BAD 388405418761
BAD 388569023519
BAD 388721034287
BAD 388640842241
BAD 388640842243
BAD 388612931761
BAD 388518764527
BAD 388722699403
BAD 388588629053
BAD 388519055347
BAD 388570810591
BAD 388571753753
BAD 388589873803
BAD 388520166271
BAD 388537236697
BAD 388537236701
BAD 388614841213
BAD 388521575063
BAD 388410264871
BAD 388410555539
BAD 388522754261
BAD 388646227103
BAD 388646227231
BAD 388646227237
BAD 388646288689
BAD 388412009431
BAD 388618014529
BAD 388618014541
BAD 388412404957
BAD 388412404973
BAD 388412580991
BAD 388412581009
BAD 388412581027
BAD 388647560251
BAD 388413498493
BAD 388619608651
BAD 388619640257
BAD 388619640259
BAD 388620915337
BAD 388620915341
BAD 388649906027
BAD 388415081183
BAD 388621420463
BAD 388652136973
BAD 388652608111
BAD 388417972139
BAD 388654772629
BAD 388654772641
BAD 388420685273
BAD 388420685293
BAD 388489603069
BAD 388493969623
BAD 388494113879
BAD 388494113881
BAD 388494558313
BAD 388494558317
BAD 388495632761
BAD 388496207467
BAD 388496288507
BAD 388496754271
BAD 388498308091
BAD 388499253917
BAD 388501515617
BAD 388501778689
BAD 388501891763
BAD 388777636111
BAD 388780819571
BAD 388780819573
BAD 388780934719
BAD 388781499391
BAD 388811626433
BAD 388825783477
BAD 388812796601
BAD 388813666783
BAD 388828073563
BAD 388815121349
BAD 388815121351
BAD 388784808563
BAD 388785420377
BAD 388785420379
BAD 388785420383
BAD 388785420391
BAD 388786425751
BAD 388786425757
BAD 388786425761
BAD 388786425763
BAD 388830373979
BAD 388818107827
BAD 388818107837
BAD 388818142577
BAD 388818444571
BAD 388831596817
BAD 388831596949
BAD 388831596953
BAD 388818902123
BAD 388818902141
BAD 388819344241
BAD 388832439409
BAD 388833161839
BAD 388820310841
BAD 388833932633
BAD 388834314961
BAD 388835746231
BAD 388822936993
BAD 388836147473
BAD 388758820609
BAD 388758820613
BAD 388759486261
BAD 388788145129
BAD 388788145133
BAD 388759816369
BAD 388759816387
BAD 388839044687
BAD 388839044689
BAD 388839044707
BAD 388839044753
BAD 388788454493
BAD 388789529137
BAD 388841118353
BAD 388791086183
BAD 388762844891
BAD 388762844893
BAD 388824391327
BAD 388766923669
BAD 388769341057
BAD 388769341069
BAD 388769478257
BAD 388769478259
BAD 388772822653
BAD 388773061231
BAD 388842154501
BAD 388844845889
BAD 388844845891
BAD 388845184249
BAD 388845184253
BAD 388846158793
BAD 388846158797
BAD 388846577333
BAD 388849347407
BAD 388849347409
BAD 388849347553
BAD 388853087993
BAD 388853513899
BAD 388853513903
BAD 388853988113
BAD 388856082079
BAD 388857749431
BAD 388858055959
BAD 388858333321
BAD 388792438037
BAD 388792438039
BAD 388793774513
BAD 388798722943
BAD 388804186061
BAD 388804186063
BAD 388804186073
BAD 388804652479
BAD 388859285809
BAD 388859285813
BAD 388859669173
BAD 388861026317
BAD 388861026319
BAD 388861171553
BAD 388861628173
BAD 388861628179
BAD 388863560177
BAD 388863560179
BAD 389026918463
BAD 389026918471
BAD 389026918493
BAD 388864448839
BAD 388867145671
BAD 388867249271
BAD 388867249313
BAD 388877385187
BAD 388868009129
BAD 389030548607
BAD 389030548609
BAD 388868887807
BAD 389031444533
BAD 388881236053
BAD 389145372841
BAD 388882343051
BAD 388882730809
BAD 388882730813
BAD 388882730843
BAD 389146222303
BAD 389146222313
BAD 388884220453
BAD 388884220457
BAD 388884285719
BAD 388884285721
BAD 389038135337
BAD 389038135373
BAD 389038554761
BAD 389038554763
BAD 389038554781
BAD 388885730413
BAD 388885730423
BAD 389039362147
BAD 389039653243
BAD 389150176223
BAD 389150176231
BAD 389150264693
BAD 389040915421
BAD 389041270069
BAD 389041270073
BAD 388889289001
BAD 388889912513
BAD 389156818373
BAD 389157968557
BAD 389157968561
BAD 389158084517
BAD 389158084519
BAD 388925582509
BAD 388926160507
BAD 389009785559
BAD 388926160543
BAD 388928938991
BAD 388928938997
BAD 388959436471
BAD 389013160049
BAD 389013160051
BAD 389013160057
BAD 388931535137
BAD 389128602409
BAD 388910599313
BAD 388962564323
BAD 388962888661
BAD 389060045497
BAD 389060045501
BAD 389060045503
BAD 388912140349
BAD 388964742091
BAD 388964742097
BAD 388964742107
BAD 388964742109
BAD 388964742113
BAD 389061384871
BAD 388913389693
BAD 389133832253
BAD 389134038379
BAD 389134038383
BAD 389134038389
BAD 389020225423
BAD 389020489709
BAD 388914189187
BAD 388966618223
BAD 389135825053
BAD 388933846319
BAD 388933846321
BAD 388933846453
BAD 388915399387
BAD 389065223161
BAD 388934314403
BAD 388967773091
BAD 388968122119
BAD 388968122131
BAD 388916277559
BAD 388968384601
BAD 388942256453
BAD 388942714133
BAD 388935472799
BAD 388935472801
BAD 388969739131
BAD 389066747899
BAD 389025041213
BAD 388918107073
BAD 389025408803
BAD 389025408817
BAD 388943345113
BAD 389077028573
BAD 389026022843
BAD 389026022851
BAD 388943783671
BAD 389068001197
BAD 388920359593
BAD 388920359599
BAD 388920359603
BAD 388921707103
BAD 388921707113
BAD 388938764551
BAD 388974710671
BAD 389070499549
BAD 389070499553
BAD 388975004809
BAD 388975040983
BAD 388945739461
BAD 389079869491
BAD 389071586887
BAD 388939937641
BAD 388992806119
BAD 389071883611
BAD 389080488109
BAD 389071947403
BAD 389071947437
BAD 388993146631
BAD 388993146637
BAD 388947348733
BAD 388947348763
BAD 388947348793
BAD 388993551677
BAD 388993551679
BAD 388893116023
BAD 389081894561
BAD 388941907919
BAD 389075068609
BAD 389075068619
BAD 388950039119
BAD 388950540973
BAD 389076189043
BAD 388978438259
BAD 389076300737
BAD 389076300749
BAD 389076300751
BAD 389076300761
BAD 389076385993
BAD 389110879973
BAD 389086839931
BAD 389086839937
BAD 388981455893
BAD 388998762613
BAD 388998762619
BAD 388897906729
BAD 388983305873
BAD 389088339883
BAD 389088339929
BAD 389088339931
BAD 388898821951
BAD 389088835081
BAD 389093865079
BAD 389001095869
BAD 388955481007
BAD 388899274529
BAD 388899274531
BAD 389114547259
BAD 389090171809
BAD 388986894787
BAD 388956839059
BAD 389002681877
BAD 389002681943
BAD 388957326473
BAD 388901211767
BAD 388957706611
BAD 389003871181
BAD 389003871187
BAD 389098596203
BAD 388958544937
BAD 388958544941
BAD 388958544943
BAD 388989033491
BAD 388989033493
BAD 388989033541
BAD 389099100881
BAD 389005797263
BAD 388990166443
BAD 388904146591
BAD 389007292483
BAD 389007292579
BAD 389119578839
BAD 388905618769
BAD 388991562121
BAD 388991787421
BAD 388991787427
BAD 388906172563
BAD 389008788037
BAD 389009153227
BAD 389121302041
BAD 389121302047
BAD 389122516439
BAD 389122516441
BAD 389123490949
BAD 389123490991
BAD 389107205371
BAD 389107205387
BAD 389107205413
BAD 389107205423
BAD 389107205429
BAD 389108658709
BAD 389108973389
BAD 389108973391
BAD 389109015173
BAD 389109015179
BAD 389109015181
BAD 389049366613
BAD 389055646921
BAD 389056648459
BAD 389056700719
BAD 389056700723
BAD 389056700731
BAD 389056700737
BAD 389057047763
BAD 389058491989
BAD 389058491993
BAD 389059394281
BAD 389059394287
BAD 389059434667
BAD 389160660409
BAD 389160789709
BAD 389163382693
BAD 389166674129
BAD 389166674131
BAD 389166674137
BAD 389167498009
BAD 389210869469
BAD 389170767913
BAD 389170767917
BAD 389170767919
BAD 389171569487
BAD 389171569489
BAD 389228470483
BAD 389212404341
BAD 389229046873
BAD 389213275699
BAD 389213921431
BAD 389213921441
BAD 389213921443
BAD 389214019099
BAD 389214039271
BAD 389214208223
BAD 389231352971
BAD 389231352973
BAD 389214590627
BAD 389214590629
BAD 389216091097
BAD 389216091101
BAD 389233424233
BAD 389217224203
BAD 389198460841
BAD 389235034367
BAD 389219184383
BAD 389235740557
BAD 389220146317
BAD 389236204517
BAD 389176142153
BAD 389201986079
BAD 389201986081
BAD 389202052021
BAD 389202052037
BAD 389202052039
BAD 389222841127
BAD 389222841157
BAD 389203536223
BAD 389224576043
BAD 389204804147
BAD 389225271073
BAD 389236975129
BAD 389236975133
BAD 389226016177
BAD 389226261451
BAD 389206489801
BAD 389239240813
BAD 389208293119
BAD 389208890053
BAD 389210108759
BAD 389210108783
BAD 389242780573
BAD 389180537377
BAD 389187841793
BAD 389189723101
BAD 389191398319
BAD 389192149069
BAD 389192505917
BAD 389192790953
BAD 389312425783
BAD 389312431021
BAD 389312431037
BAD 389316235421
BAD 389316235423
BAD 389318818001
BAD 389318818003
BAD 389318892091
BAD 389261695973
BAD 389261854591
BAD 389321754553
BAD 389263042249
BAD 389263042253
BAD 389263042271
BAD 389323037813
BAD 389323758437
BAD 389324256173
BAD 389324462393
BAD 389324462411
BAD 389324462413
BAD 389324462419
BAD 389328006391
BAD 389270131643
BAD 389270638321
BAD 389271643231
BAD 389271643247
BAD 389271643249
BAD 389271643253
BAD 389272223749
BAD 389272775413
BAD 389273141993
BAD 389273531791
BAD 389273531797
BAD 389275183993
BAD 389277077963
BAD 389512939939
BAD 389515506871
BAD 389517637853
BAD 389520641423
BAD 389522844523
BAD 389522844553
BAD 389522844563
BAD 389523550853
BAD 389295843353
BAD 389295843373
BAD 389524773991
BAD 389528478323
BAD 389301350929
BAD 389302189051
BAD 389302646041
BAD 389306153959
BAD 389308939759
BAD 389308939763
BAD 389248228279
BAD 389249141599
BAD 389251937203
BAD 389251937213
BAD 389251937227
BAD 389412922163
BAD 389412922169
BAD 389253361801
BAD 389416516583
BAD 389416516609
BAD 389416516613
BAD 389256754231
BAD 389278130221
BAD 389418285409
BAD 389258674967
BAD 389258674969
BAD 389420779973
BAD 389420779981
BAD 389260771063
BAD 389260771129
BAD 389280890293
BAD 389281419889
BAD 389281419893
BAD 389422515347
BAD 389282768669
BAD 389282768671
BAD 389283579623
BAD 389283579631
BAD 389425886671
BAD 389425886677
BAD 389362442881
BAD 389498698663
BAD 389427575573
BAD 389500722697
BAD 389287359781
BAD 389428621493
BAD 389288417269
BAD 389288417293
BAD 389288417299
BAD 389289096277
BAD 389289096281
BAD 389289411223
BAD 389289411263
BAD 389367751373
BAD 389367751379
BAD 389367751403
BAD 389549253427
BAD 389431858157
BAD 389504441321
BAD 389504441323
BAD 389504441327
BAD 389368720523
BAD 389368834501
BAD 389369138153
BAD 389551748081
BAD 389551748083
BAD 389291948833
BAD 389291948839
BAD 389291948873
BAD 389507201569
BAD 389507201581
BAD 389553894293
BAD 389397443089
BAD 389397443093
BAD 389328200389
BAD 389328579293
BAD 389437026653
BAD 389372174813
BAD 389372596219
BAD 389555513671
BAD 389329963441
BAD 389438522197
BAD 389399830207
BAD 389399830213
BAD 389399830217
BAD 389399830219
BAD 389399840539
BAD 389557160501
BAD 389511660203
BAD 389440320889
BAD 389376489451
BAD 389559250373
BAD 389333140853
BAD 389333284433
BAD 389442065669
BAD 389402644681
BAD 389442585737
BAD 389442585739
BAD 389402886883
BAD 389561335039
BAD 389561335043
BAD 389404841857
BAD 389405418643
BAD 389444662949
BAD 389406629707
BAD 389407067557
BAD 389407067563
BAD 389338971653
BAD 389338971661
BAD 389462933647
BAD 389462933653
BAD 389344974779
BAD 389340668371
BAD 389340668377
BAD 389463846973
BAD 389410208393
BAD 389381062703
BAD 389346281161
BAD 389346281189
BAD 389411170207
BAD 389382016963
BAD 389479384621
BAD 389467869773
BAD 389468239843
BAD 389384995009
BAD 389385012871
BAD 389385012881
BAD 389385012883
BAD 389385970199
BAD 389385970201
BAD 389470003477
BAD 389483292259
BAD 389387708911
BAD 389388878741
BAD 389388878743
BAD 389389171849
BAD 389389374961
BAD 389352695653
BAD 389472402079
BAD 389486634421
BAD 389486634437
BAD 389391215099
BAD 389391215107
BAD 389487639293
BAD 389473314229
BAD 389354305433
BAD 389354748089
BAD 389354748091
BAD 389392404721
BAD 389392901393
BAD 389392901419
BAD 389356319593
BAD 389356532423
BAD 389489605291
BAD 389476470527
BAD 389476470529
BAD 389490400381
BAD 389490527383
BAD 389491242253
BAD 389491242263
BAD 389477364197
BAD 389533630529
BAD 389492999953
BAD 389359926427
BAD 389533630531
BAD 389534066851
BAD 389450540959
BAD 389450621269
BAD 389478232943
BAD 389478232951
BAD 389494454443
BAD 389478793499
BAD 389535850883
BAD 389535850939
BAD 389537038883
BAD 389454688793
BAD 389455517221
BAD 389456137699
BAD 389457444151
BAD 389458606729
BAD 389540990911
BAD 389541823141
BAD 389541823163
BAD 389542127647
BAD 389461621921
BAD 389461788143
BAD 389462286569
BAD 389543801459
BAD 389544014779
BAD 389544680489
BAD 389544680563
BAD 389545684609
BAD 389545684651
BAD 389545684657
BAD 389598255799
BAD 389598255817
BAD 389598595879
BAD 389599734653
BAD 389600655833
BAD 389600655839
BAD 389600655841
BAD 389600655859
BAD 389600655893
BAD 389563392167
BAD 389564799083
BAD 389602494353
BAD 389603304659
BAD 389603304661
BAD 389605295003
BAD 389569260407
BAD 389569260473
BAD 389607118631
BAD 389607118633
BAD 389607458839
BAD 389607458843
BAD 389610965519
BAD 389611142629
BAD 389611142633
BAD 389572703501
BAD 389572703503
BAD 389574860261
BAD 389574860263
BAD 389619801983
BAD 389575565521
BAD 389575572653
BAD 389577152149
BAD 389623287869
BAD 389623287871
BAD 389579175163
BAD 389579175203
BAD 389579175211
BAD 389626294471
BAD 389626294489
BAD 389626294493
BAD 389999815301
BAD 389582603159
BAD 389584889737
BAD 389586906937
BAD 389588492857
BAD 389588492863
BAD 389588492963
BAD 389591315807
BAD 389591315809
BAD 389591866243
BAD 389592147223
BAD 389592289111
BAD 389594289169
BAD 389595827521
BAD 389596198643
BAD 389596306621
BAD 389647238363
BAD 389647238699
BAD 389647589239
BAD 389649480673
BAD 389652726833
BAD 389652726839
BAD 389654655109
BAD 389654655113
BAD 389654655121
BAD 389654655127
BAD 389656226017
BAD 389656772573
BAD 389656772623
BAD 389661559501
BAD 389661559531
BAD 389662289813
BAD 389664923917
BAD 389630865473
BAD 389630865487
BAD 389630865493
BAD 389631138833
BAD 389631138839
BAD 389631138847
BAD 389632153159
BAD 389633728339
BAD 389670342253
BAD 389635080871
BAD 389671373353
BAD 389671373359
BAD 389671373363
BAD 389671396393
BAD 389674678139
BAD 389638067461
BAD 389638067479
BAD 389638492343
BAD 389639262451
BAD 389677969103
BAD 389678235497
BAD 389679179413
BAD 389641658023
BAD 389641658143
BAD 389680087747
BAD 389642798191
BAD 389645719349
BAD 389646735787
BAD 389684139589
BAD 389686225081
BAD 389686225087
BAD 389686600081
BAD 389687341661
BAD 389687341663
BAD 389689036987
BAD 389797983871
BAD 389798509469
BAD 389798509493
BAD 389815227589
BAD 389800968757
BAD 389800968763
BAD 389806357553
BAD 389821763213
BAD 389822172073
BAD 389807805173
BAD 389808256309
BAD 389808939859
BAD 389808973261
BAD 389809793077
BAD 389811311341
BAD 389813187949
BAD 389829668819
BAD 389829668821
BAD 389830508467
BAD 389830508471
BAD 389698334807
BAD 389698427791
BAD 389699919053
BAD 389703083401
BAD 389703083423
BAD 389783662069
BAD 389783936099
BAD 389785725919
BAD 389785725961
BAD 389732795281
BAD 389733094999
BAD 389706240577
BAD 389733988157
BAD 389706604051
BAD 389707562857
BAD 389707562911
BAD 389790768329
BAD 389790768331
BAD 389790768337
BAD 389790768349
BAD 389767681981
BAD 389708306893
BAD 389737287691
BAD 389791830889
BAD 389709658847
BAD 389709820469
BAD 389709820471
BAD 389709856199
BAD 389709856201
BAD 389709856453
BAD 389710031213
BAD 389710031219
BAD 389710050739
BAD 389901619253
BAD 389792923259
BAD 389716259983
BAD 389716259987
BAD 389793167741
BAD 389793405649
BAD 389882459839
BAD 389882459843
BAD 389771157103
BAD 389917646603
BAD 389882831593
BAD 389740387747
BAD 389933940007
BAD 389712944087
BAD 389794346041
BAD 389794413563
BAD 389918668973
BAD 389741988347
BAD 389796203143
BAD 389796316939
BAD 389773880981
BAD 389773880983
BAD 389773880987
BAD 389773880989
BAD 389905716803
BAD 389920562671
BAD 389743356721
BAD 389743356727
BAD 389743356733
BAD 389936200609
BAD 389936316481
BAD 389885398027
BAD 389936594507
BAD 389936594549
BAD 389936599249
BAD 389936599253
BAD 389749768339
BAD 389885727311
BAD 389775773399
BAD 389750437759
BAD 389744927003
BAD 389776221361
BAD 389937750833
BAD 389776849621
BAD 389745620357
BAD 389745620359
BAD 389720679499
BAD 389777033861
BAD 389720679503
BAD 389720679511
BAD 389720679521
BAD 389939109533
BAD 389939109541
BAD 389939246953
BAD 389848390123
BAD 389778173483
BAD 389778173489
BAD 389940294949
BAD 389940294959
BAD 389848930591
BAD 389721941689
BAD 389722336607
BAD 389722336609
BAD 389722665263
BAD 389722665281
BAD 389722665287
BAD 389722665289
BAD 389924948701
BAD 389723159633
BAD 389851257533
BAD 389925508969
BAD 389912001701
BAD 389912001707
BAD 389912001709
BAD 389942784571
BAD 389723860789
BAD 389723887363
BAD 389851903037
BAD 389851903039
BAD 389756775997
BAD 389757731197
BAD 389757731201
BAD 389757731203
BAD 389853050779
BAD 389724947933
BAD 389724947939
BAD 389913902663
BAD 389927698109
BAD 389955118141
BAD 389955118159
BAD 389946138587
BAD 389855016269
BAD 389865985309
BAD 389928716873
BAD 389928716909
BAD 389928716939
BAD 389928716941
BAD 389893668301
BAD 389760765019
BAD 389760824777
BAD 389760824779
BAD 389761092271
BAD 389856362747
BAD 389857665347
BAD 389857665349
BAD 389831681179
BAD 389728261639
BAD 389868708391
BAD 389832762593
BAD 389868865291
BAD 389868865301
BAD 389868865303
BAD 389868865307
BAD 389832835549
BAD 389931588149
BAD 389958836807
BAD 389729411233
BAD 389729411237
BAD 389896551353
BAD 389869772107
BAD 389869772113
BAD 389859796267
BAD 389869955903
BAD 389869955911
BAD 389869955941
BAD 389896716169
BAD 389896716173
BAD 389859913889
BAD 389860707043
BAD 389872030733
BAD 389960739499
BAD 389836853743
BAD 389873053057
BAD 389863291759
BAD 389962411147
BAD 389962411159
BAD 389864373181
BAD 389864514269
BAD 389864514271
BAD 389864514293
BAD 389864546473
BAD 389864815793
BAD 389864815799
BAD 389864815801
BAD 389963716253
BAD 389964763831
BAD 389840115703
BAD 389965242983
BAD 389841013193
BAD 389881167353
BAD 389881167359
BAD 389845310059
BAD 389846619691
BAD 389846619697
BAD 389846619703
BAD 389847705943
BAD 389847826733
BAD 389847826741
BAD 389847826759
BAD 389848182511
BAD 389967746173
BAD 389967746191
BAD 389967746197
BAD 389969094301
BAD 389971100069
BAD 389971376479
BAD 389978999887
BAD 389978999959
BAD 389979668401
BAD 389979990353
BAD 389980837591
BAD 389981366303
BAD 389982763451
BAD 389982763453
BAD 389982763459
BAD 389983314319
BAD 389983314323
BAD 389983314421
BAD 389983980779
BAD 389983980781
BAD 389986296023
BAD 389990527327
BAD 389990622283
BAD 389990686927
BAD 389992790729
BAD 389992790731
BAD 389993012821
BAD 389993012831
BAD 389993012833
BAD 389993423401
BAD 389994720679
BAD 389994720683
BAD 389995356041
RANGE 380000000000 390000000000 PRIMES 374855825 BAD 8158
