BAD 350252258303
BAD 350252879531
BAD 350252879533
BAD 350253585421
BAD 350270038471
BAD 350254054159
BAD 350354050259
BAD 350354050261
BAD 350302649453
BAD 350273492813
BAD 350256476161
BAD 350305833613
BAD 350305833617
BAD 350306126509
BAD 350358086753
BAD 350306627497
BAD 350085732049
BAD 350085732053
BAD 350000933467
BAD 350000933521
BAD 350358699569
BAD 350358699571
BAD 350358699577
BAD 350087329399
BAD 350152789733
BAD 350002528669
BAD 350002528693
BAD 350002547749
BAD 350002547753
BAD 350002610257
BAD 350088532373
BAD 350154287851
BAD 350154287863
BAD 350154287869
BAD 350360828023
BAD 350361165391
BAD 350277113371
BAD 350277113401
BAD 350154524221
BAD 350089570921
BAD 350361595723
BAD 350361595733
BAD 350004405833
BAD 350285340841
BAD 350361998183
BAD 350277860533
BAD 350005045813
BAD 350362290139
BAD 350155524493
BAD 350155524503
BAD 350090593429
BAD 350091377203
BAD 350091377213
BAD 350006065771
BAD 350286860267
BAD 350286860269
BAD 350286975503
BAD 350286975517
BAD 350279371243
BAD 350006998399
BAD 350092877899
BAD 350365241543
BAD 350312933491
BAD 350158306753
BAD 350092877903
BAD 350007592219
BAD 350092877909
BAD 350280176593
BAD 350280176599
BAD 350280310621
BAD 350313189493
BAD 350313189511
BAD 350365635733
BAD 350280610937
BAD 350280610973
BAD 350313558137
BAD 350313679451
BAD 350313679453
BAD 350093556811
BAD 350093556817
BAD 350093556821
BAD 350093556823
BAD 350314086653
BAD 350314086743
BAD 350290735189
BAD 350159196781
BAD 350281803043
BAD 350291892967
BAD 350291892991
BAD 350315923981
BAD 350367252869
BAD 350292160159
BAD 350095205639
BAD 350095205641
BAD 350010416647
BAD 350010416653
BAD 350010416683
BAD 350010416687
BAD 350010416689
BAD 350160834949
BAD 350160834953
BAD 350368209307
BAD 350368209319
BAD 350368209329
BAD 350283100441
BAD 350283143939
BAD 350162038243
BAD 350283592097
BAD 350317940309
BAD 350283766421
BAD 350283766423
BAD 350011818139
BAD 350318204713
BAD 350162738897
BAD 350162738899
BAD 350284134469
BAD 350284134481
BAD 350284134493
BAD 350284134503
BAD 350294060791
BAD 350162993927
BAD 350098093123
BAD 350296270889
BAD 350258073073
BAD 350258073097
BAD 350099961803
BAD 350015728771
BAD 350297732339
BAD 350297732341
BAD 350165975233
BAD 350166173857
BAD 350299102081
BAD 350300281753
BAD 350300281853
BAD 350301933077
BAD 350301933083
BAD 350301949801
BAD 350301949853
BAD 350262347881
BAD 350266091047
BAD 350266644073
BAD 350267135641
BAD 350267135653
BAD 350267792813
BAD 350319303571
BAD 350321187091
BAD 350323173511
BAD 350323955539
BAD 350324243369
BAD 350035583281
BAD 350035583333
BAD 350325469621
BAD 350118741199
BAD 350325469633
BAD 350036418779
BAD 350036418803
BAD 350036437141
BAD 350119698689
BAD 350104473931
BAD 350104473949
BAD 350104865423
BAD 350051122273
BAD 350051541493
BAD 350018922031
BAD 350018967721
BAD 350052027239
BAD 350122768291
BAD 350106191641
BAD 350106191663
BAD 350106223009
BAD 350106223013
BAD 350106223021
BAD 350123080067
BAD 350134635967
BAD 350107070191
BAD 350053856149
BAD 350053856153
BAD 350107669699
BAD 350107669741
BAD 350136107119
BAD 350069604491
BAD 350054411141
BAD 350054411143
BAD 350107879981
BAD 350107880191
BAD 350108181263
BAD 350336024419
BAD 350108245063
BAD 350108633723
BAD 350331623533
BAD 350331623539
BAD 350055084901
BAD 350055084949
BAD 350331868673
BAD 350137470679
BAD 350336932843
BAD 350126442397
BAD 350126442401
BAD 350126442403
BAD 350137691441
BAD 350137691443
BAD 350126507779
BAD 350126507813
BAD 350071103597
BAD 350109798613
BAD 350109798617
BAD 350022802159
BAD 350022802163
BAD 350110010881
BAD 350337757753
BAD 350333164849
BAD 350342834341
BAD 350057111401
BAD 350127420497
BAD 350072418833
BAD 350024733367
BAD 350342834351
BAD 350127420499
BAD 350235035483
BAD 350342834353
BAD 350072418841
BAD 350387819053
BAD 350127435233
BAD 350127435299
BAD 350185604369
BAD 350185604371
BAD 350111003329
BAD 350024873683
BAD 350111276803
BAD 350111276807
BAD 350343286219
BAD 350127947467
BAD 350343778111
BAD 350186346001
BAD 350073413513
BAD 350112030061
BAD 350236340963
BAD 350236356247
BAD 350144953273
BAD 350128631401
BAD 350112475147
BAD 350026694167
BAD 350041317953
BAD 350187725299
BAD 350113765501
BAD 350187780473
BAD 350187780499
BAD 350027458621
BAD 350130236263
BAD 350114191589
BAD 350114191591
BAD 350042044501
BAD 350076202639
BAD 350060816543
BAD 350131103473
BAD 350131103477
BAD 350131103479
BAD 350239271771
BAD 350239271773
BAD 350131358119
BAD 350239475611
BAD 350239475657
BAD 350076961783
BAD 350061547133
BAD 350061547151
BAD 350061547153
BAD 350061547169
BAD 350061547201
BAD 350061547207
BAD 350028890747
BAD 350077415959
BAD 350116034537
BAD 350393922917
BAD 350132816953
BAD 350116034539
BAD 350241327859
BAD 350077703509
BAD 350393922919
BAD 350116034549
BAD 350148823811
BAD 350116034551
BAD 350189949691
BAD 350148823813
BAD 350348354581
BAD 350116034563
BAD 350062843331
BAD 350348354591
BAD 350348354593
BAD 350393934421
BAD 350043870511
BAD 350116091407
BAD 350077833979
BAD 350348538667
BAD 350149333159
BAD 350078397733
BAD 350031142541
BAD 350063935129
BAD 350117179891
BAD 350117179897
BAD 350117400473
BAD 350133945113
BAD 350045080183
BAD 350242640017
BAD 350045080193
BAD 350064684127
BAD 350045080201
BAD 350395584653
BAD 350045080283
BAD 350242640023
BAD 350395584667
BAD 350150808211
BAD 350350503791
BAD 350350503793
BAD 350350503803
BAD 350350503809
BAD 350350503817
BAD 350350503827
BAD 350350503829
BAD 350172465527
BAD 350172465529
BAD 350045729731
BAD 350045831819
BAD 350033067767
BAD 350046351607
BAD 350066248381
BAD 350066355967
BAD 350081083927
BAD 350081083931
BAD 350081177813
BAD 350351711477
BAD 350351711483
BAD 350351711491
BAD 350351711561
BAD 350351711569
BAD 350173997423
BAD 350397695203
BAD 350244779011
BAD 350193892693
BAD 350193892703
BAD 350194222333
BAD 350398752569
BAD 350399541211
BAD 350399573737
BAD 350195200571
BAD 350049375001
BAD 350401103653
BAD 350402574541
BAD 350402574547
BAD 350402642867
BAD 350402642869
BAD 350178908003
BAD 350250275633
BAD 350198211271
BAD 350179821361
BAD 350182132523
BAD 350182132529
BAD 350218144363
BAD 350218225447
BAD 350218473361
BAD 350220791971
BAD 350221725883
BAD 350223527281
BAD 350224017919
BAD 350224219381
BAD 350225740693
BAD 350225740729
BAD 350226144097
BAD 350226144109
BAD 350369798797
BAD 350369798803
BAD 350228074543
BAD 350228512103
BAD 350371501169
BAD 350371501171
BAD 350375035429
BAD 350376736823
BAD 350376736837
BAD 350230564601
BAD 350230564603
BAD 350230906247
BAD 350230906303
BAD 350230906309
BAD 350230906351
BAD 350378193199
BAD 350378385937
BAD 350378385943
BAD 350379515417
BAD 350379515419
BAD 350379554389
BAD 350379554423
BAD 350232786191
BAD 350232786193
BAD 350232898139
BAD 350232973763
BAD 350380238357
BAD 350380238359
BAD 350381002093
BAD 350381398909
BAD 350234811643
BAD 350234811649
BAD 350234811653
BAD 350383095653
BAD 350201329367
BAD 350201329369
BAD 350201700179
BAD 350201700181
BAD 350205095573
BAD 350212049699
BAD 350212683871
BAD 350212683889
BAD 350213465831
BAD 350216384143
BAD 350470809883
BAD 350404421779
BAD 350404421797
BAD 350404687903
BAD 350404687907
BAD 350404687909
BAD 350522900947
BAD 350523220939
BAD 350474352743
BAD 350524147627
BAD 350475425479
BAD 350406870139
BAD 350406870157
BAD 350524147663
BAD 350407138423
BAD 350407138427
BAD 350476236871
BAD 350476247509
BAD 350524630669
BAD 350476800833
BAD 350476800841
BAD 350477220427
BAD 350410453703
BAD 350411353823
BAD 350480561077
BAD 350504467829
BAD 350481221437
BAD 350412134077
BAD 350505762109
BAD 350481653341
BAD 350481833257
BAD 350481833269
BAD 350488104623
BAD 350488104653
BAD 350508624937
BAD 350508624941
BAD 350508624943
BAD 350530084231
BAD 350530522351
BAD 350530625449
BAD 350510048359
BAD 350490221779
BAD 350416764713
BAD 350417217263
BAD 350492507809
BAD 350493158153
BAD 350493158161
BAD 350534047519
BAD 350514912127
BAD 350514912133
BAD 350534988289
BAD 350495453629
BAD 350535138223
BAD 350486212151
BAD 350495717881
BAD 350496749623
BAD 350496910133
BAD 350516289901
BAD 350497031447
BAD 350497031449
BAD 350517295201
BAD 350497796183
BAD 350420359241
BAD 350420794753
BAD 350499056927
BAD 350500008181
BAD 350500008241
BAD 350500361161
BAD 350421408721
BAD 350421476003
BAD 350421662453
BAD 350422191319
BAD 350422191323
BAD 350423282467
BAD 350423282477
BAD 350423282479
BAD 350423623513
BAD 350502670951
BAD 350502721651
BAD 350425594339
BAD 350425594429
BAD 350425594433
BAD 350425594579
BAD 350425594583
BAD 350427785093
BAD 350427785101
BAD 350427785107
BAD 350427785153
BAD 350427785161
BAD 350453305493
BAD 350429556143
BAD 350454151687
BAD 350431825867
BAD 350432451631
BAD 350455439461
BAD 350433272117
BAD 350456474947
BAD 350456699323
BAD 350457081907
BAD 350457249563
BAD 350434421641
BAD 350458877687
BAD 350434421647
BAD 350434421657
BAD 350458877689
BAD 350458877693
BAD 350604543767
BAD 350435583649
BAD 350435583661
BAD 350438900971
BAD 350438901019
BAD 350438901023
BAD 350439177983
BAD 350440099441
BAD 350462480237
BAD 350462480239
BAD 350655788881
BAD 350607668791
BAD 350607668797
BAD 350671719751
BAD 350622513841
BAD 350622744653
BAD 350622979591
BAD 350554189103
BAD 350609157109
BAD 350609157373
BAD 350441632927
BAD 350441632943
BAD 350576658079
BAD 350576658097
BAD 350576664349
BAD 350465270563
BAD 350555975687
BAD 350672671777
BAD 350658788153
BAD 350555975689
BAD 350441922059
BAD 350672671781
BAD 350658788171
BAD 350624098939
BAD 350555975701
BAD 350610379883
BAD 350624483243
BAD 350577321349
BAD 350577424591
BAD 350673539647
BAD 350577549467
BAD 350587870669
BAD 350587870673
BAD 350466710371
BAD 350625674981
BAD 350625674983
BAD 350557596877
BAD 350557596889
BAD 350588295667
BAD 350612045957
BAD 350612045989
BAD 350674204187
BAD 350588719531
BAD 350558430823
BAD 350558430829
BAD 350589933283
BAD 350468963737
BAD 350468963743
BAD 350559627461
BAD 350559627463
BAD 350559627527
BAD 350590546643
BAD 350444404201
BAD 350444404207
BAD 350444511479
BAD 350444511481
BAD 350579792821
BAD 350627971471
BAD 350444684827
BAD 350560807843
BAD 350560809979
BAD 350560809983
BAD 350591495809
BAD 350580166081
BAD 350561009179
BAD 350661960379
BAD 350445639637
BAD 350630037893
BAD 350662994509
BAD 350663044649
BAD 350663044651
BAD 350562884767
BAD 350664000163
BAD 350582450633
BAD 350664442291
BAD 350631780673
BAD 350678783999
BAD 350564447971
BAD 350583868067
BAD 350619306083
BAD 350564447977
BAD 350564447993
BAD 350564519959
BAD 350449366087
BAD 350597134831
BAD 350597134837
BAD 350632579741
BAD 350632579747
BAD 350632579751
BAD 350632579753
BAD 350632636493
BAD 350632636499
BAD 350632636513
BAD 350665318819
BAD 350665318823
BAD 350665318841
BAD 350620050463
BAD 350449893271
BAD 350598014849
BAD 350666223763
BAD 350635041247
BAD 350667669883
BAD 350635339063
BAD 350667711523
BAD 350667711539
BAD 350788856969
BAD 350681804051
BAD 350681804071
BAD 350789230163
BAD 350567658037
BAD 350567658041
BAD 350567658043
BAD 350668836613
BAD 350452410089
BAD 350601108811
BAD 350601777893
BAD 350602644871
BAD 350740207837
BAD 350603262379
BAD 350684558993
BAD 350791091311
BAD 350741457401
BAD 350741457403
BAD 350723197093
BAD 350570195663
BAD 350792566609
BAD 350792566613
BAD 350687785639
BAD 350744861843
BAD 350744861851
BAD 350726401951
BAD 350726721361
BAD 350745442837
BAD 350794505993
BAD 350794506011
BAD 350746097941
BAD 350746097959
BAD 350746097963
BAD 350746097969
BAD 350746097971
BAD 350746097983
BAD 350746230533
BAD 350746230539
BAD 350728554511
BAD 350747423233
BAD 350729836861
BAD 350729836883
BAD 350748752839
BAD 350748873287
BAD 350638046981
BAD 350773243789
BAD 350773243801
BAD 350749294543
BAD 350749294547
BAD 350638113229
BAD 350638113233
BAD 350796924143
BAD 350797112761
BAD 350749771201
BAD 350774084137
BAD 350798002847
BAD 350798003011
BAD 350774926441
BAD 350775396911
BAD 350775396913
BAD 350639760719
BAD 350639760721
BAD 350733648469
BAD 350733648493
BAD 350733907583
BAD 350733907597
BAD 350734025927
BAD 350734025933
BAD 350776130827
BAD 350799463613
BAD 350799463633
BAD 350799463643
BAD 350799463649
BAD 350799463667
BAD 350799463669
BAD 350753024863
BAD 350640799969
BAD 350640799973
BAD 350799828173
BAD 350799828209
BAD 350705432641
BAD 350800946443
BAD 350705640193
BAD 350705640253
BAD 350705643289
BAD 350705643293
BAD 350642675987
BAD 350642675989
BAD 350642675993
BAD 350706335893
BAD 350642933393
BAD 350779889179
BAD 350642933401
BAD 350706335897
BAD 350706335899
BAD 350779935151
BAD 350780013583
BAD 350780013587
BAD 350780013611
BAD 350780013613
BAD 350643191137
BAD 350802352141
BAD 350780484389
BAD 350780484391
BAD 350643361823
BAD 350706882173
BAD 350803459207
BAD 350781439289
BAD 350781439291
BAD 350781502843
BAD 350781502849
BAD 350644626271
BAD 350804517341
BAD 350804806577
BAD 350804806579
BAD 350645332847
BAD 350645438383
BAD 350709402443
BAD 350783945933
BAD 350710567117
BAD 350784951481
BAD 350647859677
BAD 350647859719
BAD 350711536369
BAD 350540103847
BAD 350786196443
BAD 350786196469
BAD 350540579407
BAD 350712471379
BAD 350787064129
BAD 350712511213
BAD 350712511217
BAD 350787214189
BAD 350650244183
BAD 350713095983
BAD 350787852817
BAD 350650784153
BAD 350542766417
BAD 350651161373
BAD 350651161379
BAD 350651161381
BAD 350714150299
BAD 350651484427
BAD 350651484431
BAD 350651484433
BAD 350651488483
BAD 350543971423
BAD 350543971429
BAD 350543971447
BAD 350544701173
BAD 350544701191
BAD 350544937363
BAD 350544937373
BAD 350716835983
BAD 350716835993
BAD 350717324693
BAD 350717521111
BAD 350717521117
BAD 350718975809
BAD 350718975811
BAD 350719264307
BAD 350547745789
BAD 350720297051
BAD 350550942089
BAD 350551758079
BAD 350551758083
BAD 350755499879
BAD 350755499881
BAD 350756818549
BAD 350758097429
BAD 350761327591
BAD 350761327601
BAD 350761327603
BAD 350761327627
BAD 350764772027
BAD 350769105751
BAD 350770279991
BAD 350771157859
BAD 350688995359
BAD 350690088533
BAD 350690582173
BAD 350690582183
BAD 350690992549
BAD 350692693093
BAD 350692693103
BAD 350692891411
BAD 350695353181
BAD 350695353187
BAD 350700045859
BAD 350701175749
BAD 350702468429
BAD 350702468447
BAD 350702468449
BAD 350702468461
BAD 350702485633
BAD 350703430747
BAD 350703668353
BAD 350822203021
BAD 350823765079
BAD 350823765109
BAD 350824278991
BAD 350824278997
BAD 350825942707
BAD 350828373463
BAD 350828523769
BAD 350855782591
BAD 350833045117
BAD 350857127713
BAD 350857127717
BAD 350834871941
BAD 350836228097
BAD 351006645719
BAD 351023790133
BAD 351007812271
BAD 351007812289
BAD 351007830139
BAD 351007830143
BAD 351026814353
BAD 351027188641
BAD 350861630629
BAD 351028775897
BAD 351028775899
BAD 351013033169
BAD 351013264081
BAD 351013264157
BAD 351013264193
BAD 351013264201
BAD 350863791613
BAD 351092806783
BAD 351031756423
BAD 351016008509
BAD 351032285467
BAD 351016236919
BAD 351033118103
BAD 350866346993
BAD 350866347001
BAD 351095513837
BAD 351095557103
BAD 351095557133
BAD 351095557159
BAD 351096104837
BAD 351096104839
BAD 350940629929
BAD 350940629933
BAD 350867720089
BAD 351096674899
BAD 351097403467
BAD 350868518503
BAD 351097525117
BAD 351020821471
BAD 351020821477
BAD 351020821483
BAD 351020821493
BAD 351178091401
BAD 351021877321
BAD 351099139123
BAD 351178993483
BAD 351099580501
BAD 351022877941
BAD 351179492437
BAD 350944979309
BAD 350944979311
BAD 350945283719
BAD 350945283721
BAD 350945283739
BAD 350945283743
BAD 350945283749
BAD 351180327613
BAD 351100681111
BAD 350946118951
BAD 350946118979
BAD 351101153033
BAD 351181254667
BAD 350871872311
BAD 350946950509
BAD 350946961969
BAD 350946961973
BAD 350946962131
BAD 351102439279
BAD 351102439283
BAD 351102439291
BAD 351103357103
BAD 351185298931
BAD 351105494101
BAD 351191632201
BAD 351192065977
BAD 351192066023
BAD 351188234629
BAD 350953106059
BAD 351188680433
BAD 351189633103
BAD 351189633107
BAD 350955010019
BAD 351193600193
BAD 351189836537
BAD 351189836539
BAD 351194198923
BAD 351194198941
BAD 351194272459
BAD 351194272477
BAD 351190581331
BAD 351195122843
BAD 351196287203
BAD 351196287293
BAD 351196287301
BAD 351198347923
BAD 351201579691
BAD 351201579697
BAD 351202622539
BAD 351204836701
BAD 351205439423
BAD 351206042683
BAD 351206717599
BAD 351206717731
BAD 351158330779
BAD 351158330791
BAD 351159777413
BAD 351159777433
BAD 351162206333
BAD 350805514309
BAD 351164077729
BAD 350806338629
BAD 350873419471
BAD 350873419483
BAD 351165221587
BAD 351165221591
BAD 351165221593
BAD 351165817283
BAD 351107950429
BAD 351108434221
BAD 351167765317
BAD 351109934767
BAD 351110013983
BAD 351110627033
BAD 350876516503
BAD 350876516509
BAD 351169171291
BAD 350809834567
BAD 350877142939
BAD 350877142943
BAD 351170220109
BAD 350810734103
BAD 350810734111
BAD 351057659903
BAD 350811306427
BAD 351058238683
BAD 351172373977
BAD 351172373983
BAD 351172373987
BAD 351172373989
BAD 351172377307
BAD 351172616323
BAD 351058885943
BAD 351172875553
BAD 350891336723
BAD 350812943989
BAD 351059867791
BAD 350959119349
BAD 350959119353
BAD 350879615507
BAD 350879615509
BAD 351115595569
BAD 351115595573
BAD 351115595587
BAD 350813354623
BAD 351060115339
BAD 351116044687
BAD 350959970419
BAD 350959970423
BAD 351060619939
BAD 350813939689
BAD 350813991763
BAD 351061219273
BAD 350893682723
BAD 350880807817
BAD 350880807821
BAD 350894065733
BAD 351074664713
BAD 351074796229
BAD 351061945777
BAD 351061945811
BAD 351061945813
BAD 351074876573
BAD 351117745841
BAD 351117745843
BAD 350881277647
BAD 350881593619
BAD 350881593641
BAD 350962172689
BAD 350962487089
BAD 351076184821
BAD 351063587527
BAD 351076505693
BAD 350816060479
BAD 351076505729
BAD 351063587531
BAD 351063587533
BAD 351173319323
BAD 350963792197
BAD 350963871773
BAD 350896963013
BAD 351064244659
BAD 351064244701
BAD 351040377301
BAD 351040377307
BAD 351077820193
BAD 351064627733
BAD 351064716437
BAD 351064716439
BAD 351064716449
BAD 351064716451
BAD 350882648783
BAD 350882648791
BAD 350882648849
BAD 350897738273
BAD 350817169387
BAD 351065354533
BAD 351065354551
BAD 351143538547
BAD 350966634481
BAD 350966700803
BAD 351123304549
BAD 350819054603
BAD 351066711673
BAD 350899037063
BAD 351081883133
BAD 351042956123
BAD 350974421269
BAD 351144881977
BAD 350974421309
BAD 350969094383
BAD 350969227673
BAD 351066975361
BAD 351082201471
BAD 351067117469
BAD 351067117483
BAD 351145286567
BAD 351145286573
BAD 351145295701
BAD 351067408343
BAD 351124001881
BAD 350887234801
BAD 351146158343
BAD 350887972327
BAD 350900648123
BAD 351127495933
BAD 350820640943
BAD 351084158869
BAD 350925594479
BAD 350925615877
BAD 351127999441
BAD 350888971669
BAD 351128836579
BAD 350926196011
BAD 351070518769
BAD 350888971673
BAD 351046059827
BAD 350977170163
BAD 351084954799
BAD 351046059829
BAD 350901796561
BAD 351084954809
BAD 350977170233
BAD 351084954811
BAD 350977170259
BAD 351084954817
BAD 350977170263
BAD 351084954827
BAD 350977192763
BAD 350901897637
BAD 350901897691
BAD 351085127413
BAD 351085127453
BAD 351085127461
BAD 351147880231
BAD 351046658113
BAD 351085647593
BAD 351046811971
BAD 351129848941
BAD 351129848947
BAD 351129848957
BAD 351130165567
BAD 351148654733
BAD 351072103351
BAD 351130359353
BAD 350903305583
BAD 350903305591
BAD 351072388423
BAD 351072388427
BAD 351148953373
BAD 351130569011
BAD 351047596483
BAD 351086876911
BAD 351086876923
BAD 351086950493
BAD 351073126279
BAD 351131588761
BAD 351131588767
BAD 351131588771
BAD 351131588777
BAD 351131588779
BAD 351131588783
BAD 351087995273
BAD 350905954409
BAD 350905954411
BAD 351134087813
BAD 351151642937
BAD 350982212873
BAD 350982212929
BAD 351050417387
BAD 351050796541
BAD 351050873461
BAD 351050873471
BAD 351134999833
BAD 351135172351
BAD 350983649563
BAD 351135664223
BAD 350932449089
BAD 351051847151
BAD 350933078201
BAD 350933078203
BAD 350933296699
BAD 350933296711
BAD 351137390777
BAD 351137390783
BAD 350934106823
BAD 351137916083
BAD 350934963583
BAD 350935088689
BAD 350935200047
BAD 350935310059
BAD 351138764131
BAD 351054100493
BAD 350987623321
BAD 350937046907
BAD 350988462403
BAD 350937418591
BAD 350937632821
BAD 351157607629
BAD 351055567273
BAD 350938482361
BAD 350938482371
BAD 350938482373
BAD 350939163203
BAD 350906304101
BAD 350914643929
BAD 350914992119
BAD 350917354703
BAD 350917354709
BAD 350917354717
BAD 350994108481
BAD 350994108511
BAD 350994317497
BAD 350920742329
BAD 350920984649
BAD 350920984651
BAD 350994794749
BAD 350994794753
BAD 350994868429
BAD 350995061707
BAD 350995061713
BAD 350921378363
BAD 350995474099
BAD 350995474103
BAD 350995855019
BAD 350995855043
BAD 350921974873
BAD 350997361963
BAD 350998308547
BAD 350998767367
BAD 350999430217
BAD 350999789687
BAD 350839584943
BAD 350999789689
BAD 351000161581
BAD 351000337081
BAD 350842883497
BAD 351003033391
BAD 351003272153
BAD 350843939389
BAD 351004956397
BAD 351004956413
BAD 350849060677
BAD 350849145301
BAD 350849436967
BAD 350851738949
BAD 350852543033
BAD 350854559843
BAD 350854559851
BAD 351242157073
BAD 351242286617
BAD 351245869703
BAD 351245981969
BAD 351245981971
BAD 351246187753
BAD 351246649979
BAD 351246649981
BAD 351249598597
BAD 351249598607
BAD 351251957813
BAD 351251957821
BAD 351252272431
BAD 351252611329
BAD 351252611371
BAD 351253505237
BAD 351258506317
BAD 351278536429
BAD 351278536439
BAD 351279294437
BAD 351279294439
BAD 351308820229
BAD 351310170209
BAD 351311152069
BAD 351264194261
BAD 351264194263
BAD 351255264091
BAD 351283355009
BAD 351283355011
BAD 351256692299
BAD 351256692301
BAD 351284165527
BAD 351284459741
BAD 351314176613
BAD 351314176621
BAD 351314176627
BAD 351285847853
BAD 351267855089
BAD 351267855091
BAD 351316788139
BAD 351316788143
BAD 351289555583
BAD 351271283483
BAD 351290902051
BAD 351209923699
BAD 351290902057
BAD 351292710773
BAD 351292710781
BAD 351292710787
BAD 351293763913
BAD 351293766157
BAD 351320256649
BAD 351320256673
BAD 351211276783
BAD 351211276789
BAD 351320698537
BAD 351320698541
BAD 351212532113
BAD 351273088193
BAD 351273088207
BAD 351274962413
BAD 351296802383
BAD 351215648393
BAD 351215768263
BAD 351297756013
BAD 351298535537
BAD 351298535543
BAD 351217205021
BAD 351217205023
BAD 351217343513
BAD 351324736621
BAD 351325250477
BAD 351218368283
BAD 351218847079
BAD 351300839467
BAD 351300839521
BAD 351218851519
BAD 351218851523
BAD 351300999323
BAD 351301475017
BAD 351220026541
BAD 351304778281
BAD 351223804793
BAD 351224536007
BAD 351224536009
BAD 351307587023
BAD 351392865097
BAD 351393296099
BAD 351393296101
BAD 351561105073
BAD 351397489543
BAD 351561358117
BAD 351561358121
BAD 351561358123
BAD 351561382213
BAD 351561847913
BAD 351561847969
BAD 351562444861
BAD 351562444867
BAD 351562694701
BAD 351398434613
BAD 351563018453
BAD 351563018479
BAD 351565413019
BAD 351565532093
BAD 351565955131
BAD 351566129753
BAD 351566562401
BAD 351569364623
BAD 351404854253
BAD 351570141203
BAD 351570141259
BAD 351405860783
BAD 351406563223
BAD 351571704643
BAD 351224812933
BAD 351572868019
BAD 351573283231
BAD 351225812473
BAD 351226516327
BAD 351226516331
BAD 351226667579
BAD 351574435561
BAD 351230723693
BAD 351231561931
BAD 351231561953
BAD 351232652489
BAD 351234552313
BAD 351237363823
BAD 351237635843
BAD 351237635863
BAD 351237635867
BAD 351237635869
BAD 351237635873
BAD 351238829153
BAD 351240940333
BAD 351240979577
BAD 351578155163
BAD 351578398231
BAD 351477631507
BAD 351581401819
BAD 351581689801
BAD 351581689829
BAD 351581689831
BAD 351582275963
BAD 351459850471
BAD 351494113133
BAD 351480719399
BAD 351480719441
BAD 351460375507
BAD 351460375523
BAD 351481007401
BAD 351510751181
BAD 351510751183
BAD 351412261433
BAD 351583739513
BAD 351595297553
BAD 351511152203
BAD 351412632119
BAD 351412632121
BAD 351412632163
BAD 351412652639
BAD 351412652641
BAD 351481800893
BAD 351511480339
BAD 351595695613
BAD 351595695617
BAD 351496021937
BAD 351496021939
BAD 351496270921
BAD 351512545313
BAD 351512810333
BAD 351512810357
BAD 351512810359
BAD 351414217321
BAD 351496850923
BAD 351414233363
BAD 351414233377
BAD 351585177001
BAD 351585177011
BAD 351585223021
BAD 351585223027
BAD 351513445111
BAD 351585333397
BAD 351585333401
BAD 351585333403
BAD 351585333409
BAD 351585333413
BAD 351585333419
BAD 351483428251
BAD 351483428279
BAD 351483428281
BAD 351462940627
BAD 351462940649
BAD 351486195919
BAD 351497229997
BAD 351597309253
BAD 351415072733
BAD 351375761423
BAD 351597309257
BAD 351518829749
BAD 351585567077
BAD 351415072747
BAD 351585567079
BAD 351518829751
BAD 351585567083
BAD 351585591353
BAD 351597339083
BAD 351360765313
BAD 351360765317
BAD 351360765319
BAD 351360887863
BAD 351463150169
BAD 351486431507
BAD 351486608687
BAD 351527343997
BAD 351486761903
BAD 351487242419
BAD 351487242427
BAD 351498294727
BAD 351429593401
BAD 351587138603
BAD 351587203999
BAD 351528223939
BAD 351362606477
BAD 351377506807
BAD 351362606479
BAD 351528223951
BAD 351464437969
BAD 351377547361
BAD 351430390799
BAD 351416621839
BAD 351465137063
BAD 351430904299
BAD 351430904303
BAD 351521306897
BAD 351521306911
BAD 351528790981
BAD 351528794083
BAD 351528794093
BAD 351465559651
BAD 351465559703
BAD 351363878419
BAD 351363878423
BAD 351521833409
BAD 351431411839
BAD 351545673263
BAD 351522204727
BAD 351545930773
BAD 351545967811
BAD 351545967869
BAD 351379416133
BAD 351490577479
BAD 351380012287
BAD 351601976461
BAD 351469074247
BAD 351432894629
BAD 351530720941
BAD 351365806391
BAD 351524539609
BAD 351492609121
BAD 351530721011
BAD 351549043133
BAD 351530721013
BAD 351530721023
BAD 351530721037
BAD 351591369977
BAD 351591369979
BAD 351505381561
BAD 351524867423
BAD 351505602709
BAD 351505602713
BAD 351505655563
BAD 351505655569
BAD 351418966039
BAD 351505972417
BAD 351603123709
BAD 351531283429
BAD 351592892647
BAD 351434582581
BAD 351419962073
BAD 351593266993
BAD 351420127207
BAD 351435025009
BAD 351526409243
BAD 351382520521
BAD 351471517493
BAD 351435190459
BAD 351551080367
BAD 351532545487
BAD 351383471353
BAD 351383496433
BAD 351383762383
BAD 351383762393
BAD 351533019713
BAD 351606464863
BAD 351422163583
BAD 351422163613
BAD 351551996813
BAD 351473336971
BAD 351436713409
BAD 351368820577
BAD 351553173091
BAD 351607814297
BAD 351437366261
BAD 351608264617
BAD 351608264621
BAD 351423961319
BAD 351423961321
BAD 351474577697
BAD 351553960403
BAD 351535732697
BAD 351535732699
BAD 351535732703
BAD 351438729311
BAD 351535972603
BAD 351370150861
BAD 351475770739
BAD 351475770743
BAD 351475770749
BAD 351425531563
BAD 351425531573
BAD 351610306793
BAD 351425808703
BAD 351425808707
BAD 351425808709
BAD 351425808731
BAD 351425808733
BAD 351370855831
BAD 351370855837
BAD 351556093901
BAD 351556093921
BAD 351440719607
BAD 351388825789
BAD 351556174807
BAD 351537293069
BAD 351537293071
BAD 351441055543
BAD 351371513989
BAD 351371513993
BAD 351441743089
BAD 351556986559
BAD 351441965767
BAD 351372035957
BAD 351390482063
BAD 351557853407
BAD 351557853433
BAD 351558068633
BAD 351391154357
BAD 351392058091
BAD 351392467991
BAD 351374900281
BAD 351540887101
BAD 351541217903
BAD 351541595941
BAD 351541595981
BAD 351541595983
BAD 351542534363
BAD 351448315643
BAD 351448315651
BAD 351448315657
BAD 351449319467
BAD 351449319469
BAD 351450265433
BAD 351450316859
BAD 351450316879
BAD 351453401813
BAD 351453401869
BAD 351454466281
BAD 351454466303
BAD 351343213381
BAD 351344640203
BAD 351458216581
BAD 351458216651
BAD 351347018527
BAD 351347416201
BAD 351351423121
BAD 351351535763
BAD 351353100619
BAD 351356978363
BAD 351356978369
BAD 351331310023
BAD 351331310041
BAD 351332566423
BAD 351333909139
BAD 351337354273
BAD 351338342573
BAD 351339998221
BAD 351629001883
BAD 351629419033
BAD 351629419039
BAD 351629856883
BAD 351632734163
BAD 351661081579
BAD 351636852893
BAD 351636852907
BAD 351636852911
BAD 351661570633
BAD 351661892657
BAD 351661926089
BAD 351637571767
BAD 351638004569
BAD 351638720143
BAD 351638720203
BAD 351638727373
BAD 351712961549
BAD 351697611127
BAD 351697611137
BAD 351713893577
BAD 351713893579
BAD 351714025249
BAD 351698255767
BAD 351698255771
BAD 351698255773
BAD 351714407357
BAD 351714407371
BAD 351698917057
BAD 351700158463
BAD 351700158473
BAD 351664874741
BAD 351700741111
BAD 351700741121
BAD 351717120743
BAD 351678280381
BAD 351678330053
BAD 351678330061
BAD 351667013123
BAD 351667013129
BAD 351702847501
BAD 351702989047
BAD 351703506001
BAD 351668187763
BAD 351668187769
BAD 351680972557
BAD 351668792329
BAD 351720798229
BAD 351643053239
BAD 351681842299
BAD 351681842311
BAD 351668929993
BAD 351721031771
BAD 351682465403
BAD 351682465411
BAD 351670363589
BAD 351644036629
BAD 351670446613
BAD 351683383291
BAD 351683383301
BAD 351646835149
BAD 351647429779
BAD 351684246107
BAD 351684246113
BAD 351724659733
BAD 351673373851
BAD 351685591381
BAD 351674250293
BAD 351674777423
BAD 351705098287
BAD 351687083263
BAD 351687083269
BAD 351687253651
BAD 351650974547
BAD 351725858623
BAD 351687640651
BAD 351687640657
BAD 351726659267
BAD 351726659269
BAD 351726973529
BAD 351726973531
BAD 351688282819
BAD 351688526333
BAD 351652428731
BAD 351688923083
BAD 351689081563
BAD 351653142559
BAD 351653142571
BAD 351654348013
BAD 351691406977
BAD 351691406981
BAD 351691407017
BAD 351691407019
BAD 351709211123
BAD 351675230633
BAD 351655493183
BAD 351693028637
BAD 351693028639
BAD 351693028651
BAD 351694261043
BAD 351694261049
BAD 351657356341
BAD 351657411121
BAD 351657995071
BAD 351657995167
BAD 351658573957
BAD 351658573961
BAD 351658573969
BAD 351659053483
BAD 351659486663
BAD 351659785517
BAD 351659785523
BAD 351728725351
BAD 351728725367
BAD 351729084379
BAD 351729710623
BAD 351729710639
BAD 351729710641
BAD 351729710743
BAD 351730664977
BAD 351730664981
BAD 351730664983
BAD 351731937451
BAD 351731947669
BAD 351732325471
BAD 351732357751
BAD 351734591017
BAD 351734591023
BAD 351739769179
BAD 351740177869
BAD 351740797649
BAD 351740797651
BAD 351740797663
BAD 351741038449
BAD 351742131271
BAD 351743211067
BAD 351743486161
BAD 351743591093
BAD 351744268573
BAD 351612010129
BAD 351612211277
BAD 351613137451
BAD 351613969439
BAD 351614479309
BAD 351617045777
BAD 351617243717
BAD 351619927627
BAD 351621364433
BAD 351623727569
BAD 351623727571
BAD 351624504799
BAD 351624667291
BAD 351624667367
BAD 351625286633
BAD 351625889213
BAD 351625889221
BAD 351625889233
BAD 351626850109
BAD 351626918129
BAD 351626918131
BAD 351881816603
BAD 351882533801
BAD 351883588339
BAD 351883588349
BAD 351883774273
BAD 351883918963
BAD 351883918973
BAD 351883972711
BAD 351885022081
BAD 351885679339
BAD 351886783351
BAD 351887748307
BAD 351887748313
BAD 351895534357
BAD 351744909811
BAD 351745086001
BAD 351745230479
BAD 351745230481
BAD 351746016899
BAD 351746016901
BAD 351746524567
BAD 351747230479
BAD 351896418199
BAD 351749136331
BAD 351749136337
BAD 351749136397
BAD 351897853883
BAD 351897853889
BAD 351898117121
BAD 351750332333
BAD 351898245739
BAD 351898762951
BAD 351929525833
BAD 351929699753
BAD 351753550097
BAD 351930335363
BAD 351754839323
BAD 351754882691
BAD 351796929259
BAD 351813640169
BAD 351933039553
BAD 351754882693
BAD 351814360609
BAD 351798340099
BAD 351798340447
BAD 351756605147
BAD 351815095507
BAD 351756910969
BAD 351815363833
BAD 351815454443
BAD 351815454469
BAD 351934706219
BAD 351934749871
BAD 351997883563
BAD 351997961813
BAD 351800181113
BAD 351758907271
BAD 351817573777
BAD 351999172583
BAD 351759449903
BAD 351759449911
BAD 351999517253
BAD 351759881857
BAD 351845756687
BAD 351778616929
BAD 351778616933
BAD 351778616939
BAD 351778616941
BAD 351965952787
BAD 351802665607
BAD 351818949169
BAD 351965952791
BAD 351845987443
BAD 351938186533
BAD 351903532531
BAD 351903532537
BAD 351903532543
BAD 351802712581
BAD 351819044677
BAD 351938828023
BAD 351779036431
BAD 351779036437
BAD 351966787129
BAD 351819584089
BAD 351846472361
BAD 351846472363
BAD 351846472387
BAD 351846472409
BAD 351967499539
BAD 351803411717
BAD 351803411719
BAD 352005024157
BAD 352005024169
BAD 351968220187
BAD 351968220193
BAD 351941244181
BAD 351968300329
BAD 351804469327
BAD 351906523939
BAD 351942934493
BAD 352008383971
BAD 351970480021
BAD 351760575043
BAD 351942934507
BAD 351782000419
BAD 351862389773
BAD 351851705603
BAD 352008383977
BAD 352008383983
BAD 351851705633
BAD 351943226953
BAD 351760925311
BAD 351907041301
BAD 351907041307
BAD 351782593997
BAD 351761248997
BAD 351761248999
BAD 351805072699
BAD 351761355719
BAD 351761355721
BAD 351805175563
BAD 351805175567
BAD 352009745341
BAD 351908504933
BAD 351805812229
BAD 351908504939
BAD 351805812233
BAD 351971679593
BAD 351945119467
BAD 351911655143
BAD 352010446441
BAD 351911655157
BAD 351853632947
BAD 351984217219
BAD 351822097591
BAD 351971723461
BAD 351853819951
BAD 351864351623
BAD 351864427067
BAD 351864427069
BAD 351822535529
BAD 351822535531
BAD 351822535567
BAD 351809343583
BAD 351767379881
BAD 351767379883
BAD 351972274669
BAD 351972274673
BAD 351809421547
BAD 351786078001
BAD 351823127437
BAD 351984944959
BAD 351767841883
BAD 351767841889
BAD 351855496163
BAD 351985983599
BAD 351866002519
BAD 351787352869
BAD 351787352881
BAD 351787352927
BAD 351769289281
BAD 351787628057
BAD 351987030077
BAD 351987030079
BAD 351987064907
BAD 351987064909
BAD 351866865421
BAD 351770109043
BAD 351770109049
BAD 351770109079
BAD 351974754037
BAD 351788392651
BAD 351770479981
BAD 351975050377
BAD 351772666183
BAD 351772666187
BAD 351976828549
BAD 351990482849
BAD 351990893893
BAD 351858265673
BAD 351828589433
BAD 351950535463
BAD 351977697853
BAD 351977733493
BAD 351977733517
BAD 351775641563
BAD 351870847849
BAD 351861056159
BAD 351991946491
BAD 351952723169
BAD 351792155051
BAD 351861056161
BAD 351777614273
BAD 351792176863
BAD 351992337941
BAD 351992451259
BAD 351992451263
BAD 351778155037
BAD 351953635213
BAD 351953635217
BAD 351872471233
BAD 351872475211
BAD 351872748529
BAD 351872819407
BAD 351994659703
BAD 351994659707
BAD 351794357963
BAD 351955955023
BAD 351956183911
BAD 351874418843
BAD 351957126289
BAD 351957126293
BAD 351996144859
BAD 351996418273
BAD 351913449271
BAD 351913672183
BAD 351958454759
BAD 351958454761
BAD 351875823661
BAD 351876639259
BAD 351960696223
BAD 351960696229
BAD 351916899941
BAD 351916899947
BAD 351962187373
BAD 351917514901
BAD 351922615103
BAD 351922615111
BAD 351923290363
BAD 351923290373
BAD 351924977603
BAD 351925528309
BAD 351926051179
BAD 351926630981
BAD 351928088693
BAD 351828762773
BAD 351828762781
BAD 351832131839
BAD 351833244031
BAD 351834716071
BAD 351835574107
BAD 351838463453
BAD 351841084061
BAD 351841084073
BAD 351841838533
BAD 351843302221
BAD 352064264663
BAD 352065178909
BAD 352065798319
BAD 352065798323
BAD 352065798379
BAD 352065798391
BAD 352065832343
BAD 352065962497
BAD 352066677563
BAD 352068134861
BAD 352068134863
BAD 352068422161
BAD 352081079531
BAD 352097546539
BAD 352082268313
BAD 352082525261
BAD 352098684361
BAD 352098684407
BAD 352098684481
BAD 352072016119
BAD 352099995427
BAD 352073515337
BAD 352074192763
BAD 352101232201
BAD 352101379951
BAD 352087228967
BAD 352088047561
BAD 352088047579
BAD 352088047583
BAD 352088047589
BAD 352089585233
BAD 352104055603
BAD 352089778433
BAD 352076561959
BAD 352076561971
BAD 352076562001
BAD 352076798881
BAD 352076798897
BAD 352090050271
BAD 352090306391
BAD 352077262171
BAD 352078085719
BAD 352091719219
BAD 352092441251
BAD 352079433781
BAD 352105202641
BAD 352105202651
BAD 352105202653
BAD 352105936423
BAD 352013514383
BAD 352014070801
BAD 352015226923
BAD 352015476041
BAD 352015492007
BAD 352015537361
BAD 352094273233
BAD 352015681783
BAD 352015681799
BAD 352094357273
BAD 352016168671
BAD 352109254733
BAD 352109550293
BAD 352021496693
BAD 352024944553
BAD 352025672863
BAD 352026035071
BAD 352026035077
BAD 352028675027
BAD 352028675029
BAD 352029850373
BAD 352030405063
BAD 352031480419
BAD 352032449399
BAD 352032449401
BAD 352037081177
BAD 352038624541
BAD 352039206049
BAD 352039206053
BAD 352039407263
BAD 352039407271
BAD 352043066393
BAD 352043284069
BAD 352045710239
BAD 352045710241
BAD 352045910569
BAD 352049672419
BAD 352050239053
BAD 352053729499
BAD 352054414807
BAD 352055303933
BAD 352055967691
BAD 352056823429
BAD 352057321051
BAD 352057577251
BAD 352057967983
BAD 352059378703
BAD 352062584077
BAD 352114124203
BAD 352114655143
BAD 352130857381
BAD 352130857387
BAD 352130857391
BAD 352131200933
BAD 352115805653
BAD 352115805659
BAD 352115805661
BAD 352132028569
BAD 352132028579
BAD 352132028581
BAD 352132028593
BAD 352133841643
BAD 352134136927
BAD 352134136931
BAD 352134136933
BAD 352117959559
BAD 352118176219
BAD 352119001811
BAD 352119001813
BAD 352135995487
BAD 352119385643
BAD 352119584293
BAD 352119584317
BAD 352138435787
BAD 352121599171
BAD 352122017903
BAD 352140929029
BAD 352124881133
BAD 352141078463
BAD 352141078469
BAD 352125488657
BAD 352141952053
BAD 352142077607
BAD 352142314697
BAD 352126241591
BAD 352126526123
BAD 352143252137
BAD 352143252143
BAD 352144307989
BAD 352128371563
BAD 352144739783
BAD 352144739797
BAD 352145754511
BAD 352129118773
BAD 352129118777
BAD 352129118779
BAD 352129168333
BAD 352146438437
BAD 352146438439
BAD 352146634153
BAD 352146958369
BAD 352129848379
BAD 352129848383
BAD 352265222899
BAD 352265222909
BAD 352316063689
BAD 352316826517
BAD 352316923423
BAD 352267124093
BAD 352267640807
BAD 352267640821
BAD 352317559369
BAD 352268411057
BAD 352268411059
BAD 352269214001
BAD 352319560987
BAD 352184136091
BAD 352184136103
BAD 352320857377
BAD 352184504723
BAD 352321495727
BAD 352185009461
BAD 352185178379
BAD 352185178381
BAD 352185178391
BAD 352185178393
BAD 352322093009
BAD 352269788209
BAD 352187428343
BAD 352271106673
BAD 352324560983
BAD 352188524159
BAD 352188524161
BAD 352188524183
BAD 352232140019
BAD 352232140021
BAD 352232286179
BAD 352232286181
BAD 352329062513
BAD 352329062521
BAD 352329062543
BAD 352329079633
BAD 352189971323
BAD 352234147339
BAD 352330420373
BAD 352272662981
BAD 352235126741
BAD 352235126743
BAD 352235126759
BAD 352236600601
BAD 352237421467
BAD 352238461987
BAD 352276807177
BAD 352239752299
BAD 352191554731
BAD 352333750513
BAD 352333750523
BAD 352333750553
BAD 352334462153
BAD 352334921843
BAD 352335497027
BAD 352193671189
BAD 352193807633
BAD 352280373013
BAD 352243631059
BAD 352337809613
BAD 352280677103
BAD 352338170363
BAD 352194405659
BAD 352194405683
BAD 352339534891
BAD 352340576933
BAD 352340737303
BAD 352245845221
BAD 352246046821
BAD 352246951423
BAD 352346927089
BAD 352347578509
BAD 352347604229
BAD 352285563433
BAD 352285563437
BAD 352349883593
BAD 352349883653
BAD 352350723623
BAD 352350723643
BAD 352287893123
BAD 352351554109
BAD 352351554131
BAD 352351554133
BAD 352386838651
BAD 352353456289
BAD 352399305469
BAD 352390195793
BAD 352400740073
BAD 352355445863
BAD 352294979563
BAD 352394084677
BAD 352355673223
BAD 352295700233
BAD 352401341843
BAD 352395168233
BAD 352357047739
BAD 352304499031
BAD 352357489699
BAD 352395528701
BAD 352395528703
BAD 352395528707
BAD 352395528713
BAD 352249167983
BAD 352249167989
BAD 352402613243
BAD 352305329423
BAD 352297538687
BAD 352297538689
BAD 352250237513
BAD 352250237533
BAD 352250237539
BAD 352250237543
BAD 352305889259
BAD 352305889261
BAD 352359587287
BAD 352360155097
BAD 352404044693
BAD 352404044711
BAD 352360839601
BAD 352399014199
BAD 352361506999
BAD 352252330643
BAD 352252442903
BAD 352252552963
BAD 352252718933
BAD 352361837257
BAD 352147513247
BAD 352308434183
BAD 352308434189
BAD 352147828493
BAD 352253248177
BAD 352253379151
BAD 352372287811
BAD 352372287823
BAD 352253620013
BAD 352405780319
BAD 352309420553
BAD 352309659721
BAD 352309659731
BAD 352309659733
BAD 352310140339
BAD 352407387247
BAD 352375077253
BAD 352216367981
BAD 352216367983
BAD 352408204079
BAD 352408204081
BAD 352216747943
BAD 352216747969
BAD 352257191773
BAD 352257191779
BAD 352216993573
BAD 352216993673
BAD 352217207897
BAD 352217256953
BAD 352217283017
BAD 352217283023
BAD 352312493893
BAD 352377186541
BAD 352377233191
BAD 352377233203
BAD 352377233207
BAD 352377410537
BAD 352377836059
BAD 352411720523
BAD 352412042963
BAD 352412295943
BAD 352412380819
BAD 352412380823
BAD 352412380829
BAD 352412542969
BAD 352412543029
BAD 352261470623
BAD 352414144637
BAD 352414144639
BAD 352261927513
BAD 352414884433
BAD 352414884439
BAD 352415250043
BAD 352415250049
BAD 352155770357
BAD 352155770359
BAD 352155770363
BAD 352263099079
BAD 352156208189
BAD 352156208191
BAD 352222172059
BAD 352222172069
BAD 352222172077
BAD 352222172119
BAD 352264063951
BAD 352222669847
BAD 352222669849
BAD 352222669853
BAD 352222669889
BAD 352225298693
BAD 352225986947
BAD 352160954701
BAD 352161812363
BAD 352161812369
BAD 352161812371
BAD 352162916993
BAD 352162917023
BAD 352162917031
BAD 352162917037
BAD 352163386741
BAD 352163386747
BAD 352227961849
BAD 352166854733
BAD 352167146819
BAD 352167146827
BAD 352228462741
BAD 352167461573
BAD 352167461623
BAD 352228773079
BAD 352167693743
BAD 352167811889
BAD 352201358063
BAD 352201358071
BAD 352202001013
BAD 352202029819
BAD 352202029853
BAD 352230678139
BAD 352203372307
BAD 352170330871
BAD 352205253523
BAD 352205253527
BAD 352172754751
BAD 352174194907
BAD 352174194913
BAD 352209169457
BAD 352209169483
BAD 352210014083
BAD 352174966307
BAD 352210139191
BAD 352210202569
BAD 352210546199
BAD 352210546201
BAD 352210996121
BAD 352175759323
BAD 352175759333
BAD 352211159243
BAD 352212661121
BAD 352212661123
BAD 352212908269
BAD 352179614893
BAD 352179614903
BAD 352435831537
BAD 352435831541
BAD 352436255593
BAD 352436736403
BAD 352438386557
BAD 352441029091
BAD 352443292501
BAD 352448332861
BAD 352484779159
BAD 352488128249
BAD 352489828331
BAD 352489828333
BAD 352493836381
BAD 352493836399
BAD 352494612143
BAD 352494612157
BAD 352494612193
BAD 352470273073
BAD 352470587213
BAD 352470587221
BAD 352495393673
BAD 352497968453
BAD 352498411303
BAD 352498538101
BAD 352474785409
BAD 352474785413
BAD 352475502031
BAD 352476269149
BAD 352477458733
BAD 352477521049
BAD 352477521061
BAD 352478201123
BAD 352502206423
BAD 352502206429
BAD 352449516833
BAD 352503054203
BAD 352417222723
BAD 352503394783
BAD 352451987011
BAD 352452413749
BAD 352453191179
BAD 352453599541
BAD 352454187383
BAD 352420882493
BAD 352454769473
BAD 352454936243
BAD 352454936299
BAD 352454936303
BAD 352454936311
BAD 352455649549
BAD 352506235343
BAD 352456353901
BAD 352508996869
BAD 352425603811
BAD 352508996951
BAD 352456353919
BAD 352508996953
BAD 352508996963
BAD 352509374159
BAD 352509486559
BAD 352456987189
BAD 352426903681
BAD 352426903691
BAD 352426903693
BAD 352510434301
BAD 352428339511
BAD 352458273833
BAD 352458321269
BAD 352458409447
BAD 352458409477
BAD 352428519593
BAD 352458929863
BAD 352460663749
BAD 352480979203
BAD 352480979209
BAD 352480979219
BAD 352481545531
BAD 352514488787
BAD 352514488789
BAD 352514941679
BAD 352463745383
BAD 352464078503
BAD 352464221491
BAD 352464221497
BAD 352464523561
BAD 352533664709
BAD 352533664711
BAD 352516779883
BAD 352517057467
BAD 352520248309
BAD 352537965739
BAD 352522010851
BAD 352538263423
BAD 352522130383
BAD 352522327207
BAD 352522327231
BAD 352522327237
BAD 352524569941
BAD 352525867909
BAD 352525867913
BAD 352526086069
BAD 352526316451
BAD 352527293281
BAD 352527474023
BAD 352528819949
BAD 352528819967
BAD 352528819969
BAD 352530461233
BAD 352531698403
BAD 352542241217
BAD 352533341323
BAD 352544450129
BAD 352544450131
BAD 352544450143
BAD 352545550531
BAD 352584148849
BAD 352584148853
BAD 352584148859
BAD 352587787133
BAD 352588294843
BAD 352588294847
BAD 352592314489
BAD 352701380399
BAD 352702909697
BAD 352702909723
BAD 352596621137
BAD 352706174749
BAD 352706174753
BAD 352706174761
BAD 352618724923
BAD 352706479991
BAD 352706479999
BAD 352706480003
BAD 352598561353
BAD 352706764493
BAD 352619735453
BAD 352619735459
BAD 352620130559
BAD 352620130561
BAD 352707635671
BAD 352707788737
BAD 352600323017
BAD 352708808161
BAD 352708808171
BAD 352708808173
BAD 352622172887
BAD 352709607979
BAD 352709607997
BAD 352709842301
BAD 352711033693
BAD 352712487773
BAD 352625491727
BAD 352713437257
BAD 352550499313
BAD 352626418733
BAD 352714581811
BAD 352551050851
BAD 352551050867
BAD 352551050869
BAD 352715809429
BAD 352628005099
BAD 352552377017
BAD 352552377019
BAD 352552472873
BAD 352552472879
BAD 352552472887
BAD 352552472891
BAD 352552472893
BAD 352552472911
BAD 352552794833
BAD 352553009329
BAD 352629902479
BAD 352629902483
BAD 352554732043
BAD 352630111943
BAD 352555142999
BAD 352555143001
BAD 352632515177
BAD 352632515219
BAD 352558263023
BAD 352559096401
BAD 352560681589
BAD 352560870271
BAD 352561045699
BAD 352561045703
BAD 352562065909
BAD 352562065913
BAD 352652589383
BAD 352566844577
BAD 352566844579
BAD 352566844621
BAD 352566869531
BAD 352566869533
BAD 352566878029
BAD 352566878033
BAD 352657113569
BAD 352659414139
BAD 352659569267
BAD 352659694789
BAD 352659760573
BAD 352659760577
BAD 352659928279
BAD 352661384381
BAD 352634491459
BAD 352602399733
BAD 352602399739
BAD 352602399757
BAD 352602399781
BAD 352661604109
BAD 352661954737
BAD 352635541787
BAD 352663852967
BAD 352663852969
BAD 352666685383
BAD 352639382257
BAD 352639382323
BAD 352639382363
BAD 352639382369
BAD 352606470991
BAD 352606471001
BAD 352606471003
BAD 352607153497
BAD 352640051453
BAD 352607242261
BAD 352607542787
BAD 352607542789
BAD 352607542799
BAD 352607542801
BAD 352640287429
BAD 352609182983
BAD 352641403111
BAD 352641403117
BAD 352752838831
BAD 352802205277
BAD 352768593383
BAD 352641651787
BAD 352609531829
BAD 352641651793
BAD 352641651797
BAD 352641651799
BAD 352609531831
BAD 352641773521
BAD 352769251621
BAD 352802964623
BAD 352735657741
BAD 352769695661
BAD 352642365863
BAD 352736095603
BAD 352610387273
BAD 352610387321
BAD 352610387323
BAD 352770775177
BAD 352770775183
BAD 352770775187
BAD 352804446763
BAD 352718510153
BAD 352718519459
BAD 352718572013
BAD 352668815857
BAD 352668815861
BAD 352771918673
BAD 352738991551
BAD 352738991603
BAD 352613143567
BAD 352719883141
BAD 352757248321
BAD 352772996833
BAD 352807828327
BAD 352719883147
BAD 352644328823
BAD 352719934607
BAD 352644659539
BAD 352675124653
BAD 352613760703
BAD 352774246109
BAD 352676322683
BAD 352758934543
BAD 352758999631
BAD 352758999643
BAD 352785312049
BAD 352785312053
BAD 352785312059
BAD 352785312083
BAD 352721629651
BAD 352775244859
BAD 352775244863
BAD 352646438813
BAD 352721725729
BAD 352775320819
BAD 352775320823
BAD 352775321179
BAD 352775321183
BAD 352568563681
BAD 352615552249
BAD 352741597001
BAD 352760139397
BAD 352760139401
BAD 352760139409
BAD 352568939651
BAD 352616293559
BAD 352786673609
BAD 352786673611
BAD 352786673651
BAD 352786673653
BAD 352810756013
BAD 352760737673
BAD 352760945939
BAD 352760945941
BAD 352616926429
BAD 352616926433
BAD 352569508201
BAD 352678407779
BAD 352743218141
BAD 352743218143
BAD 352777692233
BAD 352812430213
BAD 352648846331
BAD 352679623787
BAD 352788837319
BAD 352762806731
BAD 352813262713
BAD 352813262723
BAD 352744189297
BAD 352724192803
BAD 352764324593
BAD 352813527889
BAD 352649564327
BAD 352791138067
BAD 352778745563
BAD 352572474521
BAD 352649564329
BAD 352572474523
BAD 352764348679
BAD 352764348683
BAD 352813595473
BAD 352791262163
BAD 352650202657
BAD 352650202669
BAD 352573531259
BAD 352746301517
BAD 352746301577
BAD 352746606811
BAD 352726708219
BAD 352793826521
BAD 352726708223
BAD 352780758079
BAD 352727042797
BAD 352781106487
BAD 352781106499
BAD 352687576303
BAD 352767935353
BAD 352727865863
BAD 352688331353
BAD 352781838559
BAD 352796234983
BAD 352749404783
BAD 352749404827
BAD 352729180891
BAD 352750353301
BAD 352689778387
BAD 352818450043
BAD 352818450059
BAD 352576521559
BAD 352730084981
BAD 352730084983
BAD 352798344473
BAD 352576924171
BAD 352577129483
BAD 352799273179
BAD 352784313403
BAD 352800069211
BAD 352692942083
BAD 352692942109
BAD 352800613079
BAD 352693704383
BAD 352732819669
BAD 352578935131
BAD 352733645323
BAD 352695754387
BAD 352734606487
BAD 352820136337
BAD 352820292259
BAD 352821404213
BAD 352823634893
BAD 352823634899
BAD 352823634901
BAD 352831333207
BAD 352834610057
BAD 352834610059
BAD 352835345461
BAD 352889613793
BAD 352890857161
BAD 352892888869
BAD 352894481143
BAD 352897105139
BAD 352897981207
BAD 352897981211
BAD 352898541103
BAD 352898579641
BAD 352898617411
BAD 352856424499
BAD 352856515553
BAD 352837947503
BAD 352838533519
BAD 352840618771
BAD 352861856071
BAD 352861856093
BAD 352862516989
BAD 352863772981
BAD 352843907291
BAD 352867683811
BAD 352850218307
BAD 352850218309
BAD 352902832993
BAD 352902832999
BAD 352904469331
BAD 352906982773
BAD 352908149423
BAD 352908234223
BAD 352908391579
BAD 352908391621
BAD 352908472471
BAD 352910881033
BAD 352912093231
BAD 352912691149
BAD 352914816721
BAD 352914853171
BAD 352914853177
BAD 352915192171
BAD 352915579103
BAD 352916083427
BAD 352916594809
BAD 352916594813
BAD 352916594819
BAD 352917684569
BAD 352917750769
BAD 352918851721
BAD 352918851731
BAD 352871386369
BAD 352871386379
BAD 352871386381
BAD 352874188763
BAD 352877374783
BAD 352877836799
BAD 352878374623
BAD 352881964403
BAD 352882769101
BAD 352882769111
BAD 352882769117
BAD 352921779121
BAD 352922510657
BAD 352923189413
BAD 352923189427
BAD 352924223063
BAD 352925854913
BAD 352936717607
BAD 352954187587
BAD 352937623043
BAD 352955126221
BAD 352955325061
BAD 352955325067
BAD 352928006131
BAD 352928006149
BAD 352955712337
BAD 352939936579
BAD 352942295569
BAD 352930067093
BAD 352958219413
BAD 352943902163
BAD 352944930067
BAD 352944930071
BAD 352944930073
BAD 352944930077
BAD 352959920167
BAD 352945746061
BAD 352959920171
BAD 352933210243
BAD 352933210247
BAD 352933210249
BAD 352961148853
BAD 352961359613
BAD 352949931833
BAD 352949931847
BAD 352963086043
BAD 352963086053
BAD 352964018887
BAD 352970278579
BAD 352970538751
BAD 352971590383
BAD 352972465583
BAD 352974342257
BAD 352974342263
BAD 352988879071
BAD 352990941713
BAD 352990941739
BAD 352990941749
BAD 352991399843
BAD 352992398623
BAD 352980621691
BAD 352980772891
BAD 352980772897
BAD 352980772931
BAD 352980772933
BAD 352983258113
BAD 352995048689
BAD 352995048691
BAD 352996165057
BAD 353001728813
BAD 353002306627
BAD 353137369853
BAD 353137369861
BAD 353137369873
BAD 353139942739
BAD 353140106797
BAD 353142774053
BAD 353142921673
BAD 353108274293
BAD 353109518479
BAD 353109518483
BAD 353110488023
BAD 353146716007
BAD 353146716011
BAD 353147366293
BAD 353147366303
BAD 353147366353
BAD 353149175023
BAD 353150228803
BAD 353025069379
BAD 353025069389
BAD 353025069391
BAD 353025322303
BAD 353025322319
BAD 353025649541
BAD 353116631899
BAD 353153223097
BAD 353153223109
BAD 353153223113
BAD 353026762747
BAD 353027001233
BAD 353027001241
BAD 353028880177
BAD 353028880207
BAD 353028936569
BAD 353033537851
BAD 353033537881
BAD 353034443453
BAD 353034443459
BAD 353035879891
BAD 353040408509
BAD 353040408529
BAD 353041453493
BAD 353041453733
BAD 353041453741
BAD 353054324993
BAD 353054615237
BAD 353042414051
BAD 353042414083
BAD 353042902033
BAD 353055306787
BAD 353055729463
BAD 353043392071
BAD 353056150169
BAD 353056150171
BAD 353087078983
BAD 353056702519
BAD 353056702561
BAD 353087572619
BAD 353046497467
BAD 353046497521
BAD 353058471229
BAD 353089122949
BAD 353089122959
BAD 353089122961
BAD 353089300877
BAD 353006613703
BAD 353059768967
BAD 353059768969
BAD 353050297729
BAD 353050575263
BAD 353008722047
BAD 353008722049
BAD 353008797997
BAD 353009096567
BAD 353009096569
BAD 353063045059
BAD 353063045063
BAD 353063248309
BAD 353063248387
BAD 353092923959
BAD 353013367403
BAD 353063842013
BAD 353093479619
BAD 353093479621
BAD 353094441767
BAD 353064559717
BAD 353014214477
BAD 353064944831
BAD 353064944833
BAD 353095172413
BAD 353014435331
BAD 353066575793
BAD 353098575983
BAD 353098576003
BAD 353098576021
BAD 353188057373
BAD 353098763543
BAD 353018023937
BAD 353188596811
BAD 353069621239
BAD 353069621243
BAD 353019228091
BAD 353019327313
BAD 353019327317
BAD 353019327319
BAD 353189165453
BAD 353100425339
BAD 353100578011
BAD 353100787451
BAD 353100787453
BAD 353100787463
BAD 353190320471
BAD 353190320473
BAD 353190898751
BAD 353191088269
BAD 353154248599
BAD 353154248611
BAD 353170912069
BAD 353191444013
BAD 353191444027
BAD 353191444031
BAD 353191444033
BAD 353191444037
BAD 353154426743
BAD 353192571169
BAD 353192730073
BAD 353155780291
BAD 353173122587
BAD 353073262013
BAD 353173328243
BAD 353173652527
BAD 353074226179
BAD 353074745987
BAD 353121986981
BAD 353074894223
BAD 353196667553
BAD 353196667561
BAD 353075284073
BAD 353075284087
BAD 353175505453
BAD 353159856053
BAD 353159856061
BAD 353123449801
BAD 353123466281
BAD 353176918447
BAD 353176918453
BAD 353198172059
BAD 353077023511
BAD 353077299697
BAD 353077299721
BAD 353077299727
BAD 353077299739
BAD 353198540467
BAD 353199021997
BAD 353078095919
BAD 353124593141
BAD 353178061253
BAD 353199944561
BAD 353199944563
BAD 353078877667
BAD 353078877691
BAD 353125184569
BAD 353201081873
BAD 353125430789
BAD 353079514103
BAD 353079514121
BAD 353179673527
BAD 353079971357
BAD 353079971359
BAD 353162212877
BAD 353162285951
BAD 353162285953
BAD 353126786941
BAD 353081084123
BAD 353127282149
BAD 353203252763
BAD 353127685921
BAD 353082593291
BAD 353209151683
BAD 353082593293
BAD 353165074673
BAD 353203252789
BAD 353209151699
BAD 353203252813
BAD 353180938883
BAD 353181023033
BAD 353165445877
BAD 353128016617
BAD 353083416353
BAD 353083941739
BAD 353167333601
BAD 353210990437
BAD 353183951767
BAD 353168618237
BAD 353168618239
BAD 353086426817
BAD 353133355909
BAD 353170403923
BAD 353170611203
BAD 353187415489
BAD 353215476877
BAD 353135582123
BAD 353216703001
BAD 353216703031
BAD 353216831813
BAD 353218523821
BAD 353137128457
BAD 353220080723
BAD 353220080729
BAD 353220080737
BAD 353220976783
BAD 353220976799
BAD 353290172453
BAD 353223427523
BAD 353223630631
BAD 353238772759
BAD 353291926891
BAD 353238930469
BAD 353226252593
BAD 353241016033
BAD 353241016087
BAD 353241016091
BAD 353241455573
BAD 353241455603
BAD 353294558129
BAD 353294558131
BAD 353294571709
BAD 353294571713
BAD 353295129931
BAD 353229263599
BAD 353232173563
BAD 353232377161
BAD 353298271819
BAD 353233195967
BAD 353233195969
BAD 353299017233
BAD 353255822893
BAD 353255822897
BAD 353234817451
BAD 353299705771
BAD 353299705777
BAD 353244606839
BAD 353300594089
BAD 353300594093
BAD 353300741749
BAD 353300741753
BAD 353245690439
BAD 353301318443
BAD 353246304179
BAD 353246304181
BAD 353247662611
BAD 353260267543
BAD 353260296847
BAD 353260296853
BAD 353304105773
BAD 353249815579
BAD 353263606153
BAD 353263863817
BAD 353252331109
BAD 353266131637
BAD 353266510613
BAD 353266733893
BAD 353253920329
BAD 353269431637
BAD 353269431643
BAD 353272605299
BAD 353274814969
BAD 353276713901
BAD 353276713903
BAD 353279462387
BAD 353283805223
BAD 353284891129
BAD 353286001591
BAD 353286001613
BAD 353305887721
BAD 353308137883
BAD 353315578873
BAD 353318757023
BAD 353319154351
BAD 353319249193
BAD 353319249197
BAD 353319668509
BAD 353321736247
BAD 353338717453
BAD 353338818961
BAD 353340089743
BAD 353340089747
BAD 353340089749
BAD 353340144943
BAD 353341032769
BAD 353341032773
BAD 353341709579
BAD 353341709593
BAD 353342020363
BAD 353342637217
BAD 353342637229
BAD 353345770399
BAD 353326498363
BAD 353329708903
BAD 353329708909
BAD 353334040043
BAD 353352911629
BAD 353353645441
BAD 353373091333
BAD 353373091339
BAD 353373091343
BAD 353374674293
BAD 353374860911
BAD 353374860913
BAD 353375642569
BAD 353375642573
BAD 353379872281
BAD 353380686331
BAD 353359872163
BAD 353360013079
BAD 353382235579
BAD 353361157153
BAD 353361157159
BAD 353362026637
BAD 353384298439
BAD 353384298451
BAD 353384298461
BAD 353384379893
BAD 353385442021
BAD 353385442027
BAD 353364591919
BAD 353365694371
BAD 353366941199
BAD 353366941201
BAD 353366941331
BAD 353367020299
BAD 353367020311
BAD 353367020317
BAD 353368206067
BAD 353368906931
BAD 353368906939
BAD 353368907011
BAD 353386078429
BAD 353386078433
BAD 353386597189
BAD 353386597217
BAD 353387487217
BAD 353387487221
BAD 353387487223
BAD 353371465763
BAD 353371656949
BAD 353427201371
BAD 353427201373
BAD 353427201377
BAD 353427445193
BAD 353427445201
BAD 353428219057
BAD 353432731831
BAD 353433903541
BAD 353433903569
BAD 353433903577
BAD 353591662547
BAD 353391052771
BAD 353439563251
BAD 353592575059
BAD 353435030087
BAD 353435457259
BAD 353392789727
BAD 353392789733
BAD 353393019943
BAD 353393019949
BAD 353440544003
BAD 353440544011
BAD 353593929989
BAD 353393494891
BAD 353441141093
BAD 353441537663
BAD 353395382623
BAD 353395483981
BAD 353395484011
BAD 353395955777
BAD 353395955779
BAD 353396275811
BAD 353437643917
BAD 353437880869
BAD 353438128063
BAD 353438260543
BAD 353576031577
BAD 353576031593
BAD 353397370189
BAD 353443730869
BAD 353397500033
BAD 353597871713
BAD 353397500041
BAD 353443891673
BAD 353397714031
BAD 353577398423
BAD 353577398429
BAD 353577398431
BAD 353577595541
BAD 353577595543
BAD 353599234921
BAD 353578459193
BAD 353599796497
BAD 353599796513
BAD 353599873973
BAD 353600182339
BAD 353406999949
BAD 353406999971
BAD 353406999973
BAD 353600359271
BAD 353400223471
BAD 353400482419
BAD 353400482423
BAD 353400482431
BAD 353400780703
BAD 353448266209
BAD 353408994889
BAD 353603154319
BAD 353603373569
BAD 353603373577
BAD 353603477471
BAD 353603477473
BAD 353603477477
BAD 353603477483
BAD 353401991297
BAD 353448928913
BAD 353582327639
BAD 353582327641
BAD 353449637701
BAD 353583358159
BAD 353583370853
BAD 353403967247
BAD 353403967249
BAD 353403967393
BAD 353605512529
BAD 353404136027
BAD 353490334033
BAD 353606470453
BAD 353490925429
BAD 353452402343
BAD 353405465911
BAD 353415311033
BAD 353416774649
BAD 353416774651
BAD 353492885843
BAD 353586946291
BAD 353586946319
BAD 353586946331
BAD 353417408359
BAD 353417408363
BAD 353587600231
BAD 353493564133
BAD 353493754073
BAD 353493845933
BAD 353473358311
BAD 353419460341
BAD 353420135753
BAD 353420135759
BAD 353473975453
BAD 353589701573
BAD 353589701579
BAD 353420799911
BAD 353498283023
BAD 353498283031
BAD 353475981319
BAD 353476972999
BAD 353477219839
BAD 353500215889
BAD 353500215941
BAD 353500215947
BAD 353500215949
BAD 353500215953
BAD 353501018851
BAD 353501850001
BAD 353501850083
BAD 353506660187
BAD 353506660189
BAD 353506660201
BAD 353507123147
BAD 353479088663
BAD 353507822201
BAD 353479297321
BAD 353507822203
BAD 353479297337
BAD 353479297343
BAD 353504469433
BAD 353504863513
BAD 353504863519
BAD 353482421909
BAD 353482421911
BAD 353482421989
BAD 353482421993
BAD 353482824451
BAD 353512105913
BAD 353484214579
BAD 353484214583
BAD 353484214627
BAD 353487209149
BAD 353517515311
BAD 353487979589
BAD 353487979591
BAD 353487979597
BAD 353517923543
BAD 353557204019
BAD 353524269229
BAD 353540880629
BAD 353540880631
BAD 353541915409
BAD 353541915413
BAD 353521500229
BAD 353612850323
BAD 353543503693
BAD 353521813823
BAD 353527835047
BAD 353543503697
BAD 353543503699
BAD 353543503711
BAD 353543503739
BAD 353613163567
BAD 353613163583
BAD 353613163591
BAD 353544221243
BAD 353544221257
BAD 353529139157
BAD 353530233787
BAD 353563704679
BAD 353616002633
BAD 353532526493
BAD 353564966603
BAD 353546961659
BAD 353546961661
BAD 353546961697
BAD 353547927511
BAD 353533373383
BAD 353533373387
BAD 353533373393
BAD 353548060637
BAD 353548060639
BAD 353548060643
BAD 353548060651
BAD 353548060669
BAD 353534286121
BAD 353566478611
BAD 353566478623
BAD 353566517761
BAD 353459744947
BAD 353548911091
BAD 353567291017
BAD 353549223803
BAD 353568157597
BAD 353536353563
BAD 353461063231
BAD 353620617299
BAD 353620617313
BAD 353461588699
BAD 353569155943
BAD 353569155949
BAD 353621052017
BAD 353621052019
BAD 353622079579
BAD 353462986997
BAD 353463880433
BAD 353463894253
BAD 353552141641
BAD 353464138571
BAD 353623623263
BAD 353554766107
BAD 353554987001
BAD 353554987003
BAD 353554987021
BAD 353554987039
BAD 353468267149
BAD 353468267183
BAD 353468336791
BAD 353556204503
BAD 353471381881
BAD 353471578853
BAD 353472583103
BAD 353472583111
BAD 353641358537
BAD 353641681703
BAD 353641893533
BAD 353642229469
BAD 353642448521
BAD 353643419483
BAD 353643419489
BAD 353644515953
BAD 353644515971
BAD 353678294041
BAD 353679069313
BAD 353648118799
BAD 353648174071
BAD 353679760981
BAD 353680693609
BAD 353681963543
BAD 353651094319
BAD 353651094323
BAD 353651645933
BAD 353656200539
BAD 353657707457
BAD 353658009017
BAD 353661764747
BAD 353663233249
BAD 353663283653
BAD 353665135567
BAD 353665135573
BAD 353666728999
BAD 353667343343
BAD 353667343373
BAD 353669334803
BAD 353670712873
BAD 353674047091
BAD 353674157743
BAD 353626660867
BAD 353626804913
BAD 353627331949
BAD 353628560093
BAD 353628560107
BAD 353628560111
BAD 353628560113
BAD 353631211799
BAD 353631211807
BAD 353631627571
BAD 353631784549
BAD 353631806069
BAD 353631806071
BAD 353632600091
BAD 353632600093
BAD 353632930957
BAD 353634366697
BAD 353634481411
BAD 353637161497
BAD 353637161509
BAD 353637675431
BAD 353638570409
BAD 353638570429
BAD 353640201883
BAD 353691318803
BAD 353692229147
BAD 353692894703
BAD 353693632307
BAD 353693632309
BAD 353700740089
BAD 353700740093
BAD 353701973659
BAD 353701973689
BAD 353701996759
BAD 353702229931
BAD 353702229961
BAD 353703089813
BAD 353704446059
BAD 353704446061
BAD 353705097299
BAD 353705097301
BAD 353707224203
BAD 353743082531
BAD 353743082533
BAD 353744470243
BAD 353744470259
BAD 353745292321
BAD 353747330333
BAD 353747534671
BAD 353748307961
BAD 353748307963
BAD 353748307967
BAD 353748307973
BAD 353750029043
BAD 353709285841
BAD 353710553783
BAD 353712979013
BAD 353713522307
BAD 353714716921
BAD 353714953741
BAD 353714953783
BAD 353714953789
BAD 353714953793
BAD 353715488963
BAD 353753781247
BAD 353716526029
BAD 353716526047
BAD 353717110181
BAD 353717110183
BAD 353717239103
BAD 353721169457
BAD 353755900453
BAD 353723021011
BAD 353725362359
BAD 353726416441
BAD 353726571503
BAD 353726887823
BAD 353726887831
BAD 353729500493
BAD 353730847913
BAD 353734497601
BAD 353735473061
BAD 353736766267
BAD 353740019491
BAD 353740175311
BAD 353740175317
BAD 353740175333
BAD 353740175339
BAD 353775398891
BAD 353776040803
BAD 353780040709
BAD 353780259529
BAD 353780902201
BAD 353780902207
BAD 353781655729
BAD 353781655739
BAD 353781655741
BAD 353781655757
BAD 353782615867
BAD 353782675921
BAD 353784079289
BAD 353785367087
BAD 353791355479
BAD 353859583333
BAD 353859583459
BAD 353860796173
BAD 353861159063
BAD 353862958303
BAD 353862958307
BAD 353862958321
BAD 353867753011
BAD 353867753069
BAD 353868716897
BAD 353868716899
BAD 353842125761
BAD 353869578019
BAD 353763798559
BAD 353845206313
BAD 353764641337
BAD 353764641341
BAD 353764641343
BAD 353847073523
BAD 353766393887
BAD 353766393889
BAD 353870901229
BAD 353870901233
BAD 353871135353
BAD 353871751711
BAD 353871751721
BAD 353872279627
BAD 353872279639
BAD 353872279643
BAD 353848869391
BAD 353848869397
BAD 353770801639
BAD 354012584089
BAD 354012584147
BAD 354012584153
BAD 354012584179
BAD 354012584183
BAD 353852070853
BAD 353852597431
BAD 353852597473
BAD 353852597477
BAD 353852747761
BAD 353852830789
BAD 353809927453
BAD 353873824853
BAD 353873824861
BAD 353854273741
BAD 353854385327
BAD 353854385329
BAD 353854385333
BAD 353854385359
BAD 353854385363
BAD 353874799793
BAD 353874840259
BAD 353813168707
BAD 353813526643
BAD 353929952087
BAD 353929952093
BAD 353929981597
BAD 353813965471
BAD 353932731653
BAD 353932752163
BAD 353815408291
BAD 353858709733
BAD 353816512783
BAD 353816512793
BAD 354020435491
BAD 353893098599
BAD 354021056957
BAD 354021056959
BAD 353817286909
BAD 353818374751
BAD 354022176149
BAD 353895476861
BAD 353819610721
BAD 353936635081
BAD 353820405377
BAD 353896267093
BAD 353896267103
BAD 353820844231
BAD 353821010453
BAD 353821010483
BAD 353826929381
BAD 353896662967
BAD 353896835333
BAD 353896835339
BAD 353939048653
BAD 353939048657
BAD 353897286797
BAD 353897466529
BAD 353940033023
BAD 353940033059
BAD 353940033061
BAD 353940033091
BAD 354025394809
BAD 354025394813
BAD 353878221709
BAD 354025394819
BAD 353940359897
BAD 353878221713
BAD 353900534903
BAD 353824159891
BAD 353901137477
BAD 353901137479
BAD 353824959613
BAD 353902472411
BAD 353941919753
BAD 353881321111
BAD 353882452387
BAD 353882452393
BAD 353833314607
BAD 353833779743
BAD 353834750471
BAD 353834750473
BAD 353884037011
BAD 353835643963
BAD 353908512593
BAD 353885739139
BAD 353885739143
BAD 353885739149
BAD 353885739157
BAD 353887734559
BAD 353889169061
BAD 353889169063
BAD 353889169087
BAD 353889169091
BAD 353889169093
BAD 353840400047
BAD 353840400049
BAD 353890089263
BAD 353841335389
BAD 354043850203
BAD 353792701343
BAD 354045104789
BAD 354045665471
BAD 354045721597
BAD 354047113967
BAD 354047345101
BAD 354047751347
BAD 354047751349
BAD 354047751353
BAD 353795982301
BAD 353796158983
BAD 354049619551
BAD 354050946247
BAD 354050946257
BAD 353799134581
BAD 353799379223
BAD 353799934493
BAD 353800349143
BAD 353800349153
BAD 354053871739
BAD 353801891593
BAD 353801891621
BAD 353801891623
BAD 354056235059
BAD 353804183129
BAD 354056235061
BAD 354056235067
BAD 354056235121
BAD 354056235151
BAD 353804925953
BAD 353804925959
BAD 353804925961
BAD 353917319879
BAD 353805927557
BAD 353806174699
BAD 353918289299
BAD 353918289301
BAD 354058837609
BAD 354058837663
BAD 354059107823
BAD 353919660649
BAD 353919660713
BAD 353996279443
BAD 353978433191
BAD 354059438371
BAD 354059667553
BAD 353979658247
BAD 353921645719
BAD 353921645723
BAD 353921645731
BAD 353921649973
BAD 353999008903
BAD 353945384123
BAD 353945959403
BAD 353982237619
BAD 353924251033
BAD 353924251039
BAD 353983789171
BAD 353983866319
BAD 353947411849
BAD 354001520123
BAD 354001520129
BAD 354001520137
BAD 353984960341
BAD 353959555331
BAD 353959555333
BAD 353959972117
BAD 354002566013
BAD 353949209543
BAD 353961174887
BAD 353961843733
BAD 353987588599
BAD 353988461329
BAD 354004420243
BAD 354004420247
BAD 354004420249
BAD 354004420261
BAD 353963461987
BAD 353963461991
BAD 353963461993
BAD 353963462003
BAD 354004635667
BAD 354004635679
BAD 354004635713
BAD 353963544791
BAD 353963544793
BAD 353964049961
BAD 353964666331
BAD 353952194569
BAD 353990659999
BAD 353990660063
BAD 353990660071
BAD 353991381301
BAD 353953957363
BAD 353992028083
BAD 354008050531
BAD 354008050537
BAD 354008235211
BAD 354008347753
BAD 353968437397
BAD 353968437401
BAD 353954860729
BAD 353955385403
BAD 353955385423
BAD 353956513459
BAD 353971739683
BAD 353971739753
BAD 353958120413
BAD 353958120427
BAD 353958554273
BAD 353958554297
BAD 353958554413
BAD 353958704051
BAD 353958704053
BAD 353958704059
BAD 353975519059
BAD 353975762929
BAD 354026729789
BAD 354029770373
BAD 354029770379
BAD 354032046233
BAD 354032046239
BAD 354032046241
BAD 354060268927
BAD 354060271133
BAD 354060286519
BAD 354037690763
BAD 354062403731
BAD 354062403733
BAD 354062909623
BAD 354063304433
BAD 354063304447
BAD 354063304453
BAD 354041073731
BAD 354041073733
BAD 354041447299
BAD 354064954013
BAD 354067495451
BAD 354067495471
BAD 354067646479
BAD 354067646483
BAD 354067791109
BAD 354069594937
BAD 354069594973
BAD 354069819269
BAD 354070009303
BAD 354070067443
BAD 354070067447
BAD 354070067453
BAD 354070119593
BAD 354070569701
BAD 354070569703
BAD 354070940653
BAD 354073305863
BAD 354074670979
BAD 354075116443
BAD 354075798457
BAD 354076202651
BAD 354076202653
BAD 354127293019
BAD 354127589731
BAD 354129045727
BAD 354129045731
BAD 354130567523
BAD 354077439511
BAD 354133416139
BAD 354133457837
BAD 354133457879
BAD 354134984941
BAD 354134984947
BAD 354134984953
BAD 354135315529
BAD 354135315539
BAD 354080400143
BAD 354080563933
BAD 354082437053
BAD 354082439741
BAD 354138695401
BAD 354083392283
BAD 354140199349
BAD 354094651501
BAD 354094651507
BAD 354141304549
BAD 354141304553
BAD 354141304789
BAD 354095017753
BAD 354095316881
BAD 354086587121
BAD 354086587123
BAD 354142009073
BAD 354142009103
BAD 354086947087
BAD 354142220791
BAD 354143439919
BAD 354143439931
BAD 354088676209
BAD 354088676213
BAD 354090886763
BAD 354090886769
BAD 354090886771
BAD 354090886777
BAD 354091518811
BAD 354098616017
BAD 354098616019
BAD 354091787353
BAD 354100005199
BAD 354091787363
BAD 354092651797
BAD 354092657449
BAD 354092657453
BAD 354100584661
BAD 354102085039
BAD 354105265309
BAD 354107083621
BAD 354107127109
BAD 354110909363
BAD 354110909371
BAD 354111772603
BAD 354112506679
BAD 354116265697
BAD 354116265703
BAD 354116265709
BAD 354116265721
BAD 354116386003
BAD 354116386009
BAD 354117170933
BAD 354120002543
BAD 354120464153
BAD 354121877449
BAD 354122620609
BAD 354122620651
BAD 354122949421
BAD 354125070059
BAD 354127072151
BAD 354127072153
BAD 354144605071
BAD 354144605077
BAD 354144605083
BAD 354148399159
BAD 354148673537
BAD 354148673539
BAD 354152857873
BAD 354153382463
BAD 354153382493
BAD 354153434333
BAD 354154200977
BAD 354154200979
BAD 354154201021
BAD 354154898077
BAD 354160839049
BAD 354155762047
BAD 354162464473
BAD 354162464477
BAD 354162464479
BAD 354156797167
BAD 354156841043
BAD 354164447849
BAD 354164447851
BAD 354160266017
BAD 354167951411
BAD 354167951413
BAD 354169902673
BAD 354171415489
BAD 354172332601
BAD 354172332607
BAD 354172332649
BAD 354195130889
BAD 354195130907
BAD 354195130909
BAD 354195313163
BAD 354195313169
BAD 354195476123
BAD 354195476147
BAD 354196548833
BAD 354177800401
BAD 354177800411
BAD 354177800413
BAD 354179303393
BAD 354179303399
BAD 354199431037
BAD 354199431041
BAD 354199431043
BAD 354199787113
BAD 354199787119
BAD 354199787131
BAD 354213325243
BAD 354213325247
BAD 354214009217
BAD 354214330837
BAD 354215335157
BAD 354215335249
BAD 354183000019
BAD 354203551847
BAD 354216703613
BAD 354184293679
BAD 354218309843
BAD 354185867621
BAD 354186112649
BAD 354186112703
BAD 354204662437
BAD 354222129871
BAD 354206115007
BAD 354223546223
BAD 354223546231
BAD 354224672443
BAD 354207981203
BAD 354207981209
BAD 354225449447
BAD 354225449449
BAD 354187866127
BAD 354296172331
BAD 354296172343
BAD 354189029003
BAD 354296355433
BAD 354209837167
BAD 354297090487
BAD 354297469153
BAD 354191156857
BAD 354192293953
BAD 354299564761
BAD 354193377997
BAD 354193378027
BAD 354302447861
BAD 354302447867
BAD 354302447869
BAD 354303504733
BAD 354303504743
BAD 354303973319
BAD 354304810297
BAD 354305523589
BAD 354305523599
BAD 354305523601
BAD 354307451777
BAD 354307494199
BAD 354308679143
BAD 354308679149
BAD 354308679157
BAD 354309357331
BAD 354309728221
BAD 354310069523
BAD 354310350881
BAD 354310350883
BAD 354310794647
BAD 354310794653
BAD 354312211739
BAD 354312211741
BAD 354311353177
BAD 354314112689
BAD 354315200377
BAD 354315460271
BAD 354317838781
BAD 354319432633
BAD 354319448227
BAD 354319448233
BAD 354321814597
BAD 354379726429
BAD 354324959003
BAD 354324959089
BAD 354245772091
BAD 354268096297
BAD 354246324673
BAD 354246511793
BAD 354246511799
BAD 354326015003
BAD 354326015009
BAD 354326015011
BAD 354380788313
BAD 354380788319
BAD 354270405739
BAD 354270405743
BAD 354278489209
BAD 354381464161
BAD 354381464167
BAD 354278947669
BAD 354271218949
BAD 354271218953
BAD 354271218967
BAD 354280139887
BAD 354272194369
BAD 354250420679
BAD 354250420681
BAD 354250420687
BAD 354274240753
BAD 354274240759
BAD 354251236973
BAD 354251557279
BAD 354283344353
BAD 354283344377
BAD 354283344379
BAD 354251699371
BAD 354276980063
BAD 354252973037
BAD 354277844539
BAD 354254138267
BAD 354254138269
BAD 354254138279
BAD 354254138281
BAD 354254138299
BAD 354254573509
BAD 354386167789
BAD 354231597623
BAD 354386262511
BAD 354386540713
BAD 354386540719
BAD 354386540723
BAD 354255547993
BAD 354289638127
BAD 354232684523
BAD 354290140847
BAD 354290140849
BAD 354290390221
BAD 354290390227
BAD 354233595143
BAD 354233595179
BAD 354233595181
BAD 354234301181
BAD 354256748203
BAD 354292408747
BAD 354256748207
BAD 354234301189
BAD 354292408751
BAD 354388752769
BAD 354292408753
BAD 354256748221
BAD 354292419653
BAD 354234933439
BAD 354364637191
BAD 354364723829
BAD 354364723831
BAD 354256969169
BAD 354257139013
BAD 354257139017
BAD 354257139023
BAD 354365237341
BAD 354365237357
BAD 354365547343
BAD 354389858299
BAD 354389858363
BAD 354390127577
BAD 354366305147
BAD 354366305149
BAD 354237289817
BAD 354237289823
BAD 354237305581
BAD 354391700407
BAD 354391700419
BAD 354238417601
BAD 354391700431
BAD 354259353197
BAD 354367849579
BAD 354259353199
BAD 354259697083
BAD 354259880761
BAD 354238692361
BAD 354238692373
BAD 354368330131
BAD 354368615089
BAD 354239302621
BAD 354393371797
BAD 354369754273
BAD 354260923469
BAD 354260923483
BAD 354394108163
BAD 354394108169
BAD 354394108171
BAD 354394669711
BAD 354241766513
BAD 354241766521
BAD 354370941877
BAD 354395232923
BAD 354371972131
BAD 354378089803
BAD 354378089827
BAD 354378089839
BAD 354378222661
BAD 354378237601
BAD 354328609981
BAD 354378237623
BAD 354378495743
BAD 354328863283
BAD 354329853187
BAD 354329872769
BAD 354330514199
BAD 354330514201
BAD 354330514207
BAD 354334445963
BAD 354334445977
BAD 354334445981
BAD 354414732983
BAD 354414733009
BAD 354334689523
BAD 354335347967
BAD 354335347969
BAD 354335839397
BAD 354335839399
BAD 354335839421
BAD 354429253361
BAD 354417516533
BAD 354337487753
BAD 354337487773
BAD 354417647083
BAD 354417647209
BAD 354417797743
BAD 354417797749
BAD 354431504429
BAD 354431504431
BAD 354421234603
BAD 354340672633
BAD 354396846983
BAD 354340672639
BAD 354397779181
BAD 354398148547
BAD 354398148551
BAD 354398148553
BAD 354398148557
BAD 354398148563
BAD 354422932681
BAD 354433358761
BAD 354434131703
BAD 354434131771
BAD 354343713673
BAD 354425576881
BAD 354425954383
BAD 354435014597
BAD 354347393123
BAD 354437204299
BAD 354403841093
BAD 354348367673
BAD 354348367679
BAD 354448273919
BAD 354404787071
BAD 354404787073
BAD 354404787091
BAD 354438727933
BAD 354350051519
BAD 354350051521
BAD 354405498313
BAD 354350733181
BAD 354406259329
BAD 354450482173
BAD 354441388943
BAD 354451285351
BAD 354408136573
BAD 354351800993
BAD 354351801007
BAD 354408552041
BAD 354408698701
BAD 354452521981
BAD 354443522431
BAD 354409244573
BAD 354453290839
BAD 354409622681
BAD 354409672093
BAD 354444478909
BAD 354445131673
BAD 354445131679
BAD 354445131683
BAD 354356863907
BAD 354356863909
BAD 354458010331
BAD 354458010337
BAD 354458045849
BAD 354359615047
BAD 354459252023
BAD 354459252031
BAD 354459676741
BAD 354360275183
BAD 354461605483
BAD 354463103653
BAD 354464457679
BAD 354465173929
BAD 354466254119
BAD 354469226543
BAD 354469226563
BAD 354469491463
BAD 354471635579
BAD 354472554649
BAD 354473674351
BAD 354475876493
BAD 354478982197
BAD 354496814183
BAD 354499022557
BAD 354499022561
BAD 354499112791
BAD 354506199083
BAD 354507070913
BAD 354511432381
BAD 354512439161
BAD 354512439163
BAD 354534192709
BAD 354534192713
BAD 354534386707
BAD 354540656047
BAD 354541502389
BAD 354542190731
BAD 354542190733
BAD 354543288377
BAD 354544524181
BAD 354479961617
BAD 354480397699
BAD 354481274957
BAD 354483144413
BAD 354483506329
BAD 354483986581
BAD 354483986627
BAD 354483986629
BAD 354488084183
BAD 354488210689
BAD 354488582323
BAD 354489229141
BAD 354491608663
BAD 354493074139
BAD 354494137441
BAD 354494137447
BAD 354516156649
BAD 354516335483
BAD 354518392699
BAD 354521653831
BAD 354523480823
BAD 354523921667
BAD 354523921669
BAD 354524636597
BAD 354524636603
BAD 354525169093
BAD 354525299179
BAD 354526993081
BAD 354526993087
BAD 354528527923
BAD 354529197007
BAD 354547346393
BAD 354547346399
BAD 354547346401
BAD 354547504403
BAD 354548691823
BAD 354549517921
BAD 354549517981
BAD 354549712421
BAD 354549712423
BAD 354550436371
BAD 354552191197
BAD 354552323659
BAD 354555423923
BAD 354555423931
BAD 354555660013
BAD 354555690889
BAD 354555690893
BAD 354556439453
BAD 354559925593
BAD 354561349033
BAD 354561349039
BAD 354563608439
BAD 354567193333
BAD 354571748317
BAD 354572412059
BAD 354572500049
BAD 354573360061
BAD 354573966017
BAD 354575712151
BAD 354575712157
BAD 354575712163
BAD 354577613449
BAD 354578182529
BAD 354578182531
BAD 354578793353
BAD 354599077463
BAD 354599853067
BAD 354599975467
BAD 354599975473
BAD 354600959329
BAD 354600959333
BAD 354618019463
BAD 354618019471
BAD 354618019477
BAD 354619487171
BAD 354619487221
BAD 354603709673
BAD 354620270603
BAD 354620270617
BAD 354621252553
BAD 354623697931
BAD 354623697943
BAD 354624228961
BAD 354608873953
BAD 354609500591
BAD 354609500593
BAD 354609500599
BAD 354609500603
BAD 354609500627
BAD 354609500629
BAD 354609500633
BAD 354612167003
BAD 354628518007
BAD 354628518011
BAD 354580250461
BAD 354629295199
BAD 354580963381
BAD 354585268033
BAD 354585812137
BAD 354613209767
BAD 354586403879
BAD 354586403881
BAD 354588217043
BAD 354589210373
BAD 354594752903
BAD 354595750931
BAD 354595750933
BAD 354595750937
BAD 354595750939
BAD 354664366921
BAD 354665091527
BAD 354665477921
BAD 354665477923
BAD 354667263217
BAD 354667263221
BAD 354667639411
BAD 354667639463
BAD 354765022243
BAD 354672916399
BAD 354767334853
BAD 354675321113
BAD 354675321127
BAD 354675321131
BAD 354768677723
BAD 354677228723
BAD 354678640583
BAD 354680012983
BAD 354680012993
BAD 354770841079
BAD 354772632133
BAD 354773677351
BAD 354774174091
BAD 354774595733
BAD 354775563497
BAD 354775563503
BAD 354779404853
BAD 354781659839
BAD 354781659847
BAD 354781659853
BAD 354781962481
BAD 354850183739
BAD 354853177859
BAD 354784447583
BAD 354784954039
BAD 354855626641
BAD 354786652223
BAD 354857423849
BAD 354858477709
BAD 354858477713
BAD 354858477731
BAD 354858477733
BAD 354787891747
BAD 354858964157
BAD 354859121531
BAD 354859121543
BAD 354648000613
BAD 354648720721
BAD 354789023473
BAD 354650112143
BAD 354832196053
BAD 354697789223
BAD 354698122511
BAD 354698738899
BAD 354699199577
BAD 354699199579
BAD 354699502579
BAD 354792072319
BAD 354833960329
BAD 354833960333
BAD 354699904861
BAD 354834523097
BAD 354654166267
BAD 354700546147
BAD 354835469147
BAD 354835469159
BAD 354835469161
BAD 354655442353
BAD 354732019021
BAD 354701469937
BAD 354732019027
BAD 354655772357
BAD 354732793343
BAD 354837396553
BAD 354656671027
BAD 354733401773
BAD 354837709049
BAD 354702422059
BAD 354681032617
BAD 354703109119
BAD 354795301673
BAD 354703365083
BAD 354703365089
BAD 354703365091
BAD 354795375013
BAD 354795385033
BAD 354815178337
BAD 354815178359
BAD 354631125707
BAD 354795559897
BAD 354838653629
BAD 354815495569
BAD 354795934723
BAD 354815810863
BAD 354799594411
BAD 354815921087
BAD 354839555831
BAD 354683844037
BAD 354659496259
BAD 354684209941
BAD 354705011779
BAD 354817395883
BAD 354736147487
BAD 354801388771
BAD 354840983557
BAD 354736147489
BAD 354633957163
BAD 354705011783
BAD 354801964217
BAD 354801964219
BAD 354705804221
BAD 354705825781
BAD 354684852563
BAD 354802286483
BAD 354802828637
BAD 354685606591
BAD 354803085473
BAD 354635297347
BAD 354738116189
BAD 354738116191
BAD 354738116197
BAD 354738116203
BAD 354635509861
BAD 354635653139
BAD 354636298649
BAD 354804548809
BAD 354636526901
BAD 354636526903
BAD 354708665063
BAD 354663124609
BAD 354740280431
BAD 354709061723
BAD 354709061731
BAD 354740291131
BAD 354844581851
BAD 354844581853
BAD 354805972757
BAD 354709593331
BAD 354709714693
BAD 354709714699
BAD 354821320793
BAD 354637959469
BAD 354637959493
BAD 354845524753
BAD 354741905099
BAD 354741905101
BAD 354741905107
BAD 354822671857
BAD 354822732661
BAD 354742230919
BAD 354742230923
BAD 354742230937
BAD 354690423443
BAD 354690423449
BAD 354753527837
BAD 354753527839
BAD 354753527851
BAD 354742450399
BAD 354823315963
BAD 354691083449
BAD 354868777673
BAD 354825446509
BAD 354848543341
BAD 354754601083
BAD 354825446629
BAD 354711270787
BAD 354809876389
BAD 354754687717
BAD 354754687723
BAD 354754687733
BAD 354754687739
BAD 354754687741
BAD 354743028617
BAD 354743059639
BAD 354711373417
BAD 354754903231
BAD 354643273891
BAD 354691411343
BAD 354643560941
BAD 354810671651
BAD 354810671653
BAD 354810671659
BAD 354755760613
BAD 354692093453
BAD 354869886953
BAD 354811309763
BAD 354744012691
BAD 354826988449
BAD 354644617763
BAD 354744315623
BAD 354759705919
BAD 354646470559
BAD 354712534753
BAD 354812218087
BAD 354646470571
BAD 354827768401
BAD 354744315649
BAD 354812218091
BAD 354812218093
BAD 354744321667
BAD 354744321671
BAD 354872723761
BAD 354712666603
BAD 354712666613
BAD 354712666639
BAD 354647024471
BAD 354760673447
BAD 354813294697
BAD 354813294733
BAD 354813294799
BAD 354828636089
BAD 354828636091
BAD 354828636109
BAD 354874047173
BAD 354713286913
BAD 354696701311
BAD 354696701563
BAD 354762197963
BAD 354762197969
BAD 354762197971
BAD 354829785421
BAD 354829994069
BAD 354762527621
BAD 354747669281
BAD 354876587207
BAD 354878280023
BAD 354764388631
BAD 354723123571
BAD 354723174163
BAD 354764496329
BAD 354831825877
BAD 354879189859
BAD 354725362609
BAD 354881689639
BAD 354881909687
BAD 354729959729
BAD 354730054363
BAD 354899513999
BAD 354899514001
BAD 354902504171
BAD 354905043617
BAD 354905043629
BAD 354905043631
BAD 354905043643
BAD 354905259407
BAD 354905259409
BAD 354905557771
BAD 354905557793
BAD 354905859961
BAD 354905909053
BAD 354907761067
BAD 354908332609
BAD 354910436317
BAD 354910436329
BAD 354910489309
BAD 354910489313
BAD 354910567513
BAD 354910567523
BAD 354882228563
BAD 354882228601
BAD 354911515253
BAD 354883133251
BAD 354912154433
BAD 354884113823
BAD 354884198029
BAD 354884198033
BAD 354913426333
BAD 354885516977
BAD 354885602389
BAD 354885987437
BAD 354885987439
BAD 354887072933
BAD 354887190143
BAD 354889491109
BAD 354892639967
BAD 354892639973
BAD 354893034031
BAD 354893165183
BAD 354893360531
BAD 354893757529
BAD 354895485713
BAD 354895970549
BAD 354898443443
BAD 354932802493
BAD 354934981837
BAD 354937563067
BAD 354937563089
BAD 354937563091
BAD 354939678169
BAD 354916421869
BAD 354942025567
BAD 354918392141
BAD 354918441623
BAD 354943806521
BAD 354943806523
BAD 354944640943
BAD 354945224869
BAD 354947254523
BAD 354921946219
BAD 354948792557
BAD 354948849863
BAD 354923077009
BAD 354926413663
BAD 354927679453
BAD 354927835753
BAD 354928851757
BAD 354928851763
BAD 354928851773
BAD 354928851779
BAD 354928856963
BAD 354929292173
BAD 354929292181
BAD 354929292187
BAD 354929292191
BAD 354929292199
BAD 354930546587
BAD 354930546589
BAD 354931244821
BAD 354950893483
BAD 354951148093
BAD 354951231001
BAD 354951231007
BAD 354957419743
BAD 354961758251
BAD 354961758253
BAD 354961908523
BAD 354961908527
BAD 354961908529
BAD 354961908533
BAD 354963332203
BAD 354966776221
BAD 354967935467
BAD 354969561143
BAD 354969561319
BAD 354969573083
BAD 354969573089
BAD 354969573097
BAD 354983787493
BAD 354971586973
BAD 354972548101
BAD 354988350403
BAD 354988350449
BAD 354991951597
BAD 354993019897
BAD 354993019903
BAD 354976422701
BAD 354977189687
BAD 354977189689
BAD 354994757839
BAD 354978394513
BAD 354995801323
BAD 354995801333
BAD 354995932673
BAD 354995932691
BAD 354995932693
BAD 354980745631
BAD 354981714193
BAD 354982092431
BAD 354982092433
BAD 355019919739
BAD 355019919743
BAD 355020750283
BAD 355020750289
BAD 355021144021
BAD 355022332681
BAD 355022882119
BAD 355024184191
BAD 355024515631
BAD 355003077259
BAD 355003571851
BAD 355025611819
BAD 355025834971
BAD 355026215353
BAD 355004132827
BAD 355004349907
BAD 355004349919
BAD 355026789613
BAD 355026789619
BAD 355027597921
BAD 355027921981
BAD 355028031913
BAD 355028031923
BAD 355030415749
BAD 355030530863
BAD 355033051291
BAD 355007480843
BAD 355009242337
BAD 355011683647
BAD 355067005549
BAD 355067520133
BAD 355067520151
BAD 355067665109
BAD 355067665111
BAD 355068414373
BAD 355069025209
BAD 355069353143
BAD 355070816467
BAD 355070816473
BAD 355070816479
BAD 355071118249
BAD 355071118253
BAD 355074815813
BAD 355287164131
BAD 355075586093
BAD 355289983043
BAD 355289983049
BAD 355291530907
BAD 355292145259
BAD 355292727851
BAD 355292966999
BAD 355051822501
BAD 355294062527
BAD 355294062553
BAD 355082353943
BAD 355294546699
BAD 355294546703
BAD 355053769171
BAD 355054695301
BAD 355054887379
BAD 355297947931
BAD 355297961093
BAD 355297961111
BAD 355300197719
BAD 355301475811
BAD 355301475829
BAD 355058849669
BAD 355058849671
BAD 355058899597
BAD 355059570059
BAD 355302497213
BAD 355302640489
BAD 355061632297
BAD 355061632301
BAD 355062723019
BAD 355062723023
BAD 355062723049
BAD 355062723053
BAD 355062771703
BAD 355063016251
BAD 355305317687
BAD 355065557533
BAD 355065959947
BAD 355065959951
BAD 355065959953
BAD 355066472333
BAD 355308173887
BAD 355066564553
BAD 355066564561
BAD 355308974941
BAD 355309290983
BAD 355309519129
BAD 355312357261
BAD 355314278789
BAD 355314278833
BAD 355315260767
BAD 355315602847
BAD 355315602853
BAD 355170143131
BAD 355315672729
BAD 355315720973
BAD 355170935699
BAD 355170935701
BAD 355316695999
BAD 355317218471
BAD 355172295299
BAD 355172295301
BAD 355172655529
BAD 355253129809
BAD 355253843143
BAD 355174222903
BAD 355218768701
BAD 355218768703
BAD 355219537577
BAD 355219537579
BAD 355220787743
BAD 355220787751
BAD 355255930333
BAD 355255969843
BAD 355221725563
BAD 355222935839
BAD 355222935841
BAD 355223442859
BAD 355179240727
BAD 355179240733
BAD 355179264091
BAD 355225785227
BAD 355227129637
BAD 355227149287
BAD 355227149293
BAD 355182478681
BAD 355036637303
BAD 355262835251
BAD 355151127713
BAD 355227744457
BAD 355262835253
BAD 355227977989
BAD 355151650547
BAD 355122564571
BAD 355269722971
BAD 355269722981
BAD 355263947543
BAD 355123650071
BAD 355123650073
BAD 355153348351
BAD 355101432901
BAD 355153817009
BAD 355154647493
BAD 355154647517
BAD 355154753363
BAD 355271985883
BAD 355271985889
BAD 355272057433
BAD 355183136069
BAD 355183136071
BAD 355272765823
BAD 355272765829
BAD 355272765833
BAD 355273550851
BAD 355273550893
BAD 355231230769
BAD 355231230779
BAD 355103838413
BAD 355103838421
BAD 355088741537
BAD 355104108979
BAD 355088874509
BAD 355088874523
BAD 355088874563
BAD 355184081537
BAD 355104279953
BAD 355104279961
BAD 355039876879
BAD 355039876883
BAD 355039956023
BAD 355232642987
BAD 355276450457
BAD 355276450471
BAD 355041469637
BAD 355041469639
BAD 355128078307
BAD 355128078323
BAD 355128078343
BAD 355234172791
BAD 355091184913
BAD 355277462069
BAD 355277462093
BAD 355128883741
BAD 355092002959
BAD 355092002963
BAD 355092003023
BAD 355092936437
BAD 355092936439
BAD 355093027013
BAD 355093027019
BAD 355093027021
BAD 355093122457
BAD 355160680843
BAD 355044203359
BAD 355161162977
BAD 355094417347
BAD 355109337769
BAD 355109337773
BAD 355131587989
BAD 355095280103
BAD 355095280123
BAD 355095315901
BAD 355110121319
BAD 355110542167
BAD 355110542179
BAD 355110542183
BAD 355163105911
BAD 355163105917
BAD 355282291823
BAD 355135518061
BAD 355096727441
BAD 355096727443
BAD 355046532307
BAD 355046532331
BAD 355133553793
BAD 355203669133
BAD 355135998967
BAD 355047252841
BAD 355136222359
BAD 355184812627
BAD 355112844649
BAD 355098063667
BAD 355284736223
BAD 355113683909
BAD 355166830913
BAD 355098917543
BAD 355098917549
BAD 355114202449
BAD 355186894823
BAD 355049465053
BAD 355138794853
BAD 355138794869
BAD 355100087393
BAD 355100087401
BAD 355049705453
BAD 355207852627
BAD 355207852631
BAD 355207852633
BAD 355188876331
BAD 355116708943
BAD 355116940501
BAD 355141207493
BAD 355141952059
BAD 355210267051
BAD 355210267057
BAD 355142378663
BAD 355191666353
BAD 355211014813
BAD 355211014817
BAD 355211014819
BAD 355211014831
BAD 355192075753
BAD 355192075757
BAD 355143721421
BAD 355143721423
BAD 355143834137
BAD 355143834139
BAD 355212209953
BAD 355145266141
BAD 355193590127
BAD 355193590151
BAD 355193590153
BAD 355146470881
BAD 355214797657
BAD 355215054163
BAD 355195778317
BAD 355196683321
BAD 355235514607
BAD 355235514611
BAD 355150175599
BAD 355150262717
BAD 355150262723
BAD 355200662237
BAD 355200662239
BAD 355237359053
BAD 355239052843
BAD 355239052879
BAD 355239400807
BAD 355240755769
BAD 355241922619
BAD 355242622529
BAD 355242622531
BAD 355242622571
BAD 355244908489
BAD 355247588261
BAD 355247588263
BAD 355319040943
BAD 355321505491
BAD 355322962009
BAD 355323316123
BAD 355323316141
BAD 355325363453
BAD 355325393729
BAD 355326170453
BAD 355326170491
BAD 355327609529
BAD 355329803663
BAD 355330583501
BAD 355332100553
BAD 355332100561
BAD 355332100567
BAD 355333858157
BAD 355336306943
BAD 355336632953
BAD 355338612481
BAD 355339857461
BAD 355340605621
BAD 355343780023
BAD 355343780027
BAD 355369174429
BAD 355369178519
BAD 355370235361
BAD 355370235373
BAD 355370235391
BAD 355370235509
BAD 355370235511
BAD 355370525569
BAD 355370525593
BAD 355345724011
BAD 355371034309
BAD 355371594659
BAD 355371594661
BAD 355372185211
BAD 355372992097
BAD 355374524291
BAD 355374524293
BAD 355376439713
BAD 355376439721
BAD 355376439727
BAD 355376439731
BAD 355376439757
BAD 355376439989
BAD 355376439991
BAD 355404128623
BAD 355404987037
BAD 355350947737
BAD 355351288021
BAD 355408383023
BAD 355408882193
BAD 355383431947
BAD 355409249749
BAD 355384095193
BAD 355384095203
BAD 355387229191
BAD 355410612691
BAD 355389543269
BAD 355389715381
BAD 355390259789
BAD 355392359957
BAD 355416775097
BAD 355416775099
BAD 355394617351
BAD 355395443167
BAD 355418331517
BAD 355418331523
BAD 355397678033
BAD 355352960873
BAD 355353124309
BAD 355398911611
BAD 355354875151
BAD 355354875163
BAD 355355523829
BAD 355400766989
BAD 355356447731
BAD 355358453929
BAD 355358523019
BAD 355359822691
BAD 355360730519
BAD 355360730521
BAD 355360730539
BAD 355360730551
BAD 355361457323
BAD 355361736421
BAD 355361736427
BAD 355361882599
BAD 355363916563
BAD 355364826163
BAD 355366607809
BAD 355366925281
BAD 355367328623
BAD 355367328629
BAD 355421670223
BAD 355421670229
BAD 355421755501
BAD 355421762821
BAD 355421762827
BAD 355421762831
BAD 355421762833
BAD 355422339079
BAD 355423259629
BAD 355424852227
BAD 355425812747
BAD 355426572541
BAD 355427796331
BAD 355430073937
BAD 355432304039
BAD 355432304041
BAD 355455439351
BAD 355455439357
BAD 355458016721
BAD 355458016723
BAD 355458016729
BAD 355458515989
BAD 355459421923
BAD 355459421927
BAD 355459421929
BAD 355459421981
BAD 355459421983
BAD 355472063603
BAD 355472384363
BAD 355473307003
BAD 355473307009
BAD 355474218863
BAD 355474218901
BAD 355474231481
BAD 355475505947
BAD 355475505949
BAD 355475505953
BAD 355475563999
BAD 355463541709
BAD 355478407441
BAD 355464765731
BAD 355464785971
BAD 355490148877
BAD 355479780247
BAD 355491141469
BAD 355481083297
BAD 355481083411
BAD 355481100553
BAD 355496610341
BAD 355482536683
BAD 355482536687
BAD 355482836131
BAD 355497431519
BAD 355498631903
BAD 355498632053
BAD 355503344179
BAD 355467958297
BAD 355502658619
BAD 355468886393
BAD 355507939057
BAD 355508644123
BAD 355508644129
BAD 355511857177
BAD 355512906361
BAD 355513055593
BAD 355514480837
BAD 355515055991
BAD 355515057629
BAD 355515057631
BAD 355653935953
BAD 355653935957
BAD 355517664241
BAD 355517664253
BAD 355517786581
BAD 355517786593
BAD 355518242137
BAD 355518242147
BAD 355656294083
BAD 355658020247
BAD 355658916433
BAD 355660184249
BAD 355660184251
BAD 355662024173
BAD 355662249263
BAD 355662249289
BAD 355662249301
BAD 355662609713
BAD 355663168789
BAD 355663168799
BAD 355663168801
BAD 355666355021
BAD 355666606909
BAD 355666606913
BAD 355666713113
BAD 355667335823
BAD 355668059449
BAD 355669886069
BAD 355669886071
BAD 355590105719
BAD 355672286033
BAD 355591566163
BAD 355591566193
BAD 355672694287
BAD 355620955819
BAD 355592532047
BAD 355592532049
BAD 355689694231
BAD 355606103563
BAD 355621805593
BAD 355689694253
BAD 355594945403
BAD 355606103627
BAD 355594945411
BAD 355675546637
BAD 355606110289
BAD 355675577219
BAD 355675577221
BAD 355595099047
BAD 355675735097
BAD 355623579803
BAD 355692099313
BAD 355692099317
BAD 355692099319
BAD 355597458721
BAD 355597610671
BAD 355608366511
BAD 355692778759
BAD 355608621241
BAD 355625535481
BAD 355599731911
BAD 355599731917
BAD 355599751709
BAD 355599751711
BAD 355694598463
BAD 355694856247
BAD 355611362891
BAD 355611362893
BAD 355601565469
BAD 355680567383
BAD 355627946389
BAD 355704329837
BAD 355704329839
BAD 355704329843
BAD 355612502831
BAD 355696806373
BAD 355613413171
BAD 355697059943
BAD 355613709991
BAD 355682935343
BAD 355682935351
BAD 355536549889
BAD 355536549913
BAD 355631074129
BAD 355614223927
BAD 355637509531
BAD 355553985961
BAD 355553985971
BAD 355553985973
BAD 355698642713
BAD 355631626661
BAD 355631626663
BAD 355698931381
BAD 355698942691
BAD 355555039201
BAD 355632564811
BAD 355632564823
BAD 355538000113
BAD 355555674457
BAD 355615942771
BAD 355684752937
BAD 355633378141
BAD 355708861919
BAD 355633378207
BAD 355633378213
BAD 355633378253
BAD 355539140659
BAD 355539140689
BAD 355539140731
BAD 355633588393
BAD 355685082059
BAD 355685082061
BAD 355640485807
BAD 355640485819
BAD 355701361751
BAD 355701361753
BAD 355701361759
BAD 355701441343
BAD 355687375093
BAD 355557879121
BAD 355541267633
BAD 355541723743
BAD 355572097487
BAD 355643323661
BAD 355643323759
BAD 355643323771
BAD 355558678973
BAD 355637051191
BAD 355558939531
BAD 355542860809
BAD 355572879601
BAD 355712848807
BAD 355712848811
BAD 355713081883
BAD 355543290623
BAD 355520940661
BAD 355520940667
BAD 355574382223
BAD 355521093133
BAD 355545203033
BAD 355714624043
BAD 355647184819
BAD 355545830837
BAD 355545830839
BAD 355545830869
BAD 355545918547
BAD 355545918551
BAD 355545924179
BAD 355715803537
BAD 355648610221
BAD 355561237373
BAD 355522680187
BAD 355522773349
BAD 355577358557
BAD 355577358559
BAD 355548976351
BAD 355548976357
BAD 355650866119
BAD 355651439293
BAD 355562707249
BAD 355550585059
BAD 355550966707
BAD 355524069301
BAD 355524069311
BAD 355524069317
BAD 355524069319
BAD 355524069323
BAD 355524069349
BAD 355524382117
BAD 355524382121
BAD 355524382123
BAD 355524382127
BAD 355524382163
BAD 355524587653
BAD 355524587659
BAD 355436677459
BAD 355580649077
BAD 355580649079
BAD 355524970687
BAD 355653764783
BAD 355653764797
BAD 355653764801
BAD 355653764803
BAD 355438306571
BAD 355438462031
BAD 355438462033
BAD 355720419731
BAD 355720419737
BAD 355720419739
BAD 355582528373
BAD 355582537207
BAD 355582537213
BAD 355720954819
BAD 355720991963
BAD 355720991971
BAD 355583128189
BAD 355583128193
BAD 355583304691
BAD 355440539813
BAD 355440539821
BAD 355566794393
BAD 355527273083
BAD 355442641159
BAD 355443233623
BAD 355567571221
BAD 355444792343
BAD 355445219543
BAD 355528863901
BAD 355446614911
BAD 355446938129
BAD 355446938131
BAD 355447435561
BAD 355447435643
BAD 355447435661
BAD 355448546041
BAD 355452147283
BAD 355722896083
BAD 355722896093
BAD 355723289659
BAD 355723822081
BAD 355724789011
BAD 355726353077
BAD 355726996717
BAD 355726996721
BAD 355727839847
BAD 355728147947
BAD 355728328667
BAD 355728345893
BAD 355729593949
BAD 355729593953
BAD 355729593959
BAD 355730653393
BAD 355735307699
BAD 355735307701
BAD 355735353499
BAD 355761781457
BAD 355761781483
BAD 355762291777
BAD 355762291783
BAD 355762291789
BAD 355767398281
BAD 355767398299
BAD 355767398303
BAD 355767398339
BAD 355767398341
BAD 355767398353
BAD 355767854033
BAD 355767854047
BAD 355767951379
BAD 355771871131
BAD 355767951389
BAD 355767951391
BAD 355767951403
BAD 355768218529
BAD 355772471753
BAD 355768883027
BAD 355768883053
BAD 355773847553
BAD 355805698537
BAD 355777079579
BAD 355778265949
BAD 355778265977
BAD 355778265979
BAD 355780077953
BAD 355810274033
BAD 355811891341
BAD 355811891363
BAD 355811891371
BAD 355812163669
BAD 355812163673
BAD 355812163747
BAD 355783469693
BAD 355783580707
BAD 355813077421
BAD 355813344709
BAD 355785101153
BAD 355785101159
BAD 355814818673
BAD 355785526277
BAD 355785526279
BAD 355816529227
BAD 355786957319
BAD 355819364371
BAD 355738832633
BAD 355739294923
BAD 355740701629
BAD 355741643863
BAD 355742023009
BAD 355742990731
BAD 355742990791
BAD 355744482917
BAD 355745019439
BAD 355745062373
BAD 355746159163
BAD 355746705169
BAD 355748287883
BAD 355748287897
BAD 355748287901
BAD 355748287903
BAD 355748287907
BAD 355788270017
BAD 355789817087
BAD 355751527801
BAD 355792634237
BAD 355792737379
BAD 355793617819
BAD 355794217321
BAD 355794217333
BAD 355796094167
BAD 355796094169
BAD 355796342971
BAD 355796342987
BAD 355796342989
BAD 355796828393
BAD 355801002967
BAD 355801258097
BAD 355801328353
BAD 355801328359
BAD 355801479349
BAD 355802239099
BAD 355802323867
BAD 355802323873
BAD 355802323883
BAD 355802323913
BAD 355802584913
BAD 355802584919
BAD 355803938473
BAD 355803951743
BAD 355803951749
BAD 355803975431
BAD 355803975433
BAD 355823815583
BAD 355824963121
BAD 355825830013
BAD 355825830023
BAD 355825830037
BAD 355826249423
BAD 355826669663
BAD 355827113077
BAD 355828487363
BAD 355830364073
BAD 355833166921
BAD 355836858001
BAD 355872410783
BAD 355875882179
BAD 355875882181
BAD 355907259541
BAD 355907394827
BAD 355880818333
BAD 355857569437
BAD 355881441631
BAD 355909953233
BAD 355909953241
BAD 355909985173
BAD 355910061061
BAD 355910152583
BAD 355859143921
BAD 355859143973
BAD 355911127603
BAD 355860202459
BAD 355860202463
BAD 355860620431
BAD 355861564937
BAD 355861564939
BAD 355861564943
BAD 355914254957
BAD 355862955991
BAD 355886548793
BAD 355886548799
BAD 355864138477
BAD 355918523783
BAD 355864482293
BAD 355918934477
BAD 355918934479
BAD 355918994579
BAD 355918994581
BAD 355919281849
BAD 355865040913
BAD 355919755291
BAD 355920766021
BAD 355920766051
BAD 355920766073
BAD 355888600189
BAD 355922549053
BAD 355922549057
BAD 355871169019
BAD 355871169023
BAD 355871169037
BAD 355871672953
BAD 355871673049
BAD 356124248339
BAD 356124248341
BAD 356124248401
BAD 355927436869
BAD 355927436881
BAD 355839060349
BAD 355928144153
BAD 356125248709
BAD 356125248733
BAD 355839592429
BAD 356125564409
BAD 355839592439
BAD 356125564411
BAD 355929374057
BAD 356126274113
BAD 356126274131
BAD 355930396583
BAD 355930396589
BAD 355930396597
BAD 355930396609
BAD 355930396643
BAD 355930528559
BAD 355930938061
BAD 355930938089
BAD 355930938091
BAD 356127538831
BAD 356127538847
BAD 355931829961
BAD 355933237213
BAD 356129181791
BAD 356129258371
BAD 356129519311
BAD 355935035971
BAD 355844952461
BAD 356131078763
BAD 355936314871
BAD 356131809403
BAD 356131976171
BAD 356131976173
BAD 355888941703
BAD 355846799723
BAD 356132420309
BAD 356132420311
BAD 355847020357
BAD 356132689769
BAD 356132689771
BAD 355847324671
BAD 355973634859
BAD 355973634869
BAD 355973634871
BAD 355891364663
BAD 355974239017
BAD 355891797563
BAD 356135343413
BAD 355892220713
BAD 355975678217
BAD 355975678229
BAD 356136873199
BAD 356136873203
BAD 356136873233
BAD 355976800667
BAD 355895319293
BAD 355979275489
BAD 355897372871
BAD 355853317597
BAD 355897658539
BAD 355853574541
BAD 355897763821
BAD 355854069421
BAD 355897988011
BAD 355982295989
BAD 355983231761
BAD 355899089599
BAD 355985270491
BAD 355985492747
BAD 355985492749
BAD 355985521909
BAD 355985521921
BAD 355985892781
BAD 355986264563
BAD 355986717223
BAD 356074379179
BAD 356075515007
BAD 356075515009
BAD 356077440683
BAD 356077642853
BAD 356078018383
BAD 356078396677
BAD 356090337683
BAD 356090621767
BAD 356090621813
BAD 356078956601
BAD 356078956603
BAD 355955936029
BAD 355956823303
BAD 355956823307
BAD 355956823309
BAD 356079930697
BAD 355956823357
BAD 356091899243
BAD 356080492133
BAD 355957359649
BAD 356081637367
BAD 356093698019
BAD 356093698021
BAD 356093698033
BAD 356082155423
BAD 356082267421
BAD 356082360787
BAD 356083242743
BAD 356084726033
BAD 356095563023
BAD 356095563049
BAD 356095563053
BAD 356085558877
BAD 356085558901
BAD 356085558911
BAD 355962046679
BAD 355962046681
BAD 356086844053
BAD 356086844063
BAD 356086844089
BAD 355962242047
BAD 356096416439
BAD 356096416441
BAD 356088849937
BAD 356023346111
BAD 355964284873
BAD 355964619893
BAD 356099098603
BAD 356024789959
BAD 356099098639
BAD 355965732623
BAD 356099098643
BAD 356099098657
BAD 355966810789
BAD 355966810799
BAD 356100172339
BAD 356100172343
BAD 355969042883
BAD 355969780787
BAD 356102933281
BAD 356102933323
BAD 356029213433
BAD 356029349149
BAD 356103808919
BAD 356030680021
BAD 356030680039
BAD 356105426041
BAD 356031472337
BAD 356107391623
BAD 356106629147
BAD 356106629149
BAD 355940459983
BAD 356032805641
BAD 355941240377
BAD 355941240379
BAD 356033670961
BAD 355942593683
BAD 356034291023
BAD 356111349337
BAD 356058018989
BAD 356113037023
BAD 356035779251
BAD 356035779301
BAD 355945634833
BAD 356040326833
BAD 355946294783
BAD 355946294789
BAD 355946294791
BAD 355946455819
BAD 356006382253
BAD 355946579839
BAD 355946579843
BAD 355946579851
BAD 355946697377
BAD 355946801911
BAD 356114908013
BAD 356059354771
BAD 356041298113
BAD 355989726419
BAD 355989726427
BAD 355989926003
BAD 356059967191
BAD 356117027743
BAD 356117027753
BAD 356038818727
BAD 356060802901
BAD 356060842673
BAD 356060842729
BAD 355991310163
BAD 356117808353
BAD 355949990509
BAD 356044299893
BAD 356039633821
BAD 356039741809
BAD 356045102717
BAD 356045102719
BAD 356045102723
BAD 356119227103
BAD 355951604479
BAD 355951604483
BAD 356045631911
BAD 356045631913
BAD 356121190639
BAD 356121190643
BAD 356047624243
BAD 356047676599
BAD 356047676603
BAD 356047676627
BAD 356047676629
BAD 356064433223
BAD 356122110733
BAD 356122110737
BAD 356122110739
BAD 355995440971
BAD 356012397161
BAD 356012397163
BAD 356048413927
BAD 356048714191
BAD 356048714213
BAD 356065464803
BAD 355955175151
BAD 356065464809
BAD 355997307319
BAD 356015620889
BAD 356051426057
BAD 356067344663
BAD 356017500799
BAD 356001379219
BAD 356002007731
BAD 356002007743
BAD 356018396347
BAD 356054146939
BAD 356054146949
BAD 356054146951
BAD 356002915883
BAD 356019366481
BAD 356069821147
BAD 356069821193
BAD 356020001341
BAD 356003578093
BAD 356003617667
BAD 356020255861
BAD 356055484133
BAD 356004322133
BAD 356055633181
BAD 356020848203
BAD 356021045669
BAD 356021045671
BAD 356056376993
BAD 356021758019
BAD 356071972943
BAD 356006166739
BAD 356021758021
BAD 356071972957
BAD 356006166743
BAD 356071972961
BAD 356022444727
BAD 356141569213
BAD 356142844669
BAD 356143018537
BAD 356145968963
BAD 356147377601
BAD 356157304351
BAD 356147580541
BAD 356147580553
BAD 356209385423
BAD 356148073669
BAD 356158046207
BAD 356158070183
BAD 356148390211
BAD 356158574399
BAD 356158820629
BAD 356149374209
BAD 356210683531
BAD 356159925623
BAD 356179464803
BAD 356179464811
BAD 356150135533
BAD 356150327149
BAD 356181267317
BAD 356162570461
BAD 356150327153
BAD 356181267319
BAD 356182300031
BAD 356182782157
BAD 356164005313
BAD 356183741629
BAD 356183741633
BAD 356184269759
BAD 356184269761
BAD 356184269767
BAD 356184408049
BAD 356212543201
BAD 356212820297
BAD 356212820303
BAD 356213816873
BAD 356167172287
BAD 356167227077
BAD 356167227079
BAD 356167227083
BAD 356186638193
BAD 356168077999
BAD 356215779781
BAD 356188696229
BAD 356188696231
BAD 356190133669
BAD 356190133681
BAD 356154720601
BAD 356171736121
BAD 356156651633
BAD 356156651639
BAD 356157224389
BAD 356157224393
BAD 356173708993
BAD 356218106359
BAD 356219414899
BAD 356219888839
BAD 356219888851
BAD 356220266587
BAD 356222472019
BAD 356222482493
BAD 356222482501
BAD 356222482507
BAD 356222482523
BAD 356224262767
BAD 356191794899
BAD 356191794901
BAD 356191794913
BAD 356192597191
BAD 356192597197
BAD 356192855413
BAD 356192855423
BAD 356193017743
BAD 356193017749
BAD 356193017773
BAD 356193333997
BAD 356193334009
BAD 356193471653
BAD 356193471661
BAD 356196115049
BAD 356197906741
BAD 356197906747
BAD 356198054299
BAD 356200213867
BAD 356200254887
BAD 356200254889
BAD 356202741793
BAD 356202741913
BAD 356204050151
BAD 356205742283
BAD 356205742441
BAD 356205742447
BAD 356224350971
BAD 356225021749
BAD 356225021753
BAD 356225380649
BAD 356227276529
BAD 356228023913
BAD 356228104123
BAD 356230785773
BAD 356231828243
BAD 356234486611
BAD 356235555623
BAD 356235632783
BAD 356235823861
BAD 356235823873
BAD 356236025087
BAD 356238277363
BAD 356239743397
BAD 356292035149
BAD 356292035159
BAD 356292035161
BAD 356309845823
BAD 356293638289
BAD 356293638293
BAD 356294546159
BAD 356294546161
BAD 356294872343
BAD 356295440587
BAD 356295509333
BAD 356295856801
BAD 356313960139
BAD 356298065029
BAD 356298065033
BAD 356316814883
BAD 356316814927
BAD 356317696087
BAD 356317696093
BAD 356318341297
BAD 356318341303
BAD 356299496537
BAD 356318475979
BAD 356318475983
BAD 356318475991
BAD 356300484193
BAD 356319782453
BAD 356320285499
BAD 356321620817
BAD 356321620819
BAD 356321816647
BAD 356321816657
BAD 356321816659
BAD 356321816663
BAD 356321816687
BAD 356321816689
BAD 356322627613
BAD 356322647881
BAD 356304635059
BAD 356306673643
BAD 356306673743
BAD 356307857693
BAD 356307857723
BAD 356307857729
BAD 356307857743
BAD 356307857783
BAD 356257916899
BAD 356263716421
BAD 356264716019
BAD 356264716021
BAD 356266485779
BAD 356269179887
BAD 356269179901
BAD 356269190701
BAD 356269190707
BAD 356269190713
BAD 356269372339
BAD 356270522149
BAD 356271063961
BAD 356271785567
BAD 356271785599
BAD 356271785629
BAD 356271785633
BAD 356271785641
BAD 356272184791
BAD 356274170251
BAD 356274194839
BAD 356325169861
BAD 356325670643
BAD 356325670651
BAD 356326159957
BAD 356358856573
BAD 356359383707
BAD 356329882591
BAD 356241861413
BAD 356274982433
BAD 356274982477
BAD 356330607769
BAD 356360347823
BAD 356360347829
BAD 356360347831
BAD 356242770217
BAD 356242942441
BAD 356331446659
BAD 356331509213
BAD 356243118701
BAD 356243118703
BAD 356243118709
BAD 356361670003
BAD 356361670013
BAD 356333560567
BAD 356363901623
BAD 356363901643
BAD 356244803623
BAD 356334530443
BAD 356245665157
BAD 356245665161
BAD 356245665163
BAD 356279878973
BAD 356367057799
BAD 356248014841
BAD 356248343839
BAD 356367829333
BAD 356367829369
BAD 356368191559
BAD 356368191563
BAD 356249346907
BAD 356282744977
BAD 356282744989
BAD 356376415867
BAD 356250727867
BAD 356370279121
BAD 356377450249
BAD 356377736657
BAD 356377976261
BAD 356370881239
BAD 356370881257
BAD 356286195217
BAD 356286195229
BAD 356286195233
BAD 356337148043
BAD 356337148067
BAD 356371663111
BAD 356287820363
BAD 356288778959
BAD 356288778961
BAD 356289193411
BAD 356289193417
BAD 356253535637
BAD 356253793933
BAD 356290537627
BAD 356339282813
BAD 356339282821
BAD 356254402991
BAD 356254402993
BAD 356339592157
BAD 356291321273
BAD 356291321279
BAD 356339957821
BAD 356339957867
BAD 356374461767
BAD 356374461769
BAD 356381452927
BAD 356255769643
BAD 356341132687
BAD 356256023257
BAD 356256023261
BAD 356256023267
BAD 356256039313
BAD 356382556771
BAD 356383078949
BAD 356383078951
BAD 356383078957
BAD 356383171457
BAD 356383243039
BAD 356257178779
BAD 356384599093
BAD 356384797261
BAD 356385107761
BAD 356385107791
BAD 356386215377
BAD 356386215379
BAD 356411030671
BAD 356388208103
BAD 356389155781
BAD 356389773079
BAD 356389868449
BAD 356389868467
BAD 356394993593
BAD 356394993599
BAD 356394993601
BAD 356414548351
BAD 356414640457
BAD 356396304949
BAD 356426217473
BAD 356416185143
BAD 356426846483
BAD 356397700913
BAD 356417579101
BAD 356398409977
BAD 356398409981
BAD 356342656157
BAD 356429020589
BAD 356400061651
BAD 356343208999
BAD 356429314763
BAD 356429314771
BAD 356400327233
BAD 356421648629
BAD 356421648631
BAD 356401502377
BAD 356401502389
BAD 356401502393
BAD 356401502423
BAD 356430589499
BAD 356344368143
BAD 356402025241
BAD 356344570871
BAD 356402630833
BAD 356422968773
BAD 356423745151
BAD 356345612179
BAD 356345612213
BAD 356345612221
BAD 356432543591
BAD 356424623383
BAD 356492972387
BAD 356460310043
BAD 356460310051
BAD 356434637437
BAD 356406121459
BAD 356462594489
BAD 356510123551
BAD 356349007249
BAD 356462594491
BAD 356435756129
BAD 356462594503
BAD 356462594507
BAD 356496164671
BAD 356496164677
BAD 356496164701
BAD 356406452761
BAD 356436775049
BAD 356496798919
BAD 356497109209
BAD 356497446523
BAD 356527657543
BAD 356350778543
BAD 356497656709
BAD 356408300033
BAD 356408300041
BAD 356511736303
BAD 356464152931
BAD 356498189527
BAD 356498189543
BAD 356499060871
BAD 356499810439
BAD 356530403657
BAD 356530403659
BAD 356514490921
BAD 356500789327
BAD 356354098069
BAD 356441493871
BAD 356478789923
BAD 356354098081
BAD 356354098091
BAD 356354302561
BAD 356354403343
BAD 356516142247
BAD 356501436079
BAD 356442161359
BAD 356442161363
BAD 356479491653
BAD 356479491661
BAD 356354917469
BAD 356354917481
BAD 356354917483
BAD 356468715367
BAD 356501818681
BAD 356468886469
BAD 356355291713
BAD 356355717503
BAD 356355880609
BAD 356355880613
BAD 356480464849
BAD 356480513093
BAD 356443961623
BAD 356503560911
BAD 356503560913
BAD 356357081603
BAD 356444643523
BAD 356470945681
BAD 356481966037
BAD 356470945723
BAD 356358232103
BAD 356470945763
BAD 356482503997
BAD 356507330761
BAD 356445378439
BAD 356536686091
BAD 356507913133
BAD 356508116291
BAD 356472770519
BAD 356447781293
BAD 356522090737
BAD 356473495387
BAD 356473495393
BAD 356449108553
BAD 356449163957
BAD 356485533463
BAD 356449829143
BAD 356449829147
BAD 356449829149
BAD 356449829161
BAD 356450162759
BAD 356450528333
BAD 356450528359
BAD 356542197677
BAD 356542197679
BAD 356475462877
BAD 356475462881
BAD 356475584261
BAD 356452226773
BAD 356489015101
BAD 356454182963
BAD 356454244067
BAD 356490285353
BAD 356454535081
BAD 356490466253
BAD 356455551773
BAD 356455551799
BAD 356455551811
BAD 356491788493
BAD 356492051281
BAD 356456405951
BAD 356456405953
BAD 356560207693
BAD 356560674739
BAD 356561024333
BAD 356561683013
BAD 356562010333
BAD 356595103913
BAD 356595152401
BAD 356595152411
BAD 356595152413
BAD 356565356011
BAD 356565356113
BAD 356565356117
BAD 356596276559
BAD 356565761329
BAD 356566101653
BAD 356566101659
BAD 356566122307
BAD 356596909219
BAD 356596909223
BAD 356598794161
BAD 356568730501
BAD 356569024597
BAD 356569024607
BAD 356569024613
BAD 356569024621
BAD 356601542191
BAD 356602335797
BAD 356602335799
BAD 356569826161
BAD 356570862757
BAD 356605250251
BAD 356605250257
BAD 356605953533
BAD 356573058239
BAD 356573058241
BAD 356576806433
BAD 356606297623
BAD 356577223813
BAD 356578461443
BAD 356575224751
BAD 356579490013
BAD 356579490017
BAD 356579490019
BAD 356580211459
BAD 356581842839
BAD 356583442253
BAD 356585992969
BAD 356586304939
BAD 356588218859
BAD 356547559649
BAD 356547559651
BAD 356547559813
BAD 356549429153
BAD 356590788509
BAD 356590788511
BAD 356557486357
BAD 356557519117
BAD 356558417287
BAD 356559477413
BAD 356613189487
BAD 356613996511
BAD 356614323073
BAD 356615318363
BAD 356615376031
BAD 356615376067
BAD 356615376083
BAD 356617546429
BAD 356617583957
BAD 356618205707
BAD 356618205709
BAD 356618309989
BAD 356619757729
BAD 356619902101
BAD 356620564901
BAD 356620564903
BAD 356620564907
BAD 356621987629
BAD 356621987633
BAD 356621987639
BAD 356622253307
BAD 356622253313
BAD 356622253343
BAD 356625712957
BAD 356627204639
BAD 356627204641
BAD 356629499731
BAD 356633143969
BAD 356636139799
BAD 356637089713
BAD 356637570943
BAD 356637597529
BAD 356637883267
BAD 356639224423
BAD 356640116893
BAD 356641212287
BAD 356641212289
BAD 356641212293
BAD 356641212359
BAD 356643743747
BAD 356643743749
BAD 356649013549
BAD 356649257903
BAD 356649257911
BAD 356650417523
BAD 356651248339
BAD 356652078337
BAD 356652078353
BAD 356654641069
BAD 356656278397
BAD 356656536961
BAD 356658850703
BAD 356659038763
BAD 356661451639
BAD 356663398873
BAD 356665247311
BAD 356666586041
BAD 356666586043
BAD 356666801611
BAD 356715671201
BAD 356668244641
BAD 356668658683
BAD 356668658719
BAD 356668959523
BAD 356669671543
BAD 356719552373
BAD 356719552379
BAD 356719552381
BAD 356720001439
BAD 356728237451
BAD 356728691807
BAD 356721414367
BAD 356721414373
BAD 356723276537
BAD 356723276543
BAD 356675115871
BAD 356675115877
BAD 356676325583
BAD 356734619827
BAD 356734781807
BAD 356734781813
BAD 356735528957
BAD 356723898473
BAD 356724330289
BAD 356736810611
BAD 356736810613
BAD 356737382647
BAD 356725690999
BAD 356726118767
BAD 356726118781
BAD 356726118799
BAD 356726237579
BAD 356726291759
BAD 356726291767
BAD 356738328943
BAD 356738328949
BAD 356879969753
BAD 356880343471
BAD 356880343483
BAD 356881060171
BAD 356882177051
BAD 356882177053
BAD 356882989147
BAD 356883114047
BAD 356883616651
BAD 356883653251
BAD 356883715063
BAD 356883715073
BAD 356883715109
BAD 356884803533
BAD 356885529409
BAD 356886199183
BAD 356890724419
BAD 356890724431
BAD 356891509453
BAD 356892757919
BAD 356892757937
BAD 356892757939
BAD 356679409027
BAD 356679409033
BAD 356894366929
BAD 356680821467
BAD 356680821473
BAD 356681628157
BAD 356681895263
BAD 356682191429
BAD 356682191431
BAD 356682414289
BAD 356778130151
BAD 356683673329
BAD 356778130153
BAD 356779494979
BAD 356779628911
BAD 356685096727
BAD 356781065677
BAD 356781526823
BAD 356781831607
BAD 356688116969
BAD 356688116971
BAD 356781891161
BAD 356781891163
BAD 356688606623
BAD 356688606629
BAD 356782731337
BAD 356782731359
BAD 356784253081
BAD 356690746561
BAD 356786497897
BAD 356691943607
BAD 356691943609
BAD 356691943613
BAD 356691943627
BAD 356691943631
BAD 356693195449
BAD 356693670763
BAD 356895500749
BAD 356744514827
BAD 356895897991
BAD 356896235887
BAD 356896708879
BAD 356746152907
BAD 356746409717
BAD 356912586193
BAD 356898291833
BAD 356793196099
BAD 356793196103
BAD 356747157343
BAD 356845370851
BAD 356913850583
BAD 356747999243
BAD 356747999249
BAD 356962807393
BAD 356913955159
BAD 356913955207
BAD 356913955213
BAD 356962960531
BAD 356963225273
BAD 356900527771
BAD 356914310867
BAD 356762129351
BAD 356762161543
BAD 356847570757
BAD 356901659461
BAD 356915007079
BAD 356915007083
BAD 356901966461
BAD 356848290683
BAD 356795698807
BAD 356965163393
BAD 356763624157
BAD 356915536669
BAD 356763696907
BAD 356750875253
BAD 356902874327
BAD 356902874329
BAD 356902874351
BAD 356902874389
BAD 356767320263
BAD 356850274579
BAD 356863345303
BAD 356751392209
BAD 356916134063
BAD 356796660403
BAD 356797059859
BAD 356850614479
BAD 356695041421
BAD 356932362271
BAD 356695815713
BAD 356695815727
BAD 356695815731
BAD 356695815733
BAD 356932925443
BAD 356851681507
BAD 356696159821
BAD 356769842213
BAD 356770320859
BAD 356770344719
BAD 356933857873
BAD 356852243507
BAD 356852243509
BAD 356852243521
BAD 356905247789
BAD 356905579279
BAD 356866632851
BAD 356866632853
BAD 356905983673
BAD 356905983677
BAD 356698145137
BAD 356965680193
BAD 356698401391
BAD 356698401443
BAD 356698756013
BAD 356772615239
BAD 356772615263
BAD 356698965703
BAD 356935558013
BAD 356828793019
BAD 356802698117
BAD 356802698123
BAD 356828983429
BAD 356867793313
BAD 356773608953
BAD 356756903683
BAD 356921109593
BAD 356855710243
BAD 356855710259
BAD 356937155867
BAD 356937155873
BAD 356921268607
BAD 356967718493
BAD 356855849761
BAD 356968138253
BAD 356804392859
BAD 356804469611
BAD 356804469613
BAD 356775759271
BAD 356830959757
BAD 356830959761
BAD 356804627743
BAD 356856788401
BAD 356938115593
BAD 356869998721
BAD 356811871379
BAD 356804641447
BAD 356923055737
BAD 356908412461
BAD 356938534111
BAD 356923362023
BAD 356805285919
BAD 356805285929
BAD 356805285931
BAD 356831398643
BAD 356831398673
BAD 356832491033
BAD 356806923271
BAD 356832749113
BAD 356940406003
BAD 356940406061
BAD 356940406063
BAD 356940406157
BAD 356940406159
BAD 356814408499
BAD 356971113281
BAD 356971113283
BAD 356971113287
BAD 356971307299
BAD 356971307359
BAD 356971307369
BAD 356833398941
BAD 356833470241
BAD 356815313761
BAD 356833737259
BAD 356941410409
BAD 356860843739
BAD 356860843741
BAD 356872661569
BAD 356872661573
BAD 356872661599
BAD 356860996511
BAD 356925691097
BAD 356925691099
BAD 356912134231
BAD 356912134237
BAD 356861828627
BAD 356861828629
BAD 356873820739
BAD 356973246757
BAD 356973426941
BAD 356708033923
BAD 356709038783
BAD 356709162937
BAD 356709162941
BAD 356927747053
BAD 356876994911
BAD 356838386041
BAD 356877296273
BAD 356877339353
BAD 356877546209
BAD 356877546211
BAD 356839362961
BAD 356977985369
BAD 356978349181
BAD 356996777003
BAD 356840822321
BAD 356841777497
BAD 356841777499
BAD 356842612331
BAD 356842612333
BAD 356842761773
BAD 356842761787
BAD 356825342191
BAD 356825342197
BAD 357001160203
BAD 356826843103
BAD 357003783683
BAD 357007469671
BAD 357008313721
BAD 356946246649
BAD 356946455303
BAD 356947076639
BAD 356947076641
BAD 356948454563
BAD 356948454619
BAD 357011079871
BAD 357012253211
BAD 356950357069
BAD 356950357073
BAD 356951855671
BAD 356951944819
BAD 356953428763
BAD 356957514323
BAD 356980052683
BAD 356980912921
BAD 356961199453
BAD 356961199457
BAD 356982311899
BAD 356982397643
BAD 356961798049
BAD 356984060243
BAD 356985105601
BAD 356985569911
BAD 356985837097
BAD 356985842273
BAD 356985842287
BAD 356986209001
BAD 356986209007
BAD 356986209011
BAD 356988339899
BAD 356989802509
BAD 356989802513
BAD 356990885843
BAD 356990885851
BAD 356991616469
BAD 356992633541
BAD 356992633549
BAD 356993176549
BAD 356993176559
BAD 357017882987
BAD 357018291901
BAD 357018291919
BAD 357018554287
BAD 357018892561
BAD 357020186371
BAD 357020554831
BAD 357022194973
BAD 357024431221
BAD 357024431263
BAD 357024960443
BAD 357024960469
BAD 357024960473
BAD 357025658713
BAD 357026046121
BAD 357026358727
BAD 357029341321
BAD 357029341327
BAD 357030418477
BAD 357035725939
BAD 357036126413
BAD 357036693073
BAD 357037663393
BAD 357038057659
BAD 357038542591
BAD 357039447229
BAD 357040058393
BAD 357040058411
BAD 357040058413
BAD 357040058429
BAD 357040058449
BAD 357042718727
BAD 357044103883
BAD 357044103907
BAD 357044647907
BAD 357046859209
BAD 357050443517
BAD 357051973351
BAD 357052333291
BAD 357052333373
BAD 357052333381
BAD 357053346173
BAD 357053731121
BAD 357053731123
BAD 357053731127
BAD 357053731129
BAD 357053825131
BAD 357055429463
BAD 357056190017
BAD 357056190019
BAD 357080864093
BAD 357081561817
BAD 357081612553
BAD 357081612557
BAD 357058111973
BAD 357058330403
BAD 357058412873
BAD 357058608073
BAD 357084488777
BAD 357084488779
BAD 357084914899
BAD 357084914917
BAD 357061085047
BAD 357065418349
BAD 357065956571
BAD 357065956573
BAD 357065956579
BAD 357061729223
BAD 357061866949
BAD 357066459401
BAD 357066459403
BAD 357066459419
BAD 357066459427
BAD 357066563957
BAD 357086907547
BAD 357087144551
BAD 357087144553
BAD 357087200753
BAD 357087356167
BAD 357088340377
BAD 357070000493
BAD 357070000501
BAD 357091191031
BAD 357091795999
BAD 357091953373
BAD 357091953377
BAD 357091957921
BAD 357072388891
BAD 357114335041
BAD 357074463547
BAD 357116028053
BAD 357117706349
BAD 357117706357
BAD 357118347857
BAD 357078855613
BAD 357078855631
BAD 357078958963
BAD 357079784731
BAD 357120646277
BAD 357120646279
BAD 357122555987
BAD 357122555989
BAD 357123845693
BAD 357123978559
BAD 357124853809
BAD 357124853851
BAD 357125677189
BAD 357125904719
BAD 357125904721
BAD 357126311851
BAD 357127441873
BAD 357127441883
BAD 357128203609
BAD 357128997679
BAD 357129283673
BAD 357097051417
BAD 357098242667
BAD 357098242691
BAD 357098242693
BAD 357100193731
BAD 357101626127
BAD 357101626129
BAD 357102874411
BAD 357104931019
BAD 357107315977
BAD 357130527713
BAD 357130693351
BAD 357132770101
BAD 357132945929
BAD 357132945931
BAD 357132945943
BAD 357132946033
BAD 357135663979
BAD 357135795799
BAD 357135795803
BAD 357135795811
BAD 357164825959
BAD 357136414343
BAD 357180705187
BAD 357136493047
BAD 357136493057
BAD 357136493059
BAD 357165844423
BAD 357108576833
BAD 357108576953
BAD 357108576971
BAD 357108576973
BAD 357138423353
BAD 357138423359
BAD 357138423361
BAD 357138423379
BAD 357167293579
BAD 357183596533
BAD 357167744761
BAD 357167744779
BAD 357168049123
BAD 357168263239
BAD 357168268463
BAD 357184353439
BAD 357184878373
BAD 357184878377
BAD 357141712117
BAD 357142136047
BAD 357170514433
BAD 357170514443
BAD 357112315253
BAD 357112501093
BAD 357187421687
BAD 357187421693
BAD 357188586439
BAD 357188586449
BAD 357188586451
BAD 357188849851
BAD 357189387043
BAD 357146087827
BAD 357371104469
BAD 357371104471
BAD 357371104477
BAD 357371104529
BAD 357190851659
BAD 357174842851
BAD 357372255683
BAD 357372485389
BAD 357147743893
BAD 357192480721
BAD 357192480727
BAD 357192480739
BAD 357373191323
BAD 357193197247
BAD 357193197269
BAD 357373619983
BAD 357373619987
BAD 357373767983
BAD 357194292137
BAD 357194292139
BAD 357150420049
BAD 357151351951
BAD 357151483231
BAD 357151483237
BAD 357196019507
BAD 357196019513
BAD 357196019689
BAD 357196019701
BAD 357376446239
BAD 357376446241
BAD 357152373503
BAD 357152373509
BAD 357152373511
BAD 357152573761
BAD 357377820271
BAD 357153055561
BAD 357378384481
BAD 357153670231
BAD 357154043437
BAD 357380848553
BAD 357154646969
BAD 357154646971
BAD 357381875209
BAD 357381875219
BAD 357157551917
BAD 357159120299
BAD 357159120301
BAD 357160112473
BAD 357160277503
BAD 357160817647
BAD 357160817653
BAD 357160817659
BAD 357160817683
BAD 357161422907
BAD 357161422909
BAD 357248678107
BAD 357249506069
BAD 357249506071
BAD 357349063483
BAD 357233857609
BAD 357250585511
BAD 357250585513
BAD 357350569783
BAD 357251541961
BAD 357236288671
BAD 357352360237
BAD 357253329949
BAD 357315566171
BAD 357355263931
BAD 357315566173
BAD 357214933157
BAD 357236904853
BAD 357237006001
BAD 357315840353
BAD 357215247173
BAD 357237566603
BAD 357237566617
BAD 357316635469
BAD 357398829527
BAD 357281503261
BAD 357281503283
BAD 357281582351
BAD 357316963051
BAD 357282035161
BAD 357239504837
BAD 357399833701
BAD 357357183797
BAD 357239747539
BAD 357400183771
BAD 357400183793
BAD 357357433171
BAD 357318143867
BAD 357318143869
BAD 357318143873
BAD 357318485527
BAD 357217567579
BAD 357318632269
BAD 357283395277
BAD 357270301877
BAD 357260217469
BAD 357240938239
BAD 357218455199
BAD 357299231353
BAD 357333398189
BAD 357382543493
BAD 357260217473
BAD 357218455201
BAD 357240938251
BAD 357333398197
BAD 357218455207
BAD 357382543499
BAD 357318632273
BAD 357382543501
BAD 357382543517
BAD 357401829643
BAD 357218465347
BAD 357358260887
BAD 357401861573
BAD 357260268193
BAD 357241063813
BAD 357241063939
BAD 357401962583
BAD 357358436489
BAD 357260474843
BAD 357260474849
BAD 357260474869
BAD 357218794753
BAD 357299578697
BAD 357218801491
BAD 357333859471
BAD 357218953673
BAD 357402702427
BAD 357334137697
BAD 357284209441
BAD 357403240189
BAD 357403268899
BAD 357219869803
BAD 357284413799
BAD 357284413807
BAD 357220025783
BAD 357220025819
BAD 357220025821
BAD 357360009023
BAD 357271794263
BAD 357301257653
BAD 357301543541
BAD 357385016003
BAD 357385027733
BAD 357385027739
BAD 357284926487
BAD 357284926489
BAD 357284926499
BAD 357301741441
BAD 357335612429
BAD 357335612449
BAD 357272599357
BAD 357285296663
BAD 357404702891
BAD 357303512623
BAD 357222234379
BAD 357364689463
BAD 357274174681
BAD 357364689467
BAD 357386757473
BAD 357303512633
BAD 357263620963
BAD 357274174693
BAD 357364689469
BAD 357321570083
BAD 357364689481
BAD 357364689503
BAD 357263620969
BAD 357263620979
BAD 357285381889
BAD 357285381923
BAD 357404924059
BAD 357405134609
BAD 357405134627
BAD 357405134629
BAD 357274570853
BAD 357336892201
BAD 357243298987
BAD 357243298991
BAD 357223377799
BAD 357223377803
BAD 357304996319
BAD 357275681569
BAD 357275681573
BAD 357388719757
BAD 357388719767
BAD 357388719769
BAD 357305888393
BAD 357305888399
BAD 357287617331
BAD 357287617333
BAD 357389425403
BAD 357287868631
BAD 357339438671
BAD 357288213833
BAD 357288213859
BAD 357339697243
BAD 357325024229
BAD 357325024253
BAD 357276783889
BAD 357276783893
BAD 357276783901
BAD 357390107587
BAD 357306890389
BAD 357276870917
BAD 357276870919
BAD 357225343711
BAD 357225584593
BAD 357277514423
BAD 357277514467
BAD 357289077487
BAD 357409394417
BAD 357326455919
BAD 357226881733
BAD 357290464571
BAD 357290464577
BAD 357290464579
BAD 357290748359
BAD 357411235361
BAD 357392970383
BAD 357392970401
BAD 357309772741
BAD 357309798499
BAD 357227353213
BAD 357309952807
BAD 357342516161
BAD 357342516163
BAD 357342516211
BAD 357328467371
BAD 357328467373
BAD 357328579141
BAD 357280320113
BAD 357280320119
BAD 357280320121
BAD 357328927859
BAD 357328927861
BAD 357328930927
BAD 357394811413
BAD 357394811419
BAD 357292517221
BAD 357292688449
BAD 357292688453
BAD 357330194219
BAD 357330194233
BAD 357413548913
BAD 357330194237
BAD 357413548931
BAD 357330194239
BAD 357395757923
BAD 357312799703
BAD 357331390553
BAD 357345734671
BAD 357345734701
BAD 357345902959
BAD 357345902987
BAD 357294688909
BAD 357397914851
BAD 357397914857
BAD 357397914859
BAD 357398075159
BAD 357297834863
BAD 357197688209
BAD 357198425057
BAD 357198425063
BAD 357199978153
BAD 357200263951
BAD 357200263963
BAD 357200293279
BAD 357200767129
BAD 357201159313
BAD 357204057913
BAD 357205686857
BAD 357209214919
BAD 357210380767
BAD 357210380777
BAD 357210476977
BAD 357210661309
BAD 357213243721
BAD 357213243727
BAD 357214131817
BAD 357415577749
BAD 357420113867
BAD 357420815903
BAD 357420815933
BAD 357422308981
BAD 357423587723
BAD 357423829817
BAD 357425084257
BAD 357425846257
BAD 357425846263
BAD 357427561349
BAD 357429856603
BAD 357429856607
BAD 357429856613
BAD 357430739543
BAD 357432477443
BAD 357434107321
BAD 357436448573
BAD 357436448581
BAD 357437517719
BAD 357438342329
BAD 357439845613
BAD 357440273161
BAD 357440273167
BAD 357440273171
BAD 357440273173
BAD 357444722731
BAD 357444788699
BAD 357445021111
BAD 357445021117
BAD 357445299259
BAD 357447394153
BAD 357447394159
BAD 357447871399
BAD 357447985723
BAD 357466018397
BAD 357466604993
BAD 357467087363
BAD 357468513443
BAD 357468977869
BAD 357470179309
BAD 357483985513
BAD 357471590363
BAD 357471590369
BAD 357484486861
BAD 357472122031
BAD 357485473909
BAD 357473202859
BAD 357473420509
BAD 357486076069
BAD 357501753409
BAD 357476741917
BAD 357478272337
BAD 357478318201
BAD 357502634521
BAD 357478318207
BAD 357502732303
BAD 357502732309
BAD 357478940953
BAD 357503789009
BAD 357503789011
BAD 357479810747
BAD 357479810749
BAD 357489451883
BAD 357490420823
BAD 357490420843
BAD 357490912501
BAD 357490912507
BAD 357490912511
BAD 357491541817
BAD 357492066731
BAD 357509264153
BAD 357509702453
BAD 357510744883
BAD 357510745003
BAD 357510745037
BAD 357510745043
BAD 357512263753
BAD 357494847623
BAD 357495279637
BAD 357495279641
BAD 357495279643
BAD 357495279653
BAD 357513896693
BAD 357495974093
BAD 357515338909
BAD 357515338913
BAD 357454004783
BAD 357454510561
BAD 357454510571
BAD 357454600319
BAD 357454600343
BAD 357455492941
BAD 357455492957
BAD 357455492969
BAD 357456083087
BAD 357458101373
BAD 357461640901
BAD 357584859781
BAD 357584859811
BAD 357585901441
BAD 357585988951
BAD 357585988961
BAD 357463747351
BAD 357464062177
BAD 357551034791
BAD 357551034793
BAD 357551392283
BAD 357551392301
BAD 357551392321
BAD 357551480023
BAD 357587270087
BAD 357587270093
BAD 357465375781
BAD 357589340597
BAD 357465844381
BAD 357465844399
BAD 357465844403
BAD 357552704149
BAD 357552704167
BAD 357589972253
BAD 357590195563
BAD 357590446579
BAD 357591288211
BAD 357554042281
BAD 357554518963
BAD 357554518969
BAD 357592046737
BAD 357592069673
BAD 357555984089
BAD 357555984091
BAD 357556017241
BAD 357594033317
BAD 357594033319
BAD 357533814017
BAD 357533814031
BAD 357533814037
BAD 357533814041
BAD 357533814047
BAD 357533814049
BAD 357596276831
BAD 357596276833
BAD 357596556703
BAD 357541888441
BAD 357563671321
BAD 357564222751
BAD 357564519553
BAD 357569254831
BAD 357569254837
BAD 357569633437
BAD 357570361321
BAD 357545631409
BAD 357571331569
BAD 357547871029
BAD 357548055593
BAD 357548363617
BAD 357573734491
BAD 357573734509
BAD 357548792221
BAD 357574861807
BAD 357574861859
BAD 357575627753
BAD 357576203077
BAD 357576203093
BAD 357577078741
BAD 357577078759
BAD 357580119497
BAD 357580801187
BAD 357580801189
BAD 357581241617
BAD 357582026803
BAD 357517395947
BAD 357517395953
BAD 357517651627
BAD 357517672417
BAD 357518723869
BAD 357519547493
BAD 357520890817
BAD 357718385093
BAD 357718697689
BAD 357719522389
BAD 357719719759
BAD 357786464663
BAD 357618007639
BAD 357618125867
BAD 357618125903
BAD 357618125911
BAD 357788016899
BAD 357788016931
BAD 357721189561
BAD 357684337573
BAD 357684358981
BAD 357620220211
BAD 357620220241
BAD 357522004843
BAD 357621175363
BAD 357621175367
BAD 357523512013
BAD 357523636133
BAD 357523636147
BAD 357523636153
BAD 357724120639
BAD 357525071149
BAD 357525195563
BAD 357724548229
BAD 357752388317
BAD 357667904723
BAD 357651099277
BAD 357724548241
BAD 357624626449
BAD 357526373497
BAD 357724548253
BAD 357651099307
BAD 357752388319
BAD 357667904729
BAD 357651099319
BAD 357667904731
BAD 357651099367
BAD 357793328131
BAD 357793328161
BAD 357724686001
BAD 357724686019
BAD 357724686023
BAD 357724856393
BAD 357724856413
BAD 357724856417
BAD 357669110699
BAD 357702163079
BAD 357702194431
BAD 357754418113
BAD 357527659771
BAD 357527659781
BAD 357768460037
BAD 357670297241
BAD 357652731463
BAD 357627031637
BAD 357527868563
BAD 357627031639
BAD 357652731479
BAD 357768591379
BAD 357527868571
BAD 357671046331
BAD 357634143019
BAD 357671523691
BAD 357634356103
BAD 357634356109
BAD 357671956753
BAD 357654236369
BAD 357628211887
BAD 357628211957
BAD 357628211959
BAD 357628651073
BAD 357728034289
BAD 357628936543
BAD 357756156599
BAD 357756156601
BAD 357728435749
BAD 357629292851
BAD 357797442703
BAD 357636539809
BAD 357734749403
BAD 357630713689
BAD 357675361073
BAD 357706887481
BAD 357706887493
BAD 357690689233
BAD 357675614851
BAD 357690689249
BAD 357799530533
BAD 357799553191
BAD 357707210989
BAD 357799781333
BAD 357757854073
BAD 357707401717
BAD 357771878767
BAD 357638184121
BAD 357707781583
BAD 357707781601
BAD 357800529139
BAD 357531483511
BAD 357531501203
BAD 357731439313
BAD 357737155357
BAD 357691840837
BAD 357800994371
BAD 357800994373
BAD 357639088913
BAD 357639088921
BAD 357737591557
BAD 357758873123
BAD 357758975243
BAD 357732336901
BAD 357732336919
BAD 357639693211
BAD 357639845131
BAD 357733056607
BAD 357692814953
BAD 357733056613
BAD 357656614489
BAD 357656614507
BAD 357692839729
BAD 357692839733
BAD 357760512253
BAD 357693223763
BAD 357657213517
BAD 357740078317
BAD 357740078329
BAD 357711078563
BAD 357640564297
BAD 357657535247
BAD 357761610919
BAD 357761610923
BAD 357711513331
BAD 357711513347
BAD 357640987877
BAD 357740876851
BAD 357694240511
BAD 357694240513
BAD 357679844597
BAD 357679844611
BAD 357679844783
BAD 357658750039
BAD 357658762231
BAD 357658762273
BAD 357777028759
BAD 357694930871
BAD 357713034331
BAD 357713034337
BAD 357743176673
BAD 357777718231
BAD 357643193239
BAD 357643193273
BAD 357643193363
BAD 357681907379
BAD 357681907381
BAD 357682206257
BAD 357714185993
BAD 357764017547
BAD 357764017549
BAD 357643836973
BAD 357715062589
BAD 357715166119
BAD 357715180201
BAD 357683678663
BAD 357661212179
BAD 357661212193
BAD 357661212197
BAD 357661212199
BAD 357661212203
BAD 357779715203
BAD 357779715229
BAD 357779715233
BAD 357765440911
BAD 357780277969
BAD 357780277973
BAD 357697832587
BAD 357780277979
BAD 357699033977
BAD 357646273531
BAD 357662977171
BAD 357699469583
BAD 357699600409
BAD 357699600413
BAD 357749138113
BAD 357648341191
BAD 357749390423
BAD 357784078933
BAD 357650343749
BAD 357650343751
BAD 357803979383
BAD 357803979721
BAD 357803979727
BAD 357803979737
BAD 357803979739
BAD 357806146193
BAD 357806146199
BAD 357602024777
BAD 357602024779
BAD 357807189511
BAD 357808304003
BAD 357808304017
BAD 357808304023
BAD 357604974439
BAD 357810148439
BAD 357810148441
BAD 357811219229
BAD 357606900517
BAD 357607593751
BAD 357608098849
BAD 357813894973
BAD 357814557209
BAD 357814557211
BAD 357814682903
BAD 357609064979
BAD 357610024231
BAD 357610024253
BAD 357610024259
BAD 357611869283
BAD 357611869291
BAD 357614491387
BAD 357614491391
BAD 357816223613
BAD 357816223619
BAD 357816223621
BAD 357615144127
BAD 357615523723
BAD 357816931051
BAD 357819120839
BAD 357819120853
BAD 357819120859
BAD 357819242449
BAD 357819242453
BAD 357820064747
BAD 357820767763
BAD 357820767781
BAD 357820975753
BAD 357827670061
BAD 357829269011
BAD 357829269013
BAD 357829269103
BAD 357852995117
BAD 357852995119
BAD 357852995131
BAD 357853429421
BAD 357853691813
BAD 357853691821
BAD 357855243931
BAD 357855243959
BAD 357855243961
BAD 357857540023
BAD 357858123877
BAD 357859423529
BAD 357859423531
BAD 357860325313
BAD 357861871363
BAD 357862033201
BAD 357864760373
BAD 357864760381
BAD 357865328503
BAD 357866137907
BAD 357835378819
BAD 357835599269
BAD 357836818099
BAD 357836818103
BAD 357842153993
BAD 357842154011
BAD 357842154013
BAD 357842154017
BAD 357842154023
BAD 357844370857
BAD 357844888483
BAD 357850008811
BAD 357920772203
BAD 357920772211
BAD 357923019653
BAD 357924812243
BAD 357924812251
BAD 357924812261
BAD 357926266237
BAD 357927257563
BAD 357927257579
BAD 357927257581
BAD 357927257587
BAD 357927257591
BAD 357927393647
BAD 357927524257
BAD 357928674749
BAD 357928674751
BAD 357929958653
BAD 357885384163
BAD 357930853303
BAD 357887037601
BAD 357932891753
BAD 357889703783
BAD 357889916413
BAD 357935360929
BAD 357892364971
BAD 357935548939
BAD 357902566843
BAD 357902566849
BAD 357893441699
BAD 357893441701
BAD 357893441707
BAD 357893441779
BAD 357935997703
BAD 357936969499
BAD 357936978811
BAD 357896165933
BAD 357896619139
BAD 357905513899
BAD 357937904053
BAD 357906054767
BAD 357906054769
BAD 357897618653
BAD 357897843371
BAD 357938968511
BAD 357899220997
BAD 357899221039
BAD 357899221049
BAD 357942095587
BAD 357907150981
BAD 357907259557
BAD 357943070599
BAD 357907445899
BAD 357908036807
BAD 357908036809
BAD 357908036813
BAD 357944092111
BAD 357908824003
BAD 357945151807
BAD 357945151813
BAD 357945151819
BAD 357945209207
BAD 357909376771
BAD 357909426151
BAD 357948277847
BAD 357948277849
BAD 357948277853
BAD 357951754439
BAD 357951754441
BAD 357951754453
BAD 357951754507
BAD 357951754529
BAD 357911583751
BAD 357911703553
BAD 357913062701
BAD 357913062713
BAD 357913078801
BAD 357952507933
BAD 357914590933
BAD 357915228221
BAD 357915249533
BAD 357915370369
BAD 357915392209
BAD 357915392213
BAD 357915392221
BAD 357915392227
BAD 357915392231
BAD 357958686907
BAD 357958686949
BAD 357960889103
BAD 357918292673
BAD 357918508603
BAD 357918508609
BAD 357918508613
BAD 357963431503
BAD 357964230683
BAD 357966696559
BAD 357969478129
BAD 357969478133
BAD 358037792753
BAD 358108798343
BAD 358039881637
BAD 358109549767
BAD 358109549771
BAD 358109549773
BAD 357973389317
BAD 357973389331
BAD 357973389337
BAD 357975171583
BAD 357975171601
BAD 357975514549
BAD 357976162669
BAD 357977157847
BAD 358113844643
BAD 358207917349
BAD 357979656901
BAD 358208490053
BAD 357981678049
BAD 357981678053
BAD 358116256373
BAD 358116599821
BAD 357982607267
BAD 357982943333
BAD 357983583967
BAD 358046678281
BAD 358046678303
BAD 358211457749
BAD 357985152079
BAD 357870032629
BAD 358118557897
BAD 358118557903
BAD 358212435569
BAD 358212435571
BAD 358213331849
BAD 357871268203
BAD 357871766561
BAD 357871766563
BAD 357871767289
BAD 357872575069
BAD 358052144171
BAD 358052144173
BAD 358052144179
BAD 358052144291
BAD 358052144293
BAD 358052144299
BAD 357873779779
BAD 358216271131
BAD 358216705733
BAD 358216705741
BAD 357875261749
BAD 357875261753
BAD 358217705249
BAD 358218560551
BAD 357875945743
BAD 357875945747
BAD 357875945753
BAD 357875945761
BAD 357877261513
BAD 357877630013
BAD 357877630021
BAD 357881762299
BAD 357881762317
BAD 357881762321
BAD 357881762323
BAD 358019989619
BAD 357883268851
BAD 357883268857
BAD 357883268863
BAD 357883268867
BAD 358171209367
BAD 358007396029
BAD 358024337017
BAD 358024619027
BAD 358008161813
BAD 358024965593
BAD 358173673883
BAD 358174277639
BAD 358174323679
BAD 358009617871
BAD 358026309169
BAD 358174506463
BAD 358137411271
BAD 358137609173
BAD 358027285271
BAD 358010063869
BAD 358010096603
BAD 358028470417
BAD 358028959039
BAD 358138135987
BAD 358011120037
BAD 358011120053
BAD 358138505941
BAD 358139005969
BAD 358139006023
BAD 358030643497
BAD 358012786633
BAD 358012786643
BAD 358177486847
BAD 357986301949
BAD 357986301973
BAD 358178221343
BAD 358033313551
BAD 358140655357
BAD 358140655373
BAD 358140655381
BAD 358140655387
BAD 357987011119
BAD 357987134543
BAD 358141220053
BAD 358141220057
BAD 358141220071
BAD 358141220093
BAD 358121179727
BAD 358121179729
BAD 358141512803
BAD 358141512811
BAD 358035185429
BAD 358015589699
BAD 358122649919
BAD 358016564303
BAD 358017432431
BAD 358017432433
BAD 357991004243
BAD 358053420187
BAD 358053420191
BAD 358184674217
BAD 358184674219
BAD 357992353157
BAD 357992353163
BAD 358187560921
BAD 358054378553
BAD 358054463227
BAD 358187940811
BAD 358125575317
BAD 358125575323
BAD 358145799773
BAD 358125647953
BAD 358055042101
BAD 358055042113
BAD 358125995543
BAD 358188563659
BAD 358188563683
BAD 358188563693
BAD 358055582033
BAD 358185984253
BAD 358186015003
BAD 358186015007
BAD 358186015009
BAD 357995557967
BAD 357997632077
BAD 357997632079
BAD 358128978499
BAD 358149460943
BAD 358149460961
BAD 358129066513
BAD 358190951413
BAD 357998161369
BAD 357998486863
BAD 358150379357
BAD 358150379359
BAD 358150463227
BAD 358059720989
BAD 358000232881
BAD 358000314131
BAD 358060481543
BAD 358061226379
BAD 358131485911
BAD 358001517253
BAD 358061226409
BAD 358152603643
BAD 358194773551
BAD 358001517259
BAD 358001637751
BAD 358001637757
BAD 358153100623
BAD 358196092973
BAD 358133487533
BAD 358198100851
BAD 358198100863
BAD 358198100867
BAD 358064595073
BAD 358065258253
BAD 358065258263
BAD 358091412451
BAD 358199564453
BAD 358199564479
BAD 358091661679
BAD 358091850097
BAD 358092154073
BAD 358092154081
BAD 358092154087
BAD 358136131219
BAD 358136131261
BAD 358067765059
BAD 358067765063
BAD 358067765071
BAD 358092904241
BAD 358067765149
BAD 358092904243
BAD 358068347401
BAD 358093570693
BAD 358093570697
BAD 358093570699
BAD 358224096487
BAD 358069265293
BAD 358069265297
BAD 358069265299
BAD 358094225603
BAD 358096363531
BAD 358226735903
BAD 358226735917
BAD 358227154081
BAD 358227154099
BAD 358227238883
BAD 358100268209
BAD 358230942913
BAD 358102223393
BAD 358102590289
BAD 358232679733
BAD 358232755733
BAD 358232755739
BAD 358234484977
BAD 358235282303
BAD 358236095999
BAD 358070483453
BAD 358070483471
BAD 358154518801
BAD 358070483473
BAD 358070832143
BAD 358071430841
BAD 358156758151
BAD 358157411141
BAD 358157411149
BAD 358157785373
BAD 358073945129
BAD 358160783303
BAD 358075117747
BAD 358075117753
BAD 358162103821
BAD 358080342953
BAD 358080342967
BAD 358080342973
BAD 358081136143
BAD 358081136159
BAD 358082480113
BAD 358086123667
BAD 358086123683
BAD 358086541369
BAD 358238520053
BAD 358246606153
BAD 358246759733
BAD 358257027263
BAD 358258768649
BAD 358258768657
BAD 358259762929
BAD 358259762933
BAD 358260057121
BAD 358273468627
BAD 358274041109
BAD 358276549573
BAD 358278228907
BAD 358278594431
BAD 358278594433
BAD 358264425863
BAD 358279859521
BAD 358279859527
BAD 358265586577
BAD 358265586589
BAD 358265586593
BAD 358281624893
BAD 358267453969
BAD 358268239367
BAD 358268239369
BAD 358283529943
BAD 358268693227
BAD 358285390391
BAD 358286530529
BAD 358286530531
BAD 358287333457
BAD 358287526789
BAD 358287887339
BAD 358287887341
BAD 358269063731
BAD 358269063751
BAD 358305119573
BAD 358305119581
BAD 358305856621
BAD 358289759609
BAD 358290657331
BAD 358296983663
BAD 358297074983
BAD 358297283263
BAD 358311101791
BAD 358299285767
BAD 358299285769
BAD 358312304789
BAD 358313149813
BAD 358313575429
BAD 358300944319
BAD 358301078929
BAD 358301082533
BAD 358313967391
BAD 358301476333
BAD 358301489347
BAD 358314157471
BAD 358303897129
BAD 358314735113
BAD 358316171461
BAD 358317754919
BAD 358318068827
BAD 358318068839
BAD 358318068841
BAD 358321902667
BAD 358323116561
BAD 358323116563
BAD 358325396213
BAD 358326525061
BAD 358329781507
BAD 358332661567
BAD 358332661579
BAD 358332661591
BAD 358333974293
BAD 358333974331
BAD 358334877013
BAD 358336400843
BAD 358343178839
BAD 358343186263
BAD 358344335827
BAD 358344335851
BAD 358344335861
BAD 358344335863
BAD 358344425869
BAD 358345785047
BAD 358345785053
BAD 358346028631
BAD 358347248789
BAD 358347618061
BAD 358349150543
BAD 358358301709
BAD 358358301713
BAD 358352336387
BAD 358352965933
BAD 358352965937
BAD 358353286243
BAD 358353879841
BAD 358354706663
BAD 358365967951
BAD 358390458593
BAD 358390590287
BAD 358390590289
BAD 358366468321
BAD 358393178893
BAD 358405576943
BAD 358405576951
BAD 358405576957
BAD 358406310949
BAD 358406310953
BAD 358406413921
BAD 358398345401
BAD 358399505371
BAD 358399518559
BAD 358409823097
BAD 358409823103
BAD 358400043613
BAD 358400043623
BAD 358400992333
BAD 358400992349
BAD 358400992351
BAD 358401701783
BAD 358401701809
BAD 358412626051
BAD 358403545741
BAD 358404165283
BAD 358404165289
BAD 358404165293
BAD 358414549643
BAD 358417205957
BAD 358417205959
BAD 358418634169
BAD 358421421997
BAD 358489759973
BAD 358489759981
BAD 358491699827
BAD 358491699829
BAD 358495265993
BAD 358495266001
BAD 358496135527
BAD 358496755297
BAD 358497932929
BAD 358498719781
BAD 358499048029
BAD 358499048071
BAD 358499048077
BAD 358499984683
BAD 358501508447
BAD 358501942541
BAD 358502847827
BAD 358502933273
BAD 358503082321
BAD 358506250499
BAD 358505981233
BAD 358505981237
BAD 358506796499
BAD 358510333219
BAD 358512898673
BAD 358512898699
BAD 358512898703
BAD 358519686277
BAD 358576657529
BAD 358576657531
BAD 358521543749
BAD 358521986597
BAD 358522403719
BAD 358577939353
BAD 358458619583
BAD 358458619591
BAD 358458977609
BAD 358560474751
BAD 358560622543
BAD 358560622549
BAD 358529622239
BAD 358539907801
BAD 358539907807
BAD 358590320873
BAD 358540473703
BAD 358540473713
BAD 358460952827
BAD 358530479903
BAD 358561724093
BAD 358461462223
BAD 358461462253
BAD 358461462283
BAD 358461462323
BAD 358461462329
BAD 358541539049
BAD 358541539051
BAD 358591481737
BAD 358583786653
BAD 358533029329
BAD 358563410791
BAD 358542012859
BAD 358533029333
BAD 358533029347
BAD 358591803683
BAD 358430638543
BAD 358592129783
BAD 358592129789
BAD 358592461543
BAD 358564574063
BAD 358431976043
BAD 358431976051
BAD 358439228359
BAD 358534647299
BAD 358535098463
BAD 358467634561
BAD 358468255823
BAD 358536645811
BAD 358536716903
BAD 358537037723
BAD 358537037753
BAD 358587939737
BAD 358587939739
BAD 358537717339
BAD 358588801673
BAD 358570206833
BAD 358570382251
BAD 358570543913
BAD 358475235361
BAD 358471226329
BAD 358598728493
BAD 358437222323
BAD 358437222329
BAD 358571163793
BAD 358571163799
BAD 358571728687
BAD 358599662173
BAD 358599665293
BAD 358548470779
BAD 358548470783
BAD 358548470809
BAD 358477233607
BAD 358477233613
BAD 358477233619
BAD 358600628933
BAD 358601272651
BAD 358601272657
BAD 358551398509
BAD 358480235401
BAD 358552324187
BAD 358552324189
BAD 358552954663
BAD 358447351799
BAD 358447360729
BAD 358447360753
BAD 358447910999
BAD 358605898723
BAD 358605957739
BAD 358482620233
BAD 358606553623
BAD 358606753171
BAD 358606753177
BAD 358606895923
BAD 358606895929
BAD 358606895939
BAD 358606895993
BAD 358483526123
BAD 358483728287
BAD 358483728289
BAD 358483728299
BAD 358483728301
BAD 358483728307
BAD 358483803871
BAD 358483803883
BAD 358607385599
BAD 358607385601
BAD 358484892331
BAD 358484892343
BAD 358484892349
BAD 358485011359
BAD 358485011429
BAD 358485439159
BAD 358373409571
BAD 358373658457
BAD 358374151309
BAD 358374151313
BAD 358624208893
BAD 358624208903
BAD 358374387101
BAD 358374387127
BAD 358374387157
BAD 358612196183
BAD 358612196197
BAD 358375393183
BAD 358625178973
BAD 358625277407
BAD 358488172037
BAD 358488172039
BAD 358488172043
BAD 358625704537
BAD 358625704553
BAD 358625704559
BAD 358625704561
BAD 358452311629
BAD 358488613337
BAD 358376869733
BAD 358626628057
BAD 358626658853
BAD 358626768053
BAD 358377777949
BAD 358377777959
BAD 358627220647
BAD 358627220681
BAD 358627220683
BAD 358627220759
BAD 358627938209
BAD 358615572569
BAD 358615572571
BAD 358378561831
BAD 358615716793
BAD 358615716803
BAD 358379002049
BAD 358616563021
BAD 358455306551
BAD 358455306553
BAD 358630725709
BAD 358381034183
BAD 358381034191
BAD 358381125901
BAD 358632015323
BAD 358383415009
BAD 358635213061
BAD 358623165181
BAD 358623165191
BAD 358635677047
BAD 358635677051
BAD 358636169893
BAD 358636169897
BAD 358640168171
BAD 358642071383
BAD 358644528169
BAD 358644528173
BAD 358650328681
BAD 358650901111
BAD 358654508063
BAD 358654887473
BAD 358655720113
BAD 358655720119
BAD 358674400177
BAD 358675728823
BAD 358675728833
BAD 358680774467
BAD 358688533297
BAD 358688533303
BAD 358688533309
BAD 358689500977
BAD 358691288581
BAD 358691750551
BAD 358693246843
BAD 358697542583
BAD 358697542603
BAD 358697542607
BAD 358698206479
BAD 358699025569
BAD 358699207127
BAD 358703108227
BAD 358703978351
BAD 358657206727
BAD 358657385987
BAD 358658453431
BAD 358708067857
BAD 358659950191
BAD 358659950197
BAD 358708981097
BAD 358709348341
BAD 358664971867
BAD 358665092089
BAD 358712515163
BAD 358713366901
BAD 358713980123
BAD 358667673523
BAD 358669335677
BAD 358669335679
BAD 358716666823
BAD 358671073997
BAD 358718095543
BAD 358718374591
BAD 358673742979
BAD 358723530391
BAD 358724060809
BAD 358724318221
BAD 358724829653
BAD 358727679601
BAD 358729243403
BAD 358731126829
BAD 358731140087
BAD 358737539263
BAD 358737539267
BAD 358737539269
BAD 358737539273
BAD 358737816443
BAD 358776054743
BAD 358776054761
BAD 358776271043
BAD 358780239091
BAD 358780239109
BAD 358781476201
BAD 358782870701
BAD 358786578809
BAD 358786578811
BAD 358786654801
BAD 358789305499
BAD 358789305503
BAD 358790416849
BAD 358790416861
BAD 358744538069
BAD 358744538071
BAD 358744541053
BAD 358745012971
BAD 358745013023
BAD 358792539463
BAD 358792539487
BAD 358793693033
BAD 358794360391
BAD 358795098031
BAD 358795098049
BAD 358795630969
BAD 358749755951
BAD 358749755953
BAD 358751282503
BAD 358751539283
BAD 358752153631
BAD 358797576353
BAD 358753058407
BAD 358753058413
BAD 358800119809
BAD 358801311289
BAD 358801311293
BAD 358801311301
BAD 358756959167
BAD 358801311307
BAD 358756959173
BAD 358801634083
BAD 358805476873
BAD 358759166503
BAD 358759688269
BAD 358760994043
BAD 358760994049
BAD 358761438727
BAD 358763344889
BAD 358763344897
BAD 358763677193
BAD 358763677199
BAD 358764261643
BAD 358765213159
BAD 358766577469
BAD 358766710681
BAD 358770779431
BAD 358771515563
BAD 358808584489
BAD 358808584501
BAD 358808584513
BAD 358810292023
BAD 358811727457
BAD 358925672489
BAD 358925672491
BAD 358815538733
BAD 358815538751
BAD 358815657301
BAD 358927607503
BAD 358815657323
BAD 358816937779
BAD 358824901583
BAD 358842517259
BAD 358929748531
BAD 358929748537
BAD 358842853519
BAD 358842932059
BAD 358843081423
BAD 358843940579
BAD 358818465013
BAD 358818465017
BAD 358844333101
BAD 358845575383
BAD 358931985541
BAD 358932454273
BAD 358932454301
BAD 358932454303
BAD 358932866003
BAD 358932866059
BAD 358827919159
BAD 358892236631
BAD 358847822539
BAD 358848492917
BAD 358944533819
BAD 358944533821
BAD 358894646723
BAD 358894646731
BAD 358894646741
BAD 358849705037
BAD 358894646743
BAD 358819307239
BAD 358894646749
BAD 358894881437
BAD 358895175169
BAD 358821969619
BAD 358832770259
BAD 358832770279
BAD 358853103799
BAD 358947426511
BAD 358899463009
BAD 358853471783
BAD 358822828319
BAD 358948200703
BAD 358948406041
BAD 358855701277
BAD 358901083913
BAD 358949823163
BAD 358940995339
BAD 358950022933
BAD 358858098121
BAD 358858098127
BAD 358858098271
BAD 358858098397
BAD 358877302051
BAD 358877302073
BAD 358902611539
BAD 358950599563
BAD 358902831611
BAD 358902831613
BAD 358902831631
BAD 358951839991
BAD 358952431273
BAD 358952535229
BAD 358952535233
BAD 358879613263
BAD 358879613269
BAD 358953074863
BAD 358953096949
BAD 358954156601
BAD 358954156609
BAD 358880749613
BAD 358883021909
BAD 358883021911
BAD 358883128169
BAD 358907323867
BAD 358907323871
BAD 358907323883
BAD 358907603543
BAD 358907603557
BAD 359045868913
BAD 358908356363
BAD 359047598123
BAD 358887831233
BAD 358887907033
BAD 358887907039
BAD 358888010993
BAD 359048736481
BAD 358889250809
BAD 359049749677
BAD 359049749683
BAD 358861173337
BAD 359050776677
BAD 358961393053
BAD 358962195653
BAD 358864407457
BAD 358963547521
BAD 358865647969
BAD 358964495179
BAD 358964495191
BAD 358964816579
BAD 358964816593
BAD 358993920379
BAD 358977236243
BAD 359057375927
BAD 359057375933
BAD 358965795907
BAD 358977828907
BAD 358867883173
BAD 358867883183
BAD 359059255957
BAD 359059275859
BAD 359059275863
BAD 359059275871
BAD 359059275877
BAD 359059275881
BAD 358967374057
BAD 358998493643
BAD 358998493649
BAD 358998978953
BAD 358870943077
BAD 358870943083
BAD 358871477581
BAD 359000506789
BAD 359000506793
BAD 358981951093
BAD 358970901473
BAD 359001225953
BAD 359001863839
BAD 359001916193
BAD 359001916199
BAD 358873774673
BAD 358873979333
BAD 358984267723
BAD 358874636303
BAD 358874674321
BAD 358875015407
BAD 358973641787
BAD 358986210469
BAD 358975354589
BAD 359009441377
BAD 358988033903
BAD 358988033917
BAD 358988033923
BAD 358988033927
BAD 358988221883
BAD 359008345999
BAD 359008346003
BAD 358988629957
BAD 359011132063
BAD 358988634553
BAD 358988634581
BAD 358988634583
BAD 359027345753
BAD 359012089771
BAD 358989522233
BAD 359028128233
BAD 359012616343
BAD 359028653617
BAD 359028653623
BAD 359013828203
BAD 359029382759
BAD 359014773463
BAD 359031046571
BAD 359031865741
BAD 359032264571
BAD 359032264573
BAD 359016493393
BAD 359032558991
BAD 359032558993
BAD 359016702001
BAD 359034554191
BAD 359018454737
BAD 359035705939
BAD 359020669237
BAD 359020739963
BAD 359020739971
BAD 359038415693
BAD 359021466203
BAD 359038783819
BAD 359022239857
BAD 359038783823
BAD 359022239861
BAD 359022263309
BAD 359022263311
BAD 359022263317
BAD 359022495487
BAD 359039141453
BAD 359022604987
BAD 359022605009
BAD 359022787663
BAD 359022787733
BAD 359040678679
BAD 359040678683
BAD 358910269897
BAD 358910269901
BAD 358910269903
BAD 358910282149
BAD 358910282153
BAD 358910579497
BAD 358911228727
BAD 358913481889
BAD 358913481893
BAD 358913481907
BAD 358914124901
BAD 358914525457
BAD 358915266517
BAD 358916822377
BAD 358916822389
BAD 358919701477
BAD 358919794711
BAD 358920087143
BAD 358921914523
BAD 358921914529
BAD 358922228393
BAD 358922228407
BAD 358922228411
BAD 358924020089
BAD 358925473051
BAD 359077551961
BAD 359077551967
BAD 359078334347
BAD 359078793571
BAD 359083218259
BAD 359083695923
BAD 359083695931
BAD 359059782241
BAD 359110316749
BAD 359060536321
BAD 359060536327
BAD 359060667583
BAD 359112297463
BAD 359112297469
BAD 359065438531
BAD 359118480361
BAD 359118711109
BAD 359118711113
BAD 359119739623
BAD 359068546171
BAD 359068729577
BAD 359123405959
BAD 359124449059
BAD 359124449083
BAD 359124449087
BAD 359124449093
BAD 359070435811
BAD 359073308029
BAD 359073308071
BAD 359073722809
BAD 359073722831
BAD 359075742769
BAD 359094312287
BAD 359094312289
BAD 359094312323
BAD 359097117037
BAD 359097281377
BAD 359097281407
BAD 359097281453
BAD 359101064183
BAD 359102970199
BAD 359106227749
BAD 359106502529
BAD 359107707403
BAD 359109471379
BAD 359128652041
BAD 359129367943
BAD 359129367991
BAD 359131297013
BAD 359133721957
BAD 359133769063
BAD 359134156763
BAD 359134339819
BAD 359135166241
BAD 359135166307
BAD 359135166311
BAD 359135450357
BAD 359135450383
BAD 359141950759
BAD 359141950763
BAD 359142376531
BAD 359147083081
BAD 359148177637
BAD 359149338091
BAD 359149929923
BAD 359152992721
BAD 359155572263
BAD 359157278173
BAD 359158165279
BAD 359177301317
BAD 359177301319
BAD 359177301323
BAD 359177301331
BAD 359178064771
BAD 359178268369
BAD 359178944653
BAD 359179073683
BAD 359179073689
BAD 359179523767
BAD 359179523771
BAD 359180374783
BAD 359183376557
BAD 359184709393
BAD 359185137853
BAD 359185137893
BAD 359185506091
BAD 359185506107
BAD 359185506109
BAD 359185506133
BAD 359185506139
BAD 359185506143
BAD 359185964953
BAD 359185964957
BAD 359185964959
BAD 359189125261
BAD 359162528273
BAD 359163239693
BAD 359191163503
BAD 359191163509
BAD 359192566937
BAD 359192566939
BAD 359167207879
BAD 359193286691
BAD 359193449833
BAD 359167769381
BAD 359170188199
BAD 359170188203
BAD 359172821177
BAD 359172821179
BAD 359174592523
BAD 359174697793
BAD 359176611961
BAD 359246759891
BAD 359196748979
BAD 359314806187
BAD 359314806211
BAD 359315000003
BAD 359315367227
BAD 359249253487
BAD 359316209671
BAD 359200478393
BAD 359317046987
BAD 359317046989
BAD 359317047007
BAD 359201377729
BAD 359251825817
BAD 359252076811
BAD 359252076829
BAD 359252338043
BAD 359204184617
BAD 359254792019
BAD 359322939751
BAD 359323674361
BAD 359207619721
BAD 359256832931
BAD 359208213193
BAD 359325899089
BAD 359209449173
BAD 359209564939
BAD 359210393723
BAD 359210647949
BAD 359327533109
BAD 359210647951
BAD 359327533111
BAD 359259028171
BAD 359328119363
BAD 359260432567
BAD 359260432571
BAD 359260432579
BAD 359228919289
BAD 359228919293
BAD 359228919349
BAD 359228919353
BAD 359229680167
BAD 359231075447
BAD 359231075449
BAD 359231075503
BAD 359345925583
BAD 359345984341
BAD 359346432889
BAD 359347273763
BAD 359234689103
BAD 359234689109
BAD 359234689111
BAD 359349777491
BAD 359236252283
BAD 359236252289
BAD 359236693399
BAD 359239232119
BAD 359239232123
BAD 359364232583
BAD 359239967843
BAD 359211164569
BAD 359397098647
BAD 359364232589
BAD 359412197171
BAD 359211321661
BAD 359295926623
BAD 359295926629
BAD 359211634651
BAD 359211634673
BAD 359261660971
BAD 359261660983
BAD 359261918789
BAD 359431310363
BAD 359431507703
BAD 359398806163
BAD 359212811213
BAD 359242211851
BAD 359242211917
BAD 359242211921
BAD 359414472619
BAD 359414688407
BAD 359432908511
BAD 359432950913
BAD 359214915001
BAD 359214915013
BAD 359299788587
BAD 359299788593
BAD 359378912281
BAD 359379046109
BAD 359416374703
BAD 359367812203
BAD 359367812213
BAD 359215936913
BAD 359215936921
BAD 359379446203
BAD 359379446207
BAD 359264354893
BAD 359300774071
BAD 359417014277
BAD 359328865223
BAD 359380138373
BAD 359435353103
BAD 359329573793
BAD 359329883321
BAD 359329883323
BAD 359329883333
BAD 359369823913
BAD 359436573031
BAD 359419077569
BAD 359419077571
BAD 359265756139
BAD 359403451853
BAD 359265899627
BAD 359381478229
BAD 359381478233
BAD 359381478251
BAD 359381478259
BAD 359403808373
BAD 359381852341
BAD 359266463771
BAD 359218807583
BAD 359371148723
BAD 359266463789
BAD 359437646569
BAD 359404641499
BAD 359266463791
BAD 359332517683
BAD 359266463797
BAD 359420855149
BAD 359266463813
BAD 359266880459
BAD 359266880461
BAD 359266880513
BAD 359384264053
BAD 359384518643
BAD 359384741491
BAD 359305045643
BAD 359305045651
BAD 359305045681
BAD 359438575819
BAD 359438575823
BAD 359220102323
BAD 359406193171
BAD 359333759243
BAD 359268278549
BAD 359305500119
BAD 359305500121
BAD 359334262409
BAD 359334262411
BAD 359268835669
BAD 359223515327
BAD 359278203611
BAD 359423589761
BAD 359334601057
BAD 359440492703
BAD 359387102177
BAD 359334601081
BAD 359440492727
BAD 359423589769
BAD 359440492729
BAD 359423589773
BAD 359440534223
BAD 359440534237
BAD 359440534241
BAD 359409102473
BAD 359223989431
BAD 359224131181
BAD 359376481801
BAD 359269457123
BAD 359441446843
BAD 359441446849
BAD 359308637273
BAD 359225277923
BAD 359279236963
BAD 359270092403
BAD 359270092409
BAD 359309096719
BAD 359309106113
BAD 359425057627
BAD 359279527891
BAD 359425137473
BAD 359377953773
BAD 359309594563
BAD 359443045153
BAD 359279527993
BAD 359226479329
BAD 359389823729
BAD 359389823731
BAD 359337798403
BAD 359337798409
BAD 359226876829
BAD 359425658203
BAD 359280135757
BAD 359280135763
BAD 359280135779
BAD 359280135803
BAD 359271669961
BAD 359271690157
BAD 359271690163
BAD 359271796133
BAD 359444601721
BAD 359426719979
BAD 359391774691
BAD 359426918791
BAD 359281060729
BAD 359339357989
BAD 359339406121
BAD 359339509429
BAD 359392369051
BAD 359282212673
BAD 359340690661
BAD 359394517387
BAD 359273883259
BAD 359342513813
BAD 359342814601
BAD 359343639959
BAD 359343639961
BAD 359285704249
BAD 359285717509
BAD 359285717513
BAD 359344903471
BAD 359287984843
BAD 359277009661
BAD 359288697577
BAD 359290853827
BAD 359290853863
BAD 359290853869
BAD 359292984143
BAD 359293124753
BAD 359293124767
BAD 359293124783
BAD 359293124789
BAD 359293124791
BAD 359293124803
BAD 359293931351
BAD 359447380451
BAD 359447380463
BAD 359447760803
BAD 359448762493
BAD 359448762509
BAD 359448762511
BAD 359448762527
BAD 359448762529
BAD 359449959173
BAD 359449959179
BAD 359449959181
BAD 359450063393
BAD 359450903599
BAD 359452269797
BAD 359457293983
BAD 359457293989
BAD 359457544097
BAD 359457544099
BAD 359463863417
BAD 359463863419
BAD 359459472401
BAD 359459472403
BAD 359466565631
BAD 359469624433
BAD 359461616593
BAD 359472029689
BAD 359472029767
BAD 359473010173
BAD 359473010191
BAD 359473736627
BAD 359475787087
BAD 359475787091
BAD 359514852139
BAD 359499225011
BAD 359499225013
BAD 359516133211
BAD 359516792143
BAD 359516814919
BAD 359501648117
BAD 359501851999
BAD 359503285991
BAD 359503285993
BAD 359503286003
BAD 359504837837
BAD 359522591287
BAD 359505347611
BAD 359523250243
BAD 359506748641
BAD 359506748647
BAD 359525692453
BAD 359507952403
BAD 359507952407
BAD 359507952431
BAD 359508782771
BAD 359480663209
BAD 359481889709
BAD 359482043653
BAD 359482757791
BAD 359482757797
BAD 359482757813
BAD 359483351281
BAD 359485687117
BAD 359551549891
BAD 359486591077
BAD 359486591089
BAD 359551837693
BAD 359551837703
BAD 359552338183
BAD 359552338199
BAD 359488279313
BAD 359488279351
BAD 359488279357
BAD 359488279361
BAD 359488279373
BAD 359553765119
BAD 359489408539
BAD 359489408543
BAD 359554822519
BAD 359555104921
BAD 359555824807
BAD 359555824811
BAD 359555824813
BAD 359555824819
BAD 359557930181
BAD 359557930183
BAD 359530444391
BAD 359530444393
BAD 359559995581
BAD 359559995591
BAD 359559995593
BAD 359533068379
BAD 359533107553
BAD 359491671173
BAD 359562727687
BAD 359494265183
BAD 359494265213
BAD 359494265239
BAD 359494265243
BAD 359539173361
BAD 359495690273
BAD 359542046359
BAD 359542254923
BAD 359543619473
BAD 359543894659
BAD 359545389457
BAD 359632532167
BAD 359632753489
BAD 359632862059
BAD 359632868689
BAD 359637239981
BAD 359637239987
BAD 359637239989
BAD 359613884753
BAD 359637902963
BAD 359637902993
BAD 359614017107
BAD 359614017109
BAD 359614196899
BAD 359614196933
BAD 359614196993
BAD 359641622077
BAD 359619241453
BAD 359619241477
BAD 359643314791
BAD 359643494737
BAD 359645027113
BAD 359645027117
BAD 359581437899
BAD 359646670301
BAD 359646670303
BAD 359585100323
BAD 359585619229
BAD 359625281303
BAD 359625281311
BAD 359625281317
BAD 359627045383
BAD 359628977629
BAD 359628977633
BAD 359629627213
BAD 359629627219
BAD 359566390069
BAD 359566850263
BAD 359591224723
BAD 359568704221
BAD 359568970301
BAD 359569868789
BAD 359571372487
BAD 359595542783
BAD 359573687597
BAD 359573687623
BAD 359576390423
BAD 359577200123
BAD 359577200131
BAD 359577200137
BAD 359577200141
BAD 359577200149
BAD 359578866679
BAD 359578866683
BAD 359784801953
BAD 359786015011
BAD 359787024593
BAD 359788131713
BAD 359789081777
BAD 359789081779
BAD 359697703819
BAD 359698267823
BAD 359664605623
BAD 359792329313
BAD 359700570979
BAD 359792440759
BAD 359792440771
BAD 359748739879
BAD 359748740011
BAD 359764592359
BAD 359666311919
BAD 359667380671
BAD 359667438301
BAD 359667438313
BAD 359702601031
BAD 359702601053
BAD 359765804693
BAD 359598656411
BAD 359598656413
BAD 359750578921
BAD 359750578927
BAD 359848292773
BAD 359599236613
BAD 359848292777
BAD 359703922681
BAD 359848292779
BAD 359703922691
BAD 359599236617
BAD 359848297751
BAD 359848297771
BAD 359848297819
BAD 359668647083
BAD 359599912643
BAD 359599912649
BAD 359600209627
BAD 359751881287
BAD 359751881311
BAD 359767558399
BAD 359796902221
BAD 359648364041
BAD 359648364043
BAD 359648364067
BAD 359670644033
BAD 359705911759
BAD 359705911781
BAD 359705911783
BAD 359671412179
BAD 359671412183
BAD 359753301517
BAD 359753301553
BAD 359753866561
BAD 359707267921
BAD 359753987107
BAD 359851578223
BAD 359603377223
BAD 359753987111
BAD 359753987113
BAD 359650640521
BAD 359707955941
BAD 359770257541
BAD 359651081663
BAD 359754775519
BAD 359754905569
BAD 359714181581
BAD 359708806217
BAD 359852490901
BAD 359755230047
BAD 359755230049
BAD 359755230053
BAD 359683755763
BAD 359683755773
BAD 359674515353
BAD 359710159981
BAD 359771324509
BAD 359756887781
BAD 359756887783
BAD 359710615441
BAD 359710615447
BAD 359684542351
BAD 359606854259
BAD 359853601099
BAD 359757230753
BAD 359711090383
BAD 359716669289
BAD 359711599999
BAD 359675886083
BAD 359675886091
BAD 359685782959
BAD 359854530811
BAD 359854530821
BAD 359854530823
BAD 359854530829
BAD 359854658063
BAD 359717351813
BAD 359717351821
BAD 359758022881
BAD 359653357979
BAD 359653357981
BAD 359653358003
BAD 359717822003
BAD 359712641237
BAD 359712641303
BAD 359831824439
BAD 359831824441
BAD 359832041419
BAD 359832041423
BAD 359773660429
BAD 359718725423
BAD 359687729633
BAD 359653866349
BAD 359653866353
BAD 359718833893
BAD 359832668491
BAD 359718833897
BAD 359718833899
BAD 359832706043
BAD 359719054957
BAD 359857437001
BAD 359857437013
BAD 359678470013
BAD 359719858963
BAD 359833202767
BAD 359833202783
BAD 359833202791
BAD 359610347989
BAD 359610348001
BAD 359610348049
BAD 359678798431
BAD 359720736901
BAD 359720948893
BAD 359720948903
BAD 359656513757
BAD 359656513759
BAD 359656513763
BAD 359833613459
BAD 359775757241
BAD 359731427933
BAD 359721157591
BAD 359721157603
BAD 359721157619
BAD 359721157867
BAD 359721157871
BAD 359776066063
BAD 359656945939
BAD 359656945943
BAD 359656945987
BAD 359680356961
BAD 359690625061
BAD 359680437773
BAD 359611176653
BAD 359721418649
BAD 359721418669
BAD 359657440873
BAD 359657621437
BAD 359691380527
BAD 359777112649
BAD 359816768419
BAD 359777397563
BAD 359777397599
BAD 359777397601
BAD 359691912143
BAD 359722219211
BAD 359761965487
BAD 359733359039
BAD 359733538609
BAD 359778193589
BAD 359778193591
BAD 359778193597
BAD 359659210357
BAD 359817841217
BAD 359817841219
BAD 359817841231
BAD 359778319051
BAD 359817841237
BAD 359733871867
BAD 359723203523
BAD 359660131829
BAD 359762803973
BAD 359762804003
BAD 359862347941
BAD 359835743287
BAD 359660867383
BAD 359694646009
BAD 359763456127
BAD 359724465193
BAD 359780434733
BAD 359780449493
BAD 359724980669
BAD 359724980707
BAD 359724980731
BAD 359724980743
BAD 359724980753
BAD 359837024749
BAD 359695564619
BAD 359695564621
BAD 359695564643
BAD 359662175329
BAD 359695569091
BAD 359764120351
BAD 359863424653
BAD 359863424689
BAD 359837433751
BAD 359820546403
BAD 359725901153
BAD 359662881583
BAD 359663252341
BAD 359726646143
BAD 359726648689
BAD 359726648693
BAD 359838392873
BAD 359838449827
BAD 359864619013
BAD 359727547063
BAD 359822422471
BAD 359822775157
BAD 359822775173
BAD 359823388369
BAD 359737817869
BAD 359823550297
BAD 359738462701
BAD 359798231251
BAD 359738714347
BAD 359739017023
BAD 359841997429
BAD 359740386053
BAD 359740386059
BAD 359740934929
BAD 359826240181
BAD 359826240187
BAD 359741327327
BAD 359741327329
BAD 359741757061
BAD 359844172679
BAD 359800517101
BAD 359744865607
BAD 359744990519
BAD 359805295489
BAD 359807069899
BAD 359807552311
BAD 359807552323
BAD 359807552359
BAD 359865172523
BAD 359865172529
BAD 359865172531
BAD 359865299903
BAD 359811966799
BAD 359812976491
BAD 359812976521
BAD 359813260459
BAD 359813697007
BAD 359868546623
BAD 359814475777
BAD 359814572959
BAD 359814572983
BAD 359869649003
BAD 359871402161
BAD 359871497521
BAD 359871497533
BAD 359871497537
BAD 359872710217
BAD 359872710233
BAD 359872772573
BAD 359875475737
BAD 359875475741
BAD 359876468449
BAD 359876826209
BAD 359876826217
BAD 359876826223
BAD 359878608293
BAD 359878706989
BAD 359879602261
BAD 359880128767
BAD 359882073211
BAD 359882073217
BAD 359882699689
BAD 359882730007
BAD 359884757179
BAD 359884757189
BAD 359884757191
BAD 359886108251
BAD 359887223089
BAD 359887223093
BAD 359916403549
BAD 359917023481
BAD 359917023493
BAD 359889592963
BAD 359889730399
BAD 359918286391
BAD 359890640017
BAD 359890640023
BAD 359919315323
BAD 359894549893
BAD 359924332489
BAD 359925397159
BAD 359926518451
BAD 359926722931
BAD 359928733757
BAD 359928923701
BAD 359928923707
BAD 359929876987
BAD 359929876991
BAD 359929876993
BAD 359929876997
BAD 359930578981
BAD 359930799737
BAD 359930799743
BAD 359931147391
BAD 359931359311
BAD 359898779203
BAD 359898779213
BAD 359902926067
BAD 359903329483
BAD 359903329493
BAD 359903402933
BAD 359903950883
BAD 359903950891
BAD 359908493761
BAD 359908973371
BAD 359909350169
BAD 359910616099
BAD 359910616103
BAD 359953002503
BAD 359953619891
BAD 359913499261
BAD 359938843577
BAD 359913646429
BAD 359913723451
BAD 359914295681
BAD 359914295683
BAD 359955351991
BAD 359955351997
BAD 359940067247
BAD 359940864659
BAD 359956612297
BAD 359956612303
BAD 359941531933
BAD 359957815093
BAD 359958239843
BAD 359944120829
BAD 359944120831
BAD 359944120853
BAD 359944181479
BAD 359959826363
BAD 359945073017
BAD 359960440337
BAD 359960440339
BAD 359946302567
BAD 359946302593
BAD 359961457267
BAD 359961854743
BAD 359962188269
BAD 359962188293
BAD 359962948951
BAD 359948243779
BAD 359962948957
BAD 359948243783
BAD 359962948963
BAD 359963375593
BAD 359966770369
BAD 359967682189
BAD 359970254573
BAD 359970676991
BAD 359970676993
BAD 359971238399
BAD 359971238401
BAD 359971238411
BAD 359971238413
BAD 359971285657
BAD 359986690253
BAD 359987026759
BAD 359988723877
BAD 359988723883
BAD 359977294603
BAD 359978334151
BAD 359979132011
BAD 359979132013
BAD 359979132031
BAD 359980228529
BAD 359992969643
BAD 359992969649
BAD 359982331453
BAD 359994116569
BAD 359996526691
BAD 359996526697
BAD 359998146923
BAD 359998847251
RANGE 350000000000 360000000000 PRIMES 376005890 BAD 9641
