BAD 220302135553
BAD 220302192841
BAD 220302555139
BAD 220302555217
BAD 220302902933
BAD 220302993401
BAD 220303308619
BAD 220303308623
BAD 220303308661
BAD 220303308691
BAD 220303308697
BAD 220304091563
BAD 220304143027
BAD 220305230113
BAD 220352348147
BAD 220352348149
BAD 220352921783
BAD 220306009309
BAD 220306009333
BAD 220353230483
BAD 220353230491
BAD 220353305699
BAD 220353305701
BAD 220354779683
BAD 220355265517
BAD 220355665639
BAD 220356730411
BAD 220357094449
BAD 220357094453
BAD 220369394701
BAD 220357745837
BAD 220184864129
BAD 220184864131
BAD 220185026597
BAD 220185026599
BAD 220185026603
BAD 220185026617
BAD 220185026629
BAD 220307070779
BAD 220151171341
BAD 220307808323
BAD 220358537473
BAD 220358537479
BAD 220358622443
BAD 220358622467
BAD 220358622469
BAD 220185561259
BAD 220185561313
BAD 220308275599
BAD 220308275623
BAD 220308275633
BAD 220308275641
BAD 220308275647
BAD 220308385771
BAD 220308385777
BAD 220308491519
BAD 220308491521
BAD 220308491537
BAD 220308491539
BAD 220308491549
BAD 220308624311
BAD 220186248497
BAD 220308624313
BAD 220360212833
BAD 220308624317
BAD 220100682947
BAD 220100988829
BAD 220308958523
BAD 220152103373
BAD 220152103387
BAD 220309199507
BAD 220309486973
BAD 220309487023
BAD 220101589373
BAD 220360641359
BAD 220187396089
BAD 220187401129
BAD 220309726841
BAD 220309726843
BAD 220309726867
BAD 220309782271
BAD 220361129803
BAD 220361129809
BAD 220102165589
BAD 220361691127
BAD 220361691131
BAD 220361691133
BAD 220309914353
BAD 220309975759
BAD 220102748737
BAD 220362058043
BAD 220311993743
BAD 220052894161
BAD 220102876633
BAD 220188703193
BAD 220362058057
BAD 220235418673
BAD 220188703199
BAD 220188703201
BAD 220235418677
BAD 220235418679
BAD 220102905887
BAD 220102905889
BAD 220188734767
BAD 220188734771
BAD 220103037199
BAD 220103037229
BAD 220362257683
BAD 220362461161
BAD 220362461173
BAD 220153806941
BAD 220153806953
BAD 220362518359
BAD 220362518371
BAD 220362518381
BAD 220312721971
BAD 220153963831
BAD 220153963853
BAD 220154322053
BAD 220236241921
BAD 220154392063
BAD 220054354279
BAD 220236676679
BAD 220315209649
BAD 220104523993
BAD 220363302121
BAD 220363302161
BAD 220236847043
BAD 220104868937
BAD 220363898239
BAD 220363898243
BAD 220363990213
BAD 220191406307
BAD 220191406313
BAD 220237282513
BAD 220237282823
BAD 220316162719
BAD 220316162723
BAD 220155052849
BAD 220155052853
BAD 220155052861
BAD 220237488181
BAD 220237488203
BAD 220364489417
BAD 220364489419
BAD 220364497357
BAD 220316456497
BAD 220191765929
BAD 220191765931
BAD 220316495183
BAD 220106201243
BAD 220192264183
BAD 220106201369
BAD 220192264223
BAD 220055024551
BAD 220365404473
BAD 220238279647
BAD 220238279659
BAD 220192436173
BAD 220365596291
BAD 220365596293
BAD 220238636227
BAD 220238636231
BAD 220107268651
BAD 220107268657
BAD 220366359893
BAD 220366359953
BAD 220318563373
BAD 220366700459
BAD 220366700461
BAD 220370299403
BAD 220193553563
BAD 220193553589
BAD 220056723949
BAD 220370637437
BAD 220370637439
BAD 220370721451
BAD 220370721499
BAD 220367751277
BAD 220057029187
BAD 220194220159
BAD 220371255043
BAD 220194220163
BAD 220158124687
BAD 220109079263
BAD 220194220171
BAD 220368389287
BAD 220158124709
BAD 220368389303
BAD 220158240619
BAD 220158240623
BAD 220158240629
BAD 220158556951
BAD 220158556957
BAD 220109559679
BAD 220194949987
BAD 220239773087
BAD 220109994703
BAD 220060185803
BAD 220372143883
BAD 220240272257
BAD 220060655671
BAD 220159546757
BAD 220159546759
BAD 220195691251
BAD 220241233411
BAD 220241233417
BAD 220160498653
BAD 220160656049
BAD 220196046023
BAD 220241420989
BAD 220160723569
BAD 220241420999
BAD 220111719229
BAD 220241421013
BAD 220111719397
BAD 220373990269
BAD 220111880113
BAD 220160998039
BAD 220160998051
BAD 220161013519
BAD 220161051211
BAD 220112144537
BAD 220161683747
BAD 220161683789
BAD 220161683813
BAD 220063345927
BAD 220063345937
BAD 220063345939
BAD 220063345967
BAD 220063345969
BAD 220197766969
BAD 220197766973
BAD 220197766979
BAD 220197766981
BAD 220161978793
BAD 220161978797
BAD 220162115219
BAD 220162115221
BAD 220162250543
BAD 220162250551
BAD 220375526971
BAD 220113512533
BAD 220198594337
BAD 220113512539
BAD 220198594339
BAD 220063898713
BAD 220198878271
BAD 220162826251
BAD 220199175059
BAD 220199175061
BAD 220114357669
BAD 220064781529
BAD 220114702513
BAD 220114702547
BAD 220114702573
BAD 220064963359
BAD 220163382889
BAD 220200350221
BAD 220200369953
BAD 220200437671
BAD 220200633563
BAD 220115731909
BAD 220164476579
BAD 220164476629
BAD 220377265217
BAD 220377265219
BAD 220377265223
BAD 220066157569
BAD 220066157573
BAD 220164803041
BAD 220116407671
BAD 220165096223
BAD 220066685767
BAD 220116407699
BAD 220066810031
BAD 220066835309
BAD 220066835311
BAD 220377971971
BAD 220243420207
BAD 220378090217
BAD 220378090223
BAD 220378090249
BAD 220244137429
BAD 220378788323
BAD 220244221999
BAD 220244284697
BAD 220244284699
BAD 220378917007
BAD 220379110493
BAD 220379996209
BAD 220245578783
BAD 220245578789
BAD 220245862943
BAD 220245967727
BAD 220245967729
BAD 220246418393
BAD 220381036973
BAD 220247302657
BAD 220247302673
BAD 220247642191
BAD 220247903971
BAD 220381627129
BAD 220381690201
BAD 220381690223
BAD 220381690231
BAD 220248126271
BAD 220383465833
BAD 220249830043
BAD 220249830049
BAD 220250103683
BAD 220384370153
BAD 220250903063
BAD 220250903113
BAD 220251287783
BAD 220251287791
BAD 220251287803
BAD 220251287807
BAD 220385727721
BAD 220335745913
BAD 220335946433
BAD 220000003081
BAD 220337512177
BAD 220337611853
BAD 220337611859
BAD 220337611861
BAD 220337686381
BAD 220000541843
BAD 220000541857
BAD 220001097023
BAD 220001097031
BAD 220338922691
BAD 220168738763
BAD 220386780073
BAD 220168738771
BAD 220319090137
BAD 220338922693
BAD 220338922697
BAD 220319090149
BAD 220218110573
BAD 220319244601
BAD 220319728183
BAD 220387466179
BAD 220387499131
BAD 220339839743
BAD 220169743049
BAD 220169743051
BAD 220320514363
BAD 220340429531
BAD 220219353859
BAD 220170211673
BAD 220219422529
BAD 220321142233
BAD 220219784599
BAD 220006860263
BAD 220006860277
BAD 220220176369
BAD 220321658261
BAD 220321658273
BAD 220389452573
BAD 220321866013
BAD 220220476717
BAD 220322321917
BAD 220390034173
BAD 220171359913
BAD 220171359917
BAD 220034346871
BAD 220034346877
BAD 220322669689
BAD 220322702659
BAD 220034665247
BAD 220221031031
BAD 220221031033
BAD 220221031141
BAD 220322788823
BAD 220034762587
BAD 220171752443
BAD 220171817717
BAD 220117452859
BAD 220323034979
BAD 220390991753
BAD 220117543369
BAD 220035385189
BAD 220323606179
BAD 220172297707
BAD 220342287973
BAD 220342287983
BAD 220391600899
BAD 220118135617
BAD 220118135621
BAD 220118135623
BAD 220221684383
BAD 220324486673
BAD 220036628593
BAD 220119156949
BAD 220173550501
BAD 220343217901
BAD 220393810667
BAD 220018664497
BAD 220393810669
BAD 220085431493
BAD 220201531223
BAD 220393810673
BAD 220201531247
BAD 220119171079
BAD 220393893289
BAD 220324645103
BAD 220343359351
BAD 220343441719
BAD 220343441723
BAD 220221887593
BAD 220221887603
BAD 220221887623
BAD 220173809201
BAD 220173809203
BAD 220173809209
BAD 220019202619
BAD 220174034557
BAD 220019524027
BAD 220343779267
BAD 220343779273
BAD 220019605307
BAD 220202195497
BAD 220395013057
BAD 220286728477
BAD 220089068669
BAD 220286728483
BAD 220037599367
BAD 220223705071
BAD 220119908311
BAD 220345402399
BAD 220009064239
BAD 220119908321
BAD 220345402427
BAD 220019618251
BAD 220019689249
BAD 220019689319
BAD 220019689321
BAD 220068214901
BAD 220068214903
BAD 220009382941
BAD 220068398903
BAD 220345717393
BAD 220174151027
BAD 220120200283
BAD 220120200481
BAD 220020107737
BAD 220038179917
BAD 220174418591
BAD 220174418593
BAD 220224496733
BAD 220224496741
BAD 220012499191
BAD 220203823069
BAD 220021079717
BAD 220120661671
BAD 220326569569
BAD 220287676129
BAD 220396350373
BAD 220012499209
BAD 220174965667
BAD 220089882601
BAD 220346427253
BAD 220090021819
BAD 220287943727
BAD 220287951049
BAD 220287951061
BAD 220287951067
BAD 220069521673
BAD 220021502639
BAD 220021502641
BAD 220090658393
BAD 220090658407
BAD 220090658413
BAD 220090658419
BAD 220175708959
BAD 220288503583
BAD 220327510729
BAD 220347503581
BAD 220091120597
BAD 220022058133
BAD 220327705583
BAD 220348956931
BAD 220070601703
BAD 220177088503
BAD 220205525653
BAD 220023416611
BAD 220327705597
BAD 220177088507
BAD 220397666063
BAD 220121419813
BAD 220038802673
BAD 220289134957
BAD 220348956943
BAD 220023416617
BAD 220015570363
BAD 220091185529
BAD 220091185619
BAD 220038825931
BAD 220177222303
BAD 220039000507
BAD 220397910979
BAD 220397910991
BAD 220015995263
BAD 220016040763
BAD 220016040767
BAD 220016040793
BAD 220289612017
BAD 220121639513
BAD 220023711277
BAD 220398167839
BAD 220398178159
BAD 220039328617
BAD 220023779977
BAD 220225955317
BAD 220290165727
BAD 220122280999
BAD 220122281003
BAD 220122281023
BAD 220039359871
BAD 220290372623
BAD 220092634087
BAD 220226460481
BAD 220206751819
BAD 220206751847
BAD 220226602039
BAD 220226615437
BAD 220072317173
BAD 220399614613
BAD 220178627173
BAD 220178843009
BAD 220178843011
BAD 220093431391
BAD 220400109379
BAD 220400109407
BAD 220025027527
BAD 220350905869
BAD 220329691321
BAD 220179189473
BAD 220179236749
BAD 220329845273
BAD 220073331133
BAD 220041029137
BAD 220292069749
BAD 220207695583
BAD 220179524221
BAD 220292069761
BAD 220094420839
BAD 220330129871
BAD 220124049511
BAD 220094420849
BAD 220227617003
BAD 220073879159
BAD 220094420851
BAD 220400733451
BAD 220026054959
BAD 220073879161
BAD 220073879173
BAD 220026054961
BAD 220073879177
BAD 220330413187
BAD 220094801519
BAD 220094801543
BAD 220074285359
BAD 220094842801
BAD 220074327953
BAD 220228034461
BAD 220041600949
BAD 220124553799
BAD 220074493217
BAD 220074499949
BAD 220074499951
BAD 220074499979
BAD 220041995093
BAD 220095219881
BAD 220026834499
BAD 220041995099
BAD 220041995101
BAD 220180440653
BAD 220331014987
BAD 220331014991
BAD 220331014993
BAD 220331102867
BAD 220208711963
BAD 220331443733
BAD 220180961017
BAD 220180961023
BAD 220228942859
BAD 220228942861
BAD 220096051801
BAD 220096051807
BAD 220042806833
BAD 220042806853
BAD 220042806871
BAD 220042976341
BAD 220043041979
BAD 220075385617
BAD 220293546023
BAD 220043224133
BAD 220181389201
BAD 220331932649
BAD 220096552937
BAD 220096552939
BAD 220043418139
BAD 220028078723
BAD 220075721911
BAD 220181707831
BAD 220096585391
BAD 220028125073
BAD 220096592621
BAD 220096592623
BAD 220096619597
BAD 220096619599
BAD 220028267323
BAD 220229900851
BAD 220076041561
BAD 220230087953
BAD 220332556867
BAD 220182189559
BAD 220182306529
BAD 220182306593
BAD 220182306629
BAD 220028886379
BAD 220294416541
BAD 220182733487
BAD 220294694239
BAD 220183038653
BAD 220231050649
BAD 220294779487
BAD 220097463769
BAD 220294815553
BAD 220294898443
BAD 220211079383
BAD 220295210693
BAD 220333588213
BAD 220295210699
BAD 220231459381
BAD 220295210701
BAD 220029959371
BAD 220184053409
BAD 220077659671
BAD 220030154723
BAD 220295409443
BAD 220045912327
BAD 220045912369
BAD 220098424613
BAD 220046091931
BAD 220046091949
BAD 220046091953
BAD 220046162857
BAD 220046162863
BAD 220078290469
BAD 220334122039
BAD 220078290473
BAD 220078290479
BAD 220211695247
BAD 220030817011
BAD 220078418891
BAD 220334282323
BAD 220334282327
BAD 220334345249
BAD 220046533009
BAD 220046533013
BAD 220078746343
BAD 220128442433
BAD 220232776279
BAD 220046603599
BAD 220031416919
BAD 220031416921
BAD 220031483953
BAD 220335078683
BAD 220296402863
BAD 220031881319
BAD 220031896187
BAD 220296566579
BAD 220047143671
BAD 220047143677
BAD 220032053183
BAD 220079678179
BAD 220079678201
BAD 220047285827
BAD 220032428353
BAD 220032428359
BAD 220080128029
BAD 220080128033
BAD 220032674707
BAD 220213132603
BAD 220033129159
BAD 220033129163
BAD 220033129177
BAD 220033129181
BAD 220033143833
BAD 220033174433
BAD 220033213241
BAD 220081207939
BAD 220081207943
BAD 220214124661
BAD 220048585759
BAD 220048585763
BAD 220130416637
BAD 220214334773
BAD 220214334787
BAD 220298198413
BAD 220214470351
BAD 220048960253
BAD 220048969897
BAD 220214679743
BAD 220049124377
BAD 220298568029
BAD 220298627749
BAD 220298627767
BAD 220298627771
BAD 220215259741
BAD 220298843953
BAD 220298843987
BAD 220049778859
BAD 220215721291
BAD 220083166883
BAD 220083223999
BAD 220216454209
BAD 220083789703
BAD 220300229819
BAD 220300229861
BAD 220216963793
BAD 220300229873
BAD 220132664923
BAD 220133176313
BAD 220217626721
BAD 220217626723
BAD 220300937867
BAD 220300937869
BAD 220300937873
BAD 220217719129
BAD 220217719133
BAD 220217719147
BAD 220218019103
BAD 220218019117
BAD 220134155431
BAD 220301477743
BAD 220252765963
BAD 220134370231
BAD 220134370243
BAD 220134621277
BAD 220134824479
BAD 220134883373
BAD 220134883393
BAD 220253541113
BAD 220135089961
BAD 220135468181
BAD 220135468183
BAD 220135755817
BAD 220136151623
BAD 220255034411
BAD 220255034413
BAD 220136905523
BAD 220255270189
BAD 220255421629
BAD 220137454781
BAD 220137454783
BAD 220137454787
BAD 220255839187
BAD 220256003753
BAD 220256003761
BAD 220256003767
BAD 220256025439
BAD 220256186881
BAD 220256321149
BAD 220257234433
BAD 220257336883
BAD 220258116313
BAD 220258116317
BAD 220258116319
BAD 220258276409
BAD 220258276411
BAD 220258276439
BAD 220268483671
BAD 220268740339
BAD 220268828333
BAD 220268853533
BAD 220259126341
BAD 220259126359
BAD 220260303799
BAD 220260315161
BAD 220260643411
BAD 220270653989
BAD 220142539103
BAD 220270653991
BAD 220270694387
BAD 220260998081
BAD 220142945317
BAD 220261327369
BAD 220144022363
BAD 220262045141
BAD 220272402799
BAD 220144861931
BAD 220144861933
BAD 220273138381
BAD 220273452041
BAD 220273452043
BAD 220273561399
BAD 220274215747
BAD 220274624483
BAD 220264418963
BAD 220264418971
BAD 220274874203
BAD 220274874217
BAD 220274916161
BAD 220275014137
BAD 220275014149
BAD 220275014153
BAD 220275014171
BAD 220275014173
BAD 220275019301
BAD 220275019303
BAD 220264614263
BAD 220275085913
BAD 220275475313
BAD 220265208367
BAD 220265260687
BAD 220265850803
BAD 220276701823
BAD 220149246143
BAD 220277680759
BAD 220277741617
BAD 220277741623
BAD 220150419283
BAD 220150419289
BAD 220150419319
BAD 220150419323
BAD 220150667509
BAD 220150667549
BAD 220278315857
BAD 220267260137
BAD 220267260139
BAD 220150930487
BAD 220279012381
BAD 220279369903
BAD 220279369909
BAD 220279369913
BAD 220279369939
BAD 220279369943
BAD 220279369951
BAD 220282079119
BAD 220283900873
BAD 220283900887
BAD 220285008443
BAD 220285008451
BAD 220285008457
BAD 220285032763
BAD 220404362573
BAD 220404470323
BAD 220405503697
BAD 220420159181
BAD 220406307203
BAD 220421189603
BAD 220421214179
BAD 220421488489
BAD 220421488673
BAD 220407358261
BAD 220422462163
BAD 220422462167
BAD 220422462173
BAD 220422462181
BAD 220408252177
BAD 220408528931
BAD 220408528933
BAD 220409000611
BAD 220409000639
BAD 220409020681
BAD 220409156761
BAD 220424055979
BAD 220424055983
BAD 220426164649
BAD 220411901497
BAD 220411901537
BAD 220411901539
BAD 220412123783
BAD 220427543983
BAD 220427718299
BAD 220412755081
BAD 220427826571
BAD 220427826589
BAD 220427826607
BAD 220413125431
BAD 220413177443
BAD 220413250643
BAD 220413250667
BAD 220413250669
BAD 220428491771
BAD 220430231873
BAD 220415309431
BAD 220416042131
BAD 220437191939
BAD 220437191941
BAD 220437191983
BAD 220431710461
BAD 220486880743
BAD 220486880753
BAD 220432437143
BAD 220486998583
BAD 220432437151
BAD 220432437157
BAD 220432437163
BAD 220471124669
BAD 220438764589
BAD 220417133723
BAD 220438764593
BAD 220487978773
BAD 220487978897
BAD 220439317699
BAD 220471795237
BAD 220439589001
BAD 220439589023
BAD 220439602879
BAD 220439602883
BAD 220417984103
BAD 220488829681
BAD 220472465053
BAD 220472508043
BAD 220472508049
BAD 220440429439
BAD 220489216429
BAD 220472565193
BAD 220489306801
BAD 220489418521
BAD 220440880501
BAD 220418883493
BAD 220418883497
BAD 220418883499
BAD 220490474207
BAD 220442081137
BAD 220473204277
BAD 220473908959
BAD 220473908969
BAD 220443057223
BAD 220491892609
BAD 220432446979
BAD 220443057229
BAD 220432446991
BAD 220443519949
BAD 220443519953
BAD 220433384723
BAD 220493047639
BAD 220493047657
BAD 220493177251
BAD 220433710429
BAD 220520477543
BAD 220493678869
BAD 220493678879
BAD 220434409487
BAD 220434453923
BAD 220434453929
BAD 220434453931
BAD 220434453937
BAD 220434453983
BAD 220434453989
BAD 220434453991
BAD 220434454003
BAD 220434454007
BAD 220444817191
BAD 220521268601
BAD 220445262319
BAD 220445292931
BAD 220522137799
BAD 220446851783
BAD 220494965861
BAD 220435694993
BAD 220494965863
BAD 220495249963
BAD 220473909001
BAD 220447387249
BAD 220495563523
BAD 220474083623
BAD 220474083637
BAD 220447686061
BAD 220495919419
BAD 220495919437
BAD 220522910627
BAD 220522910633
BAD 220523205919
BAD 220523205923
BAD 220523262677
BAD 220523577473
BAD 220448332807
BAD 220496881793
BAD 220474940869
BAD 220474940897
BAD 220497199103
BAD 220448943529
BAD 220475527093
BAD 220497565927
BAD 220524223379
BAD 220524223393
BAD 220524266107
BAD 220476248677
BAD 220524266111
BAD 220497766529
BAD 220497766537
BAD 220476406523
BAD 220451334547
BAD 220451856259
BAD 220451948929
BAD 220451949001
BAD 220477105217
BAD 220477105223
BAD 220452070493
BAD 220499017243
BAD 220499017283
BAD 220499249083
BAD 220525846561
BAD 220525846819
BAD 220526049649
BAD 220526049683
BAD 220499614277
BAD 220477616701
BAD 220477621223
BAD 220477791461
BAD 220477791463
BAD 220478150807
BAD 220500294929
BAD 220500294941
BAD 220500294953
BAD 220500416419
BAD 220478762477
BAD 220478762479
BAD 220527853283
BAD 220478845313
BAD 220502624581
BAD 220502624921
BAD 220478973173
BAD 220502836283
BAD 220480152889
BAD 220529149369
BAD 220529227081
BAD 220480305763
BAD 220480750667
BAD 220480750669
BAD 220529810803
BAD 220529810807
BAD 220482091189
BAD 220530532769
BAD 220530532771
BAD 220530532787
BAD 220482539219
BAD 220482539243
BAD 220483059457
BAD 220483411963
BAD 220483480403
BAD 220483480409
BAD 220483480411
BAD 220532186753
BAD 220483656277
BAD 220654874863
BAD 220654887683
BAD 220655629699
BAD 220534424993
BAD 220534507247
BAD 220534507283
BAD 220656299137
BAD 220535414797
BAD 220656685609
BAD 220535541799
BAD 220656894053
BAD 220657013557
BAD 220657013561
BAD 220657093043
BAD 220536195713
BAD 220536778519
BAD 220485348583
BAD 220771872421
BAD 220485798157
BAD 220485798163
BAD 220485867529
BAD 220658641339
BAD 220658641363
BAD 220658783713
BAD 220486448543
BAD 220659019523
BAD 220772396213
BAD 220659097999
BAD 220659433139
BAD 220659433171
BAD 220773347723
BAD 220773848429
BAD 220774469647
BAD 220661218369
BAD 220661900401
BAD 220662416803
BAD 220776177799
BAD 220662903623
BAD 220776641443
BAD 220776641447
BAD 220776641461
BAD 220776641467
BAD 220776641479
BAD 220776641483
BAD 220663197893
BAD 220663197901
BAD 220776996997
BAD 220663525343
BAD 220663673011
BAD 220777268927
BAD 220777317997
BAD 220777344223
BAD 220777344299
BAD 220777464769
BAD 220665359419
BAD 220778972191
BAD 220779236779
BAD 220666241633
BAD 220780178791
BAD 220666702247
BAD 220666772959
BAD 220666772971
BAD 220780457633
BAD 220453417211
BAD 220780457647
BAD 220453417213
BAD 220780457669
BAD 220453417229
BAD 220780457671
BAD 220667206687
BAD 220667370181
BAD 220667370191
BAD 220667579767
BAD 220781024857
BAD 220781024861
BAD 220667851489
BAD 220454881099
BAD 220454881103
BAD 220668629123
BAD 220781998873
BAD 220781998883
BAD 220456060057
BAD 220456060063
BAD 220456060067
BAD 220456060073
BAD 220456060109
BAD 220782242753
BAD 220782242777
BAD 220782242783
BAD 220782242797
BAD 220669106521
BAD 220669858259
BAD 220669858261
BAD 220784808173
BAD 220457349263
BAD 220457349293
BAD 220784840821
BAD 220784840851
BAD 220669906253
BAD 220457543029
BAD 220457599823
BAD 220670573839
BAD 220785938629
BAD 220786175279
BAD 220786217723
BAD 220670922761
BAD 220670963917
BAD 220786504273
BAD 220459666657
BAD 220459666663
BAD 220459779697
BAD 220460701463
BAD 220460822383
BAD 220461025063
BAD 220461025097
BAD 220461412471
BAD 220462643491
BAD 220462643497
BAD 220462690969
BAD 220463016923
BAD 220463016931
BAD 220463016947
BAD 220463043301
BAD 220463178263
BAD 220466611669
BAD 220466625959
BAD 220466625961
BAD 220466830879
BAD 220467077401
BAD 220467908897
BAD 220468340513
BAD 220468340527
BAD 220468340531
BAD 220468340537
BAD 220468340539
BAD 220468340569
BAD 220468340581
BAD 220468340591
BAD 220468559327
BAD 220468559329
BAD 220468701919
BAD 220788628939
BAD 220791066919
BAD 220604420039
BAD 220791776311
BAD 220605596483
BAD 220605596489
BAD 220606456163
BAD 220606456201
BAD 220606663337
BAD 220606663339
BAD 220607135579
BAD 220607240629
BAD 220721494397
BAD 220504623173
BAD 220793425553
BAD 220505167409
BAD 220505167411
BAD 220505497363
BAD 220505531447
BAD 220722711437
BAD 220723059317
BAD 220723298993
BAD 220723299001
BAD 220608955321
BAD 220723507859
BAD 220723507861
BAD 220723507931
BAD 220723507933
BAD 220621840619
BAD 220621913753
BAD 220621913773
BAD 220621913777
BAD 220621913779
BAD 220795564909
BAD 220506476543
BAD 220622168993
BAD 220724520803
BAD 220537267999
BAD 220537295249
BAD 220724809537
BAD 220507773259
BAD 220507800833
BAD 220623297913
BAD 220797007531
BAD 220797097373
BAD 220797097379
BAD 220610844991
BAD 220610904763
BAD 220725756809
BAD 220725799433
BAD 220538830493
BAD 220726158721
BAD 220726191503
BAD 220624165631
BAD 220624440823
BAD 220624523491
BAD 220798288229
BAD 220509104383
BAD 220509163219
BAD 220509163223
BAD 220798625743
BAD 220540063567
BAD 220798703837
BAD 220798703843
BAD 220705952569
BAD 220612757821
BAD 220540573769
BAD 220613223133
BAD 220540732519
BAD 220613474707
BAD 220625787713
BAD 220613583713
BAD 220553660281
BAD 220728300581
BAD 220626337597
BAD 220613583719
BAD 220707918203
BAD 220613583721
BAD 220511097841
BAD 220687867513
BAD 220728300589
BAD 220626337601
BAD 220728300593
BAD 220541190071
BAD 220800507077
BAD 220728300673
BAD 220588163713
BAD 220541190073
BAD 220800507079
BAD 220800541943
BAD 220708011571
BAD 220588261877
BAD 220588261879
BAD 220588261889
BAD 220588261891
BAD 220588263373
BAD 220588263397
BAD 220800617123
BAD 220588287259
BAD 220588287263
BAD 220626468793
BAD 220728719441
BAD 220728719443
BAD 220688516897
BAD 220708740907
BAD 220613964931
BAD 220728719489
BAD 220801160149
BAD 220541763353
BAD 220628687077
BAD 220511726893
BAD 220755146873
BAD 220590323719
BAD 220511726899
BAD 220688516899
BAD 220555604779
BAD 220688516903
BAD 220511902763
BAD 220628887279
BAD 220628951071
BAD 220590590629
BAD 220755557761
BAD 220709199121
BAD 220709199133
BAD 220709234987
BAD 220709234989
BAD 220709235007
BAD 220614407009
BAD 220614407011
BAD 220614407021
BAD 220729155769
BAD 220709312071
BAD 220590898951
BAD 220756475609
BAD 220631455381
BAD 220512170587
BAD 220559019101
BAD 220673117939
BAD 220689271823
BAD 220756475617
BAD 220710863393
BAD 220512170611
BAD 220559019103
BAD 220614644533
BAD 220673117941
BAD 220542440719
BAD 220590913033
BAD 220801807433
BAD 220542488821
BAD 220673196517
BAD 220631698543
BAD 220673427973
BAD 220631948881
BAD 220591359997
BAD 220711091551
BAD 220690009769
BAD 220512795233
BAD 220543429937
BAD 220543429943
BAD 220757560357
BAD 220802578253
BAD 220757571173
BAD 220757571179
BAD 220513500901
BAD 220690546387
BAD 220712066041
BAD 220543901887
BAD 220690546403
BAD 220632685703
BAD 220690546409
BAD 220803363799
BAD 220561680439
BAD 220675499273
BAD 220690546411
BAD 220618605299
BAD 220803363853
BAD 220618605301
BAD 220618605307
BAD 220632688631
BAD 220730595523
BAD 220730595529
BAD 220544305879
BAD 220562112359
BAD 220544438273
BAD 220803827029
BAD 220803827033
BAD 220633180463
BAD 220618915303
BAD 220676343863
BAD 220633346191
BAD 220691462759
BAD 220691462791
BAD 220758422947
BAD 220545538471
BAD 220634050657
BAD 220804958203
BAD 220515056263
BAD 220758422953
BAD 220619228447
BAD 220731703681
BAD 220562639483
BAD 220676826551
BAD 220713657683
BAD 220691739859
BAD 220562639489
BAD 220676826553
BAD 220713657691
BAD 220758540113
BAD 220758540193
BAD 220731872269
BAD 220634251891
BAD 220805275417
BAD 220805275423
BAD 220805275429
BAD 220592035739
BAD 220619584373
BAD 220692331507
BAD 220677603373
BAD 220515782533
BAD 220635046403
BAD 220677751243
BAD 220677751249
BAD 220619864363
BAD 220732863227
BAD 220693506991
BAD 220714814093
BAD 220516366723
BAD 220619864383
BAD 220563345113
BAD 220546216277
BAD 220679369513
BAD 220637370959
BAD 220592463731
BAD 220546216279
BAD 220637370991
BAD 220546216283
BAD 220637370997
BAD 220546216291
BAD 220759442179
BAD 220759442227
BAD 220715195153
BAD 220620296933
BAD 220680043279
BAD 220694200487
BAD 220694446241
BAD 220694446243
BAD 220715650769
BAD 220760348089
BAD 220517177663
BAD 220564165147
BAD 220564165163
BAD 220564247947
BAD 220694957849
BAD 220681040579
BAD 220681040581
BAD 220548137449
BAD 220695076541
BAD 220695076543
BAD 220695076549
BAD 220716338137
BAD 220548261469
BAD 220548261473
BAD 220564644121
BAD 220594043107
BAD 220761915511
BAD 220594191547
BAD 220548830797
BAD 220565117351
BAD 220565117371
BAD 220762296151
BAD 220717142461
BAD 220717142479
BAD 220549312129
BAD 220565340053
BAD 220762515031
BAD 220518345079
BAD 220518345083
BAD 220518442549
BAD 220696202149
BAD 220518442553
BAD 220518442567
BAD 220735129093
BAD 220549580833
BAD 220735279439
BAD 220518513353
BAD 220682771213
BAD 220594789333
BAD 220682771237
BAD 220565655589
BAD 220594789369
BAD 220549719647
BAD 220549719823
BAD 220717712221
BAD 220682931811
BAD 220594903103
BAD 220682952493
BAD 220696702493
BAD 220683015283
BAD 220549940587
BAD 220549940591
BAD 220566023773
BAD 220566054367
BAD 220735557353
BAD 220550311417
BAD 220519073371
BAD 220736191439
BAD 220763897791
BAD 220595659189
BAD 220595659211
BAD 220595659223
BAD 220595659231
BAD 220550760511
BAD 220550760517
BAD 220718822353
BAD 220697926331
BAD 220683165433
BAD 220764127763
BAD 220567515299
BAD 220697926333
BAD 220596023449
BAD 220697926343
BAD 220567515307
BAD 220718885393
BAD 220718885407
BAD 220683296543
BAD 220698153173
BAD 220596193549
BAD 220719140879
BAD 220719140881
BAD 220698286069
BAD 220698286079
BAD 220698286087
BAD 220719310373
BAD 220764580613
BAD 220551508651
BAD 220551508657
BAD 220737813173
BAD 220737813193
BAD 220568141603
BAD 220698830959
BAD 220551902449
BAD 220551902453
BAD 220738073797
BAD 220720228373
BAD 220568788663
BAD 220568788667
BAD 220553004523
BAD 220699862759
BAD 220553091643
BAD 220766217643
BAD 220685124983
BAD 220685124991
BAD 220700402537
BAD 220569479831
BAD 220569479833
BAD 220597991573
BAD 220766818423
BAD 220700620213
BAD 220598174353
BAD 220598430823
BAD 220570045757
BAD 220686072889
BAD 220686072899
BAD 220598793997
BAD 220598794001
BAD 220598836231
BAD 220598858999
BAD 220598859001
BAD 220701832753
BAD 220599072719
BAD 220599072721
BAD 220702007611
BAD 220702007623
BAD 220599157117
BAD 220768181281
BAD 220768181287
BAD 220599157157
BAD 220599157159
BAD 220768358983
BAD 220599391291
BAD 220599391297
BAD 220702772753
BAD 220702772761
BAD 220687074481
BAD 220768669603
BAD 220769082773
BAD 220769082791
BAD 220687763509
BAD 220687763521
BAD 220600273351
BAD 220600273363
BAD 220600309339
BAD 220600404257
BAD 220769439467
BAD 220769439469
BAD 220600557263
BAD 220769685623
BAD 220769770747
BAD 220770083033
BAD 220770083047
BAD 220601087183
BAD 220770173731
BAD 220770173737
BAD 220770412147
BAD 220738293583
BAD 220601489431
BAD 220770412151
BAD 220770556891
BAD 220770557221
BAD 220738531103
BAD 220738543037
BAD 220770878633
BAD 220771311557
BAD 220771311559
BAD 220602250681
BAD 220771562633
BAD 220602534007
BAD 220740093713
BAD 220570549699
BAD 220603202153
BAD 220740316763
BAD 220571183737
BAD 220571766143
BAD 220572028711
BAD 220572197179
BAD 220572324241
BAD 220572324263
BAD 220741502923
BAD 220741502929
BAD 220741530421
BAD 220741535251
BAD 220741535257
BAD 220742053801
BAD 220573931581
BAD 220742870311
BAD 220742870317
BAD 220638369337
BAD 220575353539
BAD 220575353543
BAD 220638768829
BAD 220638930823
BAD 220638930847
BAD 220638930859
BAD 220639223747
BAD 220744316539
BAD 220744316543
BAD 220576685149
BAD 220745336899
BAD 220577200247
BAD 220577200253
BAD 220577200331
BAD 220577200339
BAD 220577393027
BAD 220640527663
BAD 220745844503
BAD 220745952541
BAD 220745952547
BAD 220640766299
BAD 220640766301
BAD 220641192953
BAD 220641227269
BAD 220578683869
BAD 220578683873
BAD 220747451563
BAD 220579203931
BAD 220579203937
BAD 220747451567
BAD 220579203973
BAD 220747611323
BAD 220642233697
BAD 220747805101
BAD 220747805107
BAD 220579768831
BAD 220642401293
BAD 220579928431
BAD 220642601287
BAD 220642601303
BAD 220642601371
BAD 220642772513
BAD 220642772533
BAD 220580291363
BAD 220580302141
BAD 220580361901
BAD 220748294953
BAD 220748379091
BAD 220748924101
BAD 220748924131
BAD 220581215017
BAD 220581252743
BAD 220644127553
BAD 220749526027
BAD 220582889123
BAD 220750817149
BAD 220750817153
BAD 220583962673
BAD 220750817167
BAD 220583962681
BAD 220750817171
BAD 220750817173
BAD 220751110609
BAD 220751358083
BAD 220751770661
BAD 220585294939
BAD 220585294957
BAD 220647076051
BAD 220647376549
BAD 220752712769
BAD 220752997363
BAD 220586405771
BAD 220586413447
BAD 220586413451
BAD 220586413457
BAD 220586413459
BAD 220648090811
BAD 220586870123
BAD 220648212451
BAD 220648212457
BAD 220648212481
BAD 220648212487
BAD 220648344929
BAD 220753891349
BAD 220753923983
BAD 220649039003
BAD 220649101583
BAD 220754567993
BAD 220649677673
BAD 220650218197
BAD 220650322051
BAD 220650322069
BAD 220650322073
BAD 220651149559
BAD 220651460123
BAD 220652346881
BAD 220652346883
BAD 220652367437
BAD 220652596081
BAD 220652942659
BAD 220652942663
BAD 220653299443
BAD 220653942251
BAD 220653942253
BAD 220822188413
BAD 220822730269
BAD 220822737673
BAD 220822737677
BAD 220824818611
BAD 220824858313
BAD 220824858409
BAD 220824858413
BAD 220825799119
BAD 220825943147
BAD 220827639961
BAD 220827937027
BAD 220830072019
BAD 220838929261
BAD 220872758947
BAD 220830072031
BAD 220830275801
BAD 220830275803
BAD 220830501097
BAD 220873278449
BAD 220873278473
BAD 220873406893
BAD 220830874339
BAD 220831134809
BAD 220831134817
BAD 220873944197
BAD 220873944199
BAD 220831471633
BAD 220831471649
BAD 220840882219
BAD 220874928971
BAD 220874928973
BAD 220832185481
BAD 220841539349
BAD 220841539351
BAD 220842067729
BAD 220833537863
BAD 220833537871
BAD 220876453103
BAD 220876453111
BAD 220876462831
BAD 220876529011
BAD 220834227223
BAD 220843855517
BAD 220836007759
BAD 220836654263
BAD 220837093207
BAD 220837093223
BAD 220837212397
BAD 220877445619
BAD 220848109663
BAD 220878259003
BAD 220878259009
BAD 220849188863
BAD 220878630989
BAD 220878630991
BAD 220849744261
BAD 220849773899
BAD 220849773901
BAD 220879218169
BAD 220879218173
BAD 220850229203
BAD 220880143709
BAD 220880143711
BAD 220880143723
BAD 220880251843
BAD 220851909937
BAD 220852072981
BAD 220852477969
BAD 220853083769
BAD 220853083783
BAD 220881583477
BAD 220881583487
BAD 220881583493
BAD 220923585209
BAD 220853149613
BAD 220923585217
BAD 220881976823
BAD 220881976831
BAD 220924057049
BAD 220924057051
BAD 220853798761
BAD 220853974387
BAD 220882328297
BAD 220882328299
BAD 220854527461
BAD 220925226497
BAD 220855018523
BAD 220925226499
BAD 220925975329
BAD 220926049321
BAD 220884516121
BAD 220926460081
BAD 220926541463
BAD 220926852329
BAD 220927414349
BAD 220886080043
BAD 220928410309
BAD 220928410327
BAD 220928410379
BAD 220931006171
BAD 220932304711
BAD 220933236893
BAD 220933236913
BAD 220933700461
BAD 220933700489
BAD 220933878047
BAD 220933878049
BAD 220935936841
BAD 220935936847
BAD 220935936853
BAD 220936358971
BAD 220888455499
BAD 220937488573
BAD 220937488579
BAD 220937634569
BAD 220937634571
BAD 220938243859
BAD 220805767183
BAD 220805767187
BAD 220805982779
BAD 220805982781
BAD 220805982799
BAD 220806063353
BAD 220806311767
BAD 220806311771
BAD 220806311773
BAD 220806760129
BAD 220806952153
BAD 220807223809
BAD 220807447349
BAD 220807447351
BAD 220807793083
BAD 220807793093
BAD 220808145469
BAD 220810929463
BAD 220811104981
BAD 220812027061
BAD 220812027067
BAD 220939687379
BAD 220939818397
BAD 220856121803
BAD 220939837471
BAD 220939837477
BAD 220856260081
BAD 220940987233
BAD 220812877853
BAD 220858065293
BAD 220858226557
BAD 220813589123
BAD 220813844989
BAD 220814139499
BAD 220942779229
BAD 220942779247
BAD 220859258041
BAD 220859258047
BAD 220814372123
BAD 220943893103
BAD 220860230611
BAD 220815945377
BAD 220815945379
BAD 220944044443
BAD 220860459773
BAD 220816433449
BAD 220861265347
BAD 220817330947
BAD 220862202901
BAD 220862202907
BAD 220862202923
BAD 220862475863
BAD 220818225923
BAD 220864036843
BAD 220819374361
BAD 220864036847
BAD 220864036849
BAD 220864067659
BAD 220864067663
BAD 220819612501
BAD 220819612529
BAD 220819612553
BAD 220864427041
BAD 220864473199
BAD 220944454141
BAD 220945090313
BAD 220946030549
BAD 220946030551
BAD 220866126473
BAD 220866126499
BAD 220946223451
BAD 220946233331
BAD 220866319673
BAD 220866319711
BAD 220866657731
BAD 220866657733
BAD 220947180607
BAD 220947180683
BAD 220947180689
BAD 220947180691
BAD 220947363071
BAD 220947376633
BAD 220947376649
BAD 220947538489
BAD 220947538501
BAD 220947757243
BAD 220867767839
BAD 220947879023
BAD 220947879227
BAD 220948279733
BAD 220868910133
BAD 220949122399
BAD 220949122403
BAD 220949421893
BAD 220949575591
BAD 220949575597
BAD 220870915927
BAD 220951086137
BAD 220951086143
BAD 220952240329
BAD 220821333583
BAD 220821333589
BAD 220821928711
BAD 220953274771
BAD 220954413083
BAD 220954413091
BAD 220871370647
BAD 220954579231
BAD 220872401513
BAD 220889438359
BAD 220889573987
BAD 220890024037
BAD 220890359531
BAD 220891025753
BAD 220892308207
BAD 220892548213
BAD 220892828587
BAD 220893089177
BAD 220894503463
BAD 220894929253
BAD 220895350693
BAD 220895350699
BAD 220896585799
BAD 220896585803
BAD 220896585817
BAD 220896769453
BAD 220897140229
BAD 220897140239
BAD 220897140241
BAD 220897267967
BAD 220897267973
BAD 220898063233
BAD 220898331859
BAD 220898741311
BAD 220898976937
BAD 220898976941
BAD 220898976943
BAD 220899071447
BAD 220899071453
BAD 220900446103
BAD 220900470563
BAD 220900545731
BAD 220902154909
BAD 221124307307
BAD 221124307309
BAD 221125255459
BAD 220902852419
BAD 220902852421
BAD 220902852439
BAD 221192081059
BAD 221129474963
BAD 221193099949
BAD 221129945251
BAD 221193388069
BAD 221193838433
BAD 221130184441
BAD 221130440273
BAD 221130440299
BAD 221194913813
BAD 221194913843
BAD 221194913851
BAD 221195066263
BAD 221131373563
BAD 221195531663
BAD 221131807459
BAD 221131807471
BAD 220903860217
BAD 221132328583
BAD 221132328623
BAD 220904094751
BAD 220904105053
BAD 220904140033
BAD 221132678287
BAD 220905817177
BAD 220905838639
BAD 221195935993
BAD 221135179129
BAD 221135179169
BAD 221135179171
BAD 221197433167
BAD 221135225629
BAD 221135697883
BAD 221198085881
BAD 221198085883
BAD 221135886383
BAD 221136001223
BAD 221136001283
BAD 221136001291
BAD 221136001297
BAD 221136001301
BAD 221136703391
BAD 221137609369
BAD 221137734463
BAD 221137896509
BAD 221137896517
BAD 221138574637
BAD 221139318091
BAD 221139334943
BAD 221139755437
BAD 221140524181
BAD 221201855111
BAD 221201855113
BAD 221201855117
BAD 221201855123
BAD 221201855143
BAD 221201855153
BAD 221201855183
BAD 221201855201
BAD 221201855221
BAD 221201855267
BAD 221201855269
BAD 221201978251
BAD 221202432391
BAD 221203137797
BAD 221203137823
BAD 221203137829
BAD 221203818029
BAD 221204315791
BAD 221204315797
BAD 221204808103
BAD 221204808131
BAD 221204808133
BAD 221204835253
BAD 221204845663
BAD 221206334071
BAD 221206809739
BAD 221207516611
BAD 221006802623
BAD 221007139261
BAD 221007158347
BAD 221007158353
BAD 221007158371
BAD 221007298879
BAD 221007418703
BAD 221007418711
BAD 221007418721
BAD 221007418787
BAD 221007770911
BAD 221007770933
BAD 221007770939
BAD 221007770941
BAD 221007770947
BAD 221008117807
BAD 221008126589
BAD 221008486967
BAD 221008486969
BAD 221008922903
BAD 221008922933
BAD 221009102491
BAD 221009116129
BAD 221009263621
BAD 221009590213
BAD 221010586501
BAD 221010733189
BAD 221010733193
BAD 221011017611
BAD 221011017613
BAD 220906043153
BAD 220957082933
BAD 220957082963
BAD 220957082981
BAD 221011017631
BAD 220906169623
BAD 221011335331
BAD 220957526989
BAD 221012166257
BAD 221012166259
BAD 220958295589
BAD 220958295619
BAD 220958295659
BAD 220958295661
BAD 220907551699
BAD 221012698279
BAD 221012698289
BAD 220908184381
BAD 220959439123
BAD 220908673969
BAD 220908759193
BAD 220908759199
BAD 220908825253
BAD 220959847489
BAD 220909030733
BAD 220960114411
BAD 221013754279
BAD 220909131293
BAD 220960851901
BAD 221014583563
BAD 220910234539
BAD 221014584943
BAD 220990864987
BAD 220990864993
BAD 220991126207
BAD 220910831191
BAD 220992048973
BAD 220911283013
BAD 220992206483
BAD 221015969513
BAD 221015969519
BAD 221015969521
BAD 220911657853
BAD 221016348211
BAD 220911753031
BAD 220911753037
BAD 220911810773
BAD 220911810781
BAD 220911810787
BAD 220911810793
BAD 220911810799
BAD 220911810803
BAD 220911810811
BAD 220992951143
BAD 220992951149
BAD 221016932761
BAD 221017047809
BAD 221057097071
BAD 220912253773
BAD 221017393609
BAD 220974044671
BAD 221090906447
BAD 221058110789
BAD 221074699793
BAD 220912414603
BAD 221074699801
BAD 220993919143
BAD 220912414607
BAD 221090973889
BAD 221058320753
BAD 221058320809
BAD 221058475501
BAD 221058475507
BAD 221091228049
BAD 221091228053
BAD 221175000523
BAD 221059164919
BAD 221059472941
BAD 221059472947
BAD 221075849233
BAD 221018574653
BAD 221018574661
BAD 221175466451
BAD 221018606461
BAD 221075951449
BAD 221092151279
BAD 221059800173
BAD 220995594049
BAD 220913647897
BAD 220913649533
BAD 221094016841
BAD 221060351227
BAD 220976831639
BAD 220961296819
BAD 220996390963
BAD 221176262389
BAD 221077183837
BAD 220961296823
BAD 221176262393
BAD 221176262407
BAD 221176262413
BAD 220913693437
BAD 221077379239
BAD 221077379249
BAD 221077379251
BAD 220961406163
BAD 221094229729
BAD 221060608513
BAD 220996795519
BAD 220961570917
BAD 220997105851
BAD 221061128461
BAD 221061128467
BAD 221061128471
BAD 221061128473
BAD 221078104483
BAD 221078104493
BAD 221094854489
BAD 220914446953
BAD 220914446957
BAD 221078740457
BAD 220978719161
BAD 221095785653
BAD 221107384577
BAD 220914446959
BAD 220962397861
BAD 220978719163
BAD 221061816091
BAD 220997808443
BAD 220962397867
BAD 221095793311
BAD 221177760637
BAD 221177905813
BAD 220998220637
BAD 220962858001
BAD 220962858007
BAD 221062387817
BAD 221096403007
BAD 221079568987
BAD 221107936339
BAD 221178206063
BAD 220963066553
BAD 220963066559
BAD 220963066561
BAD 221108153713
BAD 220979371051
BAD 221079980213
BAD 221079980221
BAD 221079980243
BAD 221080006261
BAD 221063537377
BAD 220963978219
BAD 221109334513
BAD 221097499079
BAD 221040970363
BAD 220979494213
BAD 221097499081
BAD 220999644979
BAD 221020393819
BAD 221063625599
BAD 221041055647
BAD 221097583823
BAD 221041055657
BAD 221097583829
BAD 221041055659
BAD 221063664443
BAD 220999803811
BAD 220999803823
BAD 220999803841
BAD 221179047787
BAD 221063776729
BAD 221063776733
BAD 221063776757
BAD 221179115849
BAD 221179115851
BAD 221141057849
BAD 221141058013
BAD 221141058023
BAD 221097795923
BAD 221158558969
BAD 220916079649
BAD 221000486359
BAD 221158558993
BAD 220964749099
BAD 221020904833
BAD 221082104449
BAD 221109972199
BAD 221158558997
BAD 221065126409
BAD 221000486363
BAD 220979592037
BAD 221180830399
BAD 221109972203
BAD 220916079661
BAD 220979592049
BAD 221065126411
BAD 221041696483
BAD 220964802403
BAD 220964802413
BAD 221000560289
BAD 221000669303
BAD 220979750153
BAD 221041892749
BAD 221158738679
BAD 221158738681
BAD 221000803043
BAD 220965011401
BAD 221181165287
BAD 221021306291
BAD 221021306293
BAD 221000931409
BAD 221065647503
BAD 220980072499
BAD 221082466457
BAD 221042165063
BAD 220916513767
BAD 221000931527
BAD 220980072503
BAD 221141948243
BAD 220980247993
BAD 220980248017
BAD 220980248029
BAD 220916773019
BAD 221082671741
BAD 221001232423
BAD 221001245503
BAD 221001252683
BAD 221042625599
BAD 221181993173
BAD 221110597139
BAD 221083000973
BAD 220980724603
BAD 220980724609
BAD 220980724651
BAD 221159666789
BAD 220980833737
BAD 221022547789
BAD 221142832439
BAD 221142832441
BAD 220917680051
BAD 221142857671
BAD 221111179127
BAD 220917786553
BAD 221001979217
BAD 221111179129
BAD 221085330619
BAD 220967056561
BAD 221067353693
BAD 221085330673
BAD 221044601269
BAD 221184055067
BAD 221022797519
BAD 221044601273
BAD 220981235873
BAD 221111179153
BAD 220981235879
BAD 220981235899
BAD 220981235953
BAD 220967130023
BAD 221044817207
BAD 221044817209
BAD 220967196917
BAD 221143126151
BAD 221002285817
BAD 221044940341
BAD 220918226911
BAD 221143233943
BAD 220967287571
BAD 220967287573
BAD 221045098543
BAD 221111698471
BAD 221097875269
BAD 221184628261
BAD 221085673687
BAD 221002736401
BAD 220918572739
BAD 221143339987
BAD 221160598159
BAD 220982128891
BAD 221085673733
BAD 220982128909
BAD 221085687113
BAD 220918726187
BAD 220918726229
BAD 220982330399
BAD 221185172581
BAD 221112330269
BAD 220982873863
BAD 220982873869
BAD 221161404053
BAD 220919510303
BAD 221112638371
BAD 220919612941
BAD 221185705253
BAD 221185705277
BAD 220983204473
BAD 221046663571
BAD 220919800373
BAD 221186011663
BAD 221186089909
BAD 221162076469
BAD 221144296327
BAD 221004178013
BAD 220968923093
BAD 221047240979
BAD 220920446641
BAD 220968923101
BAD 221114230153
BAD 220968923107
BAD 221087159429
BAD 221187835481
BAD 221099513423
BAD 221071594069
BAD 221087159431
BAD 220984073333
BAD 221099513431
BAD 220920446693
BAD 221114276239
BAD 221114295013
BAD 220984121129
BAD 220984121131
BAD 220920516293
BAD 220920516301
BAD 220920516307
BAD 220920516317
BAD 220920516319
BAD 220984152943
BAD 221004375301
BAD 221114507311
BAD 221162370397
BAD 221114507321
BAD 220920644521
BAD 221071953821
BAD 220984392383
BAD 221071953833
BAD 221188255867
BAD 221188255877
BAD 221188255879
BAD 221114653451
BAD 221114653453
BAD 221004736819
BAD 220920859909
BAD 220984677079
BAD 220984677083
BAD 220969808989
BAD 221072492203
BAD 221087736019
BAD 220921128383
BAD 220921248211
BAD 221072764669
BAD 221005311949
BAD 221163416557
BAD 221145490051
BAD 221145490057
BAD 220985269033
BAD 221048472419
BAD 221115673819
BAD 221115756839
BAD 220970705569
BAD 220970705573
BAD 221073202451
BAD 221165150477
BAD 221048962973
BAD 221088341437
BAD 221189303243
BAD 221145854323
BAD 221073202453
BAD 221005593271
BAD 220985600629
BAD 221116687973
BAD 221165249839
BAD 221116800481
BAD 221116800493
BAD 220972399471
BAD 221146084021
BAD 221146084031
BAD 221189818043
BAD 221088862391
BAD 221165867341
BAD 220973017303
BAD 221006179003
BAD 221117708813
BAD 221006317033
BAD 221190454183
BAD 220986442561
BAD 221089453393
BAD 221190758449
BAD 221166434669
BAD 221166434683
BAD 221102070053
BAD 220986803651
BAD 221191051261
BAD 221147051551
BAD 221050180103
BAD 221089615093
BAD 221050180111
BAD 221166836641
BAD 221102535391
BAD 221089894981
BAD 221050667623
BAD 221102875249
BAD 220987568077
BAD 220987568093
BAD 221103418927
BAD 221103418933
BAD 221119048589
BAD 221147850667
BAD 221147850673
BAD 221119206361
BAD 221147997979
BAD 221167603303
BAD 221167603309
BAD 221167603313
BAD 220988214571
BAD 221119863593
BAD 221168298391
BAD 221149551479
BAD 221149551481
BAD 221105509753
BAD 221120267603
BAD 221120267609
BAD 221168789693
BAD 221120267611
BAD 221053456669
BAD 221120698171
BAD 221169281407
BAD 221151269431
BAD 221054014681
BAD 221169699293
BAD 221169717191
BAD 221169717193
BAD 221151774469
BAD 221170201403
BAD 221170201409
BAD 221170201411
BAD 221170201429
BAD 221170201489
BAD 221170201493
BAD 221054687911
BAD 221170449919
BAD 221170449923
BAD 221170450003
BAD 221170450009
BAD 221170450049
BAD 221170450051
BAD 221152469147
BAD 221152469149
BAD 221024569321
BAD 221121738373
BAD 221121738379
BAD 221170894613
BAD 221025046639
BAD 221171153479
BAD 221055446723
BAD 221025046643
BAD 221171615779
BAD 221055873719
BAD 221055873721
BAD 221153992393
BAD 221153992399
BAD 221153992403
BAD 221154158791
BAD 221154158801
BAD 221154158803
BAD 221154158809
BAD 221154444859
BAD 221154498083
BAD 221172414721
BAD 221155189741
BAD 221155189747
BAD 221172958927
BAD 221155575283
BAD 221156052713
BAD 221156084819
BAD 221156150833
BAD 221156306323
BAD 221123931467
BAD 221123931481
BAD 221027127479
BAD 221027127481
BAD 221156556013
BAD 221157347063
BAD 221028655129
BAD 221029230329
BAD 221029230341
BAD 221029230343
BAD 221029294397
BAD 221030195233
BAD 221030195237
BAD 221032047479
BAD 221032047493
BAD 221032144769
BAD 221032144771
BAD 221032144793
BAD 221032552193
BAD 221033222873
BAD 221033222881
BAD 221034129773
BAD 221037197839
BAD 221039907173
BAD 221040093277
BAD 221225729183
BAD 221225729191
BAD 221226222953
BAD 221227160857
BAD 221227160863
BAD 221227740247
BAD 221227743199
BAD 221227743211
BAD 221228046331
BAD 221228168351
BAD 221228168353
BAD 221228805113
BAD 221229698243
BAD 221229880693
BAD 221229880699
BAD 221230542563
BAD 221230575919
BAD 221230614727
BAD 221230614799
BAD 221258380033
BAD 221258380037
BAD 221258380039
BAD 221258416591
BAD 221258971313
BAD 221259255883
BAD 221259255887
BAD 221259256039
BAD 221260229873
BAD 221260250117
BAD 221260250119
BAD 221241645319
BAD 221241645323
BAD 221241645329
BAD 221241645341
BAD 221241645343
BAD 221242010629
BAD 221261063627
BAD 221242104683
BAD 221242271077
BAD 221242366097
BAD 221242366099
BAD 221242884791
BAD 221242936763
BAD 221242950703
BAD 221232950683
BAD 221244755233
BAD 221244755243
BAD 221234181011
BAD 221245045661
BAD 221245045663
BAD 221234672657
BAD 221245637341
BAD 221246314361
BAD 221246314363
BAD 221246314369
BAD 221236248413
BAD 221262777037
BAD 221263148881
BAD 221248949191
BAD 221264581327
BAD 221250635413
BAD 221250961081
BAD 221236606373
BAD 221236606399
BAD 221251837363
BAD 221237264953
BAD 221237264957
BAD 221237264959
BAD 221237394949
BAD 221252303507
BAD 221252303509
BAD 221238182593
BAD 221238182689
BAD 221252303513
BAD 221252375423
BAD 221238614843
BAD 221208050759
BAD 221208050761
BAD 221208050773
BAD 221208112649
BAD 221208208483
BAD 221208208489
BAD 221208225193
BAD 221239187237
BAD 221253749779
BAD 221253749867
BAD 221253828259
BAD 221253828269
BAD 221253828283
BAD 221253828293
BAD 221239937641
BAD 221240319449
BAD 221240319451
BAD 221240403367
BAD 221254825417
BAD 221241129631
BAD 221241476851
BAD 221255744711
BAD 221255744713
BAD 221211640399
BAD 221212105523
BAD 221266260679
BAD 221212438399
BAD 221266850041
BAD 221212758773
BAD 221212758829
BAD 221267136457
BAD 221267900941
BAD 221213657281
BAD 221213857903
BAD 221268859193
BAD 221215114619
BAD 221257004263
BAD 221269706269
BAD 221269767517
BAD 221257969967
BAD 221215678129
BAD 221272309367
BAD 221272309369
BAD 221272309373
BAD 221272962613
BAD 221272962629
BAD 221273113003
BAD 221274362173
BAD 221274370789
BAD 221274716461
BAD 221219953231
BAD 221220772631
BAD 221221043893
BAD 221221043899
BAD 221221043909
BAD 221221884847
BAD 221224169503
BAD 221224517687
BAD 221224517713
BAD 221224517719
BAD 221308910393
BAD 221308910399
BAD 221308910401
BAD 221309373349
BAD 221309373353
BAD 221310307811
BAD 221310307909
BAD 221310822331
BAD 221310822379
BAD 221310822391
BAD 221311080259
BAD 221311285939
BAD 221311651243
BAD 221313704299
BAD 221313704303
BAD 221313704309
BAD 221313899363
BAD 221313899399
BAD 221313919037
BAD 221313919039
BAD 221314125671
BAD 221314125673
BAD 221314658297
BAD 221314658303
BAD 221314658311
BAD 221314850363
BAD 221315229439
BAD 221317889929
BAD 221319090691
BAD 221319090721
BAD 221319122887
BAD 221319462043
BAD 221319769261
BAD 221320788083
BAD 221320810759
BAD 221321661331
BAD 221323679971
BAD 221323680001
BAD 221323680007
BAD 221323744597
BAD 221323814081
BAD 221324311309
BAD 221324375851
BAD 221324789347
BAD 221324789351
BAD 221325842713
BAD 221326235891
BAD 221326483771
BAD 221328389809
BAD 221328556793
BAD 221328936293
BAD 221329456291
BAD 221330104469
BAD 221330104493
BAD 221330671117
BAD 221330671123
BAD 221330788717
BAD 221330788729
BAD 221330799211
BAD 221332042369
BAD 221275587851
BAD 221332142029
BAD 221332977533
BAD 221276793937
BAD 221333435243
BAD 221333531753
BAD 221277070943
BAD 221277076151
BAD 221277076177
BAD 221333752153
BAD 221333752201
BAD 221333752231
BAD 221333870423
BAD 221333870431
BAD 221333870449
BAD 221333870453
BAD 221277859909
BAD 221278696649
BAD 221278696651
BAD 221278696687
BAD 221278983253
BAD 221278983271
BAD 221280734869
BAD 221281500233
BAD 221281905877
BAD 221281979719
BAD 221282148863
BAD 221282148877
BAD 221282335999
BAD 221283942799
BAD 221284223291
BAD 221284494121
BAD 221285594149
BAD 221286136879
BAD 221286198583
BAD 221287846411
BAD 221288470099
BAD 221288470103
BAD 221288470133
BAD 221288556289
BAD 221288556347
BAD 221288556353
BAD 221289081983
BAD 221334575281
BAD 221335857517
BAD 221338020529
BAD 221338051183
BAD 221291364067
BAD 221291395729
BAD 221338359533
BAD 221338408007
BAD 221291749619
BAD 221291750483
BAD 221338666069
BAD 221338666117
BAD 221342375183
BAD 221342375341
BAD 221342375347
BAD 221339288719
BAD 221340068953
BAD 221340069169
BAD 221340069179
BAD 221344422889
BAD 221341473701
BAD 221341914197
BAD 221341914203
BAD 221344983631
BAD 221344983767
BAD 221346160051
BAD 221346388699
BAD 221346502129
BAD 221346502133
BAD 221346502171
BAD 221347208039
BAD 221347208041
BAD 221347208053
BAD 221347561321
BAD 221347923653
BAD 221347969111
BAD 221349845623
BAD 221350624883
BAD 221351471899
BAD 221351471903
BAD 221351589553
BAD 221352117331
BAD 221352532993
BAD 221352533033
BAD 221354523343
BAD 221355370547
BAD 221355370549
BAD 221355561913
BAD 221355846923
BAD 221356875053
BAD 221356875059
BAD 221358382901
BAD 221292518093
BAD 221292518101
BAD 221292518107
BAD 221358863501
BAD 221358863503
BAD 221358863507
BAD 221358863513
BAD 221292779053
BAD 221292779069
BAD 221294675843
BAD 221295667561
BAD 221296071767
BAD 221296071769
BAD 221296402891
BAD 221296402909
BAD 221296732411
BAD 221296945063
BAD 221296945097
BAD 221296945099
BAD 221299202783
BAD 221299506977
BAD 221299506979
BAD 221299637129
BAD 221299900753
BAD 221299942403
BAD 221300271293
BAD 221300271349
BAD 221300271383
BAD 221300873713
BAD 221300873723
BAD 221301953647
BAD 221301953657
BAD 221301953659
BAD 221302180039
BAD 221302393079
BAD 221303052031
BAD 221303052037
BAD 221303511917
BAD 221304651553
BAD 221305117291
BAD 221305117337
BAD 221305117339
BAD 221305671023
BAD 221305715861
BAD 221306397227
BAD 221306397229
BAD 221307469819
BAD 221308026749
BAD 221359428613
BAD 221359580489
BAD 221361131821
BAD 221361131839
BAD 221361131843
BAD 221362514717
BAD 221363007353
BAD 221409786827
BAD 221409805343
BAD 221410446451
BAD 221410514749
BAD 221410514761
BAD 221411391871
BAD 221411426281
BAD 221411455849
BAD 221411455873
BAD 221411455883
BAD 221411455891
BAD 221411455907
BAD 221411741521
BAD 221412532513
BAD 221413330823
BAD 221415508123
BAD 221415584239
BAD 221415584251
BAD 221416134437
BAD 221416134439
BAD 221416154149
BAD 221416154161
BAD 221416191301
BAD 221365431109
BAD 221365431151
BAD 221416706341
BAD 221416706351
BAD 221416706353
BAD 221418063367
BAD 221418475937
BAD 221418475939
BAD 221476975831
BAD 221477134523
BAD 221477422631
BAD 221419423229
BAD 221366314067
BAD 221366314069
BAD 221478855179
BAD 221478855181
BAD 221367171863
BAD 221367171871
BAD 221367233387
BAD 221367233389
BAD 221367233393
BAD 221367233401
BAD 221367233431
BAD 221479342193
BAD 221367845341
BAD 221367845423
BAD 221480379683
BAD 221480513129
BAD 221480513131
BAD 221480513161
BAD 221480575801
BAD 221480771843
BAD 221369574157
BAD 221420706653
BAD 221369574163
BAD 221420815643
BAD 221369982901
BAD 221370050599
BAD 221421305957
BAD 221421305983
BAD 221421627143
BAD 221370811421
BAD 221526925651
BAD 221526925657
BAD 221526925681
BAD 221422279759
BAD 221422336621
BAD 221422422931
BAD 221422440763
BAD 221422440773
BAD 221422440779
BAD 221371408337
BAD 221371408339
BAD 221371408351
BAD 221371938481
BAD 221371938497
BAD 221423351587
BAD 221372436713
BAD 221372436721
BAD 221528531137
BAD 221528626703
BAD 221528778817
BAD 221372718001
BAD 221529278611
BAD 221424718813
BAD 221482348861
BAD 221529364549
BAD 221529788617
BAD 221483034823
BAD 221529902273
BAD 221483365577
BAD 221483365583
BAD 221483515307
BAD 221577381019
BAD 221530583149
BAD 221426037409
BAD 221577769627
BAD 221577953761
BAD 221578425461
BAD 221578476997
BAD 221578477097
BAD 221578477103
BAD 221485217399
BAD 221532099413
BAD 221532099433
BAD 221580397133
BAD 221580397139
BAD 221560707293
BAD 221560707299
BAD 221560707301
BAD 221560707307
BAD 221580504001
BAD 221580504007
BAD 221580640549
BAD 221560943147
BAD 221580640553
BAD 221560952761
BAD 221580683567
BAD 221560990549
BAD 221560990561
BAD 221561020229
BAD 221581006993
BAD 221581007033
BAD 221532973031
BAD 221532973033
BAD 221581149221
BAD 221533226459
BAD 221533226461
BAD 221533226549
BAD 221581751291
BAD 221533643131
BAD 221533643137
BAD 221561943683
BAD 221533716143
BAD 221581991509
BAD 221533935487
BAD 221534013997
BAD 221534257843
BAD 221582637911
BAD 221582637973
BAD 221582637977
BAD 221374411267
BAD 221374411273
BAD 221374411277
BAD 221486830781
BAD 221535162571
BAD 221443114933
BAD 221583654991
BAD 221374411343
BAD 221374411351
BAD 221443122751
BAD 221584107649
BAD 221584107653
BAD 221535768169
BAD 221543974609
BAD 221444146673
BAD 221487862339
BAD 221544519761
BAD 221544519767
BAD 221544519769
BAD 221537201869
BAD 221585202151
BAD 221537451623
BAD 221562915949
BAD 221562915953
BAD 221585784991
BAD 221538007837
BAD 221538007841
BAD 221538007843
BAD 221538007849
BAD 221488902571
BAD 221488902577
BAD 221538384121
BAD 221538403777
BAD 221586053761
BAD 221489381489
BAD 221445492809
BAD 221538403781
BAD 221538403783
BAD 221445492811
BAD 221538403789
BAD 221445577291
BAD 221445577313
BAD 221445577337
BAD 221563775071
BAD 221538657661
BAD 221538657679
BAD 221538772271
BAD 221510788003
BAD 221538879251
BAD 221538879253
BAD 221445993193
BAD 221446053223
BAD 221564368723
BAD 221564368733
BAD 221539424693
BAD 221564406911
BAD 221564406913
BAD 221446471999
BAD 221564609341
BAD 221564658743
BAD 221564658761
BAD 221511466417
BAD 221511494783
BAD 221565061279
BAD 221539987771
BAD 221547464077
BAD 221589271373
BAD 221589325163
BAD 221540259737
BAD 221540259739
BAD 221449447873
BAD 221490946163
BAD 221589822347
BAD 221540815921
BAD 221449878493
BAD 221590200211
BAD 221548223101
BAD 221548302869
BAD 221548302893
BAD 221566127023
BAD 221450271023
BAD 221541457391
BAD 221541457393
BAD 221541457399
BAD 221541457411
BAD 221450387029
BAD 221450387033
BAD 221566408633
BAD 221566478929
BAD 221566478957
BAD 221566478971
BAD 221548887541
BAD 221548887559
BAD 221514975889
BAD 221593742453
BAD 221542349401
BAD 221451204353
BAD 221514975893
BAD 221568033941
BAD 221514975901
BAD 221514975911
BAD 221568033943
BAD 221549038703
BAD 221515083721
BAD 221568450293
BAD 221542686881
BAD 221549559097
BAD 221549595107
BAD 221549595109
BAD 221543249143
BAD 221550007247
BAD 221550007249
BAD 221543324869
BAD 221550201361
BAD 221570126719
BAD 221516559469
BAD 221570445233
BAD 221551298723
BAD 221570692051
BAD 221454061501
BAD 221517402583
BAD 221517461831
BAD 221517465361
BAD 221454629239
BAD 221571664141
BAD 221571777703
BAD 221455357379
BAD 221455357381
BAD 221455357397
BAD 221455357399
BAD 221572278623
BAD 221518136893
BAD 221518153889
BAD 221518153891
BAD 221553256087
BAD 221553256121
BAD 221553256123
BAD 221455523371
BAD 221455523383
BAD 221553432439
BAD 221455654579
BAD 221455654601
BAD 221455654603
BAD 221572719013
BAD 221573394089
BAD 221519180203
BAD 221554361921
BAD 221554361923
BAD 221456591821
BAD 221519745541
BAD 221555057771
BAD 221457501973
BAD 221457501983
BAD 221575622897
BAD 221575622899
BAD 221575622903
BAD 221555566403
BAD 221457728981
BAD 221575685827
BAD 221521830427
BAD 221458352287
BAD 221458352293
BAD 221576659999
BAD 221576660003
BAD 221576714993
BAD 221458706377
BAD 221458706387
BAD 221458706389
BAD 221458706401
BAD 221556758419
BAD 221523531709
BAD 221524308077
BAD 221524308079
BAD 221524308151
BAD 221524353893
BAD 221524353901
BAD 221525217973
BAD 221559646211
BAD 221559863491
BAD 221559863599
BAD 221525871043
BAD 221459853311
BAD 221594449907
BAD 221594523263
BAD 221460334133
BAD 221594670709
BAD 221594724833
BAD 221594724839
BAD 221526583427
BAD 221526583429
BAD 221526583433
BAD 221460592193
BAD 221460949421
BAD 221460949429
BAD 221460949433
BAD 221461147007
BAD 221461147009
BAD 221461147013
BAD 221461196741
BAD 221461196743
BAD 221595759859
BAD 221595759863
BAD 221461911217
BAD 221461911221
BAD 221461911247
BAD 221461911259
BAD 221461911263
BAD 221596136719
BAD 221462647829
BAD 221462647831
BAD 221596832543
BAD 221463195287
BAD 221597294819
BAD 221496974131
BAD 221463601699
BAD 221496974137
BAD 221496974161
BAD 221597329571
BAD 221497314629
BAD 221497314631
BAD 221497314637
BAD 221497526533
BAD 221598095281
BAD 221598242693
BAD 221464441183
BAD 221498560337
BAD 221428658273
BAD 221428716211
BAD 221428716241
BAD 221428716253
BAD 221498761117
BAD 221428917683
BAD 221498965579
BAD 221465189689
BAD 221465189797
BAD 221429229557
BAD 221429229559
BAD 221499143461
BAD 221499143473
BAD 221465610103
BAD 221465610151
BAD 221499688759
BAD 221499688763
BAD 221499688771
BAD 221466381421
BAD 221600083519
BAD 221430487763
BAD 221499688777
BAD 221431140571
BAD 221431354247
BAD 221431582873
BAD 221431582907
BAD 221431582909
BAD 221431996427
BAD 221500540973
BAD 221467959763
BAD 221468490263
BAD 221602108927
BAD 221602185289
BAD 221602185293
BAD 221469342449
BAD 221433659191
BAD 221602507033
BAD 221602507043
BAD 221602580629
BAD 221502188881
BAD 221434208731
BAD 221470215601
BAD 221502491443
BAD 221502598169
BAD 221502598171
BAD 221434631783
BAD 221603074639
BAD 221502759113
BAD 221603690239
BAD 221377215139
BAD 221471148203
BAD 221435709241
BAD 221435709289
BAD 221435773459
BAD 221435773463
BAD 221603805967
BAD 221436845437
BAD 221436845449
BAD 221436845453
BAD 221378314193
BAD 221378314207
BAD 221378314211
BAD 221604801181
BAD 221472648619
BAD 221472648623
BAD 221503931227
BAD 221378945629
BAD 221378945633
BAD 221437808419
BAD 221473189607
BAD 221504264087
BAD 221504264089
BAD 221379335861
BAD 221504374673
BAD 221473336397
BAD 221473486573
BAD 221473486613
BAD 221379784057
BAD 221504822183
BAD 221439801383
BAD 221474101657
BAD 221394090199
BAD 221379784081
BAD 221474147863
BAD 221474243077
BAD 221440041533
BAD 221440041541
BAD 221440041547
BAD 221474651443
BAD 221505326101
BAD 221505428647
BAD 221380526611
BAD 221475283823
BAD 221441030149
BAD 221441115617
BAD 221441115619
BAD 221441121383
BAD 221475678131
BAD 221475678133
BAD 221475814897
BAD 221395229059
BAD 221381103457
BAD 221441725643
BAD 221476161299
BAD 221476161301
BAD 221476161307
BAD 221381347703
BAD 221381347709
BAD 221442733867
BAD 221605699129
BAD 221396009273
BAD 221605699151
BAD 221605699163
BAD 221396009311
BAD 221506987733
BAD 221381483027
BAD 221381587963
BAD 221396647583
BAD 221382277201
BAD 221382402671
BAD 221382402679
BAD 221508765119
BAD 221397969629
BAD 221397969631
BAD 221509368239
BAD 221509693403
BAD 221509711961
BAD 221509711963
BAD 221509712009
BAD 221383972219
BAD 221383972223
BAD 221383972241
BAD 221398580839
BAD 221384269219
BAD 221384269231
BAD 221607795869
BAD 221384767469
BAD 221608317247
BAD 221608317251
BAD 221608317253
BAD 221385566627
BAD 221608874027
BAD 221385956203
BAD 221385956213
BAD 221386297609
BAD 221386918063
BAD 221387135707
BAD 221400931567
BAD 221610270631
BAD 221401277131
BAD 221610532553
BAD 221610532667
BAD 221610532669
BAD 221610551251
BAD 221388062677
BAD 221388276959
BAD 221388276961
BAD 221388434873
BAD 221403228947
BAD 221403552023
BAD 221403552553
BAD 221403552593
BAD 221404304533
BAD 221404409953
BAD 221404409959
BAD 221405071583
BAD 221405181637
BAD 221405181653
BAD 221391539813
BAD 221405181661
BAD 221405268289
BAD 221392061519
BAD 221392061521
BAD 221392070527
BAD 221392070533
BAD 221392070569
BAD 221392070573
BAD 221405821597
BAD 221406975421
BAD 221407946047
BAD 221407946063
BAD 221409186409
BAD 221628177179
BAD 221628177181
BAD 221628177203
BAD 221628598573
BAD 221628982517
BAD 221629497217
BAD 221629497223
BAD 221629497227
BAD 221629552231
BAD 221629552267
BAD 221629552271
BAD 221629552273
BAD 221629873259
BAD 221629873261
BAD 221630405471
BAD 221631724591
BAD 221631953161
BAD 221634985493
BAD 221634985499
BAD 221635253999
BAD 221635314689
BAD 221635482883
BAD 221635739827
BAD 221636952049
BAD 221637002029
BAD 221637002033
BAD 221637178667
BAD 221637178669
BAD 221637178681
BAD 221637620339
BAD 221637620341
BAD 221637620353
BAD 221639590103
BAD 221639818339
BAD 221639818349
BAD 221641063099
BAD 221641063129
BAD 221641963957
BAD 221641963969
BAD 221641963973
BAD 221642581507
BAD 221642632073
BAD 221610710611
BAD 221610715309
BAD 221643986033
BAD 221643986041
BAD 221611516453
BAD 221612155927
BAD 221612901109
BAD 221612901113
BAD 221613287689
BAD 221678049181
BAD 221613598939
BAD 221613614869
BAD 221678391941
BAD 221678391943
BAD 221678391947
BAD 221678404447
BAD 221678404489
BAD 221614318339
BAD 221679263899
BAD 221679263903
BAD 221614546009
BAD 221679418151
BAD 221679418159
BAD 221614974901
BAD 221679791071
BAD 221679791077
BAD 221615629009
BAD 221615734369
BAD 221616086623
BAD 221680674601
BAD 221680715849
BAD 221616324053
BAD 221681274181
BAD 221681543723
BAD 221681543729
BAD 221681543731
BAD 221681543737
BAD 221682343039
BAD 221682548779
BAD 221682548783
BAD 221682745643
BAD 221618966213
BAD 221619276889
BAD 221684405003
BAD 221620130653
BAD 221620130671
BAD 221621493859
BAD 221621535007
BAD 221621535017
BAD 221621535019
BAD 221621535049
BAD 221621957761
BAD 221622704311
BAD 221623438459
BAD 221624958067
BAD 221625266567
BAD 221625266573
BAD 221625377251
BAD 221627163073
BAD 221627163077
BAD 221627163091
BAD 221686135417
BAD 221644246339
BAD 221687791489
BAD 221688204301
BAD 221689536931
BAD 221661982127
BAD 221689761793
BAD 221689761803
BAD 221647488793
BAD 221648382113
BAD 221648870567
BAD 221649311701
BAD 221649617269
BAD 221663795723
BAD 221650054501
BAD 221692181377
BAD 221692181383
BAD 221692181387
BAD 221650705567
BAD 221692531171
BAD 221665350143
BAD 221651545501
BAD 221651545513
BAD 221666125963
BAD 221666125969
BAD 221666339669
BAD 221694061531
BAD 221653002247
BAD 221653481911
BAD 221653481923
BAD 221653604243
BAD 221667461933
BAD 221667461941
BAD 221667703207
BAD 221654082539
BAD 221667703219
BAD 221667703223
BAD 221654082541
BAD 221668321727
BAD 221668488779
BAD 221668488781
BAD 221654799403
BAD 221668856611
BAD 221669431759
BAD 221669642329
BAD 221669642333
BAD 221669701103
BAD 221656812347
BAD 221670086881
BAD 221671206403
BAD 221671206413
BAD 221671605773
BAD 221672420623
BAD 221672606041
BAD 221672940499
BAD 221659829663
BAD 221673054563
BAD 221673793177
BAD 221673988909
BAD 221674291831
BAD 221674291837
BAD 221674291841
BAD 221674291843
BAD 221676057677
BAD 221676057679
BAD 221676057721
BAD 221676977243
BAD 221711303761
BAD 221711311711
BAD 221712038393
BAD 221712038399
BAD 221713087811
BAD 221713087819
BAD 221713087823
BAD 221713285069
BAD 221713664387
BAD 221715483931
BAD 221715483937
BAD 221715483961
BAD 221715483991
BAD 221715759271
BAD 221715759299
BAD 221715759301
BAD 221717730719
BAD 221717730721
BAD 221717730727
BAD 221717917339
BAD 221718687023
BAD 221719115407
BAD 221719270501
BAD 221719497301
BAD 221719548241
BAD 221719953361
BAD 221719953373
BAD 221720079697
BAD 221720079703
BAD 221720896493
BAD 221721206689
BAD 221721968779
BAD 221722855231
BAD 221722857793
BAD 221722913281
BAD 221722913309
BAD 221722913311
BAD 221722913317
BAD 221723226391
BAD 221725364327
BAD 221727768751
BAD 221728050917
BAD 221728050919
BAD 221728660277
BAD 221728802731
BAD 221729020327
BAD 221729049277
BAD 221729078359
BAD 221729078393
BAD 221729535113
BAD 221729535121
BAD 221730207553
BAD 221730207557
BAD 221731112017
BAD 221731277723
BAD 221731277743
BAD 221731582771
BAD 221732926963
BAD 221733487939
BAD 221734905451
BAD 221735849873
BAD 221739194179
BAD 221739869521
BAD 221740332577
BAD 221742007477
BAD 221743065923
BAD 221743754279
BAD 221694971647
BAD 221695198037
BAD 221695390471
BAD 221695390481
BAD 221695967431
BAD 221695967443
BAD 221696627041
BAD 221697521701
BAD 221697540871
BAD 221698317397
BAD 221698317403
BAD 221699254313
BAD 221699254321
BAD 221699365583
BAD 221699712397
BAD 221699712407
BAD 221700547843
BAD 221745819601
BAD 221745819613
BAD 221701516129
BAD 221748082921
BAD 221701516133
BAD 221748082937
BAD 221748082939
BAD 221701709821
BAD 221701709881
BAD 221702447311
BAD 221703128887
BAD 221703128893
BAD 221703128897
BAD 221703208361
BAD 221703241927
BAD 221749822561
BAD 221703696629
BAD 221750077141
BAD 221704078163
BAD 221704142333
BAD 221704347427
BAD 221751838249
BAD 221752166869
BAD 221752166873
BAD 221752166879
BAD 221705399809
BAD 221705399813
BAD 221752202389
BAD 221753116061
BAD 221753523451
BAD 221753523457
BAD 221753577517
BAD 221754680743
BAD 221754680747
BAD 221754860839
BAD 221754860869
BAD 221755078283
BAD 221755078297
BAD 221755078319
BAD 221755078351
BAD 221755078357
BAD 221755078361
BAD 221755603561
BAD 221755730137
BAD 221756134933
BAD 221756348461
BAD 221756348467
BAD 221756348483
BAD 221757300491
BAD 221757488663
BAD 221706519767
BAD 221706519773
BAD 221707103269
BAD 221707103273
BAD 221707828651
BAD 221708428681
BAD 221709006847
BAD 221709107603
BAD 221709107639
BAD 221709161651
BAD 221709281753
BAD 221709321397
BAD 221709488293
BAD 221710465477
BAD 221710633763
BAD 221710636471
BAD 221710677691
BAD 221710677697
BAD 221711011733
BAD 221760400819
BAD 221760400831
BAD 221895947599
BAD 221896148059
BAD 221896619149
BAD 221896619159
BAD 221896756351
BAD 221896756363
BAD 221898113753
BAD 221898245887
BAD 221898471679
BAD 221898654511
BAD 221899335121
BAD 221899335181
BAD 221845912039
BAD 221845912063
BAD 221845957283
BAD 221846455001
BAD 221846455003
BAD 221847430237
BAD 221847430267
BAD 221847430271
BAD 221847510439
BAD 221848165901
BAD 221902312249
BAD 221850749467
BAD 221902312253
BAD 221850749473
BAD 221902384243
BAD 221902388041
BAD 221851565339
BAD 221903502367
BAD 221903547923
BAD 221852298319
BAD 221852327387
BAD 221852327407
BAD 221903632351
BAD 221904390601
BAD 221853418861
BAD 221853418879
BAD 221853434993
BAD 221853673597
BAD 221853907283
BAD 221904986089
BAD 221854620577
BAD 221905660321
BAD 221905660331
BAD 221854964147
BAD 221854964179
BAD 221854964183
BAD 221854964203
BAD 221855000249
BAD 221855000251
BAD 221906121979
BAD 221855197693
BAD 221906213219
BAD 221906213227
BAD 221906213257
BAD 221906213261
BAD 221906468821
BAD 221906468831
BAD 221855615263
BAD 221856016339
BAD 221856016357
BAD 221908061261
BAD 221908214141
BAD 221908214153
BAD 221908245653
BAD 221812096381
BAD 221908679569
BAD 221857797323
BAD 221857881793
BAD 221813270467
BAD 221813270513
BAD 221813270527
BAD 221813353639
BAD 221813390767
BAD 221858650133
BAD 221813408191
BAD 221862813169
BAD 221863129847
BAD 221910018541
BAD 221863362781
BAD 221864253473
BAD 221815692353
BAD 221911210211
BAD 221911373851
BAD 221864891419
BAD 221815957733
BAD 221815986037
BAD 221865154579
BAD 221865455857
BAD 221866225043
BAD 221866257601
BAD 221818257091
BAD 221819180911
BAD 221819180923
BAD 221868272539
BAD 221859781379
BAD 221859781387
BAD 221859871943
BAD 221869198751
BAD 221869198753
BAD 221869449457
BAD 221870136767
BAD 221870136769
BAD 221870136773
BAD 221870136779
BAD 221870136781
BAD 221860997933
BAD 221860997959
BAD 221861540737
BAD 221980112807
BAD 221870520769
BAD 221980532593
BAD 221819405581
BAD 221871541799
BAD 221872336711
BAD 221981833001
BAD 221820577991
BAD 221820619649
BAD 221820619651
BAD 221982374851
BAD 221982374857
BAD 221821057729
BAD 221982500581
BAD 221982782731
BAD 221982999683
BAD 221982999691
BAD 221873808421
BAD 221821410697
BAD 221830198091
BAD 221822653711
BAD 221875184521
BAD 221983809979
BAD 221983963259
BAD 221875601273
BAD 221875601281
BAD 221830904237
BAD 221875695037
BAD 221875886689
BAD 221823603961
BAD 221876062223
BAD 221985065053
BAD 221876962691
BAD 221832827897
BAD 221986771651
BAD 221876962693
BAD 221832827899
BAD 221987227289
BAD 221987227291
BAD 221987831713
BAD 221878164707
BAD 221834391721
BAD 221834391743
BAD 221834571589
BAD 221834571593
BAD 221878417157
BAD 221834881207
BAD 221834977163
BAD 221988293509
BAD 221988689917
BAD 221878819681
BAD 221988863981
BAD 221835483169
BAD 221824583063
BAD 221824583069
BAD 221989719079
BAD 221990100407
BAD 221836420703
BAD 221836802987
BAD 221836802989
BAD 221990854223
BAD 221912624099
BAD 221826146209
BAD 221912624123
BAD 221826146221
BAD 221837986399
BAD 221837986411
BAD 221826498121
BAD 221913443963
BAD 221992957427
BAD 221992957429
BAD 221827222003
BAD 221840136709
BAD 221994450121
BAD 221994492079
BAD 221994492089
BAD 221994492091
BAD 221994599243
BAD 221994612551
BAD 221994963667
BAD 221994963679
BAD 221995067389
BAD 221828121181
BAD 221995354673
BAD 221915254801
BAD 221915254819
BAD 221915443621
BAD 221995953373
BAD 221996232473
BAD 221996232481
BAD 221916862421
BAD 221916862423
BAD 221842800877
BAD 221842923443
BAD 221918091053
BAD 221918102213
BAD 221919743447
BAD 221919743449
BAD 221919995597
BAD 221919995599
BAD 221920061413
BAD 221844875743
BAD 221844959269
BAD 221920867099
BAD 221921456893
BAD 221921456903
BAD 221921946583
BAD 221922513233
BAD 221923445959
BAD 221923527121
BAD 221762437033
BAD 221762539433
BAD 221762897857
BAD 221762943953
BAD 221762947963
BAD 221925411041
BAD 221925923993
BAD 221764223221
BAD 221930756059
BAD 221926739803
BAD 221926739807
BAD 221926739809
BAD 221764838749
BAD 221930871361
BAD 221930871367
BAD 221930871413
BAD 221930871419
BAD 221927493449
BAD 221927493451
BAD 221765132527
BAD 221765132531
BAD 221931726053
BAD 221928155599
BAD 221928155611
BAD 221932157011
BAD 221932295671
BAD 221932295677
BAD 221932295693
BAD 221932295699
BAD 221932295701
BAD 221932349567
BAD 221932349603
BAD 221932626731
BAD 221932626739
BAD 221797211551
BAD 221798005159
BAD 221798587063
BAD 221769066473
BAD 221799309323
BAD 221934938587
BAD 221800167881
BAD 221769649691
BAD 221769649693
BAD 221935510639
BAD 221800873381
BAD 221801003491
BAD 221936108237
BAD 221936108239
BAD 221936108243
BAD 221936108321
BAD 221936108323
BAD 221963275823
BAD 221963275837
BAD 221963314009
BAD 221770977559
BAD 221770977563
BAD 221937040877
BAD 221937040879
BAD 221937040883
BAD 221771424671
BAD 221771424673
BAD 221771424683
BAD 221801912623
BAD 221937251161
BAD 221964189203
BAD 221964464851
BAD 221937642571
BAD 221771934401
BAD 221937887803
BAD 221937887813
BAD 221938196849
BAD 221997409069
BAD 221938747133
BAD 221965620167
BAD 221773354351
BAD 221965620169
BAD 221879573899
BAD 221804353399
BAD 221965834777
BAD 221965834781
BAD 221804652983
BAD 221939841001
BAD 221773846883
BAD 221998564873
BAD 221940474487
BAD 221940474499
BAD 221880610247
BAD 221880610249
BAD 221940562759
BAD 221940562763
BAD 221940562777
BAD 221966847967
BAD 221966847979
BAD 221940669949
BAD 221940669953
BAD 221966894573
BAD 221967001913
BAD 221774754769
BAD 221999040293
BAD 221999302669
BAD 221999302673
BAD 221775282451
BAD 221999395537
BAD 221967423079
BAD 221806227001
BAD 221775513241
BAD 221775513247
BAD 221775513251
BAD 221967458329
BAD 221881689553
BAD 221999842651
BAD 221999845513
BAD 221776032937
BAD 221776032941
BAD 221776032943
BAD 221882033453
BAD 221967707719
BAD 221968374721
BAD 221776804399
BAD 221968443421
BAD 221968594763
BAD 221968669861
BAD 221968669873
BAD 221882845703
BAD 221968862287
BAD 222002037743
BAD 221969505983
BAD 222002629411
BAD 221969907457
BAD 221941041787
BAD 221941041793
BAD 222002808763
BAD 222002815673
BAD 221809308569
BAD 221884441843
BAD 222003959399
BAD 221970364339
BAD 221941370369
BAD 221884441853
BAD 221809308571
BAD 221809308583
BAD 221941395671
BAD 221941395673
BAD 221941395679
BAD 221809428187
BAD 221941650199
BAD 221941743503
BAD 221971040617
BAD 222004745821
BAD 221810253901
BAD 221971496449
BAD 221971521139
BAD 221971539961
BAD 221810831797
BAD 221972319169
BAD 221972319211
BAD 221972319229
BAD 221942635153
BAD 221942635157
BAD 221811385981
BAD 221811444889
BAD 221811444923
BAD 221811540157
BAD 221972701477
BAD 222005824891
BAD 221943728371
BAD 222006344239
BAD 222006344243
BAD 221946471203
BAD 221943970253
BAD 221886911117
BAD 221944050781
BAD 221944050833
BAD 221944070939
BAD 222006644347
BAD 222006644359
BAD 221946866929
BAD 221973886613
BAD 221973886657
BAD 221973886661
BAD 221973886663
BAD 221973886669
BAD 221887293713
BAD 221947251193
BAD 221779354507
BAD 221779600901
BAD 221945187389
BAD 221945187391
BAD 221888003093
BAD 221780051903
BAD 221945645549
BAD 221888441783
BAD 222008589169
BAD 222008589181
BAD 221975849933
BAD 221889037691
BAD 221780951023
BAD 221949138601
BAD 221889326507
BAD 221949294299
BAD 221949551533
BAD 221949620303
BAD 222009259249
BAD 222009259261
BAD 221890127273
BAD 221890127281
BAD 221890127287
BAD 221976453877
BAD 221782147099
BAD 221950229509
BAD 221950229521
BAD 222009518909
BAD 222009518911
BAD 221950569931
BAD 221950645801
BAD 221782950821
BAD 221782950833
BAD 221782971593
BAD 221891030371
BAD 221891280217
BAD 221783419283
BAD 221783419289
BAD 221892094513
BAD 221892094517
BAD 221785295891
BAD 221892094519
BAD 221978459251
BAD 221953961539
BAD 222011825393
BAD 221978459267
BAD 221978459273
BAD 222012060331
BAD 222012078721
BAD 221785712689
BAD 221979048061
BAD 222012622829
BAD 222012622831
BAD 222012668239
BAD 222012714083
BAD 221954397757
BAD 221954415233
BAD 222012912439
BAD 221954968903
BAD 221954968913
BAD 221788565183
BAD 221788646603
BAD 221788646707
BAD 221956772599
BAD 221789286283
BAD 221789286293
BAD 221956809803
BAD 221957441449
BAD 221790350147
BAD 221790350149
BAD 221957955649
BAD 221790854869
BAD 221958416419
BAD 221791449169
BAD 221959257571
BAD 221959257649
BAD 221791768213
BAD 221791768249
BAD 221791814977
BAD 221960723293
BAD 221793442733
BAD 222014165603
BAD 222014568901
BAD 222017041403
BAD 222017041459
BAD 222017860231
BAD 222018798751
BAD 222018798769
BAD 222018798787
BAD 222019398379
BAD 222020265227
BAD 222020837287
BAD 222021289453
BAD 222021289493
BAD 222021289507
BAD 222021289517
BAD 222021289519
BAD 222021357407
BAD 222021357409
BAD 222021649547
BAD 222021786109
BAD 222022778377
BAD 222047643079
BAD 222026287597
BAD 222026889311
BAD 222026889313
BAD 222026925739
BAD 222027034441
BAD 222048781261
BAD 222048868021
BAD 222027963593
BAD 222028179811
BAD 222028425503
BAD 222028431871
BAD 222050052317
BAD 222050052319
BAD 222029113133
BAD 222029113183
BAD 222029113199
BAD 222050466503
BAD 222050920327
BAD 222052072453
BAD 222052072457
BAD 222052155173
BAD 222029898463
BAD 222053693857
BAD 222053693863
BAD 222053805331
BAD 222053805341
BAD 222054669079
BAD 222054766937
BAD 222054766939
BAD 222054965843
BAD 222056680343
BAD 222056890931
BAD 222056890933
BAD 222056890943
BAD 222058133657
BAD 222058133659
BAD 222058351943
BAD 222058413173
BAD 222060992771
BAD 222060992773
BAD 222080510833
BAD 222080750011
BAD 222080993801
BAD 222080993803
BAD 222081214571
BAD 222081214573
BAD 222081377153
BAD 222081377159
BAD 222081717503
BAD 222061814269
BAD 222082418087
BAD 222062246101
BAD 222062246123
BAD 222062472637
BAD 222083250749
BAD 222083250751
BAD 222083250757
BAD 222083307689
BAD 222083589691
BAD 222084012593
BAD 222063603343
BAD 222063681283
BAD 222084601759
BAD 222084601763
BAD 222084601777
BAD 222065065993
BAD 222030592733
BAD 222086099143
BAD 222065883779
BAD 222030854333
BAD 222066568783
BAD 222087117089
BAD 222087117121
BAD 222087117127
BAD 222087994171
BAD 222088117441
BAD 222088134133
BAD 222088134137
BAD 222088134139
BAD 222032572043
BAD 222032572049
BAD 222032572051
BAD 222032752913
BAD 222067719977
BAD 222088651039
BAD 222033045911
BAD 222033073687
BAD 222033562343
BAD 222068565049
BAD 222033562351
BAD 222033965359
BAD 222034837987
BAD 222034837993
BAD 222035365273
BAD 222035576317
BAD 222070838191
BAD 222035895751
BAD 222035895793
BAD 222036460003
BAD 222036460007
BAD 222036820567
BAD 222089829193
BAD 222089829197
BAD 222089829233
BAD 222072777167
BAD 222072777169
BAD 222073097723
BAD 222073097737
BAD 222073123471
BAD 222091269251
BAD 222091269263
BAD 222091269293
BAD 222073792387
BAD 222091622827
BAD 222091637113
BAD 222073838641
BAD 222074279159
BAD 222092949709
BAD 222075493951
BAD 222075493973
BAD 222075731929
BAD 222075945743
BAD 222093483869
BAD 222093735277
BAD 222094299703
BAD 222094379561
BAD 222094379569
BAD 222077164457
BAD 222077164459
BAD 222094563673
BAD 222094867871
BAD 222094867879
BAD 222095486323
BAD 222095486329
BAD 222078117403
BAD 222078117413
BAD 222078407611
BAD 222096247327
BAD 222078986953
BAD 222096694289
BAD 222096694291
BAD 222096694297
BAD 222079504123
BAD 222096814039
BAD 222038134453
BAD 222038576339
BAD 222038576341
BAD 222038829541
BAD 222038845669
BAD 222039120763
BAD 222040236739
BAD 222041080889
BAD 222041102251
BAD 222041173063
BAD 222041415949
BAD 222041589223
BAD 222041797613
BAD 222097432883
BAD 222097759111
BAD 222097759123
BAD 222098188733
BAD 222098403953
BAD 222099097123
BAD 222099097127
BAD 222099106193
BAD 222099937039
BAD 222101911957
BAD 222101911961
BAD 222101911963
BAD 222102188101
BAD 222102188107
BAD 222102209149
BAD 222102770089
BAD 222103141727
BAD 222103244887
BAD 222103244897
BAD 222105111391
BAD 222105894709
BAD 222106598569
BAD 222106598573
BAD 222107171227
BAD 222108254233
BAD 222108254243
BAD 222108257533
BAD 222108257537
BAD 222108257543
BAD 222108493463
BAD 222108943471
BAD 222108943487
BAD 222108943489
BAD 222108943493
BAD 222108943517
BAD 222110020193
BAD 222110134601
BAD 222110450671
BAD 222112203353
BAD 222112276291
BAD 222113727949
BAD 222113727967
BAD 222114788737
BAD 222114904729
BAD 222115538093
BAD 222115769419
BAD 222116514889
BAD 222116514947
BAD 222116514953
BAD 222116632669
BAD 222116886223
BAD 222117475003
BAD 222119567221
BAD 222120235339
BAD 222120235343
BAD 222120849347
BAD 222120849383
BAD 222120914663
BAD 222121439611
BAD 222121819441
BAD 222121916911
BAD 222121987883
BAD 222122229421
BAD 222122312051
BAD 222122312053
BAD 222122526739
BAD 222122602943
BAD 222123102413
BAD 222123305029
BAD 222124084799
BAD 222124084801
BAD 222124084807
BAD 222124299017
BAD 222124299031
BAD 222124383889
BAD 222130911637
BAD 222125635801
BAD 222131944763
BAD 222127147903
BAD 222127233563
BAD 222132297271
BAD 222128827117
BAD 222128827121
BAD 222128827133
BAD 222132667793
BAD 222129681689
BAD 222129681691
BAD 222129681721
BAD 222129890267
BAD 222129890273
BAD 222134746543
BAD 222135331219
BAD 222136422553
BAD 222138685159
BAD 222138685163
BAD 222138971521
BAD 222139370809
BAD 222140146519
BAD 222140993251
BAD 222140993257
BAD 222142355581
BAD 222142355587
BAD 222142396561
BAD 222144484613
BAD 222145654153
BAD 222147140779
BAD 222148717831
BAD 222148717859
BAD 222149060327
BAD 222150596543
BAD 222150665227
BAD 222152100817
BAD 222152100823
BAD 222152989217
BAD 222152989243
BAD 222153128413
BAD 222154135667
BAD 222155358637
BAD 222155358647
BAD 222155716507
BAD 222155716511
BAD 222155716513
BAD 222157828037
BAD 222159082447
BAD 222159082451
BAD 222159639631
BAD 222160215773
BAD 222160696567
BAD 222161844497
BAD 222197836313
BAD 222200032399
BAD 222200058683
BAD 222200058721
BAD 222200947987
BAD 222201519781
BAD 222201632959
BAD 222201632963
BAD 222202078639
BAD 222202279339
BAD 222202342987
BAD 222202342991
BAD 222203114363
BAD 222203114401
BAD 222203121619
BAD 222204997051
BAD 222206603191
BAD 222206603197
BAD 222165330157
BAD 222165330187
BAD 222210729253
BAD 222210997741
BAD 222211060369
BAD 222166572247
BAD 222166572311
BAD 222166572337
BAD 222166736483
BAD 222169199029
BAD 222169199033
BAD 222169276397
BAD 222169276403
BAD 222169276421
BAD 222169276423
BAD 222169276519
BAD 222169276543
BAD 222170315641
BAD 222170857313
BAD 222171146299
BAD 222171913823
BAD 222171913829
BAD 222173069791
BAD 222173381873
BAD 222173381887
BAD 222173814713
BAD 222173814721
BAD 222174140767
BAD 222174463129
BAD 222174463193
BAD 222175921879
BAD 222175921883
BAD 222176153939
BAD 222176540329
BAD 222176544613
BAD 222176872163
BAD 222177577729
BAD 222177577733
BAD 222231796349
BAD 222231796351
BAD 222231796363
BAD 222232429751
BAD 222232429753
BAD 222232683791
BAD 222178857793
BAD 222232858681
BAD 222233215651
BAD 222179313667
BAD 222233648389
BAD 222233648393
BAD 222179964049
BAD 222179964053
BAD 222216173359
BAD 222315438211
BAD 222315670021
BAD 222235469303
BAD 222217932473
BAD 222217932557
BAD 222235558849
BAD 222235598527
BAD 222218386399
BAD 222317201677
BAD 222317966833
BAD 222237515587
BAD 222238072373
BAD 222238192831
BAD 222318900413
BAD 222318943177
BAD 222318943193
BAD 222238440679
BAD 222319260811
BAD 222221103271
BAD 222221103289
BAD 222221103301
BAD 222238792289
BAD 222238792291
BAD 222238792297
BAD 222319566971
BAD 222319776803
BAD 222239447393
BAD 222239447401
BAD 222239564633
BAD 222239801543
BAD 222320611553
BAD 222320611567
BAD 222265451971
BAD 222223452511
BAD 222180725401
BAD 222223472941
BAD 222240163531
BAD 222182323261
BAD 222182747519
BAD 222265968809
BAD 222265968811
BAD 222240801787
BAD 222240801791
BAD 222224576941
BAD 222224576947
BAD 222224576957
BAD 222241030831
BAD 222224678119
BAD 222225167677
BAD 222225167687
BAD 222225167701
BAD 222225167719
BAD 222241668443
BAD 222184020161
BAD 222184948897
BAD 222185102921
BAD 222320611571
BAD 222320611573
BAD 222320611621
BAD 222321117593
BAD 222186183421
BAD 222186183433
BAD 222268904029
BAD 222321347153
BAD 222244011947
BAD 222244011971
BAD 222244011973
BAD 222244011991
BAD 222244272671
BAD 222244272673
BAD 222321716893
BAD 222228129073
BAD 222186598951
BAD 222186598957
BAD 222186855533
BAD 222186855581
BAD 222322342643
BAD 222228615409
BAD 222322583807
BAD 222322583809
BAD 222322608601
BAD 222322608611
BAD 222187639613
BAD 222187639621
BAD 222187804781
BAD 222229071437
BAD 222229071439
BAD 222245452489
BAD 222245452493
BAD 222245535709
BAD 222245535713
BAD 222229208963
BAD 222323901817
BAD 222246916999
BAD 222187847333
BAD 222247064131
BAD 222324077483
BAD 222188196497
BAD 222188196499
BAD 222188214481
BAD 222188214487
BAD 222188214491
BAD 222324627157
BAD 222229790543
BAD 222247835483
BAD 222247862093
BAD 222188887969
BAD 222229936099
BAD 222188953867
BAD 222248069431
BAD 222270933457
BAD 222270972113
BAD 222325427461
BAD 222230199313
BAD 222230199319
BAD 222325972769
BAD 222190122631
BAD 222326135687
BAD 222271699087
BAD 222190363543
BAD 222231076703
BAD 222327001669
BAD 222192095123
BAD 222192095149
BAD 222192204701
BAD 222192204709
BAD 222192359003
BAD 222192644521
BAD 222328371913
BAD 222328390927
BAD 222274269593
BAD 222274269601
BAD 222274269619
BAD 222274269631
BAD 222329061671
BAD 222274906729
BAD 222329918971
BAD 222329918981
BAD 222329918983
BAD 222329918989
BAD 222330157633
BAD 222330228803
BAD 222330445699
BAD 222330572923
BAD 222330572929
BAD 222330572953
BAD 222194551399
BAD 222276292619
BAD 222276292621
BAD 222276349303
BAD 222195091757
BAD 222195091759
BAD 222276577381
BAD 222195091763
BAD 222276577387
BAD 222195091849
BAD 222195362869
BAD 222195362887
BAD 222195364429
BAD 222195364463
BAD 222195364471
BAD 222195826763
BAD 222195918781
BAD 222195918803
BAD 222196878083
BAD 222196975789
BAD 222277934173
BAD 222278055679
BAD 222278652931
BAD 222278990029
BAD 222279367049
BAD 222279589657
BAD 222279589661
BAD 222279589663
BAD 222279735229
BAD 222279772579
BAD 222279853967
BAD 222281668423
BAD 222366731707
BAD 222367038989
BAD 222367038991
BAD 222367267819
BAD 222249014657
BAD 222332601919
BAD 222249014671
BAD 222249014677
BAD 222332601923
BAD 222332633839
BAD 222332633843
BAD 222332633851
BAD 222249066623
BAD 222332838373
BAD 222332838379
BAD 222334058213
BAD 222334198033
BAD 222251177741
BAD 222251177749
BAD 222251177767
BAD 222251652031
BAD 222251652043
BAD 222251841703
BAD 222252627173
BAD 222252804947
BAD 222335925907
BAD 222372547703
BAD 222372547711
BAD 222382970087
BAD 222253267111
BAD 222253672367
BAD 222373294019
BAD 222373294021
BAD 222373294027
BAD 222337265243
BAD 222253848953
BAD 222383754211
BAD 222383754227
BAD 222383754259
BAD 222373686863
BAD 222337418333
BAD 222337418363
BAD 222383831281
BAD 222383909663
BAD 222254304893
BAD 222399830911
BAD 222384198601
BAD 222384198611
BAD 222384198613
BAD 222400231073
BAD 222254701489
BAD 222300764899
BAD 222255105493
BAD 222400875743
BAD 222300925411
BAD 222400910839
BAD 222400998877
BAD 222339007697
BAD 222339007699
BAD 222339007711
BAD 222375641347
BAD 222376011317
BAD 222376011323
BAD 222401976919
BAD 222401976931
BAD 222301967749
BAD 222301967753
BAD 222385660423
BAD 222385714939
BAD 222376802233
BAD 222402255743
BAD 222340194121
BAD 222340253479
BAD 222402428977
BAD 222302745529
BAD 222402481061
BAD 222402588557
BAD 222402588559
BAD 222402588563
BAD 222402588571
BAD 222340478161
BAD 222303199757
BAD 222303199759
BAD 222303199763
BAD 222340754213
BAD 222303298981
BAD 222377928559
BAD 222258080963
BAD 222258148633
BAD 222341373781
BAD 222341373791
BAD 222403519427
BAD 222303905617
BAD 222304044119
BAD 222304044121
BAD 222378775921
BAD 222282250511
BAD 222259049161
BAD 222387293539
BAD 222404268133
BAD 222282250513
BAD 222342041113
BAD 222404268137
BAD 222404268139
BAD 222342041123
BAD 222259204837
BAD 222259543823
BAD 222379058779
BAD 222342704611
BAD 222342812173
BAD 222405379771
BAD 222388242829
BAD 222305029733
BAD 222305029753
BAD 222305029763
BAD 222305032291
BAD 222283480633
BAD 222343100599
BAD 222283725413
BAD 222260521207
BAD 222379804513
BAD 222388718161
BAD 222283994123
BAD 222283994131
BAD 222283994137
BAD 222349311773
BAD 222389388889
BAD 222305847037
BAD 222260758789
BAD 222283994143
BAD 222406435103
BAD 222381136199
BAD 222260758793
BAD 222260758799
BAD 222260758801
BAD 222260849207
BAD 222406680971
BAD 222406680973
BAD 222389625893
BAD 222381507949
BAD 222349662349
BAD 222306098801
BAD 222306098803
BAD 222381747361
BAD 222261390151
BAD 222390071779
BAD 222390085639
BAD 222306535117
BAD 222306535123
BAD 222306535127
BAD 222390353821
BAD 222390353881
BAD 222343541209
BAD 222343541213
BAD 222262056703
BAD 222343675163
BAD 222350517269
BAD 222262056719
BAD 222350517271
BAD 222350738221
BAD 222307183187
BAD 222408044503
BAD 222391337801
BAD 222391337803
BAD 222408349117
BAD 222408452701
BAD 222408452711
BAD 222408452713
BAD 222344605337
BAD 222344605339
BAD 222344605423
BAD 222344605433
BAD 222391649479
BAD 222307909459
BAD 222262575443
BAD 222262575461
BAD 222262575463
BAD 222408668539
BAD 222308191087
BAD 222392038963
BAD 222285623753
BAD 222308811919
BAD 222345641491
BAD 222409088417
BAD 222392798503
BAD 222309832697
BAD 222286185707
BAD 222409656691
BAD 222345861853
BAD 222352674727
BAD 222409660643
BAD 222409762139
BAD 222346060487
BAD 222346153439
BAD 222346153441
BAD 222352910719
BAD 222352910723
BAD 222352910729
BAD 222346206529
BAD 222346206539
BAD 222310778413
BAD 222352953149
BAD 222393617753
BAD 222311075663
BAD 222264616051
BAD 222264682543
BAD 222264696769
BAD 222347488403
BAD 222347488409
BAD 222347488411
BAD 222410736901
BAD 222353474821
BAD 222353474831
BAD 222287906543
BAD 222347768063
BAD 222311966323
BAD 222311966329
BAD 222311977631
BAD 222348145463
BAD 222312301753
BAD 222288909023
BAD 222395202031
BAD 222289073191
BAD 222289073197
BAD 222395408743
BAD 222395408749
BAD 222411933241
BAD 222395570723
BAD 222412019353
BAD 222354472903
BAD 222290221793
BAD 222290221799
BAD 222290221801
BAD 222396499267
BAD 222313238789
BAD 222396654133
BAD 222313584659
BAD 222313600843
BAD 222413704549
BAD 222397397993
BAD 222291402863
BAD 222291402871
BAD 222291653671
BAD 222291918169
BAD 222292225411
BAD 222398253697
BAD 222356248463
BAD 222314303803
BAD 222415169707
BAD 222292300429
BAD 222398253703
BAD 222314593801
BAD 222314593807
BAD 222293030101
BAD 222293030107
BAD 222293030111
BAD 222314798539
BAD 222415893473
BAD 222357413989
BAD 222294032407
BAD 222294032417
BAD 222294032419
BAD 222294310397
BAD 222294310411
BAD 222294310439
BAD 222294804653
BAD 222294902807
BAD 222295120007
BAD 222359029609
BAD 222359029621
BAD 222359029639
BAD 222359071943
BAD 222295701241
BAD 222295916641
BAD 222359575021
BAD 222359647921
BAD 222296253271
BAD 222296523419
BAD 222296760349
BAD 222296821441
BAD 222297628393
BAD 222361872791
BAD 222361872793
BAD 222362762701
BAD 222362762707
BAD 222362928563
BAD 222362993161
BAD 222363560753
BAD 222363856163
BAD 222363856171
BAD 222364460819
BAD 222364460821
BAD 222432744199
BAD 222433568899
BAD 222433604947
BAD 222417170629
BAD 222417170653
BAD 222417170659
BAD 222434096153
BAD 222434324977
BAD 222434452991
BAD 222418651129
BAD 222419224067
BAD 222419338157
BAD 222419338159
BAD 222419378999
BAD 222437210903
BAD 222419379001
BAD 222437210911
BAD 222419389771
BAD 222437609753
BAD 222437609791
BAD 222419889683
BAD 222419889697
BAD 222437852347
BAD 222437962183
BAD 222438191359
BAD 222438191363
BAD 222420528193
BAD 222438852497
BAD 222438852499
BAD 222439553737
BAD 222421374433
BAD 222421708063
BAD 222421899943
BAD 222421958963
BAD 222422030837
BAD 222440778191
BAD 222440778193
BAD 222440885071
BAD 222441579103
BAD 222442173511
BAD 222442317767
BAD 222442968799
BAD 222443599153
BAD 222446434187
BAD 222447769273
BAD 222447769277
BAD 222447769279
BAD 222447792961
BAD 222448207483
BAD 222448207489
BAD 222448207493
BAD 222448315489
BAD 222448455443
BAD 222448570699
BAD 222448894321
BAD 222423918733
BAD 222424133237
BAD 222424543063
BAD 222424543073
BAD 222424698407
BAD 222424698409
BAD 222425030467
BAD 222426102853
BAD 222426296809
BAD 222426296843
BAD 222426296881
BAD 222426296887
BAD 222426766013
BAD 222426980239
BAD 222428713291
BAD 222428773207
BAD 222428885491
BAD 222429185029
BAD 222429185039
BAD 222431453627
BAD 222431801887
BAD 222431882119
BAD 222431882147
BAD 222431882149
BAD 222432110449
BAD 222449903281
BAD 222451034989
BAD 222453066151
BAD 222453567109
BAD 222453567113
BAD 222454837243
BAD 222454837247
BAD 222455883607
BAD 222455883613
BAD 222456037577
BAD 222456037579
BAD 222456037591
BAD 222456037597
BAD 222456248327
BAD 222456549481
BAD 222456549487
BAD 222456549563
BAD 222456568157
BAD 222456568163
BAD 222458656019
BAD 222458790041
BAD 222458859617
BAD 222458859619
BAD 222459541939
BAD 222461429249
BAD 222461429251
BAD 222462790951
BAD 222462955579
BAD 222463004711
BAD 222463004713
BAD 222463212481
BAD 222463677329
BAD 222484681921
BAD 222485885719
BAD 222485997511
BAD 222463711879
BAD 222487865011
BAD 222464433833
BAD 222464433871
BAD 222464433883
BAD 222464485429
BAD 222464485433
BAD 222464485447
BAD 222488212741
BAD 222488748829
BAD 222488748841
BAD 222488748847
BAD 222488748851
BAD 222488748863
BAD 222489049219
BAD 222490350673
BAD 222490769323
BAD 222491026783
BAD 222491026787
BAD 222492910153
BAD 222493059637
BAD 222493602943
BAD 222493637389
BAD 222493637393
BAD 222494955817
BAD 222494955821
BAD 222496501771
BAD 222498204703
BAD 222498603799
BAD 222466553821
BAD 222468565849
BAD 222471080879
BAD 222471304579
BAD 222471435619
BAD 222472435529
BAD 222499889111
BAD 222500573039
BAD 222500573041
BAD 222500573047
BAD 222500668939
BAD 222501564713
BAD 222475449487
BAD 222475589957
BAD 222476161433
BAD 222503359943
BAD 222504875783
BAD 222504894277
BAD 222478463783
BAD 222478680353
BAD 222505237547
BAD 222505237741
BAD 222505550983
BAD 222479096251
BAD 222479348263
BAD 222506366063
BAD 222506797921
BAD 222507663893
BAD 222508020499
BAD 222508020521
BAD 222508020523
BAD 222508020529
BAD 222508020533
BAD 222481749689
BAD 222481749691
BAD 222481749709
BAD 222481887163
BAD 222481887169
BAD 222481887181
BAD 222481957051
BAD 222481957057
BAD 222482243891
BAD 222509606663
BAD 222509984173
BAD 222510001313
BAD 222510001321
BAD 222510085969
BAD 222483001463
BAD 222511200931
BAD 222511200953
BAD 222511200959
BAD 222511464047
BAD 222512025487
BAD 222512937139
BAD 222512945989
BAD 222513473647
BAD 222513473653
BAD 222514275989
BAD 222514781329
BAD 222515054011
BAD 222516340447
BAD 222534146017
BAD 222534360247
BAD 222535541539
BAD 222535644179
BAD 222535644181
BAD 222535675393
BAD 222535704371
BAD 222535704373
BAD 222535704383
BAD 222536166623
BAD 222536994151
BAD 222516587659
BAD 222538701719
BAD 222538701727
BAD 222516918529
BAD 222516918541
BAD 222539177563
BAD 222539407501
BAD 222518012813
BAD 222518314723
BAD 222518704039
BAD 222518704043
BAD 222519083707
BAD 222519083711
BAD 222519599101
BAD 222519727237
BAD 222541771867
BAD 222541897693
BAD 222541902313
BAD 222542088761
BAD 222520273711
BAD 222542535739
BAD 222520440563
BAD 222521092361
BAD 222521092363
BAD 222521092373
BAD 222521502113
BAD 222544286737
BAD 222545478343
BAD 222545838329
BAD 222546720593
BAD 222548106457
BAD 222548106461
BAD 222548106463
BAD 222548486917
BAD 222548486929
BAD 222549231173
BAD 222522486113
BAD 222522486127
BAD 222549793951
BAD 222549793957
BAD 222524065723
BAD 222524065733
BAD 222524116543
BAD 222524182267
BAD 222524562067
BAD 222525563807
BAD 222525563809
BAD 222526655431
BAD 222527329681
BAD 222527632057
BAD 222527865619
BAD 222527865629
BAD 222527865631
BAD 222528847787
BAD 222528847789
BAD 222528869963
BAD 222528920101
BAD 222529754963
BAD 222530692693
BAD 222530692697
BAD 222530844181
BAD 222530960893
BAD 222532817029
BAD 222533336513
BAD 222551339713
BAD 222551339719
BAD 222551932909
BAD 222552324833
BAD 222554075221
BAD 222554142809
BAD 222554580473
BAD 222554580481
BAD 222555504349
BAD 222556107349
BAD 222557450047
BAD 222557585659
BAD 222557585681
BAD 222557585683
BAD 222557983399
BAD 222558530479
BAD 222561902317
BAD 222562637797
BAD 222562807769
BAD 222562807813
BAD 222563908129
BAD 222565194463
BAD 222565194469
BAD 222565194503
BAD 222565493753
BAD 222565771613
BAD 222566222933
BAD 222566631031
BAD 222667616797
BAD 222668026457
BAD 222668026459
BAD 222668026463
BAD 222668235241
BAD 222668235271
BAD 222668235301
BAD 222668583719
BAD 222669033739
BAD 222671042023
BAD 222671161543
BAD 222671650867
BAD 222671779433
BAD 222671992691
BAD 222671992693
BAD 222617425007
BAD 222673016233
BAD 222618311947
BAD 222618636607
BAD 222618636613
BAD 222618834257
BAD 222618834259
BAD 222674071817
BAD 222674071819
BAD 222674071853
BAD 222602699101
BAD 222602699117
BAD 222602699119
BAD 222619304933
BAD 222602918581
BAD 222602918609
BAD 222602918611
BAD 222603097081
BAD 222619875871
BAD 222620030363
BAD 222620030371
BAD 222604093577
BAD 222621157001
BAD 222604366753
BAD 222604462427
BAD 222604462429
BAD 222604469701
BAD 222621976699
BAD 222621976711
BAD 222622398431
BAD 222622398433
BAD 222605353363
BAD 222605788597
BAD 222606029341
BAD 222623359003
BAD 222623359009
BAD 222606725659
BAD 222606990601
BAD 222624309113
BAD 222624309143
BAD 222624649861
BAD 222624649867
BAD 222607933123
BAD 222607933127
BAD 222607933129
BAD 222675976933
BAD 222625580773
BAD 222625580777
BAD 222625814153
BAD 222768899099
BAD 222677012639
BAD 222626196791
BAD 222769081583
BAD 222769081597
BAD 222769081609
BAD 222677576491
BAD 222677724229
BAD 222677724233
BAD 222677724239
BAD 222677888089
BAD 222677928523
BAD 222627435937
BAD 222770526079
BAD 222770652829
BAD 222628765357
BAD 222771135661
BAD 222771603917
BAD 222771603919
BAD 222771603931
BAD 222771945391
BAD 222680925529
BAD 222772817389
BAD 222608415803
BAD 222773195377
BAD 222773214907
BAD 222608753959
BAD 222773353643
BAD 222608871523
BAD 222608875031
BAD 222608875051
BAD 222608875057
BAD 222608875061
BAD 222631080509
BAD 222773945543
BAD 222608875063
BAD 222631080533
BAD 222608875067
BAD 222773945549
BAD 222773945551
BAD 222773975383
BAD 222774341333
BAD 222774341351
BAD 222774341353
BAD 222774341453
BAD 222609199543
BAD 222631562371
BAD 222775266563
BAD 222775266577
BAD 222632330059
BAD 222776028833
BAD 222610198891
BAD 222610198913
BAD 222777073877
BAD 222777073879
BAD 222777073891
BAD 222611283823
BAD 222777546419
BAD 222611728523
BAD 222682753273
BAD 222682753277
BAD 222682779331
BAD 222683175857
BAD 222683175859
BAD 222778595873
BAD 222778694729
BAD 222778694731
BAD 222778806977
BAD 222778966591
BAD 222684182657
BAD 222779591371
BAD 222779591381
BAD 222780055189
BAD 222780861319
BAD 222612995849
BAD 222612995851
BAD 222567419869
BAD 222781366961
BAD 222567821797
BAD 222567821809
BAD 222567821813
BAD 222781516369
BAD 222781571203
BAD 222613526833
BAD 222568004699
BAD 222613642663
BAD 222568417039
BAD 222614033891
BAD 222614033893
BAD 222614033909
BAD 222614033911
BAD 222782318659
BAD 222782318663
BAD 222782463049
BAD 222569052733
BAD 222569052743
BAD 222634403779
BAD 222634533559
BAD 222634533571
BAD 222634599023
BAD 222634778693
BAD 222634778711
BAD 222569964481
BAD 222569964503
BAD 222569964509
BAD 222569964511
BAD 222615853099
BAD 222570083447
BAD 222783505289
BAD 222783505291
BAD 222570202927
BAD 222570202937
BAD 222635355227
BAD 222635355233
BAD 222616166209
BAD 222616166221
BAD 222635507371
BAD 222616363301
BAD 222616363303
BAD 222616433269
BAD 222616433293
BAD 222571038559
BAD 222571038563
BAD 222784629679
BAD 222636881353
BAD 222636881359
BAD 222785963929
BAD 222784924561
BAD 222573271267
BAD 222573554227
BAD 222786563977
BAD 222786826069
BAD 222638188693
BAD 222574265453
BAD 222788969573
BAD 222639984937
BAD 222576695707
BAD 222790602341
BAD 222641633371
BAD 222791365597
BAD 222791453707
BAD 222642240257
BAD 222578791159
BAD 222792242639
BAD 222578791163
BAD 222792242641
BAD 222644257291
BAD 222644503141
BAD 222644998483
BAD 222645242851
BAD 222793823393
BAD 222645686317
BAD 222580456009
BAD 222580921279
BAD 222797071489
BAD 222818749661
BAD 222652309433
BAD 222645993953
BAD 222646083181
BAD 222797328997
BAD 222652491577
BAD 222652491583
BAD 222581169673
BAD 222581169709
BAD 222652807253
BAD 222652964147
BAD 222819358681
BAD 222797841757
BAD 222653434831
BAD 222798002591
BAD 222653539877
BAD 222653539879
BAD 222653539883
BAD 222653539903
BAD 222653570239
BAD 222820192831
BAD 222820192841
BAD 222820192843
BAD 222820192853
BAD 222654005389
BAD 222798522523
BAD 222654277309
BAD 222798780889
BAD 222798876283
BAD 222820858993
BAD 222654534779
BAD 222647761081
BAD 222798895303
BAD 222798944261
BAD 222684628237
BAD 222821205161
BAD 222821205163
BAD 222655110347
BAD 222648562399
BAD 222648562459
BAD 222702233983
BAD 222821588461
BAD 222821588477
BAD 222821588489
BAD 222702612289
BAD 222649245961
BAD 222685656421
BAD 222800358091
BAD 222649707487
BAD 222686156123
BAD 222686197213
BAD 222655884181
BAD 222650142173
BAD 222650205781
BAD 222650214379
BAD 222650214383
BAD 222650214583
BAD 222650214697
BAD 222686449561
BAD 222703118119
BAD 222650249641
BAD 222686793493
BAD 222656613953
BAD 222801374881
BAD 222687558271
BAD 222688126127
BAD 222704654873
BAD 222688745089
BAD 222688745093
BAD 222657625433
BAD 222657625439
BAD 222584512991
BAD 222705573271
BAD 222689565211
BAD 222705804049
BAD 222584868859
BAD 222658090229
BAD 222658090231
BAD 222584964607
BAD 222751477801
BAD 222751477813
BAD 222706556533
BAD 222824699023
BAD 222751672607
BAD 222751672609
BAD 222658653601
BAD 222751932133
BAD 222658697881
BAD 222706792513
BAD 222658774343
BAD 222752146153
BAD 222659328193
BAD 222707167883
BAD 222825471719
BAD 222825471721
BAD 222659497343
BAD 222659497349
BAD 222659497351
BAD 222586167319
BAD 222753125723
BAD 222753165541
BAD 222753165643
BAD 222753165653
BAD 222753220873
BAD 222753220883
BAD 222753220891
BAD 222825890561
BAD 222825890563
BAD 222753428647
BAD 222753428659
BAD 222692579071
BAD 222826177933
BAD 222826196557
BAD 222692881483
BAD 222707848277
BAD 222707848283
BAD 222707848289
BAD 222707848291
BAD 222754087253
BAD 222826853789
BAD 222826853791
BAD 222826853797
BAD 222826853801
BAD 222826853803
BAD 222826853807
BAD 222661051999
BAD 222754407511
BAD 222754407517
BAD 222827321539
BAD 222827321543
BAD 222694249543
BAD 222694252513
BAD 222708639953
BAD 222587239951
BAD 222694721399
BAD 222694721401
BAD 222695104939
BAD 222695171423
BAD 222708994253
BAD 222695287453
BAD 222661969223
BAD 222662061053
BAD 222828792191
BAD 222828851131
BAD 222828851159
BAD 222828901549
BAD 222828901577
BAD 222709343453
BAD 222734982527
BAD 222755841667
BAD 222588298201
BAD 222734982529
BAD 222755841743
BAD 222830076221
BAD 222662561609
BAD 222755841757
BAD 222697402099
BAD 222830076223
BAD 222830076247
BAD 222662561623
BAD 222830076251
BAD 222662561633
BAD 222662655431
BAD 222712082783
BAD 222712113607
BAD 222662794139
BAD 222662794141
BAD 222662794147
BAD 222662883361
BAD 222589030903
BAD 222589030957
BAD 222830939197
BAD 222663431429
BAD 222589554097
BAD 222589554101
BAD 222831385649
BAD 222589882063
BAD 222664045963
BAD 222831584057
BAD 222736754899
BAD 222758166259
BAD 222591081763
BAD 222665108101
BAD 222665108117
BAD 222665108119
BAD 222665339593
BAD 222832349513
BAD 222737493709
BAD 222832607161
BAD 222802719991
BAD 222592084879
BAD 222802989067
BAD 222738425563
BAD 222803103899
BAD 222738589043
BAD 222715485683
BAD 222715560139
BAD 222715560143
BAD 222803295461
BAD 222760070191
BAD 222760113493
BAD 222760113497
BAD 222592764971
BAD 222592764973
BAD 222739045591
BAD 222592873357
BAD 222739136783
BAD 222715949717
BAD 222715949719
BAD 222760468501
BAD 222804173639
BAD 222739501477
BAD 222834222019
BAD 222593724281
BAD 222834222151
BAD 222739671493
BAD 222717187787
BAD 222717187789
BAD 222717187801
BAD 222760779389
BAD 222760779391
BAD 222760779407
BAD 222760779413
BAD 222717308101
BAD 222717308119
BAD 222594048757
BAD 222594048763
BAD 222717402121
BAD 222717402143
BAD 222717422363
BAD 222717431693
BAD 222717431701
BAD 222804680597
BAD 222804680599
BAD 222740170721
BAD 222761111897
BAD 222761111899
BAD 222717571807
BAD 222761225243
BAD 222761225251
BAD 222761225257
BAD 222761225261
BAD 222761225263
BAD 222761230457
BAD 222761245051
BAD 222594530737
BAD 222594530749
BAD 222594567781
BAD 222594567787
BAD 222761384633
BAD 222595026817
BAD 222805707941
BAD 222805780129
BAD 222805780139
BAD 222805780213
BAD 222741541609
BAD 222741541613
BAD 222596094883
BAD 222596282761
BAD 222596455381
BAD 222596455387
BAD 222742421003
BAD 222763067573
BAD 222763067599
BAD 222597831629
BAD 222597937543
BAD 222743745407
BAD 222743745409
BAD 222807718351
BAD 222743970503
BAD 222744275989
BAD 222599083673
BAD 222764553749
BAD 222764553751
BAD 222764553793
BAD 222764553797
BAD 222764553799
BAD 222718748071
BAD 222744762299
BAD 222718873933
BAD 222718873939
BAD 222718873991
BAD 222745726537
BAD 222745726543
BAD 222745728679
BAD 222745728683
BAD 222745750613
BAD 222809944351
BAD 222745846553
BAD 222720061313
BAD 222766207723
BAD 222746303147
BAD 222746303149
BAD 222746422939
BAD 222746530141
BAD 222746555011
BAD 222746555023
BAD 222746810521
BAD 222767051363
BAD 222767051371
BAD 222811867261
BAD 222767051413
BAD 222721588681
BAD 222721588703
BAD 222812036017
BAD 222812090233
BAD 222747687871
BAD 222722094347
BAD 222722094349
BAD 222812680261
BAD 222748094333
BAD 222722654621
BAD 222767988139
BAD 222767988143
BAD 222748201447
BAD 222748201463
BAD 222722872357
BAD 222722872373
BAD 222813394129
BAD 222723075271
BAD 222723075331
BAD 222748578917
BAD 222748578919
BAD 222723324179
BAD 222723324181
BAD 222748911643
BAD 222814270807
BAD 222814270817
BAD 222814270823
BAD 222724087777
BAD 222724463123
BAD 222724766449
BAD 222751426399
BAD 222816626119
BAD 222816754891
BAD 222726336439
BAD 222726480143
BAD 222726480199
BAD 222817701653
BAD 222726634943
BAD 222818014789
BAD 222818025433
BAD 222818025439
BAD 222727016921
BAD 222727016923
BAD 222727746083
BAD 222727746097
BAD 222729107059
BAD 222729138143
BAD 222729818407
BAD 222729818411
BAD 222730355977
BAD 222730940693
BAD 222730940699
BAD 222730940701
BAD 222730940723
BAD 222732141743
BAD 222732519533
BAD 222733220191
BAD 222734118227
BAD 222734118239
BAD 222835680079
BAD 222835680083
BAD 222835703569
BAD 222836544991
BAD 222836665837
BAD 222837118463
BAD 222838210657
BAD 222838350289
BAD 222838350299
BAD 222839276911
BAD 222839994007
BAD 222840410213
BAD 222842032187
BAD 222843263791
BAD 222843498973
BAD 222843625373
BAD 222844159673
BAD 222844159697
BAD 222844769143
BAD 222845214931
BAD 222845511331
BAD 222846145789
BAD 222846145793
BAD 222846609793
BAD 222847424329
BAD 222848072453
BAD 222848234659
BAD 222848350757
BAD 222848350771
BAD 222850578871
BAD 222902569777
BAD 222902802293
BAD 222885903241
BAD 222886711483
BAD 222886791503
BAD 222887041529
BAD 222904226989
BAD 222887518429
BAD 222887518439
BAD 222904952917
BAD 222905300911
BAD 222905547143
BAD 222888923833
BAD 222889471439
BAD 222889680319
BAD 222889868809
BAD 222907021231
BAD 222907166401
BAD 222890379337
BAD 222907507313
BAD 222891359087
BAD 222891404903
BAD 222892821653
BAD 222893052517
BAD 222893052533
BAD 222909244013
BAD 222909244021
BAD 222869105779
BAD 222869105807
BAD 222893657773
BAD 222893657821
BAD 222893657827
BAD 222909392543
BAD 222911233957
BAD 222911233969
BAD 222911398951
BAD 222871243597
BAD 222871243603
BAD 222911682911
BAD 222895756463
BAD 222871856773
BAD 222872786947
BAD 222896536957
BAD 222873402709
BAD 222873688801
BAD 222874394597
BAD 222874394599
BAD 222913831381
BAD 222897939637
BAD 222898173703
BAD 222915542287
BAD 222899499523
BAD 222899499527
BAD 222900374227
BAD 222900621679
BAD 222900621683
BAD 222917133443
BAD 222917133479
BAD 222901270399
BAD 222918087787
BAD 222874716859
BAD 222918087793
BAD 222901751021
BAD 222901751027
BAD 222918376201
BAD 222918381143
BAD 222918838117
BAD 222875736619
BAD 222919110289
BAD 222876029791
BAD 222876908509
BAD 222877367281
BAD 222877367287
BAD 222877756357
BAD 222877756363
BAD 222877756373
BAD 222877756379
BAD 222877756393
BAD 222878995711
BAD 222879600623
BAD 222879600641
BAD 222880165829
BAD 222880165831
BAD 222880201097
BAD 222880201099
BAD 222880287961
BAD 222882250597
BAD 222882478477
BAD 222883449673
BAD 222884152759
BAD 222884448139
BAD 222884683501
BAD 222884683507
BAD 222853690333
BAD 222853690337
BAD 222853840579
BAD 222854218603
BAD 222855080417
BAD 222855080419
BAD 222855507443
BAD 222855820829
BAD 222856732643
BAD 222856732649
BAD 222856772921
BAD 222857368381
BAD 222857620729
BAD 222859255981
BAD 222859320083
BAD 222859355903
BAD 222859367321
BAD 222859367323
BAD 222859367327
BAD 222859367329
BAD 222859775123
BAD 222860583641
BAD 222860583643
BAD 222861241543
BAD 222861241573
BAD 222861884041
BAD 222862086221
BAD 222862890487
BAD 222865989571
BAD 222866152039
BAD 222866152043
BAD 222866407139
BAD 222866407201
BAD 222866705879
BAD 222867421069
BAD 222868505389
BAD 222936126097
BAD 222936126103
BAD 222937274369
BAD 222938413039
BAD 222938668343
BAD 222938668349
BAD 222938715499
BAD 222939555623
BAD 222940463411
BAD 222940463413
BAD 222940659001
BAD 222940660249
BAD 222942088879
BAD 222942088883
BAD 222942548089
BAD 222942548093
BAD 222945112903
BAD 222945304411
BAD 222945304423
BAD 222945304433
BAD 222920322223
BAD 222946798859
BAD 222946798861
BAD 222947020993
BAD 222949288651
BAD 222949288657
BAD 222949288669
BAD 222949288673
BAD 222924120997
BAD 222949833947
BAD 222949833949
BAD 222949887109
BAD 222949950809
BAD 222950063143
BAD 222950438537
BAD 222950792479
BAD 222950856917
BAD 222951601069
BAD 222951601073
BAD 222951837067
BAD 222951853309
BAD 222925008091
BAD 222925023493
BAD 222925023499
BAD 222925109059
BAD 222926232391
BAD 222926232409
BAD 222926398207
BAD 222953120477
BAD 222953120479
BAD 222953120483
BAD 222954661711
BAD 222955917083
BAD 222956809813
BAD 222956809819
BAD 222956862263
BAD 222957021649
BAD 222927219481
BAD 222927934441
BAD 222927934451
BAD 222927934457
BAD 222927934459
BAD 222928178071
BAD 222928333223
BAD 222928516697
BAD 222928516709
BAD 222928516711
BAD 222928516717
BAD 222929465299
BAD 222930177233
BAD 222930388493
BAD 222931663327
BAD 222931663333
BAD 222931663351
BAD 222959171663
BAD 222959600923
BAD 222932124277
BAD 222932208847
BAD 222932208853
BAD 222932609369
BAD 222932609387
BAD 222933160213
BAD 222933797641
BAD 222934426021
BAD 222935311309
BAD 222935311321
BAD 222935311327
BAD 222935311351
BAD 222959997619
BAD 222960169171
BAD 222960578989
BAD 222961091303
BAD 222961572553
BAD 222961772353
BAD 222962101183
BAD 222962101199
BAD 222962101213
BAD 222962374673
BAD 222962381407
BAD 222962381413
BAD 222963018829
BAD 222963018833
BAD 222963826207
BAD 222963826219
BAD 222963826231
BAD 222963826243
BAD 222935663329
BAD 222964136419
BAD 222964267081
BAD 222964652303
BAD 222964688143
BAD 222964856839
BAD 222965288731
BAD 222965679031
BAD 222965679071
BAD 222965679073
BAD 222965679137
BAD 222966967231
BAD 222967367299
BAD 222969606229
BAD 222969780991
BAD 222970125913
BAD 222970129493
BAD 222970928953
BAD 222971022889
BAD 222971022893
BAD 222971603863
BAD 222972027227
BAD 222972027233
BAD 222972139081
BAD 222972139087
BAD 222972139163
BAD 222973093793
BAD 222973895849
BAD 222973895873
BAD 222974390179
BAD 222974711731
BAD 222974790683
BAD 222975195511
BAD 222975463897
BAD 222976484897
BAD 222977097271
BAD 222977316307
BAD 222977355967
BAD 222978286133
BAD 222978286159
BAD 222978286163
BAD 222979184191
BAD 222979306751
BAD 222979688683
BAD 222980127761
BAD 222980307037
BAD 222980307047
BAD 222980307049
BAD 222980356493
BAD 222980356499
BAD 222980397571
BAD 222981033661
BAD 222981181327
BAD 223020235237
BAD 223020887213
BAD 223021008887
BAD 223021034011
BAD 223021156003
BAD 223021156021
BAD 223021449667
BAD 223021494337
BAD 223021494347
BAD 223021494349
BAD 223137840259
BAD 223138281983
BAD 223071286433
BAD 222981927551
BAD 223071663187
BAD 223071715369
BAD 223071864439
BAD 223072366199
BAD 223072366201
BAD 222983183519
BAD 222983376139
BAD 222983553983
BAD 222983635177
BAD 223140337327
BAD 223073948551
BAD 223073948557
BAD 223074160711
BAD 223074411199
BAD 223074498583
BAD 222985628653
BAD 223022710487
BAD 223022710489
BAD 223022780963
BAD 223077644509
BAD 223078246297
BAD 223026650423
BAD 223026650453
BAD 223027210013
BAD 223027210019
BAD 223079822477
BAD 223079822479
BAD 223079894509
BAD 223080084637
BAD 223080334753
BAD 223080334759
BAD 223080920929
BAD 223081011817
BAD 223081011823
BAD 223143150583
BAD 223143150589
BAD 223081970281
BAD 223081970291
BAD 223082101273
BAD 223082101283
BAD 223082101309
BAD 223082783933
BAD 223144805993
BAD 223083422213
BAD 223083505103
BAD 223145597039
BAD 223084088611
BAD 223084286497
BAD 222986347217
BAD 223084402531
BAD 223084402537
BAD 223084402543
BAD 223146073901
BAD 223146073903
BAD 223146073987
BAD 223146073993
BAD 222986719667
BAD 223027816819
BAD 223147083413
BAD 223147181269
BAD 223147181273
BAD 223170933943
BAD 223028331419
BAD 223028331431
BAD 223028331433
BAD 223171223551
BAD 223171223581
BAD 223171223621
BAD 223171223623
BAD 223171448263
BAD 223029568583
BAD 223148464397
BAD 223030068473
BAD 223148848081
BAD 223148848099
BAD 223148848103
BAD 223149143101
BAD 222989261071
BAD 222989261083
BAD 222989261087
BAD 223173142567
BAD 223173142571
BAD 223173142573
BAD 223031222041
BAD 223031222059
BAD 223031392021
BAD 223150019797
BAD 223150019803
BAD 223150019809
BAD 223173586907
BAD 222990239293
BAD 223085521279
BAD 223173587341
BAD 223173587363
BAD 223173587369
BAD 222990239299
BAD 223150111477
BAD 223150111523
BAD 222990381227
BAD 222990513463
BAD 222990513467
BAD 222990513469
BAD 223174114883
BAD 222990991493
BAD 222990991501
BAD 223151042903
BAD 223086520001
BAD 223086520003
BAD 223086528323
BAD 223086528331
BAD 223151309119
BAD 223151309123
BAD 223174673363
BAD 223086966457
BAD 223031534521
BAD 223151798827
BAD 223032155207
BAD 223032155209
BAD 223032202583
BAD 223153051291
BAD 223032202703
BAD 223175942401
BAD 223032418643
BAD 222994900801
BAD 223176520459
BAD 223032804367
BAD 223033251503
BAD 222995646703
BAD 222996397553
BAD 223034763181
BAD 222997220101
BAD 223179325561
BAD 223179423169
BAD 222998132059
BAD 222998132113
BAD 222998132117
BAD 223180639489
BAD 222998952019
BAD 222998952023
BAD 223181101397
BAD 223181101399
BAD 223181711107
BAD 223181921273
BAD 222999764191
BAD 222999764203
BAD 222999863719
BAD 222999910363
BAD 222999910369
BAD 222999910373
BAD 223000319147
BAD 223000869551
BAD 223183925359
BAD 223184089993
BAD 223184399257
BAD 223184399261
BAD 223002027173
BAD 223184861453
BAD 223184861461
BAD 223184861479
BAD 223002163583
BAD 223185601973
BAD 223186005943
BAD 223186005953
BAD 223003116697
BAD 223003116701
BAD 223186603457
BAD 223186603459
BAD 223186603463
BAD 223186658603
BAD 223187106641
BAD 223187164609
BAD 223205507341
BAD 223205628083
BAD 223207304179
BAD 223207304183
BAD 223207304233
BAD 223207304237
BAD 223207439149
BAD 223207439153
BAD 223087584613
BAD 223222946731
BAD 223207439159
BAD 223207458997
BAD 223207459009
BAD 223207459021
BAD 223223145883
BAD 223223148163
BAD 223223148167
BAD 223223148199
BAD 223223490283
BAD 223223490331
BAD 223223775779
BAD 223003338653
BAD 223223978083
BAD 223036874353
BAD 223224206941
BAD 223003785391
BAD 223037393351
BAD 223037393353
BAD 223038021853
BAD 223089258817
BAD 223004674463
BAD 223004674471
BAD 223225170043
BAD 223038509297
BAD 223225473787
BAD 223225473803
BAD 223225479209
BAD 223004935913
BAD 223225638499
BAD 223038863273
BAD 223089951611
BAD 223089951613
BAD 223039223893
BAD 223039224007
BAD 223039224019
BAD 223090375009
BAD 223090375021
BAD 223005371651
BAD 223005371653
BAD 223005371657
BAD 223091153801
BAD 223227204961
BAD 223227266539
BAD 223227354083
BAD 223227354089
BAD 223040754667
BAD 223006063141
BAD 223006311511
BAD 223227951109
BAD 223227951113
BAD 223228027907
BAD 223228027909
BAD 223228077263
BAD 223121035331
BAD 223228301551
BAD 223228301599
BAD 223121298373
BAD 223041847319
BAD 223121530501
BAD 223042491739
BAD 223042542473
BAD 223042542491
BAD 223042542493
BAD 223042542497
BAD 223042596533
BAD 223042596541
BAD 223042754761
BAD 223189874003
BAD 223190096491
BAD 223093348529
BAD 223093348531
BAD 223229810779
BAD 223190466019
BAD 223190466053
BAD 223190466077
BAD 223043735311
BAD 223093745107
BAD 223043954333
BAD 223043991749
BAD 223190808739
BAD 223044305329
BAD 223044305333
BAD 223191427471
BAD 223191427499
BAD 223230478853
BAD 223230526381
BAD 223094317133
BAD 223044928279
BAD 223123681169
BAD 223008299057
BAD 223123681171
BAD 223053461753
BAD 223124152333
BAD 223124152357
BAD 223154474381
BAD 223154474383
BAD 223046249893
BAD 223231787747
BAD 223231787749
BAD 223046377349
BAD 223046377357
BAD 223231952737
BAD 223192757093
BAD 223054240483
BAD 223054240501
BAD 223054243219
BAD 223125027859
BAD 223125027869
BAD 223125027871
BAD 223125027877
BAD 223232388979
BAD 223009393729
BAD 223009393807
BAD 223125579709
BAD 223193706661
BAD 223126052297
BAD 223126052299
BAD 223193851669
BAD 223193866043
BAD 223047877379
BAD 223096838623
BAD 223233443633
BAD 223156560727
BAD 223055880689
BAD 223127032343
BAD 223107364357
BAD 223127032363
BAD 223127032369
BAD 223010547203
BAD 223055951749
BAD 223233673441
BAD 223194115457
BAD 223048197343
BAD 223048205903
BAD 223010760067
BAD 223097052769
BAD 223194222583
BAD 223234041167
BAD 223157115773
BAD 223157115787
BAD 223157115791
BAD 223127404237
BAD 223048672969
BAD 223011192517
BAD 223108102213
BAD 223108102219
BAD 223108110949
BAD 223048986301
BAD 223056723623
BAD 223157165017
BAD 223056723629
BAD 223234897643
BAD 223235077867
BAD 223011879667
BAD 223108940543
BAD 223235381549
BAD 223108980433
BAD 223235530423
BAD 223012198163
BAD 223109193991
BAD 223109194003
BAD 223235618719
BAD 223049922569
BAD 223049984923
BAD 223128268249
BAD 223050107393
BAD 223157710639
BAD 223157710651
BAD 223157826823
BAD 223012680619
BAD 223109718217
BAD 223012784641
BAD 223109841013
BAD 223109841023
BAD 223157953729
BAD 223157987081
BAD 223157987083
BAD 223157987093
BAD 223098543139
BAD 223110133691
BAD 223195283551
BAD 223110133693
BAD 223110133699
BAD 223110133711
BAD 223110133717
BAD 223013086951
BAD 223236525443
BAD 223050821141
BAD 223050821143
BAD 223098705541
BAD 223098839317
BAD 223058260141
BAD 223013316301
BAD 223013659343
BAD 223236960343
BAD 223110825797
BAD 223099378231
BAD 223099378237
BAD 223196276179
BAD 223196331703
BAD 223196331713
BAD 223237252009
BAD 223237252027
BAD 223051999369
BAD 223051999381
BAD 223159397837
BAD 223129446499
BAD 223159432709
BAD 223159432711
BAD 223208777599
BAD 223237825103
BAD 223129480051
BAD 223100497463
BAD 223238334713
BAD 223208777609
BAD 223112047313
BAD 223197254887
BAD 223053164371
BAD 223238334721
BAD 223237856987
BAD 223014661759
BAD 223014682199
BAD 223014682201
BAD 223129539793
BAD 223129539803
BAD 223059970279
BAD 223100727029
BAD 223159600099
BAD 223159647979
BAD 223159647983
BAD 223129688801
BAD 223129702157
BAD 223112476597
BAD 223060144453
BAD 223112535791
BAD 223101321913
BAD 223101321917
BAD 223198393763
BAD 223198393829
BAD 223160541983
BAD 223016265973
BAD 223102239799
BAD 223102239803
BAD 223102421797
BAD 223198837261
BAD 223161045421
BAD 223016596409
BAD 223199161421
BAD 223199161433
BAD 223161396379
BAD 223199248297
BAD 223199248301
BAD 223199248303
BAD 223240701631
BAD 223161496847
BAD 223017147823
BAD 223017147827
BAD 223114563563
BAD 223061573269
BAD 223199648593
BAD 223199648597
BAD 223114747789
BAD 223199720773
BAD 223114780751
BAD 223114780753
BAD 223114780793
BAD 223114780817
BAD 223211437513
BAD 223211437517
BAD 223199854873
BAD 223162137637
BAD 223131118909
BAD 223103456159
BAD 223103456161
BAD 223131163921
BAD 223131294361
BAD 223115354753
BAD 223211647969
BAD 223211647973
BAD 223211647979
BAD 223162360579
BAD 223162516021
BAD 223162570489
BAD 223162570513
BAD 223162570517
BAD 223211895451
BAD 223212048869
BAD 223212048877
BAD 223212185111
BAD 223212185113
BAD 223162897129
BAD 223162999907
BAD 223162999909
BAD 223242465469
BAD 223163060699
BAD 223062766583
BAD 223163174561
BAD 223200960617
BAD 223132315339
BAD 223201122259
BAD 223019215063
BAD 223242970849
BAD 223163314961
BAD 223271675251
BAD 223213072349
BAD 223213072351
BAD 223213176481
BAD 223213176517
BAD 223132503863
BAD 223201370767
BAD 223271993183
BAD 223019830783
BAD 223019830793
BAD 223063744997
BAD 223063744999
BAD 223201738531
BAD 223272438461
BAD 223272438463
BAD 223202121397
BAD 223117758091
BAD 223164004159
BAD 223272672349
BAD 223272672367
BAD 223272672373
BAD 223272672379
BAD 223272672383
BAD 223272672409
BAD 223214286151
BAD 223214286181
BAD 223117893937
BAD 223272986357
BAD 223214286187
BAD 223202291201
BAD 223214286221
BAD 223214286223
BAD 223202291203
BAD 223244455087
BAD 223164345203
BAD 223214498333
BAD 223064801917
BAD 223064801923
BAD 223273296877
BAD 223273296893
BAD 223065183469
BAD 223065183503
BAD 223118557903
BAD 223118557913
BAD 223065298921
BAD 223164899611
BAD 223164899621
BAD 223164899623
BAD 223164899647
BAD 223203016969
BAD 223134007687
BAD 223134007693
BAD 223245438631
BAD 223245651383
BAD 223119159569
BAD 223274278517
BAD 223274278519
BAD 223166004031
BAD 223246011749
BAD 223274278529
BAD 223166004037
BAD 223215929627
BAD 223274278531
BAD 223274278541
BAD 223274278543
BAD 223119445643
BAD 223119445651
BAD 223246118009
BAD 223119672091
BAD 223119672109
BAD 223246636709
BAD 223067158777
BAD 223067181223
BAD 223067181229
BAD 223067219099
BAD 223120212661
BAD 223120212677
BAD 223246788313
BAD 223135158611
BAD 223135158683
BAD 223135158703
BAD 223135158709
BAD 223135158713
BAD 223135158833
BAD 223135158839
BAD 223246856117
BAD 223275255143
BAD 223135456231
BAD 223135456237
BAD 223135456261
BAD 223135456267
BAD 223135456273
BAD 223135456279
BAD 223135456283
BAD 223135456301
BAD 223135456303
BAD 223068185407
BAD 223068185413
BAD 223068185419
BAD 223068263953
BAD 223068413303
BAD 223167197059
BAD 223136029453
BAD 223068718493
BAD 223275873907
BAD 223218268153
BAD 223167478559
BAD 223167478561
BAD 223136397179
BAD 223136397181
BAD 223167816821
BAD 223276337771
BAD 223276337773
BAD 223276337783
BAD 223248881041
BAD 223218823309
BAD 223167904747
BAD 223276758857
BAD 223219568647
BAD 223168344869
BAD 223168382081
BAD 223168382083
BAD 223168382089
BAD 223168405181
BAD 223168405183
BAD 223250091619
BAD 223219982827
BAD 223220132141
BAD 223168619819
BAD 223220215157
BAD 223168856633
BAD 223168926391
BAD 223277771753
BAD 223220637517
BAD 223169235151
BAD 223251058673
BAD 223169361329
BAD 223251353513
BAD 223251353519
BAD 223278412223
BAD 223278412229
BAD 223251418853
BAD 223251418861
BAD 223169578091
BAD 223169676649
BAD 223169676739
BAD 223279013011
BAD 223279013131
BAD 223279013159
BAD 223279013161
BAD 223170365881
BAD 223252865837
BAD 223279562783
BAD 223253644951
BAD 223254614909
BAD 223254614911
BAD 223254614917
BAD 223280619167
BAD 223280619169
BAD 223281722869
BAD 223282227769
BAD 223283789513
BAD 223284814037
BAD 223284907537
BAD 223284907553
BAD 223285014593
BAD 223285523281
BAD 223285959199
BAD 223287225989
BAD 223287225991
BAD 223287226009
BAD 223287463523
BAD 223287483673
BAD 223254837493
BAD 223257138653
BAD 223257410083
BAD 223257671543
BAD 223258986803
BAD 223259043823
BAD 223259279629
BAD 223259442023
BAD 223259602019
BAD 223259602021
BAD 223260005833
BAD 223260148633
BAD 223260358381
BAD 223260358393
BAD 223260791783
BAD 223261279309
BAD 223261279313
BAD 223261386619
BAD 223261638253
BAD 223261775911
BAD 223262078341
BAD 223262078363
BAD 223262689943
BAD 223262689957
BAD 223263150611
BAD 223263150613
BAD 223264348673
BAD 223264825709
BAD 223265182193
BAD 223266318697
BAD 223266975457
BAD 223266975461
BAD 223267367473
BAD 223267367483
BAD 223267505437
BAD 223267505443
BAD 223267505449
BAD 223267505453
BAD 223267505459
BAD 223267735253
BAD 223267735261
BAD 223268002169
BAD 223268002171
BAD 223269105001
BAD 223269378259
BAD 223270511083
BAD 223270711379
BAD 223270711381
BAD 223270823989
BAD 223288976791
BAD 223288976797
BAD 223288976803
BAD 223288976819
BAD 223288976821
BAD 223290621187
BAD 223291892011
BAD 223292772827
BAD 223293235201
BAD 223293535357
BAD 223293686137
BAD 223293983333
BAD 223294068793
BAD 223294068797
BAD 223294068799
BAD 223295658683
BAD 223296100361
BAD 223296578893
BAD 223296866893
BAD 223296981373
BAD 223296981377
BAD 223296981379
BAD 223296981403
BAD 223296981409
BAD 223297748899
BAD 223297748911
BAD 223297765693
BAD 223297765697
BAD 223298545279
BAD 223298545297
BAD 223305368837
BAD 223299030347
BAD 223299030349
BAD 223299030391
BAD 223305801637
BAD 223305844499
BAD 223299998953
BAD 223306898107
BAD 223300380221
BAD 223300380223
BAD 223307210857
BAD 223301323571
BAD 223308029053
BAD 223301638771
BAD 223308273241
BAD 223301775493
BAD 223302002333
BAD 223308580409
BAD 223308721973
BAD 223308798751
BAD 223308798773
BAD 223302338641
BAD 223302993241
BAD 223302993283
BAD 223309914953
BAD 223303438693
BAD 223311870217
BAD 223305054451
BAD 223305054473
BAD 223305054493
BAD 223312444231
BAD 223312444237
BAD 223315107727
BAD 223315107731
BAD 223315107733
BAD 223315355633
BAD 223316147603
BAD 223316147611
BAD 223316305283
BAD 223316868601
BAD 223317198919
BAD 223317254663
BAD 223318852033
BAD 223319511143
BAD 223319835353
BAD 223319835397
BAD 223320457897
BAD 223320947543
BAD 223321232053
BAD 223321232059
BAD 223321267583
BAD 223321267591
BAD 223322442037
BAD 223322577083
BAD 223323364609
BAD 223323364613
BAD 223325618641
BAD 223326296681
BAD 223326296689
BAD 223326296693
BAD 223339785671
BAD 223328297293
BAD 223328297303
BAD 223340614741
BAD 223341034639
BAD 223341390343
BAD 223341390383
BAD 223355486647
BAD 223355556173
BAD 223355556409
BAD 223355556421
BAD 223342440331
BAD 223355791937
BAD 223355979677
BAD 223356231359
BAD 223356231361
BAD 223332410221
BAD 223356231367
BAD 223332429407
BAD 223332429409
BAD 223332429413
BAD 223332429431
BAD 223332429433
BAD 223332513493
BAD 223332588319
BAD 223356447337
BAD 223356447361
BAD 223356447409
BAD 223332955379
BAD 223332955381
BAD 223333184119
BAD 223357237199
BAD 223334112931
BAD 223358187571
BAD 223335011239
BAD 223335011243
BAD 223335082193
BAD 223358945363
BAD 223335221323
BAD 223335301859
BAD 223335301867
BAD 223335301927
BAD 223359210167
BAD 223359210169
BAD 223359210181
BAD 223359578647
BAD 223336808003
BAD 223343206003
BAD 223337824949
BAD 223337824951
BAD 223337953231
BAD 223344270367
BAD 223344821939
BAD 223344821941
BAD 223345158103
BAD 223345598653
BAD 223345633397
BAD 223360350649
BAD 223360474357
BAD 223360719949
BAD 223361808017
BAD 223361808049
BAD 223361808053
BAD 223361883991
BAD 223361922467
BAD 223361922481
BAD 223361922491
BAD 223361957323
BAD 223361957359
BAD 223361957363
BAD 223362379963
BAD 223363023313
BAD 223363023319
BAD 223347117901
BAD 223348815433
BAD 223349243599
BAD 223349243603
BAD 223350272549
BAD 223350367193
BAD 223363626949
BAD 223363626953
BAD 223363626961
BAD 223363769513
BAD 223363840813
BAD 223366101151
BAD 223366312999
BAD 223366773667
BAD 223366773683
BAD 223367241413
BAD 223367344693
BAD 223367896853
BAD 223351849849
BAD 223351945819
BAD 223351958719
BAD 223368842069
BAD 223368842071
BAD 223368842077
BAD 223368842083
BAD 223368940877
BAD 223352282063
BAD 223352913683
BAD 223370948377
BAD 223354405663
BAD 223354405669
BAD 223422805819
BAD 223422805829
BAD 223422805831
BAD 223456738567
BAD 223456794527
BAD 223456794529
BAD 223456794553
BAD 223456794577
BAD 223423202971
BAD 223423202983
BAD 223423202987
BAD 223423203071
BAD 223457415541
BAD 223457415563
BAD 223423638299
BAD 223423638301
BAD 223457681701
BAD 223423838453
BAD 223423838489
BAD 223423899089
BAD 223423899091
BAD 223423899137
BAD 223423899163
BAD 223423899169
BAD 223423899173
BAD 223424493577
BAD 223424493581
BAD 223458672917
BAD 223458672919
BAD 223458722213
BAD 223458722219
BAD 223458722231
BAD 223458722233
BAD 223458722243
BAD 223459001417
BAD 223459001419
BAD 223459175119
BAD 223425555259
BAD 223425555263
BAD 223426801163
BAD 223460211719
BAD 223460211721
BAD 223460281357
BAD 223460472091
BAD 223427796541
BAD 223460698009
BAD 223460812039
BAD 223428171787
BAD 223461171221
BAD 223461171223
BAD 223461239951
BAD 223461239959
BAD 223428439573
BAD 223406472901
BAD 223461608219
BAD 223461608221
BAD 223461739013
BAD 223461779389
BAD 223407013903
BAD 223407013909
BAD 223407013957
BAD 223407013961
BAD 223374830507
BAD 223429950619
BAD 223375046077
BAD 223407399617
BAD 223407571267
BAD 223430806813
BAD 223430829761
BAD 223430829763
BAD 223408156219
BAD 223431276389
BAD 223376278057
BAD 223376278061
BAD 223408564447
BAD 223377177571
BAD 223378164983
BAD 223462760251
BAD 223378200917
BAD 223378200919
BAD 223433621423
BAD 223462991699
BAD 223462991701
BAD 223463312827
BAD 223463313869
BAD 223434012427
BAD 223379048623
BAD 223463694229
BAD 223464055747
BAD 223379630107
BAD 223380006293
BAD 223435674923
BAD 223464896101
BAD 223435674929
BAD 223465060213
BAD 223465161649
BAD 223465161659
BAD 223465161709
BAD 223465161713
BAD 223380955013
BAD 223381006853
BAD 223381307507
BAD 223381307509
BAD 223381307531
BAD 223381307533
BAD 223381383721
BAD 223381533623
BAD 223465896301
BAD 223436793331
BAD 223381931371
BAD 223382437381
BAD 223382437393
BAD 223466767063
BAD 223466767091
BAD 223382662781
BAD 223437992483
BAD 223437992489
BAD 223467288271
BAD 223467288277
BAD 223438194293
BAD 223467506153
BAD 223467590663
BAD 223384867429
BAD 223467640819
BAD 223385125849
BAD 223385393659
BAD 223385643587
BAD 223385643589
BAD 223386590683
BAD 223387022431
BAD 223388143009
BAD 223388143021
BAD 223388307683
BAD 223471275373
BAD 223410958361
BAD 223410958363
BAD 223411685689
BAD 223412496863
BAD 223412496869
BAD 223412496871
BAD 223412608483
BAD 223412916383
BAD 223414277063
BAD 223414516553
BAD 223415513291
BAD 223415513303
BAD 223415513309
BAD 223415513311
BAD 223415575261
BAD 223657455491
BAD 223657455493
BAD 223389162809
BAD 223389162811
BAD 223417035077
BAD 223417055399
BAD 223417055401
BAD 223417303283
BAD 223389485243
BAD 223658122663
BAD 223658122673
BAD 223658135933
BAD 223389924893
BAD 223389987043
BAD 223658595463
BAD 223659057383
BAD 223659161419
BAD 223659161423
BAD 223659161431
BAD 223418846821
BAD 223392068083
BAD 223419191557
BAD 223419191563
BAD 223660760749
BAD 223661194063
BAD 223439419397
BAD 223661468231
BAD 223421249113
BAD 223421338897
BAD 223421338901
BAD 223440277943
BAD 223440560971
BAD 223421863453
BAD 223440715669
BAD 223392991127
BAD 223421993593
BAD 223393003201
BAD 223440736039
BAD 223422322183
BAD 223422355711
BAD 223422355729
BAD 223422355733
BAD 223662445849
BAD 223662571373
BAD 223662571381
BAD 223662631243
BAD 223662631333
BAD 223394232773
BAD 223394450399
BAD 223394450401
BAD 223442036183
BAD 223663302703
BAD 223395070939
BAD 223395529087
BAD 223664683519
BAD 223444178071
BAD 223444524937
BAD 223397070739
BAD 223397540929
BAD 223445074717
BAD 223445098579
BAD 223666536421
BAD 223666536427
BAD 223666536451
BAD 223398211753
BAD 223445744911
BAD 223445744917
BAD 223445926861
BAD 223667269459
BAD 223398864049
BAD 223398864053
BAD 223398864061
BAD 223446660029
BAD 223446944593
BAD 223399417873
BAD 223399417897
BAD 223399417909
BAD 223447735561
BAD 223400433877
BAD 223669726627
BAD 223669726633
BAD 223448352107
BAD 223448352109
BAD 223448688083
BAD 223670483221
BAD 223450169461
BAD 223450227773
BAD 223450316407
BAD 223450576199
BAD 223450623269
BAD 223402852997
BAD 223402852999
BAD 223450685963
BAD 223450685977
BAD 223450805657
BAD 223450824931
BAD 223672319491
BAD 223672319527
BAD 223451561363
BAD 223404324833
BAD 223404409171
BAD 223404892057
BAD 223404892069
BAD 223404907651
BAD 223454032709
BAD 223454960413
BAD 223489992731
BAD 223490461399
BAD 223490580031
BAD 223490817569
BAD 223490923321
BAD 223490923343
BAD 223491200371
BAD 223491316201
BAD 223507461841
BAD 223491778613
BAD 223492042237
BAD 223477147567
BAD 223492611217
BAD 223493208481
BAD 223477783283
BAD 223493934211
BAD 223509086293
BAD 223494461059
BAD 223478989753
BAD 223509475933
BAD 223494843853
BAD 223509885961
BAD 223510196069
BAD 223510196071
BAD 223481112661
BAD 223481114431
BAD 223481278123
BAD 223481278151
BAD 223511208259
BAD 223482267083
BAD 223511806333
BAD 223512051773
BAD 223483333783
BAD 223483333789
BAD 223483333793
BAD 223512947039
BAD 223512947041
BAD 223483830553
BAD 223513379213
BAD 223484419069
BAD 223484419073
BAD 223513899619
BAD 223514007023
BAD 223485536671
BAD 223514513113
BAD 223495384163
BAD 223495429657
BAD 223514975773
BAD 223515059059
BAD 223495962881
BAD 223495962883
BAD 223607115517
BAD 223607115527
BAD 223607115533
BAD 223607385349
BAD 223607566447
BAD 223496835559
BAD 223496835563
BAD 223486883681
BAD 223486883701
BAD 223486883707
BAD 223487077609
BAD 223487077613
BAD 223487278057
BAD 223608341041
BAD 223608656333
BAD 223487793083
BAD 223609019749
BAD 223487871319
BAD 223488337801
BAD 223498936699
BAD 223499024269
BAD 223499024387
BAD 223499024389
BAD 223499024521
BAD 223499024527
BAD 223499024533
BAD 223499024537
BAD 223518368063
BAD 223499263759
BAD 223500078499
BAD 223519505123
BAD 223489576399
BAD 223489576403
BAD 223500794513
BAD 223500838999
BAD 223501437121
BAD 223612804097
BAD 223612857997
BAD 223501780823
BAD 223501780829
BAD 223520988737
BAD 223502116141
BAD 223502116147
BAD 223502116157
BAD 223691185141
BAD 223691539403
BAD 223521499343
BAD 223521663973
BAD 223521663977
BAD 223521663979
BAD 223692114859
BAD 223692114871
BAD 223522174399
BAD 223692884759
BAD 223692884761
BAD 223692893849
BAD 223504225507
BAD 223693477417
BAD 223504397881
BAD 223615864279
BAD 223615944557
BAD 223693998037
BAD 223505122931
BAD 223505122933
BAD 223694263621
BAD 223694440709
BAD 223505954533
BAD 223617411053
BAD 223617670219
BAD 223540055077
BAD 223676766919
BAD 223696145989
BAD 223696181479
BAD 223696181483
BAD 223676887411
BAD 223618984223
BAD 223618984229
BAD 223696811887
BAD 223540938503
BAD 223619297203
BAD 223619297207
BAD 223541208463
BAD 223619462267
BAD 223697545033
BAD 223697545039
BAD 223573874501
BAD 223698134123
BAD 223698217021
BAD 223620133493
BAD 223574586797
BAD 223542712123
BAD 223574586799
BAD 223620154103
BAD 223620154111
BAD 223574731103
BAD 223698471053
BAD 223698559309
BAD 223543509823
BAD 223543509829
BAD 223575321337
BAD 223621082327
BAD 223621082329
BAD 223543700297
BAD 223543700299
BAD 223679646691
BAD 223679646703
BAD 223621687073
BAD 223621687087
BAD 223621712543
BAD 223680103123
BAD 223622011231
BAD 223622011237
BAD 223680297703
BAD 223700410831
BAD 223700633491
BAD 223590576721
BAD 223590711373
BAD 223590711403
BAD 223680771113
BAD 223577594557
BAD 223701204707
BAD 223623702461
BAD 223680771133
BAD 223641342721
BAD 223701204709
BAD 223680771143
BAD 223623702481
BAD 223680771151
BAD 223623702493
BAD 223623702559
BAD 223623702563
BAD 223701250237
BAD 223545834383
BAD 223590954739
BAD 223590954799
BAD 223591287853
BAD 223642088759
BAD 223702213489
BAD 223591652629
BAD 223591652651
BAD 223591652653
BAD 223591652657
BAD 223681511029
BAD 223681572953
BAD 223578905663
BAD 223578945103
BAD 223702941263
BAD 223702941271
BAD 223624000471
BAD 223523397413
BAD 223579420963
BAD 223702941277
BAD 223547551727
BAD 223682158331
BAD 223643934443
BAD 223708372973
BAD 223547551729
BAD 223556862341
BAD 223682158333
BAD 223556862343
BAD 223682158339
BAD 223556862349
BAD 223708384463
BAD 223682190203
BAD 223708596967
BAD 223703248177
BAD 223523623853
BAD 223523623859
BAD 223523623861
BAD 223708738837
BAD 223579967183
BAD 223708794053
BAD 223708794097
BAD 223682706659
BAD 223682706661
BAD 223592261227
BAD 223580131241
BAD 223523815849
BAD 223592378777
BAD 223624856569
BAD 223709087857
BAD 223592378797
BAD 223548391823
BAD 223709087881
BAD 223580337053
BAD 223580337067
BAD 223644893083
BAD 223644893089
BAD 223683130907
BAD 223683130921
BAD 223683130933
BAD 223548548291
BAD 223548548303
BAD 223548548329
BAD 223625239267
BAD 223645367443
BAD 223592959763
BAD 223592959771
BAD 223709644283
BAD 223593394373
BAD 223683940289
BAD 223683940303
BAD 223710221701
BAD 223710221783
BAD 223710221789
BAD 223549663559
BAD 223549663567
BAD 223558970797
BAD 223549744261
BAD 223593756713
BAD 223646623201
BAD 223526008073
BAD 223684286521
BAD 223706183821
BAD 223626115343
BAD 223710306047
BAD 223684286543
BAD 223526008081
BAD 223526093341
BAD 223526093347
BAD 223710306049
BAD 223559061503
BAD 223559061511
BAD 223559061547
BAD 223684438951
BAD 223684438961
BAD 223684438963
BAD 223684438969
BAD 223684438973
BAD 223684438987
BAD 223626501409
BAD 223526382679
BAD 223526382691
BAD 223526382743
BAD 223526382749
BAD 223626653233
BAD 223526824819
BAD 223710849577
BAD 223594765939
BAD 223685656063
BAD 223594765943
BAD 223707086821
BAD 223550788849
BAD 223594765951
BAD 223559996081
BAD 223559996089
BAD 223648098649
BAD 223594924621
BAD 223627336199
BAD 223627336201
BAD 223711001473
BAD 223711001477
BAD 223551104477
BAD 223551104479
BAD 223686089597
BAD 223627556101
BAD 223560413309
BAD 223560413311
BAD 223595374201
BAD 223595374237
BAD 223595374243
BAD 223711437647
BAD 223527653621
BAD 223527653623
BAD 223551751903
BAD 223551751909
BAD 223551751967
BAD 223581469861
BAD 223596088501
BAD 223552216949
BAD 223712169397
BAD 223649364023
BAD 223628119907
BAD 223649380051
BAD 223649385373
BAD 223687141849
BAD 223552725023
BAD 223582029347
BAD 223582029353
BAD 223582029361
BAD 223582029367
BAD 223650079043
BAD 223596768001
BAD 223650224363
BAD 223528810097
BAD 223582453571
BAD 223582453573
BAD 223582453579
BAD 223582713157
BAD 223650777073
BAD 223688528093
BAD 223650931481
BAD 223529493739
BAD 223529735413
BAD 223583363207
BAD 223529776891
BAD 223529776979
BAD 223563026903
BAD 223553288269
BAD 223630139209
BAD 223630139221
BAD 223714885843
BAD 223598247031
BAD 223630748389
BAD 223715690047
BAD 223690051859
BAD 223690051861
BAD 223554006721
BAD 223584528707
BAD 223584586597
BAD 223584586601
BAD 223584586613
BAD 223584586627
BAD 223690681567
BAD 223599687977
BAD 223599687979
BAD 223554700157
BAD 223554700217
BAD 223554700219
BAD 223554700223
BAD 223554700253
BAD 223599825919
BAD 223599825923
BAD 223716846503
BAD 223653655403
BAD 223653655417
BAD 223585666399
BAD 223585804529
BAD 223532862109
BAD 223717435933
BAD 223565349131
BAD 223717435937
BAD 223654464127
BAD 223601455229
BAD 223717435939
BAD 223533026623
BAD 223717650389
BAD 223633368943
BAD 223602219793
BAD 223602219803
BAD 223565881939
BAD 223565881943
BAD 223655287621
BAD 223655340637
BAD 223655340641
BAD 223565960573
BAD 223655468093
BAD 223586951461
BAD 223586977903
BAD 223586977909
BAD 223533947627
BAD 223655854141
BAD 223534228013
BAD 223655897161
BAD 223634192569
BAD 223719129119
BAD 223587854401
BAD 223603489013
BAD 223603578217
BAD 223656315683
BAD 223635737863
BAD 223719458219
BAD 223535745343
BAD 223589367383
BAD 223635737869
BAD 223535745431
BAD 223603578221
BAD 223603578229
BAD 223567131409
BAD 223589393431
BAD 223589393459
BAD 223719602983
BAD 223719602987
BAD 223719602989
BAD 223603699303
BAD 223603699411
BAD 223536152041
BAD 223636046903
BAD 223567718119
BAD 223720154269
BAD 223657379431
BAD 223604839439
BAD 223604839441
BAD 223636963513
BAD 223569190003
BAD 223537480853
BAD 223721205233
BAD 223721311453
BAD 223721311459
BAD 223569459731
BAD 223637266859
BAD 223637266861
BAD 223537953943
BAD 223538102101
BAD 223538102107
BAD 223570015127
BAD 223538369143
BAD 223538369147
BAD 223538369149
BAD 223570384091
BAD 223538796571
BAD 223722212563
BAD 223638398471
BAD 223722523333
BAD 223722523337
BAD 223571965951
BAD 223571979229
BAD 223571979233
BAD 223572666901
BAD 223640066347
BAD 223573279429
BAD 223723976587
BAD 223724054509
BAD 223724054513
BAD 223724054557
BAD 223724691329
BAD 223724691331
BAD 223726054459
BAD 223726352467
BAD 223726352539
BAD 223727022023
BAD 223727176943
BAD 223729051067
BAD 223729651973
BAD 223730593253
BAD 223730593259
BAD 223730804317
BAD 223731198347
BAD 223731261139
BAD 223732597021
BAD 223732760903
BAD 223734944789
BAD 223734944791
BAD 223734944801
BAD 223734944803
BAD 223737063967
BAD 223737063973
BAD 223737193543
BAD 223738164011
BAD 223738939883
BAD 223738939889
BAD 223738939891
BAD 223739367799
BAD 223739588587
BAD 223739588591
BAD 223739588593
BAD 223739588627
BAD 223739588629
BAD 223739990093
BAD 223739990099
BAD 223740769787
BAD 223740769789
BAD 223740845659
BAD 223759625927
BAD 223760146583
BAD 223760464327
BAD 223761609689
BAD 223761609691
BAD 223762145359
BAD 223762335977
BAD 223762335983
BAD 223762336043
BAD 223762530919
BAD 223762984759
BAD 223762984763
BAD 223763844043
BAD 223764187193
BAD 223764187217
BAD 223764735433
BAD 223764735437
BAD 223765136281
BAD 223765988143
BAD 223766013043
BAD 223766013049
BAD 223766013059
BAD 223767061303
BAD 223767722221
BAD 223768583641
BAD 223769256721
BAD 223769898511
BAD 223741559389
BAD 223771835587
BAD 223741972429
BAD 223772080019
BAD 223772382019
BAD 223772826763
BAD 223772826799
BAD 223772826811
BAD 223743066193
BAD 223773215101
BAD 223773624359
BAD 223773624367
BAD 223774041443
BAD 223774041461
BAD 223744148197
BAD 223774652873
BAD 223774652887
BAD 223744940569
BAD 223745828759
BAD 223746223243
BAD 223746528157
BAD 223747329529
BAD 223747602409
BAD 223747602413
BAD 223749727687
BAD 223750462619
BAD 223750796701
BAD 223751200111
BAD 223752172939
BAD 223752873181
BAD 223754058919
BAD 223755818311
BAD 223756187311
BAD 223756825403
BAD 223757110403
BAD 223757126323
BAD 223792089013
BAD 223792089049
BAD 223792325623
BAD 223792867399
BAD 223792991341
BAD 223792991347
BAD 223793508941
BAD 223793597791
BAD 223793603041
BAD 223794362461
BAD 223795098781
BAD 223795928893
BAD 223795928897
BAD 223795955423
BAD 223797807271
BAD 223797985951
BAD 223798116869
BAD 223798147291
BAD 223798708457
BAD 223798847603
BAD 223798847641
BAD 223798847653
BAD 223809507683
BAD 223809507689
BAD 223809586513
BAD 223809801583
BAD 223810227743
BAD 223810292569
BAD 223810474487
BAD 223810533707
BAD 223810621147
BAD 223810634563
BAD 223810720883
BAD 223810720981
BAD 223813847927
BAD 223799453887
BAD 223799667001
BAD 223800679469
BAD 223800679471
BAD 223800947971
BAD 223801135253
BAD 223802236687
BAD 223802236717
BAD 223802236733
BAD 223802236739
BAD 223802511307
BAD 223804054609
BAD 223814166593
BAD 223814289899
BAD 223814289901
BAD 223814634713
BAD 223816146751
BAD 223816754101
BAD 223817032279
BAD 223817699489
BAD 223817699491
BAD 223819459141
BAD 223819745251
BAD 223805334301
BAD 223805544829
BAD 223806600713
BAD 223806687661
BAD 223807619881
BAD 223808249881
BAD 223821451583
BAD 223822503349
BAD 223822810369
BAD 223823474599
BAD 223824132289
BAD 223824884761
BAD 223875911689
BAD 223875946403
BAD 223876989001
BAD 223877185681
BAD 223877479561
BAD 223879474477
BAD 223879526993
BAD 223879620113
BAD 223880031121
BAD 223880031173
BAD 223880157679
BAD 223880492933
BAD 223880492939
BAD 223880617267
BAD 223880617271
BAD 223882610251
BAD 223882639163
BAD 223882822369
BAD 223882822381
BAD 223883051533
BAD 223842670927
BAD 223842794449
BAD 223842794467
BAD 223842794491
BAD 223843018799
BAD 223843167389
BAD 223843428253
BAD 223843428271
BAD 223843428383
BAD 223843609783
BAD 223843609789
BAD 223843609793
BAD 223843939261
BAD 223844897933
BAD 223846135213
BAD 223847060419
BAD 223884850351
BAD 223885545833
BAD 223885545883
BAD 223848209779
BAD 223848209807
BAD 223848209831
BAD 223848209833
BAD 223886360149
BAD 223886360153
BAD 223849290521
BAD 223849423201
BAD 223887733087
BAD 223887733093
BAD 223850017913
BAD 223850166473
BAD 223850514037
BAD 223888412039
BAD 223888464473
BAD 223850697143
BAD 223850697149
BAD 223850697151
BAD 223850697157
BAD 223850976163
BAD 223851036067
BAD 223851036083
BAD 223851036091
BAD 223889203861
BAD 223889245981
BAD 223851351433
BAD 223852286477
BAD 223852286479
BAD 223853765753
BAD 223853765761
BAD 223854366143
BAD 223854761257
BAD 223854761269
BAD 223855600711
BAD 223891739791
BAD 223891744339
BAD 223892015597
BAD 223909180171
BAD 223909421389
BAD 223909421413
BAD 223825759699
BAD 223827582841
BAD 223911071947
BAD 223911071953
BAD 223911478579
BAD 223828929673
BAD 223829155247
BAD 223829598953
BAD 223912832519
BAD 223912832527
BAD 223912998461
BAD 223913152391
BAD 223913467079
BAD 223913467081
BAD 223913467133
BAD 223913505587
BAD 223913505589
BAD 223913505601
BAD 223831230533
BAD 223914197093
BAD 223914197099
BAD 223831537159
BAD 223831842407
BAD 223914713179
BAD 223914910979
BAD 223914910981
BAD 223915018519
BAD 223915018529
BAD 223915018531
BAD 223915393313
BAD 223915393321
BAD 223916504863
BAD 223775533789
BAD 223775869241
BAD 223776050539
BAD 223776050543
BAD 223917865709
BAD 223917865711
BAD 223776699863
BAD 223776699869
BAD 223776699871
BAD 223777117813
BAD 223777475029
BAD 223777531897
BAD 223777531909
BAD 223918902139
BAD 223918902149
BAD 223832207341
BAD 223832510833
BAD 223832739421
BAD 223833290917
BAD 223834210177
BAD 223779391189
BAD 223858993103
BAD 223834812367
BAD 223859098399
BAD 223859340647
BAD 223780051409
BAD 223859734841
BAD 223859734843
BAD 223860028027
BAD 223835807011
BAD 223835807017
BAD 223835807021
BAD 223860304249
BAD 223860304253
BAD 223836514823
BAD 223836670517
BAD 223861078183
BAD 223861078187
BAD 223861591813
BAD 223781833771
BAD 223782067207
BAD 223782148223
BAD 223782583111
BAD 223862469329
BAD 223862469331
BAD 223782789053
BAD 223919332237
BAD 223919649743
BAD 223863484927
BAD 223919865293
BAD 223783754123
BAD 223783979803
BAD 223920724231
BAD 223921178693
BAD 223921372489
BAD 223921415873
BAD 223921765999
BAD 223921838009
BAD 223865130631
BAD 223785889451
BAD 223786013747
BAD 223786013749
BAD 223786086317
BAD 223786086319
BAD 223786086323
BAD 223786126351
BAD 223786203481
BAD 223924109753
BAD 223865588521
BAD 223786784861
BAD 223786784863
BAD 223839711883
BAD 223839711889
BAD 223787690629
BAD 223787826841
BAD 223841190919
BAD 223841501509
BAD 223992992039
BAD 223869455837
BAD 223869455839
BAD 223789270403
BAD 223993572433
BAD 223869908323
BAD 223925258177
BAD 223790123423
BAD 223925321153
BAD 223995819833
BAD 224044729003
BAD 224044729009
BAD 224044729057
BAD 224044844437
BAD 223790988541
BAD 224044981423
BAD 223791076973
BAD 224045033293
BAD 224045033297
BAD 223870550833
BAD 223997301533
BAD 223997644033
BAD 223997766841
BAD 224046399053
BAD 224046399061
BAD 224046472567
BAD 224047195781
BAD 223872452207
BAD 223872452213
BAD 223999176773
BAD 223999772209
BAD 223874014783
BAD 223874196283
BAD 223874196289
BAD 224050513523
BAD 224051043691
BAD 223927797427
BAD 223927797433
BAD 223927865011
BAD 224051318581
BAD 223928240537
BAD 223928240539
BAD 224003338333
BAD 223928333903
BAD 223928532593
BAD 223928532721
BAD 224052023233
BAD 224004029033
BAD 224004370489
BAD 224004370493
BAD 224004540127
BAD 224004690121
BAD 224052502309
BAD 224052502313
BAD 224004971881
BAD 224004971887
BAD 224004971899
BAD 224052603667
BAD 223929736879
BAD 224005840343
BAD 224006121763
BAD 224006121767
BAD 224006121769
BAD 223930237253
BAD 223930237261
BAD 224006898683
BAD 223930391623
BAD 223930391627
BAD 223930619063
BAD 223930971169
BAD 224007963869
BAD 223930971179
BAD 224007963871
BAD 223930971181
BAD 224007963887
BAD 224008248949
BAD 224008248953
BAD 224008493617
BAD 224008965463
BAD 223931533649
BAD 224055400669
BAD 224055852829
BAD 224056312583
BAD 224056312591
BAD 223933439809
BAD 224057384129
BAD 224057845339
BAD 224057845343
BAD 224057845351
BAD 224057845357
BAD 223934982013
BAD 223935104473
BAD 223935225439
BAD 223935225469
BAD 224093787583
BAD 224093844757
BAD 223935654557
BAD 224058615973
BAD 223959593213
BAD 224095037041
BAD 224059026497
BAD 223936026661
BAD 223936175711
BAD 223936175713
BAD 223936175717
BAD 223936175719
BAD 223943807257
BAD 223943807267
BAD 223943807281
BAD 223943807291
BAD 223960674481
BAD 223960674493
BAD 224059782721
BAD 223943898091
BAD 223944019801
BAD 223944019807
BAD 223961301373
BAD 223944740101
BAD 223937647589
BAD 223937647631
BAD 223937647643
BAD 223945445183
BAD 223962069997
BAD 223962070027
BAD 223938171043
BAD 223938171053
BAD 224098246861
BAD 223939460137
BAD 223962571681
BAD 223946309887
BAD 223939617851
BAD 224111085277
BAD 224111085287
BAD 223946777287
BAD 223946777293
BAD 224111211733
BAD 224111211739
BAD 223962923203
BAD 224111254799
BAD 224111324869
BAD 223947178061
BAD 223963152067
BAD 223947344017
BAD 223947502637
BAD 224099124047
BAD 224099124049
BAD 223963468073
BAD 223963823011
BAD 223948198223
BAD 223948198231
BAD 223948359751
BAD 223948489463
BAD 223941209059
BAD 223964634787
BAD 223941824801
BAD 223941881341
BAD 223964817299
BAD 224115721133
BAD 224060711389
BAD 224102222017
BAD 223964817301
BAD 224060711393
BAD 223949842189
BAD 224010138907
BAD 224102222021
BAD 223949842199
BAD 224102222023
BAD 223949842201
BAD 224115873721
BAD 224077683143
BAD 224116254679
BAD 224102665439
BAD 224102665441
BAD 223965299339
BAD 223965299347
BAD 224102700271
BAD 223950361939
BAD 224078209249
BAD 224078209253
BAD 224102769133
BAD 224102769139
BAD 224078455519
BAD 223950496073
BAD 224116804801
BAD 224061791123
BAD 224010854803
BAD 224078610023
BAD 223942530979
BAD 224103034423
BAD 224063353963
BAD 224011042531
BAD 224117999761
BAD 223942530983
BAD 224063353967
BAD 223950950449
BAD 223976962199
BAD 223942531027
BAD 223976962201
BAD 223950950471
BAD 224011158929
BAD 223966718317
BAD 223892444101
BAD 223892559661
BAD 223977348629
BAD 223977348631
BAD 223977421651
BAD 224103503011
BAD 224103503023
BAD 224103503027
BAD 224118267953
BAD 224118382909
BAD 223977843101
BAD 224079626983
BAD 224079644303
BAD 223893475891
BAD 223893515233
BAD 223893515239
BAD 224104935631
BAD 224080743811
BAD 224119440739
BAD 223952243413
BAD 223978689719
BAD 224013850043
BAD 224064334957
BAD 223978689721
BAD 224081038613
BAD 224014225247
BAD 224014225249
BAD 224105447509
BAD 224081343071
BAD 224081343089
BAD 224081343091
BAD 224064794147
BAD 224064916189
BAD 224064916193
BAD 224120196511
BAD 223894201649
BAD 223894201651
BAD 224081991151
BAD 223894249613
BAD 224082155159
BAD 224082155161
BAD 223967889389
BAD 223967889391
BAD 223967934871
BAD 223954177147
BAD 224015459581
BAD 223954822339
BAD 224107257743
BAD 223895645047
BAD 224083411967
BAD 223968154651
BAD 223980999509
BAD 224067141847
BAD 224083411999
BAD 224027068103
BAD 223980999511
BAD 224027068129
BAD 224067189991
BAD 223954903973
BAD 223981116503
BAD 223954940723
BAD 224067264439
BAD 224067264451
BAD 223981146439
BAD 223981146443
BAD 224083588933
BAD 224107464419
BAD 224107464421
BAD 223895973163
BAD 224027388379
BAD 224027388383
BAD 224067486449
BAD 224067486451
BAD 223896121081
BAD 224107750981
BAD 223896262763
BAD 223955666153
BAD 223981790759
BAD 223968901531
BAD 224121907049
BAD 224067802877
BAD 223981790761
BAD 224107874843
BAD 224085153781
BAD 224067802879
BAD 224027685253
BAD 224108113301
BAD 224108113303
BAD 224085382373
BAD 223969190089
BAD 224108306159
BAD 224108306161
BAD 224122570853
BAD 224085778249
BAD 224085778253
BAD 224085778261
BAD 224085843533
BAD 224085929869
BAD 224108795179
BAD 224108795243
BAD 224123070739
BAD 224109010109
BAD 224028622801
BAD 224109102457
BAD 223969614829
BAD 224086774837
BAD 224029086943
BAD 223898535001
BAD 223957278499
BAD 223970507617
BAD 224109960131
BAD 223983477079
BAD 224069448023
BAD 224109960133
BAD 224123565019
BAD 223970738377
BAD 224029222693
BAD 224070056239
BAD 223899088123
BAD 224070215507
BAD 224070215543
BAD 224015854219
BAD 223958174837
BAD 223971353951
BAD 223971353953
BAD 223971402383
BAD 224070801061
BAD 224070801077
BAD 224070801079
BAD 223958663717
BAD 223958663723
BAD 224070912139
BAD 223958757353
BAD 223971920413
BAD 223971920539
BAD 223971920551
BAD 223971975259
BAD 224089685143
BAD 223959155699
BAD 224071716109
BAD 223959155701
BAD 224016483953
BAD 223900309231
BAD 223985475761
BAD 224125465523
BAD 224031550681
BAD 223971975263
BAD 224125465583
BAD 223900309277
BAD 223971975277
BAD 224016587317
BAD 224125708463
BAD 223900590019
BAD 224090073841
BAD 224125843717
BAD 223900665943
BAD 224125873141
BAD 224125990643
BAD 223972643077
BAD 223959371123
BAD 224090429209
BAD 224072444951
BAD 224126173043
BAD 223986218117
BAD 223986218119
BAD 223986218123
BAD 223973282263
BAD 223901651693
BAD 224032834121
BAD 224091465971
BAD 224018351807
BAD 224073706433
BAD 223901710801
BAD 223973339599
BAD 224091629183
BAD 224091629207
BAD 224091629221
BAD 224091629227
BAD 224073992183
BAD 224073992189
BAD 224018723701
BAD 224018723743
BAD 223902020767
BAD 224074460809
BAD 224019183071
BAD 224019183077
BAD 224019183079
BAD 224074778273
BAD 224074778311
BAD 224074803541
BAD 223988241629
BAD 223988241649
BAD 224075542819
BAD 223903290113
BAD 223903290119
BAD 223903290131
BAD 224093074003
BAD 224093139637
BAD 224076107363
BAD 224076107389
BAD 224076107393
BAD 224076107401
BAD 223989196033
BAD 223975513901
BAD 223975513919
BAD 223975513921
BAD 224035414793
BAD 224035484767
BAD 224035484789
BAD 224020605353
BAD 224020605359
BAD 223990109053
BAD 223905475081
BAD 224020866793
BAD 224036627123
BAD 224036627131
BAD 223905889243
BAD 223905960689
BAD 223906348657
BAD 223906357193
BAD 224037987773
BAD 224038333973
BAD 223907352043
BAD 223907719103
BAD 223907719109
BAD 223907719111
BAD 223992928849
BAD 223907868713
BAD 224038946869
BAD 223908000817
BAD 223908069467
BAD 223908094913
BAD 224039514247
BAD 224039514271
BAD 224039543053
BAD 224022767459
BAD 224022767461
BAD 224039741573
BAD 224039806201
BAD 224039822777
BAD 224039822779
BAD 224023447321
BAD 224023447343
BAD 224040898729
BAD 224023644563
BAD 224023644661
BAD 224024084213
BAD 224042287849
BAD 224042315593
BAD 224042390423
BAD 224042558149
BAD 224042558161
BAD 224042930131
BAD 224025772309
BAD 224145879983
BAD 224146458353
BAD 224146458359
BAD 224146458383
BAD 224147283901
BAD 224147283907
BAD 224147410063
BAD 224148376393
BAD 224148376453
BAD 224148376457
BAD 224148376481
BAD 224148376483
BAD 224148557911
BAD 224150363389
BAD 224150363453
BAD 224151357533
BAD 224161246159
BAD 224161246163
BAD 224161394693
BAD 224152375763
BAD 224152465921
BAD 224162212913
BAD 224162234917
BAD 224153269819
BAD 224163261929
BAD 224153742739
BAD 224153935729
BAD 224153935741
BAD 224154759781
BAD 224154759953
BAD 224165083697
BAD 224165083699
BAD 224155418393
BAD 224155509241
BAD 224157241843
BAD 224158248373
BAD 224158274969
BAD 224158274971
BAD 224158517213
BAD 224128594021
BAD 224166365443
BAD 224166365453
BAD 224166384301
BAD 224166639911
BAD 224166639979
BAD 224128886243
BAD 224166907009
BAD 224167534463
BAD 224167552709
BAD 224167552711
BAD 224167735469
BAD 224167735471
BAD 224167735483
BAD 224168200051
BAD 224130110641
BAD 224168301989
BAD 224168302003
BAD 224168380549
BAD 224169068807
BAD 224169074279
BAD 224169074281
BAD 224131141307
BAD 224131275293
BAD 224160249043
BAD 224131275299
BAD 224131275301
BAD 224131275307
BAD 224131275409
BAD 224131426957
BAD 224131426963
BAD 224131426969
BAD 224131578421
BAD 224131670143
BAD 224131853321
BAD 224131906249
BAD 224169303613
BAD 224169323099
BAD 224169323101
BAD 224132014573
BAD 224132014591
BAD 224169894679
BAD 224169894691
BAD 224170212743
BAD 224132910241
BAD 224132933903
BAD 224133440291
BAD 224133440317
BAD 224133584707
BAD 224133584711
BAD 224133584713
BAD 224171282311
BAD 224134088293
BAD 224134088317
BAD 224171890741
BAD 224134390099
BAD 224134463327
BAD 224134581427
BAD 224134581457
BAD 224172923417
BAD 224172923419
BAD 224172923431
BAD 224172923441
BAD 224173465013
BAD 224173935787
BAD 224174098013
BAD 224136107191
BAD 224174640271
BAD 224175116779
BAD 224175326071
BAD 224175731677
BAD 224176309913
BAD 224176309943
BAD 224176310053
BAD 224176475821
BAD 224177152163
BAD 224136697051
BAD 224139092767
BAD 224139268699
BAD 224139681697
BAD 224140589441
BAD 224140616809
BAD 224140616813
BAD 224140942939
BAD 224140942943
BAD 224141933347
BAD 224142830347
BAD 224143060571
BAD 224177778373
BAD 224194559867
BAD 224194808647
BAD 224194808653
BAD 224178590851
BAD 224178590863
BAD 224179010879
BAD 224195489801
BAD 224195489803
BAD 224179431089
BAD 224179431127
BAD 224179431131
BAD 224196192469
BAD 224196881761
BAD 224196898361
BAD 224197116259
BAD 224197116263
BAD 224197324987
BAD 224180642137
BAD 224198522701
BAD 224198522707
BAD 224182169723
BAD 224198773339
BAD 224182988779
BAD 224199904283
BAD 224184870829
BAD 224201875399
BAD 224187885227
BAD 224202482599
BAD 224202600617
BAD 224202600619
BAD 224202600623
BAD 224188285381
BAD 224202944689
BAD 224203336003
BAD 224203336043
BAD 224203336057
BAD 224189272493
BAD 224190101819
BAD 224204224763
BAD 224190348757
BAD 224190469729
BAD 224190725839
BAD 224190725851
BAD 224205094483
BAD 224190981799
BAD 224205161857
BAD 224190981803
BAD 224190981811
BAD 224191069327
BAD 224191069351
BAD 224191069471
BAD 224191174663
BAD 224191509767
BAD 224191509769
BAD 224205832733
BAD 224193019291
BAD 224193369781
BAD 224193454351
BAD 224193720613
BAD 224228654963
BAD 224228654971
BAD 224206714909
BAD 224229927919
BAD 224229927931
BAD 224230309333
BAD 224230598821
BAD 224232058159
BAD 224232058163
BAD 224232309199
BAD 224232422131
BAD 224232422137
BAD 224209827067
BAD 224210663113
BAD 224210683573
BAD 224210683577
BAD 224210683579
BAD 224210683583
BAD 224210683589
BAD 224210683591
BAD 224233967821
BAD 224234794691
BAD 224235028057
BAD 224235253399
BAD 224235664717
BAD 224235827843
BAD 224235827869
BAD 224235827873
BAD 224236800199
BAD 224236800217
BAD 224236950803
BAD 224236950809
BAD 224236950811
BAD 224237229883
BAD 224237570077
BAD 224237589679
BAD 224237593163
BAD 224240166851
BAD 224240294569
BAD 224240994829
BAD 224240994853
BAD 224241142921
BAD 224241235979
BAD 224241948991
BAD 224242847293
BAD 224243489111
BAD 224244585469
BAD 224244585479
BAD 224244585491
BAD 224244585493
BAD 224211512873
BAD 224211512909
BAD 224212091783
BAD 224213000071
BAD 224213000083
BAD 224213176163
BAD 224213243161
BAD 224213439953
BAD 224213526773
BAD 224213526791
BAD 224213526793
BAD 224214475997
BAD 224214476029
BAD 224217274777
BAD 224217430153
BAD 224217430159
BAD 224217550369
BAD 224217550429
BAD 224217552919
BAD 224218081201
BAD 224218081207
BAD 224218081211
BAD 224220380107
BAD 224220380113
BAD 224220510233
BAD 224220790543
BAD 224221056193
BAD 224223016189
BAD 224225138857
BAD 224225145451
BAD 224225145457
BAD 224225170597
BAD 224225170601
BAD 224225841061
BAD 224226258983
BAD 224226915863
BAD 224226915883
BAD 224226915901
BAD 224312847013
BAD 224313126001
BAD 224313364217
BAD 224346292543
BAD 224346546293
BAD 224316561121
BAD 224316614129
BAD 224316614131
BAD 224348132387
BAD 224348132389
BAD 224317255009
BAD 224317283893
BAD 224317362827
BAD 224317719739
BAD 224317762943
BAD 224317880477
BAD 224349077443
BAD 224318542247
BAD 224318542249
BAD 224349534139
BAD 224319195901
BAD 224319376051
BAD 224319562417
BAD 224320078967
BAD 224351273791
BAD 224351708297
BAD 224351708299
BAD 224320903909
BAD 224351912777
BAD 224351912803
BAD 224354664773
BAD 224354664803
BAD 224354830633
BAD 224321134853
BAD 224295175939
BAD 224295214069
BAD 224295451213
BAD 224295451217
BAD 224295451223
BAD 224323853203
BAD 224296027777
BAD 224296027783
BAD 224296753673
BAD 224297747299
BAD 224356530413
BAD 224356530421
BAD 224356530427
BAD 224356684843
BAD 224356706369
BAD 224356706383
BAD 224356706393
BAD 224356706401
BAD 224357372933
BAD 224357423309
BAD 224298986783
BAD 224299193513
BAD 224299193581
BAD 224299547653
BAD 224358134947
BAD 224299999951
BAD 224300021359
BAD 224300752189
BAD 224359607911
BAD 224301947393
BAD 224301947399
BAD 224324099371
BAD 224381259211
BAD 224324855899
BAD 224381799623
BAD 224382267763
BAD 224382502093
BAD 224305007599
BAD 224305007603
BAD 224382919853
BAD 224382999383
BAD 224382999419
BAD 224305130989
BAD 224305131031
BAD 224326057877
BAD 224326983259
BAD 224326983299
BAD 224326983313
BAD 224326983319
BAD 224306320201
BAD 224327487031
BAD 224384404703
BAD 224306968103
BAD 224327867791
BAD 224413110979
BAD 224361287011
BAD 224385402499
BAD 224413110991
BAD 224307853069
BAD 224361494573
BAD 224361494579
BAD 224262263591
BAD 224361794417
BAD 224262821119
BAD 224414063663
BAD 224386547963
BAD 224386547977
BAD 224414235391
BAD 224414235413
BAD 224414235491
BAD 224386647193
BAD 224414312557
BAD 224414312561
BAD 224414312569
BAD 224414312611
BAD 224309056567
BAD 224309056639
BAD 224263461743
BAD 224414807231
BAD 224414807233
BAD 224414807237
BAD 224387279503
BAD 224328537833
BAD 224415153691
BAD 224328972743
BAD 224329259519
BAD 224388051991
BAD 224415592813
BAD 224329259521
BAD 224328267817
BAD 224264061323
BAD 224415592831
BAD 224415592837
BAD 224329303141
BAD 224388103369
BAD 224328349681
BAD 224388257089
BAD 224388257099
BAD 224388257101
BAD 224388285229
BAD 224310400843
BAD 224264283097
BAD 224264283107
BAD 224388532297
BAD 224388582133
BAD 224388586993
BAD 224330227339
BAD 224311487063
BAD 224416766323
BAD 224389436723
BAD 224330919271
BAD 224330919283
BAD 224417268577
BAD 224390021293
BAD 224265968203
BAD 224417861251
BAD 224390433893
BAD 224331898267
BAD 224390433907
BAD 224331898291
BAD 224332091551
BAD 224332091561
BAD 224266614751
BAD 224266614757
BAD 224391024107
BAD 224332886927
BAD 224332886929
BAD 224332886933
BAD 224391664303
BAD 224481466949
BAD 224391718339
BAD 224481673943
BAD 224481673957
BAD 224481881681
BAD 224481881683
BAD 224481881693
BAD 224333170387
BAD 224333170393
BAD 224482343479
BAD 224482343483
BAD 224482492867
BAD 224482492877
BAD 224482492879
BAD 224267816611
BAD 224392822021
BAD 224421161233
BAD 224483384443
BAD 224393687927
BAD 224333986673
BAD 224393687941
BAD 224268188077
BAD 224333986997
BAD 224333986999
BAD 224421341983
BAD 224421341993
BAD 224268460519
BAD 224268608191
BAD 224484260113
BAD 224484295117
BAD 224422057819
BAD 224422057859
BAD 224422057861
BAD 224269059143
BAD 224336197669
BAD 224336197717
BAD 224336197763
BAD 224423017867
BAD 224423017883
BAD 224336613383
BAD 224270102159
BAD 224337519181
BAD 224423877319
BAD 224423877341
BAD 224396863703
BAD 224396863709
BAD 224396863711
BAD 224486099137
BAD 224337622793
BAD 224270473123
BAD 224486099141
BAD 224337622933
BAD 224486099143
BAD 224270473127
BAD 224270473129
BAD 224486228543
BAD 224397069857
BAD 224397069859
BAD 224270691199
BAD 224397106763
BAD 224397262333
BAD 224397262343
BAD 224271042181
BAD 224271042187
BAD 224338119679
BAD 224338176373
BAD 224397954751
BAD 224338313671
BAD 224338313677
BAD 224338313687
BAD 224338313701
BAD 224398096369
BAD 224487448547
BAD 224338606573
BAD 224487755783
BAD 224339028533
BAD 224339028539
BAD 224339028541
BAD 224339028547
BAD 224426832743
BAD 224426952229
BAD 224339430971
BAD 224514083161
BAD 224427332267
BAD 224427332273
BAD 224488571093
BAD 224488571113
BAD 224400001673
BAD 224514540493
BAD 224489343839
BAD 224489769193
BAD 224489769199
BAD 224489769233
BAD 224489769239
BAD 224489769241
BAD 224400978623
BAD 224400978631
BAD 224341289329
BAD 224273947903
BAD 224244965779
BAD 224244965821
BAD 224490357607
BAD 224516276297
BAD 224490444523
BAD 224490682001
BAD 224402346499
BAD 224274501499
BAD 224517552023
BAD 224343255979
BAD 224402721941
BAD 224491309087
BAD 224245832747
BAD 224491309111
BAD 224491309219
BAD 224491309223
BAD 224245832749
BAD 224245832827
BAD 224246048167
BAD 224403432907
BAD 224403432947
BAD 224403432949
BAD 224403432971
BAD 224275310003
BAD 224275310009
BAD 224344293937
BAD 224275925749
BAD 224518761253
BAD 224492248879
BAD 224519047483
BAD 224519047499
BAD 224276540311
BAD 224246983043
BAD 224246983049
BAD 224276863703
BAD 224276873189
BAD 224493525929
BAD 224519944151
BAD 224277965101
BAD 224248243633
BAD 224519944153
BAD 224277965123
BAD 224405460919
BAD 224519944157
BAD 224495105629
BAD 224406091691
BAD 224248733713
BAD 224406170147
BAD 224496264599
BAD 224406351241
BAD 224520292967
BAD 224406621031
BAD 224406657001
BAD 224248962811
BAD 224520557167
BAD 224249115911
BAD 224520856379
BAD 224520856381
BAD 224249485003
BAD 224278258201
BAD 224407569829
BAD 224407569833
BAD 224521191179
BAD 224521225241
BAD 224521225261
BAD 224249869411
BAD 224250246383
BAD 224408580833
BAD 224522327327
BAD 224408580853
BAD 224408580857
BAD 224408580859
BAD 224408580863
BAD 224522601661
BAD 224409068941
BAD 224409125513
BAD 224429722903
BAD 224463245569
BAD 224523453859
BAD 224251450861
BAD 224409898963
BAD 224251975579
BAD 224362198703
BAD 224280349793
BAD 224410302461
BAD 224410302463
BAD 224252206363
BAD 224410443953
BAD 224524297597
BAD 224464214789
BAD 224464214791
BAD 224252542183
BAD 224464481071
BAD 224464542811
BAD 224362763509
BAD 224464666357
BAD 224464809241
BAD 224431221757
BAD 224252880517
BAD 224465235233
BAD 224411634763
BAD 224411634793
BAD 224411634809
BAD 224411634833
BAD 224525218063
BAD 224253080609
BAD 224411912449
BAD 224363791459
BAD 224253404891
BAD 224431897957
BAD 224364050549
BAD 224253558913
BAD 224465741419
BAD 224364163493
BAD 224282449291
BAD 224282532469
BAD 224282532473
BAD 224432512111
BAD 224433086239
BAD 224433470827
BAD 224283242111
BAD 224527206367
BAD 224527244033
BAD 224527244063
BAD 224254737151
BAD 224254797889
BAD 224466877013
BAD 224433937171
BAD 224467065271
BAD 224434327921
BAD 224283824647
BAD 224365467173
BAD 224467111621
BAD 224467111669
BAD 224467111679
BAD 224467111681
BAD 224467141153
BAD 224528553679
BAD 224434434857
BAD 224256272003
BAD 224434434859
BAD 224365625593
BAD 224467426891
BAD 224284282771
BAD 224284323589
BAD 224468328509
BAD 224468607829
BAD 224285260777
BAD 224285260781
BAD 224285260783
BAD 224285260813
BAD 224435782633
BAD 224469005039
BAD 224469005041
BAD 224366724019
BAD 224257596383
BAD 224257596397
BAD 224257652873
BAD 224469699613
BAD 224257823269
BAD 224286366079
BAD 224436969863
BAD 224286366089
BAD 224286366091
BAD 224258344823
BAD 224530982813
BAD 224531202911
BAD 224531236819
BAD 224531516551
BAD 224438287231
BAD 224367878573
BAD 224287905071
BAD 224287905073
BAD 224531828723
BAD 224259448213
BAD 224532166363
BAD 224532166367
BAD 224288510297
BAD 224472669079
BAD 224288583943
BAD 224447073443
BAD 224472860851
BAD 224532426731
BAD 224532426733
BAD 224472944573
BAD 224473037689
BAD 224473037717
BAD 224439363829
BAD 224532623551
BAD 224449287599
BAD 224440344439
BAD 224473325387
BAD 224449287611
BAD 224288927299
BAD 224369952329
BAD 224473325389
BAD 224449287613
BAD 224289049793
BAD 224289077101
BAD 224289269213
BAD 224289269233
BAD 224289269251
BAD 224370325969
BAD 224289552001
BAD 224474120023
BAD 224533423117
BAD 224370829357
BAD 224370829369
BAD 224533526251
BAD 224533526257
BAD 224533526263
BAD 224474570659
BAD 224534246899
BAD 224290966021
BAD 224290966027
BAD 224475159317
BAD 224475159319
BAD 224475159323
BAD 224451496471
BAD 224292681469
BAD 224260651343
BAD 224476162879
BAD 224373801439
BAD 224442134029
BAD 224442148649
BAD 224442156451
BAD 224374018069
BAD 224374102541
BAD 224374102543
BAD 224477002733
BAD 224534687791
BAD 224452286893
BAD 224443090331
BAD 224443090343
BAD 224443090411
BAD 224374807639
BAD 224534948117
BAD 224534948119
BAD 224534968267
BAD 224534968289
BAD 224534968291
BAD 224443271629
BAD 224443271639
BAD 224443271641
BAD 224443271671
BAD 224375044111
BAD 224535310817
BAD 224535310819
BAD 224535319111
BAD 224294144023
BAD 224496488023
BAD 224443583449
BAD 224375633423
BAD 224443583453
BAD 224453504689
BAD 224477897411
BAD 224444002639
BAD 224535780473
BAD 224294612953
BAD 224294612957
BAD 224294612959
BAD 224294612963
BAD 224294746913
BAD 224294746933
BAD 224294769323
BAD 224294769329
BAD 224294769331
BAD 224376347249
BAD 224478387619
BAD 224478387841
BAD 224454293149
BAD 224444615279
BAD 224444615281
BAD 224454371633
BAD 224454371641
BAD 224536615847
BAD 224536615861
BAD 224444931259
BAD 224536845349
BAD 224445176317
BAD 224498047463
BAD 224536845353
BAD 224536845373
BAD 224536845391
BAD 224498264149
BAD 224537147869
BAD 224537147873
BAD 224498310233
BAD 224455381321
BAD 224498758097
BAD 224498758103
BAD 224378145263
BAD 224456484037
BAD 224378682791
BAD 224378682793
BAD 224456623777
BAD 224538836129
BAD 224538836131
BAD 224500069219
BAD 224457429397
BAD 224457429401
BAD 224500262359
BAD 224457568523
BAD 224500326079
BAD 224457901417
BAD 224539358179
BAD 224458293413
BAD 224458327381
BAD 224501145131
BAD 224501438543
BAD 224501591317
BAD 224501591323
BAD 224502058309
BAD 224540962819
BAD 224541280307
BAD 224541280309
BAD 224460478433
BAD 224460579451
BAD 224460579457
BAD 224460579461
BAD 224460579463
BAD 224460579493
BAD 224460579503
BAD 224460947257
BAD 224460947287
BAD 224503277969
BAD 224460986083
BAD 224460986131
BAD 224461493639
BAD 224542679503
BAD 224504072231
BAD 224461860781
BAD 224461860787
BAD 224504274961
BAD 224462015783
BAD 224504448997
BAD 224543166871
BAD 224543166949
BAD 224462412871
BAD 224543866411
BAD 224505205823
BAD 224505205831
BAD 224505205849
BAD 224505205853
BAD 224505371333
BAD 224505486809
BAD 224505486811
BAD 224505486859
BAD 224506159987
BAD 224544705179
BAD 224544831983
BAD 224544920659
BAD 224506893209
BAD 224506893211
BAD 224545416559
BAD 224546032441
BAD 224507967253
BAD 224546523961
BAD 224546523979
BAD 224546523983
BAD 224546523989
BAD 224546523991
BAD 224509166971
BAD 224509167023
BAD 224511101263
BAD 224512478759
BAD 224512478761
BAD 224512692377
BAD 224512692379
BAD 224512708843
BAD 224546839639
BAD 224550004423
BAD 224550128501
BAD 224550128503
BAD 224550128507
BAD 224550128573
BAD 224550907003
BAD 224550907013
BAD 224550928759
BAD 224551784089
BAD 224551820509
BAD 224552595041
BAD 224552595049
BAD 224552595053
BAD 224555000119
BAD 224556280387
BAD 224556280391
BAD 224556280393
BAD 224556280433
BAD 224557005331
BAD 224557005347
BAD 224557005349
BAD 224559296911
BAD 224559296917
BAD 224559635033
BAD 224560954003
BAD 224561799493
BAD 224561897551
BAD 224562007321
BAD 224562007333
BAD 224562008911
BAD 224562259793
BAD 224562727489
BAD 224562727523
BAD 224563295329
BAD 224563575043
BAD 224564472259
BAD 224565046733
BAD 224565135563
BAD 224566485349
BAD 224567126533
BAD 224567137573
BAD 224567137577
BAD 224567137579
BAD 224567137583
BAD 224568925729
BAD 224568925741
BAD 224570951641
BAD 224571007783
BAD 224571230761
BAD 224571853777
BAD 224573633677
BAD 224573633681
BAD 224574516689
BAD 224574946669
BAD 224574946679
BAD 224574946681
BAD 224575321979
BAD 224575321981
BAD 224575751941
BAD 224579308067
BAD 224579463491
BAD 224580255541
BAD 224580821323
BAD 224580829351
BAD 224580831863
BAD 224581358663
BAD 224581782043
BAD 224581782059
BAD 224581782077
BAD 224581787039
BAD 224581787041
BAD 224582171357
BAD 224584330717
BAD 224584350083
BAD 224584350097
BAD 224584350113
BAD 224584699817
BAD 224584699819
BAD 224584845391
BAD 224585268121
BAD 224585641639
BAD 224585781601
BAD 224585781619
BAD 224586658739
BAD 224586658741
BAD 224587074641
BAD 224614030483
BAD 224614030489
BAD 224587518157
BAD 224587518161
BAD 224587518163
BAD 224587607227
BAD 224587609087
BAD 224587724521
BAD 224587724533
BAD 224588859661
BAD 224589613063
BAD 224614467899
BAD 224614467901
BAD 224614568491
BAD 224614568513
BAD 224615270239
BAD 224615504231
BAD 224590622023
BAD 224590622027
BAD 224591827351
BAD 224592467179
BAD 224593718809
BAD 224594004451
BAD 224594004457
BAD 224618329987
BAD 224618434429
BAD 224618434433
BAD 224619030463
BAD 224619403301
BAD 224620441973
BAD 224622020911
BAD 224622265799
BAD 224622265801
BAD 224622265807
BAD 224622268379
BAD 224622268393
BAD 224622268397
BAD 224622268399
BAD 224622680423
BAD 224622680437
BAD 224623158313
BAD 224624165429
BAD 224624165431
BAD 224624440241
BAD 224624784361
BAD 224625050077
BAD 224625058859
BAD 224625721561
BAD 224594437453
BAD 224594549593
BAD 224594549659
BAD 224594549671
BAD 224594549693
BAD 224594880859
BAD 224594880901
BAD 224594958233
BAD 224595540251
BAD 224595894007
BAD 224627053073
BAD 224629690013
BAD 224598203239
BAD 224598203243
BAD 224598203251
BAD 224598378353
BAD 224598694591
BAD 224598694597
BAD 224598694601
BAD 224598694603
BAD 224598694609
BAD 224599341173
BAD 224600190769
BAD 224600373511
BAD 224601511961
BAD 224601511963
BAD 224601596803
BAD 224602188299
BAD 224602188301
BAD 224602194521
BAD 224602550873
BAD 224604211087
BAD 224604211093
BAD 224604429727
BAD 224604552493
BAD 224604552499
BAD 224604552509
BAD 224604552511
BAD 224605368817
BAD 224606519219
BAD 224607256099
BAD 224607256103
BAD 224607760229
BAD 224607760231
BAD 224608291619
BAD 224610494167
BAD 224610494191
BAD 224610494197
BAD 224610540023
BAD 224610540029
BAD 224610842353
BAD 224610842363
BAD 224610842383
BAD 224610842447
BAD 224611861501
BAD 224611877629
BAD 224613356831
BAD 224631328393
BAD 224631758453
BAD 224631758513
BAD 224632667213
BAD 224635707521
BAD 224635846481
BAD 224635846483
BAD 224636272921
BAD 224637446093
BAD 224637446129
BAD 224637660347
BAD 224637660349
BAD 224638380821
BAD 224639452519
BAD 224639452523
BAD 224639726491
BAD 224639726497
BAD 224639729543
BAD 224639970769
BAD 224641364771
BAD 224641405379
BAD 224641405381
BAD 224642565799
BAD 224643337253
BAD 224643592793
BAD 224643592799
BAD 224643592801
BAD 224643592807
BAD 224643592819
BAD 224643592853
BAD 224643969943
BAD 224644169843
BAD 224644199207
BAD 224644651291
BAD 224645245843
BAD 224647143013
BAD 224682678971
BAD 224683086167
BAD 224683086169
BAD 224683086179
BAD 224683086181
BAD 224683086223
BAD 224683086391
BAD 224684018423
BAD 224686949093
BAD 224689024481
BAD 224731230827
BAD 224689203143
BAD 224689203149
BAD 224690688259
BAD 224690688263
BAD 224690688269
BAD 224691813343
BAD 224647634753
BAD 224693094697
BAD 224648058689
BAD 224648058697
BAD 224731815047
BAD 224731815053
BAD 224731815067
BAD 224648262379
BAD 224649515371
BAD 224649515383
BAD 224899775281
BAD 224733850037
BAD 224650873441
BAD 224650955239
BAD 224900649023
BAD 224651326013
BAD 224651326051
BAD 224651427241
BAD 224901381937
BAD 224933247323
BAD 224933457829
BAD 224933525851
BAD 224933525857
BAD 224933525863
BAD 224901935329
BAD 224933679263
BAD 224735879749
BAD 224902264861
BAD 224933681821
BAD 224933681839
BAD 224736032369
BAD 224736032371
BAD 224654062613
BAD 224654148289
BAD 224654148293
BAD 224736536407
BAD 224654629403
BAD 224902776391
BAD 224654793383
BAD 224902892813
BAD 224934530923
BAD 224655397097
BAD 224655505541
BAD 224655524147
BAD 224737307813
BAD 224737347019
BAD 224655728959
BAD 224655776393
BAD 224903534987
BAD 224737661657
BAD 224737919243
BAD 224738050129
BAD 224738131417
BAD 224904367861
BAD 224936540069
BAD 224936795143
BAD 224657943121
BAD 224714647369
BAD 224741690483
BAD 224714647379
BAD 224936795183
BAD 224905179077
BAD 224905225099
BAD 224714848543
BAD 224658119839
BAD 224714909429
BAD 224714909431
BAD 224658151943
BAD 224658200281
BAD 224715253613
BAD 224715374161
BAD 224742145447
BAD 224658881927
BAD 224937945163
BAD 224906803427
BAD 224938273129
BAD 224938273141
BAD 224938273213
BAD 224938273223
BAD 224938826947
BAD 224716744123
BAD 224659877401
BAD 224659955701
BAD 224939748949
BAD 224939789317
BAD 224939820953
BAD 224910541813
BAD 224693548873
BAD 224744407093
BAD 224660336653
BAD 224744407099
BAD 224744407109
BAD 224719202767
BAD 224911130453
BAD 224719322063
BAD 224719322173
BAD 224694094663
BAD 224911382483
BAD 224660718361
BAD 224744980177
BAD 224911616029
BAD 224694422599
BAD 224660951303
BAD 224911868107
BAD 224911880033
BAD 224911880041
BAD 224694667903
BAD 224912089873
BAD 224695034149
BAD 224720444119
BAD 224661223447
BAD 224941016873
BAD 224941016879
BAD 224941174813
BAD 224941207243
BAD 224941392359
BAD 224696411503
BAD 224916186799
BAD 224721072053
BAD 224721072083
BAD 224721072089
BAD 224721072091
BAD 224721072097
BAD 224721123797
BAD 224721123799
BAD 224721148849
BAD 224662041853
BAD 224696529823
BAD 224721356971
BAD 224914108723
BAD 224799000143
BAD 224696797079
BAD 224696797081
BAD 224914274111
BAD 224916800893
BAD 224916800917
BAD 224697032491
BAD 224917077653
BAD 224697297763
BAD 224663228863
BAD 224663299129
BAD 224799952549
BAD 224942597573
BAD 224942750899
BAD 224746186447
BAD 224746186463
BAD 224915646451
BAD 224801118049
BAD 224801246339
BAD 224944179223
BAD 224918580619
BAD 224944430617
BAD 224944514273
BAD 224944549897
BAD 224723573717
BAD 224723573719
BAD 224802045463
BAD 224802045467
BAD 224802045469
BAD 224944995463
BAD 224802416483
BAD 224802416497
BAD 224802416513
BAD 224724543301
BAD 224920804151
BAD 224920804153
BAD 224920884161
BAD 224920884163
BAD 224920884173
BAD 224920884179
BAD 224920884203
BAD 224946937643
BAD 224921045989
BAD 224947141231
BAD 224803579339
BAD 224781654917
BAD 224921855993
BAD 224781654919
BAD 224948193097
BAD 224948193103
BAD 224948197907
BAD 224948197909
BAD 224765002417
BAD 224948312023
BAD 224804456827
BAD 224726577661
BAD 224726594699
BAD 224726602831
BAD 224922706039
BAD 224922706051
BAD 224726949079
BAD 224782849507
BAD 224805016819
BAD 224766493657
BAD 224783402101
BAD 224783504719
BAD 224783504723
BAD 224767069469
BAD 224924489233
BAD 224728484641
BAD 224925128513
BAD 224925183059
BAD 224925183061
BAD 224925183083
BAD 224767848191
BAD 224768193061
BAD 224925761393
BAD 224784581821
BAD 224768358901
BAD 224768500711
BAD 224926253789
BAD 224768667061
BAD 224926628911
BAD 224785266331
BAD 224785266337
BAD 224785266347
BAD 224926940269
BAD 224785402771
BAD 224730619933
BAD 224807732767
BAD 224769748769
BAD 224769748771
BAD 224769748787
BAD 224769748789
BAD 224769748817
BAD 224770060043
BAD 224770060049
BAD 224770060051
BAD 224807990549
BAD 224807990551
BAD 224770882577
BAD 224770882579
BAD 224928886339
BAD 224809096541
BAD 224809096543
BAD 224929821271
BAD 224787262291
BAD 224772607303
BAD 224930354723
BAD 224930354731
BAD 224810364619
BAD 224773153531
BAD 224773153543
BAD 224773153547
BAD 224930618611
BAD 224773515563
BAD 224773594393
BAD 224810899567
BAD 224811332443
BAD 224931256471
BAD 224811585923
BAD 224832258197
BAD 224832258199
BAD 224775060473
BAD 224775060487
BAD 224789301337
BAD 224789359343
BAD 224749302571
BAD 224833154327
BAD 224833349107
BAD 224833349131
BAD 224833349137
BAD 224812564829
BAD 224749571947
BAD 224833636103
BAD 224833660081
BAD 224749719731
BAD 224790200807
BAD 224749719751
BAD 224813047099
BAD 224790200809
BAD 224777100523
BAD 224834492737
BAD 224834492741
BAD 224834492761
BAD 224834492791
BAD 224834492809
BAD 224777979533
BAD 224778453241
BAD 224848827293
BAD 224814100891
BAD 224848965091
BAD 224750761597
BAD 224849107643
BAD 224814269401
BAD 224814279947
BAD 224835703333
BAD 224750925293
BAD 224750925299
BAD 224750941313
BAD 224849312419
BAD 224849312423
BAD 224835923869
BAD 224814754001
BAD 224791907723
BAD 224751473641
BAD 224779772683
BAD 224751611809
BAD 224850115207
BAD 224751611813
BAD 224751775867
BAD 224792402587
BAD 224792542889
BAD 224850620303
BAD 224752148011
BAD 224792745601
BAD 224752335281
BAD 224792937121
BAD 224780475553
BAD 224780475559
BAD 224851082089
BAD 224793105181
BAD 224793105193
BAD 224793165353
BAD 224793165383
BAD 224780790217
BAD 224838079267
BAD 224793744493
BAD 224781477143
BAD 224838886697
BAD 224794131713
BAD 224753941193
BAD 224839215781
BAD 224839215787
BAD 224839215793
BAD 224839257703
BAD 224754097441
BAD 224852418073
BAD 224852418113
BAD 224839698133
BAD 224852865709
BAD 224755082989
BAD 224840677583
BAD 224840681287
BAD 224795754353
BAD 224840958871
BAD 224755481411
BAD 224755481413
BAD 224755481417
BAD 224854205557
BAD 224796796423
BAD 224796796429
BAD 224841955139
BAD 224841955141
BAD 224855244233
BAD 224797281539
BAD 224797281547
BAD 224797281563
BAD 224855361767
BAD 224855361769
BAD 224756399899
BAD 224855871577
BAD 224842970299
BAD 224842970311
BAD 224856039439
BAD 224797891447
BAD 224797891453
BAD 224698083443
BAD 224756528443
BAD 224698083451
BAD 224756528467
BAD 224843538343
BAD 224843538349
BAD 224856739369
BAD 224856739381
BAD 224798202533
BAD 224798202547
BAD 224856898489
BAD 224857035203
BAD 224857073933
BAD 224757111487
BAD 224857512673
BAD 224757349787
BAD 224698902881
BAD 224857748701
BAD 224757537583
BAD 224757586267
BAD 224757602903
BAD 224757602921
BAD 224699143397
BAD 224858192239
BAD 224758275319
BAD 224699645941
BAD 224699645959
BAD 224759012249
BAD 224759012251
BAD 224700188107
BAD 224759399003
BAD 224846157343
BAD 224846157353
BAD 224759864783
BAD 224759864807
BAD 224759864809
BAD 224700567983
BAD 224760264167
BAD 224760264181
BAD 224846970547
BAD 224846970553
BAD 224847019963
BAD 224700989609
BAD 224860528661
BAD 224860528663
BAD 224860528667
BAD 224664204991
BAD 224664204997
BAD 224664205001
BAD 224761257067
BAD 224761257109
BAD 224761257113
BAD 224847895429
BAD 224848031713
BAD 224761687991
BAD 224761687993
BAD 224761687999
BAD 224848231247
BAD 224848231249
BAD 224848231253
BAD 224665198271
BAD 224762231899
BAD 224702582603
BAD 224665198273
BAD 224861796241
BAD 224861865377
BAD 224848486711
BAD 224703029041
BAD 224862507061
BAD 224665756859
BAD 224883150469
BAD 224883150473
BAD 224762859427
BAD 224762947711
BAD 224665981139
BAD 224883381743
BAD 224665981147
BAD 224883638909
BAD 224883638911
BAD 224883638927
BAD 224883638957
BAD 224883638963
BAD 224883638971
BAD 224863432909
BAD 224704137331
BAD 224704182433
BAD 224666754443
BAD 224863725799
BAD 224863725809
BAD 224863725811
BAD 224667299671
BAD 224863725817
BAD 224884579817
BAD 224863725829
BAD 224815778153
BAD 224863725833
BAD 224884579819
BAD 224815778167
BAD 224705419291
BAD 224705468371
BAD 224864173013
BAD 224864173019
BAD 224864173021
BAD 224816172043
BAD 224816172047
BAD 224667940967
BAD 224667940969
BAD 224864469547
BAD 224864469551
BAD 224816443829
BAD 224668136327
BAD 224668136333
BAD 224885308471
BAD 224668839091
BAD 224668839097
BAD 224885837419
BAD 224885952659
BAD 224669064617
BAD 224886627551
BAD 224886981637
BAD 224669763233
BAD 224708111393
BAD 224708179637
BAD 224708179639
BAD 224887934093
BAD 224819396437
BAD 224708402311
BAD 224670516677
BAD 224888521103
BAD 224888521111
BAD 224709276413
BAD 224709442207
BAD 224820232411
BAD 224671375759
BAD 224671375763
BAD 224671375771
BAD 224710291843
BAD 224710291849
BAD 224710880893
BAD 224710880917
BAD 224710880929
BAD 224671986199
BAD 224711374373
BAD 224711391871
BAD 224821571011
BAD 224821571017
BAD 224821571021
BAD 224890747621
BAD 224890882277
BAD 224821867819
BAD 224891791549
BAD 224891836753
BAD 224712718987
BAD 224712718999
BAD 224822154023
BAD 224712833603
BAD 224712861749
BAD 224712861797
BAD 224712861799
BAD 224712861803
BAD 224892172387
BAD 224892172391
BAD 224713273579
BAD 224713273583
BAD 224823047909
BAD 224675247767
BAD 224675296831
BAD 224675338009
BAD 224866060411
BAD 224866063091
BAD 224894380231
BAD 224676041567
BAD 224894708897
BAD 224894708963
BAD 224894708971
BAD 224676428423
BAD 224894883229
BAD 224894883271
BAD 224676438211
BAD 224824381471
BAD 224676614389
BAD 224895400283
BAD 224824720919
BAD 224824720921
BAD 224824720927
BAD 224895533897
BAD 224895533899
BAD 224867186261
BAD 224867186263
BAD 224677222129
BAD 224867233597
BAD 224867233601
BAD 224867233609
BAD 224867262107
BAD 224825334563
BAD 224896365191
BAD 224896365193
BAD 224896365203
BAD 224896627141
BAD 224825709149
BAD 224825709151
BAD 224678422313
BAD 224678422321
BAD 224868420877
BAD 224826282077
BAD 224897706533
BAD 224826588997
BAD 224679473833
BAD 224679546257
BAD 224827446229
BAD 224827446293
BAD 224869751347
BAD 224870146261
BAD 224827948427
BAD 224870473213
BAD 224870854237
BAD 224870885999
BAD 224870886001
BAD 224870886011
BAD 224871173041
BAD 224871173077
BAD 224829015911
BAD 224829015913
BAD 224871630673
BAD 224872257391
BAD 224872906981
BAD 224949979759
BAD 224949979763
BAD 224873045029
BAD 224950179877
BAD 224873346151
BAD 224873456611
BAD 224873456617
BAD 224873749283
BAD 224873817683
BAD 224873818097
BAD 224830697527
BAD 224951077537
BAD 224951077577
BAD 224951077579
BAD 224951077583
BAD 224831274067
BAD 224831384227
BAD 224831384243
BAD 224876601643
BAD 224831680573
BAD 224878539133
BAD 224953622851
BAD 224954129767
BAD 224879561791
BAD 224879710249
BAD 224954565853
BAD 224880159697
BAD 224954900161
BAD 224880834263
BAD 224880834287
BAD 224880834289
BAD 224880834293
BAD 224880834301
BAD 224956090049
BAD 224956090069
BAD 224956324381
BAD 224881604383
BAD 224881604401
BAD 224956578149
BAD 224958081571
BAD 224961114493
BAD 224961441647
BAD 224961964459
BAD 224961964463
BAD 224962628089
BAD 224964386089
BAD 224964386137
BAD 224964386149
BAD 224965118701
BAD 224966272103
BAD 224966828651
BAD 224966852021
BAD 224966852023
BAD 224967415601
BAD 224967559177
BAD 224967559181
BAD 224967559183
BAD 224968404743
BAD 224968413133
BAD 224968589647
BAD 224969101081
BAD 224969393083
BAD 224969393101
BAD 224970250459
BAD 224970729169
BAD 224970946399
BAD 224970946553
BAD 224971581997
BAD 224974041121
BAD 224974420577
BAD 224974445767
BAD 224974445771
BAD 224974857781
BAD 224975796779
BAD 224975796781
BAD 224976610163
BAD 224977948093
BAD 224978087759
BAD 224978356021
BAD 224978356027
BAD 224978957779
BAD 224978957783
BAD 224979624383
BAD 224979624391
BAD 224979683933
BAD 224979991681
BAD 224979991699
BAD 224981204011
BAD 224981526311
BAD 224983228733
BAD 224983396777
BAD 224983396783
BAD 224983396787
BAD 224983396789
BAD 224983573021
BAD 224984881001
BAD 224986099111
BAD 224986099231
BAD 224986496993
BAD 224987401909
BAD 224987401913
BAD 224987401921
BAD 224987404729
BAD 224989251401
BAD 224989289201
BAD 224989823573
BAD 224990678071
BAD 224991633859
BAD 224991633863
BAD 224991633877
BAD 224992121597
BAD 224992170133
BAD 224993353463
BAD 224994610559
BAD 224994647989
BAD 224994647993
BAD 224994769733
BAD 224995195433
BAD 224995195441
BAD 224995489783
BAD 224995838869
BAD 224996541491
BAD 224996541493
BAD 224997626209
BAD 224998168799
BAD 225000213467
BAD 225000213469
BAD 225000466861
BAD 225001745939
BAD 225001991833
BAD 225003189883
BAD 225003511567
BAD 225003511571
BAD 225003511573
BAD 225003535363
BAD 225003535369
BAD 225003960499
BAD 225004013173
BAD 225004013183
BAD 225004201789
BAD 225004523851
BAD 225004541963
BAD 225005346623
BAD 225005443147
BAD 225005680771
BAD 225005680841
BAD 225007193629
BAD 225007193633
BAD 225007193647
BAD 225007286137
BAD 225007286183
BAD 225016712819
BAD 225016712821
BAD 225016838707
BAD 225016838713
BAD 225016838719
BAD 225016838723
BAD 225017144603
BAD 225017373563
BAD 225017663809
BAD 225017663813
BAD 225017798051
BAD 225017798077
BAD 225007936729
BAD 225007936739
BAD 225018364343
BAD 225018364357
BAD 225008058383
BAD 225009148873
BAD 225018998213
BAD 225018998219
BAD 225018998273
BAD 225019250557
BAD 225009952093
BAD 225020220121
BAD 225020253343
BAD 225020253391
BAD 225010284061
BAD 225020701291
BAD 225010375823
BAD 225010467259
BAD 225010550047
BAD 225011327173
BAD 225011327183
BAD 225011327197
BAD 225023878921
BAD 225024119941
BAD 225024497197
BAD 225024742619
BAD 225025586231
BAD 225025586239
BAD 225026222131
BAD 225026222137
BAD 225012677657
BAD 225026898287
BAD 225027150001
BAD 225014272309
BAD 225014272319
BAD 225027883127
BAD 225027902873
BAD 225014451631
BAD 225014451643
BAD 225015121363
BAD 225028815503
BAD 225028881481
BAD 225028971649
BAD 225015607787
BAD 225015607829
BAD 225015816097
BAD 225015850691
BAD 225029732801
BAD 225029732803
BAD 225030122143
BAD 225030122147
BAD 225030340289
BAD 225030340291
BAD 225031421623
BAD 225032133803
BAD 225032430811
BAD 225032624573
BAD 225033070169
BAD 225034571089
BAD 225034571093
BAD 225035182291
BAD 225036159223
BAD 225036199337
BAD 225036488029
BAD 225038943947
BAD 225038943949
BAD 225038970571
BAD 225038970577
BAD 225039086513
BAD 225040138003
BAD 225040451959
BAD 225040451963
BAD 225040770433
BAD 225041637643
BAD 225042420521
BAD 225042420523
BAD 225043108783
BAD 225043108789
BAD 225044784697
BAD 225044855953
BAD 225046016719
BAD 225047116303
BAD 225048334267
BAD 225048334271
BAD 225048401803
BAD 225048401807
BAD 225048401861
BAD 225048401863
BAD 225048401867
BAD 225048401869
BAD 225048833671
BAD 225049257943
BAD 225268596199
BAD 225134263667
BAD 225134349049
BAD 225268768939
BAD 225268768961
BAD 225050228791
BAD 225050228797
BAD 225050228803
BAD 225150909199
BAD 225150970111
BAD 225150970117
BAD 225050798149
BAD 225151191709
BAD 225270423379
BAD 225136409749
BAD 225136409753
BAD 225271039817
BAD 225136826021
BAD 225136826023
BAD 225137173381
BAD 225137174719
BAD 225137174729
BAD 225137174747
BAD 225137174749
BAD 225137174761
BAD 225137174767
BAD 225052210157
BAD 225052210181
BAD 225272196319
BAD 225137639173
BAD 225272270233
BAD 225137916623
BAD 225153453997
BAD 225137916631
BAD 225137919511
BAD 225153758807
BAD 225154313269
BAD 225273401863
BAD 225273401867
BAD 225273401869
BAD 225273419311
BAD 225273487093
BAD 225273857551
BAD 225274211821
BAD 225274363087
BAD 225139851499
BAD 225274676647
BAD 225274676663
BAD 225052934933
BAD 225140602327
BAD 225140602333
BAD 225140602339
BAD 225053483243
BAD 225155946349
BAD 225140851787
BAD 225140851841
BAD 225140851843
BAD 225053706811
BAD 225156346193
BAD 225054135643
BAD 225156625789
BAD 225142435519
BAD 225054705611
BAD 225156625801
BAD 225142435523
BAD 225054705637
BAD 225054705641
BAD 225054705643
BAD 225054705661
BAD 225054705679
BAD 225142916311
BAD 225055357847
BAD 225143192903
BAD 225143192909
BAD 225055623539
BAD 225143610721
BAD 225056244631
BAD 225056244713
BAD 225057042293
BAD 225144904373
BAD 225144939841
BAD 225159354089
BAD 225159354109
BAD 225145611683
BAD 225058043393
BAD 225145919837
BAD 225145919839
BAD 225058174241
BAD 225058174249
BAD 225146358043
BAD 225160482419
BAD 225146619263
BAD 225058695739
BAD 225161172799
BAD 225147431581
BAD 225162032503
BAD 225148011397
BAD 225148011401
BAD 225148011443
BAD 225148148213
BAD 225061278059
BAD 225061278061
BAD 225061278067
BAD 225061324199
BAD 225149003293
BAD 225163607993
BAD 225163695881
BAD 225149302229
BAD 225164093993
BAD 225062424661
BAD 225062837071
BAD 225062837113
BAD 225164766319
BAD 225274857083
BAD 225274857089
BAD 225165268793
BAD 225165268817
BAD 225165268819
BAD 225063470869
BAD 225063470873
BAD 225063470881
BAD 225275417971
BAD 225063470887
BAD 225275541209
BAD 225276100639
BAD 225276146933
BAD 225064072801
BAD 225165724481
BAD 225165724493
BAD 225165724501
BAD 225276568609
BAD 225276568613
BAD 225166702199
BAD 225167009497
BAD 225167164463
BAD 225278077657
BAD 225278077663
BAD 225278077669
BAD 225065519221
BAD 225278151503
BAD 225065849633
BAD 225065849639
BAD 225278544509
BAD 225278544511
BAD 225278544529
BAD 225278617309
BAD 225066526733
BAD 225066572239
BAD 225280711823
BAD 225280711829
BAD 225280711837
BAD 225282902011
BAD 225283186651
BAD 225284808493
BAD 225285019471
BAD 225285019523
BAD 225285201443
BAD 225285700099
BAD 225285700103
BAD 225286410773
BAD 225286540819
BAD 225286540823
BAD 225286972553
BAD 225286972567
BAD 225287330753
BAD 225287681161
BAD 225287778511
BAD 225287976007
BAD 225288657757
BAD 225289660069
BAD 225289713679
BAD 225117058801
BAD 225290900771
BAD 225290900773
BAD 225291317569
BAD 225118460183
BAD 225291847903
BAD 225291847909
BAD 225291860767
BAD 225118601737
BAD 225118724981
BAD 225186302281
BAD 225251748353
BAD 225294087901
BAD 225294087923
BAD 225100751671
BAD 225100751683
BAD 225294204833
BAD 225251999473
BAD 225186483349
BAD 225294730267
BAD 225101397893
BAD 225294894499
BAD 225101554219
BAD 225101554273
BAD 225101579581
BAD 225295127311
BAD 225187051343
BAD 225101968423
BAD 225102073201
BAD 225102073223
BAD 225253232153
BAD 225295597369
BAD 225295597381
BAD 225102377021
BAD 225102377023
BAD 225119461121
BAD 225119461123
BAD 225119461141
BAD 225296288717
BAD 225084835201
BAD 225102952621
BAD 225336177439
BAD 225298769393
BAD 225352094873
BAD 225336177449
BAD 225218133197
BAD 225254616473
BAD 225189239357
BAD 225218133199
BAD 225352094939
BAD 225085479023
BAD 225218133223
BAD 225298769401
BAD 225218133229
BAD 225218133233
BAD 225218133253
BAD 225254642453
BAD 225352225363
BAD 225298919459
BAD 225085662047
BAD 225085662049
BAD 225352457279
BAD 225352457287
BAD 225336648631
BAD 225336648637
BAD 225085986271
BAD 225234873013
BAD 225234886193
BAD 225103477861
BAD 225103558369
BAD 225103558373
BAD 225337050823
BAD 225352763371
BAD 225220279213
BAD 225086225603
BAD 225167737463
BAD 225235169377
BAD 225299690191
BAD 225086225629
BAD 225301700101
BAD 225201599407
BAD 225352763401
BAD 225337050859
BAD 225352763431
BAD 225201599411
BAD 225086225633
BAD 225067029359
BAD 225352763437
BAD 225235169389
BAD 225352763443
BAD 225067029371
BAD 225067029373
BAD 225067029377
BAD 225067029379
BAD 225167737471
BAD 225167775821
BAD 225103609043
BAD 225220412489
BAD 225220412491
BAD 225220412497
BAD 225337226701
BAD 225299938187
BAD 225190251421
BAD 225190251427
BAD 225235421953
BAD 225202088497
BAD 225067373291
BAD 225202188529
BAD 225067453411
BAD 225353404153
BAD 225353419961
BAD 225221143531
BAD 225302506441
BAD 225104248979
BAD 225300672241
BAD 225256321039
BAD 225168795289
BAD 225168795331
BAD 225202799989
BAD 225104583133
BAD 225067954303
BAD 225104663603
BAD 225203151203
BAD 225301056037
BAD 225301056041
BAD 225203210647
BAD 225236233987
BAD 225236233991
BAD 225301342603
BAD 225257131181
BAD 225169656571
BAD 225354076327
BAD 225354076331
BAD 225354076333
BAD 225222541007
BAD 225222541009
BAD 225222541013
BAD 225203818297
BAD 225087596863
BAD 225203865091
BAD 225203907703
BAD 225303898031
BAD 225303898033
BAD 225105274523
BAD 225087665927
BAD 225087665939
BAD 225087665941
BAD 225170069401
BAD 225204292483
BAD 225354604883
BAD 225354604897
BAD 225087896083
BAD 225170270341
BAD 225087896093
BAD 225069013577
BAD 225170371333
BAD 225339445579
BAD 225339475609
BAD 225192049087
BAD 225192049097
BAD 225192049099
BAD 225260199121
BAD 225106653997
BAD 225339507893
BAD 225224721593
BAD 225354804187
BAD 225240363217
BAD 225106654013
BAD 225339507901
BAD 225071660797
BAD 225304864979
BAD 225204974389
BAD 225354804197
BAD 225240363223
BAD 225088498781
BAD 225171079501
BAD 225071660813
BAD 225088498783
BAD 225171079513
BAD 225106677353
BAD 225171115033
BAD 225354926633
BAD 225088673143
BAD 225088673153
BAD 225088744889
BAD 225088744891
BAD 225305097403
BAD 225260375231
BAD 225260375233
BAD 225225192133
BAD 225192393271
BAD 225340055719
BAD 225225213469
BAD 225340055723
BAD 225340055729
BAD 225225213511
BAD 225225213523
BAD 225171526319
BAD 225260725457
BAD 225305622313
BAD 225305622319
BAD 225305622323
BAD 225192572081
BAD 225305650813
BAD 225305650819
BAD 225107449123
BAD 225107449129
BAD 225107449141
BAD 225192673249
BAD 225205680653
BAD 225340644721
BAD 225356078851
BAD 225241658153
BAD 225107782693
BAD 225107782733
BAD 225241846939
BAD 225241846943
BAD 225108000577
BAD 225225859333
BAD 225341119567
BAD 225225871333
BAD 225261484859
BAD 225108320903
BAD 225306825017
BAD 225306825019
BAD 225108644693
BAD 225108644699
BAD 225307166327
BAD 225172674593
BAD 225074272153
BAD 225074320531
BAD 225357228797
BAD 225357228799
BAD 225357360863
BAD 225193703113
BAD 225193703117
BAD 225357596041
BAD 225226893103
BAD 225357709079
BAD 225357709081
BAD 225227015063
BAD 225193904303
BAD 225243555451
BAD 225342727021
BAD 225343100351
BAD 225075252173
BAD 225207326473
BAD 225308739587
BAD 225308739589
BAD 225262119391
BAD 225075759541
BAD 225228764051
BAD 225344798971
BAD 225244649653
BAD 225309371267
BAD 225228764053
BAD 225262510769
BAD 225092700863
BAD 225197456069
BAD 225119842061
BAD 225309371269
BAD 225359108213
BAD 225309371281
BAD 225174333421
BAD 225208238623
BAD 225359108267
BAD 225359108269
BAD 225262510771
BAD 225359233849
BAD 225359233859
BAD 225359233861
BAD 225208361117
BAD 225229151767
BAD 225229151773
BAD 225262816237
BAD 225076063789
BAD 225208622803
BAD 225198169373
BAD 225093451213
BAD 225093451217
BAD 225175221961
BAD 225208910723
BAD 225361833287
BAD 225312400471
BAD 225245784091
BAD 225199027607
BAD 225176405449
BAD 225263605033
BAD 225230028637
BAD 225199027609
BAD 225110221129
BAD 225120647981
BAD 225361833289
BAD 225094757551
BAD 225110221153
BAD 225094866377
BAD 225094866379
BAD 225230144569
BAD 225346254677
BAD 225176667143
BAD 225176667187
BAD 225362196443
BAD 225362260273
BAD 225199356271
BAD 225312747487
BAD 225312747497
BAD 225230597003
BAD 225177075061
BAD 225230910907
BAD 225230910913
BAD 225230910917
BAD 225199652063
BAD 225095545861
BAD 225362794561
BAD 225313305677
BAD 225264159413
BAD 225231482689
BAD 225370351169
BAD 225321733453
BAD 225076645291
BAD 225121287913
BAD 225177830083
BAD 225248496113
BAD 225076645301
BAD 225346986157
BAD 225111917197
BAD 225076645303
BAD 225076645307
BAD 225076645309
BAD 225321768481
BAD 225321768487
BAD 225076733153
BAD 225076735427
BAD 225370490633
BAD 225095723401
BAD 225095723407
BAD 225095733593
BAD 225322172311
BAD 225178284649
BAD 225264640543
BAD 225363456481
BAD 225347639947
BAD 225096611749
BAD 225371350051
BAD 225314250113
BAD 225209877551
BAD 225232926991
BAD 225324260219
BAD 225347639953
BAD 225122054953
BAD 225324260221
BAD 225209877553
BAD 225113392003
BAD 225178643783
BAD 225249192827
BAD 225178643801
BAD 225178643803
BAD 225249192829
BAD 225077408903
BAD 225364301317
BAD 225364301341
BAD 225314387933
BAD 225178779563
BAD 225210018833
BAD 225364404563
BAD 225364404571
BAD 225178883273
BAD 225324541537
BAD 225077666263
BAD 225077666267
BAD 225314577559
BAD 225364591609
BAD 225264960113
BAD 225372515551
BAD 225097086373
BAD 225348086797
BAD 225249663017
BAD 225233387761
BAD 225210619493
BAD 225122627929
BAD 225315061523
BAD 225113936941
BAD 225324842933
BAD 225324842947
BAD 225122700091
BAD 225097189741
BAD 225097189853
BAD 225079487069
BAD 225079487131
BAD 225079487137
BAD 225079487141
BAD 225079487153
BAD 225079487167
BAD 225180040559
BAD 225114359611
BAD 225211114327
BAD 225373045003
BAD 225123212617
BAD 225114562753
BAD 225097715083
BAD 225325486249
BAD 225250498027
BAD 225211539109
BAD 225373343527
BAD 225114942079
BAD 225080265889
BAD 225114942083
BAD 225211539167
BAD 225211539169
BAD 225080278627
BAD 225080278637
BAD 225115036493
BAD 225180900683
BAD 225365356103
BAD 225365356109
BAD 225115170509
BAD 225316498097
BAD 225349100453
BAD 225373649443
BAD 225211862483
BAD 225211882171
BAD 225211882177
BAD 225316618957
BAD 225316618963
BAD 225316618993
BAD 225316619027
BAD 225316619029
BAD 225349238689
BAD 225326432027
BAD 225326432029
BAD 225326432033
BAD 225181295393
BAD 225349324567
BAD 225317041309
BAD 225212270629
BAD 225124422647
BAD 225115495193
BAD 225115495217
BAD 225115495219
BAD 225181394297
BAD 225181394299
BAD 225212407669
BAD 225266866417
BAD 225266866421
BAD 225266866423
BAD 225266866477
BAD 225266866481
BAD 225266866483
BAD 225365906431
BAD 225267031867
BAD 225124852259
BAD 225124852261
BAD 225327274457
BAD 225212751823
BAD 225081730591
BAD 225267230827
BAD 225374714129
BAD 225116135117
BAD 225116135119
BAD 225349786771
BAD 225327553861
BAD 225213104297
BAD 225267787187
BAD 225082198249
BAD 225375077327
BAD 225082198303
BAD 225213104299
BAD 225349930243
BAD 225375077329
BAD 225328363759
BAD 225213570041
BAD 225125993791
BAD 225125993797
BAD 225125993809
BAD 225375660659
BAD 225375660661
BAD 225375660667
BAD 225213665399
BAD 225213665401
BAD 225375840293
BAD 225375840301
BAD 225375840331
BAD 225375840337
BAD 225182708299
BAD 225126218413
BAD 225126218437
BAD 225083136799
BAD 225083213989
BAD 225367074421
BAD 225367081309
BAD 225376109701
BAD 225183011539
BAD 225376474097
BAD 225214121813
BAD 225126709603
BAD 225126709609
BAD 225214121833
BAD 225214153279
BAD 225376534489
BAD 225214217381
BAD 225214217383
BAD 225214217387
BAD 225214219807
BAD 225376978597
BAD 225368186893
BAD 225330527659
BAD 225330527663
BAD 225127563319
BAD 225183973783
BAD 225183973787
BAD 225183973789
BAD 225377630669
BAD 225377686493
BAD 225215435633
BAD 225331369733
BAD 225331739641
BAD 225216884573
BAD 225332648491
BAD 225217108951
BAD 225217108957
BAD 225332775709
BAD 225379669609
BAD 225129806611
BAD 225129905179
BAD 225129905197
BAD 225130012651
BAD 225130012673
BAD 225130012697
BAD 225130012699
BAD 225333936391
BAD 225333936403
BAD 225380039407
BAD 225380039419
BAD 225380141159
BAD 225380384029
BAD 225380384041
BAD 225130766989
BAD 225130878157
BAD 225380713387
BAD 225131335171
BAD 225381119893
BAD 225335030971
BAD 225335031013
BAD 225335031017
BAD 225335045603
BAD 225131775601
BAD 225131775607
BAD 225132702659
BAD 225132702661
BAD 225132702667
BAD 225132717223
BAD 225132717233
BAD 225133555501
BAD 225385220947
BAD 225385220953
BAD 225385779517
BAD 225385779559
BAD 225385779571
BAD 225386877347
BAD 225386877349
BAD 225387442613
BAD 225388125751
BAD 225388125757
BAD 225388125761
BAD 225388125763
BAD 225388891733
BAD 225388891771
BAD 225390009371
BAD 225390009373
BAD 225390009379
BAD 225390428051
BAD 225390428057
BAD 225390690277
BAD 225392565529
BAD 225392994403
BAD 225392994413
BAD 225392994419
BAD 225394174253
BAD 225395270393
BAD 225395308223
BAD 225395505217
BAD 225395505221
BAD 225396534049
BAD 225396637673
BAD 225397148429
BAD 225397173319
BAD 225398655331
BAD 225398718733
BAD 225398974543
BAD 225398974547
BAD 225399007303
BAD 225399007307
BAD 225399007321
BAD 225399695581
BAD 225400110211
BAD 225400534693
BAD 225400555673
BAD 225401886613
BAD 225402079423
BAD 225419758537
BAD 225419815031
BAD 225420185723
BAD 225420530851
BAD 225421385537
BAD 225422065621
BAD 225422937713
BAD 225423516421
BAD 225403244827
BAD 225403244837
BAD 225403244839
BAD 225423669481
BAD 225423708871
BAD 225423783653
BAD 225425147221
BAD 225403314083
BAD 225404099117
BAD 225404099119
BAD 225404188831
BAD 225404188837
BAD 225405674959
BAD 225425829953
BAD 225426481897
BAD 225426599113
BAD 225427590181
BAD 225427936343
BAD 225428037091
BAD 225428302871
BAD 225428302873
BAD 225407134583
BAD 225408358909
BAD 225408358919
BAD 225408358921
BAD 225429048631
BAD 225429227773
BAD 225430822963
BAD 225430949803
BAD 225410973049
BAD 225410973089
BAD 225410973091
BAD 225411277867
BAD 225431269601
BAD 225411313027
BAD 225413218759
BAD 225432558727
BAD 225433817783
BAD 225433817789
BAD 225435014113
BAD 225435273971
BAD 225435805061
BAD 225416053697
BAD 225416053741
BAD 225416053867
BAD 225417441289
BAD 225435971063
BAD 225435971083
BAD 225438410321
BAD 225438433081
BAD 225438989359
BAD 225439791149
BAD 225439791151
BAD 225439800743
BAD 225442957357
BAD 225442957367
BAD 225444238081
BAD 225444238093
BAD 225445829101
BAD 225445879073
BAD 225446302273
BAD 225448635037
BAD 225448752689
BAD 225448752691
BAD 225449137393
BAD 225449137399
BAD 225449137429
BAD 225450720073
BAD 225451275683
BAD 225451963873
BAD 225451963889
BAD 225452240513
BAD 225469449389
BAD 225469449391
BAD 225470384371
BAD 225470489449
BAD 225471105203
BAD 225471480259
BAD 225471480263
BAD 225471854221
BAD 225472010629
BAD 225472043437
BAD 225473855083
BAD 225475086301
BAD 225475086313
BAD 225475086323
BAD 225475412317
BAD 225475412321
BAD 225475412329
BAD 225476393929
BAD 225476415389
BAD 225476415391
BAD 225476415397
BAD 225477774967
BAD 225478216471
BAD 225478246361
BAD 225478246363
BAD 225478404211
BAD 225479203153
BAD 225480333889
BAD 225480333893
BAD 225481348181
BAD 225481384133
BAD 225482169883
BAD 225483469259
BAD 225483469261
BAD 225483469307
BAD 225483532207
BAD 225483647843
BAD 225483701819
BAD 225484003571
BAD 225484003573
BAD 225484480537
BAD 225485626607
BAD 225485626609
BAD 225486084547
BAD 225502942667
BAD 225504316069
BAD 225506420567
BAD 225506420569
BAD 225506505997
BAD 225506506009
BAD 225507612563
BAD 225507612571
BAD 225509397907
BAD 225509738693
BAD 225510459379
BAD 225510836753
BAD 225510978293
BAD 225511799897
BAD 225511799899
BAD 225512514151
BAD 225512859647
BAD 225513008701
BAD 225513593563
BAD 225513910051
BAD 225513910093
BAD 225515480849
BAD 225515480851
BAD 225452790949
BAD 225515843551
BAD 225515843573
BAD 225453286999
BAD 225453549511
BAD 225516566927
BAD 225516566929
BAD 225517225277
BAD 225517225279
BAD 225455023957
BAD 225455673493
BAD 225456638189
BAD 225456638191
BAD 225456815239
BAD 225457065961
BAD 225457292587
BAD 225457356473
BAD 225457359199
BAD 225457378711
BAD 225457758959
BAD 225457758961
BAD 225458007433
BAD 225519417803
BAD 225519417811
BAD 225458906347
BAD 225459862099
BAD 225460196713
BAD 225460564249
BAD 225460564339
BAD 225460710227
BAD 225460835753
BAD 225460835777
BAD 225460835779
BAD 225461509321
BAD 225462249487
BAD 225462391859
BAD 225462391867
BAD 225462574333
BAD 225465081409
BAD 225465714653
BAD 225466138129
BAD 225466511141
BAD 225466511143
BAD 225466537717
BAD 225467336641
BAD 225468825367
BAD 225468825391
BAD 225468926413
BAD 225469349983
BAD 225486647873
BAD 225487267597
BAD 225487546033
BAD 225489240331
BAD 225489264199
BAD 225489299353
BAD 225489342713
BAD 225489342719
BAD 225489342721
BAD 225489371311
BAD 225489371323
BAD 225489508117
BAD 225489785431
BAD 225489916721
BAD 225489916723
BAD 225704333887
BAD 225704333893
BAD 225704333903
BAD 225704333923
BAD 225705471133
BAD 225491113387
BAD 225491491879
BAD 225491856661
BAD 225706864501
BAD 225706864517
BAD 225706864519
BAD 225706864567
BAD 225706955273
BAD 225706978489
BAD 225707348099
BAD 225707348101
BAD 225708261293
BAD 225492930253
BAD 225492930263
BAD 225492930269
BAD 225708657571
BAD 225708657583
BAD 225708657659
BAD 225708657661
BAD 225493488989
BAD 225493488991
BAD 225709137133
BAD 225709170103
BAD 225709170107
BAD 225709170109
BAD 225709170121
BAD 225709653251
BAD 225494075701
BAD 225497014363
BAD 225497900087
BAD 225497900093
BAD 225497900099
BAD 225497950651
BAD 225497957623
BAD 225497957627
BAD 225674165923
BAD 225674165933
BAD 225674165947
BAD 225674245561
BAD 225498993457
BAD 225499132613
BAD 225499611331
BAD 225499611353
BAD 225499834039
BAD 225500244293
BAD 225676661557
BAD 225501175721
BAD 225501175723
BAD 225677047249
BAD 225677098663
BAD 225677098681
BAD 225677098727
BAD 225677098729
BAD 225677098747
BAD 225501599053
BAD 225677474593
BAD 225502201999
BAD 225502471177
BAD 225678270487
BAD 225710721001
BAD 225710756993
BAD 225712042207
BAD 225712153321
BAD 225712549373
BAD 225712549393
BAD 225714976219
BAD 225679365953
BAD 225679365959
BAD 225715835441
BAD 225680682659
BAD 225716348521
BAD 225681176143
BAD 225621365633
BAD 225621912233
BAD 225717329347
BAD 225717329351
BAD 225717329353
BAD 225622202137
BAD 225622202153
BAD 225717712879
BAD 225622529477
BAD 225622529479
BAD 225622563643
BAD 225682254451
BAD 225622815293
BAD 225683021017
BAD 225683021021
BAD 225623481911
BAD 225623509549
BAD 225683306929
BAD 225683679409
BAD 225683679413
BAD 225683694571
BAD 225683934313
BAD 225623680049
BAD 225684216707
BAD 225684670613
BAD 225684789623
BAD 225624845363
BAD 225686372017
BAD 225520280081
BAD 225686372027
BAD 225686372029
BAD 225625020079
BAD 225654024901
BAD 225520570217
BAD 225686921039
BAD 225686921041
BAD 225654281719
BAD 225687204007
BAD 225687204019
BAD 225719763803
BAD 225626014153
BAD 225626209129
BAD 225655266901
BAD 225655274333
BAD 225655274393
BAD 225655327109
BAD 225655327111
BAD 225655327127
BAD 225626581363
BAD 225626581471
BAD 225626581493
BAD 225626588933
BAD 225627036169
BAD 225627188957
BAD 225627188959
BAD 225656277089
BAD 225656277113
BAD 225720124867
BAD 225523972087
BAD 225771570293
BAD 225720124871
BAD 225720124873
BAD 225627871081
BAD 225627897797
BAD 225627897799
BAD 225628153243
BAD 225720627877
BAD 225720656537
BAD 225628484801
BAD 225628484803
BAD 225772387627
BAD 225772387637
BAD 225772387639
BAD 225772395271
BAD 225628893937
BAD 225657359183
BAD 225657359197
BAD 225657359201
BAD 225657359203
BAD 225772771463
BAD 225772771481
BAD 225772839241
BAD 225629075647
BAD 225629157679
BAD 225629406857
BAD 225629406859
BAD 225526498657
BAD 225773698879
BAD 225629897851
BAD 225773875727
BAD 225658083319
BAD 225658112213
BAD 225526972129
BAD 225526972133
BAD 225630624007
BAD 225774842779
BAD 225774842929
BAD 225774842933
BAD 225774842947
BAD 225774856561
BAD 225658588093
BAD 225658588097
BAD 225527701181
BAD 225527701183
BAD 225631560391
BAD 225659233357
BAD 225659233369
BAD 225529089001
BAD 225529089011
BAD 225529089013
BAD 225659596639
BAD 225659600693
BAD 225659600743
BAD 225659600753
BAD 225659600759
BAD 225529438237
BAD 225529438241
BAD 225776846861
BAD 225776846863
BAD 225660297353
BAD 225777216271
BAD 225777421459
BAD 225633019793
BAD 225529854659
BAD 225529854661
BAD 225660733327
BAD 225633504931
BAD 225661174463
BAD 225634176893
BAD 225778657339
BAD 225662477983
BAD 225635080147
BAD 225662642147
BAD 225780028303
BAD 225780028321
BAD 225780028399
BAD 225780079321
BAD 225780084373
BAD 225636282691
BAD 225636366359
BAD 225636366367
BAD 225532842511
BAD 225532973531
BAD 225532973543
BAD 225636603233
BAD 225781409629
BAD 225781492147
BAD 225533717041
BAD 225664300007
BAD 225603675893
BAD 225664300009
BAD 225781858543
BAD 225537394013
BAD 225604275679
BAD 225604275683
BAD 225537596393
BAD 225537596539
BAD 225604519507
BAD 225604782121
BAD 225782930573
BAD 225782930587
BAD 225782935003
BAD 225605169793
BAD 225605169799
BAD 225605520533
BAD 225538672199
BAD 225538672217
BAD 225606048631
BAD 225606522413
BAD 225539541377
BAD 225785291747
BAD 225785291749
BAD 225785360629
BAD 225535506683
BAD 225535545007
BAD 225535545013
BAD 225535693637
BAD 225535693639
BAD 225788720543
BAD 225535693651
BAD 225541824419
BAD 225786034351
BAD 225608368693
BAD 225788720551
BAD 225553398409
BAD 225541824421
BAD 225570372977
BAD 225755298959
BAD 225666768373
BAD 225755298961
BAD 225722201543
BAD 225786140963
BAD 225570472789
BAD 225535847479
BAD 225535847483
BAD 225755571997
BAD 225755590171
BAD 225536195077
BAD 225608782411
BAD 225755655451
BAD 225553691861
BAD 225553691989
BAD 225755719711
BAD 225755719759
BAD 225789301603
BAD 225667624891
BAD 225542477131
BAD 225787094017
BAD 225789854123
BAD 225737902861
BAD 225787094021
BAD 225756298739
BAD 225668095223
BAD 225756298741
BAD 225756298763
BAD 225756403351
BAD 225668233183
BAD 225668233187
BAD 225789970283
BAD 225787274281
BAD 225542981863
BAD 225668625733
BAD 225543090281
BAD 225756767021
BAD 225572437943
BAD 225669099109
BAD 225554969141
BAD 225610994383
BAD 225757237073
BAD 225669326951
BAD 225669326957
BAD 225555018683
BAD 225555018691
BAD 225724795859
BAD 225611125253
BAD 225543692401
BAD 225543692417
BAD 225543692419
BAD 225790927961
BAD 225757488221
BAD 225790927963
BAD 225739017353
BAD 225757488223
BAD 225790927993
BAD 225543692443
BAD 225637733393
BAD 225725347229
BAD 225725347231
BAD 225725347363
BAD 225544044169
BAD 225791344463
BAD 225791420453
BAD 225573855181
BAD 225791420473
BAD 225758033833
BAD 225670030231
BAD 225555692189
BAD 225555692191
BAD 225670127779
BAD 225670127797
BAD 225670127827
BAD 225612257683
BAD 225791790463
BAD 225739982627
BAD 225555879383
BAD 225792062233
BAD 225792062239
BAD 225792062263
BAD 225740238697
BAD 225612690803
BAD 225726131783
BAD 225726131791
BAD 225740249851
BAD 225544756447
BAD 225544756453
BAD 225670534003
BAD 225670534007
BAD 225670534009
BAD 225670534099
BAD 225574741981
BAD 225726211247
BAD 225726211261
BAD 225556058137
BAD 225556058153
BAD 225556058159
BAD 225758891663
BAD 225726335803
BAD 225726335839
BAD 225726335843
BAD 225639554603
BAD 225639554663
BAD 225726449681
BAD 225740801659
BAD 225639728731
BAD 225759312497
BAD 225575198239
BAD 225575198243
BAD 225613570549
BAD 225741141029
BAD 225640089833
BAD 225575470963
BAD 225741141071
BAD 225741141079
BAD 225545937629
BAD 225760176379
BAD 225760259663
BAD 225556631959
BAD 225575999161
BAD 225640955093
BAD 225576159049
BAD 225576159079
BAD 225576282577
BAD 225760922119
BAD 225760922159
BAD 225760922161
BAD 225760981871
BAD 225761035153
BAD 225576438701
BAD 225576476623
BAD 225547197833
BAD 225547197839
BAD 225728214799
BAD 225728230193
BAD 225761343811
BAD 225728240561
BAD 225794721311
BAD 225743218859
BAD 225743218861
BAD 225743218891
BAD 225795121397
BAD 225795121441
BAD 225743271763
BAD 225743271769
BAD 225743271773
BAD 225795229463
BAD 225762219259
BAD 225762219271
BAD 225642777079
BAD 225762302419
BAD 225557575433
BAD 225557590051
BAD 225729266143
BAD 225762454213
BAD 225743635043
BAD 225743635063
BAD 225729605047
BAD 225615439297
BAD 225577971763
BAD 225729679867
BAD 225729679951
BAD 225729815063
BAD 225643821659
BAD 225643821661
BAD 225729844079
BAD 225615795863
BAD 225744042523
BAD 225644002151
BAD 225730023473
BAD 225744098011
BAD 225549066313
BAD 225578926849
BAD 225744098017
BAD 225588164623
BAD 225644525593
BAD 225796895221
BAD 225730047223
BAD 225796932443
BAD 225549230087
BAD 225549230089
BAD 225549230129
BAD 225549230131
BAD 225644678731
BAD 225618260773
BAD 225797178833
BAD 225579315329
BAD 225579315331
BAD 225579315371
BAD 225579315373
BAD 225766035919
BAD 225560276839
BAD 225588731843
BAD 225797351687
BAD 225797375627
BAD 225589045181
BAD 225560591119
BAD 225589246249
BAD 225589246261
BAD 225560635739
BAD 225589299937
BAD 225580679453
BAD 225689674391
BAD 225619018501
BAD 225731148767
BAD 225550123339
BAD 225689674393
BAD 225745872811
BAD 225767507113
BAD 225689674403
BAD 225645960773
BAD 225589299941
BAD 225550123343
BAD 225589299997
BAD 225589300003
BAD 225580794919
BAD 225589454149
BAD 225767699191
BAD 225731406283
BAD 225689895049
BAD 225619298393
BAD 225746147219
BAD 225731585047
BAD 225581155931
BAD 225731751041
BAD 225731751043
BAD 225731772829
BAD 225561050893
BAD 225589980113
BAD 225690240883
BAD 225619813457
BAD 225591405983
BAD 225768296717
BAD 225747280907
BAD 225647563111
BAD 225582746029
BAD 225619813459
BAD 225747280909
BAD 225591405989
BAD 225747280919
BAD 225591405997
BAD 225647563129
BAD 225747280921
BAD 225647563133
BAD 225647563147
BAD 225582758243
BAD 225732402283
BAD 225562044661
BAD 225591436351
BAD 225619879417
BAD 225551298857
BAD 225551298859
BAD 225797849449
BAD 225591584773
BAD 225591653123
BAD 225562287787
BAD 225551596771
BAD 225551661233
BAD 225690309083
BAD 225768850091
BAD 225768850093
BAD 225583290893
BAD 225747849949
BAD 225592286173
BAD 225748090969
BAD 225552220219
BAD 225733647353
BAD 225798852953
BAD 225769448231
BAD 225769479083
BAD 225690996019
BAD 225799124753
BAD 225552704287
BAD 225734151869
BAD 225769811269
BAD 225563311163
BAD 225691225031
BAD 225691225033
BAD 225649703353
BAD 225649754797
BAD 225734683351
BAD 225770309491
BAD 225749518567
BAD 225749518573
BAD 225749518583
BAD 225564060781
BAD 225770894359
BAD 225564083683
BAD 225650540333
BAD 225593884861
BAD 225749731549
BAD 225691961083
BAD 225771313249
BAD 225749731553
BAD 225735663053
BAD 225651027247
BAD 225651027253
BAD 225651027257
BAD 225800900821
BAD 225651085109
BAD 225736160161
BAD 225564868381
BAD 225750204067
BAD 225750208069
BAD 225651532471
BAD 225651564007
BAD 225736364683
BAD 225750302543
BAD 225565109747
BAD 225585142633
BAD 225750606097
BAD 225750606113
BAD 225692725411
BAD 225585352219
BAD 225736974361
BAD 225585525943
BAD 225750893857
BAD 225750893917
BAD 225595298671
BAD 225652499101
BAD 225652691443
BAD 225586463423
BAD 225751241449
BAD 225566053253
BAD 225693241549
BAD 225802392313
BAD 225586463429
BAD 225586463449
BAD 225802392317
BAD 225652828333
BAD 225652828337
BAD 225652828339
BAD 225652828343
BAD 225566784461
BAD 225566784463
BAD 225752104909
BAD 225597644491
BAD 225597644513
BAD 225567106783
BAD 225597775729
BAD 225752590631
BAD 225752590633
BAD 225694385269
BAD 225752697593
BAD 225752697601
BAD 225567469549
BAD 225567469553
BAD 225598590499
BAD 225803551019
BAD 225567838163
BAD 225695165053
BAD 225803791019
BAD 225695165093
BAD 225598897543
BAD 225753311141
BAD 225598897547
BAD 225753311143
BAD 225753311149
BAD 225803800153
BAD 225568544039
BAD 225568643347
BAD 225804023371
BAD 225599659013
BAD 225599840723
BAD 225599840729
BAD 225599840731
BAD 225754137493
BAD 225600187853
BAD 225600334459
BAD 225754443841
BAD 225569940601
BAD 225696779963
BAD 225696841837
BAD 225600830311
BAD 225600998783
BAD 225600998789
BAD 225601141523
BAD 225601195583
BAD 225698115413
BAD 225698115421
BAD 225698115431
BAD 225601925047
BAD 225698632109
BAD 225698632111
BAD 225698655937
BAD 225699247909
BAD 225701635633
BAD 225821723641
BAD 225821868977
BAD 225821868997
BAD 225821869003
BAD 225822022453
BAD 225822227489
BAD 225825363499
BAD 225825503731
BAD 225825622937
BAD 225826178587
BAD 225826724183
BAD 225827883271
BAD 225828391609
BAD 225828391619
BAD 225828564293
BAD 225828564301
BAD 225828564469
BAD 225828564473
BAD 225829181167
BAD 225829345309
BAD 225829582133
BAD 225829582141
BAD 225829582163
BAD 225829582171
BAD 225830018131
BAD 225830018137
BAD 225830121529
BAD 225830121533
BAD 225830326349
BAD 225830326361
BAD 225830557307
BAD 225832114411
BAD 225832351429
BAD 225832351441
BAD 225832646173
BAD 225832646177
BAD 225835769239
BAD 225837902299
BAD 225805367153
BAD 225805437817
BAD 225805737187
BAD 225806480689
BAD 225806480693
BAD 225807464041
BAD 225807692527
BAD 225807868441
BAD 225807965597
BAD 225808112093
BAD 225808112141
BAD 225808112143
BAD 225808112147
BAD 225808112149
BAD 225809753599
BAD 225809833453
BAD 225810815779
BAD 225811875853
BAD 225814386839
BAD 225814386841
BAD 225814879951
BAD 225817775429
BAD 225817775431
BAD 225817775437
BAD 225818137733
BAD 225819009733
BAD 225839780119
BAD 225841038443
BAD 225841227841
BAD 225841779223
BAD 225844736813
BAD 225844793359
BAD 225845284523
BAD 225846259703
BAD 225846448493
BAD 225846681173
BAD 225847230361
BAD 225847529191
BAD 225847582099
BAD 225847845833
BAD 225847845841
BAD 225848586863
BAD 225848586883
BAD 225849710971
BAD 225849881297
BAD 225850308181
BAD 225850308253
BAD 225850395083
BAD 225852745661
BAD 225852745663
BAD 225853877017
BAD 225854259053
BAD 225854819539
BAD 225854819543
BAD 225855626629
BAD 225855942181
BAD 225856622909
BAD 225856622911
BAD 225856622923
BAD 225857557501
BAD 225857950807
BAD 225858413873
BAD 225858450833
BAD 225858450841
BAD 225862206769
BAD 225863119777
BAD 225864105667
BAD 225865462133
BAD 225866629291
BAD 225866641369
BAD 225866641423
BAD 225866729131
BAD 225866796283
BAD 225867181963
BAD 225868590499
BAD 225868721599
BAD 225869084603
BAD 225869787511
BAD 225869787529
BAD 225870267869
BAD 225870267871
BAD 225870831961
BAD 225870831973
BAD 225870832009
BAD 225870838813
BAD 225871640867
BAD 225889736003
BAD 225891104851
BAD 225891585947
BAD 225891585949
BAD 225891805453
BAD 225891805457
BAD 225891805459
BAD 225891805463
BAD 225893787089
BAD 225893956297
BAD 225894616967
BAD 225894678103
BAD 225895517791
BAD 225896428531
BAD 225897187801
BAD 225897721187
BAD 225897721213
BAD 225898030789
BAD 225898030793
BAD 225899059229
BAD 225899059231
BAD 225899414921
BAD 225899423161
BAD 225899423179
BAD 225899501491
BAD 225901172983
BAD 225902922149
BAD 225902922151
BAD 225902936143
BAD 225903689747
BAD 225903689749
BAD 225904055863
BAD 225904124311
BAD 225904425349
BAD 225904625521
BAD 225872156101
BAD 225873533491
BAD 225873544307
BAD 225873794813
BAD 225873988903
BAD 225874538971
BAD 225875956993
BAD 225876467777
BAD 225876467779
BAD 225876467783
BAD 225877120457
BAD 225877120459
BAD 225877599613
BAD 225877599617
BAD 225878288303
BAD 225878512759
BAD 225880013453
BAD 225880320709
BAD 225880532413
BAD 225880778731
BAD 225881956687
BAD 225881956733
BAD 225881998799
BAD 225881998801
BAD 225881998829
BAD 225881998831
BAD 225882254251
BAD 225882340133
BAD 225882340141
BAD 225882340147
BAD 225883245439
BAD 225883245443
BAD 225883245449
BAD 225884566013
BAD 225885423461
BAD 225885877531
BAD 225886162039
BAD 225886162043
BAD 225886917173
BAD 225886917181
BAD 225922550369
BAD 225922713143
BAD 225923291567
BAD 225923291569
BAD 225923615791
BAD 225925974049
BAD 225926438833
BAD 225926625773
BAD 225926625781
BAD 225926958623
BAD 225927564661
BAD 225927842363
BAD 225928771363
BAD 225929491703
BAD 225929491709
BAD 225930077017
BAD 225930773363
BAD 225930881573
BAD 225930881581
BAD 225931106081
BAD 225931106083
BAD 225932203349
BAD 225932203351
BAD 225932587739
BAD 225932587831
BAD 225932587871
BAD 225932587873
BAD 225932587877
BAD 225932670053
BAD 225935237293
BAD 225935577661
BAD 225935577677
BAD 225936294769
BAD 225936294853
BAD 225938392109
BAD 225938392111
BAD 225938392133
BAD 225938392139
BAD 225938797213
BAD 226041361229
BAD 226041456677
BAD 226041567953
BAD 226042327243
BAD 226042327249
BAD 226042327253
BAD 226042382273
BAD 226043490877
BAD 226044253189
BAD 226044581603
BAD 226046350279
BAD 226047006443
BAD 226047039973
BAD 226047612083
BAD 226048282951
BAD 226048357277
BAD 226048357279
BAD 226048357291
BAD 226049514289
BAD 226049743819
BAD 226049743823
BAD 226049743831
BAD 226049821211
BAD 226049821213
BAD 226050129469
BAD 226050140633
BAD 226050369497
BAD 225955974401
BAD 226050369499
BAD 225955974449
BAD 225955974451
BAD 225955974481
BAD 225955974499
BAD 226050425203
BAD 226050425207
BAD 225956450843
BAD 225956450849
BAD 225956450851
BAD 225956450857
BAD 225956848589
BAD 225956848591
BAD 226175149327
BAD 226175149331
BAD 226175149339
BAD 225957177709
BAD 225957248689
BAD 225957248701
BAD 226051882493
BAD 226175832133
BAD 226052296699
BAD 225958299379
BAD 226176683701
BAD 226177494511
BAD 226177497677
BAD 226177497683
BAD 226177497709
BAD 226177930441
BAD 226054335917
BAD 226054335919
BAD 226178016089
BAD 226178016091
BAD 226178172617
BAD 226055450563
BAD 226055912333
BAD 226180708783
BAD 225961017067
BAD 225961043149
BAD 225961043153
BAD 225961684523
BAD 225961996717
BAD 225961996721
BAD 225961996723
BAD 225961996727
BAD 225963791177
BAD 225963791191
BAD 226140686419
BAD 226140702763
BAD 226140767551
BAD 226140837173
BAD 226140837193
BAD 226140967981
BAD 226141621949
BAD 226181700803
BAD 225939229213
BAD 226142352847
BAD 226142352859
BAD 226142453767
BAD 225939607471
BAD 226142453773
BAD 226182051883
BAD 226182051889
BAD 226182052403
BAD 226182064613
BAD 226143119749
BAD 226143119753
BAD 226143382177
BAD 226143993001
BAD 226144032341
BAD 226144032343
BAD 226144032353
BAD 225941548477
BAD 225941891341
BAD 225941944069
BAD 225941975929
BAD 226144763659
BAD 225907529971
BAD 226184629919
BAD 226184629921
BAD 226184629949
BAD 226184629963
BAD 226184723389
BAD 225989693269
BAD 226145407847
BAD 226145472769
BAD 226145472809
BAD 226145472811
BAD 226145472821
BAD 226145472823
BAD 225943577843
BAD 226145472827
BAD 226145472829
BAD 226145951113
BAD 226145951131
BAD 225990650707
BAD 225990770573
BAD 225944889799
BAD 225991177537
BAD 226146686869
BAD 226146686873
BAD 225991722379
BAD 225946024333
BAD 226209977183
BAD 226210006291
BAD 225992231467
BAD 225992231477
BAD 226147599607
BAD 226147636513
BAD 225946935317
BAD 226147941977
BAD 225993700883
BAD 226148676991
BAD 226148676997
BAD 226148677009
BAD 225947845069
BAD 225994108553
BAD 225969322699
BAD 226211621863
BAD 226211647171
BAD 226149258677
BAD 226186710583
BAD 225912842929
BAD 225948109259
BAD 226186710587
BAD 226149258691
BAD 225995179559
BAD 226149258701
BAD 226149258703
BAD 225995179561
BAD 225995404651
BAD 226073370181
BAD 226149842483
BAD 225995820163
BAD 225995820203
BAD 226150148663
BAD 226187676619
BAD 226187676623
BAD 226187676629
BAD 226187676727
BAD 226187676731
BAD 225913760483
BAD 226187729359
BAD 226187729363
BAD 226187729381
BAD 225913810723
BAD 226074021629
BAD 226074021631
BAD 225949856399
BAD 225949856401
BAD 226074803047
BAD 225915290521
BAD 225949856413
BAD 226188391159
BAD 225969685069
BAD 226150803533
BAD 225996683293
BAD 225969685079
BAD 226074803063
BAD 225969722479
BAD 225969722483
BAD 225969722569
BAD 226188480409
BAD 226150907779
BAD 225996884557
BAD 225996884563
BAD 225996884593
BAD 226151131669
BAD 226188755609
BAD 226151187679
BAD 226151187683
BAD 226224368917
BAD 225950495791
BAD 225950524673
BAD 225950524699
BAD 225950524703
BAD 226189072409
BAD 226189072411
BAD 225916583521
BAD 225970617139
BAD 225997426591
BAD 226152735353
BAD 225919324039
BAD 225952277009
BAD 226189740901
BAD 226226433397
BAD 225919324069
BAD 225952277011
BAD 225952277017
BAD 225919335211
BAD 226226539927
BAD 226213156453
BAD 226213206301
BAD 226153041913
BAD 226226942839
BAD 226153162097
BAD 226153162099
BAD 226213642607
BAD 226227170579
BAD 226227170581
BAD 226227189241
BAD 226227189247
BAD 226227189263
BAD 226153530751
BAD 225998372471
BAD 226227463549
BAD 226214134033
BAD 225971776493
BAD 226153998383
BAD 226154014651
BAD 226228258409
BAD 226228258411
BAD 225953699227
BAD 226190753863
BAD 226076551733
BAD 225953872093
BAD 226154320963
BAD 225972205579
BAD 225972205583
BAD 225972205621
BAD 225953971723
BAD 226154536297
BAD 225972444017
BAD 225972444043
BAD 226154822401
BAD 225972662653
BAD 225972662659
BAD 225954492859
BAD 225954492871
BAD 225954499319
BAD 225954499321
BAD 226155316111
BAD 226000494829
BAD 225921184127
BAD 225921184129
BAD 226077915467
BAD 226077964043
BAD 226077964051
BAD 226078210951
BAD 225954512989
BAD 226156272679
BAD 225922077287
BAD 226217450783
BAD 225922077289
BAD 226001256863
BAD 226078913573
BAD 226156487681
BAD 226156487693
BAD 225922343401
BAD 226001581523
BAD 226230882239
BAD 226001845673
BAD 226001845679
BAD 226156909801
BAD 226157029793
BAD 226001976841
BAD 226001976847
BAD 226002112339
BAD 226231264339
BAD 226079780911
BAD 226079992903
BAD 226079992909
BAD 226002960319
BAD 226218734299
BAD 226232143183
BAD 226218846911
BAD 226218846913
BAD 226080876893
BAD 226003366403
BAD 226219147073
BAD 226232956231
BAD 226232956237
BAD 226232956241
BAD 226219416287
BAD 226219416289
BAD 226081837741
BAD 226081837747
BAD 226219476991
BAD 226004605543
BAD 226004605549
BAD 226081967431
BAD 226219616939
BAD 226219616941
BAD 226082400421
BAD 226233999931
BAD 226005871769
BAD 226005871771
BAD 226234544383
BAD 226234544387
BAD 226235142643
BAD 226235404333
BAD 226056614041
BAD 226221948991
BAD 226221949013
BAD 226084548121
BAD 226084620053
BAD 226084771463
BAD 226057504553
BAD 226057504559
BAD 226057504579
BAD 226085088727
BAD 226236384733
BAD 226085088731
BAD 226085088751
BAD 226085088769
BAD 226085168633
BAD 226236492967
BAD 226236492971
BAD 226236492973
BAD 226222866799
BAD 226236543661
BAD 226236792721
BAD 226057920353
BAD 226223251393
BAD 226223251399
BAD 226223251403
BAD 226236984949
BAD 226058225443
BAD 226058225447
BAD 226223665337
BAD 226058444603
BAD 226237764817
BAD 226059004849
BAD 226224193147
BAD 226086869647
BAD 226237971023
BAD 226237978909
BAD 226237978913
BAD 226238069693
BAD 226123715737
BAD 226006393471
BAD 226123839637
BAD 226123839653
BAD 226238607871
BAD 226060125017
BAD 226060125019
BAD 226238793821
BAD 226088113151
BAD 226088113159
BAD 226060661857
BAD 226060661861
BAD 226060661863
BAD 226190936827
BAD 226007353477
BAD 226007353513
BAD 226124522693
BAD 226158054071
BAD 226158054121
BAD 226124683753
BAD 226191321767
BAD 226191404389
BAD 226061142871
BAD 226089204241
BAD 226008257869
BAD 226008257879
BAD 226240597771
BAD 226061932477
BAD 226061932489
BAD 226061932501
BAD 226158800941
BAD 226192693141
BAD 226062110023
BAD 226158959449
BAD 226158959513
BAD 226158959599
BAD 226009089613
BAD 226023090211
BAD 226159047353
BAD 226023230249
BAD 226193305951
BAD 226126582567
BAD 226009895659
BAD 226009895663
BAD 226193657453
BAD 226024114189
BAD 226193974117
BAD 226194018529
BAD 226194018607
BAD 226194018613
BAD 226160111297
BAD 226160190107
BAD 226194329761
BAD 226194329797
BAD 226127363239
BAD 226127363243
BAD 225974320861
BAD 225974320867
BAD 225974362381
BAD 226011080927
BAD 226011080929
BAD 226024781713
BAD 225974701103
BAD 226161068849
BAD 226161068941
BAD 226195228229
BAD 226011646057
BAD 226128134137
BAD 226011848983
BAD 226011848989
BAD 226011849001
BAD 226025321749
BAD 226012287983
BAD 226012287997
BAD 226064548363
BAD 226012288031
BAD 226025545409
BAD 226025545411
BAD 226064628929
BAD 226064628931
BAD 226064628949
BAD 226161896633
BAD 226025631781
BAD 226161976489
BAD 226064800823
BAD 226196178389
BAD 226196178391
BAD 226196178413
BAD 226025960231
BAD 226025960233
BAD 226025960239
BAD 226025960243
BAD 226162573397
BAD 226129090001
BAD 226196431861
BAD 226129090003
BAD 226162573453
BAD 226013008357
BAD 226129090013
BAD 226026064639
BAD 226026064643
BAD 226013158823
BAD 226196816663
BAD 226065480373
BAD 225975940391
BAD 226013534429
BAD 226013534431
BAD 225976059391
BAD 225976066639
BAD 225976066643
BAD 226129833481
BAD 226163816917
BAD 226026911977
BAD 226066329109
BAD 225976783267
BAD 226198416683
BAD 225976948331
BAD 225976948333
BAD 226015050841
BAD 226130783273
BAD 226164716699
BAD 226027679629
BAD 226027679641
BAD 226131091369
BAD 226131091387
BAD 226199111903
BAD 226027793753
BAD 226027793759
BAD 226165331771
BAD 226027898209
BAD 226027898219
BAD 226027898221
BAD 226165401323
BAD 225977636663
BAD 226028155763
BAD 226199716159
BAD 226199716163
BAD 226199716181
BAD 226199942401
BAD 226028516059
BAD 226166128913
BAD 226166152231
BAD 226200194293
BAD 226200307831
BAD 226200307867
BAD 226200554737
BAD 226166755261
BAD 226029071887
BAD 226029071893
BAD 226029087103
BAD 226029087107
BAD 226068642203
BAD 226029300877
BAD 226200948683
BAD 226029300881
BAD 226029300883
BAD 226017644059
BAD 226200980821
BAD 226200980827
BAD 226167322501
BAD 226132870861
BAD 226132870867
BAD 226132870871
BAD 225979296233
BAD 225979333781
BAD 225979385887
BAD 226167734603
BAD 226029833531
BAD 226029945313
BAD 226029945319
BAD 226168250237
BAD 226168250239
BAD 226018809337
BAD 226019271979
BAD 226094110313
BAD 226069920607
BAD 226094216713
BAD 226094216717
BAD 226031016863
BAD 226019980063
BAD 226019980073
BAD 226019980079
BAD 225980965351
BAD 226169668139
BAD 226031361659
BAD 226203665431
BAD 226203676949
BAD 226095026491
BAD 226203703853
BAD 226203703867
BAD 226203703871
BAD 226134895549
BAD 226134895561
BAD 226070828383
BAD 226070828387
BAD 225981327079
BAD 226135147817
BAD 226135147897
BAD 226204010339
BAD 226204010341
BAD 226070971501
BAD 226204124543
BAD 225981544913
BAD 226170508451
BAD 226204377299
BAD 226020685747
BAD 226071428953
BAD 226032136249
BAD 226032136259
BAD 226032136261
BAD 226204656421
BAD 225982014553
BAD 226204956319
BAD 226032505081
BAD 226205625967
BAD 226205677337
BAD 226205677339
BAD 226205677343
BAD 226033308973
BAD 226033309009
BAD 226033309013
BAD 226205856601
BAD 226205856607
BAD 226137186347
BAD 226137186349
BAD 225983032909
BAD 226097596499
BAD 226097694091
BAD 226022717611
BAD 226022784773
BAD 226137681533
BAD 226137681563
BAD 226022859239
BAD 226022859241
BAD 226022859247
BAD 226098553673
BAD 226173788657
BAD 226138366591
BAD 226034797207
BAD 226034837183
BAD 226207315267
BAD 226207315291
BAD 226138610549
BAD 225984318089
BAD 226099280629
BAD 226099356887
BAD 226139077523
BAD 226139077529
BAD 226139077531
BAD 226139228479
BAD 226107243301
BAD 226107243319
BAD 226139299913
BAD 226139299963
BAD 226036236347
BAD 226107517277
BAD 226139902141
BAD 226139902159
BAD 226140131923
BAD 226140131929
BAD 225985876681
BAD 226037383043
BAD 226108137721
BAD 226101838819
BAD 225986258161
BAD 225986258167
BAD 226102645903
BAD 225987233513
BAD 225987233519
BAD 226108797307
BAD 226039235083
BAD 226039235087
BAD 226103400001
BAD 226103400013
BAD 226103400059
BAD 226103513371
BAD 226109412601
BAD 225988297967
BAD 226110035959
BAD 226241332741
BAD 226241332763
BAD 226241604103
BAD 226104735863
BAD 226104735869
BAD 226241911613
BAD 226242055057
BAD 226242055073
BAD 226242055103
BAD 226242055147
BAD 226111585223
BAD 226111585229
BAD 226242322013
BAD 226105154153
BAD 226243021157
BAD 226105735733
BAD 226243254179
BAD 226112776013
BAD 226243840099
BAD 226106375623
BAD 226106375633
BAD 226113866623
BAD 226113866659
BAD 226114297159
BAD 226245267221
BAD 226114297163
BAD 226245267223
BAD 226245267229
BAD 226114558003
BAD 226245602551
BAD 226245926449
BAD 226115319977
BAD 226115319979
BAD 226115450311
BAD 226115450329
BAD 226115597989
BAD 226247344483
BAD 226117612043
BAD 226248758237
BAD 226248758243
BAD 226248758269
BAD 226248758273
BAD 226249385221
BAD 226119493553
BAD 226120076909
BAD 226120076911
BAD 226251601453
BAD 226251601501
BAD 226120922107
BAD 226252310423
BAD 226121685323
BAD 226121685331
BAD 226121932171
BAD 226253266013
BAD 226122818609
BAD 226122818611
BAD 226253834797
BAD 226253834801
BAD 226253834803
BAD 226253834867
BAD 226253834869
BAD 226123374163
BAD 226254888007
BAD 226256774977
BAD 226275162803
BAD 226276656191
BAD 226276777913
BAD 226276777921
BAD 226276777943
BAD 226276777949
BAD 226277799857
BAD 226277799859
BAD 226278314267
BAD 226279044787
BAD 226279044791
BAD 226283190257
BAD 226283811217
BAD 226283909491
BAD 226283909497
BAD 226285561891
BAD 226287169039
BAD 226287893779
BAD 226287893789
BAD 226287893791
BAD 226288125409
BAD 226289129683
BAD 226289129687
BAD 226289409847
BAD 226259361499
BAD 226260143539
BAD 226260331837
BAD 226260331867
BAD 226261460393
BAD 226262443879
BAD 226262443937
BAD 226262527453
BAD 226262527457
BAD 226262527459
BAD 226265949367
BAD 226266171983
BAD 226266487309
BAD 226266487313
BAD 226268864917
BAD 226269186973
BAD 226269186991
BAD 226269688483
BAD 226269977539
BAD 226270485317
BAD 226273230263
BAD 226273306123
BAD 226273306141
BAD 226292012521
BAD 226292730277
BAD 226293723923
BAD 226294304683
BAD 226294626211
BAD 226294837403
BAD 226294837409
BAD 226295300419
BAD 226295300423
BAD 226295356373
BAD 226295435071
BAD 226296824987
BAD 226296824989
BAD 226298585213
BAD 226298932009
BAD 226298932039
BAD 226299139123
BAD 226299139127
BAD 226299581153
BAD 226300643479
BAD 226300643483
BAD 226302019529
BAD 226302451103
BAD 226302501683
BAD 226302549323
BAD 226302607723
BAD 226303852531
BAD 226304528927
BAD 226304528929
BAD 226307300123
BAD 226307886137
BAD 226308155771
BAD 226308372643
BAD 226309524941
BAD 226309524943
BAD 226309524953
BAD 226310583533
BAD 226310908913
BAD 226310908921
BAD 226310979137
BAD 226311447653
BAD 226312436969
BAD 226312436971
BAD 226325441843
BAD 226326247613
BAD 226326247633
BAD 226326277561
BAD 226314719011
BAD 226315460417
BAD 226315460419
BAD 226315460489
BAD 226315460491
BAD 226328523833
BAD 226316862103
BAD 226317119407
BAD 226317119417
BAD 226317119419
BAD 226317119423
BAD 226317703133
BAD 226318053673
BAD 226330517143
BAD 226330517159
BAD 226331937841
BAD 226332215623
BAD 226332330493
BAD 226332330503
BAD 226333239113
BAD 226333317409
BAD 226333317421
BAD 226334062217
BAD 226334062219
BAD 226334062231
BAD 226334554157
BAD 226334554163
BAD 226318726903
BAD 226318762741
BAD 226321021609
BAD 226322127683
BAD 226322223871
BAD 226322263019
BAD 226322263021
BAD 226322677733
BAD 226334894011
BAD 226336278199
BAD 226337413501
BAD 226338730703
BAD 226323150901
BAD 226323266311
BAD 226324589549
BAD 226324589551
BAD 226324778597
BAD 226324778599
BAD 226644063011
BAD 226644350147
BAD 226644792667
BAD 226646564239
BAD 226340248373
BAD 226340822993
BAD 226341170663
BAD 226341203899
BAD 226648359389
BAD 226648359391
BAD 226648947211
BAD 226649054641
BAD 226649054651
BAD 226649421389
BAD 226649421391
BAD 226409197501
BAD 226649654641
BAD 226649794883
BAD 226409772241
BAD 226650169981
BAD 226410211367
BAD 226410211369
BAD 226410211373
BAD 226410211381
BAD 226410211387
BAD 226410211399
BAD 226410211403
BAD 226650362891
BAD 226650362893
BAD 226410964499
BAD 226411360411
BAD 226526943271
BAD 226527206869
BAD 226527206881
BAD 226411705253
BAD 226527471743
BAD 226527471761
BAD 226527471787
BAD 226411953541
BAD 226412473531
BAD 226528265941
BAD 226528316747
BAD 226412707471
BAD 226528404737
BAD 226528404757
BAD 226413223567
BAD 226413347101
BAD 226413347233
BAD 226529112731
BAD 226530316217
BAD 226530316219
BAD 226530316231
BAD 226530828721
BAD 226531712221
BAD 226531712227
BAD 226415682781
BAD 226531961119
BAD 226531961129
BAD 226532063579
BAD 226652235673
BAD 226652429329
BAD 226652579893
BAD 226476150023
BAD 226654002391
BAD 226533870869
BAD 226476820567
BAD 226478028991
BAD 226478029033
BAD 226535122291
BAD 226535122313
BAD 226535254459
BAD 226478284213
BAD 226478284223
BAD 226536331223
BAD 226536567889
BAD 226536567893
BAD 226480068853
BAD 226480068869
BAD 226480085093
BAD 226657030351
BAD 226657030357
BAD 226657030361
BAD 226657030363
BAD 226657030367
BAD 226657227569
BAD 226657227571
BAD 226537034267
BAD 226537282453
BAD 226537282457
BAD 226480839631
BAD 226342035883
BAD 226481117419
BAD 226417863667
BAD 226627837529
BAD 226392586759
BAD 226481117431
BAD 226538582839
BAD 226627837531
BAD 226481117437
BAD 226538582843
BAD 226538676691
BAD 226342280363
BAD 226342367653
BAD 226342367659
BAD 226628525653
BAD 226539141407
BAD 226539141421
BAD 226418607313
BAD 226342656781
BAD 226482284957
BAD 226482335671
BAD 226539794893
BAD 226539843799
BAD 226482596581
BAD 226482787849
BAD 226482787877
BAD 226482812671
BAD 226343781577
BAD 226343781583
BAD 226343781589
BAD 226343781593
BAD 226394217407
BAD 226419484567
BAD 226394217409
BAD 226419586537
BAD 226344264173
BAD 226344281221
BAD 226344281269
BAD 226630126559
BAD 226630126561
BAD 226541429041
BAD 226541531023
BAD 226395394343
BAD 226484363783
BAD 226421118541
BAD 226421118551
BAD 226541929661
BAD 226484595287
BAD 226484595289
BAD 226395745699
BAD 226345558073
BAD 226460302561
BAD 226345630261
BAD 226345630267
BAD 226542233513
BAD 226484934719
BAD 226631487007
BAD 226631487011
BAD 226485194953
BAD 226346095337
BAD 226346178983
BAD 226346179009
BAD 226485500567
BAD 226422140731
BAD 226657703423
BAD 226460765243
BAD 226485500569
BAD 226460765291
BAD 226632436427
BAD 226346731199
BAD 226346731201
BAD 226632499217
BAD 226658436149
BAD 226658436157
BAD 226346861837
BAD 226397565469
BAD 226397565473
BAD 226658533069
BAD 226658533081
BAD 226632792811
BAD 226632792817
BAD 226632792821
BAD 226632820961
BAD 226632820963
BAD 226658605279
BAD 226658605321
BAD 226633053727
BAD 226398046859
BAD 226659210353
BAD 226659355843
BAD 226659355847
BAD 226659355849
BAD 226487418361
BAD 226349071891
BAD 226398435353
BAD 226462418653
BAD 226443170851
BAD 226634184289
BAD 226462418657
BAD 226443170903
BAD 226462418659
BAD 226443170917
BAD 226462418669
BAD 226634239631
BAD 226634239633
BAD 226423770179
BAD 226423877699
BAD 226659803003
BAD 226659803009
BAD 226659803011
BAD 226424138267
BAD 226399029379
BAD 226399029383
BAD 226660034431
BAD 226424419303
BAD 226399218841
BAD 226660210291
BAD 226660210313
BAD 226424479103
BAD 226424479117
BAD 226660306501
BAD 226444210141
BAD 226444210163
BAD 226444369133
BAD 226463772113
BAD 226425239731
BAD 226425239737
BAD 226444796833
BAD 226444796867
BAD 226444796869
BAD 226425474607
BAD 226425485249
BAD 226445441953
BAD 226351768697
BAD 226351809377
BAD 226377305911
BAD 226351912823
BAD 226400972401
BAD 226401036793
BAD 226401036803
BAD 226446511021
BAD 226377663571
BAD 226377663581
BAD 226377663623
BAD 226401100043
BAD 226377742831
BAD 226446653267
BAD 226446653269
BAD 226446653297
BAD 226446653299
BAD 226377812863
BAD 226378127011
BAD 226490267099
BAD 226401806209
BAD 226401809791
BAD 226352897443
BAD 226638344183
BAD 226638344189
BAD 226638344197
BAD 226638344201
BAD 226638344203
BAD 226466947879
BAD 226402662491
BAD 226402662503
BAD 226402957733
BAD 226403092973
BAD 226403409007
BAD 226354462261
BAD 226380115943
BAD 226380115957
BAD 226354778989
BAD 226468934207
BAD 226640059627
BAD 226492723867
BAD 226492754483
BAD 226448064691
BAD 226448064697
BAD 226448072063
BAD 226355705003
BAD 226640481443
BAD 226640486803
BAD 226640486827
BAD 226381722263
BAD 226381806811
BAD 226640553143
BAD 226640553149
BAD 226356128741
BAD 226356128743
BAD 226356281693
BAD 226356281743
BAD 226449101029
BAD 226449101033
BAD 226449101051
BAD 226405428533
BAD 226405428539
BAD 226405428541
BAD 226470851489
BAD 226470851491
BAD 226470969397
BAD 226641043381
BAD 226405777291
BAD 226449672289
BAD 226641463471
BAD 226641589913
BAD 226641589919
BAD 226641589921
BAD 226641589943
BAD 226406327363
BAD 226471945253
BAD 226471945283
BAD 226357379033
BAD 226357394839
BAD 226642313203
BAD 226407305407
BAD 226358533883
BAD 226472893747
BAD 226472941969
BAD 226473022639
BAD 226473077113
BAD 226451098901
BAD 226451098903
BAD 226643094151
BAD 226473975353
BAD 226474668887
BAD 226475183749
BAD 226452396113
BAD 226386158797
BAD 226452848273
BAD 226386639751
BAD 226453025171
BAD 226453025173
BAD 226453025209
BAD 226386807301
BAD 226386807319
BAD 226453394239
BAD 226386889921
BAD 226454471753
BAD 226455920671
BAD 226455920707
BAD 226456521479
BAD 226456521481
BAD 226456564141
BAD 226457211403
BAD 226457231029
BAD 226389057617
BAD 226359148489
BAD 226359148511
BAD 226359148513
BAD 226389457771
BAD 226458032929
BAD 226390012819
BAD 226390012829
BAD 226390012831
BAD 226390012859
BAD 226390012861
BAD 226390012867
BAD 226390012873
BAD 226390142707
BAD 226390777289
BAD 226390777297
BAD 226459078597
BAD 226459183271
BAD 226459183273
BAD 226361238127
BAD 226361238143
BAD 226361238151
BAD 226361238157
BAD 226392063983
BAD 226612316449
BAD 226612316473
BAD 226612316477
BAD 226612316479
BAD 226612316509
BAD 226612316531
BAD 226612316587
BAD 226494644063
BAD 226362643313
BAD 226612887829
BAD 226612887833
BAD 226362979441
BAD 226362979457
BAD 226495812293
BAD 226613768429
BAD 226613768431
BAD 226614352067
BAD 226364495491
BAD 226614707239
BAD 226614707243
BAD 226614707251
BAD 226365409189
BAD 226615177549
BAD 226499687473
BAD 226500535399
BAD 226500535403
BAD 226615911107
BAD 226615911113
BAD 226615979593
BAD 226616275801
BAD 226501279451
BAD 226501279453
BAD 226501279457
BAD 226616871017
BAD 226616871023
BAD 226501757723
BAD 226616871029
BAD 226425811433
BAD 226616871031
BAD 226367280793
BAD 226367280803
BAD 226367280823
BAD 226367280833
BAD 226543384843
BAD 226426143599
BAD 226502119397
BAD 226502119399
BAD 226367574163
BAD 226617504209
BAD 226426744393
BAD 226426744597
BAD 226426744601
BAD 226426744603
BAD 226617711811
BAD 226617711823
BAD 226617711833
BAD 226577580263
BAD 226368346679
BAD 226368346681
BAD 226368346703
BAD 226368413149
BAD 226577874167
BAD 226577874169
BAD 226618212553
BAD 226503915289
BAD 226580824579
BAD 226619094743
BAD 226560445021
BAD 226545727741
BAD 226368968629
BAD 226593509357
BAD 226545727747
BAD 226430160899
BAD 226503915293
BAD 226545727753
BAD 226593638549
BAD 226545915073
BAD 226545915097
BAD 226545915109
BAD 226504162673
BAD 226593781727
BAD 226593781741
BAD 226546120859
BAD 226504291639
BAD 226369451401
BAD 226561075313
BAD 226561075319
BAD 226581603439
BAD 226619744861
BAD 226619744863
BAD 226561264561
BAD 226561331443
BAD 226504902067
BAD 226370079427
BAD 226619985271
BAD 226594604317
BAD 226370404951
BAD 226431601103
BAD 226594813273
BAD 226505376451
BAD 226370471671
BAD 226582353103
BAD 226582353169
BAD 226505467841
BAD 226505467843
BAD 226505467849
BAD 226620307621
BAD 226582456883
BAD 226370690503
BAD 226595130703
BAD 226582698547
BAD 226432072567
BAD 226432072571
BAD 226432072597
BAD 226547781697
BAD 226371007703
BAD 226562650777
BAD 226371331741
BAD 226620893971
BAD 226620893977
BAD 226595736691
BAD 226548563573
BAD 226371726499
BAD 226371726509
BAD 226371726533
BAD 226510663217
BAD 226507546553
BAD 226433231819
BAD 226548866041
BAD 226596278497
BAD 226585030019
BAD 226563240797
BAD 226585030051
BAD 226585030057
BAD 226433394247
BAD 226371881041
BAD 226596560213
BAD 226508036333
BAD 226508036341
BAD 226508036351
BAD 226508036353
BAD 226585602653
BAD 226549569163
BAD 226585749293
BAD 226511504963
BAD 226508649889
BAD 226434533119
BAD 226597588039
BAD 226597588043
BAD 226512241643
BAD 226564866937
BAD 226434954217
BAD 226512633283
BAD 226434954223
BAD 226512633287
BAD 226622227099
BAD 226598115221
BAD 226598115223
BAD 226435384969
BAD 226587315193
BAD 226587315197
BAD 226587356651
BAD 226587432319
BAD 226512958223
BAD 226512958229
BAD 226622765233
BAD 226622781403
BAD 226513023983
BAD 226565883473
BAD 226565883499
BAD 226565883503
BAD 226622948521
BAD 226565943229
BAD 226435926961
BAD 226435926979
BAD 226623081889
BAD 226623081929
BAD 226552083391
BAD 226374150503
BAD 226587944753
BAD 226513519943
BAD 226599315829
BAD 226566604351
BAD 226588421401
BAD 226566719917
BAD 226375062451
BAD 226553072539
BAD 226375062457
BAD 226588723793
BAD 226624612633
BAD 226600063819
BAD 226514452589
BAD 226600168063
BAD 226514504647
BAD 226514504651
BAD 226514504653
BAD 226600177823
BAD 226589403893
BAD 226589403913
BAD 226553721307
BAD 226553721337
BAD 226553721341
BAD 226514661103
BAD 226514661133
BAD 226600388107
BAD 226600388117
BAD 226600388143
BAD 226600531039
BAD 226600531043
BAD 226600531063
BAD 226554348983
BAD 226625795887
BAD 226554600703
BAD 226554600751
BAD 226554600809
BAD 226601064271
BAD 226515366751
BAD 226567951261
BAD 226515366757
BAD 226554746749
BAD 226626165769
BAD 226626170489
BAD 226554828613
BAD 226626436849
BAD 226626436853
BAD 226626436873
BAD 226590978379
BAD 226591226539
BAD 226568319337
BAD 226601479967
BAD 226601479969
BAD 226601786129
BAD 226516519871
BAD 226516519883
BAD 226568937079
BAD 226568937083
BAD 226569040177
BAD 226556280217
BAD 226516935061
BAD 226516935067
BAD 226440037193
BAD 226592333249
BAD 226592333251
BAD 226517298157
BAD 226517342189
BAD 226517346023
BAD 226603159703
BAD 226603314233
BAD 226569983239
BAD 226569983243
BAD 226570051517
BAD 226557234593
BAD 226557234613
BAD 226557234619
BAD 226557234623
BAD 226570108283
BAD 226570108291
BAD 226603994107
BAD 226518254891
BAD 226518509557
BAD 226518509563
BAD 226593423107
BAD 226593423109
BAD 226518803647
BAD 226518916109
BAD 226558162111
BAD 226571391757
BAD 226571408731
BAD 226605356251
BAD 226571807191
BAD 226571807201
BAD 226605408209
BAD 226519703959
BAD 226519704001
BAD 226572205231
BAD 226442229173
BAD 226519994713
BAD 226606063111
BAD 226442229203
BAD 226519994717
BAD 226519994719
BAD 226606088911
BAD 226572679807
BAD 226606754117
BAD 226606927081
BAD 226521013577
BAD 226521050669
BAD 226521050671
BAD 226521470117
BAD 226573950151
BAD 226521718999
BAD 226607892887
BAD 226607892923
BAD 226607900809
BAD 226607900873
BAD 226608224209
BAD 226522856869
BAD 226522856873
BAD 226523196019
BAD 226523196023
BAD 226523256733
BAD 226523258699
BAD 226575379663
BAD 226523418307
BAD 226523418323
BAD 226575536581
BAD 226575608053
BAD 226523987597
BAD 226524006901
BAD 226575874981
BAD 226609856489
BAD 226609856491
BAD 226524323783
BAD 226526170069
BAD 226661474597
BAD 226661474603
BAD 226662338743
BAD 226662638903
BAD 226663574933
BAD 226663702553
BAD 226663856449
BAD 226663856453
BAD 226663927159
BAD 226663927207
BAD 226665646877
BAD 226667498423
BAD 226668131647
BAD 226668131663
BAD 226668750397
BAD 226668847729
BAD 226668847733
BAD 226668847837
BAD 226668954383
BAD 226670017403
BAD 226670054629
BAD 226670671057
BAD 226671416501
BAD 226671479527
BAD 226671657539
BAD 226672261313
BAD 226673117149
BAD 226673904073
BAD 226673904077
BAD 226673937151
BAD 226674236293
BAD 226674236303
BAD 226674465349
BAD 226674960929
BAD 226675024913
BAD 226675201481
BAD 226675201483
BAD 226675201499
BAD 226675201507
BAD 226675217719
BAD 226675987039
BAD 226676448431
BAD 226676448433
BAD 226676448451
BAD 226676701039
BAD 226676840063
BAD 226677172651
BAD 226679015753
BAD 226679019631
BAD 226679537551
BAD 226680062683
BAD 226681058183
BAD 226681058189
BAD 226681121521
BAD 226681356833
BAD 226681638049
BAD 226682389897
BAD 226683357673
BAD 226683958159
BAD 226684069987
BAD 226686490831
BAD 226688344429
BAD 226688484923
BAD 226689476213
BAD 226689476423
BAD 226689984701
BAD 226689984707
BAD 226689984709
BAD 226690371923
BAD 226690932277
BAD 226690932283
BAD 226690932323
BAD 226691173067
BAD 226691173069
BAD 226691391541
BAD 226691762419
BAD 226692382087
BAD 226693553719
BAD 226694051977
BAD 226694130079
BAD 226694247103
BAD 226695101183
BAD 226695890903
BAD 226695890917
BAD 226696363997
BAD 226697878579
BAD 226699557967
BAD 226700170321
BAD 226700170331
BAD 226700392889
BAD 226700465183
BAD 226700612573
BAD 226700939779
BAD 226701215107
BAD 226701302921
BAD 226701302923
BAD 226701756739
BAD 226701845329
BAD 226702025729
BAD 226702025731
BAD 226702086917
BAD 226702086929
BAD 226702086931
BAD 226702086937
BAD 226702734977
BAD 226702852897
BAD 226702852951
BAD 226704139603
BAD 226704139609
BAD 226704139643
BAD 226704332587
BAD 226704605227
BAD 226705002809
BAD 226705382671
BAD 226706283967
BAD 226707119809
BAD 226707119813
BAD 226708007237
BAD 226708412809
BAD 226708503919
BAD 226708615229
BAD 226708888537
BAD 226709752441
BAD 226709752453
BAD 226711640293
BAD 226712813053
BAD 226712826091
BAD 226712848949
BAD 226713046687
BAD 226713046691
BAD 226714163371
BAD 226714630741
BAD 226715248351
BAD 226715987593
BAD 226717448123
BAD 226719528367
BAD 226720102621
BAD 226720102627
BAD 226720935823
BAD 226720935967
BAD 226720935971
BAD 226722672703
BAD 226724189623
BAD 226725102211
BAD 226725678541
BAD 226725840997
BAD 226727425957
BAD 226727455939
BAD 226727639617
BAD 226728036683
BAD 226728036757
BAD 226728581819
BAD 226730407513
BAD 226730447527
BAD 226730447549
BAD 226730574799
BAD 226731349787
BAD 226732056101
BAD 226734014093
BAD 226745079313
BAD 226734439391
BAD 226745672191
BAD 226745706049
BAD 226745706059
BAD 226746081019
BAD 226735518743
BAD 226735518749
BAD 226736058743
BAD 226736264753
BAD 226736857163
BAD 226737217807
BAD 226737217813
BAD 226737301003
BAD 226737748841
BAD 226738134127
BAD 226762173593
BAD 226738479241
BAD 226748310493
BAD 226748310517
BAD 226748310563
BAD 226748621657
BAD 226748621663
BAD 226763249443
BAD 226763317943
BAD 226763550287
BAD 226763550289
BAD 226749326833
BAD 226749326863
BAD 226749538537
BAD 226750287161
BAD 226750287163
BAD 226750287167
BAD 226750287173
BAD 226765460569
BAD 226766026579
BAD 226766026583
BAD 226766487401
BAD 226767977903
BAD 226768094521
BAD 226768709837
BAD 226740211031
BAD 226740211037
BAD 226740235637
BAD 226769081963
BAD 226740235639
BAD 226740235643
BAD 226740539027
BAD 226741063963
BAD 226741602103
BAD 226771521019
BAD 226771521023
BAD 226778814091
BAD 226779082861
BAD 226772446871
BAD 226753417609
BAD 226779609241
BAD 226779609247
BAD 226779609257
BAD 226779609319
BAD 226779632491
BAD 226773181133
BAD 226779854569
BAD 226779854573
BAD 226754422949
BAD 226754436463
BAD 226754436577
BAD 226780864003
BAD 226754777023
BAD 226879183579
BAD 226774670827
BAD 226774670833
BAD 226879641061
BAD 226879765499
BAD 226744238509
BAD 226775897363
BAD 226830025663
BAD 226879765501
BAD 226782214667
BAD 226830025729
BAD 226782214669
BAD 226811582771
BAD 226811582773
BAD 226782406957
BAD 226776108803
BAD 226776334217
BAD 226776507187
BAD 226776689851
BAD 226812244859
BAD 226812244861
BAD 226881361307
BAD 226881361309
BAD 226777752637
BAD 226777752653
BAD 226755706193
BAD 226813893689
BAD 226784720191
BAD 226784835007
BAD 226784967257
BAD 226784967259
BAD 226784967263
BAD 226785171763
BAD 226795749721
BAD 226785392191
BAD 226814686081
BAD 226796261413
BAD 226833271253
BAD 226815185573
BAD 226815185579
BAD 226815185581
BAD 226815279193
BAD 226884112111
BAD 226884112123
BAD 226797069293
BAD 226797127729
BAD 226758751591
BAD 226758785923
BAD 226833876779
BAD 226758907649
BAD 226758907651
BAD 226834185049
BAD 226816716457
BAD 226816777519
BAD 226884837737
BAD 226798544491
BAD 226798544503
BAD 226759852289
BAD 226759852303
BAD 226787837897
BAD 226787895911
BAD 226787895913
BAD 226759941607
BAD 226787999387
BAD 226817485823
BAD 226788647003
BAD 226761037879
BAD 226798950907
BAD 226798950953
BAD 226799137871
BAD 226835236819
BAD 226885684691
BAD 226885684693
BAD 226885684703
BAD 226885684709
BAD 226885684723
BAD 226885796381
BAD 226799280581
BAD 226885830959
BAD 226885830991
BAD 226799374621
BAD 226789193693
BAD 226789193699
BAD 226835707039
BAD 226789293743
BAD 226886190119
BAD 226886190121
BAD 226886190137
BAD 226799723947
BAD 226799723957
BAD 226818450013
BAD 226818450017
BAD 226886716613
BAD 226836278167
BAD 226819347221
BAD 226819347233
BAD 226836918331
BAD 226819684853
BAD 226819684859
BAD 226801379209
BAD 226837270843
BAD 226791647491
BAD 226791647497
BAD 226791647501
BAD 226791647513
BAD 226837391639
BAD 226837400761
BAD 226837510489
BAD 226837687849
BAD 226837687859
BAD 226837687861
BAD 226820273423
BAD 226792385551
BAD 226889123963
BAD 226889123971
BAD 226889501581
BAD 226793160961
BAD 226793160973
BAD 226793160977
BAD 226821138091
BAD 226821311753
BAD 226838872621
BAD 226890357713
BAD 226838990249
BAD 226838990251
BAD 226794016937
BAD 226839003511
BAD 226890743399
BAD 226803583507
BAD 226803697343
BAD 226822754329
BAD 226892678569
BAD 226823166863
BAD 226805273423
BAD 226823339299
BAD 226823339317
BAD 226823339321
BAD 226805426389
BAD 226893606593
BAD 226823862977
BAD 226823862983
BAD 226894295129
BAD 226841148319
BAD 226841148323
BAD 226894500709
BAD 226894500727
BAD 226806395119
BAD 226806395131
BAD 226894586693
BAD 226894586701
BAD 226824295853
BAD 226895114399
BAD 226895189713
BAD 226841790841
BAD 226824875791
BAD 226843992863
BAD 226808189483
BAD 226844005253
BAD 226844005261
BAD 226808682263
BAD 226844715913
BAD 226808859911
BAD 226808859913
BAD 226808859941
BAD 226825828577
BAD 226809204499
BAD 226809204511
BAD 226809204533
BAD 226809204547
BAD 226809204551
BAD 226809204553
BAD 226809281243
BAD 226809408541
BAD 226826210263
BAD 226809549823
BAD 226827903361
BAD 226811490127
BAD 226828188311
BAD 226895514037
BAD 226895603659
BAD 226895603677
BAD 226895621783
BAD 226895621791
BAD 226895883059
BAD 226895883061
BAD 226896000803
BAD 226896000817
BAD 226896000847
BAD 226896000853
BAD 226896451813
BAD 226896754219
BAD 226897982011
BAD 226897982027
BAD 226898494763
BAD 227063340157
BAD 227064145601
BAD 227064145603
BAD 227064712471
BAD 227065147423
BAD 227065147429
BAD 227065147433
BAD 227065147447
BAD 227065147451
BAD 227065147453
BAD 227065147501
BAD 227065147513
BAD 227066165119
BAD 227066165173
BAD 227066165177
BAD 227067618553
BAD 227067719899
BAD 227067934679
BAD 227068304539
BAD 226899624199
BAD 226899680179
BAD 227069087717
BAD 227069087719
BAD 227069258929
BAD 226900309093
BAD 226901002309
BAD 227070344113
BAD 227070344119
BAD 226901400709
BAD 227070422263
BAD 227070507031
BAD 226902276473
BAD 226904231381
BAD 226904231383
BAD 227072374909
BAD 227072741669
BAD 226904493833
BAD 227073692569
BAD 227073981007
BAD 227076384097
BAD 226861888573
BAD 227077617509
BAD 227077899079
BAD 227078052709
BAD 227078052713
BAD 227078245861
BAD 226905134419
BAD 227079559673
BAD 227079808171
BAD 226865257313
BAD 226865527111
BAD 226906830613
BAD 226866129713
BAD 226906830617
BAD 226906893793
BAD 226866715409
BAD 226867218049
BAD 226867218121
BAD 226867981283
BAD 226867981289
BAD 226867981303
BAD 226869011153
BAD 226869120923
BAD 226869121051
BAD 226869121057
BAD 226869121069
BAD 226869620911
BAD 226906951003
BAD 226870070971
BAD 226907569943
BAD 226907569949
BAD 226907684561
BAD 226870991131
BAD 226871321969
BAD 226872319633
BAD 226909390753
BAD 226909390759
BAD 226910169383
BAD 226910261863
BAD 226874461459
BAD 226911494153
BAD 226997746463
BAD 226911600511
BAD 226876657219
BAD 226845579313
BAD 226911703973
BAD 226911703987
BAD 226912142827
BAD 226877857823
BAD 226929830923
BAD 226929830927
BAD 226929830929
BAD 226929830951
BAD 226878395839
BAD 226846623439
BAD 226999060931
BAD 226999060933
BAD 226999080391
BAD 226999080403
BAD 226999080409
BAD 226999080421
BAD 226999269703
BAD 226999269709
BAD 226999269713
BAD 226931051117
BAD 226931051119
BAD 226931160451
BAD 227000583151
BAD 227000632049
BAD 226948028347
BAD 226980408703
BAD 226847863733
BAD 226980943561
BAD 226913201059
BAD 226913201063
BAD 226848093781
BAD 226913403193
BAD 226932481669
BAD 226932481673
BAD 226932481693
BAD 226913573899
BAD 226913573927
BAD 226982741149
BAD 226849214959
BAD 226983098999
BAD 226849311643
BAD 226983099001
BAD 226914327019
BAD 226914509093
BAD 226914509099
BAD 226914509123
BAD 226983651931
BAD 226914648119
BAD 226914762743
BAD 226933976509
BAD 226984094191
BAD 226934420821
BAD 226934420831
BAD 226934420833
BAD 226934423371
BAD 226962892369
BAD 226934550721
BAD 227030271451
BAD 226964109041
BAD 226951359293
BAD 226984909609
BAD 226850765929
BAD 227003558923
BAD 227030289719
BAD 227030289721
BAD 227030289727
BAD 226916805023
BAD 226916805029
BAD 226851047569
BAD 227003971741
BAD 226935003023
BAD 226935003037
BAD 226935003041
BAD 226935003067
BAD 226964512591
BAD 226951852163
BAD 226951852177
BAD 226935135313
BAD 226935198109
BAD 226985474957
BAD 226985474959
BAD 226935361973
BAD 226985593033
BAD 226985593039
BAD 226985593049
BAD 226985593129
BAD 227004434131
BAD 226917547169
BAD 226952166307
BAD 227031177889
BAD 226936548919
BAD 226985818537
BAD 226965256943
BAD 226852068283
BAD 226965256949
BAD 226936693463
BAD 226985960989
BAD 226936707493
BAD 226985961029
BAD 226985961077
BAD 226985961079
BAD 226917699061
BAD 226917699083
BAD 226852216841
BAD 227005045669
BAD 226986489799
BAD 226986489841
BAD 226852531859
BAD 226852531861
BAD 226986571249
BAD 226937382293
BAD 227005303843
BAD 227005303853
BAD 226853034497
BAD 226853034503
BAD 226937853277
BAD 226937929459
BAD 226953387181
BAD 226987079219
BAD 226987087807
BAD 226937954963
BAD 226853308127
BAD 227032074869
BAD 226918532857
BAD 226966714703
BAD 226987280573
BAD 226918642499
BAD 227032215313
BAD 227032215317
BAD 226938317483
BAD 226918729567
BAD 226938372653
BAD 226987471831
BAD 227006322371
BAD 227006322373
BAD 227032574333
BAD 226853992531
BAD 226854044959
BAD 227006616623
BAD 226919245921
BAD 226854315287
BAD 226854381203
BAD 226988292079
BAD 226854513173
BAD 227006915803
BAD 227006915869
BAD 227006915873
BAD 226854786113
BAD 227007401903
BAD 226955211233
BAD 226989072259
BAD 226939655323
BAD 226939655339
BAD 226939657297
BAD 226939657303
BAD 226968254833
BAD 226989171193
BAD 227034543409
BAD 226955595379
BAD 226968742969
BAD 227008190377
BAD 227008199623
BAD 226855529701
BAD 227035380547
BAD 226990012643
BAD 227035487687
BAD 227035487689
BAD 226969356553
BAD 226956343241
BAD 226940815177
BAD 226940815217
BAD 226940815219
BAD 226856050699
BAD 226990675081
BAD 226956710063
BAD 227035861537
BAD 227035953307
BAD 227009486303
BAD 227013094303
BAD 226941921851
BAD 226958188771
BAD 226920265711
BAD 226941921853
BAD 226972099007
BAD 227036050981
BAD 226972099009
BAD 227036051003
BAD 227036066381
BAD 226941955129
BAD 227013191903
BAD 227013191959
BAD 226958473843
BAD 226991424139
BAD 226958838721
BAD 226958838751
BAD 226991627431
BAD 227010084071
BAD 227010084073
BAD 227013772429
BAD 226943292137
BAD 226943292139
BAD 226992201923
BAD 226943546257
BAD 226973744743
BAD 226973744747
BAD 226973744749
BAD 226921531261
BAD 226921624129
BAD 227010886667
BAD 226993406929
BAD 227016418019
BAD 227038614709
BAD 226921624141
BAD 226993406971
BAD 226857106933
BAD 227016418021
BAD 226943890673
BAD 227038614713
BAD 226857106943
BAD 226857106999
BAD 227016427783
BAD 227038673773
BAD 227011010599
BAD 226993633571
BAD 226993633579
BAD 226993633583
BAD 227038729891
BAD 227038729927
BAD 227038729933
BAD 226993687253
BAD 226857425059
BAD 226974007289
BAD 226974007291
BAD 226922239157
BAD 226857987137
BAD 226994426851
BAD 226922756617
BAD 226922800253
BAD 226945250053
BAD 227012864059
BAD 227017078831
BAD 226975219259
BAD 227012864069
BAD 226995064823
BAD 226860459853
BAD 227017078837
BAD 227040531493
BAD 226945344607
BAD 226945344733
BAD 226945344739
BAD 226922888123
BAD 226995292453
BAD 227040760567
BAD 227040760577
BAD 227040760579
BAD 226945607813
BAD 226995419719
BAD 226995419737
BAD 226860792187
BAD 227017447693
BAD 227017447697
BAD 227017447703
BAD 226995486727
BAD 226960177069
BAD 227040989863
BAD 227040989881
BAD 227041015879
BAD 226995791549
BAD 226923449063
BAD 227017748453
BAD 226995791551
BAD 227046814039
BAD 226995791587
BAD 226861232809
BAD 226861232813
BAD 226976428969
BAD 226960968239
BAD 226923827209
BAD 227047503127
BAD 227047516393
BAD 227047549921
BAD 226962055501
BAD 227048294383
BAD 226962290063
BAD 227048775649
BAD 227048857561
BAD 226977960029
BAD 226977960031
BAD 226925655059
BAD 226925659469
BAD 226925734397
BAD 226925819311
BAD 226925819347
BAD 227019986693
BAD 227043703493
BAD 227044003009
BAD 226926792109
BAD 226926792119
BAD 226926792121
BAD 227044781921
BAD 226927025687
BAD 227045281343
BAD 227021198927
BAD 227021198947
BAD 226927328701
BAD 226927328707
BAD 226927328711
BAD 226927328713
BAD 227045312911
BAD 227045312917
BAD 227045312927
BAD 227045312953
BAD 227050809619
BAD 226927400059
BAD 227021439991
BAD 227051185687
BAD 227051185693
BAD 227051185703
BAD 227046321721
BAD 227051937773
BAD 227052114623
BAD 227052114659
BAD 227052114661
BAD 226928479639
BAD 226928479643
BAD 227022100189
BAD 227022365419
BAD 227022414833
BAD 227022414863
BAD 227022414877
BAD 227053113647
BAD 227053113649
BAD 227022731323
BAD 227053929391
BAD 227054389853
BAD 227054496737
BAD 227054496751
BAD 227054496791
BAD 227054496793
BAD 227054961379
BAD 227055658943
BAD 227055658981
BAD 227055658987
BAD 227055658993
BAD 227055659003
BAD 227055912661
BAD 227056165879
BAD 227056244029
BAD 227056244071
BAD 227056244083
BAD 227056244087
BAD 227056244089
BAD 227056338703
BAD 227025228373
BAD 227026406339
BAD 227026406363
BAD 227059851541
BAD 227059958773
BAD 227061140773
BAD 227061319273
BAD 227061440407
BAD 227062741693
BAD 227062741699
BAD 227081793361
BAD 227082308549
BAD 227082486629
BAD 227084108179
BAD 227084259697
BAD 227084391847
BAD 227085544073
BAD 227085816733
BAD 227085995263
BAD 227085995267
BAD 227086813673
BAD 227087274433
BAD 227087283769
BAD 227087283827
BAD 227087778923
BAD 227088043087
BAD 227091652709
BAD 227092866211
BAD 227093431811
BAD 227093431813
BAD 227093431819
BAD 227093431823
BAD 227093503873
BAD 227093503883
BAD 227093549437
BAD 227094344707
BAD 227094897199
BAD 227094897203
BAD 227096031187
BAD 227096822131
BAD 227097807557
BAD 227097878701
BAD 227099724601
BAD 227099724613
BAD 227100495871
BAD 227100961279
BAD 227101829923
BAD 227102805913
BAD 227103072739
BAD 227103072751
BAD 227103353693
BAD 227103353699
BAD 227105639759
BAD 227105639767
BAD 227106034009
BAD 227106034013
BAD 227106034123
BAD 227108946143
BAD 227109059453
BAD 227109059461
BAD 227109456061
BAD 227109576817
BAD 227110427221
BAD 227111435017
BAD 227113478833
BAD 227181709441
BAD 227164647403
BAD 227164647407
BAD 227183016007
BAD 227165041451
BAD 227183342941
BAD 227183342963
BAD 227166116503
BAD 227184559807
BAD 227184559813
BAD 227184559817
BAD 227166463739
BAD 227184954683
BAD 227185251919
BAD 227185648073
BAD 227185825591
BAD 227168888183
BAD 227168888189
BAD 227169655187
BAD 227169727483
BAD 227232806573
BAD 227232870673
BAD 227188240553
BAD 227188566443
BAD 227148205523
BAD 227148205589
BAD 227148205591
BAD 227170680313
BAD 227148564439
BAD 227171027543
BAD 227171027563
BAD 227171027569
BAD 227171166769
BAD 227149349551
BAD 227234782477
BAD 227149979059
BAD 227172136273
BAD 227172222097
BAD 227150658299
BAD 227130532039
BAD 227236102217
BAD 227150966543
BAD 227130812093
BAD 227151209543
BAD 227151321589
BAD 227151321601
BAD 227131096573
BAD 227236780763
BAD 227236780789
BAD 227236780801
BAD 227236780807
BAD 227236827427
BAD 227236827431
BAD 227236827439
BAD 227236827443
BAD 227236980181
BAD 227151753487
BAD 227151840143
BAD 227173910149
BAD 227174194483
BAD 227174194501
BAD 227152270099
BAD 227190233143
BAD 227174267737
BAD 227237868071
BAD 227237868073
BAD 227190450691
BAD 227238475643
BAD 227191062883
BAD 227191391881
BAD 227174766361
BAD 227191512199
BAD 227153373977
BAD 227192385289
BAD 227192385293
BAD 227192648183
BAD 227240717947
BAD 227176118033
BAD 227193765067
BAD 227176392563
BAD 227193835051
BAD 227193835069
BAD 227176513283
BAD 227193964819
BAD 227194007903
BAD 227154166027
BAD 227176702639
BAD 227154261577
BAD 227154261583
BAD 227154540121
BAD 227154731521
BAD 227242778179
BAD 227195176147
BAD 227132160239
BAD 227154814673
BAD 227195303947
BAD 227243114443
BAD 227243114507
BAD 227243114509
BAD 227243114513
BAD 227243673457
BAD 227243673463
BAD 227154978803
BAD 227155089467
BAD 227132831521
BAD 227196163171
BAD 227196163177
BAD 227155295333
BAD 227155692209
BAD 227196771443
BAD 227197140133
BAD 227244523459
BAD 227156535107
BAD 227134257283
BAD 227134257289
BAD 227156767459
BAD 227156787989
BAD 227156787997
BAD 227134514449
BAD 227134514459
BAD 227245785989
BAD 227177430773
BAD 227135767457
BAD 227245785997
BAD 227245786021
BAD 227136168143
BAD 227178061379
BAD 227246581477
BAD 227198821417
BAD 227198821441
BAD 227246657389
BAD 227136390491
BAD 227136390493
BAD 227199184231
BAD 227247356071
BAD 227136905923
BAD 227179040873
BAD 227179040911
BAD 227179040917
BAD 227179179319
BAD 227179464409
BAD 227200033451
BAD 227200033453
BAD 227200033457
BAD 227137543519
BAD 227179593031
BAD 227179941853
BAD 227201250853
BAD 227157482023
BAD 227201756659
BAD 227201856923
BAD 227139805183
BAD 227140285069
BAD 227140298911
BAD 227158557991
BAD 227140573537
BAD 227158805233
BAD 227203479889
BAD 227159401061
BAD 227159797859
BAD 227159987449
BAD 227204611583
BAD 227204815381
BAD 227204879149
BAD 227143384361
BAD 227144293603
BAD 227144362427
BAD 227207568883
BAD 227146380523
BAD 227146380529
BAD 227146380533
BAD 227146524091
BAD 227208040489
BAD 227208048581
BAD 227146853119
BAD 227160874211
BAD 227160874223
BAD 227161544671
BAD 227162208241
BAD 227162208293
BAD 227209458061
BAD 227163665527
BAD 227113597901
BAD 227113597903
BAD 227209667959
BAD 227114192639
BAD 227210464787
BAD 227115252541
BAD 227115252547
BAD 227115590509
BAD 227211679223
BAD 227212629937
BAD 227212844671
BAD 227116803931
BAD 227212935373
BAD 227213213093
BAD 227117209801
BAD 227213409587
BAD 227213409589
BAD 227117249839
BAD 227213765189
BAD 227117571991
BAD 227117571997
BAD 227213897003
BAD 227117909519
BAD 227117909521
BAD 227118415463
BAD 227118466933
BAD 227120199353
BAD 227120199367
BAD 227120938243
BAD 227250372203
BAD 227250390173
BAD 227121682289
BAD 227121816973
BAD 227251320773
BAD 227251320787
BAD 227251320841
BAD 227122530709
BAD 227251866269
BAD 227251866271
BAD 227123256967
BAD 227252447399
BAD 227123574637
BAD 227252782453
BAD 227124201487
BAD 227124214231
BAD 227124214237
BAD 227124214241
BAD 227124670051
BAD 227125004369
BAD 227125004371
BAD 227125004401
BAD 227125004423
BAD 227125048589
BAD 227125207081
BAD 227125684231
BAD 227125684243
BAD 227125806227
BAD 227125811993
BAD 227125933277
BAD 227125933283
BAD 227125933303
BAD 227256115201
BAD 227256160751
BAD 227256160753
BAD 227256160757
BAD 227256330263
BAD 227257795027
BAD 227257795033
BAD 227257866701
BAD 227258729297
BAD 227258977579
BAD 227259179671
BAD 227128707523
BAD 227128844869
BAD 227129034541
BAD 227129034557
BAD 227129034563
BAD 227129034569
BAD 227260079441
BAD 227129147393
BAD 227260079443
BAD 227260406167
BAD 227260406173
BAD 227129407733
BAD 227260575281
BAD 227129466217
BAD 227260879793
BAD 227129689559
BAD 227129689561
BAD 227261252221
BAD 227261617249
BAD 227261965459
BAD 227263356559
BAD 227263697839
BAD 227214204409
BAD 227215233467
BAD 227215541827
BAD 227215798429
BAD 227215946431
BAD 227217528737
BAD 227217528739
BAD 227219149249
BAD 227282705911
BAD 227283127081
BAD 227220039181
BAD 227283299699
BAD 227220039229
BAD 227283603037
BAD 227220731923
BAD 227221156249
BAD 227285462923
BAD 227222560823
BAD 227286241771
BAD 227223143843
BAD 227223251833
BAD 227223251839
BAD 227223255913
BAD 227224048453
BAD 227224868623
BAD 227225467981
BAD 227288056447
BAD 227226347863
BAD 227290201627
BAD 227228341213
BAD 227290966171
BAD 227291864693
BAD 227292013957
BAD 227292013961
BAD 227292013967
BAD 227292013969
BAD 227293525799
BAD 227293525801
BAD 227294286137
BAD 227294286139
BAD 227294286143
BAD 227294294041
BAD 227294826637
BAD 227295612673
BAD 227296522181
BAD 227296522183
BAD 227229958561
BAD 227229991423
BAD 227297126933
BAD 227297280883
BAD 227297537591
BAD 227297537689
BAD 227265644383
BAD 227265644387
BAD 227265715921
BAD 227265833453
BAD 227265833479
BAD 227266722901
BAD 227267742103
BAD 227268461839
BAD 227268461843
BAD 227268917089
BAD 227269237211
BAD 227269237213
BAD 227269480313
BAD 227269518491
BAD 227269518493
BAD 227269595039
BAD 227269595041
BAD 227269761031
BAD 227271290963
BAD 227271610003
BAD 227271610051
BAD 227271933157
BAD 227272421093
BAD 227272817287
BAD 227273676593
BAD 227273676601
BAD 227273690167
BAD 227274864547
BAD 227275295503
BAD 227275402247
BAD 227275668121
BAD 227275668127
BAD 227276568947
BAD 227276568949
BAD 227276695999
BAD 227276696029
BAD 227331697543
BAD 227331845977
BAD 227332717279
BAD 227332776787
BAD 227333061643
BAD 227333061647
BAD 227333061649
BAD 227333061653
BAD 227466094733
BAD 227333458279
BAD 227333536231
BAD 227333558773
BAD 227333739823
BAD 227334033811
BAD 227334218569
BAD 227334398059
BAD 227467291489
BAD 227279841473
BAD 227467806997
BAD 227335175213
BAD 227335212901
BAD 227468763761
BAD 227468763763
BAD 227469143029
BAD 227469529327
BAD 227337144011
BAD 227471472737
BAD 227337897023
BAD 227474091991
BAD 227280531869
BAD 227280531871
BAD 227337931297
BAD 227337931321
BAD 227337931333
BAD 227451142733
BAD 227451142739
BAD 227451142741
BAD 227338684849
BAD 227451580061
BAD 227451580063
BAD 227339030323
BAD 227339936041
BAD 227451675553
BAD 227452060489
BAD 227452060513
BAD 227452593847
BAD 227452764199
BAD 227432669573
BAD 227477262853
BAD 227432684813
BAD 227477885293
BAD 227432827393
BAD 227432827397
BAD 227432827411
BAD 227341518227
BAD 227341518233
BAD 227478638929
BAD 227341780531
BAD 227479231237
BAD 227434371709
BAD 227479260193
BAD 227479896289
BAD 227454951001
BAD 227434953331
BAD 227342287663
BAD 227455189613
BAD 227455189651
BAD 227455364533
BAD 227455387997
BAD 227480643479
BAD 227480643487
BAD 227480850943
BAD 227435631499
BAD 227349220939
BAD 227456204389
BAD 227456204407
BAD 227456204411
BAD 227342964887
BAD 227342964889
BAD 227481662209
BAD 227481662227
BAD 227436570563
BAD 227350171199
BAD 227350171201
BAD 227436711841
BAD 227457031499
BAD 227482372009
BAD 227482501193
BAD 227399985779
BAD 227457410963
BAD 227315505523
BAD 227399985781
BAD 227438316671
BAD 227482501201
BAD 227351411543
BAD 227482501243
BAD 227438316673
BAD 227438373311
BAD 227438373313
BAD 227343311059
BAD 227457783701
BAD 227457783703
BAD 227457783767
BAD 227457783769
BAD 227457783779
BAD 227400531751
BAD 227352005159
BAD 227400997441
BAD 227400997463
BAD 227401405397
BAD 227352605773
BAD 227316908327
BAD 227316908341
BAD 227401731761
BAD 227401731763
BAD 227459403443
BAD 227459403449
BAD 227353174019
BAD 227402029927
BAD 227439828559
BAD 227344590443
BAD 227353174021
BAD 227460024949
BAD 227318684323
BAD 227344790927
BAD 227344790929
BAD 227318922563
BAD 227353858427
BAD 227353858429
BAD 227461131473
BAD 227441235473
BAD 227319910043
BAD 227319921061
BAD 227403289523
BAD 227354350523
BAD 227354350537
BAD 227354350541
BAD 227354350543
BAD 227354350589
BAD 227354350591
BAD 227354350603
BAD 227354350609
BAD 227320363033
BAD 227320368329
BAD 227403643241
BAD 227462213161
BAD 227442361453
BAD 227442361459
BAD 227462504851
BAD 227443250423
BAD 227383275631
BAD 227404804853
BAD 227355003041
BAD 227321611207
BAD 227462525167
BAD 227404895239
BAD 227462658299
BAD 227462658301
BAD 227405120441
BAD 227405120443
BAD 227366323313
BAD 227366379497
BAD 227356083859
BAD 227444416063
BAD 227356130191
BAD 227356290353
BAD 227322957193
BAD 227406275011
BAD 227323366817
BAD 227323366819
BAD 227464080511
BAD 227464080517
BAD 227356862753
BAD 227356862767
BAD 227445278581
BAD 227406714397
BAD 227406716993
BAD 227464394491
BAD 227445383311
BAD 227384293757
BAD 227407283791
BAD 227357332693
BAD 227464845073
BAD 227407283801
BAD 227324329039
BAD 227445383327
BAD 227367584797
BAD 227324329093
BAD 227445383329
BAD 227384293783
BAD 227324329097
BAD 227407361851
BAD 227324529791
BAD 227407688293
BAD 227357697407
BAD 227357697409
BAD 227465339909
BAD 227465339911
BAD 227465339917
BAD 227408104877
BAD 227408104879
BAD 227408104883
BAD 227408186591
BAD 227446365877
BAD 227368327213
BAD 227465778233
BAD 227358650273
BAD 227368957457
BAD 227368957463
BAD 227447695309
BAD 227327708651
BAD 227358974881
BAD 227368957477
BAD 227409412661
BAD 227327708653
BAD 227327708659
BAD 227447701981
BAD 227409426611
BAD 227409426613
BAD 227447779849
BAD 227448020881
BAD 227359325873
BAD 227448161671
BAD 227409837307
BAD 227369574713
BAD 227359601533
BAD 227328494699
BAD 227298679763
BAD 227369843269
BAD 227359875013
BAD 227359875023
BAD 227369990599
BAD 227370250853
BAD 227370250867
BAD 227370250873
BAD 227448660689
BAD 227360388907
BAD 227360399327
BAD 227448918083
BAD 227361242513
BAD 227329186549
BAD 227410733663
BAD 227329220627
BAD 227385097427
BAD 227370647789
BAD 227329576819
BAD 227329678427
BAD 227370977653
BAD 227370977657
BAD 227411145529
BAD 227302656683
BAD 227371140499
BAD 227362194931
BAD 227411563793
BAD 227302952843
BAD 227371472359
BAD 227303142727
BAD 227303142739
BAD 227362847581
BAD 227372059703
BAD 227303483821
BAD 227372187563
BAD 227372187751
BAD 227363351731
BAD 227372244439
BAD 227331142967
BAD 227303865883
BAD 227331197153
BAD 227304072979
BAD 227412448537
BAD 227364189653
BAD 227304259363
BAD 227304288097
BAD 227304321553
BAD 227304321557
BAD 227373420289
BAD 227373420293
BAD 227412907417
BAD 227373922267
BAD 227373934223
BAD 227413446907
BAD 227305221967
BAD 227374490933
BAD 227414435299
BAD 227414435309
BAD 227414435321
BAD 227414435323
BAD 227374799303
BAD 227375138741
BAD 227375138743
BAD 227414972887
BAD 227375375939
BAD 227375376029
BAD 227375376031
BAD 227376192623
BAD 227376192629
BAD 227387394433
BAD 227387413411
BAD 227308082537
BAD 227377493743
BAD 227377506023
BAD 227377749679
BAD 227377749721
BAD 227377749727
BAD 227388595337
BAD 227388595339
BAD 227378045911
BAD 227388904819
BAD 227388904823
BAD 227378247511
BAD 227378247521
BAD 227378247571
BAD 227309480383
BAD 227309772433
BAD 227309772449
BAD 227378976733
BAD 227390221297
BAD 227390221301
BAD 227390336659
BAD 227310591841
BAD 227310603511
BAD 227379745997
BAD 227379746003
BAD 227390800339
BAD 227311172887
BAD 227391172639
BAD 227311439167
BAD 227311439171
BAD 227312606903
BAD 227312801959
BAD 227392942043
BAD 227393312647
BAD 227313337099
BAD 227394012217
BAD 227394012221
BAD 227394012229
BAD 227394135547
BAD 227394216253
BAD 227314496963
BAD 227395678141
BAD 227396432623
BAD 227396902387
BAD 227396902391
BAD 227396902393
BAD 227397140219
BAD 227397680659
BAD 227398703353
BAD 227415929029
BAD 227415929033
BAD 227417054807
BAD 227418861679
BAD 227419695121
BAD 227419738417
BAD 227420595329
BAD 227420595331
BAD 227421255263
BAD 227422818859
BAD 227423183671
BAD 227424200401
BAD 227483015449
BAD 227424342991
BAD 227484290881
BAD 227484418303
BAD 227484692093
BAD 227485092451
BAD 227425994297
BAD 227485486883
BAD 227426607409
BAD 227426607413
BAD 227486337653
BAD 227427794791
BAD 227427889903
BAD 227487024733
BAD 227488208089
BAD 227489017579
BAD 227489017583
BAD 227489362433
BAD 227489423411
BAD 227489423501
BAD 227489423503
BAD 227489423509
BAD 227489423537
BAD 227489764321
BAD 227490139033
BAD 227490139039
BAD 227490139043
BAD 227490325087
BAD 227490955499
BAD 227490955501
BAD 227491555273
BAD 227428735403
BAD 227428735441
BAD 227492822633
BAD 227492822663
BAD 227492822749
BAD 227430029821
BAD 227431044173
BAD 227494396783
BAD 227494396793
BAD 227494702639
BAD 227494754959
BAD 227432079533
BAD 227432079541
BAD 227432079551
BAD 227432079559
BAD 227432096077
BAD 227432096083
BAD 227495573429
BAD 227495959903
BAD 227497129843
BAD 227500211693
BAD 227500211753
BAD 227500211767
BAD 227500211803
BAD 227500909003
BAD 227503164869
BAD 227503328693
BAD 227503422649
BAD 227503738141
BAD 227504332777
BAD 227504497609
BAD 227506101769
BAD 227506101869
BAD 227506101871
BAD 227506918063
BAD 227506918069
BAD 227506918073
BAD 227509628519
BAD 227509628527
BAD 227509628537
BAD 227509628539
BAD 227510668351
BAD 227510668387
BAD 227513163407
BAD 227513535857
BAD 227513551093
BAD 227513551099
BAD 227513551103
BAD 227514033233
BAD 227514128033
BAD 227515686259
BAD 227515686263
BAD 227515756901
BAD 227516131523
BAD 227533439599
BAD 227533439603
BAD 227536225129
BAD 227536393093
BAD 227536393099
BAD 227536599023
BAD 227536599029
BAD 227536707457
BAD 227537866489
BAD 227538404417
BAD 227538404419
BAD 227550933829
BAD 227551088383
BAD 227551575037
BAD 227566719067
BAD 227566719073
BAD 227566719077
BAD 227566719091
BAD 227566719097
BAD 227567458073
BAD 227567510803
BAD 227552694211
BAD 227553363421
BAD 227553381353
BAD 227553381373
BAD 227554440517
BAD 227554602313
BAD 227569532419
BAD 227569532423
BAD 227569814123
BAD 227555194981
BAD 227539298981
BAD 227539594463
BAD 227571297619
BAD 227517253969
BAD 227517253973
BAD 227517254017
BAD 227517254077
BAD 227571716413
BAD 227571719681
BAD 227540119679
BAD 227571831733
BAD 227540561993
BAD 227518080113
BAD 227540795533
BAD 227600136871
BAD 227572790449
BAD 227541300397
BAD 227572832989
BAD 227541412883
BAD 227573116489
BAD 227518792583
BAD 227518877293
BAD 227518877297
BAD 227518877303
BAD 227573789567
BAD 227601219949
BAD 227519366167
BAD 227519407603
BAD 227519407613
BAD 227574073823
BAD 227574148621
BAD 227574438547
BAD 227574512887
BAD 227574723203
BAD 227574723223
BAD 227602298503
BAD 227574723227
BAD 227557470893
BAD 227543144371
BAD 227558086741
BAD 227544072697
BAD 227575714687
BAD 227544213151
BAD 227603203771
BAD 227576377267
BAD 227576377271
BAD 227545005517
BAD 227558621723
BAD 227558621729
BAD 227558744537
BAD 227603762677
BAD 227603762689
BAD 227558909401
BAD 227604707683
BAD 227605157209
BAD 227605157251
BAD 227546925293
BAD 227560160423
BAD 227560345367
BAD 227547024721
BAD 227560537261
BAD 227519818501
BAD 227606558197
BAD 227606676091
BAD 227607187133
BAD 227548788253
BAD 227562306623
BAD 227562683401
BAD 227562683437
BAD 227607844951
BAD 227549488783
BAD 227549488787
BAD 227549552357
BAD 227608269751
BAD 227522014949
BAD 227549731897
BAD 227522386877
BAD 227522386879
BAD 227522401103
BAD 227608822703
BAD 227522606677
BAD 227564474327
BAD 227564474329
BAD 227609479651
BAD 227609662741
BAD 227565059903
BAD 227565104681
BAD 227523642587
BAD 227523642589
BAD 227523642607
BAD 227610161551
BAD 227610161557
BAD 227610161599
BAD 227524075043
BAD 227610411997
BAD 227580070909
BAD 227525526353
BAD 227610732563
BAD 227580364001
BAD 227580588061
BAD 227526095957
BAD 227611918363
BAD 227611948153
BAD 227611948163
BAD 227526790367
BAD 227612352707
BAD 227612352713
BAD 227581883629
BAD 227581905469
BAD 227612951411
BAD 227612951413
BAD 227526898609
BAD 227582580079
BAD 227582580083
BAD 227582724857
BAD 227582724871
BAD 227527504159
BAD 227527504223
BAD 227613772307
BAD 227527901483
BAD 227613857011
BAD 227613857017
BAD 227528217157
BAD 227528217187
BAD 227528217823
BAD 227565986863
BAD 227528267233
BAD 227528267237
BAD 227528604497
BAD 227528755799
BAD 227528755819
BAD 227614664009
BAD 227529159883
BAD 227529355877
BAD 227529956273
BAD 227529956281
BAD 227529956317
BAD 227529956333
BAD 227531010541
BAD 227532241799
BAD 227532907351
BAD 227619159553
BAD 227619329809
BAD 227619915121
BAD 227583612733
BAD 227621566729
BAD 227621703157
BAD 227621747641
BAD 227621747701
BAD 227621912239
BAD 227583963331
BAD 227583997583
BAD 227623110973
BAD 227585199773
BAD 227623575041
BAD 227623575043
BAD 227623575061
BAD 227623575077
BAD 227624305927
BAD 227624305943
BAD 227624305949
BAD 227624886283
BAD 227624964173
BAD 227625326129
BAD 227625976399
BAD 227626274543
BAD 227626999009
BAD 227586548617
BAD 227586548621
BAD 227586548633
BAD 227587813169
BAD 227587955041
BAD 227588226829
BAD 227589474503
BAD 227589474509
BAD 227589474517
BAD 227590249979
BAD 227590249981
BAD 227591445973
BAD 227591445979
BAD 227591445997
BAD 227628324457
BAD 227628324467
BAD 227628324481
BAD 227628596179
BAD 227628596183
BAD 227630479411
BAD 227630699783
BAD 227630699797
BAD 227594000063
BAD 227594000071
BAD 227594167711
BAD 227594364191
BAD 227667463193
BAD 227667463279
BAD 227667633533
BAD 227667879409
BAD 227595401641
BAD 227595401647
BAD 227668514033
BAD 227669211139
BAD 227633464997
BAD 227633464999
BAD 227633606821
BAD 227633606833
BAD 227596681933
BAD 227596681943
BAD 227596681951
BAD 227670173287
BAD 227598993169
BAD 227599276007
BAD 227671718431
BAD 227671720733
BAD 227672100247
BAD 227674181477
BAD 227674181479
BAD 227674669171
BAD 227674922627
BAD 227674928629
BAD 227633810783
BAD 227676133747
BAD 227634608879
BAD 227676725611
BAD 227676725623
BAD 227677186049
BAD 227635643177
BAD 227635643203
BAD 227635643243
BAD 227678249483
BAD 227678398499
BAD 227678398501
BAD 227636906227
BAD 227678776673
BAD 227679068489
BAD 227638152823
BAD 227650680889
BAD 227638837277
BAD 227638918853
BAD 227681211143
BAD 227681211151
BAD 227640181579
BAD 227640273037
BAD 227640273041
BAD 227640273043
BAD 227682072197
BAD 227652169643
BAD 227641037111
BAD 227682345887
BAD 227641037119
BAD 227641250197
BAD 227641250219
BAD 227682733163
BAD 227652576449
BAD 227641941763
BAD 227653150757
BAD 227653150759
BAD 227642037193
BAD 227642037197
BAD 227642037199
BAD 227683581313
BAD 227683612621
BAD 227683740223
BAD 227683740233
BAD 227683740239
BAD 227683740241
BAD 227654252509
BAD 227654252513
BAD 227654252537
BAD 227654252543
BAD 227644653017
BAD 227644653083
BAD 227655717109
BAD 227655717151
BAD 227645751143
BAD 227645751149
BAD 227646702473
BAD 227657174113
BAD 227646711793
BAD 227657375189
BAD 227657375191
BAD 227646888611
BAD 227657833499
BAD 227658128083
BAD 227658285031
BAD 227658486901
BAD 227658486907
BAD 227647869151
BAD 227647920457
BAD 227659796599
BAD 227659796603
BAD 227661326449
BAD 227684011283
BAD 227684024731
BAD 227684161477
BAD 227684163451
BAD 227684163457
BAD 227684163461
BAD 227684163463
BAD 227662316839
BAD 227663153101
BAD 227663169563
BAD 227650245959
BAD 227650245961
BAD 227664198049
BAD 227685644807
BAD 227685644819
BAD 227664669481
BAD 227664669487
BAD 227685817981
BAD 227685882037
BAD 227665130479
BAD 227666321041
BAD 227666321053
BAD 227686855457
BAD 227686855481
BAD 227686855483
BAD 227686993049
BAD 227687406589
BAD 227687803807
BAD 227688044359
BAD 227688044371
BAD 227688076459
BAD 227688540661
BAD 227689436497
BAD 227690467897
BAD 227690832571
BAD 227690915971
BAD 227691547471
BAD 227692305193
BAD 227694280741
BAD 227694385717
BAD 227694544621
BAD 227694544643
BAD 227695561217
BAD 227695647691
BAD 227695647709
BAD 227697441557
BAD 227697441563
BAD 227698096861
BAD 227698096867
BAD 227869603711
BAD 227870941877
BAD 227871925927
BAD 227872174291
BAD 227873346343
BAD 227873421767
BAD 227873906737
BAD 227874146243
BAD 227874146251
BAD 227874716813
BAD 227874822073
BAD 227874822079
BAD 227874822089
BAD 227875522817
BAD 227878071181
BAD 227851855313
BAD 227852103197
BAD 227852208863
BAD 227852208949
BAD 227852208953
BAD 227769037267
BAD 227751333899
BAD 227879306539
BAD 227879764439
BAD 227752157933
BAD 227853580313
BAD 227735240303
BAD 227752528657
BAD 227853580327
BAD 227771270659
BAD 227853580333
BAD 227771270669
BAD 227700923399
BAD 227853661051
BAD 227784675031
BAD 227784675037
BAD 227735462821
BAD 227784787991
BAD 227735500313
BAD 227854066639
BAD 227785190299
BAD 227702068801
BAD 227772594229
BAD 227772594239
BAD 227772594241
BAD 227702196251
BAD 227786458819
BAD 227772984631
BAD 227702738077
BAD 227855446253
BAD 227754349831
BAD 227703474553
BAD 227719261403
BAD 227737001431
BAD 227719546687
BAD 227719896473
BAD 227880508423
BAD 227755245947
BAD 227802850117
BAD 227880508489
BAD 227704289419
BAD 227880550673
BAD 227880550679
BAD 227773838339
BAD 227773838351
BAD 227773838353
BAD 227880868211
BAD 227738220329
BAD 227738220343
BAD 227788022359
BAD 227738300039
BAD 227856379501
BAD 227755860803
BAD 227755872803
BAD 227704979539
BAD 227803831043
BAD 227756155073
BAD 227804010407
BAD 227804010409
BAD 227739359399
BAD 227739359401
BAD 227705517131
BAD 227705517133
BAD 227756741213
BAD 227756852447
BAD 227881824323
BAD 227881824329
BAD 227775261317
BAD 227775261319
BAD 227775261323
BAD 227775261341
BAD 227775261347
BAD 227775261361
BAD 227740145267
BAD 227804683121
BAD 227706349207
BAD 227858056999
BAD 227858057003
BAD 227706518909
BAD 227706518911
BAD 227858268461
BAD 227757462161
BAD 227789499467
BAD 227882527583
BAD 227882527591
BAD 227882527669
BAD 227882527687
BAD 227883321649
BAD 227858866021
BAD 227858995123
BAD 227741273911
BAD 227741338819
BAD 227859054853
BAD 227741424023
BAD 227741424089
BAD 227741424091
BAD 227776748077
BAD 227807145031
BAD 227708534491
BAD 227818560169
BAD 227791038001
BAD 227883806377
BAD 227741987663
BAD 227708534497
BAD 227759596159
BAD 227720292523
BAD 227883888311
BAD 227883888313
BAD 227742189911
BAD 227742190031
BAD 227742190033
BAD 227791278461
BAD 227791278469
BAD 227720522251
BAD 227760047243
BAD 227819156533
BAD 227760388813
BAD 227709302731
BAD 227709302927
BAD 227709302929
BAD 227760512059
BAD 227721050807
BAD 227808367993
BAD 227819547763
BAD 227760912287
BAD 227760912319
BAD 227760959893
BAD 227808715837
BAD 227859683083
BAD 227792263163
BAD 227792263207
BAD 227721370913
BAD 227820060389
BAD 227820060409
BAD 227710433569
BAD 227860088179
BAD 227761345159
BAD 227721635371
BAD 227710700869
BAD 227710700873
BAD 227809401797
BAD 227809431781
BAD 227809431797
BAD 227809431799
BAD 227809431803
BAD 227809431959
BAD 227809431961
BAD 227778548867
BAD 227778548869
BAD 227860605253
BAD 227809644571
BAD 227761864933
BAD 227761864943
BAD 227778714203
BAD 227778714221
BAD 227778714223
BAD 227809775659
BAD 227711189711
BAD 227722592413
BAD 227820818191
BAD 227779072273
BAD 227762132839
BAD 227861360483
BAD 227820850573
BAD 227746739057
BAD 227746739069
BAD 227746739071
BAD 227722785151
BAD 227711508187
BAD 227762480287
BAD 227722873673
BAD 227762522161
BAD 227762522167
BAD 227762522347
BAD 227779536169
BAD 227861946821
BAD 227723252131
BAD 227762984311
BAD 227712138007
BAD 227763145633
BAD 227763145669
BAD 227723419153
BAD 227723419159
BAD 227723419163
BAD 227795467789
BAD 227862435811
BAD 227862435833
BAD 227723551553
BAD 227712393431
BAD 227780303857
BAD 227862435841
BAD 227822051959
BAD 227795742439
BAD 227795742443
BAD 227795742451
BAD 227763620363
BAD 227862508703
BAD 227723609483
BAD 227723717951
BAD 227723717953
BAD 227723717959
BAD 227723717987
BAD 227723717989
BAD 227822273573
BAD 227822273593
BAD 227822273611
BAD 227862706231
BAD 227780586713
BAD 227748352789
BAD 227712835001
BAD 227712835099
BAD 227712966157
BAD 227811417983
BAD 227863333669
BAD 227863333673
BAD 227811723781
BAD 227749064677
BAD 227864665181
BAD 227823133709
BAD 227812499227
BAD 227725289177
BAD 227864665183
BAD 227835285889
BAD 227749064689
BAD 227765844353
BAD 227749064693
BAD 227713638437
BAD 227725289179
BAD 227765844367
BAD 227765844373
BAD 227835357793
BAD 227749159621
BAD 227749159637
BAD 227749159639
BAD 227749159643
BAD 227713872697
BAD 227713872709
BAD 227749274251
BAD 227796641671
BAD 227725766699
BAD 227725766701
BAD 227835901753
BAD 227813098663
BAD 227813290843
BAD 227836185079
BAD 227726244661
BAD 227836469671
BAD 227813640161
BAD 227766608557
BAD 227750135971
BAD 227813640163
BAD 227797553029
BAD 227797553033
BAD 227797553099
BAD 227797553101
BAD 227714904587
BAD 227714904589
BAD 227824534607
BAD 227824534711
BAD 227814193681
BAD 227766971981
BAD 227824968997
BAD 227767188713
BAD 227767188721
BAD 227767210529
BAD 227750930731
BAD 227866838393
BAD 227814531887
BAD 227837412811
BAD 227837412821
BAD 227837412823
BAD 227715637439
BAD 227715637459
BAD 227814569267
BAD 227781356641
BAD 227825331203
BAD 227825331211
BAD 227715829223
BAD 227767409189
BAD 227797955383
BAD 227727573743
BAD 227727573751
BAD 227781670253
BAD 227715985223
BAD 227715985229
BAD 227867441719
BAD 227867700233
BAD 227728027669
BAD 227826094313
BAD 227815565837
BAD 227816006683
BAD 227816006689
BAD 227717103277
BAD 227783156207
BAD 227827248767
BAD 227827248769
BAD 227827314419
BAD 227783520919
BAD 227717478529
BAD 227717478533
BAD 227717478587
BAD 227783553383
BAD 227783553397
BAD 227839624217
BAD 227839624219
BAD 227783642783
BAD 227827513873
BAD 227839826723
BAD 227827513883
BAD 227827513889
BAD 227800353773
BAD 227729994473
BAD 227730052481
BAD 227800681561
BAD 227828107729
BAD 227817487889
BAD 227730612359
BAD 227730787673
BAD 227828363281
BAD 227828363303
BAD 227828395313
BAD 227828406319
BAD 227828436571
BAD 227828687227
BAD 227828687237
BAD 227828687239
BAD 227828756863
BAD 227828756867
BAD 227817983737
BAD 227801309243
BAD 227829251963
BAD 227841782911
BAD 227829438721
BAD 227732386667
BAD 227732386669
BAD 227830021807
BAD 227830021823
BAD 227830118827
BAD 227733734791
BAD 227733734807
BAD 227842801759
BAD 227733847741
BAD 227843229391
BAD 227830967099
BAD 227831609671
BAD 227844944213
BAD 227845099891
BAD 227832086851
BAD 227832086857
BAD 227832086863
BAD 227832086869
BAD 227832277979
BAD 227832278033
BAD 227832278039
BAD 227832278041
BAD 227845937993
BAD 227846544329
BAD 227832986687
BAD 227833148737
BAD 227847335279
BAD 227847335281
BAD 227847478387
BAD 227847660563
BAD 227848012129
BAD 227848327103
BAD 227848478119
BAD 227834076797
BAD 227848632899
BAD 227834281463
BAD 227848632901
BAD 227834281529
BAD 227834281531
BAD 227834648911
BAD 227834648917
BAD 227849009599
BAD 227849762087
BAD 227849762089
BAD 227849762093
BAD 227850993791
BAD 227850993793
BAD 227851574633
BAD 227886582713
BAD 227886582719
BAD 227886799801
BAD 227886801169
BAD 227886925397
BAD 227889856723
BAD 227889960401
BAD 227889960407
BAD 227890477891
BAD 227890477897
BAD 227890477943
BAD 227890770787
BAD 227891381633
BAD 227891571703
BAD 227891571709
BAD 227891932823
BAD 227892103099
BAD 227892103111
BAD 227892725419
BAD 227893070863
BAD 227894691979
BAD 227894833403
BAD 227895348559
BAD 227895883951
BAD 227897691863
BAD 227898409133
BAD 227898409229
BAD 227898409231
BAD 227898904381
BAD 227898904397
BAD 227899989409
BAD 227900674039
BAD 227901070223
BAD 227901070231
BAD 227901225203
BAD 227901225217
BAD 227901225221
BAD 227901533413
BAD 227901533417
BAD 227901598811
BAD 227901598819
BAD 227901598823
BAD 227902262389
BAD 227903432269
BAD 227903432279
BAD 227904584597
BAD 227904584599
BAD 227904742603
BAD 227905433153
BAD 227905523371
BAD 227907263161
BAD 227907263167
BAD 227907317257
BAD 227907317273
BAD 227907425591
BAD 227907425593
BAD 227907497929
BAD 227907497933
BAD 227908307813
BAD 227908781311
BAD 227908935391
BAD 227909347097
BAD 227909921963
BAD 227911042459
BAD 227911289629
BAD 227911823063
BAD 227911875533
BAD 227912215529
BAD 227912590067
BAD 227912590069
BAD 227912613197
BAD 227912613199
BAD 227915330219
BAD 227915723963
BAD 227917087163
BAD 227918047639
BAD 227918791831
BAD 227936107111
BAD 227936782903
BAD 227937275903
BAD 227937275911
BAD 227937751609
BAD 227938093189
BAD 227938093241
BAD 227938465471
BAD 227938465543
BAD 227938527589
BAD 227938639739
BAD 227938669093
BAD 227940222661
BAD 227940222667
BAD 227940318427
BAD 227940437539
BAD 227940975443
BAD 227941009999
BAD 227941518229
BAD 227969884853
BAD 227969884861
BAD 227970014497
BAD 227942033663
BAD 227942033819
BAD 227942033821
BAD 227942334989
BAD 227942335003
BAD 227942335007
BAD 227942735719
BAD 227971492451
BAD 227986021771
BAD 227986564669
BAD 227972185867
BAD 227987011873
BAD 227987143003
BAD 227987143093
BAD 227987143103
BAD 227987677793
BAD 227988202927
BAD 227988395939
BAD 227988395941
BAD 227988667969
BAD 227988742651
BAD 227989032913
BAD 227974285103
BAD 227974285109
BAD 227974285111
BAD 227974285117
BAD 227989470329
BAD 227974546229
BAD 227943864739
BAD 227990228117
BAD 227990228153
BAD 227990228161
BAD 227990228197
BAD 227990228227
BAD 227990273141
BAD 227990273143
BAD 227990771381
BAD 227990771383
BAD 227990771387
BAD 227990771389
BAD 227945656097
BAD 227991612077
BAD 227992409867
BAD 227947359229
BAD 227992734901
BAD 227992980253
BAD 227992980263
BAD 227993616509
BAD 227993616511
BAD 227993616523
BAD 227948463019
BAD 227948463031
BAD 227975209417
BAD 227949020183
BAD 227949103357
BAD 227949330773
BAD 227976114361
BAD 227976114371
BAD 227976395513
BAD 227976465347
BAD 227976465349
BAD 227950109987
BAD 227976765287
BAD 227977209259
BAD 227977209353
BAD 227951358269
BAD 227978034623
BAD 227978034643
BAD 227994360773
BAD 227994418283
BAD 227979847919
BAD 227996332357
BAD 227996332363
BAD 227980167889
BAD 227980167893
BAD 227980167901
BAD 227951821519
BAD 227951821523
BAD 227997895777
BAD 227998853479
BAD 227998853507
BAD 227998853543
BAD 228000444713
BAD 228000444719
BAD 228000566509
BAD 228000566513
BAD 228000566567
BAD 228000566569
BAD 228000856519
BAD 228000942391
BAD 228001352129
BAD 228002001013
BAD 228002178587
BAD 228002178589
BAD 228002178667
BAD 228002178689
BAD 227981730421
BAD 227981921311
BAD 227981921317
BAD 227952450307
BAD 227952562561
BAD 227984273533
BAD 227918965843
BAD 227919097591
BAD 227919256711
BAD 227953497817
BAD 227953715191
BAD 227985114457
BAD 227919939563
BAD 227919939571
BAD 227919947953
BAD 228003438569
BAD 228003438571
BAD 227954265323
BAD 228003514813
BAD 228003514819
BAD 227920388099
BAD 228003739343
BAD 228003739351
BAD 228003739363
BAD 228003739367
BAD 228003739421
BAD 227920564643
BAD 227920568167
BAD 227920568179
BAD 227954752087
BAD 228004317421
BAD 227955235399
BAD 228004672223
BAD 227955401393
BAD 227921377819
BAD 228004672249
BAD 227921377823
BAD 227956430659
BAD 227956597097
BAD 227956822351
BAD 227956822427
BAD 227923336471
BAD 227923336517
BAD 227923336519
BAD 227957237597
BAD 227957302019
BAD 227957302021
BAD 227924083787
BAD 227924174147
BAD 227924292019
BAD 228007498133
BAD 227924924099
BAD 227925100369
BAD 227925100373
BAD 227925100393
BAD 227959050859
BAD 227959086109
BAD 227925518503
BAD 227959157879
BAD 227959157887
BAD 228008824763
BAD 227985892493
BAD 227926250443
BAD 227961114793
BAD 227927309473
BAD 227927309479
BAD 227961296099
BAD 227961296137
BAD 227961588409
BAD 227961588419
BAD 227961681053
BAD 227962027637
BAD 227962027639
BAD 227962115869
BAD 227962115873
BAD 227962142461
BAD 227962142467
BAD 228009020299
BAD 228009020303
BAD 227928691033
BAD 227928691057
BAD 227928691061
BAD 228009379613
BAD 228009516611
BAD 227929146391
BAD 227929513741
BAD 227964204211
BAD 227964841073
BAD 227930909249
BAD 227930909281
BAD 228011491693
BAD 227965601251
BAD 227931672571
BAD 227965904549
BAD 228011795393
BAD 228012386783
BAD 228012475297
BAD 227967141383
BAD 228013317253
BAD 228013317263
BAD 227967372239
BAD 227967611917
BAD 228013766027
BAD 227967885137
BAD 227967885139
BAD 228014155807
BAD 228014336023
BAD 228014336041
BAD 228014645491
BAD 228014901239
BAD 228014901241
BAD 228014980343
BAD 227968983637
BAD 227932419877
BAD 227932419881
BAD 227932419887
BAD 227932531747
BAD 227932726669
BAD 228016027831
BAD 228017016317
BAD 228017016319
BAD 228017067379
BAD 228017951813
BAD 227934297607
BAD 227934365803
BAD 228018115847
BAD 228018271513
BAD 228018271529
BAD 228018271531
BAD 228018963611
BAD 228018963619
BAD 227935437647
BAD 227935437649
BAD 227935605019
BAD 228019340401
BAD 228019340413
BAD 228019340431
BAD 228019340467
BAD 228019340473
BAD 228019403663
BAD 228036875327
BAD 228036875329
BAD 228037460179
BAD 228038310503
BAD 228038671589
BAD 228038671591
BAD 228038671607
BAD 228038671613
BAD 228039274171
BAD 228019769779
BAD 228019959173
BAD 228040497053
BAD 228040861957
BAD 228021354997
BAD 228040861973
BAD 228021355021
BAD 228041515469
BAD 228022096037
BAD 228022096039
BAD 228042134863
BAD 228042682897
BAD 228023032879
BAD 228023032903
BAD 228023114873
BAD 228043066429
BAD 228043066441
BAD 228043066453
BAD 228043066463
BAD 228023834593
BAD 228043871467
BAD 228024069587
BAD 228024069629
BAD 228024069631
BAD 228024069649
BAD 228044769983
BAD 228044769989
BAD 228044974111
BAD 228044974117
BAD 228045057353
BAD 228025984103
BAD 228045418793
BAD 228045418801
BAD 228026364221
BAD 228026663521
BAD 228027540289
BAD 228028411579
BAD 228028798541
BAD 228029992669
BAD 228030466357
BAD 228030505631
BAD 228045564511
BAD 228046910701
BAD 228046910711
BAD 228032366543
BAD 228048423413
BAD 228033591769
BAD 228033756889
BAD 228033756893
BAD 228034429331
BAD 228034429333
BAD 228034429339
BAD 228034429351
BAD 228034669739
BAD 228034669741
BAD 228034669747
BAD 228034702589
BAD 228034702591
BAD 228050099429
BAD 228050264737
BAD 228036001873
BAD 228051930229
BAD 228051930233
BAD 228051983491
BAD 228052623853
BAD 228069932327
BAD 228069932329
BAD 228069932333
BAD 228069932359
BAD 228070311479
BAD 228070311481
BAD 228071538571
BAD 228072423479
BAD 228073102469
BAD 228073579439
BAD 228073579441
BAD 228073704377
BAD 228073704379
BAD 228074603639
BAD 228075705751
BAD 228076157791
BAD 228076203793
BAD 228076203857
BAD 228076203863
BAD 228077662933
BAD 228078523999
BAD 228078718717
BAD 228081899137
BAD 228083084353
BAD 228083084363
BAD 228083274019
BAD 228083274031
BAD 228084138551
BAD 228084138553
BAD 228084927901
BAD 228085583659
BAD 228086195767
BAD 228086195773
BAD 228086195839
BAD 228086300483
BAD 228086541799
BAD 228086541803
BAD 228137754149
BAD 228137754151
BAD 228138081781
BAD 228138100669
BAD 228138491731
BAD 228138855409
BAD 228139049497
BAD 228139049503
BAD 228139786817
BAD 228140083757
BAD 228140083763
BAD 228140825113
BAD 228140825117
BAD 228140825149
BAD 228140888419
BAD 228142790279
BAD 228086891971
BAD 228087032659
BAD 228087046813
BAD 228087814907
BAD 228087814909
BAD 228087861049
BAD 228088732853
BAD 228287956769
BAD 228288013937
BAD 228089361193
BAD 228089361197
BAD 228089653867
BAD 228288801661
BAD 228288981859
BAD 228090340969
BAD 228090431329
BAD 228090431341
BAD 228090431351
BAD 228090665993
BAD 228290011567
BAD 228290434201
BAD 228290434213
BAD 228091737877
BAD 228091737883
BAD 228091840237
BAD 228092927003
BAD 228092971291
BAD 228092984869
BAD 228093044563
BAD 228291979969
BAD 228144949247
BAD 228292190051
BAD 228292290019
BAD 228292740607
BAD 228220998437
BAD 228220998449
BAD 228220998451
BAD 228292878157
BAD 228220998457
BAD 228220998463
BAD 228221259781
BAD 228147076769
BAD 228147285277
BAD 228147482063
BAD 228294595223
BAD 228294711199
BAD 228294711251
BAD 228294711257
BAD 228294711259
BAD 228294711263
BAD 228294711287
BAD 228294711289
BAD 228148251343
BAD 228148251389
BAD 228148251391
BAD 228295218871
BAD 228295218889
BAD 228295218937
BAD 228148685777
BAD 228295538089
BAD 228237795391
BAD 228237795397
BAD 228224024213
BAD 228296389339
BAD 228149431291
BAD 228149431319
BAD 228296503133
BAD 228238811303
BAD 228296786857
BAD 228238880333
BAD 228297026207
BAD 228297026213
BAD 228297146117
BAD 228297146123
BAD 228239288393
BAD 228239288399
BAD 228239288401
BAD 228053157373
BAD 228093926089
BAD 228053463439
BAD 228297581011
BAD 228053657333
BAD 228053657423
BAD 228053657449
BAD 228094281053
BAD 228094281061
BAD 228094281091
BAD 228094377257
BAD 228094536413
BAD 228240391037
BAD 228240391039
BAD 228240583639
BAD 228240622417
BAD 228240697543
BAD 228240697591
BAD 228095337163
BAD 228240809131
BAD 228096061373
BAD 228225139699
BAD 228298473877
BAD 228055325521
BAD 228225139733
BAD 228225139741
BAD 228055325527
BAD 228240938287
BAD 228241129499
BAD 228055827913
BAD 228241295851
BAD 228056020169
BAD 228241506869
BAD 228226217717
BAD 228226217719
BAD 228226223293
BAD 228226223297
BAD 228226223299
BAD 228097671883
BAD 228097671889
BAD 228098081423
BAD 228098081599
BAD 228299472353
BAD 228226967629
BAD 228227142211
BAD 228122131931
BAD 228122131933
BAD 228122131969
BAD 228227635373
BAD 228300471631
BAD 228057495373
BAD 228300604981
BAD 228300605153
BAD 228300605161
BAD 228099882841
BAD 228300649127
BAD 228300649153
BAD 228300649177
BAD 228300649183
BAD 228300649193
BAD 228058026887
BAD 228058433263
BAD 228100592953
BAD 228244001761
BAD 228228455503
BAD 228123000773
BAD 228123140359
BAD 228123140363
BAD 228244506601
BAD 228151942273
BAD 228059466647
BAD 228152049137
BAD 228301783777
BAD 228152112833
BAD 228059601719
BAD 228152249623
BAD 228123500687
BAD 228301981183
BAD 228059853067
BAD 228204102131
BAD 228060118219
BAD 228123886279
BAD 228123886283
BAD 228124133309
BAD 228124133311
BAD 228124133323
BAD 228204387379
BAD 228204541057
BAD 228204541073
BAD 228152916361
BAD 228124523797
BAD 228230366257
BAD 228302788309
BAD 228124931939
BAD 228124931941
BAD 228124991389
BAD 228125010431
BAD 228303093401
BAD 228303093407
BAD 228303093409
BAD 228230761799
BAD 228153652651
BAD 228244814101
BAD 228303598493
BAD 228061573349
BAD 228061573351
BAD 228244933283
BAD 228244933291
BAD 228125645287
BAD 228205838369
BAD 228231278257
BAD 228304086407
BAD 228231467641
BAD 228231481789
BAD 228304361011
BAD 228062402839
BAD 228206345623
BAD 228304645711
BAD 228304645733
BAD 228304645741
BAD 228256865273
BAD 228126413173
BAD 228245931731
BAD 228245931733
BAD 228245941327
BAD 228246021859
BAD 228170865719
BAD 228170865721
BAD 228170865757
BAD 228171123863
BAD 228127415363
BAD 228063369283
BAD 228257518933
BAD 228171553591
BAD 228171553601
BAD 228207446759
BAD 228207569641
BAD 228207569647
BAD 228246982937
BAD 228246982939
BAD 228233771123
BAD 228207733711
BAD 228207821147
BAD 228064890611
BAD 228064890619
BAD 228258356219
BAD 228064901833
BAD 228234459553
BAD 228065106323
BAD 228173707373
BAD 228173707381
BAD 228173707387
BAD 228173707393
BAD 228173707403
BAD 228129981323
BAD 228234681979
BAD 228234681991
BAD 228234682009
BAD 228065362949
BAD 228065362951
BAD 228065362961
BAD 228065362963
BAD 228208554481
BAD 228208554487
BAD 228208554491
BAD 228208779377
BAD 228208779397
BAD 228235078933
BAD 228131072321
BAD 228131121623
BAD 228259441591
BAD 228235533769
BAD 228248575267
BAD 228131219489
BAD 228174782611
BAD 228248575273
BAD 228248684231
BAD 228248684233
BAD 228248684267
BAD 228248764103
BAD 228248764109
BAD 228248764111
BAD 228304765253
BAD 228304765261
BAD 228304765267
BAD 228066712877
BAD 228066712879
BAD 228066712883
BAD 228259634633
BAD 228271612427
BAD 228210652039
BAD 228271742953
BAD 228271822943
BAD 228271822951
BAD 228132336227
BAD 228132336233
BAD 228211245421
BAD 228211245443
BAD 228132927661
BAD 228306186013
BAD 228260673941
BAD 228068547913
BAD 228177283591
BAD 228236992309
BAD 228211792673
BAD 228307082251
BAD 228133820749
BAD 228260673943
BAD 228249064819
BAD 228133820753
BAD 228272958181
BAD 228068561911
BAD 228260850247
BAD 228134121881
BAD 228134121883
BAD 228249562273
BAD 228249562279
BAD 228273500831
BAD 228273577463
BAD 228134835583
BAD 228134835589
BAD 228178416383
BAD 228178416407
BAD 228178416409
BAD 228178416419
BAD 228178416421
BAD 228273909139
BAD 228069389777
BAD 228069389783
BAD 228250120039
BAD 228135358639
BAD 228213496697
BAD 228213496759
BAD 228308693713
BAD 228308693719
BAD 228135377177
BAD 228135377179
BAD 228274410961
BAD 228135673231
BAD 228309434251
BAD 228275071711
BAD 228309466607
BAD 228309466613
BAD 228309466621
BAD 228309475483
BAD 228309475487
BAD 228180162787
BAD 228251158183
BAD 228180180901
BAD 228263641129
BAD 228275251429
BAD 228275251433
BAD 228136657501
BAD 228263835391
BAD 228180383539
BAD 228309711151
BAD 228214855703
BAD 228309815717
BAD 228309815719
BAD 228275476787
BAD 228275476789
BAD 228215562769
BAD 228275813981
BAD 228275813989
BAD 228310610533
BAD 228310831607
BAD 228252449129
BAD 228252523669
BAD 228216470611
BAD 228265617917
BAD 228265617919
BAD 228252688723
BAD 228311454467
BAD 228276817597
BAD 228266077777
BAD 228217005481
BAD 228217005781
BAD 228311908483
BAD 228182826271
BAD 228182826283
BAD 228182830567
BAD 228182830591
BAD 228312019373
BAD 228312019391
BAD 228312019393
BAD 228103947793
BAD 228312427867
BAD 228312427873
BAD 228312462517
BAD 228104146129
BAD 228277874731
BAD 228183748747
BAD 228218324779
BAD 228267499259
BAD 228277913533
BAD 228183820673
BAD 228183820729
BAD 228104595583
BAD 228267742363
BAD 228278169703
BAD 228254310553
BAD 228104857831
BAD 228104989153
BAD 228278658739
BAD 228278658743
BAD 228184835117
BAD 228184835119
BAD 228184835149
BAD 228184835167
BAD 228278965573
BAD 228314167127
BAD 228268964773
BAD 228269045041
BAD 228185335699
BAD 228314320187
BAD 228314320189
BAD 228269362807
BAD 228314642323
BAD 228269513333
BAD 228314864593
BAD 228269689987
BAD 228315032657
BAD 228220197949
BAD 228315032677
BAD 228185898049
BAD 228185898053
BAD 228185898067
BAD 228315301939
BAD 228270086791
BAD 228220519381
BAD 228315620587
BAD 228106732703
BAD 228270806671
BAD 228316221713
BAD 228316313977
BAD 228107302567
BAD 228281305969
BAD 228281306027
BAD 228317009693
BAD 228317009717
BAD 228317009719
BAD 228317009731
BAD 228281554847
BAD 228107757019
BAD 228107757023
BAD 228107757029
BAD 228282289187
BAD 228282289189
BAD 228318281299
BAD 228108618599
BAD 228318650611
BAD 228318678547
BAD 228318716729
BAD 228108997463
BAD 228319113329
BAD 228319113331
BAD 228283515437
BAD 228283515443
BAD 228319521431
BAD 228319521433
BAD 228319521439
BAD 228319521457
BAD 228319959047
BAD 228319959053
BAD 228320190541
BAD 228320670301
BAD 228284904271
BAD 228110698973
BAD 228285110633
BAD 228285372143
BAD 228286278617
BAD 228286378511
BAD 228286378513
BAD 228286378519
BAD 228111860243
BAD 228287113927
BAD 228287113931
BAD 228287113933
BAD 228287282479
BAD 228287633377
BAD 228287633393
BAD 228112963139
BAD 228287726143
BAD 228113449063
BAD 228114097891
BAD 228114269333
BAD 228114269359
BAD 228114426439
BAD 228114804019
BAD 228116663191
BAD 228117648071
BAD 228118418327
BAD 228118418329
BAD 228154230361
BAD 228188034871
BAD 228188066683
BAD 228188066699
BAD 228155969621
BAD 228189618091
BAD 228189903947
BAD 228156640669
BAD 228156832997
BAD 228190878791
BAD 228190878793
BAD 228190910329
BAD 228190910333
BAD 228190910341
BAD 228190940513
BAD 228157327553
BAD 228157908103
BAD 228158217757
BAD 228192276971
BAD 228158217773
BAD 228192276973
BAD 228158328389
BAD 228158432171
BAD 228158432179
BAD 228159603967
BAD 228159603983
BAD 228159650549
BAD 228159650557
BAD 228194165777
BAD 228194165779
BAD 228194165783
BAD 228194211743
BAD 228194211757
BAD 228194211781
BAD 228194815447
BAD 228160994153
BAD 228160994161
BAD 228161443403
BAD 228195490199
BAD 228195490351
BAD 228195826021
BAD 228162456569
BAD 228196770127
BAD 228163085851
BAD 228163175341
BAD 228163593631
BAD 228163782883
BAD 228163782887
BAD 228163782893
BAD 228163818293
BAD 228163818307
BAD 228198181597
BAD 228164317421
BAD 228165072241
BAD 228165311599
BAD 228165311603
BAD 228165477541
BAD 228166095097
BAD 228166746589
BAD 228166746653
BAD 228201147511
BAD 228201197011
BAD 228201485389
BAD 228167537249
BAD 228167537251
BAD 228202454797
BAD 228202454807
BAD 228168114347
BAD 228168114353
BAD 228168308639
BAD 228203126971
BAD 228169354607
BAD 228169354613
BAD 228169395073
BAD 228169395079
BAD 228203896009
BAD 228203995861
BAD 228203995867
BAD 228323595361
BAD 228323698201
BAD 228323758609
BAD 228325656469
BAD 228325960747
BAD 228326116859
BAD 228326116861
BAD 228327301193
BAD 228327389533
BAD 228327421193
BAD 228327869659
BAD 228328285231
BAD 228328902913
BAD 228329030443
BAD 228329357527
BAD 228330307679
BAD 228331397551
BAD 228333093353
BAD 228333093379
BAD 228333093383
BAD 228333256267
BAD 228333256271
BAD 228333256273
BAD 228333256279
BAD 228333256297
BAD 228335131483
BAD 228335295499
BAD 228335779351
BAD 228336013057
BAD 228337190617
BAD 228337674293
BAD 228338051311
BAD 228405593989
BAD 228407511821
BAD 228407511823
BAD 228407828533
BAD 228407874833
BAD 228407874847
BAD 228408091733
BAD 228408094973
BAD 228408487277
BAD 228408487297
BAD 228408961321
BAD 228355127831
BAD 228409047767
BAD 228409047773
BAD 228409070723
BAD 228355350239
BAD 228355350241
BAD 228409688399
BAD 228357451793
BAD 228357451799
BAD 228357451801
BAD 228410753341
BAD 228359317489
BAD 228359317499
BAD 228359317519
BAD 228359317523
BAD 228411905881
BAD 228359808739
BAD 228359825131
BAD 228388974953
BAD 228360266803
BAD 228360266837
BAD 228360276953
BAD 228360534533
BAD 228412082959
BAD 228361279921
BAD 228361279933
BAD 228361279943
BAD 228339236611
BAD 228339236669
BAD 228362062507
BAD 228339587831
BAD 228362286521
BAD 228390982669
BAD 228391166879
BAD 228391166881
BAD 228413555831
BAD 228363486529
BAD 228413758291
BAD 228364063583
BAD 228341806291
BAD 228414631559
BAD 228414631561
BAD 228414957649
BAD 228414957653
BAD 228393296881
BAD 228393305477
BAD 228393305479
BAD 228393305957
BAD 228365581909
BAD 228342352607
BAD 228393305963
BAD 228365612357
BAD 228365612359
BAD 228365612413
BAD 228365612417
BAD 228365679799
BAD 228365679803
BAD 228393481009
BAD 228366369503
BAD 228343117633
BAD 228366371287
BAD 228366993671
BAD 228343807267
BAD 228394842911
BAD 228395625463
BAD 228395781301
BAD 228395781307
BAD 228395781311
BAD 228345420689
BAD 228345420691
BAD 228345420811
BAD 228369124369
BAD 228369346561
BAD 228369525847
BAD 228369525863
BAD 228369525871
BAD 228369525877
BAD 228369525907
BAD 228346901501
BAD 228439148629
BAD 228415551911
BAD 228439148689
BAD 228415551913
BAD 228439159363
BAD 228346937993
BAD 228439299547
BAD 228347062123
BAD 228347062127
BAD 228347062129
BAD 228369940681
BAD 228416139877
BAD 228416215799
BAD 228416215801
BAD 228440670893
BAD 228417624811
BAD 228417658111
BAD 228441503827
BAD 228441517921
BAD 228441657901
BAD 228418201393
BAD 228418201397
BAD 228418201399
BAD 228349700363
BAD 228418865617
BAD 228419415817
BAD 228350620063
BAD 228350620073
BAD 228419652233
BAD 228397638851
BAD 228351260881
BAD 228444648083
BAD 228444648097
BAD 228444648101
BAD 228397786219
BAD 228444951299
BAD 228420257671
BAD 228398784541
BAD 228420493393
BAD 228420729421
BAD 228399291247
BAD 228399481283
BAD 228421092353
BAD 228399658741
BAD 228399685043
BAD 228421513153
BAD 228421513169
BAD 228421513171
BAD 228421513193
BAD 228400089557
BAD 228446438431
BAD 228400821689
BAD 228400821721
BAD 228354575627
BAD 228354575629
BAD 228354575633
BAD 228354575639
BAD 228354575641
BAD 228401119267
BAD 228447569333
BAD 228401540513
BAD 228401540527
BAD 228401901961
BAD 228401901967
BAD 228402106067
BAD 228402106069
BAD 228402544207
BAD 228402544231
BAD 228448906489
BAD 228448906493
BAD 228403090441
BAD 228403338533
BAD 228449680703
BAD 228403709341
BAD 228450184243
BAD 228450184247
BAD 228450184253
BAD 228404456999
BAD 228404457013
BAD 228404457019
BAD 228404553053
BAD 228404696603
BAD 228451745251
BAD 228452038753
BAD 228452287111
BAD 228452867843
BAD 228453202927
BAD 228453202931
BAD 228453455101
BAD 228453567997
BAD 228454038587
BAD 228454206091
BAD 228454471261
BAD 228454684123
BAD 228373054969
BAD 228373445407
BAD 228374124997
BAD 228374125027
BAD 228374125033
BAD 228374148533
BAD 228374346619
BAD 228374346623
BAD 228374362949
BAD 228374600983
BAD 228374763611
BAD 228374763613
BAD 228375167399
BAD 228375167401
BAD 228375339011
BAD 228375934249
BAD 228375934253
BAD 228375934261
BAD 228376020907
BAD 228376020913
BAD 228376181617
BAD 228376181633
BAD 228376986203
BAD 228377793911
BAD 228377793913
BAD 228378770401
BAD 228378770429
BAD 228378770447
BAD 228378770449
BAD 228379147543
BAD 228379147547
BAD 228380911819
BAD 228380911823
BAD 228381437593
BAD 228381852451
BAD 228382077761
BAD 228382510129
BAD 228382510133
BAD 228382714883
BAD 228383214391
BAD 228383214403
BAD 228383214407
BAD 228384673009
BAD 228384961817
BAD 228385098451
BAD 228385098457
BAD 228385098481
BAD 228385310761
BAD 228385622183
BAD 228385666261
BAD 228385946683
BAD 228387518999
BAD 228387519001
BAD 228388070947
BAD 228388248577
BAD 228422566447
BAD 228424198909
BAD 228424198913
BAD 228424198927
BAD 228424198931
BAD 228424334521
BAD 228425151709
BAD 228427571929
BAD 228427798999
BAD 228427985077
BAD 228428853181
BAD 228428978069
BAD 228428980823
BAD 228430603519
BAD 228430603523
BAD 228431287187
BAD 228434076019
BAD 228434076023
BAD 228434076029
BAD 228434416811
BAD 228434416813
BAD 228434416823
BAD 228434416831
BAD 228434854009
BAD 228434854013
BAD 228435906533
BAD 228436656023
BAD 228437209193
BAD 228437209201
BAD 228437431853
BAD 228437518549
BAD 228509363281
BAD 228509385151
BAD 228510235643
BAD 228510663001
BAD 228510663013
BAD 228511301353
BAD 228511652599
BAD 228512316223
BAD 228512316229
BAD 228512316233
BAD 228512333437
BAD 228512333477
BAD 228512333479
BAD 228512482753
BAD 228512589143
BAD 228512684417
BAD 228513367657
BAD 228513367661
BAD 228472784321
BAD 228472784357
BAD 228472784359
BAD 228514086301
BAD 228489755413
BAD 228489755423
BAD 228489755437
BAD 228489818903
BAD 228489923279
BAD 228489923281
BAD 228489923287
BAD 228514847941
BAD 228456527153
BAD 228474508421
BAD 228456527161
BAD 228474759179
BAD 228474759181
BAD 228515060947
BAD 228515075707
BAD 228515075717
BAD 228475113079
BAD 228475113091
BAD 228458221603
BAD 228458221609
BAD 228475607837
BAD 228475607839
BAD 228458496181
BAD 228458496197
BAD 228458496199
BAD 228476070421
BAD 228476671363
BAD 228459871417
BAD 228459904733
BAD 228459904741
BAD 228476782133
BAD 228460176913
BAD 228607640567
BAD 228460371439
BAD 228517263229
BAD 228460940899
BAD 228477702053
BAD 228477721561
BAD 228490388183
BAD 228490432637
BAD 228490529131
BAD 228461534611
BAD 228478187263
BAD 228490993277
BAD 228490993279
BAD 228461974733
BAD 228462697159
BAD 228462697163
BAD 228462697171
BAD 228478828243
BAD 228478828247
BAD 228491481199
BAD 228491481203
BAD 228610098491
BAD 228491564179
BAD 228463408949
BAD 228463408951
BAD 228463408961
BAD 228463408963
BAD 228479258669
BAD 228479258671
BAD 228479258743
BAD 228479258789
BAD 228464137021
BAD 228479895829
BAD 228464662219
BAD 228464725667
BAD 228464725669
BAD 228519348179
BAD 228481625597
BAD 228519348181
BAD 228464725673
BAD 228481625599
BAD 228464927071
BAD 228611578823
BAD 228465018623
BAD 228612335071
BAD 228612418973
BAD 228612418981
BAD 228482736683
BAD 228520825373
BAD 228520825391
BAD 228521167003
BAD 228521482859
BAD 228521482883
BAD 228521517353
BAD 228521517359
BAD 228521517361
BAD 228521517619
BAD 228521613721
BAD 228466620763
BAD 228466674451
BAD 228521740723
BAD 228521823521
BAD 228521823527
BAD 228467007583
BAD 228484434533
BAD 228522049229
BAD 228492524873
BAD 228484730759
BAD 228468167971
BAD 228484730779
BAD 228492837007
BAD 228522292793
BAD 228522298141
BAD 228522298171
BAD 228468532129
BAD 228468532133
BAD 228522700643
BAD 228522719869
BAD 228493646687
BAD 228468762043
BAD 228614357551
BAD 228493809163
BAD 228493809169
BAD 228615160399
BAD 228615367103
BAD 228615367111
BAD 228487086067
BAD 228487228201
BAD 228487232549
BAD 228487232563
BAD 228495111853
BAD 228495111857
BAD 228616455283
BAD 228469928363
BAD 228488473981
BAD 228488474009
BAD 228616760041
BAD 228496313833
BAD 228496948663
BAD 228470486869
BAD 228470486897
BAD 228470486899
BAD 228470486903
BAD 228618072289
BAD 228618100969
BAD 228618406847
BAD 228618406873
BAD 228557444897
BAD 228618535597
BAD 228498087931
BAD 228498335033
BAD 228471875587
BAD 228472042999
BAD 228472189811
BAD 228472189831
BAD 228558577249
BAD 228558577253
BAD 228619461649
BAD 228620095261
BAD 228559203319
BAD 228559311209
BAD 228620393213
BAD 228559418149
BAD 228590821639
BAD 228620460241
BAD 228620460247
BAD 228620593577
BAD 228591328921
BAD 228620660209
BAD 228500523661
BAD 228539612563
BAD 228620836967
BAD 228539691311
BAD 228539691313
BAD 228560304733
BAD 228560304743
BAD 228540024353
BAD 228621071999
BAD 228540147949
BAD 228540147961
BAD 228560783491
BAD 228573181783
BAD 228560973149
BAD 228560973211
BAD 228560973217
BAD 228561081257
BAD 228621435619
BAD 228540631861
BAD 228540631867
BAD 228540757021
BAD 228540757141
BAD 228622232161
BAD 228622232191
BAD 228574488157
BAD 228574506637
BAD 228502475491
BAD 228502475527
BAD 228593694781
BAD 228622611653
BAD 228622611661
BAD 228622611683
BAD 228575510633
BAD 228575510651
BAD 228502656413
BAD 228622806211
BAD 228576025063
BAD 228576110953
BAD 228576110957
BAD 228623293211
BAD 228623293219
BAD 228623293229
BAD 228623293231
BAD 228594631861
BAD 228576580493
BAD 228576580499
BAD 228576580501
BAD 228503898229
BAD 228595035751
BAD 228504146459
BAD 228504146461
BAD 228541786493
BAD 228541796143
BAD 228541796149
BAD 228577334483
BAD 228542592991
BAD 228577609553
BAD 228577790431
BAD 228596157931
BAD 228543437833
BAD 228577840391
BAD 228577840397
BAD 228577840399
BAD 228543533107
BAD 228543533137
BAD 228543533149
BAD 228543534679
BAD 228562863701
BAD 228577977037
BAD 228563040793
BAD 228505338781
BAD 228578300317
BAD 228563741821
BAD 228505817483
BAD 228579002321
BAD 228579002329
BAD 228597248359
BAD 228579126901
BAD 228579217819
BAD 228597579781
BAD 228580083973
BAD 228580145063
BAD 228565048741
BAD 228598386707
BAD 228693836453
BAD 228565464311
BAD 228580746323
BAD 228580963847
BAD 228546729737
BAD 228708310507
BAD 228694279249
BAD 228708310511
BAD 228599071733
BAD 228546729739
BAD 228546729757
BAD 228708431053
BAD 228567091279
BAD 228546937573
BAD 228708698923
BAD 228547064029
BAD 228657268493
BAD 228657461507
BAD 228657461509
BAD 228567835591
BAD 228695521387
BAD 228600339059
BAD 228600339061
BAD 228658583303
BAD 228601050673
BAD 228658639373
BAD 228710206267
BAD 228659106259
BAD 228710479247
BAD 228548211217
BAD 228659350531
BAD 228601833079
BAD 228582701999
BAD 228582702001
BAD 228660120239
BAD 228602603483
BAD 228570570181
BAD 228602603599
BAD 228697149601
BAD 228602603611
BAD 228660120263
BAD 228711319883
BAD 228583069073
BAD 228583069081
BAD 228603059359
BAD 228603069743
BAD 228603069757
BAD 228603150379
BAD 228674372107
BAD 228674637329
BAD 228674668643
BAD 228571317287
BAD 228674773139
BAD 228674773157
BAD 228661425379
BAD 228603996547
BAD 228712342073
BAD 228712342081
BAD 228712342099
BAD 228571791703
BAD 228675639919
BAD 228584372119
BAD 228675639923
BAD 228584372123
BAD 228572899673
BAD 228662235103
BAD 228713843299
BAD 228572899697
BAD 228698785463
BAD 228584372131
BAD 228605088539
BAD 228584372239
BAD 228572899699
BAD 228676778663
BAD 228605088541
BAD 228584372243
BAD 228605088563
BAD 228584403833
BAD 228584403841
BAD 228584521771
BAD 228676990753
BAD 228676990769
BAD 228605364199
BAD 228662443843
BAD 228698987929
BAD 228698987981
BAD 228698987983
BAD 228698987987
BAD 228698987989
BAD 228698988019
BAD 228677276101
BAD 228548554253
BAD 228606026927
BAD 228714765481
BAD 228677669497
BAD 228714765493
BAD 228585158927
BAD 228585158929
BAD 228585162691
BAD 228677781593
BAD 228677781599
BAD 228677781601
BAD 228714994199
BAD 228606634057
BAD 228606634063
BAD 228606634073
BAD 228585435503
BAD 228585435509
BAD 228549155333
BAD 228699882253
BAD 228549365749
BAD 228715810559
BAD 228715810567
BAD 228678693883
BAD 228700351573
BAD 228700351577
BAD 228550295599
BAD 228716564851
BAD 228716677201
BAD 228700969073
BAD 228700969103
BAD 228587073961
BAD 228679775383
BAD 228717099937
BAD 228717099943
BAD 228717121783
BAD 228551169181
BAD 228680076019
BAD 228523496339
BAD 228717537253
BAD 228717537283
BAD 228717537287
BAD 228523896487
BAD 228640766617
BAD 228551996509
BAD 228640905403
BAD 228640905407
BAD 228665638939
BAD 228718088947
BAD 228623523859
BAD 228641118533
BAD 228552444233
BAD 228641258269
BAD 228641258273
BAD 228718739749
BAD 228588812017
BAD 228641412721
BAD 228624146869
BAD 228681757873
BAD 228681757877
BAD 228681757879
BAD 228666469231
BAD 228624410899
BAD 228553287551
BAD 228553287553
BAD 228682234351
BAD 228553287577
BAD 228682234357
BAD 228624742757
BAD 228553287583
BAD 228624742771
BAD 228589719539
BAD 228589719541
BAD 228589719569
BAD 228642147533
BAD 228525729127
BAD 228553534369
BAD 228667365029
BAD 228642370531
BAD 228682708621
BAD 228526031233
BAD 228704205263
BAD 228526474273
BAD 228683208961
BAD 228683208967
BAD 228643357147
BAD 228720691891
BAD 228720691897
BAD 228626102461
BAD 228668254861
BAD 228668335933
BAD 228668335937
BAD 228668335939
BAD 228668335943
BAD 228683571577
BAD 228554912221
BAD 228683571593
BAD 228668528477
BAD 228554912239
BAD 228668528479
BAD 228555033601
BAD 228555071153
BAD 228705676709
BAD 228705676711
BAD 228644253953
BAD 228668922107
BAD 228668922109
BAD 228644453383
BAD 228721631363
BAD 228684094099
BAD 228684103619
BAD 228684103621
BAD 228721727701
BAD 228721727713
BAD 228721727723
BAD 228706213433
BAD 228644763331
BAD 228706311061
BAD 228706392643
BAD 228555916081
BAD 228684773971
BAD 228684823691
BAD 228645497551
BAD 228645497557
BAD 228628049669
BAD 228707256829
BAD 228645816563
BAD 228645816569
BAD 228645816571
BAD 228670048141
BAD 228670048157
BAD 228528419809
BAD 228528419813
BAD 228670107587
BAD 228670107607
BAD 228685264153
BAD 228528636797
BAD 228528636799
BAD 228528636803
BAD 228628459069
BAD 228528851381
BAD 228628486861
BAD 228628487033
BAD 228646482943
BAD 228670655023
BAD 228529032397
BAD 228529032419
BAD 228529032421
BAD 228529174103
BAD 228723823849
BAD 228723823903
BAD 228723823907
BAD 228724013759
BAD 228724013761
BAD 228724013789
BAD 228686324323
BAD 228686393963
BAD 228647794259
BAD 228647794261
BAD 228629537137
BAD 228672096893
BAD 228530783953
BAD 228672618929
BAD 228672618931
BAD 228672618947
BAD 228672618949
BAD 228672618953
BAD 228672778627
BAD 228631271443
BAD 228631734169
BAD 228649679417
BAD 228688595761
BAD 228688595767
BAD 228632051881
BAD 228688845013
BAD 228632296993
BAD 228532150433
BAD 228689133863
BAD 228632576663
BAD 228650351669
BAD 228650499733
BAD 228633544429
BAD 228633623557
BAD 228633652397
BAD 228633652399
BAD 228633735773
BAD 228533332441
BAD 228633975091
BAD 228533489917
BAD 228533489927
BAD 228533489929
BAD 228634045763
BAD 228651620053
BAD 228533583827
BAD 228533583829
BAD 228533583833
BAD 228533686583
BAD 228533686673
BAD 228533686747
BAD 228634340873
BAD 228533937871
BAD 228533937881
BAD 228533937883
BAD 228652020143
BAD 228634751041
BAD 228634751077
BAD 228652344343
BAD 228635253907
BAD 228652495061
BAD 228535046659
BAD 228535046713
BAD 228535089271
BAD 228535202789
BAD 228535457443
BAD 228535677863
BAD 228653324749
BAD 228653324759
BAD 228653933413
BAD 228536497339
BAD 228637818193
BAD 228536889169
BAD 228536889173
BAD 228654654749
BAD 228638315021
BAD 228537382993
BAD 228537962813
BAD 228656759297
BAD 228656759299
BAD 228656761519
BAD 228656761523
BAD 228724472191
BAD 228724472201
BAD 228724472203
BAD 228724472209
BAD 228724502599
BAD 228724607899
BAD 228725113913
BAD 228726650629
BAD 228726815441
BAD 228726903421
BAD 228726941459
BAD 228726941461
BAD 228727103953
BAD 228727575563
BAD 228727575631
BAD 228727714673
BAD 228727935983
BAD 228727936009
BAD 228728258687
BAD 228728514019
BAD 228729200309
BAD 228729200327
BAD 228729200333
BAD 228729690529
BAD 228729690533
BAD 228731352181
BAD 228731352197
BAD 228732753511
BAD 228732753517
BAD 228732787211
BAD 228733237807
BAD 228733237813
BAD 228734081869
BAD 228735932743
BAD 228735987379
BAD 228791510729
BAD 228791545069
BAD 228736196167
BAD 228741018313
BAD 228741018329
BAD 228741512459
BAD 228741512491
BAD 228741652703
BAD 228741652723
BAD 228741652759
BAD 228792464371
BAD 228792653669
BAD 228792653671
BAD 228793072429
BAD 228742298809
BAD 228793307299
BAD 228742517233
BAD 228793964671
BAD 228793964677
BAD 228742792283
BAD 228794556283
BAD 228794556293
BAD 228794722913
BAD 228736976431
BAD 228736976449
BAD 228737780041
BAD 228737864851
BAD 228797298019
BAD 228738203303
BAD 228738217823
BAD 228738217831
BAD 228738453877
BAD 228798028141
BAD 228738825949
BAD 228798694381
BAD 228739618831
BAD 228739618841
BAD 228800262877
BAD 228800262883
BAD 228800332771
BAD 228745043101
BAD 228800332777
BAD 228745043119
BAD 228757742077
BAD 228745043123
BAD 228800958649
BAD 228758909059
BAD 228801539371
BAD 228801539401
BAD 228759568313
BAD 228747246527
BAD 228747246529
BAD 228802841723
BAD 228802841741
BAD 228802924507
BAD 228804006401
BAD 228804049057
BAD 228761873537
BAD 228761873539
BAD 228762143003
BAD 228804498833
BAD 228804498859
BAD 228804498863
BAD 228762974989
BAD 228763941331
BAD 228805613731
BAD 228764088299
BAD 228805686727
BAD 228805966733
BAD 228806061443
BAD 228764825833
BAD 228748480787
BAD 228748480789
BAD 228748491859
BAD 228765009061
BAD 228765009079
BAD 228748712741
BAD 228748712743
BAD 228748712747
BAD 228748712749
BAD 228748764161
BAD 228748764163
BAD 228749418241
BAD 228749773741
BAD 228766486381
BAD 228750119123
BAD 228750305783
BAD 228750337819
BAD 228750337841
BAD 228750337843
BAD 228750748789
BAD 228750957931
BAD 228751087801
BAD 228806217623
BAD 228806217631
BAD 228806468101
BAD 228806468227
BAD 228806492821
BAD 228806492843
BAD 228806492851
BAD 228806492857
BAD 228806688139
BAD 228807480977
BAD 228807480983
BAD 228752908859
BAD 228752908861
BAD 228753469409
BAD 228753469411
BAD 228753718703
BAD 228774989789
BAD 228775173377
BAD 228775173379
BAD 228775173383
BAD 228825432491
BAD 228825432559
BAD 228755729779
BAD 228825836341
BAD 228756334459
BAD 228826180433
BAD 228757036103
BAD 228757170623
BAD 228757170637
BAD 228757170683
BAD 228767578387
BAD 228827249153
BAD 228776674433
BAD 228828466639
BAD 228777104263
BAD 228777104267
BAD 228777200581
BAD 228777247411
BAD 228828815431
BAD 228768959173
BAD 228828815491
BAD 228829064047
BAD 228829064053
BAD 228769634243
BAD 228778195469
BAD 228829592773
BAD 228829592779
BAD 228829592807
BAD 228829592809
BAD 228830084401
BAD 228830251907
BAD 228779107057
BAD 228779107069
BAD 228779107111
BAD 228779107121
BAD 228771413149
BAD 228771413153
BAD 228780267503
BAD 228780267511
BAD 228780382969
BAD 228780382973
BAD 228780474277
BAD 228780474281
BAD 228780474283
BAD 228831380867
BAD 228831693157
BAD 228781449439
BAD 228781449451
BAD 228833169871
BAD 228833313529
BAD 228782114389
BAD 228782150419
BAD 228782150423
BAD 228834214657
BAD 228782651393
BAD 228782665493
BAD 228782743549
BAD 228834372343
BAD 228782906617
BAD 228782906621
BAD 228782906623
BAD 228834886129
BAD 228835273661
BAD 228784631113
BAD 228836424391
BAD 228836931353
BAD 228836948971
BAD 228837256729
BAD 228837256733
BAD 228772259567
BAD 228772259581
BAD 228772259593
BAD 228772361431
BAD 228837634243
BAD 228838017853
BAD 228786246673
BAD 228773502767
BAD 228773950073
BAD 228840117169
BAD 228773971847
BAD 228773973811
BAD 228840545173
BAD 228786596461
BAD 228841068637
BAD 228841068671
BAD 228841556039
BAD 228788199433
BAD 228789640613
BAD 228790242229
BAD 228809909221
BAD 228809990239
BAD 228811153979
BAD 228811153981
BAD 228811642523
BAD 228812609219
BAD 228813609847
BAD 228814193249
BAD 228814728953
BAD 228814848907
BAD 228815124127
BAD 228816617453
BAD 228819711583
BAD 228819711587
BAD 228819711619
BAD 228819967009
BAD 228819967043
BAD 228820331893
BAD 228820424233
BAD 228820815109
BAD 228821299571
BAD 228821299573
BAD 228821358559
BAD 228823566319
BAD 228824527381
BAD 228841703381
BAD 228841703383
BAD 228843731533
BAD 228843731539
BAD 228844134199
BAD 228876425161
BAD 228877118497
BAD 228877608227
BAD 228877608229
BAD 228847157491
BAD 228847439399
BAD 228848277589
BAD 228848277601
BAD 228879940981
BAD 228879940999
BAD 228848679121
BAD 228848777503
BAD 228848988679
BAD 228880445977
BAD 228880446083
BAD 228880615471
BAD 228880640257
BAD 228880640267
BAD 228880640269
BAD 228880640273
BAD 228880640321
BAD 228880781413
BAD 228880781417
BAD 228880781419
BAD 228880842523
BAD 228882609803
BAD 228882609811
BAD 228849331771
BAD 228849932329
BAD 228850323199
BAD 228850323203
BAD 228850684837
BAD 228851649251
BAD 228851649253
BAD 228851825299
BAD 228851995681
BAD 228851995711
BAD 228852259019
BAD 228852321923
BAD 228852765073
BAD 228884110423
BAD 228884602979
BAD 228884602981
BAD 228885870571
BAD 228886217719
BAD 228886217723
BAD 228886217731
BAD 228887057099
BAD 228854950843
BAD 228858603823
BAD 228858621031
BAD 228858875269
BAD 228856945861
BAD 228856945873
BAD 228857015813
BAD 228857509913
BAD 228857509921
BAD 228859702037
BAD 228859702039
BAD 228860903879
BAD 228860903881
BAD 228860904031
BAD 228861047903
BAD 228888167003
BAD 228888167009
BAD 228888167017
BAD 228888167021
BAD 228888167023
BAD 228888167041
BAD 228888983041
BAD 228862371053
BAD 228862384343
BAD 228862384379
BAD 228862384381
BAD 228862479641
BAD 228862674037
BAD 228862880819
BAD 228862880821
BAD 228890288371
BAD 228867754499
BAD 228867754501
BAD 228869859613
BAD 228870658369
BAD 228871043617
BAD 228871043647
BAD 228871043651
BAD 228872115917
BAD 228872115919
BAD 228872115937
BAD 228872658769
BAD 228872658787
BAD 228873627023
BAD 228873627029
BAD 228873764017
BAD 228874114411
BAD 228875142073
BAD 228875142077
BAD 228875142079
BAD 229043162539
BAD 229043189159
BAD 229043189161
BAD 229043189173
BAD 229043416493
BAD 229043787887
BAD 229043787953
BAD 229076646443
BAD 229076646451
BAD 229044089761
BAD 229093391633
BAD 229093635739
BAD 229093635751
BAD 229077876851
BAD 229094087473
BAD 229078344457
BAD 228942353083
BAD 229078739059
BAD 229078739063
BAD 229078739069
BAD 229026240739
BAD 229059790261
BAD 229059956149
BAD 228943140977
BAD 228943140989
BAD 229046597033
BAD 229009639129
BAD 228943296079
BAD 228943296083
BAD 229079393269
BAD 229079393273
BAD 229079393281
BAD 229060357787
BAD 229060357789
BAD 228943828433
BAD 229027184723
BAD 229079735413
BAD 229079735419
BAD 228944160947
BAD 229027571713
BAD 229027571719
BAD 229027571723
BAD 228959115433
BAD 229049956981
BAD 228944303369
BAD 228975857507
BAD 228993559877
BAD 228891951719
BAD 228908770507
BAD 228993559889
BAD 229080170203
BAD 228891951721
BAD 229080170213
BAD 229080170219
BAD 229011571583
BAD 228976085281
BAD 229050194221
BAD 229050194227
BAD 229050194249
BAD 229050194251
BAD 229050194257
BAD 228944669119
BAD 228944669123
BAD 228909254449
BAD 228993893353
BAD 229027814843
BAD 229060484179
BAD 229060484207
BAD 229060484209
BAD 229012125623
BAD 229060547393
BAD 229080744499
BAD 229012686499
BAD 229012686503
BAD 229012686509
BAD 228909277459
BAD 228926647387
BAD 228926679349
BAD 228926679353
BAD 229051070653
BAD 228909607783
BAD 228976802081
BAD 228976802083
BAD 228994864759
BAD 228960496957
BAD 228976955797
BAD 228960731003
BAD 229029586133
BAD 228946543807
BAD 228946543921
BAD 228927304891
BAD 228927381283
BAD 229062311089
BAD 229029808141
BAD 229029879193
BAD 228961000427
BAD 229013760163
BAD 229013988127
BAD 229013988131
BAD 229014074803
BAD 229081642663
BAD 228961343089
BAD 229015060889
BAD 228978348871
BAD 228895390673
BAD 228947032999
BAD 229081772539
BAD 228997155683
BAD 229052703959
BAD 228914031221
BAD 229030442761
BAD 229015060891
BAD 228914031223
BAD 228914031239
BAD 228961396201
BAD 228961432561
BAD 228961458421
BAD 228997284011
BAD 228997284013
BAD 228997284017
BAD 228961493053
BAD 228961493077
BAD 229015293109
BAD 229015293121
BAD 229081912453
BAD 228947384879
BAD 228947384881
BAD 229015467053
BAD 229053186941
BAD 228930022613
BAD 229082176891
BAD 228947798887
BAD 228979015651
BAD 228895970557
BAD 228998168411
BAD 229031160133
BAD 229015997971
BAD 229082441881
BAD 229031160139
BAD 228930402383
BAD 228947894807
BAD 228947894809
BAD 228998311879
BAD 228998379781
BAD 229082582899
BAD 229082582903
BAD 228948108293
BAD 228948108313
BAD 229110091673
BAD 228998608193
BAD 229110160793
BAD 228962918227
BAD 229082775899
BAD 228962918231
BAD 228948375323
BAD 228930941633
BAD 228896581273
BAD 228896581283
BAD 229016479673
BAD 229054234727
BAD 229054234729
BAD 229054240633
BAD 229083219943
BAD 228980731373
BAD 228931493957
BAD 228963556441
BAD 229064388593
BAD 228897143711
BAD 228931493977
BAD 229110457273
BAD 229017184709
BAD 228949071083
BAD 228999218999
BAD 228915478591
BAD 228963562283
BAD 229032050123
BAD 229032050213
BAD 228915486817
BAD 228897201901
BAD 228897201919
BAD 228897201991
BAD 228949138291
BAD 228980847019
BAD 229017477109
BAD 229083405017
BAD 228915867799
BAD 228915921919
BAD 228999770143
BAD 228915970579
BAD 229083603841
BAD 228932054059
BAD 228949828973
BAD 228916052437
BAD 228964284019
BAD 228981572191
BAD 229000040653
BAD 229111050907
BAD 228981572227
BAD 228916052447
BAD 229000040713
BAD 228964284023
BAD 228932207029
BAD 228897892513
BAD 229000115899
BAD 229033106737
BAD 229033106903
BAD 229033106921
BAD 229033106941
BAD 228981809293
BAD 228916433929
BAD 228950261053
BAD 228964738291
BAD 229084025567
BAD 229084025579
BAD 228950314003
BAD 228898184821
BAD 229033558969
BAD 229033558973
BAD 228982006441
BAD 228916781861
BAD 229065226829
BAD 229001072099
BAD 229096940803
BAD 229112279573
BAD 228951323693
BAD 228984022207
BAD 229001072101
BAD 229019706023
BAD 228965277623
BAD 228918621889
BAD 228898399381
BAD 229034096633
BAD 229065406183
BAD 228984022213
BAD 229084956953
BAD 228932975549
BAD 229065406187
BAD 229065406189
BAD 229112393383
BAD 229097146219
BAD 229097146237
BAD 229097190643
BAD 229034476789
BAD 229112600723
BAD 228933379291
BAD 228965743789
BAD 228965771851
BAD 228965771863
BAD 229112741947
BAD 228919245979
BAD 228919245991
BAD 228984696659
BAD 228966136577
BAD 228933862541
BAD 229020571631
BAD 228899055863
BAD 228933862543
BAD 228920419213
BAD 228952404103
BAD 229085422931
BAD 229035408817
BAD 229056067507
BAD 229020571669
BAD 229085422949
BAD 228966136579
BAD 229020571673
BAD 229099296143
BAD 228966136583
BAD 229066023877
BAD 228933954841
BAD 229001795089
BAD 229035495239
BAD 229001795119
BAD 229035495301
BAD 229001795137
BAD 228934119773
BAD 228952751551
BAD 229002050183
BAD 229085746579
BAD 228899445499
BAD 228921068251
BAD 228988198213
BAD 228988198223
BAD 229113456653
BAD 228921323101
BAD 229037222509
BAD 229066845283
BAD 229100730499
BAD 229066845289
BAD 228953171483
BAD 229066845299
BAD 229057429499
BAD 228935308531
BAD 229022084843
BAD 229086058147
BAD 228900013939
BAD 229100730517
BAD 228900013963
BAD 228988209563
BAD 229086087343
BAD 229086087353
BAD 229086087379
BAD 228953209843
BAD 229066907659
BAD 228921402499
BAD 228921402503
BAD 229022164387
BAD 229022164433
BAD 229100805653
BAD 229100808289
BAD 228935471341
BAD 229067012653
BAD 228988360103
BAD 228922046113
BAD 229039121821
BAD 229101229601
BAD 229002831451
BAD 228968086471
BAD 229113739961
BAD 228900868013
BAD 228955222597
BAD 228936155167
BAD 229068065929
BAD 229113739963
BAD 228955222603
BAD 229086461581
BAD 229023253523
BAD 228936155177
BAD 229023290071
BAD 229086508897
BAD 228988562993
BAD 228968349469
BAD 229003320587
BAD 229003320589
BAD 229003359257
BAD 229003359259
BAD 228955871009
BAD 229003600643
BAD 228936925897
BAD 229039941829
BAD 229039941833
BAD 228968762993
BAD 229003819703
BAD 228923152609
BAD 228969315713
BAD 229070617493
BAD 228923152613
BAD 228957201007
BAD 228989536439
BAD 228969315719
BAD 229102912309
BAD 228989536441
BAD 229040807297
BAD 228969315721
BAD 228989536453
BAD 229102912319
BAD 229040807299
BAD 229115071891
BAD 229025957101
BAD 228923180309
BAD 228939446273
BAD 229040884913
BAD 228969478489
BAD 229041056149
BAD 228957568163
BAD 228957568181
BAD 228957568193
BAD 229071070243
BAD 229071070247
BAD 229071082637
BAD 229004178737
BAD 228957770033
BAD 228923842607
BAD 229071417937
BAD 229041376153
BAD 229071417943
BAD 228902471311
BAD 229090532017
BAD 229090532023
BAD 229115847673
BAD 229115847691
BAD 228970089883
BAD 229090576753
BAD 228940458689
BAD 229041458357
BAD 228990348817
BAD 228958347907
BAD 228958347911
BAD 228970192309
BAD 228970192313
BAD 229004572913
BAD 228940708223
BAD 229004628973
BAD 229004629001
BAD 228970352843
BAD 228940910753
BAD 228941026879
BAD 228924549613
BAD 228924549617
BAD 228924549619
BAD 229116839993
BAD 229005046733
BAD 229091531041
BAD 229104228973
BAD 229116938629
BAD 229104228979
BAD 228991195441
BAD 229005201991
BAD 229091531047
BAD 228991195453
BAD 228971210341
BAD 229042579237
BAD 228903491717
BAD 228903491723
BAD 229042654741
BAD 229042654747
BAD 228903678863
BAD 228903678907
BAD 229091991607
BAD 229117569181
BAD 229117569193
BAD 229117569221
BAD 229104988403
BAD 229117645753
BAD 229073113237
BAD 229092422903
BAD 229092459613
BAD 229005754507
BAD 229005754519
BAD 228992497043
BAD 228972520627
BAD 229093053467
BAD 229073818937
BAD 228905010391
BAD 229073818943
BAD 229073818949
BAD 229073818951
BAD 229073818973
BAD 229106801981
BAD 229106801983
BAD 228905224063
BAD 228973793063
BAD 229107356719
BAD 229119558203
BAD 229006819213
BAD 228905740669
BAD 229006977503
BAD 229119937381
BAD 229119937393
BAD 229108499437
BAD 229108499441
BAD 229108499443
BAD 229108499447
BAD 229108499449
BAD 229108739653
BAD 229108739669
BAD 229108739693
BAD 229120641637
BAD 229007629547
BAD 229007629549
BAD 229007629553
BAD 229007644531
BAD 229075995091
BAD 228907538393
BAD 228907600333
BAD 229121648111
BAD 229109563037
BAD 229008305807
BAD 229008305809
BAD 229109639029
BAD 229008403621
BAD 229121981089
BAD 228908248141
BAD 228908279251
BAD 228908397323
BAD 228908397337
BAD 229122540061
BAD 229122822601
BAD 229122822647
BAD 229122822653
BAD 229123815803
BAD 229124705611
BAD 229124705617
BAD 229125364849
BAD 229126541437
BAD 229127429423
BAD 229127684609
BAD 229127733173
BAD 229128111403
BAD 229128333367
BAD 229128497707
BAD 229128497711
BAD 229128497713
BAD 229128497729
BAD 229128577291
BAD 229128577313
BAD 229128605791
BAD 229129091707
BAD 229131898943
BAD 229132159447
BAD 229132159541
BAD 229133367277
BAD 229133513447
BAD 229133899513
BAD 229134327031
BAD 229134436261
BAD 229134829969
BAD 229134880913
BAD 229135213939
BAD 229135371251
BAD 229135371253
BAD 229135371263
BAD 229135572949
BAD 229135572973
BAD 229136719111
BAD 229136882719
BAD 229136882729
BAD 229136882791
BAD 229136931581
BAD 229137679523
BAD 229178309419
BAD 229178620313
BAD 229178674247
BAD 229140497479
BAD 229180421237
BAD 229140535387
BAD 229140535399
BAD 229140535409
BAD 229140535411
BAD 229140834799
BAD 229180880503
BAD 229180880527
BAD 229194446977
BAD 229141345661
BAD 229141345663
BAD 229141345673
BAD 229141488833
BAD 229194975131
BAD 229194975133
BAD 229195021987
BAD 229141727693
BAD 229181532529
BAD 229181685749
BAD 229143983023
BAD 229182402307
BAD 229182402313
BAD 229182550549
BAD 229182678271
BAD 229142673083
BAD 229144610353
BAD 229144610363
BAD 229144613669
BAD 229144613671
BAD 229144637509
BAD 229160424709
BAD 229197359663
BAD 229184126551
BAD 229184126557
BAD 229197383903
BAD 229197383911
BAD 229184174911
BAD 229184174917
BAD 229145073803
BAD 229145328143
BAD 229198023643
BAD 229198023647
BAD 229198023653
BAD 229198023661
BAD 229198023673
BAD 229185237079
BAD 229145806339
BAD 229198617383
BAD 229186234643
BAD 229146690629
BAD 229146690631
BAD 229146961753
BAD 229147206151
BAD 229186841393
BAD 229163388953
BAD 229200086057
BAD 229200086099
BAD 229147445257
BAD 229163477593
BAD 229200480143
BAD 229188818641
BAD 229163943863
BAD 229200480149
BAD 229142799619
BAD 229200480151
BAD 229188818647
BAD 229164099743
BAD 229164099751
BAD 229143261253
BAD 229200965341
BAD 229200965353
BAD 229147778707
BAD 229147778711
BAD 229165064599
BAD 229201393801
BAD 229201473359
BAD 229148132867
BAD 229148132869
BAD 229201638979
BAD 229201783981
BAD 229201822693
BAD 229165886843
BAD 229165893233
BAD 229165893241
BAD 229165893259
BAD 229190870131
BAD 229190870197
BAD 229190870243
BAD 229190870257
BAD 229149275293
BAD 229166547187
BAD 229192208057
BAD 229149275297
BAD 229192208059
BAD 229167236461
BAD 229192730653
BAD 229192730671
BAD 229192730693
BAD 229167329143
BAD 229211026381
BAD 229193127011
BAD 229167985069
BAD 229167985073
BAD 229193482669
BAD 229150938773
BAD 229202750537
BAD 229202750551
BAD 229169348413
BAD 229152723733
BAD 229152723763
BAD 229152900203
BAD 229170313201
BAD 229153075157
BAD 229153075159
BAD 229213778923
BAD 229213778929
BAD 229171136461
BAD 229154274413
BAD 229154274421
BAD 229171320197
BAD 229156349971
BAD 229156349977
BAD 229214682343
BAD 229214682349
BAD 229156420861
BAD 229156420903
BAD 229171552789
BAD 229171552793
BAD 229156660669
BAD 229171666771
BAD 229172305657
BAD 229172787307
BAD 229158109333
BAD 229158109343
BAD 229216346431
BAD 229216555433
BAD 229216555441
BAD 229159401781
BAD 229217165431
BAD 229159702853
BAD 229159702859
BAD 229159702861
BAD 229175397811
BAD 229159795603
BAD 229175607821
BAD 229175607823
BAD 229175607827
BAD 229218081991
BAD 229175921791
BAD 229160334593
BAD 229218659729
BAD 229218659731
BAD 229176691111
BAD 229176691129
BAD 229204801237
BAD 229204940563
BAD 229204940599
BAD 229204940603
BAD 229218959197
BAD 229204983067
BAD 229206135881
BAD 229206135883
BAD 229207225007
BAD 229222368547
BAD 229207861079
BAD 229207861081
BAD 229222870171
BAD 229208873149
BAD 229209200179
BAD 229224237107
BAD 229224668513
BAD 229225394647
BAD 229225416403
BAD 229210659287
BAD 229225852879
BAD 229226847197
BAD 229227045053
BAD 229227192269
BAD 229228686439
BAD 229229104567
BAD 229229104571
BAD 229229235253
BAD 229229235259
BAD 229229298769
BAD 229231271587
BAD 229231842271
BAD 229231842277
BAD 229231938797
BAD 229231938799
BAD 229231938809
BAD 229232051273
BAD 229233256403
BAD 229233256433
BAD 229234649389
BAD 229234792489
BAD 229234873129
BAD 229234911889
BAD 229235253959
BAD 229236373291
BAD 229236373321
BAD 229237343689
BAD 229237791091
BAD 229237791113
BAD 229238517979
BAD 229238967691
BAD 229239298051
BAD 229239298063
BAD 229239857281
BAD 229239857323
BAD 229239857333
BAD 229240139663
BAD 229241854451
BAD 229241854453
BAD 229242742699
BAD 229243446479
BAD 229243792807
BAD 229261770781
BAD 229262453743
BAD 229263251201
BAD 229264007641
BAD 229264007653
BAD 229264057037
BAD 229264057039
BAD 229264427531
BAD 229264427533
BAD 229264613027
BAD 229264792501
BAD 229265225779
BAD 229265305231
BAD 229267879171
BAD 229268088421
BAD 229268092751
BAD 229429193689
BAD 229429238903
BAD 229429307593
BAD 229269052367
BAD 229244379743
BAD 229270484929
BAD 229270722409
BAD 229270881043
BAD 229245184733
BAD 229245209701
BAD 229245209717
BAD 229431754339
BAD 229431758221
BAD 229432385513
BAD 229246032949
BAD 229274109451
BAD 229274840513
BAD 229434442117
BAD 229275152479
BAD 229247005523
BAD 229435166809
BAD 229295082953
BAD 229247149751
BAD 229247401231
BAD 229276301677
BAD 229247401237
BAD 229247401241
BAD 229247401247
BAD 229247401249
BAD 229295585063
BAD 229295597539
BAD 229295597543
BAD 229276721381
BAD 229276721383
BAD 229436759263
BAD 229436892599
BAD 229437537773
BAD 229437537779
BAD 229437537781
BAD 229437660953
BAD 229438190987
BAD 229438209727
BAD 229438209733
BAD 229438442687
BAD 229438442689
BAD 229438442693
BAD 229297384177
BAD 229439391163
BAD 229439554909
BAD 229440222967
BAD 229440317299
BAD 229440317303
BAD 229441027273
BAD 229441027313
BAD 229441069189
BAD 229441999613
BAD 229441999627
BAD 229442150981
BAD 229442150983
BAD 229443492359
BAD 229299608323
BAD 229443734503
BAD 229443820553
BAD 229443856331
BAD 229444720279
BAD 229444720283
BAD 229444720289
BAD 229444744369
BAD 229445383429
BAD 229249075961
BAD 229300862117
BAD 229249865539
BAD 229250204657
BAD 229250418451
BAD 229250471081
BAD 229250471083
BAD 229302200003
BAD 229302414041
BAD 229302414043
BAD 229252269511
BAD 229254020453
BAD 229254507673
BAD 229254535219
BAD 229304056637
BAD 229304166799
BAD 229304166803
BAD 229304166811
BAD 229304320261
BAD 229256599861
BAD 229256673241
BAD 229257263173
BAD 229257263177
BAD 229257299021
BAD 229257299023
BAD 229305945229
BAD 229305945233
BAD 229306229429
BAD 229306229431
BAD 229258172543
BAD 229258172557
BAD 229259182937
BAD 229259182939
BAD 229260223567
BAD 229306487723
BAD 229306545683
BAD 229307176339
BAD 229307221657
BAD 229307651779
BAD 229307781583
BAD 229307781587
BAD 229307781589
BAD 229308817657
BAD 229309145977
BAD 229310513303
BAD 229279044919
BAD 229279136633
BAD 229279136657
BAD 229279136659
BAD 229346040487
BAD 229346040491
BAD 229346442529
BAD 229346442539
BAD 229346442541
BAD 229281596983
BAD 229281822811
BAD 229347578003
BAD 229282346107
BAD 229282618493
BAD 229348077487
BAD 229284670471
BAD 229285061723
BAD 229285307443
BAD 229285801967
BAD 229285801973
BAD 229285916021
BAD 229285916023
BAD 229285917703
BAD 229285917719
BAD 229286020829
BAD 229348910701
BAD 229286137973
BAD 229287171083
BAD 229288069963
BAD 229288080803
BAD 229289354813
BAD 229351720571
BAD 229351720589
BAD 229351833353
BAD 229352088059
BAD 229352088061
BAD 229513877783
BAD 229513877809
BAD 229290417121
BAD 229446625123
BAD 229514929243
BAD 229446953737
BAD 229446953741
BAD 229446976963
BAD 229446976981
BAD 229515049843
BAD 229292499353
BAD 229447571083
BAD 229515986033
BAD 229515986047
BAD 229515986071
BAD 229516257913
BAD 229516257923
BAD 229516294193
BAD 229516603873
BAD 229448404519
BAD 229516866323
BAD 229294305959
BAD 229517423761
BAD 229517548973
BAD 229517548979
BAD 229361879809
BAD 229361879819
BAD 229361879821
BAD 229395606443
BAD 229395636083
BAD 229518326693
BAD 229449875597
BAD 229518538147
BAD 229362673879
BAD 229352719391
BAD 229352719397
BAD 229352719399
BAD 229352719403
BAD 229396638479
BAD 229354155869
BAD 229362748493
BAD 229519223929
BAD 229396638481
BAD 229479243607
BAD 229450122157
BAD 229480007509
BAD 229480007521
BAD 229480065883
BAD 229354705219
BAD 229398057787
BAD 229450997003
BAD 229450997011
BAD 229355163379
BAD 229328702597
BAD 229363572541
BAD 229521055501
BAD 229521447161
BAD 229521447163
BAD 229521447167
BAD 229399221749
BAD 229521696533
BAD 229521696541
BAD 229481731543
BAD 229481731571
BAD 229481731573
BAD 229329180679
BAD 229329180683
BAD 229522008707
BAD 229356174743
BAD 229481940997
BAD 229481941001
BAD 229399878451
BAD 229452023293
BAD 229452023299
BAD 229452023303
BAD 229482192787
BAD 229482192791
BAD 229399923451
BAD 229522675439
BAD 229522675441
BAD 229522675519
BAD 229364923331
BAD 229356571013
BAD 229356571027
BAD 229452480793
BAD 229356708223
BAD 229523010349
BAD 229523010373
BAD 229330101461
BAD 229400775533
BAD 229365620173
BAD 229523455493
BAD 229453212463
BAD 229312669051
BAD 229312669057
BAD 229483772993
BAD 229453564913
BAD 229483828423
BAD 229401919849
BAD 229401919853
BAD 229331173793
BAD 229366121911
BAD 229413068923
BAD 229484767297
BAD 229378495319
BAD 229524763231
BAD 229378495321
BAD 229484767307
BAD 229454088979
BAD 229366134869
BAD 229366134871
BAD 229313999303
BAD 229524805067
BAD 229331316451
BAD 229331316457
BAD 229413330019
BAD 229413330023
BAD 229413543181
BAD 229314340379
BAD 229314340403
BAD 229379137193
BAD 229379137199
BAD 229379137201
BAD 229525298809
BAD 229525298813
BAD 229366856791
BAD 229379251487
BAD 229379251489
BAD 229379251513
BAD 229379251523
BAD 229487458561
BAD 229315939949
BAD 229454519479
BAD 229366956787
BAD 229415265713
BAD 229357981583
BAD 229528349321
BAD 229331945851
BAD 229528349329
BAD 229331945873
BAD 229366991353
BAD 229454571013
BAD 229367100233
BAD 229367100241
BAD 229332191423
BAD 229415516299
BAD 229415575247
BAD 229415575253
BAD 229415746789
BAD 229316498533
BAD 229316628613
BAD 229316628659
BAD 229316628661
BAD 229379840777
BAD 229416025313
BAD 229488308383
BAD 229488308389
BAD 229488308393
BAD 229379911603
BAD 229379918123
BAD 229455531593
BAD 229402646071
BAD 229316818903
BAD 229488511711
BAD 229488511729
BAD 229488511741
BAD 229316845091
BAD 229455562003
BAD 229316916769
BAD 229416657829
BAD 229368367733
BAD 229380292573
BAD 229380402137
BAD 229489062203
BAD 229368683851
BAD 229489183069
BAD 229489183073
BAD 229489357147
BAD 229489357319
BAD 229489357327
BAD 229489357333
BAD 229317724991
BAD 229317725003
BAD 229317725029
BAD 229489486339
BAD 229489486351
BAD 229318035853
BAD 229456496041
BAD 229456496063
BAD 229403766233
BAD 229319024029
BAD 229360810279
BAD 229334799893
BAD 229383113923
BAD 229370819879
BAD 229334799907
BAD 229418140463
BAD 229490766179
BAD 229490766181
BAD 229360861447
BAD 229360861469
BAD 229335068033
BAD 229491163487
BAD 229491163493
BAD 229361212543
BAD 229361212547
BAD 229404011933
BAD 229491276283
BAD 229491565489
BAD 229404174589
BAD 229491719243
BAD 229371388549
BAD 229371388567
BAD 229419412039
BAD 229419412051
BAD 229335685793
BAD 229546862689
BAD 229404484321
BAD 229546878259
BAD 229404507769
BAD 229419838231
BAD 229320243769
BAD 229419838237
BAD 229320243773
BAD 229492541591
BAD 229461744503
BAD 229336184599
BAD 229336184659
BAD 229336184663
BAD 229320717449
BAD 229320717503
BAD 229547898277
BAD 229420627847
BAD 229462101299
BAD 229462101301
BAD 229405394483
BAD 229493470763
BAD 229384620499
BAD 229384620503
BAD 229384620511
BAD 229321318069
BAD 229421302531
BAD 229421315191
BAD 229421315203
BAD 229421476793
BAD 229405857763
BAD 229548739487
BAD 229548739489
BAD 229548739499
BAD 229548739501
BAD 229494255349
BAD 229337097601
BAD 229321964257
BAD 229421892811
BAD 229548739531
BAD 229494305251
BAD 229385163991
BAD 229385164013
BAD 229422040093
BAD 229322113123
BAD 229548971857
BAD 229548971867
BAD 229548971887
BAD 229548971891
BAD 229548971893
BAD 229322357171
BAD 229322357177
BAD 229422374017
BAD 229422374023
BAD 229373327801
BAD 229373327803
BAD 229549255601
BAD 229549255603
BAD 229322572643
BAD 229337579843
BAD 229385706469
BAD 229337635699
BAD 229407109901
BAD 229407109903
BAD 229407255383
BAD 229385946869
BAD 229373859037
BAD 229323150109
BAD 229496721253
BAD 229338085883
BAD 229423102921
BAD 229323150113
BAD 229423102927
BAD 229549796479
BAD 229549796491
BAD 229373901577
BAD 229338157207
BAD 229407373933
BAD 229496823769
BAD 229374318323
BAD 229323477637
BAD 229386477181
BAD 229323712951
BAD 229374888983
BAD 229374979201
BAD 229338818689
BAD 229424280389
BAD 229424280391
BAD 229408300333
BAD 229408300337
BAD 229375446037
BAD 229375639811
BAD 229375639813
BAD 229339248883
BAD 229408619903
BAD 229529623283
BAD 229408619911
BAD 229408619963
BAD 229408680793
BAD 229425428647
BAD 229530206687
BAD 229530206707
BAD 229530206713
BAD 229325102777
BAD 229325102779
BAD 229325102801
BAD 229325102803
BAD 229325102813
BAD 229340017969
BAD 229530535669
BAD 229376469559
BAD 229376469593
BAD 229426142243
BAD 229426142251
BAD 229340237107
BAD 229325516359
BAD 229325516363
BAD 229325624443
BAD 229376803993
BAD 229325808653
BAD 229426957831
BAD 229389430771
BAD 229552343443
BAD 229410518983
BAD 229377689911
BAD 229427893291
BAD 229410579599
BAD 229499541851
BAD 229377689953
BAD 229427893297
BAD 229552906579
BAD 229499541853
BAD 229499541857
BAD 229342457417
BAD 229342457419
BAD 229342457423
BAD 229390818383
BAD 229327742557
BAD 229327844917
BAD 229378207159
BAD 229378207181
BAD 229378207183
BAD 229378207193
BAD 229378232491
BAD 229378232497
BAD 229553782163
BAD 229532858833
BAD 229343499233
BAD 229411976119
BAD 229554687137
BAD 229554723091
BAD 229344436049
BAD 229344436051
BAD 229344436063
BAD 229344446147
BAD 229344446161
BAD 229392879707
BAD 229344446183
BAD 229556747093
BAD 229394430113
BAD 229534529269
BAD 229394539379
BAD 229394539391
BAD 229394539393
BAD 229534579451
BAD 229534717831
BAD 229557388373
BAD 229501760953
BAD 229535110639
BAD 229558047463
BAD 229502193467
BAD 229502193469
BAD 229558387249
BAD 229558387259
BAD 229502395393
BAD 229502395399
BAD 229502395403
BAD 229502448257
BAD 229503055681
BAD 229560061579
BAD 229560061583
BAD 229560329863
BAD 229536862979
BAD 229503416801
BAD 229503416803
BAD 229561215463
BAD 229561215529
BAD 229537619551
BAD 229561559833
BAD 229561736713
BAD 229596928163
BAD 229561961093
BAD 229580856409
BAD 229538444251
BAD 229580941789
BAD 229580949667
BAD 229597577401
BAD 229597577411
BAD 229538918929
BAD 229581466889
BAD 229597654373
BAD 229581590479
BAD 229562786419
BAD 229504684337
BAD 229539432593
BAD 229581951337
BAD 229598231173
BAD 229598231179
BAD 229582283059
BAD 229505057269
BAD 229505057281
BAD 229582998643
BAD 229582998647
BAD 229583069137
BAD 229583069141
BAD 229541773897
BAD 229584393281
BAD 229584463711
BAD 229542047191
BAD 229462875739
BAD 229462875769
BAD 229462875773
BAD 229462875793
BAD 229462875799
BAD 229584784501
BAD 229585026331
BAD 229506386597
BAD 229542352943
BAD 229542352951
BAD 229585477243
BAD 229463494259
BAD 229463494261
BAD 229542794323
BAD 229464021797
BAD 229586251483
BAD 229586251487
BAD 229543531817
BAD 229507374541
BAD 229507516891
BAD 229587376411
BAD 229507656619
BAD 229465380839
BAD 229465380841
BAD 229465380853
BAD 229508018749
BAD 229544507363
BAD 229588204883
BAD 229588212703
BAD 229508622949
BAD 229508622953
BAD 229544646179
BAD 229508840213
BAD 229508926279
BAD 229588804867
BAD 229589397901
BAD 229589397907
BAD 229589397911
BAD 229589397913
BAD 229589398039
BAD 229510473613
BAD 229510473617
BAD 229590338203
BAD 229590575611
BAD 229510806097
BAD 229510806103
BAD 229590905147
BAD 229590905149
BAD 229590905153
BAD 229511216287
BAD 229607185141
BAD 229607631949
BAD 229511893673
BAD 229592988749
BAD 229593465889
BAD 229593688073
BAD 229593735289
BAD 229470491057
BAD 229470491059
BAD 229470971137
BAD 229563931853
BAD 229471065431
BAD 229471065433
BAD 229471065437
BAD 229471065457
BAD 229471219597
BAD 229471219603
BAD 229471637033
BAD 229471637041
BAD 229471637071
BAD 229594995863
BAD 229594995871
BAD 229610411299
BAD 229565248373
BAD 229472778013
BAD 229596053987
BAD 229596053989
BAD 229596053993
BAD 229596402991
BAD 229612083931
BAD 229567311613
BAD 229612403963
BAD 229612537981
BAD 229612537991
BAD 229612537993
BAD 229475024461
BAD 229475074489
BAD 229567723171
BAD 229613216873
BAD 229475587571
BAD 229475587573
BAD 229475587577
BAD 229475925509
BAD 229475947021
BAD 229476170003
BAD 229476170023
BAD 229568684083
BAD 229476327901
BAD 229476815839
BAD 229477147111
BAD 229569396559
BAD 229569660587
BAD 229569660589
BAD 229569660601
BAD 229613609779
BAD 229613609783
BAD 229614234263
BAD 229614987331
BAD 229615759651
BAD 229615780343
BAD 229615780391
BAD 229615780393
BAD 229615780403
BAD 229616053153
BAD 229617397199
BAD 229617397201
BAD 229617604831
BAD 229617621329
BAD 229617640963
BAD 229573865603
BAD 229618536533
BAD 229618896851
BAD 229575028453
BAD 229575054389
BAD 229575054391
BAD 229575294737
BAD 229575294743
BAD 229575294757
BAD 229620088013
BAD 229620392101
BAD 229620492901
BAD 229620492911
BAD 229576524763
BAD 229576589663
BAD 229620654173
BAD 229577196889
BAD 229577506531
BAD 229621667179
BAD 229621667183
BAD 229621740547
BAD 229621740773
BAD 229622188661
BAD 229579355513
BAD 229579355519
BAD 229579355521
BAD 229579355527
BAD 229622990413
BAD 229624216889
BAD 229625156491
BAD 229625915093
BAD 229625927207
BAD 229626920461
BAD 229627045073
BAD 229628487443
BAD 229629547613
BAD 229999835929
BAD 229630305031
BAD 229630305083
BAD 229630370003
BAD 229633130239
BAD 229633722179
BAD 229633741189
BAD 229634527981
BAD 229635480427
BAD 229636788019
BAD 229637023691
BAD 229637023699
BAD 229637809043
BAD 229638019003
BAD 229638693577
BAD 229639005863
BAD 229639648267
BAD 229640161477
BAD 229640161483
BAD 229640598379
BAD 229640774081
BAD 229642009169
BAD 229642009171
BAD 229643380301
BAD 229643650343
BAD 229644273049
BAD 229644761761
BAD 229644761779
BAD 229644761821
BAD 229645324043
BAD 229665257779
BAD 229667680309
BAD 229667680313
BAD 229668696227
BAD 229668696233
BAD 229668696239
BAD 229668696241
BAD 229670815081
BAD 229671559283
BAD 229671567667
BAD 229671567683
BAD 229672536019
BAD 229672536029
BAD 229673108363
BAD 229673108393
BAD 229673451769
BAD 229675162921
BAD 229676011219
BAD 229676496097
BAD 229647213473
BAD 229647213479
BAD 229676723893
BAD 229676723897
BAD 229676723917
BAD 229648230541
BAD 229648552061
BAD 229678027193
BAD 229678027207
BAD 229678032697
BAD 229678378231
BAD 229678752707
BAD 229679038837
BAD 229679151139
BAD 229679491733
BAD 229679491739
BAD 229679860609
BAD 229650561493
BAD 229651085903
BAD 229651200197
BAD 229651257133
BAD 229651365137
BAD 229651365157
BAD 229653477271
BAD 229655084227
BAD 229655084231
BAD 229655084233
BAD 229655084237
BAD 229655084299
BAD 229655275547
BAD 229655544103
BAD 229656004883
BAD 229656155473
BAD 229656155479
BAD 229656155483
BAD 229656585163
BAD 229656585173
BAD 229657334329
BAD 229657334377
BAD 229657604951
BAD 229657912291
BAD 229657953313
BAD 229657953323
BAD 229659857839
BAD 229660074047
BAD 229660268191
BAD 229660354981
BAD 229661078137
BAD 229697246783
BAD 229697429053
BAD 229697429057
BAD 229697894227
BAD 229698496793
BAD 229699111897
BAD 229699111903
BAD 229699197907
BAD 229700072659
BAD 229701074413
BAD 229701205169
BAD 229701396877
BAD 229703027857
BAD 229703972321
BAD 229705425811
BAD 229705425899
BAD 229706245007
BAD 229707451931
BAD 229707451933
BAD 229709100857
BAD 229709587903
BAD 229710634193
BAD 229710849383
BAD 229710861979
BAD 229710970943
BAD 229711542661
BAD 229712202787
BAD 229712303707
BAD 229712711149
BAD 229712711153
BAD 229680469021
BAD 229680506603
BAD 229681521799
BAD 229682967713
BAD 229683044711
BAD 229683044713
BAD 229683181163
BAD 229683854819
BAD 229684928119
BAD 229684928131
BAD 229714756157
BAD 229714756163
BAD 229714813987
BAD 229715145923
BAD 229715303227
BAD 229685361847
BAD 229685361853
BAD 229685361859
BAD 229715856301
BAD 229715856343
BAD 229715856347
BAD 229715856353
BAD 229716392051
BAD 229686474709
BAD 229686735451
BAD 229686735479
BAD 229686758143
BAD 229814765143
BAD 229687938611
BAD 229688370551
BAD 229688370553
BAD 229688370577
BAD 229717986193
BAD 229717986203
BAD 229817667181
BAD 229817667187
BAD 229690513939
BAD 229690513957
BAD 229690513963
BAD 229690513967
BAD 229690513993
BAD 229690514029
BAD 229690514033
BAD 229690828061
BAD 229818807871
BAD 229818971581
BAD 229691056057
BAD 229691056061
BAD 229691087063
BAD 229819098121
BAD 229691257283
BAD 229691700113
BAD 229820586979
BAD 229820586991
BAD 229820586997
BAD 229821313517
BAD 229821313523
BAD 229821313541
BAD 229821313543
BAD 229821485897
BAD 229821486001
BAD 229822420033
BAD 229721208817
BAD 229721405129
BAD 229721731039
BAD 229823439953
BAD 229693773121
BAD 229824313463
BAD 229694327351
BAD 229694327353
BAD 229722949777
BAD 229722949793
BAD 229824890597
BAD 229824890599
BAD 229694771549
BAD 229949201371
BAD 229723955521
BAD 229949201389
BAD 229765887601
BAD 229949201401
BAD 229949201413
BAD 229949696341
BAD 229725146237
BAD 229725175621
BAD 229725175663
BAD 229826000611
BAD 229826387107
BAD 229826551547
BAD 229826551553
BAD 229696331477
BAD 229696371077
BAD 229798342121
BAD 229798342183
BAD 229826848099
BAD 229826848109
BAD 229826848117
BAD 229826848123
BAD 229798604491
BAD 229798604521
BAD 229951024159
BAD 229951024189
BAD 229951024223
BAD 229767897721
BAD 229696710563
BAD 229799111071
BAD 229827300853
BAD 229799482631
BAD 229827300863
BAD 229800033263
BAD 229800208441
BAD 229952570083
BAD 229952584283
BAD 229952584289
BAD 229952584291
BAD 229800792233
BAD 229848531881
BAD 229848531883
BAD 229828571677
BAD 229828571689
BAD 229953085517
BAD 229953085519
BAD 229848727981
BAD 229953260497
BAD 229801941631
BAD 229829145157
BAD 229802239879
BAD 229802239883
BAD 229899053693
BAD 229727919739
BAD 229899236557
BAD 229829511739
BAD 229747809413
BAD 229849899919
BAD 229954051303
BAD 229802632757
BAD 229748000269
BAD 229954282673
BAD 229850182453
BAD 229954282717
BAD 229728426743
BAD 229728426757
BAD 229728426769
BAD 229850268863
BAD 229954370567
BAD 229954370573
BAD 229770493999
BAD 229770494003
BAD 229770494033
BAD 229728663919
BAD 229850616139
BAD 229748584069
BAD 229748612713
BAD 229728861469
BAD 229728861473
BAD 229954942201
BAD 229850948693
BAD 229748823307
BAD 229955274103
BAD 229749126037
BAD 229851168793
BAD 229851168797
BAD 229831139749
BAD 229729389223
BAD 229749214913
BAD 229851236333
BAD 229729474153
BAD 229749261109
BAD 229901095609
BAD 229729723283
BAD 229771541677
BAD 229771541711
BAD 229771541723
BAD 229729901021
BAD 229804998391
BAD 229771937201
BAD 229771937203
BAD 229771994173
BAD 229851826133
BAD 229805198543
BAD 229730220383
BAD 229901543099
BAD 229901543101
BAD 229901543119
BAD 229749575329
BAD 229901595367
BAD 229730398889
BAD 229852127473
BAD 229852137979
BAD 229730610541
BAD 229730610547
BAD 229781368573
BAD 229781368577
BAD 229781368589
BAD 229781368591
BAD 229956882863
BAD 229902313139
BAD 229750312553
BAD 229773251419
BAD 229781686769
BAD 229781686777
BAD 229882384313
BAD 229773477407
BAD 229773477413
BAD 229806425557
BAD 229853293403
BAD 229853293409
BAD 229853293471
BAD 229853293477
BAD 229782164687
BAD 229806841291
BAD 229782451411
BAD 229782451417
BAD 229882695499
BAD 229782451421
BAD 229853472271
BAD 229774109303
BAD 229882877251
BAD 229883009987
BAD 229883009989
BAD 229853879581
BAD 229853879603
BAD 229853879611
BAD 229774975777
BAD 229775116981
BAD 229965768919
BAD 229965768953
BAD 229965836407
BAD 229775399363
BAD 229775399369
BAD 229904477743
BAD 229966288757
BAD 229966288759
BAD 229966288763
BAD 229966288771
BAD 229966288781
BAD 229966288787
BAD 229959512659
BAD 229904886661
BAD 229904886689
BAD 229904886691
BAD 229776249427
BAD 229776249431
BAD 229776249433
BAD 229905231013
BAD 229905265699
BAD 229966738823
BAD 229753144367
BAD 229753144373
BAD 229960239583
BAD 229785452951
BAD 229785468431
BAD 229809333251
BAD 229809333253
BAD 229884453737
BAD 229967360899
BAD 229967443529
BAD 229809674597
BAD 229906001153
BAD 229809674599
BAD 229809674603
BAD 229809674621
BAD 229778059213
BAD 229967793733
BAD 229809842557
BAD 229855679281
BAD 229809872521
BAD 229961329877
BAD 229961329879
BAD 229810108351
BAD 229856259121
BAD 229778661667
BAD 229787196629
BAD 229787196631
BAD 229787196643
BAD 229787196647
BAD 229787196649
BAD 229787248289
BAD 229787248291
BAD 229787248297
BAD 229810581529
BAD 229968731171
BAD 229886105881
BAD 229886105893
BAD 229886159357
BAD 229886159359
BAD 229779217763
BAD 229856995717
BAD 229886314531
BAD 229907186671
BAD 229968971521
BAD 229857048143
BAD 229962876961
BAD 229788353903
BAD 229788353923
BAD 229962964969
BAD 229857706357
BAD 229857706363
BAD 229907905823
BAD 229780546433
BAD 229857790181
BAD 229908054053
BAD 229908054059
BAD 229811932159
BAD 229858053169
BAD 229963403011
BAD 229812180217
BAD 229908437623
BAD 229812287459
BAD 229812287461
BAD 229756622213
BAD 229963812371
BAD 229908790757
BAD 229908790759
BAD 229888496041
BAD 229971648481
BAD 229757314859
BAD 229757314861
BAD 229964463439
BAD 229888949713
BAD 229984334491
BAD 229859217053
BAD 229888949791
BAD 229964463503
BAD 229888949803
BAD 229909562303
BAD 229730867609
BAD 229909667881
BAD 229984518233
BAD 229859435371
BAD 229790253841
BAD 229757786191
BAD 229915814377
BAD 229964969027
BAD 229984776817
BAD 229964987423
BAD 229910074211
BAD 229790594749
BAD 229790594767
BAD 229916106257
BAD 229916174513
BAD 229965307489
BAD 229758240983
BAD 229831621157
BAD 229890115879
BAD 229916738131
BAD 229916738173
BAD 229916738179
BAD 229758507919
BAD 229916738237
BAD 229985442697
BAD 229814593933
BAD 229860592259
BAD 229860592261
BAD 229890403937
BAD 229974062887
BAD 229974062897
BAD 229732491367
BAD 229758894247
BAD 229974462397
BAD 229832773789
BAD 229917239737
BAD 229792063703
BAD 229974855403
BAD 229986247349
BAD 229933522891
BAD 229933522969
BAD 229933522991
BAD 229933522993
BAD 229986508343
BAD 229833641209
BAD 229792486697
BAD 229733339053
BAD 229733339057
BAD 229861849003
BAD 229912205449
BAD 229986857173
BAD 229986857183
BAD 229834119233
BAD 229891761293
BAD 229834119259
BAD 229733707471
BAD 229918263481
BAD 229918263493
BAD 229918263499
BAD 229976105899
BAD 229976131457
BAD 229976131459
BAD 229987002031
BAD 229987042951
BAD 229987042963
BAD 229734022129
BAD 229976457631
BAD 229892118461
BAD 229918649447
BAD 229734194281
BAD 229760566471
BAD 229987450327
BAD 229935160423
BAD 229976998967
BAD 229976998969
BAD 229976998973
BAD 229863275773
BAD 229761276889
BAD 229913692231
BAD 229913859001
BAD 229913859011
BAD 229913859013
BAD 229893326011
BAD 229836419689
BAD 229863848359
BAD 229988438243
BAD 229936502077
BAD 229836419693
BAD 229988438261
BAD 229988438263
BAD 229920124853
BAD 229761867571
BAD 229735788703
BAD 229735788707
BAD 229936820821
BAD 229978410773
BAD 229937003213
BAD 229937003221
BAD 229937003227
BAD 229920516949
BAD 229920516953
BAD 229795199113
BAD 229865054273
BAD 229894027861
BAD 229795319179
BAD 229795319183
BAD 229795319191
BAD 229736483903
BAD 229762505879
BAD 229762505881
BAD 229989234289
BAD 229989234301
BAD 229989244799
BAD 229865400073
BAD 229865400077
BAD 229989244801
BAD 229989244811
BAD 229989244813
BAD 229937742641
BAD 229937742649
BAD 229937742653
BAD 229864938467
BAD 229865643247
BAD 229865643251
BAD 229865643253
BAD 229865643257
BAD 229865643263
BAD 229737166807
BAD 229737166811
BAD 229737314189
BAD 229866140843
BAD 229866140869
BAD 229866140873
BAD 229737682193
BAD 229866300841
BAD 229763416747
BAD 229737805981
BAD 229738021193
BAD 229866956089
BAD 229866980141
BAD 229939339393
BAD 229939339397
BAD 229939339403
BAD 229763907811
BAD 229796867359
BAD 229939345553
BAD 229839448291
BAD 229839500003
BAD 229981431349
BAD 229981431353
BAD 229981431409
BAD 229981431413
BAD 229981431419
BAD 229981519013
BAD 229981519021
BAD 229764168383
BAD 229739044039
BAD 229739044043
BAD 229939838449
BAD 229939838461
BAD 229922853583
BAD 229981878541
BAD 229739294483
BAD 229982004193
BAD 229982019301
BAD 229982019331
BAD 229982019353
BAD 229991109449
BAD 229991109451
BAD 229797469171
BAD 229940221673
BAD 229896284509
BAD 229868137699
BAD 229840472509
BAD 229868137721
BAD 229840472513
BAD 229940335351
BAD 229896431773
BAD 229940335357
BAD 229940645131
BAD 229991674147
BAD 229991716699
BAD 229991716733
BAD 229841133343
BAD 229868930033
BAD 229992000487
BAD 229992000499
BAD 229923840607
BAD 229740707113
BAD 229740707117
BAD 229740707123
BAD 229841485099
BAD 229841485123
BAD 229841485129
BAD 229740969091
BAD 229924252891
BAD 229897743391
BAD 229842260393
BAD 229924643423
BAD 229897980601
BAD 229898547649
BAD 229943004679
BAD 229943004703
BAD 229993422457
BAD 229742591737
BAD 229925464511
BAD 229925464513
BAD 229871462389
BAD 229925924483
BAD 229843954357
BAD 229871940847
BAD 229743483923
BAD 229943760107
BAD 229743714617
BAD 229743714619
BAD 229743714623
BAD 229743714631
BAD 229994624513
BAD 229994624527
BAD 229872254809
BAD 229872254827
BAD 229872254893
BAD 229844477563
BAD 229844477567
BAD 229844477581
BAD 229744239623
BAD 229744263901
BAD 229844696329
BAD 229926753769
BAD 229926753773
BAD 229744701827
BAD 229744701853
BAD 229995888901
BAD 229845156091
BAD 229845156103
BAD 229845156143
BAD 229995955859
BAD 229745692103
BAD 229996595903
BAD 229945708739
BAD 229746223703
BAD 229746223711
BAD 229746223723
BAD 229746375379
BAD 229997233643
BAD 229997233649
BAD 229946474089
BAD 229875219829
BAD 229875219841
BAD 229747276711
BAD 229947106483
BAD 229947106489
BAD 229998024427
BAD 229876152943
BAD 229998258757
BAD 229947357407
BAD 229947357413
BAD 229998453161
BAD 229847396483
BAD 229998554521
BAD 229847708491
BAD 229876774469
BAD 229876774471
BAD 229947860381
BAD 229947860383
BAD 229948085299
BAD 229877067661
BAD 229930480733
BAD 229878113791
BAD 229878113797
BAD 229878945949
BAD 229878945953
BAD 229879071577
BAD 229931515133
BAD 229931515139
BAD 229931515141
BAD 229931537821
BAD 229879883593
RANGE 220000000000 230000000000 PRIMES 382562467 BAD 21188
