BAD 200302588193
BAD 200302591661
BAD 200302591663
BAD 200302591667
BAD 200302591669
BAD 200184641879
BAD 200184641887
BAD 200184641893
BAD 200184641903
BAD 200303547331
BAD 200303596613
BAD 200185553443
BAD 200185667659
BAD 200186256563
BAD 200304078323
BAD 200304078329
BAD 200304212923
BAD 200186569001
BAD 200186569021
BAD 200353433789
BAD 200304384557
BAD 200304384559
BAD 200304776239
BAD 200304800791
BAD 200187529219
BAD 200187529247
BAD 200187529249
BAD 200354239367
BAD 200354239369
BAD 200188282439
BAD 200335626397
BAD 200355367507
BAD 200306409493
BAD 200355718063
BAD 200355750901
BAD 200306675851
BAD 200189164963
BAD 200307286063
BAD 200356318727
BAD 200356318741
BAD 200307305501
BAD 200307305503
BAD 200307319879
BAD 200307427321
BAD 200336175779
BAD 200356722893
BAD 200308176889
BAD 200308616899
BAD 200308616903
BAD 200308616917
BAD 200357816149
BAD 200308758457
BAD 200358134969
BAD 200358134971
BAD 200337088313
BAD 200337088321
BAD 200358328451
BAD 200358328453
BAD 200309271031
BAD 200358612497
BAD 200358612499
BAD 200151557213
BAD 200309375957
BAD 200151557219
BAD 200191375883
BAD 200191375939
BAD 200191375963
BAD 200309554849
BAD 200337790441
BAD 200337790447
BAD 200309599351
BAD 200309599403
BAD 200151733021
BAD 200359240897
BAD 200310412411
BAD 200310614143
BAD 200310614149
BAD 200310632261
BAD 200310752269
BAD 200310752273
BAD 200338933633
BAD 200338933643
BAD 200135547419
BAD 200135547421
BAD 200135547433
BAD 200360175493
BAD 200360175583
BAD 200360259791
BAD 200339424893
BAD 200339475383
BAD 200193401921
BAD 200311998871
BAD 200193401923
BAD 200153921633
BAD 200360953747
BAD 200153921641
BAD 200153921663
BAD 200360953753
BAD 200153921677
BAD 200360953757
BAD 200360986951
BAD 200312059777
BAD 200193537491
BAD 200342305591
BAD 200342305613
BAD 200342349061
BAD 200361511561
BAD 200194024633
BAD 200194024637
BAD 200194227329
BAD 200194267129
BAD 200194267159
BAD 200154895277
BAD 200154895279
BAD 200155114013
BAD 200343185423
BAD 200343196531
BAD 200362584931
BAD 200195518651
BAD 200343333331
BAD 200195600273
BAD 200344783501
BAD 200314187729
BAD 200155715413
BAD 200362870891
BAD 200345080171
BAD 200345080181
BAD 200345080183
BAD 200314677361
BAD 200363462947
BAD 200363722591
BAD 200363722597
BAD 200156171183
BAD 200196448187
BAD 200196448189
BAD 200196476917
BAD 200196476983
BAD 200196618553
BAD 200315647733
BAD 200364528209
BAD 200364528211
BAD 200156945101
BAD 200156945123
BAD 200156945173
BAD 200156945189
BAD 200364765721
BAD 200364765793
BAD 200364765803
BAD 200157180389
BAD 200365081363
BAD 200346356579
BAD 200197506199
BAD 200346473191
BAD 200316800183
BAD 200158557679
BAD 200317155067
BAD 200158684681
BAD 200198643241
BAD 200317466689
BAD 200317475933
BAD 200347637993
BAD 200366290471
BAD 200317935611
BAD 200317935613
BAD 200348063107
BAD 200348380891
BAD 200348440309
BAD 200318564297
BAD 200318564339
BAD 200200241443
BAD 200160254053
BAD 200160264641
BAD 200160264643
BAD 200367252773
BAD 200367274049
BAD 200367337043
BAD 200160760507
BAD 200161042163
BAD 200161042171
BAD 200349159911
BAD 200161241089
BAD 200201281123
BAD 200368091071
BAD 200201281129
BAD 200136053713
BAD 200349159919
BAD 200349159931
BAD 200368370731
BAD 200368614337
BAD 200368614373
BAD 200368614403
BAD 200161813237
BAD 200161813249
BAD 200369065747
BAD 200162131921
BAD 200162222503
BAD 200162251217
BAD 200162287471
BAD 200162294411
BAD 200162294477
BAD 200350105817
BAD 200350105819
BAD 200137270579
BAD 200350176031
BAD 200350176043
BAD 200137625603
BAD 200350677757
BAD 200163002801
BAD 200163002803
BAD 200163002807
BAD 200138211193
BAD 200138585599
BAD 200138677603
BAD 200138883943
BAD 200138883953
BAD 200138897143
BAD 200164169617
BAD 200164274861
BAD 200352174557
BAD 200352174593
BAD 200352266813
BAD 200164596773
BAD 200164596781
BAD 200164775201
BAD 200164775203
BAD 200164775207
BAD 200165166169
BAD 200140464151
BAD 200140464187
BAD 200166548027
BAD 200167017077
BAD 200167017079
BAD 200141679781
BAD 200167354883
BAD 200142802997
BAD 200142802999
BAD 200143252963
BAD 200143252973
BAD 200143252979
BAD 200143409833
BAD 200144420363
BAD 200001158143
BAD 200144420369
BAD 200001193823
BAD 200001193829
BAD 200001193831
BAD 200001193849
BAD 200001410561
BAD 200001410563
BAD 200001688433
BAD 200001688441
BAD 200001688457
BAD 200145215989
BAD 200145215993
BAD 200002450657
BAD 200002450693
BAD 200002450709
BAD 200145640921
BAD 200002804121
BAD 200002804123
BAD 200002867861
BAD 200002868347
BAD 200146757653
BAD 200146757683
BAD 200146805647
BAD 200003580019
BAD 200147012521
BAD 200147087359
BAD 200147087363
BAD 200004001787
BAD 200147403479
BAD 200147403481
BAD 200147524561
BAD 200147524613
BAD 200148160073
BAD 200148999803
BAD 200149191799
BAD 200150673113
BAD 200004540431
BAD 200004540433
BAD 200004744353
BAD 200004956603
BAD 200005437661
BAD 200005437683
BAD 200005437689
BAD 200005437691
BAD 200005437719
BAD 200005437721
BAD 200005553747
BAD 200005553749
BAD 200005553753
BAD 200100899539
BAD 200101328153
BAD 200006487113
BAD 200386831363
BAD 200386831369
BAD 200007001399
BAD 200387031571
BAD 200387031577
BAD 200387031601
BAD 200007225043
BAD 200007270403
BAD 200050382579
BAD 200102545681
BAD 200387184451
BAD 200387184457
BAD 200102675491
BAD 200387298893
BAD 200387298899
BAD 200387298901
BAD 200050700363
BAD 200050700371
BAD 200102922259
BAD 200102922263
BAD 200007718753
BAD 200007718789
BAD 200007769567
BAD 200051610961
BAD 200008402219
BAD 200008464647
BAD 200008517263
BAD 200388261221
BAD 200388261223
BAD 200104005091
BAD 200008959443
BAD 200052459811
BAD 200389192417
BAD 200009365987
BAD 200104798477
BAD 200389314023
BAD 200052959947
BAD 200105257171
BAD 200268845351
BAD 200390440639
BAD 200084071937
BAD 200053068499
BAD 200268845353
BAD 200084071939
BAD 200268845363
BAD 200010539171
BAD 200010539173
BAD 200390665823
BAD 200390729509
BAD 200105584111
BAD 200105584117
BAD 200010837319
BAD 200053314563
BAD 200010914903
BAD 200010914933
BAD 200010939421
BAD 200011216201
BAD 200106163363
BAD 200106163381
BAD 200106163391
BAD 200106163393
BAD 200011452853
BAD 200011452857
BAD 200011452859
BAD 200011452863
BAD 200106548639
BAD 200106548641
BAD 200106627001
BAD 200391623189
BAD 200391623191
BAD 200011955963
BAD 200054783783
BAD 200054783791
BAD 200391811393
BAD 200107138043
BAD 200107187741
BAD 200055066467
BAD 200055066469
BAD 200055066473
BAD 200055066481
BAD 200391977603
BAD 200012057369
BAD 200055340699
BAD 200055425123
BAD 200055425131
BAD 200392502851
BAD 200392801801
BAD 200056299647
BAD 200056360333
BAD 200013098881
BAD 200271281533
BAD 200271281537
BAD 200056439423
BAD 200393488277
BAD 200013332131
BAD 200013332161
BAD 200013332243
BAD 200393637181
BAD 200285870201
BAD 200067468721
BAD 200087540777
BAD 200285870203
BAD 200056843991
BAD 200271996761
BAD 200108847221
BAD 200117713597
BAD 200087540791
BAD 200056843993
BAD 200087540803
BAD 200056844003
BAD 200108847223
BAD 200087540813
BAD 200272048247
BAD 200272048253
BAD 200117781053
BAD 200393706223
BAD 200067760433
BAD 200067760441
BAD 200068059343
BAD 200068059349
BAD 200068059353
BAD 200088103013
BAD 200088103049
BAD 200088103051
BAD 200088107039
BAD 200088107041
BAD 200394334939
BAD 200394334993
BAD 200088220621
BAD 200068534453
BAD 200109852077
BAD 200118861391
BAD 200251841029
BAD 200394334999
BAD 200369295593
BAD 200251841033
BAD 200057951299
BAD 200272795279
BAD 200272795291
BAD 200068556393
BAD 200287621847
BAD 200068619353
BAD 200068619357
BAD 200068619363
BAD 200369390593
BAD 200068729051
BAD 200058202363
BAD 200119171573
BAD 200119303061
BAD 200273258467
BAD 200058454789
BAD 200058454793
BAD 200288058161
BAD 200273381333
BAD 200273381359
BAD 200288101129
BAD 200058609073
BAD 200058609077
BAD 200288219273
BAD 200088940459
BAD 200110829419
BAD 200395105777
BAD 200395191817
BAD 200058944821
BAD 200120092699
BAD 200120092727
BAD 200120092729
BAD 200089197263
BAD 200089197283
BAD 200120287793
BAD 200288650063
BAD 200120317609
BAD 200120317619
BAD 200395502213
BAD 200395502239
BAD 200370334343
BAD 200370334357
BAD 200070051361
BAD 200070051371
BAD 200070051373
BAD 200288724907
BAD 200288724919
BAD 200274362447
BAD 200253297071
BAD 200120568149
BAD 200120664019
BAD 200111804239
BAD 200120780371
BAD 200060131861
BAD 200372669011
BAD 200275354613
BAD 200013372241
BAD 200089774583
BAD 200201707291
BAD 200253830771
BAD 200070520073
BAD 200112802633
BAD 200235525353
BAD 200253830773
BAD 200112802639
BAD 200168575133
BAD 200013445741
BAD 200289334207
BAD 200372780147
BAD 200372780149
BAD 200253938821
BAD 200253938827
BAD 200219191973
BAD 200219191987
BAD 200201890829
BAD 200201890831
BAD 200254076053
BAD 200254076059
BAD 200254076083
BAD 200013753469
BAD 200235679597
BAD 200235679621
BAD 200235679627
BAD 200060634199
BAD 200276393393
BAD 200236240609
BAD 200219994739
BAD 200091015079
BAD 200113900687
BAD 200373230749
BAD 200169855679
BAD 200219994743
BAD 200202340003
BAD 200396266393
BAD 200202340007
BAD 200373230753
BAD 200254644523
BAD 200373230767
BAD 200276393411
BAD 200373230773
BAD 200276393413
BAD 200276393419
BAD 200091030263
BAD 200289902149
BAD 200289902161
BAD 200396311517
BAD 200373413813
BAD 200091285169
BAD 200373562429
BAD 200071263923
BAD 200014167631
BAD 200202741829
BAD 200276823983
BAD 200276945273
BAD 200255243663
BAD 200237007809
BAD 200091955549
BAD 200374028713
BAD 200014545931
BAD 200374028731
BAD 200237007811
BAD 200374028737
BAD 200203308691
BAD 200203308713
BAD 200170885843
BAD 200220482263
BAD 200092045651
BAD 200092066261
BAD 200072026669
BAD 200072026681
BAD 200374277771
BAD 200220642859
BAD 200220642863
BAD 200220642893
BAD 200220642901
BAD 200171197711
BAD 200171197717
BAD 200171200871
BAD 200072201689
BAD 200255509669
BAD 200220759259
BAD 200220759353
BAD 200061795749
BAD 200061795751
BAD 200291187011
BAD 200238004559
BAD 200255823871
BAD 200398914439
BAD 200115326797
BAD 200375714551
BAD 200072519113
BAD 200255823877
BAD 200092456829
BAD 200033821081
BAD 200291187013
BAD 200255823881
BAD 200278254377
BAD 200033821087
BAD 200255823883
BAD 200221046923
BAD 200204249831
BAD 200092456831
BAD 200278254391
BAD 200015842699
BAD 200171456543
BAD 200171456557
BAD 200033839813
BAD 200061868549
BAD 200015926309
BAD 200255949353
BAD 200171631409
BAD 200034025249
BAD 200034025253
BAD 200256017989
BAD 200062209079
BAD 200399711311
BAD 200221433651
BAD 200121436729
BAD 200376212483
BAD 200291550031
BAD 200278918979
BAD 200204525791
BAD 200221433653
BAD 200171721863
BAD 200278918981
BAD 200171721881
BAD 200204567737
BAD 200171772659
BAD 200239044871
BAD 200256134471
BAD 200256134473
BAD 200073495553
BAD 200256263827
BAD 200256263833
BAD 200073602263
BAD 200073602269
BAD 200073602273
BAD 200239368913
BAD 200062537159
BAD 200239434949
BAD 200239435091
BAD 200239435093
BAD 200221852487
BAD 200221852489
BAD 200205446843
BAD 200062743571
BAD 200376783227
BAD 200280017117
BAD 200094345967
BAD 200293034441
BAD 200116660069
BAD 200400291677
BAD 200293034443
BAD 200221852529
BAD 200239828249
BAD 200257194233
BAD 200173259723
BAD 200239828253
BAD 200074304011
BAD 200400291683
BAD 200239870141
BAD 200074336859
BAD 200400338911
BAD 200116730843
BAD 200121882253
BAD 200074419931
BAD 200293228007
BAD 200035483891
BAD 200122048081
BAD 200122052587
BAD 200122052597
BAD 200293411819
BAD 200173462513
BAD 200205815603
BAD 200035647547
BAD 200293527899
BAD 200035647551
BAD 200173614031
BAD 200240197037
BAD 200173614037
BAD 200240197039
BAD 200240197043
BAD 200240197051
BAD 200205820853
BAD 200400908479
BAD 200205969443
BAD 200094976229
BAD 200094976231
BAD 200206005767
BAD 200377444321
BAD 200377444327
BAD 200377444349
BAD 200117310829
BAD 200258028301
BAD 200280727903
BAD 200280727909
BAD 200206081511
BAD 200206081513
BAD 200401239449
BAD 200401239457
BAD 200074836053
BAD 200222577361
BAD 200377715243
BAD 200377715249
BAD 200063549243
BAD 200063549251
BAD 200075041891
BAD 200377795889
BAD 200075085061
BAD 200122993817
BAD 200122993823
BAD 200174547037
BAD 200294478079
BAD 200036452621
BAD 200281258717
BAD 200075433589
BAD 200096130853
BAD 200096130859
BAD 200223320431
BAD 200378360701
BAD 200206994209
BAD 200206994213
BAD 200207030761
BAD 200207030767
BAD 200207066723
BAD 200123599103
BAD 200075588611
BAD 200123599121
BAD 200075632139
BAD 200378494579
BAD 200064284353
BAD 200281646449
BAD 200402519371
BAD 200075713451
BAD 200036898337
BAD 200378710463
BAD 200378710471
BAD 200064524783
BAD 200223825943
BAD 200124105241
BAD 200075890523
BAD 200175494653
BAD 200175494657
BAD 200175494663
BAD 200282162593
BAD 200097111259
BAD 200097111353
BAD 200295694073
BAD 200124381959
BAD 200282264899
BAD 200295825337
BAD 200295825343
BAD 200295825347
BAD 200295825349
BAD 200175731213
BAD 200242002353
BAD 200295963173
BAD 200076464803
BAD 200379325849
BAD 200296078883
BAD 200097739337
BAD 200097739339
BAD 200296362991
BAD 200296362997
BAD 200065721657
BAD 200282960513
BAD 200208722981
BAD 200097840673
BAD 200065721659
BAD 200077005437
BAD 200379755441
BAD 200077005439
BAD 200208722983
BAD 200379755453
BAD 200038017059
BAD 200038017061
BAD 200038017071
BAD 200097880069
BAD 200283020051
BAD 200283020053
BAD 200283020059
BAD 200208853399
BAD 200065896013
BAD 200125468141
BAD 200066139211
BAD 200283551269
BAD 200283668521
BAD 200225353477
BAD 200125705597
BAD 200125705631
BAD 200283700069
BAD 200283700073
BAD 200077812461
BAD 200077812463
BAD 200283821929
BAD 200066664451
BAD 200283855019
BAD 200261464693
BAD 200261464723
BAD 200209861057
BAD 200284059727
BAD 200098765717
BAD 200098765721
BAD 200098765723
BAD 200380820293
BAD 200380820303
BAD 200039255693
BAD 200078439397
BAD 200078439403
BAD 200261794793
BAD 200078590247
BAD 200261949793
BAD 200297676091
BAD 200297676127
BAD 200039660129
BAD 200039660131
BAD 200039660143
BAD 200039660147
BAD 200039683729
BAD 200284786951
BAD 200284786957
BAD 200284822117
BAD 200284822169
BAD 200297883859
BAD 200079023929
BAD 200262269213
BAD 200039926081
BAD 200262269219
BAD 200079023941
BAD 200039926103
BAD 200127091193
BAD 200127105653
BAD 200298254873
BAD 200298254881
BAD 200298254887
BAD 200381774339
BAD 200099817221
BAD 200262581599
BAD 200127327551
BAD 200100039683
BAD 200382007237
BAD 200244750533
BAD 200298549203
BAD 200262805033
BAD 200040575017
BAD 200178700063
BAD 200178721739
BAD 200178721741
BAD 200382095941
BAD 200227218283
BAD 200227218287
BAD 200245036973
BAD 200100273487
BAD 200245108477
BAD 200080049503
BAD 200100371179
BAD 200080049513
BAD 200100371269
BAD 200298892921
BAD 200298893063
BAD 200127884273
BAD 200041135843
BAD 200041135849
BAD 200382626791
BAD 200041238491
BAD 200041238497
BAD 200041238513
BAD 200179319993
BAD 200245682983
BAD 200179407331
BAD 200179447799
BAD 200041465801
BAD 200041465807
BAD 200382870487
BAD 200080576231
BAD 200080939411
BAD 200179986343
BAD 200179986367
BAD 200179986371
BAD 200264173541
BAD 200383419323
BAD 200081023423
BAD 200246592079
BAD 200246595433
BAD 200042269129
BAD 200299974493
BAD 200042285633
BAD 200042285647
BAD 200213567233
BAD 200081300417
BAD 200042371379
BAD 200042371381
BAD 200228958773
BAD 200228958791
BAD 200300141273
BAD 200180489303
BAD 200247158611
BAD 200300236027
BAD 200300236033
BAD 200214048863
BAD 200384093603
BAD 200081699479
BAD 200384135141
BAD 200384135143
BAD 200384135153
BAD 200384135179
BAD 200384135183
BAD 200214225023
BAD 200081772773
BAD 200384221847
BAD 200384221861
BAD 200180846329
BAD 200081824829
BAD 200129592601
BAD 200300626187
BAD 200265096613
BAD 200300626189
BAD 200129678233
BAD 200300626193
BAD 200129678237
BAD 200129678239
BAD 200229946561
BAD 200248341497
BAD 200248341499
BAD 200300961841
BAD 200248393771
BAD 200265481399
BAD 200230501591
BAD 200248582099
BAD 200248615613
BAD 200265625559
BAD 200265625561
BAD 200385020411
BAD 200385020413
BAD 200385020417
BAD 200385020419
BAD 200385020477
BAD 200301492511
BAD 200385434749
BAD 200130725797
BAD 200044125979
BAD 200044126021
BAD 200216000273
BAD 200044133293
BAD 200083190719
BAD 200044181339
BAD 200231521747
BAD 200044181341
BAD 200130800213
BAD 200385604063
BAD 200385604073
BAD 200385604129
BAD 200385604141
BAD 200216387653
BAD 200216387663
BAD 200216387669
BAD 200216387671
BAD 200083411219
BAD 200083411223
BAD 200249883349
BAD 200216633503
BAD 200216633509
BAD 200216780123
BAD 200216837881
BAD 200131391959
BAD 200266884691
BAD 200131482079
BAD 200232384211
BAD 200232384221
BAD 200044899973
BAD 200232584063
BAD 200250733247
BAD 200131865909
BAD 200131865911
BAD 200131881263
BAD 200131881269
BAD 200131881281
BAD 200131881283
BAD 200131893029
BAD 200217674413
BAD 200045340667
BAD 200251243421
BAD 200183552389
BAD 200217909653
BAD 200251452497
BAD 200267742659
BAD 200183765129
BAD 200233500997
BAD 200267945587
BAD 200045902757
BAD 200045902759
BAD 200184066023
BAD 200184066067
BAD 200268161147
BAD 200184195023
BAD 200046106649
BAD 200184293867
BAD 200268354919
BAD 200268354959
BAD 200268354961
BAD 200133515573
BAD 200133515579
BAD 200133515581
BAD 200133731977
BAD 200133732011
BAD 200319385853
BAD 200319385859
BAD 200133885001
BAD 200133885013
BAD 200047529989
BAD 200047529993
BAD 200047530017
BAD 200047530019
BAD 200134082303
BAD 200134082311
BAD 200134082339
BAD 200134082341
BAD 200134082347
BAD 200134082353
BAD 200319654001
BAD 200134166423
BAD 200134166447
BAD 200048416441
BAD 200048416471
BAD 200048457883
BAD 200048496853
BAD 200320661603
BAD 200049407053
BAD 200049553609
BAD 200322047119
BAD 200322047131
BAD 200322047153
BAD 200050320923
BAD 200323201807
BAD 200323602601
BAD 200323634513
BAD 200324550763
BAD 200324550779
BAD 200324550781
BAD 200324911837
BAD 200326052393
BAD 200326238059
BAD 200327059553
BAD 200327176669
BAD 200327231011
BAD 200328048449
BAD 200328048451
BAD 200328048463
BAD 200328048469
BAD 200017199881
BAD 200017199887
BAD 200017199891
BAD 200017199903
BAD 200017199911
BAD 200017814947
BAD 200018424121
BAD 200329338347
BAD 200018847209
BAD 200018847211
BAD 200019066679
BAD 200019066683
BAD 200019066691
BAD 200019066697
BAD 200019914837
BAD 200330649347
BAD 200330649349
BAD 200330741873
BAD 200330741881
BAD 200330741929
BAD 200330741953
BAD 200330741971
BAD 200020688513
BAD 200021034233
BAD 200021034253
BAD 200021061271
BAD 200331756203
BAD 200021794459
BAD 200022031459
BAD 200022031463
BAD 200333615281
BAD 200023256443
BAD 200333837623
BAD 200333837633
BAD 200023583413
BAD 200334315791
BAD 200334315793
BAD 200023863271
BAD 200023889843
BAD 200334436153
BAD 200024162497
BAD 200335283663
BAD 200025027557
BAD 200025027563
BAD 200025437467
BAD 200025437483
BAD 200025612497
BAD 200025612499
BAD 200025806423
BAD 200026549379
BAD 200026549381
BAD 200026549397
BAD 200026549399
BAD 200026549403
BAD 200028142681
BAD 200029098601
BAD 200029376447
BAD 200029376467
BAD 200030288753
BAD 200030288761
BAD 200030288767
BAD 200030288779
BAD 200030291947
BAD 200030375107
BAD 200030402723
BAD 200030402783
BAD 200031018391
BAD 200031593557
BAD 200032854583
BAD 200422321513
BAD 200422321531
BAD 200423099323
BAD 200423359361
BAD 200423479829
BAD 200424573571
BAD 200424718709
BAD 200425350361
BAD 200425559339
BAD 200425559377
BAD 200425627279
BAD 200425672217
BAD 200425672219
BAD 200426521609
BAD 200426634179
BAD 200426819573
BAD 200426897941
BAD 200427580733
BAD 200428016213
BAD 200429283631
BAD 200436223027
BAD 200436223033
BAD 200436851047
BAD 200436884117
BAD 200436884119
BAD 200436913531
BAD 200437677733
BAD 200439361963
BAD 200429661709
BAD 200429661713
BAD 200429661721
BAD 200429661727
BAD 200429858999
BAD 200429859001
BAD 200440479077
BAD 200440479079
BAD 200441241859
BAD 200431891637
BAD 200443067821
BAD 200443067827
BAD 200443328677
BAD 200443510231
BAD 200443510237
BAD 200432698681
BAD 200432894639
BAD 200443869361
BAD 200453954747
BAD 200443976287
BAD 200433539869
BAD 200433539879
BAD 200433539881
BAD 200434054673
BAD 200434054679
BAD 200434292183
BAD 200445511507
BAD 200446060099
BAD 200446136707
BAD 200455726351
BAD 200455726357
BAD 200435691563
BAD 200435691569
BAD 200435691571
BAD 200456344531
BAD 200446856111
BAD 200456725153
BAD 200447105387
BAD 200447105389
BAD 200447105393
BAD 200457542053
BAD 200447489881
BAD 200447489887
BAD 200457923839
BAD 200447584507
BAD 200447628331
BAD 200447824441
BAD 200447824613
BAD 200458307353
BAD 200447959627
BAD 200448539191
BAD 200458897577
BAD 200458897579
BAD 200459244691
BAD 200449647353
BAD 200449647361
BAD 200449647457
BAD 200460972409
BAD 200461071847
BAD 200487558203
BAD 200487733757
BAD 200488625983
BAD 200488625989
BAD 200488678639
BAD 200488678657
BAD 200488839391
BAD 200488975013
BAD 200489349199
BAD 200489349481
BAD 200489350951
BAD 200489886439
BAD 200489886449
BAD 200489886451
BAD 200463898309
BAD 200463898343
BAD 200463908383
BAD 200463908389
BAD 200464545727
BAD 200464545731
BAD 200464545733
BAD 200464545737
BAD 200464545739
BAD 200490966563
BAD 200490966569
BAD 200464587293
BAD 200464970137
BAD 200465033017
BAD 200491848017
BAD 200491848019
BAD 200465955091
BAD 200466104701
BAD 200466104711
BAD 200466175649
BAD 200466520843
BAD 200451675661
BAD 200467078843
BAD 200467078849
BAD 200452398649
BAD 200452398659
BAD 200452398661
BAD 200492495183
BAD 200452398667
BAD 200452684261
BAD 200492962309
BAD 200493040697
BAD 200467344953
BAD 200467497343
BAD 200493293747
BAD 200467560301
BAD 200493432221
BAD 200493448343
BAD 200468055031
BAD 200468263469
BAD 200494612039
BAD 200494612051
BAD 200495141599
BAD 200469358501
BAD 200469358513
BAD 200469550783
BAD 200495425357
BAD 200495425363
BAD 200469691699
BAD 200469691703
BAD 200496155317
BAD 200404671127
BAD 200497086289
BAD 200497106323
BAD 200497106353
BAD 200497336513
BAD 200405188913
BAD 200405188969
BAD 200405189029
BAD 200405822347
BAD 200498785037
BAD 200499000857
BAD 200499000859
BAD 200499354103
BAD 200406679819
BAD 200499747533
BAD 200499747541
BAD 200499749441
BAD 200500054927
BAD 200500182989
BAD 200500182991
BAD 200407924967
BAD 200500965799
BAD 200408442713
BAD 200408442739
BAD 200408475649
BAD 200501456723
BAD 200501670601
BAD 200501748289
BAD 200502126793
BAD 200502154627
BAD 200502251647
BAD 200502353179
BAD 200409508787
BAD 200502969523
BAD 200502969539
BAD 200503083971
BAD 200503083973
BAD 200503242983
BAD 200410732441
BAD 200411294533
BAD 200411294563
BAD 200411294569
BAD 200411337557
BAD 200411337559
BAD 200411337563
BAD 200411337571
BAD 200411669233
BAD 200412534089
BAD 200412534121
BAD 200414544511
BAD 200415272053
BAD 200415272059
BAD 200415533099
BAD 200416511693
BAD 200416511699
BAD 200416695343
BAD 200416695361
BAD 200416695407
BAD 200417306821
BAD 200417488013
BAD 200417981303
BAD 200418025499
BAD 200418025501
BAD 200418199879
BAD 200418212971
BAD 200418212989
BAD 200418212993
BAD 200418426911
BAD 200469834533
BAD 200470087529
BAD 200470295449
BAD 200755758113
BAD 200755830001
BAD 200755830029
BAD 200755830031
BAD 200471746669
BAD 200756147429
BAD 200471840189
BAD 200756437699
BAD 200472441779
BAD 200472441781
BAD 200756990747
BAD 200473616579
BAD 200473819057
BAD 200757386393
BAD 200474256211
BAD 200474323193
BAD 200474671027
BAD 200474712259
BAD 200474859259
BAD 200788612033
BAD 200474978633
BAD 200758200421
BAD 200789082031
BAD 200758911373
BAD 200759080369
BAD 200759106319
BAD 200476311239
BAD 200759106323
BAD 200790091367
BAD 200790091373
BAD 200772040219
BAD 200772040223
BAD 200772161357
BAD 200476772239
BAD 200790417649
BAD 200759710201
BAD 200759710211
BAD 200759710243
BAD 200477200543
BAD 200477350847
BAD 200477350849
BAD 200760304343
BAD 200760673507
BAD 200773266781
BAD 200773337393
BAD 200760796321
BAD 200760796367
BAD 200760796373
BAD 200760809813
BAD 200760809839
BAD 200773696423
BAD 200761221701
BAD 200478092641
BAD 200774355583
BAD 200478627211
BAD 200478746071
BAD 200762220961
BAD 200792373283
BAD 200762595113
BAD 200762595149
BAD 200762595151
BAD 200762610283
BAD 200792980369
BAD 200793115517
BAD 200763390277
BAD 200763412433
BAD 200479782121
BAD 200763629459
BAD 200763629461
BAD 200763629467
BAD 200763923813
BAD 200763923869
BAD 200763923873
BAD 200763923897
BAD 200764166443
BAD 200481869353
BAD 200481869359
BAD 200765314531
BAD 200482163933
BAD 200765789737
BAD 200766624031
BAD 200775658999
BAD 200766735023
BAD 200766881353
BAD 200766932153
BAD 200767598419
BAD 200776436983
BAD 200776436989
BAD 200776530221
BAD 200776530223
BAD 200797981739
BAD 200798003209
BAD 200798040979
BAD 200798478583
BAD 200768671787
BAD 200769007823
BAD 200769209401
BAD 200769463319
BAD 200769797273
BAD 200778602183
BAD 200779096129
BAD 200800591549
BAD 200553666493
BAD 200779595447
BAD 200779842649
BAD 200771131783
BAD 200801411033
BAD 200554452961
BAD 200801714063
BAD 200780236051
BAD 200780432273
BAD 200484394853
BAD 200780859793
BAD 200555580419
BAD 200555583673
BAD 200485087409
BAD 200556115993
BAD 200803552273
BAD 200803569787
BAD 200803587689
BAD 200485290931
BAD 200485290937
BAD 200804461223
BAD 200783181583
BAD 200783380027
BAD 200486134997
BAD 200486134999
BAD 200805083629
BAD 200805083783
BAD 200805083813
BAD 200558584493
BAD 200559043129
BAD 200559423173
BAD 200559527521
BAD 200560008287
BAD 200786500553
BAD 200786519551
BAD 200560378489
BAD 200560378493
BAD 200786992519
BAD 200561085787
BAD 200563483433
BAD 200563483441
BAD 200563972253
BAD 200564373349
BAD 200564373353
BAD 200590367633
BAD 200590856243
BAD 200590856287
BAD 200590856293
BAD 200590895419
BAD 200590925617
BAD 200590925629
BAD 200565172201
BAD 200565448103
BAD 200591846491
BAD 200591846503
BAD 200591866051
BAD 200592045763
BAD 200592045769
BAD 200592045781
BAD 200566286681
BAD 200593070833
BAD 200593070837
BAD 200566884319
BAD 200567170931
BAD 200567170933
BAD 200567170939
BAD 200593856371
BAD 200593856401
BAD 200593856413
BAD 200567667757
BAD 200567667767
BAD 200594140199
BAD 200594140207
BAD 200594210281
BAD 200569322449
BAD 200569351417
BAD 200595442819
BAD 200595442823
BAD 200596470673
BAD 200597482303
BAD 200597482307
BAD 200520171673
BAD 200520171679
BAD 200520634507
BAD 200597921443
BAD 200597995621
BAD 200598041629
BAD 200521361483
BAD 200638712971
BAD 200638712977
BAD 200521677091
BAD 200639108191
BAD 200598986149
BAD 200599008019
BAD 200599008031
BAD 200599009033
BAD 200522389163
BAD 200639378167
BAD 200639507323
BAD 200639507333
BAD 200600068987
BAD 200523437581
BAD 200600530849
BAD 200600530883
BAD 200600530909
BAD 200523712819
BAD 200523895619
BAD 200641800353
BAD 200641800361
BAD 200523964583
BAD 200523964591
BAD 200641895353
BAD 200641895371
BAD 200641899079
BAD 200642190713
BAD 200642429243
BAD 200642817173
BAD 200524763357
BAD 200643174863
BAD 200643174869
BAD 200643174871
BAD 200643174889
BAD 200570520349
BAD 200603060089
BAD 200603060093
BAD 200603060101
BAD 200603060107
BAD 200603060111
BAD 200603060113
BAD 200603060159
BAD 200570611727
BAD 200525886061
BAD 200570879893
BAD 200570888563
BAD 200570888569
BAD 200654823001
BAD 200643829957
BAD 200603914891
BAD 200654823007
BAD 200643829993
BAD 200526494687
BAD 200603914897
BAD 200526494689
BAD 200570964179
BAD 200571128929
BAD 200571318131
BAD 200644287721
BAD 200644287733
BAD 200644287743
BAD 200527232341
BAD 200527232351
BAD 200655767401
BAD 200655767407
BAD 200655767419
BAD 200571930023
BAD 200571930037
BAD 200655829553
BAD 200644906223
BAD 200644906229
BAD 200644906249
BAD 200527965629
BAD 200572401587
BAD 200527987637
BAD 200572401593
BAD 200656441639
BAD 200646647899
BAD 200528307047
BAD 200572766521
BAD 200528307053
BAD 200528328619
BAD 200572946449
BAD 200572946479
BAD 200572946491
BAD 200646829787
BAD 200646829793
BAD 200572977299
BAD 200573161609
BAD 200573313503
BAD 200573313511
BAD 200573799571
BAD 200574093191
BAD 200574093193
BAD 200657767763
BAD 200657936693
BAD 200648308961
BAD 200648308963
BAD 200574624043
BAD 200530410037
BAD 200575212031
BAD 200575277977
BAD 200575459883
BAD 200575483223
BAD 200575492571
BAD 200575492589
BAD 200575492609
BAD 200531103887
BAD 200575492619
BAD 200650752443
BAD 200659708523
BAD 200531103889
BAD 200531103893
BAD 200650774703
BAD 200650774711
BAD 200650774717
BAD 200531400373
BAD 200531400379
BAD 200531400383
BAD 200576271869
BAD 200576271871
BAD 200651787719
BAD 200576683253
BAD 200576684621
BAD 200532361853
BAD 200532361891
BAD 200652182513
BAD 200532635753
BAD 200661299413
BAD 200532654713
BAD 200532654727
BAD 200532654733
BAD 200532654737
BAD 200532654739
BAD 200532878731
BAD 200661561643
BAD 200661561647
BAD 200661561649
BAD 200661561677
BAD 200533071149
BAD 200577589969
BAD 200577589973
BAD 200653035031
BAD 200653064399
BAD 200653064401
BAD 200653064411
BAD 200653064413
BAD 200653125487
BAD 200662004863
BAD 200653299593
BAD 200533549171
BAD 200578072637
BAD 200662268903
BAD 200662475989
BAD 200534188523
BAD 200578651769
BAD 200578651771
BAD 200534202751
BAD 200654065411
BAD 200663432119
BAD 200663646749
BAD 200663646751
BAD 200663672501
BAD 200663674597
BAD 200535311183
BAD 200663949229
BAD 200579951863
BAD 200665038781
BAD 200536069519
BAD 200579951881
BAD 200579951893
BAD 200536069523
BAD 200580206947
BAD 200580276031
BAD 200580276037
BAD 200580314927
BAD 200580314929
BAD 200536510771
BAD 200580566539
BAD 200666237509
BAD 200666788897
BAD 200666788901
BAD 200667067501
BAD 200667158761
BAD 200667329209
BAD 200667329227
BAD 200667380531
BAD 200667380533
BAD 200667380687
BAD 200667380689
BAD 200581866733
BAD 200581866739
BAD 200581866743
BAD 200581866757
BAD 200667470573
BAD 200667470581
BAD 200667470593
BAD 200582036891
BAD 200582036903
BAD 200667615901
BAD 200621227823
BAD 200621251951
BAD 200621611133
BAD 200621620831
BAD 200622404599
BAD 200622404603
BAD 200584299199
BAD 200584299203
BAD 200623487479
BAD 200584691291
BAD 200584691311
BAD 200669742673
BAD 200669742677
BAD 200669982143
BAD 200669982151
BAD 200669982157
BAD 200604294901
BAD 200604560209
BAD 200585516167
BAD 200585516171
BAD 200604754187
BAD 200604793591
BAD 200604793619
BAD 200604793621
BAD 200705072221
BAD 200624797921
BAD 200605072909
BAD 200624932283
BAD 200586022859
BAD 200505157639
BAD 200722372601
BAD 200688533033
BAD 200722372603
BAD 200586044233
BAD 200505178591
BAD 200586234949
BAD 200688744983
BAD 200705937479
BAD 200688770357
BAD 200605440251
BAD 200605440253
BAD 200605440257
BAD 200605440263
BAD 200706237679
BAD 200706237691
BAD 200625688673
BAD 200689457833
BAD 200625852139
BAD 200625852143
BAD 200706757919
BAD 200706757921
BAD 200706773677
BAD 200706773693
BAD 200723269897
BAD 200606081419
BAD 200586782611
BAD 200586782647
BAD 200608076783
BAD 200626077629
BAD 200707149661
BAD 200506656593
BAD 200689633553
BAD 200671074833
BAD 200506681493
BAD 200724083533
BAD 200506681499
BAD 200724083537
BAD 200586950857
BAD 200586962869
BAD 200586962903
BAD 200724306691
BAD 200587126763
BAD 200507041321
BAD 200507070007
BAD 200507070017
BAD 200507070019
BAD 200707487117
BAD 200626549367
BAD 200626549369
BAD 200608621699
BAD 200690256733
BAD 200626728637
BAD 200626728649
BAD 200626728661
BAD 200608932947
BAD 200608932949
BAD 200627309797
BAD 200627740099
BAD 200609488403
BAD 200708588251
BAD 200627959177
BAD 200627959183
BAD 200627959193
BAD 200609689583
BAD 200609810773
BAD 200691232601
BAD 200691232603
BAD 200709016663
BAD 200725869623
BAD 200725869637
BAD 200610042911
BAD 200508743179
BAD 200508831319
BAD 200508831323
BAD 200508831377
BAD 200508831379
BAD 200508907891
BAD 200508907903
BAD 200508907909
BAD 200508907913
BAD 200508907933
BAD 200726107529
BAD 200726107531
BAD 200726107567
BAD 200726107573
BAD 200726107627
BAD 200629062017
BAD 200629062019
BAD 200726475319
BAD 200509820747
BAD 200692200833
BAD 200710168621
BAD 200710168627
BAD 200629099009
BAD 200692235437
BAD 200509887323
BAD 200509926031
BAD 200710400563
BAD 200710400573
BAD 200629295413
BAD 200610644029
BAD 200610872269
BAD 200610872317
BAD 200610926573
BAD 200671401829
BAD 200629678111
BAD 200692962203
BAD 200692962209
BAD 200611199183
BAD 200693118079
BAD 200693118083
BAD 200693166607
BAD 200510836133
BAD 200711205061
BAD 200711205067
BAD 200510905597
BAD 200693515201
BAD 200672324627
BAD 200693873503
BAD 200630709239
BAD 200712572023
BAD 200612523311
BAD 200672324651
BAD 200511607433
BAD 200630709241
BAD 200612523347
BAD 200672324653
BAD 200511607441
BAD 200630836207
BAD 200612713039
BAD 200712942607
BAD 200512253167
BAD 200512258381
BAD 200713298971
BAD 200713301093
BAD 200694690851
BAD 200512484201
BAD 200512484203
BAD 200512484209
BAD 200613438539
BAD 200613438541
BAD 200631686503
BAD 200631686509
BAD 200613538651
BAD 200613538669
BAD 200613538673
BAD 200672985143
BAD 200672985157
BAD 200512682479
BAD 200714925731
BAD 200632360619
BAD 200512682483
BAD 200695114013
BAD 200613845071
BAD 200714925737
BAD 200672985179
BAD 200714925739
BAD 200714925743
BAD 200673019763
BAD 200632711463
BAD 200632711471
BAD 200632711483
BAD 200513392711
BAD 200614645703
BAD 200633755787
BAD 200633755789
BAD 200633755793
BAD 200615112547
BAD 200633929697
BAD 200633929703
BAD 200673940283
BAD 200514277367
BAD 200673940297
BAD 200514277373
BAD 200514277391
BAD 200615430109
BAD 200716770299
BAD 200716770437
BAD 200514757609
BAD 200696395489
BAD 200674471027
BAD 200634268123
BAD 200716770439
BAD 200514757613
BAD 200616164857
BAD 200616164863
BAD 200616164867
BAD 200616164869
BAD 200514827479
BAD 200514827567
BAD 200514827573
BAD 200634472699
BAD 200616565207
BAD 200616565213
BAD 200616675673
BAD 200635084417
BAD 200635095127
BAD 200617060223
BAD 200675094469
BAD 200635423159
BAD 200697457427
BAD 200697488447
BAD 200697488449
BAD 200515985867
BAD 200515985869
BAD 200635612381
BAD 200635612427
BAD 200697807917
BAD 200635850323
BAD 200516488279
BAD 200718619337
BAD 200516680043
BAD 200698003567
BAD 200698179991
BAD 200698180027
BAD 200675829643
BAD 200636312743
BAD 200636347987
BAD 200618451673
BAD 200517214831
BAD 200618600267
BAD 200618600269
BAD 200618600341
BAD 200517334973
BAD 200719392877
BAD 200719392883
BAD 200698671023
BAD 200698997021
BAD 200517811471
BAD 200518052123
BAD 200518052131
BAD 200637133703
BAD 200619639863
BAD 200619639877
BAD 200619639887
BAD 200699631833
BAD 200728538363
BAD 200728538497
BAD 200677310413
BAD 200518845781
BAD 200720660587
BAD 200700118061
BAD 200728553873
BAD 200700164593
BAD 200700318617
BAD 200677569461
BAD 200519121289
BAD 200519232923
BAD 200519232929
BAD 200519488249
BAD 200677955173
BAD 200729063467
BAD 200700930979
BAD 200519742193
BAD 200678142997
BAD 200701169093
BAD 200738220181
BAD 200738286263
BAD 200738286299
BAD 200738286323
BAD 200738286337
BAD 200738286341
BAD 200738286349
BAD 200678533261
BAD 200729575621
BAD 200678586721
BAD 200678586727
BAD 200738637223
BAD 200729683117
BAD 200701927417
BAD 200701927421
BAD 200701927423
BAD 200701927477
BAD 200678914103
BAD 200730118621
BAD 200679379237
BAD 200739312803
BAD 200679405109
BAD 200731076353
BAD 200679795721
BAD 200679835439
BAD 200731347247
BAD 200731591369
BAD 200740291867
BAD 200731795367
BAD 200680362163
BAD 200680362167
BAD 200703636083
BAD 200732226559
BAD 200740889957
BAD 200740889959
BAD 200740889971
BAD 200740889977
BAD 200740890001
BAD 200732378423
BAD 200680746823
BAD 200732923067
BAD 200732923219
BAD 200733258857
BAD 200681445001
BAD 200681457881
BAD 200681457883
BAD 200681656283
BAD 200733535549
BAD 200733594353
BAD 200733594367
BAD 200733594379
BAD 200682368041
BAD 200734725923
BAD 200682681499
BAD 200743665053
BAD 200682955399
BAD 200735491507
BAD 200735491519
BAD 200683260937
BAD 200744427503
BAD 200744750683
BAD 200744750693
BAD 200537029411
BAD 200736589021
BAD 200736589051
BAD 200736589057
BAD 200736604993
BAD 200736604997
BAD 200684068789
BAD 200684295439
BAD 200684295443
BAD 200537597389
BAD 200737004059
BAD 200537793613
BAD 200745320813
BAD 200537793619
BAD 200537793629
BAD 200537793637
BAD 200537819249
BAD 200538140993
BAD 200745624733
BAD 200746559459
BAD 200746635143
BAD 200746635151
BAD 200686095923
BAD 200746732603
BAD 200540036821
BAD 200686702673
BAD 200686702679
BAD 200540498077
BAD 200540498153
BAD 200540498161
BAD 200540498167
BAD 200540498173
BAD 200540498177
BAD 200747557721
BAD 200687032397
BAD 200687157163
BAD 200687157169
BAD 200687157173
BAD 200687843117
BAD 200541584491
BAD 200541671027
BAD 200748589057
BAD 200541737093
BAD 200748814687
BAD 200748950887
BAD 200749094737
BAD 200749619527
BAD 200749619537
BAD 200542701367
BAD 200542701371
BAD 200542701391
BAD 200542701397
BAD 200749848073
BAD 200749848083
BAD 200749848097
BAD 200749910203
BAD 200543902073
BAD 200543902079
BAD 200543902081
BAD 200543959901
BAD 200544242477
BAD 200751379099
BAD 200751402983
BAD 200751402989
BAD 200751402991
BAD 200751434509
BAD 200751491533
BAD 200751886133
BAD 200544935099
BAD 200545316941
BAD 200752884391
BAD 200545856579
BAD 200752884401
BAD 200753781667
BAD 200753826059
BAD 200753826107
BAD 200753826109
BAD 200753826113
BAD 200753826127
BAD 200753826137
BAD 200753826139
BAD 200546940767
BAD 200546940799
BAD 200547411187
BAD 200547411331
BAD 200754712693
BAD 200754712703
BAD 200547758041
BAD 200550314779
BAD 200551270757
BAD 200552063359
BAD 200552063363
BAD 200552912999
BAD 200552913023
BAD 200553069631
BAD 200805445003
BAD 200806210777
BAD 200806210783
BAD 200806940731
BAD 200807148827
BAD 200807608411
BAD 200807654659
BAD 200808378923
BAD 200808390661
BAD 200808390667
BAD 200810174993
BAD 200810692657
BAD 200811348391
BAD 200811593837
BAD 200811593839
BAD 200811743443
BAD 200812110067
BAD 200813713369
BAD 200813713393
BAD 200814006889
BAD 200814006893
BAD 200814427519
BAD 200814427523
BAD 200814539449
BAD 200814731101
BAD 200814731113
BAD 200814833357
BAD 200816302163
BAD 200816415859
BAD 200816415871
BAD 200818612871
BAD 200818612873
BAD 200818612879
BAD 200818612903
BAD 200818612931
BAD 200818612933
BAD 200818612937
BAD 200818645081
BAD 200818645133
BAD 200818986149
BAD 200819150789
BAD 200821040281
BAD 200821471859
BAD 200821485107
BAD 200821753789
BAD 200839034749
BAD 200839321819
BAD 200841160879
BAD 200841515899
BAD 200841515909
BAD 200841515911
BAD 200842362043
BAD 200843133233
BAD 200822766611
BAD 200822961629
BAD 200822961631
BAD 200844221749
BAD 200823070967
BAD 200823070969
BAD 200845505131
BAD 200845891159
BAD 200846099071
BAD 200846647943
BAD 200846647957
BAD 200846648003
BAD 200824805179
BAD 200849543143
BAD 200824805183
BAD 200849659963
BAD 200849817409
BAD 200850174631
BAD 200825937469
BAD 200851079761
BAD 200826273833
BAD 200826350701
BAD 200826667199
BAD 200826667201
BAD 200851170229
BAD 200826822919
BAD 200826822923
BAD 200827144853
BAD 200851888729
BAD 200851888733
BAD 200851893973
BAD 200827669387
BAD 200851986397
BAD 200827896029
BAD 200828358629
BAD 200828358631
BAD 200853114109
BAD 200853114113
BAD 200829220703
BAD 200829253771
BAD 200830218923
BAD 200830678913
BAD 200830969153
BAD 200856992981
BAD 200830969159
BAD 200873882389
BAD 200857099141
BAD 200857132103
BAD 200857132109
BAD 200857132127
BAD 200857132129
BAD 200831195029
BAD 200831326981
BAD 200831326987
BAD 200874066797
BAD 200857642847
BAD 200857642849
BAD 200874711043
BAD 200874711049
BAD 200875051621
BAD 200875051639
BAD 200833147919
BAD 200858691899
BAD 200833438969
BAD 200833438979
BAD 200858965711
BAD 200858965717
BAD 200833621201
BAD 200876598229
BAD 200859254467
BAD 200859254483
BAD 200859254489
BAD 200877288553
BAD 200834333873
BAD 200877288569
BAD 200859452281
BAD 200877288571
BAD 200877314059
BAD 200859552349
BAD 200877527297
BAD 200877527299
BAD 200877639679
BAD 200834437831
BAD 200859855601
BAD 200834529463
BAD 200878204567
BAD 200860022431
BAD 200860022437
BAD 200860022443
BAD 200860032859
BAD 200860032871
BAD 200860032889
BAD 200878498853
BAD 200878498859
BAD 200834902921
BAD 200878842301
BAD 200878872143
BAD 200878872149
BAD 200878923667
BAD 200860665169
BAD 200860778077
BAD 200879793161
BAD 200879995279
BAD 200861301547
BAD 200880532519
BAD 200861342243
BAD 200880782393
BAD 200861540389
BAD 200880971329
BAD 200880971339
BAD 200880971341
BAD 200861699981
BAD 200881528039
BAD 200881709117
BAD 200882514673
BAD 200883427133
BAD 200883443513
BAD 200883443539
BAD 200883443543
BAD 200883680611
BAD 200884136647
BAD 200884136689
BAD 200884136701
BAD 200884136707
BAD 200923503679
BAD 200923812319
BAD 200864649113
BAD 200864649121
BAD 200864649127
BAD 200885544799
BAD 200885544803
BAD 200885981479
BAD 200885981501
BAD 200885981503
BAD 200885981509
BAD 200865158269
BAD 200925216053
BAD 200865314281
BAD 200886628601
BAD 200886628603
BAD 200886628609
BAD 200886628627
BAD 200886628651
BAD 200925391561
BAD 200865673727
BAD 200887221349
BAD 200925815269
BAD 200925815273
BAD 200887591673
BAD 200887591687
BAD 200887591693
BAD 200926258139
BAD 200866814693
BAD 200866814699
BAD 200866842667
BAD 200866842697
BAD 200888045719
BAD 200888045723
BAD 200888045737
BAD 200888045767
BAD 200926699969
BAD 200926792111
BAD 200867513981
BAD 200867513983
BAD 200888801657
BAD 200867513993
BAD 200929156403
BAD 200929165207
BAD 200929165211
BAD 200868350701
BAD 200868721309
BAD 200868748933
BAD 200868804611
BAD 200868804613
BAD 200930963869
BAD 200930963873
BAD 200930963879
BAD 200930963881
BAD 200930963887
BAD 200931122479
BAD 200869123969
BAD 200869487327
BAD 200931901271
BAD 200931901273
BAD 200931969811
BAD 200932319881
BAD 200870207891
BAD 200870207899
BAD 200870207903
BAD 200932489073
BAD 200870563063
BAD 200870665783
BAD 200836284601
BAD 200836284619
BAD 200933293753
BAD 200836454347
BAD 200933689841
BAD 200933689843
BAD 200933689849
BAD 200933689867
BAD 200934069013
BAD 200837126219
BAD 200837126221
BAD 200837126227
BAD 200837126233
BAD 200934320329
BAD 200934602159
BAD 200934602161
BAD 200934602213
BAD 200934602221
BAD 200934602227
BAD 200889451531
BAD 200889466441
BAD 200889564143
BAD 200889564163
BAD 200889564167
BAD 200935130551
BAD 200935130593
BAD 200935130597
BAD 200889827321
BAD 200889827323
BAD 200889827329
BAD 200889827363
BAD 200889827377
BAD 200935276681
BAD 200889827381
BAD 200838755693
BAD 200935509503
BAD 200871520613
BAD 200935553363
BAD 200890098067
BAD 200890098307
BAD 200871557771
BAD 200871557773
BAD 200890822103
BAD 200891490307
BAD 200936967029
BAD 200937489847
BAD 200892069017
BAD 200937645817
BAD 200892445399
BAD 200893479263
BAD 200871724877
BAD 200939372747
BAD 200939372749
BAD 200893941019
BAD 200894555237
BAD 200895383209
BAD 200895421303
BAD 200895835747
BAD 200896052491
BAD 200896052509
BAD 200896689269
BAD 200896689271
BAD 200896689299
BAD 200896689307
BAD 200896689311
BAD 200896689313
BAD 200896689317
BAD 200896689319
BAD 200956382743
BAD 200956594999
BAD 200897360317
BAD 200957034319
BAD 200897828303
BAD 200897828311
BAD 200957647549
BAD 200898598687
BAD 200958287863
BAD 200958792217
BAD 200900151721
BAD 200959397819
BAD 200900801753
BAD 200960580187
BAD 200960580193
BAD 200960704523
BAD 200901269029
BAD 200901269033
BAD 200960937349
BAD 200901580897
BAD 200901580903
BAD 200901833633
BAD 200902334719
BAD 200902334723
BAD 200939986903
BAD 200940122209
BAD 200902585031
BAD 200902585033
BAD 200940224143
BAD 200940224159
BAD 200940715127
BAD 200941411637
BAD 200941411639
BAD 200941411669
BAD 200941411673
BAD 200903853827
BAD 200903853833
BAD 200904159949
BAD 200904205813
BAD 200941881761
BAD 200941947013
BAD 200941947029
BAD 200904501113
BAD 200904501121
BAD 200904789133
BAD 200904789139
BAD 200904789143
BAD 200904876127
BAD 200904876149
BAD 200942599439
BAD 200942599441
BAD 200942793451
BAD 200905625671
BAD 200905625689
BAD 200943417109
BAD 200943417113
BAD 200962428143
BAD 200962483619
BAD 200962483621
BAD 200962835123
BAD 200944048037
BAD 200944148563
BAD 200944148567
BAD 200944148569
BAD 200963027869
BAD 200944402471
BAD 200944739887
BAD 200963428459
BAD 200963428483
BAD 200963498173
BAD 200963498179
BAD 200963498191
BAD 200945234239
BAD 200963665129
BAD 200963665141
BAD 200964025621
BAD 200946055543
BAD 200946114437
BAD 200964122173
BAD 200964122179
BAD 200947207213
BAD 200964980371
BAD 200947965419
BAD 200948149601
BAD 200948149603
BAD 200965663193
BAD 200948149607
BAD 200948149609
BAD 200965663201
BAD 200948203151
BAD 200948203153
BAD 200948418031
BAD 200948418037
BAD 200948587351
BAD 200949027623
BAD 200966213537
BAD 200966213543
BAD 200949444301
BAD 200949566749
BAD 200949566761
BAD 200950406791
BAD 200967566803
BAD 200951103217
BAD 200951325409
BAD 200951406883
BAD 200951499673
BAD 200951686069
BAD 200968772533
BAD 200969647387
BAD 200970410149
BAD 200970410153
BAD 200970856883
BAD 200972403563
BAD 200972839919
BAD 200953321313
BAD 200953408891
BAD 200953562237
BAD 200953562239
BAD 200953562281
BAD 200955647953
BAD 200907630503
BAD 200907630509
BAD 200908018931
BAD 200908325819
BAD 200908390481
BAD 200908390483
BAD 200909187593
BAD 200909226473
BAD 200909383201
BAD 200910244289
BAD 200910244291
BAD 200910545203
BAD 200910580831
BAD 200911922719
BAD 200911922723
BAD 200912344543
BAD 200914267429
BAD 200914267439
BAD 200914929619
BAD 200914929623
BAD 200916036721
BAD 200916036733
BAD 200916365047
BAD 200916425363
BAD 200916513011
BAD 200916513013
BAD 200916513019
BAD 200973231661
BAD 200916831491
BAD 201157770871
BAD 201158388083
BAD 201158388097
BAD 201158698031
BAD 201158698033
BAD 201159206791
BAD 201159206839
BAD 201159211373
BAD 200918153021
BAD 201160327397
BAD 201160327399
BAD 201160782497
BAD 201161076469
BAD 201161728357
BAD 201161728513
BAD 201162316963
BAD 200919669809
BAD 200919669817
BAD 200919669827
BAD 200919742297
BAD 200919984653
BAD 200977829281
BAD 200977829287
BAD 200977829323
BAD 200920671167
BAD 200920671169
BAD 200978029751
BAD 200920671283
BAD 200978029753
BAD 200978029787
BAD 200978029789
BAD 200978029793
BAD 200921153311
BAD 200978556241
BAD 200978734997
BAD 200990023799
BAD 200990023811
BAD 200990023813
BAD 200921707001
BAD 200921707003
BAD 200990234243
BAD 200921829853
BAD 200921829863
BAD 200990507747
BAD 200990507749
BAD 200990507761
BAD 200990507807
BAD 200990890531
BAD 200990890549
BAD 200922262007
BAD 200922336709
BAD 200991355343
BAD 201164402519
BAD 201164402521
BAD 201164668577
BAD 200992484311
BAD 200980539143
BAD 200992484317
BAD 201165142051
BAD 200992484323
BAD 200992484327
BAD 201057154423
BAD 200992794143
BAD 200992794169
BAD 200992794181
BAD 200992794187
BAD 200992829041
BAD 200981178661
BAD 201165875663
BAD 201165925931
BAD 200993245393
BAD 201166026059
BAD 201166249279
BAD 200993508847
BAD 201166642847
BAD 201166642849
BAD 201166669981
BAD 200993633857
BAD 201058405579
BAD 200982958391
BAD 201058598501
BAD 201058598513
BAD 201167553361
BAD 200983546871
BAD 200983546873
BAD 200994673283
BAD 201059053133
BAD 200983966819
BAD 201140882053
BAD 201059053141
BAD 201168191137
BAD 201059053147
BAD 200983966829
BAD 201059053163
BAD 200983966831
BAD 200983966837
BAD 200983966849
BAD 200983966853
BAD 200994696983
BAD 201142028641
BAD 201142028683
BAD 200995416371
BAD 201142407163
BAD 201142485727
BAD 201142570303
BAD 201142731899
BAD 201142731901
BAD 200995939621
BAD 200995939699
BAD 200986073557
BAD 201061497163
BAD 201061497173
BAD 200986368311
BAD 200986368313
BAD 201143458939
BAD 201143458949
BAD 201061797289
BAD 200987263849
BAD 201171043537
BAD 201143458951
BAD 200987263853
BAD 200987269057
BAD 201143489089
BAD 200987353033
BAD 200987353043
BAD 200987585683
BAD 201062000567
BAD 201062000569
BAD 200987642719
BAD 200987649497
BAD 201062251381
BAD 200988334879
BAD 200988334891
BAD 201144234271
BAD 200988618277
BAD 201063540961
BAD 201172495409
BAD 201063639661
BAD 201145130611
BAD 201145130617
BAD 201145130629
BAD 201064568863
BAD 200996391679
BAD 200996391689
BAD 200996391691
BAD 201064908593
BAD 201145875961
BAD 200996484817
BAD 200996484893
BAD 201173750383
BAD 201146151593
BAD 201065152139
BAD 200996771167
BAD 201146247319
BAD 201146486161
BAD 201065377213
BAD 200997421447
BAD 200997783619
BAD 201147353731
BAD 201147353761
BAD 201066360863
BAD 201066362677
BAD 200998201793
BAD 200998201799
BAD 200998201801
BAD 200998201823
BAD 201066862519
BAD 201147985469
BAD 200998591373
BAD 201148179223
BAD 200998709581
BAD 200998709603
BAD 201067505963
BAD 201067532101
BAD 200999133389
BAD 200999133397
BAD 201068177419
BAD 201068177423
BAD 200999342543
BAD 201068368531
BAD 201068368537
BAD 201068368541
BAD 201068447753
BAD 201068447761
BAD 201068447771
BAD 201068447773
BAD 201068792809
BAD 201148946513
BAD 201000195763
BAD 201000195769
BAD 201000233131
BAD 201000350933
BAD 201149103149
BAD 201149103151
BAD 201149772853
BAD 201001228997
BAD 201001588901
BAD 201001588903
BAD 201001588919
BAD 201001588927
BAD 201001588933
BAD 201069883127
BAD 201069883129
BAD 201023656429
BAD 201023656453
BAD 201150467887
BAD 201150696979
BAD 201040319827
BAD 201007068979
BAD 201150696983
BAD 201070636709
BAD 201024699353
BAD 201007068991
BAD 201024718579
BAD 201150924077
BAD 201151005983
BAD 201070898449
BAD 201151303627
BAD 201151795021
BAD 201007868263
BAD 201008008543
BAD 201152137943
BAD 201025578779
BAD 201025578781
BAD 201008311177
BAD 201042010703
BAD 201152503273
BAD 201042131401
BAD 201152781041
BAD 201152781043
BAD 201071847091
BAD 201071847103
BAD 201071847107
BAD 201026186377
BAD 201153213113
BAD 201153213119
BAD 201042728281
BAD 201008970361
BAD 201192163729
BAD 201002452297
BAD 201153633143
BAD 201026582747
BAD 201042728303
BAD 201026582749
BAD 201026582753
BAD 201026595197
BAD 201026595199
BAD 201093032813
BAD 201026640413
BAD 201026640421
BAD 201093120793
BAD 201002730983
BAD 201093252559
BAD 201026924123
BAD 201153914123
BAD 201093420613
BAD 201093466733
BAD 201003119017
BAD 201154128563
BAD 201027344933
BAD 201027344939
BAD 201027344941
BAD 201027464593
BAD 201003354199
BAD 201003354203
BAD 201193178971
BAD 201126014513
BAD 201044382613
BAD 201193707629
BAD 201094172017
BAD 201010452289
BAD 201027786497
BAD 201044382619
BAD 201003500573
BAD 201027786511
BAD 201155006981
BAD 201027786541
BAD 201010483381
BAD 201003675269
BAD 201155260651
BAD 201010713529
BAD 201126399323
BAD 201126415157
BAD 201194372317
BAD 201194372321
BAD 201094778177
BAD 201094778179
BAD 201126637669
BAD 201194658893
BAD 201194658901
BAD 201194658947
BAD 201194658949
BAD 201194658953
BAD 201028301659
BAD 201194838599
BAD 201194838601
BAD 201194873183
BAD 201194873203
BAD 201127138721
BAD 201011265953
BAD 201074790647
BAD 201074790649
BAD 201028491617
BAD 201028491619
BAD 201127391611
BAD 201095487391
BAD 201095543029
BAD 201004568773
BAD 201004568777
BAD 201156749797
BAD 201011696063
BAD 201011696077
BAD 201004915549
BAD 201029003537
BAD 201029003543
BAD 201005097619
BAD 201157221851
BAD 201128247589
BAD 201075640147
BAD 201128278727
BAD 201128304473
BAD 201075730673
BAD 201029413381
BAD 201029413399
BAD 201005608613
BAD 201157457401
BAD 201096441467
BAD 201030264013
BAD 201076697453
BAD 201157471381
BAD 201197152069
BAD 201006027451
BAD 201047997121
BAD 201107668693
BAD 201157471387
BAD 201197152073
BAD 201157471393
BAD 201107668711
BAD 201012618811
BAD 201157541369
BAD 201107830633
BAD 201107830639
BAD 201107830643
BAD 201012737183
BAD 201006209759
BAD 201197352803
BAD 201197352809
BAD 201076936811
BAD 201076936813
BAD 201107965403
BAD 201107965411
BAD 201107965417
BAD 201107965427
BAD 201107965433
BAD 201128854447
BAD 201128905363
BAD 201128905379
BAD 201048600703
BAD 201048600713
BAD 201048600721
BAD 201013321133
BAD 201197922559
BAD 201197929613
BAD 201129167753
BAD 201031308539
BAD 201077579047
BAD 201031476229
BAD 201049086253
BAD 201049086257
BAD 201108809639
BAD 201108809641
BAD 201078027547
BAD 201032238419
BAD 201198589027
BAD 201098474209
BAD 201050051311
BAD 201078576187
BAD 201130604921
BAD 201130604923
BAD 201050237989
BAD 201099432503
BAD 201130998217
BAD 201130998241
BAD 201109935671
BAD 201109935673
BAD 201109971077
BAD 201099781747
BAD 201199224943
BAD 201110375509
BAD 201034056413
BAD 201131810603
BAD 201100519801
BAD 201015482441
BAD 201015482443
BAD 201015482453
BAD 201034839053
BAD 201034839059
BAD 201034853963
BAD 201034937087
BAD 201051986593
BAD 201052053679
BAD 201052053691
BAD 201080085803
BAD 201101041613
BAD 201035486629
BAD 201035486633
BAD 201035486657
BAD 201052509139
BAD 201101258123
BAD 201052963159
BAD 201016290157
BAD 201016290263
BAD 201016496011
BAD 201016496017
BAD 201102022013
BAD 201016553459
BAD 201102099829
BAD 201133046761
BAD 201036306871
BAD 201200624623
BAD 201016653043
BAD 201200624627
BAD 201016653059
BAD 201081314701
BAD 201036431671
BAD 201081411733
BAD 201016762591
BAD 201016762601
BAD 201102286013
BAD 201081451283
BAD 201081451289
BAD 201054145829
BAD 201081502987
BAD 201200790383
BAD 201200790409
BAD 201081564163
BAD 201081699121
BAD 201112813639
BAD 201036826283
BAD 201081757759
BAD 201081757763
BAD 201133571213
BAD 201102729031
BAD 201054606799
BAD 201054606803
BAD 201037156051
BAD 201037156129
BAD 201037175813
BAD 201082152197
BAD 201133852613
BAD 201133883191
BAD 201133883227
BAD 201133883231
BAD 201133883233
BAD 201133883239
BAD 201133883243
BAD 201017419357
BAD 201082361959
BAD 201055566793
BAD 201134186899
BAD 201017670257
BAD 201134186909
BAD 201134186923
BAD 201082452457
BAD 201082452463
BAD 201082494931
BAD 201082494937
BAD 201134253241
BAD 201037537343
BAD 201037537357
BAD 201134412239
BAD 201037647841
BAD 201201668071
BAD 201017955043
BAD 201134588299
BAD 201056109731
BAD 201134726603
BAD 201114237481
BAD 201056825341
BAD 201037968017
BAD 201018261559
BAD 201037968049
BAD 201104175241
BAD 201018261569
BAD 201114245851
BAD 201114251131
BAD 201202304167
BAD 201202304189
BAD 201056946427
BAD 201056954401
BAD 201018490591
BAD 201018490597
BAD 201018490601
BAD 201018490613
BAD 201135187163
BAD 201114801271
BAD 201203093893
BAD 201019132591
BAD 201019132597
BAD 201203549641
BAD 201085476733
BAD 201085476737
BAD 201085476751
BAD 201085476763
BAD 201203985679
BAD 201204032699
BAD 201085975973
BAD 201115796153
BAD 201137068103
BAD 201205755031
BAD 201039679103
BAD 201205755041
BAD 201019505389
BAD 201205755043
BAD 201106114637
BAD 201087109283
BAD 201106114639
BAD 201205888283
BAD 201137268203
BAD 201039930907
BAD 201020009761
BAD 201137527363
BAD 201020296973
BAD 201206723869
BAD 201107197831
BAD 201206919157
BAD 201206934737
BAD 201206934739
BAD 201117034451
BAD 201117034453
BAD 201020893673
BAD 201207195829
BAD 201207195841
BAD 201021149809
BAD 201117740701
BAD 201117740711
BAD 201117740713
BAD 201117740717
BAD 201117934939
BAD 201022357667
BAD 201022357681
BAD 201022357687
BAD 201118162213
BAD 201118181659
BAD 201089554543
BAD 201089554579
BAD 201089633713
BAD 201089682517
BAD 201089707921
BAD 201022961317
BAD 201023116279
BAD 201140668139
BAD 201140803411
BAD 201140803421
BAD 201140803433
BAD 201140840503
BAD 201140840507
BAD 201119942239
BAD 201119942249
BAD 201120455387
BAD 201120965431
BAD 201175666621
BAD 201176199787
BAD 201176368777
BAD 201176373221
BAD 201122655179
BAD 201177210473
BAD 201177319087
BAD 201177517627
BAD 201177517637
BAD 201123354863
BAD 201123860683
BAD 201179027671
BAD 201179027689
BAD 201179340721
BAD 201179951123
BAD 201180425323
BAD 201180622459
BAD 201180622463
BAD 201180886411
BAD 201181196701
BAD 201181397069
BAD 201181397071
BAD 201181531013
BAD 201182208247
BAD 201182357471
BAD 201182372813
BAD 201182759563
BAD 201182904809
BAD 201183175913
BAD 201183923449
BAD 201183923453
BAD 201184166279
BAD 201184166321
BAD 201184166329
BAD 201184166333
BAD 201184166347
BAD 201184166353
BAD 201184351553
BAD 201185131747
BAD 201185144551
BAD 201185170561
BAD 201185557273
BAD 201185809261
BAD 201186312739
BAD 201186768569
BAD 201186997189
BAD 201187003379
BAD 201187533829
BAD 201188758249
BAD 201189080731
BAD 201189134131
BAD 201189201319
BAD 201189410003
BAD 201190529473
BAD 201190529497
BAD 201191142419
BAD 201208351081
BAD 201208351093
BAD 201208538191
BAD 201208749503
BAD 201209090969
BAD 201209091049
BAD 201209569961
BAD 201209569963
BAD 201210052489
BAD 201210700519
BAD 201211189021
BAD 201211354361
BAD 201211354363
BAD 201211356331
BAD 201211430701
BAD 201212588593
BAD 201212588609
BAD 201212588611
BAD 201213096043
BAD 201213334549
BAD 201213334561
BAD 201214010903
BAD 201214101637
BAD 201214101643
BAD 201214646629
BAD 201214650811
BAD 201215519383
BAD 201216203281
BAD 201216502609
BAD 201217769197
BAD 201217775431
BAD 201218710909
BAD 201218710969
BAD 201220655593
BAD 201221305193
BAD 201221305199
BAD 201221475551
BAD 201221606041
BAD 201222276841
BAD 201222743867
BAD 201222916793
BAD 201222998797
BAD 201223172881
BAD 201224542681
BAD 201224542691
BAD 201224542693
BAD 201224542697
BAD 201224542699
BAD 201225336469
BAD 201227077573
BAD 201227241769
BAD 201227418719
BAD 201227631659
BAD 201228763763
BAD 201230426297
BAD 201230426303
BAD 201230476217
BAD 201230476219
BAD 201230984963
BAD 201231141997
BAD 201231416479
BAD 201241711423
BAD 201232467883
BAD 201242216477
BAD 201232711081
BAD 201232711091
BAD 201232711093
BAD 201233627423
BAD 201243460679
BAD 201243460681
BAD 201233846809
BAD 201233846813
BAD 201234563119
BAD 201234563137
BAD 201235212197
BAD 201235212223
BAD 201243804763
BAD 201258632569
BAD 201258632591
BAD 201258632593
BAD 201258632599
BAD 201259969439
BAD 201245414863
BAD 201246175243
BAD 201247018591
BAD 201247018613
BAD 201247673213
BAD 201247724149
BAD 201262362349
BAD 201262476827
BAD 201262476829
BAD 201262753283
BAD 201237630467
BAD 201237773029
BAD 201263514971
BAD 201263514973
BAD 201263672047
BAD 201238234243
BAD 201238234279
BAD 201238234283
BAD 201238376309
BAD 201264432227
BAD 201248552983
BAD 201264486541
BAD 201264806989
BAD 201264806993
BAD 201265337521
BAD 201249595441
BAD 201249595447
BAD 201265793303
BAD 201265793317
BAD 201250475123
BAD 201266358151
BAD 201266770643
BAD 201266961757
BAD 201267172037
BAD 201251509733
BAD 201251532907
BAD 201251532913
BAD 201251611193
BAD 201251810237
BAD 201251810239
BAD 201251810257
BAD 201238769453
BAD 201238769461
BAD 201238769467
BAD 201238769471
BAD 201238887691
BAD 201252068273
BAD 201239308211
BAD 201239308213
BAD 201239308217
BAD 201252798713
BAD 201239530171
BAD 201239530181
BAD 201239572003
BAD 201252918829
BAD 201252918833
BAD 201252918851
BAD 201253066897
BAD 201253194143
BAD 201253488547
BAD 201253661131
BAD 201253661137
BAD 201241325447
BAD 201241325449
BAD 201267825571
BAD 201255426181
BAD 201268547069
BAD 201268547071
BAD 201255723857
BAD 201269106697
BAD 201256414507
BAD 201269376331
BAD 201269570251
BAD 201257267741
BAD 201257383807
BAD 201257422279
BAD 201257422291
BAD 201257498509
BAD 201257847083
BAD 201257847121
BAD 201258279953
BAD 201270597679
BAD 201270597683
BAD 201275828723
BAD 201276079027
BAD 201276268223
BAD 201276404579
BAD 201276727937
BAD 201276727973
BAD 201270896137
BAD 201271001629
BAD 201271362067
BAD 201271668473
BAD 201272319253
BAD 201272363053
BAD 201272363057
BAD 201279411083
BAD 201273028157
BAD 201279755329
BAD 201279887231
BAD 201279887233
BAD 201280241363
BAD 201273877559
BAD 201273877561
BAD 201281146949
BAD 201281146951
BAD 201281676223
BAD 201281676229
BAD 201274989379
BAD 201274989389
BAD 201282922613
BAD 201308645303
BAD 201308645309
BAD 201308645311
BAD 201284044903
BAD 201284044921
BAD 201310440473
BAD 201285092863
BAD 201310685567
BAD 201310685581
BAD 201310793479
BAD 201310793483
BAD 201310793491
BAD 201310793533
BAD 201311611153
BAD 201311611157
BAD 201311920507
BAD 201312611197
BAD 201287419849
BAD 201287432513
BAD 201287538253
BAD 201313923361
BAD 201314078747
BAD 201314078753
BAD 201314193683
BAD 201314193697
BAD 201288375053
BAD 201314623129
BAD 201315292369
BAD 201289295197
BAD 201289295203
BAD 201289939243
BAD 201290452849
BAD 201290616019
BAD 201290834827
BAD 201290834839
BAD 201291339523
BAD 201316714867
BAD 201291985291
BAD 201292042253
BAD 201318108503
BAD 201292843729
BAD 201318598133
BAD 201319049237
BAD 201293510827
BAD 201293603311
BAD 201319358797
BAD 201294245821
BAD 201320474183
BAD 201321119347
BAD 201295346557
BAD 201295470679
BAD 201322040389
BAD 201296077193
BAD 201296213207
BAD 201296271871
BAD 201322364569
BAD 201296545621
BAD 201322809511
BAD 201296839363
BAD 201323440943
BAD 201323541533
BAD 201323820043
BAD 201323820053
BAD 201323820059
BAD 201297855443
BAD 201298280317
BAD 201298717283
BAD 201298717297
BAD 201325091983
BAD 201325091993
BAD 201325092013
BAD 201325280113
BAD 201299405039
BAD 201299580233
BAD 201300515543
BAD 201301597331
BAD 201302032517
BAD 201303405917
BAD 201303405959
BAD 201303405971
BAD 201303673433
BAD 201303822373
BAD 201304346869
BAD 201304793317
BAD 201304793329
BAD 201305557879
BAD 201306224599
BAD 201307049249
BAD 201308073751
BAD 201308197193
BAD 201342720023
BAD 201342720031
BAD 201343396981
BAD 201343535821
BAD 201344186501
BAD 201344583379
BAD 201345479191
BAD 201346598051
BAD 201346598053
BAD 201346598059
BAD 201349400431
BAD 201349400437
BAD 201350609123
BAD 201350609129
BAD 201350770177
BAD 201350782777
BAD 201350782783
BAD 201351096217
BAD 201351277511
BAD 201351277513
BAD 201351931013
BAD 201351932963
BAD 201352789411
BAD 201353924357
BAD 201353960089
BAD 201353960111
BAD 201353960123
BAD 201354600883
BAD 201355963903
BAD 201356588869
BAD 201356588903
BAD 201356588911
BAD 201357124417
BAD 201357124421
BAD 201357497531
BAD 201357497533
BAD 201358237511
BAD 201358237513
BAD 201358477861
BAD 201375745237
BAD 201375797443
BAD 201375975893
BAD 201377522483
BAD 201377814439
BAD 201377814503
BAD 201378394411
BAD 201378976921
BAD 201378976927
BAD 201378976933
BAD 201379467917
BAD 201380973223
BAD 201381786943
BAD 201382166443
BAD 201382166449
BAD 201382315559
BAD 201382315567
BAD 201382514659
BAD 201382514689
BAD 201382514693
BAD 201382514701
BAD 201382514719
BAD 201382871617
BAD 201383183717
BAD 201383183821
BAD 201384995521
BAD 201385309469
BAD 201385309471
BAD 201385309487
BAD 201385722553
BAD 201385722557
BAD 201325405693
BAD 201325822133
BAD 201326299567
BAD 201326853491
BAD 201326853493
BAD 201327601141
BAD 201327601147
BAD 201327684893
BAD 201327684913
BAD 201327876053
BAD 201328248559
BAD 201328248577
BAD 201328248581
BAD 201328520389
BAD 201328793447
BAD 201329039453
BAD 201329456299
BAD 201329765479
BAD 201329975513
BAD 201330219163
BAD 201332003869
BAD 201332003881
BAD 201332489851
BAD 201387904187
BAD 201387904189
BAD 201332926237
BAD 201388072813
BAD 201333804307
BAD 201334002143
BAD 201388725211
BAD 201359434201
BAD 201334928791
BAD 201334928797
BAD 201334928801
BAD 201335286079
BAD 201335286083
BAD 201335517283
BAD 201335517323
BAD 201335557967
BAD 201389538793
BAD 201389538797
BAD 201389538799
BAD 201336129791
BAD 201336162593
BAD 201389814259
BAD 201389849431
BAD 201360258167
BAD 201390115583
BAD 201390294841
BAD 201360974729
BAD 201391572367
BAD 201391572373
BAD 201391768559
BAD 201391768561
BAD 201392244661
BAD 201362881711
BAD 201363131483
BAD 201336723157
BAD 201336723163
BAD 201337121021
BAD 201337121023
BAD 201337413887
BAD 201337413889
BAD 201338983687
BAD 201339381209
BAD 201339381211
BAD 201363864301
BAD 201340878521
BAD 201340878523
BAD 201364288861
BAD 201340977083
BAD 201364623223
BAD 201364623227
BAD 201341493833
BAD 201366049069
BAD 201366178207
BAD 201367807717
BAD 201594159619
BAD 201594230119
BAD 201594563453
BAD 201368611627
BAD 201595328749
BAD 201596202529
BAD 201596432383
BAD 201596432423
BAD 201596432449
BAD 201597331669
BAD 201597331681
BAD 201597855097
BAD 201598036063
BAD 201598787087
BAD 201600652727
BAD 201600738673
BAD 201600941159
BAD 201600941161
BAD 201601444763
BAD 201601594927
BAD 201477313837
BAD 201477313847
BAD 201477370043
BAD 201602656681
BAD 201602656699
BAD 201478259197
BAD 201602928259
BAD 201479214613
BAD 201479214649
BAD 201479214659
BAD 201479214661
BAD 201603510281
BAD 201603598541
BAD 201479925859
BAD 201603598543
BAD 201479925863
BAD 201370939951
BAD 201603999613
BAD 201527188747
BAD 201604046269
BAD 201604207747
BAD 201527403019
BAD 201527472511
BAD 201604688783
BAD 201527925889
BAD 201527925901
BAD 201371556461
BAD 201371595259
BAD 201371735003
BAD 201605154493
BAD 201605321839
BAD 201528835531
BAD 201605683693
BAD 201605794021
BAD 201482490389
BAD 201372380701
BAD 201372388621
BAD 201529337101
BAD 201482693569
BAD 201482753149
BAD 201606186541
BAD 201606186547
BAD 201372796763
BAD 201483081463
BAD 201461039431
BAD 201529855939
BAD 201483081467
BAD 201607390823
BAD 201372796783
BAD 201483081469
BAD 201607390849
BAD 201607444537
BAD 201607444553
BAD 201461069041
BAD 201530104693
BAD 201530179273
BAD 201607934387
BAD 201483724867
BAD 201530521897
BAD 201461850763
BAD 201484430009
BAD 201484430011
BAD 201374015723
BAD 201561631837
BAD 201426547607
BAD 201484781963
BAD 201484781977
BAD 201484781989
BAD 201484814299
BAD 201484814303
BAD 201608449957
BAD 201531473851
BAD 201531473879
BAD 201608631529
BAD 201531528067
BAD 201531762083
BAD 201531762101
BAD 201531762109
BAD 201427290019
BAD 201463154953
BAD 201562418147
BAD 201562418149
BAD 201562418153
BAD 201463252621
BAD 201562569163
BAD 201609376973
BAD 201609402677
BAD 201609402679
BAD 201609402703
BAD 201609402713
BAD 201609453211
BAD 201562724579
BAD 201375727381
BAD 201375727409
BAD 201375727411
BAD 201609775069
BAD 201609775207
BAD 201532797353
BAD 201609865283
BAD 201409528363
BAD 201609912293
BAD 201563254913
BAD 201409640599
BAD 201493512323
BAD 201409640603
BAD 201563580221
BAD 201464675459
BAD 201533607983
BAD 201428441507
BAD 201563580241
BAD 201428441509
BAD 201464767199
BAD 201464767201
BAD 201464777719
BAD 201464822567
BAD 201393196237
BAD 201493632007
BAD 201493632037
BAD 201486425659
BAD 201486425663
BAD 201563849807
BAD 201493734469
BAD 201493740121
BAD 201493740127
BAD 201493740143
BAD 201393464161
BAD 201465356947
BAD 201410274749
BAD 201410274773
BAD 201429059903
BAD 201465635411
BAD 201465806701
BAD 201534684623
BAD 201410507503
BAD 201487389223
BAD 201487389241
BAD 201487389251
BAD 201487389253
BAD 201564981109
BAD 201393935299
BAD 201494376397
BAD 201534707351
BAD 201466379137
BAD 201494545801
BAD 201534899143
BAD 201466589663
BAD 201487857761
BAD 201487857763
BAD 201394245407
BAD 201535017091
BAD 201535017263
BAD 201535017269
BAD 201535017293
BAD 201535017301
BAD 201544531739
BAD 201430037881
BAD 201467187217
BAD 201544939039
BAD 201430385119
BAD 201467392019
BAD 201488630507
BAD 201488630509
BAD 201495234469
BAD 201495278323
BAD 201467638819
BAD 201545582423
BAD 201430756511
BAD 201489129409
BAD 201495278329
BAD 201430756567
BAD 201495278333
BAD 201495278339
BAD 201430758107
BAD 201545591419
BAD 201489284239
BAD 201430987963
BAD 201489390643
BAD 201545967817
BAD 201545967829
BAD 201535936873
BAD 201489572539
BAD 201495782359
BAD 201395167669
BAD 201395167679
BAD 201395167681
BAD 201395246783
BAD 201536173231
BAD 201468714347
BAD 201468714371
BAD 201431837003
BAD 201432055651
BAD 201432055661
BAD 201432055663
BAD 201432055687
BAD 201568858163
BAD 201547891081
BAD 201490565033
BAD 201395617331
BAD 201577419389
BAD 201490565041
BAD 201497784853
BAD 201395617333
BAD 201577419391
BAD 201470457581
BAD 201497784857
BAD 201412207583
BAD 201432055711
BAD 201497784863
BAD 201470457583
BAD 201470457593
BAD 201490588853
BAD 201490588861
BAD 201547964729
BAD 201547964731
BAD 201497958463
BAD 201577693133
BAD 201548237419
BAD 201548319341
BAD 201470817281
BAD 201470817283
BAD 201470817287
BAD 201412655531
BAD 201548484493
BAD 201412655533
BAD 201434197411
BAD 201396131449
BAD 201498650833
BAD 201569420099
BAD 201549909377
BAD 201577965943
BAD 201510292441
BAD 201491616463
BAD 201471052337
BAD 201549909383
BAD 201577965949
BAD 201577966003
BAD 201471052339
BAD 201510319547
BAD 201550022057
BAD 201550043603
BAD 201550043609
BAD 201550043633
BAD 201550080409
BAD 201550080421
BAD 201491795959
BAD 201491795963
BAD 201569646151
BAD 201471202847
BAD 201396387263
BAD 201498881099
BAD 201510704693
BAD 201396505549
BAD 201396505553
BAD 201396639827
BAD 201492627541
BAD 201500257381
BAD 201578762291
BAD 201551092543
BAD 201396639833
BAD 201578762293
BAD 201570550963
BAD 201551092549
BAD 201510887203
BAD 201435600413
BAD 201539294543
BAD 201510887209
BAD 201539294549
BAD 201471620153
BAD 201539373361
BAD 201435703213
BAD 201578908259
BAD 201578908261
BAD 201570698239
BAD 201570698243
BAD 201570698311
BAD 201511198411
BAD 201511198433
BAD 201551439431
BAD 201579100913
BAD 201492952877
BAD 201492952879
BAD 201492952891
BAD 201472082569
BAD 201472082573
BAD 201413244481
BAD 201551813767
BAD 201436384091
BAD 201540179059
BAD 201551853289
BAD 201579479389
BAD 201397575193
BAD 201472338037
BAD 201472338043
BAD 201413441161
BAD 201512131883
BAD 201571428533
BAD 201571428547
BAD 201540619613
BAD 201540619633
BAD 201571561057
BAD 201571561063
BAD 201501396539
BAD 201501396541
BAD 201571721101
BAD 201579770003
BAD 201437115161
BAD 201413716843
BAD 201413769173
BAD 201437242439
BAD 201571973209
BAD 201571973221
BAD 201398062583
BAD 201579974293
BAD 201579974329
BAD 201438404737
BAD 201542085691
BAD 201415736903
BAD 201552801733
BAD 201438404747
BAD 201572278939
BAD 201579974359
BAD 201513037189
BAD 201400285531
BAD 201438404749
BAD 201579974363
BAD 201542085721
BAD 201513037199
BAD 201552801763
BAD 201542085727
BAD 201572278981
BAD 201572279003
BAD 201473342251
BAD 201580170283
BAD 201580170287
BAD 201580170289
BAD 201572541571
BAD 201553175143
BAD 201553175233
BAD 201501891853
BAD 201501891859
BAD 201501891863
BAD 201553228579
BAD 201553268537
BAD 201501954733
BAD 201542323117
BAD 201417032387
BAD 201581214511
BAD 201513634507
BAD 201553636313
BAD 201473841823
BAD 201572751727
BAD 201439013081
BAD 201417032389
BAD 201553683997
BAD 201553684001
BAD 201553684009
BAD 201553684021
BAD 201401283961
BAD 201581258429
BAD 201513735407
BAD 201473959801
BAD 201473959807
BAD 201542474689
BAD 201542474701
BAD 201417137707
BAD 201553878319
BAD 201401493281
BAD 201514090321
BAD 201554254921
BAD 201474471169
BAD 201554368471
BAD 201573307583
BAD 201514283263
BAD 201554755793
BAD 201443306899
BAD 201573539911
BAD 201554755799
BAD 201443306903
BAD 201502842253
BAD 201582144787
BAD 201582144793
BAD 201440031503
BAD 201554937653
BAD 201554937679
BAD 201573752293
BAD 201573752309
BAD 201440478191
BAD 201440478193
BAD 201440478199
BAD 201555320143
BAD 201574312201
BAD 201582492547
BAD 201440668951
BAD 201444275173
BAD 201515679559
BAD 201444275177
BAD 201515679569
BAD 201515679571
BAD 201515679577
BAD 201515679623
BAD 201444347161
BAD 201582610409
BAD 201418516829
BAD 201503460091
BAD 201403539691
BAD 201475252763
BAD 201503863511
BAD 201556119001
BAD 201441172033
BAD 201503863513
BAD 201444642863
BAD 201503863549
BAD 201516168901
BAD 201575163421
BAD 201444642869
BAD 201575163431
BAD 201575171597
BAD 201575171599
BAD 201441221077
BAD 201575333951
BAD 201475421533
BAD 201583945373
BAD 201556377863
BAD 201556377877
BAD 201575412053
BAD 201556377881
BAD 201556377887
BAD 201556377889
BAD 201444918247
BAD 201444918251
BAD 201444918253
BAD 201445082779
BAD 201445082791
BAD 201445083467
BAD 201445083473
BAD 201420349777
BAD 201556793843
BAD 201475789399
BAD 201584203291
BAD 201575942801
BAD 201584203297
BAD 201516619361
BAD 201575942803
BAD 201475789549
BAD 201420365609
BAD 201420365611
BAD 201442049629
BAD 201445159973
BAD 201404116843
BAD 201516856643
BAD 201404195359
BAD 201476120011
BAD 201517049641
BAD 201576351989
BAD 201517557173
BAD 201517557179
BAD 201517557181
BAD 201517557193
BAD 201446033429
BAD 201446033431
BAD 201585187697
BAD 201517713611
BAD 201517713613
BAD 201517713833
BAD 201517713841
BAD 201421562071
BAD 201576741077
BAD 201404625353
BAD 201576741083
BAD 201576819799
BAD 201576819803
BAD 201576893543
BAD 201505698593
BAD 201585913363
BAD 201505957531
BAD 201422372341
BAD 201559194937
BAD 201422389387
BAD 201559229659
BAD 201559329007
BAD 201506357491
BAD 201422575663
BAD 201586464529
BAD 201586642357
BAD 201586642363
BAD 201422881171
BAD 201506629309
BAD 201423034381
BAD 201559924217
BAD 201518850583
BAD 201518850587
BAD 201587005033
BAD 201506863253
BAD 201506863267
BAD 201506912059
BAD 201560177003
BAD 201447724943
BAD 201447751889
BAD 201447751891
BAD 201587421131
BAD 201587421143
BAD 201587421199
BAD 201587461441
BAD 201405875543
BAD 201423801127
BAD 201424000343
BAD 201424311097
BAD 201424405097
BAD 201424405099
BAD 201424405103
BAD 201424405109
BAD 201424405111
BAD 201448314049
BAD 201507605371
BAD 201588409471
BAD 201448430041
BAD 201448430047
BAD 201588791609
BAD 201588962303
BAD 201508065287
BAD 201508065289
BAD 201508065307
BAD 201508065337
BAD 201589113359
BAD 201589113361
BAD 201508133951
BAD 201448902661
BAD 201425278361
BAD 201425278363
BAD 201425278367
BAD 201589167259
BAD 201448992673
BAD 201449132063
BAD 201449175337
BAD 201449277901
BAD 201449277907
BAD 201589782503
BAD 201425827489
BAD 201508893983
BAD 201508893991
BAD 201590409863
BAD 201590603089
BAD 201590693723
BAD 201509295157
BAD 201408206851
BAD 201509366257
BAD 201408261673
BAD 201509439503
BAD 201408466673
BAD 201408466681
BAD 201591387497
BAD 201591387499
BAD 201509759467
BAD 201591863483
BAD 201523130119
BAD 201592224233
BAD 201592224247
BAD 201592224259
BAD 201592433773
BAD 201592742657
BAD 201592742671
BAD 201592872323
BAD 201523849487
BAD 201451440217
BAD 201593219213
BAD 201593219221
BAD 201451640659
BAD 201593486333
BAD 201451899457
BAD 201451899463
BAD 201452435033
BAD 201525242717
BAD 201525242719
BAD 201452795749
BAD 201525421961
BAD 201525839003
BAD 201453330751
BAD 201453330781
BAD 201454403881
BAD 201454403893
BAD 201455644813
BAD 201456309473
BAD 201456309503
BAD 201456309541
BAD 201456309547
BAD 201456309553
BAD 201456463969
BAD 201611535907
BAD 201611535913
BAD 201611950921
BAD 201613189039
BAD 201613746073
BAD 201615578939
BAD 201615628243
BAD 201615732053
BAD 201615828853
BAD 201616863541
BAD 201617355031
BAD 201617362913
BAD 201619435421
BAD 201621089419
BAD 201621420493
BAD 201621420499
BAD 201621530581
BAD 201621776179
BAD 201622159283
BAD 201622493783
BAD 201622493789
BAD 201622493791
BAD 201622493797
BAD 201622710721
BAD 201622710727
BAD 201622710733
BAD 201622710829
BAD 201623547583
BAD 201623547589
BAD 201623725621
BAD 201624627931
BAD 201625417093
BAD 201625417099
BAD 201625417111
BAD 201625509653
BAD 201626092489
BAD 201626266531
BAD 201626343209
BAD 201626343211
BAD 201626913643
BAD 201627186227
BAD 201644517049
BAD 201644565827
BAD 201644565841
BAD 201644923247
BAD 201644923253
BAD 201644923261
BAD 201627436243
BAD 201627436247
BAD 201627467039
BAD 201645468863
BAD 201645535477
BAD 201645535493
BAD 201627710701
BAD 201627710723
BAD 201628060757
BAD 201628060759
BAD 201645983353
BAD 201646006171
BAD 201647312173
BAD 201647589469
BAD 201647656043
BAD 201647656057
BAD 201647656061
BAD 201647656073
BAD 201647656081
BAD 201648088013
BAD 201648595483
BAD 201649100603
BAD 201629089037
BAD 201661093871
BAD 201661232923
BAD 201661232933
BAD 201630488629
BAD 201630640369
BAD 201630640669
BAD 201661866829
BAD 201631109401
BAD 201631109473
BAD 201662251313
BAD 201662640259
BAD 201631987709
BAD 201632043241
BAD 201633035479
BAD 201633250153
BAD 201664239901
BAD 201665067691
BAD 201634723757
BAD 201665537477
BAD 201635689669
BAD 201636075073
BAD 201636075139
BAD 201636075143
BAD 201666395851
BAD 201666395857
BAD 201666395891
BAD 201666395893
BAD 201666395897
BAD 201666395899
BAD 201666403979
BAD 201666541273
BAD 201666541277
BAD 201666541283
BAD 201636429833
BAD 201636429859
BAD 201636646051
BAD 201667783489
BAD 201667988701
BAD 201637805437
BAD 201668094373
BAD 201637865333
BAD 201668191133
BAD 201638101919
BAD 201638101921
BAD 201638306743
BAD 201638380219
BAD 201638625361
BAD 201649895311
BAD 201650443321
BAD 201669506267
BAD 201639796139
BAD 201640240519
BAD 201670059601
BAD 201670059607
BAD 201640541033
BAD 201640541041
BAD 201640541059
BAD 201640541077
BAD 201651080089
BAD 201651080093
BAD 201640760359
BAD 201640854323
BAD 201670667221
BAD 201670667227
BAD 201671427961
BAD 201671447741
BAD 201671447743
BAD 201641810479
BAD 201671658961
BAD 201652178401
BAD 201642885739
BAD 201642899347
BAD 201642899351
BAD 201672460579
BAD 201672460607
BAD 201672460609
BAD 201672460621
BAD 201652801393
BAD 201673236263
BAD 201673535123
BAD 201673535131
BAD 201673535137
BAD 201673901903
BAD 201673991161
BAD 201674511289
BAD 201674945209
BAD 201675022613
BAD 201675177757
BAD 201676285183
BAD 201677407447
BAD 201653336333
BAD 201654339503
BAD 201654579631
BAD 201654938377
BAD 201654938431
BAD 201694731089
BAD 201656459041
BAD 201656578817
BAD 201656578819
BAD 201695260237
BAD 201695260279
BAD 201695327027
BAD 201695504867
BAD 201695504869
BAD 201695504873
BAD 201695678423
BAD 201695678453
BAD 201695684173
BAD 201695852341
BAD 201657387881
BAD 201696216133
BAD 201696247013
BAD 201657968693
BAD 201658476673
BAD 201678043393
BAD 201678043403
BAD 201658836713
BAD 201678861367
BAD 201678861389
BAD 201678861401
BAD 201698294353
BAD 201698294359
BAD 201698626651
BAD 201698626673
BAD 201679789823
BAD 201698778451
BAD 201679915783
BAD 201679939033
BAD 201679939037
BAD 201679939039
BAD 201679939073
BAD 201679939079
BAD 201679939081
BAD 201660441677
BAD 201660441679
BAD 201680291051
BAD 201680291053
BAD 201699272273
BAD 201711508109
BAD 201699401173
BAD 201699428977
BAD 201699465589
BAD 201711875093
BAD 201711875147
BAD 201681446543
BAD 201700371503
BAD 201701132849
BAD 201701132851
BAD 201682494809
BAD 201683210893
BAD 201714367847
BAD 201683262199
BAD 201714821423
BAD 201683947363
BAD 201683947369
BAD 201683947373
BAD 201702525917
BAD 201702525919
BAD 201715102753
BAD 201702735643
BAD 201703328087
BAD 201703328089
BAD 201703328093
BAD 201703387819
BAD 201685980163
BAD 201703723541
BAD 201703810201
BAD 201717258803
BAD 201704110063
BAD 201717542707
BAD 201686611939
BAD 201717542711
BAD 201704112949
BAD 201704721233
BAD 201718554281
BAD 201718554283
BAD 201687384383
BAD 201704943233
BAD 201718957553
BAD 201705199763
BAD 201719255677
BAD 201688174951
BAD 201719631031
BAD 201719631049
BAD 201705888541
BAD 201705888563
BAD 201706131457
BAD 201688885007
BAD 201688885009
BAD 201688901521
BAD 201720864733
BAD 201720864749
BAD 201689361001
BAD 201721209139
BAD 201689603993
BAD 201722065553
BAD 201722471017
BAD 201690641791
BAD 201723106523
BAD 201708081373
BAD 201691122013
BAD 201723165563
BAD 201708600871
BAD 201723448117
BAD 201723448291
BAD 201723970267
BAD 201723970271
BAD 201724683781
BAD 201724992577
BAD 201725010871
BAD 201710343271
BAD 201710443939
BAD 201710443943
BAD 201725389673
BAD 201694431649
BAD 201726812869
BAD 201726812873
BAD 201726812897
BAD 201726812899
BAD 201727219129
BAD 201727219147
BAD 201727412581
BAD 201727412591
BAD 201727554143
BAD 201727681097
BAD 201729498727
BAD 201729646673
BAD 201729999649
BAD 201730222163
BAD 201730222181
BAD 201730597711
BAD 201731919289
BAD 201731919293
BAD 201732005543
BAD 201733942513
BAD 201734053757
BAD 201734561269
BAD 201735235631
BAD 201735235633
BAD 201735550349
BAD 201735550351
BAD 201736034453
BAD 201736185439
BAD 201736342523
BAD 201736342583
BAD 201745495849
BAD 201745712153
BAD 201745712159
BAD 201746374943
BAD 201746691037
BAD 201747138589
BAD 201749422913
BAD 201749553233
BAD 201736661617
BAD 201736661629
BAD 201736661639
BAD 201736661641
BAD 201736661647
BAD 201736835903
BAD 201750116753
BAD 201750116851
BAD 201751094423
BAD 201751094437
BAD 201751094443
BAD 201738091351
BAD 201738107111
BAD 201751216921
BAD 201751450297
BAD 201751530181
BAD 201751837979
BAD 201751837981
BAD 201752406049
BAD 201752406077
BAD 201752406083
BAD 201739051627
BAD 201752893273
BAD 201752926189
BAD 201752934059
BAD 201739343387
BAD 201739343389
BAD 201753128419
BAD 201753336443
BAD 201739730629
BAD 201739730771
BAD 201739877099
BAD 201740042783
BAD 201740042789
BAD 201740071891
BAD 201741551677
BAD 201741551681
BAD 201741695063
BAD 201741973831
BAD 201742044841
BAD 201742044877
BAD 201742044883
BAD 201742182023
BAD 201742376239
BAD 201743660903
BAD 201743877451
BAD 201744318973
BAD 201754623443
BAD 201754631059
BAD 201756055693
BAD 201756755933
BAD 201757598533
BAD 201757598543
BAD 201757867141
BAD 201758353403
BAD 201758767393
BAD 201758939029
BAD 201758939033
BAD 201759219359
BAD 201759506551
BAD 201759686683
BAD 201760853243
BAD 201761268773
BAD 201930838541
BAD 201931855067
BAD 201931856393
BAD 201931856473
BAD 201931856479
BAD 201931856611
BAD 201931856617
BAD 201932012701
BAD 201932012707
BAD 201932012731
BAD 201932746289
BAD 201932746291
BAD 201795542989
BAD 201934468343
BAD 201796089457
BAD 201796089503
BAD 201796127413
BAD 201934922251
BAD 201935038229
BAD 201935038231
BAD 201935129849
BAD 201796850161
BAD 201935393293
BAD 201796929083
BAD 201935429929
BAD 201797053607
BAD 201797336161
BAD 201797426959
BAD 201799694927
BAD 201800164133
BAD 201800164141
BAD 201800164219
BAD 201800164229
BAD 201801074491
BAD 201936392039
BAD 201801431093
BAD 201801682193
BAD 201801861203
BAD 201937046137
BAD 201802728319
BAD 201802728329
BAD 201802728331
BAD 201938311727
BAD 201938689681
BAD 201938854157
BAD 201939184661
BAD 201803340863
BAD 201803366299
BAD 201803382271
BAD 201939689929
BAD 201939821879
BAD 201940737433
BAD 201940737437
BAD 201940737443
BAD 201804431071
BAD 201913040767
BAD 201913040839
BAD 201913040843
BAD 201913144621
BAD 201913144627
BAD 201941430293
BAD 201913544419
BAD 201914177303
BAD 201942827791
BAD 201942827797
BAD 201914856001
BAD 201943619693
BAD 201943690639
BAD 201915606479
BAD 201915606481
BAD 201944088623
BAD 201915850471
BAD 201916075763
BAD 201963152569
BAD 201963152581
BAD 201945192409
BAD 201945192413
BAD 201945192419
BAD 201945192431
BAD 201945374473
BAD 201963787523
BAD 201916730161
BAD 201762287227
BAD 201762287239
BAD 201946073123
BAD 201964467647
BAD 201804798407
BAD 201804798409
BAD 201804798413
BAD 201917634007
BAD 201917634013
BAD 201917634019
BAD 201805369669
BAD 201805369673
BAD 201763328101
BAD 201965615963
BAD 201965615981
BAD 201965615983
BAD 201965703061
BAD 201763456067
BAD 201763583809
BAD 201763583843
BAD 201763583849
BAD 201763583851
BAD 201966714457
BAD 201966714479
BAD 201918074471
BAD 201918074473
BAD 201764986783
BAD 201765092761
BAD 201918898309
BAD 201807513709
BAD 201967693223
BAD 201807716519
BAD 201807716521
BAD 201967762333
BAD 201967861603
BAD 201807889529
BAD 201968039639
BAD 201996807679
BAD 201968216543
BAD 201968216557
BAD 201765872003
BAD 201765872057
BAD 201968781263
BAD 201809186119
BAD 201920294999
BAD 201779151503
BAD 201779151527
BAD 201779152441
BAD 201809255191
BAD 201920430799
BAD 201779251243
BAD 201920586347
BAD 201920586349
BAD 201920586353
BAD 201920747747
BAD 201969161299
BAD 201920767651
BAD 201969269483
BAD 201809617777
BAD 201809617781
BAD 201809617783
BAD 201921112999
BAD 201779665193
BAD 201779665211
BAD 201779665237
BAD 201809809099
BAD 201896004697
BAD 201779804209
BAD 201809966131
BAD 201896246627
BAD 201810371363
BAD 201810371369
BAD 201970211021
BAD 201780501229
BAD 201922012283
BAD 201780632569
BAD 201767255017
BAD 201780682031
BAD 201922228831
BAD 201922229209
BAD 201767332673
BAD 201767332687
BAD 201780757823
BAD 201922351333
BAD 201970508653
BAD 201970508657
BAD 201970508659
BAD 201970508683
BAD 201898562963
BAD 201898562989
BAD 201845770583
BAD 201811380497
BAD 201971140463
BAD 201781845163
BAD 201781845173
BAD 201812476493
BAD 201971292223
BAD 201971292227
BAD 201782026603
BAD 201923400871
BAD 201846713401
BAD 201846713407
BAD 201813308471
BAD 201899645897
BAD 201924026393
BAD 201971500909
BAD 201997098031
BAD 201783068749
BAD 201769098373
BAD 201997114643
BAD 201899730973
BAD 201846841019
BAD 201769273477
BAD 201769273483
BAD 201769273487
BAD 201813705329
BAD 201813761299
BAD 201924350281
BAD 201783677959
BAD 201783979457
BAD 201998553503
BAD 201998553509
BAD 201784629773
BAD 201784629793
BAD 201979943177
BAD 201900553133
BAD 201814761949
BAD 201814761959
BAD 201814761961
BAD 201814857119
BAD 201814857121
BAD 201770014139
BAD 201770014141
BAD 201785444543
BAD 201814921969
BAD 201811874137
BAD 201981128981
BAD 201972913663
BAD 201925909291
BAD 202001555269
BAD 201900761077
BAD 202001555281
BAD 201900761081
BAD 201900761089
BAD 201814962707
BAD 201814962709
BAD 202001636497
BAD 201981625733
BAD 201973201799
BAD 201926060851
BAD 201973230871
BAD 201815583859
BAD 201981952441
BAD 201982093913
BAD 201982093919
BAD 201982093921
BAD 201901739731
BAD 201982126223
BAD 201901763143
BAD 201901763149
BAD 201926499241
BAD 201902062597
BAD 202002996887
BAD 201926948563
BAD 201973682279
BAD 201926948567
BAD 201786150499
BAD 201983558551
BAD 201926948569
BAD 201816544801
BAD 201902727473
BAD 201848102387
BAD 201902886077
BAD 201848403623
BAD 201786520009
BAD 201786567029
BAD 201786591049
BAD 202003273441
BAD 202003320983
BAD 201903276529
BAD 201816859019
BAD 201816859021
BAD 201816859117
BAD 202003523903
BAD 201817011593
BAD 201817011619
BAD 201817011899
BAD 201817011923
BAD 201927545047
BAD 201787239811
BAD 201903844381
BAD 201946729913
BAD 201946729951
BAD 201879573691
BAD 201904147373
BAD 201985825073
BAD 201975686557
BAD 201787871293
BAD 201818011099
BAD 201771160951
BAD 201928045351
BAD 201849930713
BAD 201985825123
BAD 201787871297
BAD 201787871303
BAD 201787871323
BAD 201787875301
BAD 201787875307
BAD 201904248037
BAD 201985938083
BAD 201904268789
BAD 201975913303
BAD 201986056381
BAD 201788111869
BAD 201788111873
BAD 201788111881
BAD 201879881479
BAD 201771500431
BAD 201879953189
BAD 201928438193
BAD 201904559071
BAD 201947078551
BAD 201947078563
BAD 201986524031
BAD 201904948891
BAD 201818710609
BAD 201771721001
BAD 201850446047
BAD 201880397171
BAD 201864073967
BAD 201976574299
BAD 201947078581
BAD 201788814211
BAD 201771783571
BAD 201976643489
BAD 201928632047
BAD 201928632049
BAD 201928632053
BAD 201976711231
BAD 201976711297
BAD 201976711309
BAD 201976711331
BAD 201976711333
BAD 201905280413
BAD 201864486899
BAD 201772219031
BAD 201850969777
BAD 201850969787
BAD 201819250177
BAD 201772403737
BAD 202004676827
BAD 202004676829
BAD 201772650733
BAD 201880795099
BAD 202005024677
BAD 202005024679
BAD 201881119093
BAD 201881119163
BAD 201881119169
BAD 201881119171
BAD 201772967567
BAD 201789897739
BAD 201820148423
BAD 201789916267
BAD 201789916327
BAD 201773026201
BAD 201881201843
BAD 201820312339
BAD 201906702667
BAD 201790200631
BAD 201948319933
BAD 201906794603
BAD 202005916537
BAD 202005916543
BAD 202005916547
BAD 202005916549
BAD 201852535121
BAD 201988713413
BAD 201820815043
BAD 201820815047
BAD 201773656681
BAD 201773656687
BAD 201790475759
BAD 201853818083
BAD 201830061457
BAD 202006141889
BAD 201989136919
BAD 201866101403
BAD 201790475771
BAD 201830061463
BAD 201821306389
BAD 201907248877
BAD 201790475773
BAD 201776608711
BAD 201853818091
BAD 201830061481
BAD 202006141891
BAD 201830061487
BAD 201830061491
BAD 201989161789
BAD 201989161793
BAD 201989161799
BAD 201821369833
BAD 201978777089
BAD 201790561681
BAD 201882767717
BAD 201989515051
BAD 201821709017
BAD 201821719507
BAD 201821719511
BAD 201821719513
BAD 201777057331
BAD 201907737217
BAD 201866594519
BAD 201821959529
BAD 201854478323
BAD 201830609161
BAD 201821959531
BAD 201989722433
BAD 201948761269
BAD 201866594521
BAD 201989722471
BAD 201777785371
BAD 201989722523
BAD 201979142149
BAD 201883043081
BAD 201883043083
BAD 201777881359
BAD 201854576641
BAD 201777949147
BAD 201989962477
BAD 201822217433
BAD 201778084493
BAD 201990146719
BAD 201990146723
BAD 201831105361
BAD 201883397377
BAD 201883397381
BAD 201883397383
BAD 201883397389
BAD 201883397393
BAD 201883397399
BAD 201778265209
BAD 201908476481
BAD 201822790789
BAD 201908550901
BAD 201822907541
BAD 201822907543
BAD 201822907553
BAD 202007229583
BAD 201883860271
BAD 201908691563
BAD 201883949093
BAD 201792472171
BAD 201792472177
BAD 201950069359
BAD 201823430593
BAD 201823433621
BAD 201823433627
BAD 201884284181
BAD 201884284183
BAD 201884284187
BAD 201950379391
BAD 201792850121
BAD 201867743657
BAD 201867743659
BAD 201867743663
BAD 201867743677
BAD 201991733689
BAD 201991733743
BAD 201991733753
BAD 201884566171
BAD 201884566181
BAD 201867859801
BAD 201832649581
BAD 201991906351
BAD 201884883313
BAD 201867865021
BAD 201856126501
BAD 201909954629
BAD 201824902291
BAD 201824902303
BAD 201910253483
BAD 201856493099
BAD 201856493101
BAD 201825013309
BAD 201856530773
BAD 201833218003
BAD 201833218057
BAD 201833218087
BAD 201951382553
BAD 201951382559
BAD 201868526183
BAD 201885691279
BAD 201825400717
BAD 201910666897
BAD 201868712173
BAD 201868712179
BAD 201885878353
BAD 201951657379
BAD 201885899003
BAD 201825717053
BAD 201951759353
BAD 201825949943
BAD 201993797521
BAD 201857141267
BAD 201994345039
BAD 201994345043
BAD 201911620333
BAD 201911620357
BAD 201834425503
BAD 201834425509
BAD 201994499599
BAD 201911724293
BAD 201857616097
BAD 201869779159
BAD 201834629377
BAD 201834629383
BAD 201857759903
BAD 201870102571
BAD 202010600951
BAD 202010600963
BAD 201953457007
BAD 201953457011
BAD 201858109643
BAD 201827227583
BAD 201912466573
BAD 201827553311
BAD 201858598243
BAD 201954168469
BAD 201858656509
BAD 201858656513
BAD 201858656543
BAD 201858656563
BAD 201996329603
BAD 202011273557
BAD 201858656569
BAD 201996329723
BAD 202011273559
BAD 201996329729
BAD 201870965341
BAD 201870965347
BAD 201828530461
BAD 201871157407
BAD 201871157503
BAD 202011633647
BAD 201955111081
BAD 201871435127
BAD 201871435133
BAD 201871479031
BAD 201859376573
BAD 201836938879
BAD 201836938883
BAD 201836938889
BAD 201859484077
BAD 201859484089
BAD 201859484093
BAD 202012326953
BAD 201890258267
BAD 201837249479
BAD 201837249499
BAD 201890454721
BAD 201872057423
BAD 201956583419
BAD 201872281531
BAD 201837663679
BAD 201956583421
BAD 201872281543
BAD 202012730389
BAD 201837663683
BAD 201956596201
BAD 201956596217
BAD 201956613713
BAD 202012793539
BAD 201891209263
BAD 201891209269
BAD 201891776257
BAD 201957361777
BAD 201957361783
BAD 201957361831
BAD 201860482567
BAD 201860482573
BAD 201860482609
BAD 201891888353
BAD 202013252941
BAD 201957570739
BAD 201957570743
BAD 201957586849
BAD 201838867177
BAD 201838950479
BAD 201838950487
BAD 201957977113
BAD 201957977129
BAD 201957977131
BAD 201860876081
BAD 201860876083
BAD 201957984763
BAD 201958176229
BAD 201958190491
BAD 201861350087
BAD 201840372347
BAD 201840372361
BAD 201893849851
BAD 201959217077
BAD 201959217079
BAD 201840970103
BAD 201840970129
BAD 201840970171
BAD 201841219969
BAD 201841219973
BAD 201841219981
BAD 201841242619
BAD 201959889499
BAD 201862243823
BAD 201960198289
BAD 201960586913
BAD 201875046679
BAD 201960798527
BAD 201842487493
BAD 201875939833
BAD 201962331721
BAD 201877173811
BAD 201877173829
BAD 201877173833
BAD 201844882823
BAD 201877322851
BAD 201877322893
BAD 201877455523
BAD 201877455529
BAD 201877897621
BAD 202014282539
BAD 202014282541
BAD 201878317411
BAD 202014580133
BAD 202014606061
BAD 202014822439
BAD 202014971953
BAD 202015158161
BAD 202015179781
BAD 202015180069
BAD 202015215247
BAD 202015623437
BAD 202016640367
BAD 202017095263
BAD 202017270491
BAD 202017270493
BAD 202018102633
BAD 202018102639
BAD 202018203949
BAD 202018203953
BAD 202018885609
BAD 202019520203
BAD 202019910427
BAD 202020119963
BAD 202020444443
BAD 202020625493
BAD 202020893611
BAD 202020893617
BAD 202021077809
BAD 202021089913
BAD 202021089923
BAD 202021785827
BAD 202021785829
BAD 202021785857
BAD 202021785859
BAD 202021785863
BAD 202022273191
BAD 202022978513
BAD 202022978519
BAD 202023831967
BAD 202023831973
BAD 202023831983
BAD 202024210643
BAD 202024455419
BAD 202025840017
BAD 202026156473
BAD 202026612773
BAD 202026616249
BAD 202027014121
BAD 202027833109
BAD 202027846807
BAD 202027893737
BAD 202028088463
BAD 202028088467
BAD 202028325077
BAD 202029084487
BAD 202029217781
BAD 202029217783
BAD 202029217787
BAD 202029613367
BAD 202029613369
BAD 202029712309
BAD 202049672689
BAD 202049672723
BAD 202049884471
BAD 202050169381
BAD 202051374467
BAD 202053007957
BAD 202053952129
BAD 202054283033
BAD 202054283177
BAD 202054283191
BAD 202054385977
BAD 202054546021
BAD 202054546039
BAD 202054991093
BAD 202055328919
BAD 202057700851
BAD 202058235271
BAD 202058235277
BAD 202059152297
BAD 202059997039
BAD 202060809833
BAD 202098234697
BAD 202098234703
BAD 202098234707
BAD 202098234713
BAD 202098234739
BAD 202098615493
BAD 202098848579
BAD 202098962677
BAD 202098962701
BAD 202061619989
BAD 202062475649
BAD 202062475651
BAD 202032289279
BAD 202032289289
BAD 202032289337
BAD 202032289351
BAD 202100310343
BAD 202032453533
BAD 202063059817
BAD 202063059907
BAD 202063059917
BAD 202033206773
BAD 202101203047
BAD 202064364283
BAD 202064364323
BAD 202101245011
BAD 202064432303
BAD 202064438791
BAD 202101484763
BAD 202064733053
BAD 202064733061
BAD 202064733067
BAD 202101805091
BAD 202064733103
BAD 202102411549
BAD 202065540883
BAD 202065541609
BAD 202065784397
BAD 202065784399
BAD 202065784411
BAD 202065917329
BAD 202103443583
BAD 202066150523
BAD 202103614529
BAD 202066234621
BAD 202066234631
BAD 202066548433
BAD 202066548457
BAD 202066648859
BAD 202104852463
BAD 202034178727
BAD 202105373653
BAD 202105444823
BAD 202067810807
BAD 202067810809
BAD 202067814317
BAD 202105821893
BAD 202068320491
BAD 202068320501
BAD 202068323893
BAD 202068323929
BAD 202035305939
BAD 202107034277
BAD 202035305947
BAD 202035646369
BAD 202035646381
BAD 202107786211
BAD 202036472179
BAD 202036472191
BAD 202036503511
BAD 202036503523
BAD 202036915313
BAD 202037267303
BAD 202109347243
BAD 202109347247
BAD 202068906383
BAD 202068906397
BAD 202068906401
BAD 202069389983
BAD 202110630223
BAD 202110631873
BAD 202110720769
BAD 202111120727
BAD 202111233301
BAD 202070833403
BAD 202072536961
BAD 202072723849
BAD 202113709849
BAD 202038112651
BAD 202038112657
BAD 202038381607
BAD 202038381613
BAD 202038760849
BAD 202038760853
BAD 202038760877
BAD 202038760879
BAD 202073914187
BAD 202073914193
BAD 202074131867
BAD 202074513463
BAD 202040055257
BAD 202040055263
BAD 202040055293
BAD 202075475761
BAD 202075475779
BAD 202041029557
BAD 202042040183
BAD 202042209113
BAD 202042354081
BAD 202042818709
BAD 202043162569
BAD 202043567059
BAD 202043913541
BAD 202044243523
BAD 202044243529
BAD 202044368993
BAD 202044369001
BAD 202044927871
BAD 202044927883
BAD 202044927893
BAD 202045040017
BAD 202045587157
BAD 202076490827
BAD 202045587167
BAD 202076490829
BAD 202045587169
BAD 202045587173
BAD 202046149633
BAD 202077200551
BAD 202077813913
BAD 202077813919
BAD 202046697709
BAD 202077990833
BAD 202078548209
BAD 202079178809
BAD 202079705407
BAD 202080122137
BAD 202080218177
BAD 202080696241
BAD 202081933853
BAD 202082243749
BAD 202082243761
BAD 202083465349
BAD 202083554227
BAD 202083976013
BAD 202085269343
BAD 202085269349
BAD 202085799533
BAD 202086090727
BAD 202086885953
BAD 202087816621
BAD 202088624629
BAD 202088640893
BAD 202088752531
BAD 202088801323
BAD 202090045253
BAD 202092586951
BAD 202092772853
BAD 202092849293
BAD 202114791397
BAD 202114791401
BAD 202114791433
BAD 202093446197
BAD 202114946333
BAD 202114946359
BAD 202093711153
BAD 202115398291
BAD 202094065861
BAD 202095145207
BAD 202095447097
BAD 202117842323
BAD 202117981847
BAD 202117981853
BAD 202096189171
BAD 202096389241
BAD 202118414237
BAD 202118423239
BAD 202096571059
BAD 202096571063
BAD 202096571069
BAD 202096571071
BAD 202096571077
BAD 202119285967
BAD 202119363827
BAD 202121065747
BAD 202121065753
BAD 202121087039
BAD 202121087041
BAD 202121092577
BAD 202121092609
BAD 202121855729
BAD 202122059563
BAD 202122419909
BAD 202122472463
BAD 202122472469
BAD 202122472493
BAD 202122649343
BAD 202122936049
BAD 202122936053
BAD 202122936061
BAD 202122990479
BAD 202122990481
BAD 202123202321
BAD 202124003219
BAD 202125328313
BAD 202125603541
BAD 202125603593
BAD 202126207193
BAD 202126207201
BAD 202126207207
BAD 202126207313
BAD 202126886887
BAD 202126886893
BAD 202127120287
BAD 202127785049
BAD 202127785051
BAD 202127785073
BAD 202127908523
BAD 202128596927
BAD 202128634973
BAD 202128805777
BAD 202128843263
BAD 202128934261
BAD 202128934283
BAD 202129726303
BAD 202129892603
BAD 202129892639
BAD 202131545479
BAD 202132335659
BAD 202132777397
BAD 202132777403
BAD 202132777411
BAD 202132986833
BAD 202133292983
BAD 202134084367
BAD 202134132737
BAD 202134132743
BAD 202134376399
BAD 202134376403
BAD 202134376421
BAD 202134769913
BAD 202134835823
BAD 202134866183
BAD 202135124671
BAD 202135228859
BAD 202135228861
BAD 202135228871
BAD 202148110573
BAD 202148200789
BAD 202136207407
BAD 202136242523
BAD 202149706489
BAD 202137274819
BAD 202138223303
BAD 202138223347
BAD 202138223389
BAD 202138223423
BAD 202151078713
BAD 202151078719
BAD 202138863211
BAD 202139073443
BAD 202139073449
BAD 202151818441
BAD 202139338463
BAD 202139532239
BAD 202139532241
BAD 202152132913
BAD 202139748493
BAD 202152328897
BAD 202152328901
BAD 202152369271
BAD 202152369283
BAD 202152369401
BAD 202152369413
BAD 202152369449
BAD 202152369451
BAD 202152369457
BAD 202153852171
BAD 202154061871
BAD 202154706739
BAD 202155056731
BAD 202155380149
BAD 202156697011
BAD 202157531101
BAD 202157563793
BAD 202140214313
BAD 202140644119
BAD 202140644137
BAD 202141839203
BAD 202141839253
BAD 202142124463
BAD 202143875779
BAD 202143875809
BAD 202144348853
BAD 202144348873
BAD 202145009477
BAD 202158177191
BAD 202158194341
BAD 202158194389
BAD 202158282133
BAD 202158282143
BAD 202159050493
BAD 202146290089
BAD 202159683421
BAD 202159705963
BAD 202160143831
BAD 202146633439
BAD 202160661733
BAD 202160661757
BAD 202160661763
BAD 202147349587
BAD 202147412903
BAD 202161178523
BAD 202161243883
BAD 202161816187
BAD 202161917431
BAD 202162657819
BAD 202163433601
BAD 202400182603
BAD 202400182627
BAD 202400182639
BAD 202400445173
BAD 202400445187
BAD 202400445193
BAD 202400445199
BAD 202400715173
BAD 202400715269
BAD 202400715271
BAD 202402004477
BAD 202402004479
BAD 202402045561
BAD 202402271809
BAD 202402271821
BAD 202403705993
BAD 202403706023
BAD 202404220133
BAD 202404262877
BAD 202405257113
BAD 202405257121
BAD 202405398469
BAD 202405398473
BAD 202405398511
BAD 202417061941
BAD 202417309519
BAD 202417309529
BAD 202417478911
BAD 202417478917
BAD 202417508663
BAD 202417672427
BAD 202417732009
BAD 202417732039
BAD 202418327603
BAD 202418327609
BAD 202418327611
BAD 202332807379
BAD 202419046097
BAD 202419214667
BAD 202419214687
BAD 202420234799
BAD 202420234801
BAD 202334957887
BAD 202420594067
BAD 202420594069
BAD 202335315839
BAD 202335315841
BAD 202335315901
BAD 202335315913
BAD 202335577127
BAD 202335869299
BAD 202406614261
BAD 202336345459
BAD 202336462441
BAD 202406951251
BAD 202336592057
BAD 202421873767
BAD 202421873779
BAD 202421873783
BAD 202181388139
BAD 202407180259
BAD 202181740597
BAD 202407427619
BAD 202407687679
BAD 202407687683
BAD 202182216277
BAD 202182216281
BAD 202337586601
BAD 202408269919
BAD 202182663077
BAD 202182750331
BAD 202423372051
BAD 202183122833
BAD 202408658677
BAD 202423541113
BAD 202338634627
BAD 202183613389
BAD 202338634633
BAD 202409255809
BAD 202338785371
BAD 202423837523
BAD 202423837531
BAD 202184393419
BAD 202410034891
BAD 202424119759
BAD 202424119763
BAD 202410608471
BAD 202410608473
BAD 202424762941
BAD 202339967029
BAD 202425247621
BAD 202425280807
BAD 202185516251
BAD 202186028983
BAD 202426382713
BAD 202426631711
BAD 202426683401
BAD 202341869701
BAD 202341869713
BAD 202410959263
BAD 202411156111
BAD 202187704099
BAD 202411769473
BAD 202343269213
BAD 202188644327
BAD 202413229919
BAD 202428566689
BAD 202428566693
BAD 202428566701
BAD 202413452797
BAD 202429055617
BAD 202429055707
BAD 202413616277
BAD 202413616369
BAD 202413930493
BAD 202189316057
BAD 202189807307
BAD 202429818013
BAD 202429818023
BAD 202414935157
BAD 202430012929
BAD 202430183881
BAD 202430183897
BAD 202430183899
BAD 202430183903
BAD 202430183911
BAD 202430183927
BAD 202415813153
BAD 202415873629
BAD 202415873633
BAD 202343530201
BAD 202430515303
BAD 202191328909
BAD 202191328919
BAD 202191328921
BAD 202345769401
BAD 202382846693
BAD 202191328973
BAD 202430881591
BAD 202383213233
BAD 202191934829
BAD 202191934831
BAD 202383512873
BAD 202164481903
BAD 202431206293
BAD 202431315607
BAD 202192555517
BAD 202192555519
BAD 202431640633
BAD 202431640643
BAD 202165483873
BAD 202383821779
BAD 202383821821
BAD 202193461859
BAD 202193461963
BAD 202193461979
BAD 202193465473
BAD 202383954103
BAD 202384369573
BAD 202167639859
BAD 202346052907
BAD 202346052911
BAD 202346052919
BAD 202384830383
BAD 202385180407
BAD 202347183503
BAD 202385584189
BAD 202386592427
BAD 202195901239
BAD 202196092223
BAD 202167990601
BAD 202167990721
BAD 202167990727
BAD 202196471177
BAD 202196471179
BAD 202196623081
BAD 202168733867
BAD 202168943359
BAD 202169028091
BAD 202169028121
BAD 202169028133
BAD 202169343059
BAD 202169343073
BAD 202169381311
BAD 202169381671
BAD 202169381683
BAD 202169381717
BAD 202169381719
BAD 202169381723
BAD 202197603833
BAD 202197603863
BAD 202171841749
BAD 202171955941
BAD 202171955963
BAD 202172014039
BAD 202387835989
BAD 202388193151
BAD 202388193169
BAD 202388841563
BAD 202389130597
BAD 202389812567
BAD 202173141571
BAD 202173339569
BAD 202391116933
BAD 202174776179
BAD 202391772139
BAD 202174796009
BAD 202174796011
BAD 202215778691
BAD 202215778693
BAD 202215778711
BAD 202392288361
BAD 202392571429
BAD 202365653653
BAD 202365653723
BAD 202365653731
BAD 202392878431
BAD 202216336321
BAD 202366029647
BAD 202366029653
BAD 202216996627
BAD 202366309153
BAD 202366309157
BAD 202366390159
BAD 202394540483
BAD 202366936729
BAD 202217778481
BAD 202298505323
BAD 202298701573
BAD 202367210873
BAD 202298863007
BAD 202298863009
BAD 202394965219
BAD 202218193831
BAD 202218203569
BAD 202218203573
BAD 202299372127
BAD 202299372131
BAD 202299372133
BAD 202299390833
BAD 202395390853
BAD 202299447773
BAD 202299447797
BAD 202299447811
BAD 202367964817
BAD 202177212583
BAD 202368044677
BAD 202368044687
BAD 202368044689
BAD 202177307083
BAD 202177307089
BAD 202177307093
BAD 202177307099
BAD 202368270073
BAD 202395837593
BAD 202218819379
BAD 202369002751
BAD 202265135927
BAD 202300311923
BAD 202395914509
BAD 202265135929
BAD 202300311937
BAD 202300311949
BAD 202177934323
BAD 202395983723
BAD 202395983759
BAD 202395983771
BAD 202395983773
BAD 202218960817
BAD 202219363433
BAD 202369439401
BAD 202178226473
BAD 202178226487
BAD 202219577159
BAD 202265873627
BAD 202300728997
BAD 202300736039
BAD 202266082441
BAD 202266082457
BAD 202266082463
BAD 202266082493
BAD 202266082517
BAD 202266082519
BAD 202178505079
BAD 202178505083
BAD 202396838141
BAD 202248311207
BAD 202302597271
BAD 202396838143
BAD 202220440813
BAD 202302597283
BAD 202233376489
BAD 202302597293
BAD 202178984797
BAD 202220440819
BAD 202233376493
BAD 202266701431
BAD 202370340563
BAD 202370401091
BAD 202248450563
BAD 202248450571
BAD 202248450601
BAD 202248450623
BAD 202370546951
BAD 202370546953
BAD 202220711633
BAD 202282026281
BAD 202282026283
BAD 202282026311
BAD 202282026313
BAD 202233866831
BAD 202233866843
BAD 202267176847
BAD 202267176851
BAD 202233927331
BAD 202221069473
BAD 202282460629
BAD 202249306283
BAD 202249306297
BAD 202249306313
BAD 202249449187
BAD 202249449229
BAD 202234412101
BAD 202234438397
BAD 202234438403
BAD 202234438411
BAD 202234438423
BAD 202249560917
BAD 202370975581
BAD 202282818481
BAD 202249626619
BAD 202267560139
BAD 202234580321
BAD 202234580333
BAD 202303285031
BAD 202303285033
BAD 202316393141
BAD 202221719363
BAD 202397946901
BAD 202316590423
BAD 202316590519
BAD 202371234619
BAD 202316696759
BAD 202316696761
BAD 202316696773
BAD 202303705579
BAD 202284031759
BAD 202268212849
BAD 202372340719
BAD 202250816239
BAD 202317534773
BAD 202235593019
BAD 202222128413
BAD 202250956889
BAD 202250956891
BAD 202268319139
BAD 202251006953
BAD 202251128713
BAD 202372732043
BAD 202180171993
BAD 202318132417
BAD 202251559487
BAD 202251559493
BAD 202222970177
BAD 202222970179
BAD 202180530373
BAD 202251816709
BAD 202373431837
BAD 202318421257
BAD 202373560759
BAD 202318634789
BAD 202398664739
BAD 202398664747
BAD 202398670459
BAD 202236418973
BAD 202223335297
BAD 202269059081
BAD 202304665351
BAD 202319019391
BAD 202319019403
BAD 202304769883
BAD 202319198621
BAD 202223624237
BAD 202223624243
BAD 202223684317
BAD 202319553031
BAD 202253144167
BAD 202253144173
BAD 202224179263
BAD 202320188393
BAD 202374830783
BAD 202320291871
BAD 202269859333
BAD 202286776903
BAD 202237515967
BAD 202237671973
BAD 202305907633
BAD 202254236339
BAD 202254236341
BAD 202254236363
BAD 202270078651
BAD 202320784411
BAD 202320791723
BAD 202238113277
BAD 202238113279
BAD 202238113283
BAD 202270344037
BAD 202270344041
BAD 202270344043
BAD 202321378747
BAD 202321407361
BAD 202321410037
BAD 202321495741
BAD 202287785159
BAD 202238945653
BAD 202270781569
BAD 202287905489
BAD 202239262189
BAD 202198252819
BAD 202198252831
BAD 202198252843
BAD 202198252847
BAD 202198252849
BAD 202198252853
BAD 202255735921
BAD 202239487453
BAD 202322169811
BAD 202271067763
BAD 202271067767
BAD 202226338403
BAD 202322338723
BAD 202322338741
BAD 202308035953
BAD 202256017703
BAD 202271268743
BAD 202271268757
BAD 202308258751
BAD 202288556749
BAD 202257159893
BAD 202199093791
BAD 202377276239
BAD 202239925319
BAD 202271268761
BAD 202271268763
BAD 202199157847
BAD 202308380353
BAD 202240186339
BAD 202199449219
BAD 202322926049
BAD 202322926051
BAD 202240428673
BAD 202240428679
BAD 202240437913
BAD 202289071157
BAD 202289071729
BAD 202226664889
BAD 202289253763
BAD 202308665179
BAD 202240832093
BAD 202240898747
BAD 202240898749
BAD 202226902573
BAD 202226902583
BAD 202289576131
BAD 202289624077
BAD 202323374333
BAD 202323374347
BAD 202200423353
BAD 202323374401
BAD 202310072033
BAD 202241525383
BAD 202227338581
BAD 202271580989
BAD 202290392683
BAD 202258229029
BAD 202290469951
BAD 202200609659
BAD 202200609661
BAD 202323647447
BAD 202323647453
BAD 202323758561
BAD 202323758563
BAD 202242207499
BAD 202323897043
BAD 202242248041
BAD 202258429523
BAD 202258429531
BAD 202378941293
BAD 202310527151
BAD 202242612353
BAD 202272724039
BAD 202242702073
BAD 202324345261
BAD 202379541677
BAD 202243032883
BAD 202243032899
BAD 202324660793
BAD 202259288479
BAD 202324660807
BAD 202291654753
BAD 202325105371
BAD 202325105377
BAD 202259794939
BAD 202259794943
BAD 202259794963
BAD 202259794969
BAD 202380469699
BAD 202380469703
BAD 202202417903
BAD 202202461051
BAD 202202461057
BAD 202260038753
BAD 202325516251
BAD 202325516257
BAD 202202585183
BAD 202202585191
BAD 202202585203
BAD 202325598499
BAD 202381046149
BAD 202260347767
BAD 202260347777
BAD 202202851267
BAD 202202851283
BAD 202312296889
BAD 202326280721
BAD 202203010279
BAD 202292903023
BAD 202326759359
BAD 202244127301
BAD 202261155367
BAD 202203387961
BAD 202274391773
BAD 202326759361
BAD 202326759373
BAD 202326759379
BAD 202274391793
BAD 202228738279
BAD 202326768751
BAD 202326768841
BAD 202326945589
BAD 202261328947
BAD 202261328953
BAD 202261328959
BAD 202203650029
BAD 202244549209
BAD 202293381571
BAD 202244644507
BAD 202327367329
BAD 202204082089
BAD 202204082099
BAD 202327616389
BAD 202261996973
BAD 202204199009
BAD 202229384359
BAD 202229384393
BAD 202245307729
BAD 202245307783
BAD 202229437231
BAD 202204680493
BAD 202229443399
BAD 202294356571
BAD 202229462027
BAD 202275843923
BAD 202245721361
BAD 202205026223
BAD 202229707177
BAD 202229796383
BAD 202262882573
BAD 202262903539
BAD 202262903543
BAD 202328966779
BAD 202314860653
BAD 202295126477
BAD 202205553443
BAD 202295213951
BAD 202315005689
BAD 202315005691
BAD 202246461409
BAD 202246461413
BAD 202246461433
BAD 202205734277
BAD 202205734279
BAD 202263163187
BAD 202263163189
BAD 202276977841
BAD 202246813081
BAD 202263326207
BAD 202329793349
BAD 202277460293
BAD 202230144763
BAD 202206102361
BAD 202263348019
BAD 202230144769
BAD 202296123109
BAD 202247407039
BAD 202277635111
BAD 202277635117
BAD 202296238691
BAD 202296238693
BAD 202296238709
BAD 202296238717
BAD 202296279769
BAD 202330115641
BAD 202263623719
BAD 202351078099
BAD 202351078141
BAD 202351078157
BAD 202351078159
BAD 202330334837
BAD 202330334839
BAD 202296592369
BAD 202206753299
BAD 202206791177
BAD 202230840457
BAD 202230840473
BAD 202206848477
BAD 202263918169
BAD 202207007251
BAD 202278376939
BAD 202278376999
BAD 202331225407
BAD 202331225419
BAD 202207296353
BAD 202207296359
BAD 202278851659
BAD 202207590353
BAD 202352006783
BAD 202331749391
BAD 202264783153
BAD 202279499837
BAD 202208112859
BAD 202279769851
BAD 202208349613
BAD 202209022663
BAD 202210161859
BAD 202355015041
BAD 202355015047
BAD 202355015053
BAD 202355015063
BAD 202355015113
BAD 202355244739
BAD 202355244743
BAD 202355469191
BAD 202355469193
BAD 202355469203
BAD 202355469233
BAD 202433500069
BAD 202211778547
BAD 202433788741
BAD 202433911621
BAD 202212401207
BAD 202434076769
BAD 202434076771
BAD 202434076781
BAD 202212690893
BAD 202213003579
BAD 202434601307
BAD 202434601309
BAD 202434681751
BAD 202434712561
BAD 202434724189
BAD 202357380259
BAD 202214159269
BAD 202214159311
BAD 202357913167
BAD 202357956173
BAD 202357956197
BAD 202435907981
BAD 202435907983
BAD 202435936523
BAD 202358467499
BAD 202358467501
BAD 202437024173
BAD 202437605933
BAD 202437982367
BAD 202437982379
BAD 202437982381
BAD 202360540477
BAD 202438068061
BAD 202438568287
BAD 202438568303
BAD 202438821649
BAD 202361521697
BAD 202361521699
BAD 202438854743
BAD 202439503439
BAD 202362405319
BAD 202439655403
BAD 202362956617
BAD 202439964263
BAD 202440011929
BAD 202363428997
BAD 202363617739
BAD 202364189249
BAD 202364324027
BAD 202440895057
BAD 202364620919
BAD 202364620921
BAD 202364768609
BAD 202441719983
BAD 202441720051
BAD 202441748389
BAD 202441748393
BAD 202441805393
BAD 202442090909
BAD 202442502631
BAD 202442734691
BAD 202442734693
BAD 202442910511
BAD 202442981183
BAD 202443500033
BAD 202443500041
BAD 202450221079
BAD 202450331431
BAD 202450331437
BAD 202450331597
BAD 202450331599
BAD 202450709893
BAD 202451082319
BAD 202451082329
BAD 202451082331
BAD 202451801479
BAD 202446243211
BAD 202452261901
BAD 202446569561
BAD 202452741653
BAD 202452791251
BAD 202452791263
BAD 202452835381
BAD 202453095113
BAD 202447020107
BAD 202447189687
BAD 202453522619
BAD 202454010469
BAD 202454036047
BAD 202454178467
BAD 202454435773
BAD 202454647277
BAD 202448194703
BAD 202454647279
BAD 202455154171
BAD 202455604289
BAD 202455604291
BAD 202455604297
BAD 202456247377
BAD 202457707063
BAD 202457707073
BAD 202457715013
BAD 202458314719
BAD 202458314731
BAD 202458770413
BAD 202458840109
BAD 202459015879
BAD 202459142891
BAD 202459895383
BAD 202460350759
BAD 202461158789
BAD 202461158791
BAD 202461262721
BAD 202462240531
BAD 202462278383
BAD 202462278401
BAD 202462278451
BAD 202462278547
BAD 202462278553
BAD 202463989393
BAD 202464278789
BAD 202464278791
BAD 202465080203
BAD 202465156639
BAD 202465156643
BAD 202465156651
BAD 202465156661
BAD 202465454467
BAD 202466160989
BAD 202466160991
BAD 202500283109
BAD 202501814239
BAD 202503070747
BAD 202503070753
BAD 202503318403
BAD 202504017679
BAD 202505891821
BAD 202505891831
BAD 202505891869
BAD 202505891873
BAD 202506939293
BAD 202516748563
BAD 202507604993
BAD 202517150971
BAD 202517150993
BAD 202517700311
BAD 202517700313
BAD 202508511727
BAD 202508511743
BAD 202509141143
BAD 202509141151
BAD 202519109731
BAD 202519944511
BAD 202520171003
BAD 202520171041
BAD 202510963463
BAD 202510963481
BAD 202510963483
BAD 202520510477
BAD 202511679239
BAD 202511679241
BAD 202466774311
BAD 202512226549
BAD 202522220401
BAD 202522220437
BAD 202467150973
BAD 202512873419
BAD 202512873421
BAD 202467640189
BAD 202467771797
BAD 202513328267
BAD 202513328273
BAD 202513328447
BAD 202513328449
BAD 202513673821
BAD 202513673827
BAD 202469055517
BAD 202469055521
BAD 202469055533
BAD 202514168513
BAD 202514168551
BAD 202523683423
BAD 202523804809
BAD 202523804851
BAD 202514573033
BAD 202514573047
BAD 202514573057
BAD 202514626073
BAD 202524093859
BAD 202524109813
BAD 202524109819
BAD 202514950307
BAD 202515029419
BAD 202516022479
BAD 202516022483
BAD 202525246171
BAD 202470480103
BAD 202470480109
BAD 202516237003
BAD 202516237013
BAD 202516322497
BAD 202471202377
BAD 202525850959
BAD 202526308279
BAD 202472125781
BAD 202472125783
BAD 202526767463
BAD 202527286333
BAD 202472712137
BAD 202472992349
BAD 202472992373
BAD 202527689479
BAD 202528690099
BAD 202474417009
BAD 202474427063
BAD 202529478091
BAD 202529478167
BAD 202529478169
BAD 202529478187
BAD 202529478191
BAD 202529755723
BAD 202474699517
BAD 202474699519
BAD 202474699523
BAD 202475049037
BAD 202475049041
BAD 202475128943
BAD 202531309087
BAD 202531532663
BAD 202475874443
BAD 202476124093
BAD 202476124099
BAD 202476124111
BAD 202532175491
BAD 202476470551
BAD 202476650183
BAD 202476701579
BAD 202477804099
BAD 202479411163
BAD 202480221259
BAD 202480983743
BAD 202481022083
BAD 202481238671
BAD 202481238679
BAD 202481433229
BAD 202481433233
BAD 202482022607
BAD 202482022609
BAD 202482023521
BAD 202482328231
BAD 202483209569
BAD 202483209571
BAD 202483230283
BAD 202483577623
BAD 202483979983
BAD 202484327203
BAD 202484584571
BAD 202484584573
BAD 202485604999
BAD 202487365303
BAD 202487383543
BAD 202487383561
BAD 202487462183
BAD 202490071219
BAD 202490280533
BAD 202492657711
BAD 202492657729
BAD 202492657733
BAD 202493147029
BAD 202493306707
BAD 202493748019
BAD 202494863507
BAD 202496129389
BAD 202496315683
BAD 202497093061
BAD 202497326821
BAD 202497453449
BAD 202497453451
BAD 202497607867
BAD 202497734479
BAD 202498231591
BAD 202498542413
BAD 202499211701
BAD 202499211703
BAD 202499254939
BAD 202551220609
BAD 202553231627
BAD 202553667499
BAD 202553691257
BAD 202554144109
BAD 202555076497
BAD 202556010781
BAD 202556766679
BAD 202557043999
BAD 202557044003
BAD 202557044009
BAD 202557503513
BAD 202557503521
BAD 202533997553
BAD 202534337443
BAD 202534573301
BAD 202534573303
BAD 202557882067
BAD 202557882083
BAD 202557882089
BAD 202559501693
BAD 202535926367
BAD 202560481351
BAD 202561159069
BAD 202561376099
BAD 202561376123
BAD 202562578879
BAD 202563084301
BAD 202563634817
BAD 202564115113
BAD 202564115119
BAD 202564119533
BAD 202564257331
BAD 202564344427
BAD 202565831423
BAD 202565831453
BAD 202565924947
BAD 202566094037
BAD 202566094039
BAD 202566094043
BAD 202566346471
BAD 202566346523
BAD 202537043911
BAD 202537854263
BAD 202537930831
BAD 202538157013
BAD 202538200103
BAD 202538736347
BAD 202538736373
BAD 202538736377
BAD 202538736383
BAD 202538787617
BAD 202538844647
BAD 202538844649
BAD 202538844653
BAD 202539798589
BAD 202539907957
BAD 202540507951
BAD 202540507957
BAD 202540608679
BAD 202540845323
BAD 202540901839
BAD 202541400553
BAD 202542103853
BAD 202542103859
BAD 202542288983
BAD 202542599723
BAD 202542599737
BAD 202544056973
BAD 202544715313
BAD 202544715319
BAD 202545151583
BAD 202545151591
BAD 202545151621
BAD 202547391269
BAD 202547391271
BAD 202547605373
BAD 202549828387
BAD 202549855597
BAD 202549865159
BAD 202567344613
BAD 202567969433
BAD 202567969441
BAD 202568329643
BAD 202568329669
BAD 202568329673
BAD 202568364059
BAD 202569404467
BAD 202569687941
BAD 202570050691
BAD 202571413711
BAD 202571552683
BAD 202571552693
BAD 202571924473
BAD 202571924483
BAD 202572550157
BAD 202572686699
BAD 202601470417
BAD 202572873319
BAD 202572873353
BAD 202572873361
BAD 202573974247
BAD 202603492519
BAD 202574935117
BAD 202603965469
BAD 202604111893
BAD 202604196073
BAD 202604867797
BAD 202605392839
BAD 202617510013
BAD 202617682921
BAD 202617682951
BAD 202606081763
BAD 202606327247
BAD 202606327249
BAD 202606447867
BAD 202607354569
BAD 202607485499
BAD 202607879737
BAD 202619785889
BAD 202619785891
BAD 202620098299
BAD 202620098323
BAD 202576949489
BAD 202620560851
BAD 202620560873
BAD 202620876323
BAD 202621359643
BAD 202578180227
BAD 202578180229
BAD 202621731287
BAD 202621731289
BAD 202578940547
BAD 202623435653
BAD 202623635843
BAD 202623635849
BAD 202623665221
BAD 202623711139
BAD 202580342989
BAD 202624938599
BAD 202624938601
BAD 202625361919
BAD 202625361923
BAD 202625361931
BAD 202625361947
BAD 202581421921
BAD 202582203377
BAD 202582203379
BAD 202626044743
BAD 202626578597
BAD 202582832731
BAD 202626848219
BAD 202583250589
BAD 202627513607
BAD 202627513609
BAD 202627870271
BAD 202627870273
BAD 202628003359
BAD 202628342731
BAD 202609906691
BAD 202609944781
BAD 202610290903
BAD 202628629309
BAD 202628694823
BAD 202628694833
BAD 202610601769
BAD 202629360029
BAD 202629360061
BAD 202610941069
BAD 202629360083
BAD 202629718751
BAD 202611824281
BAD 202630047589
BAD 202611982673
BAD 202612099441
BAD 202612271647
BAD 202612271671
BAD 202612490851
BAD 202612811419
BAD 202612811431
BAD 202631094019
BAD 202613434433
BAD 202613434447
BAD 202631703797
BAD 202631703803
BAD 202631703811
BAD 202613866607
BAD 202614203279
BAD 202614203287
BAD 202614203291
BAD 202632375871
BAD 202632632177
BAD 202632632179
BAD 202632632197
BAD 202632632203
BAD 202632632207
BAD 202632632231
BAD 202684503299
BAD 202684503337
BAD 202632928669
BAD 202684789583
BAD 202633336369
BAD 202685101427
BAD 202685101429
BAD 202685101433
BAD 202685367011
BAD 202685367013
BAD 202614406669
BAD 202614882073
BAD 202686014081
BAD 202615047863
BAD 202615603819
BAD 202615931003
BAD 202687938121
BAD 202616523079
BAD 202688582429
BAD 202688582431
BAD 202734934291
BAD 202616961817
BAD 202735075399
BAD 202617071417
BAD 202735304147
BAD 202689142853
BAD 202689945433
BAD 202689945463
BAD 202835674999
BAD 202736412233
BAD 202690174891
BAD 202835818043
BAD 202835818103
BAD 202835818109
BAD 202835818111
BAD 202835820883
BAD 202835834431
BAD 202835834437
BAD 202836134203
BAD 202737286127
BAD 202737295861
BAD 202691303519
BAD 202691303561
BAD 202737505699
BAD 202737505723
BAD 202691556511
BAD 202737757613
BAD 202737757619
BAD 202692345151
BAD 202692428441
BAD 202738532687
BAD 202837594793
BAD 202738532693
BAD 202837598993
BAD 202692833089
BAD 202838210699
BAD 202739304751
BAD 202839307739
BAD 202839335921
BAD 202839471743
BAD 202693971049
BAD 202740956057
BAD 202852462723
BAD 202852462727
BAD 202839829477
BAD 202839829613
BAD 202839852331
BAD 202852639991
BAD 202852639993
BAD 202853053363
BAD 202741647653
BAD 202741647659
BAD 202741691653
BAD 202853549473
BAD 202853549477
BAD 202741981753
BAD 202841091151
BAD 202853688383
BAD 202853829929
BAD 202742220937
BAD 202742285183
BAD 202695085069
BAD 202695085079
BAD 202695085081
BAD 202854318497
BAD 202695351941
BAD 202854608717
BAD 202854696901
BAD 202854950003
BAD 202743278783
BAD 202743278831
BAD 202743278833
BAD 202696336133
BAD 202696368143
BAD 202696368169
BAD 202743481819
BAD 202743481823
BAD 202855422139
BAD 202696495453
BAD 202696495501
BAD 202744016477
BAD 202744016479
BAD 202744016483
BAD 202744016491
BAD 202855942213
BAD 202843317913
BAD 202856195713
BAD 202744359317
BAD 202744359319
BAD 202843697153
BAD 202744547023
BAD 202844131129
BAD 202857479291
BAD 202634037427
BAD 202634037433
BAD 202857504767
BAD 202857504769
BAD 202844769433
BAD 202845069913
BAD 202845069923
BAD 202745926223
BAD 202698934751
BAD 202846524667
BAD 202634918303
BAD 202858411627
BAD 202858411649
BAD 202858528511
BAD 202858528519
BAD 202699178959
BAD 202699178971
BAD 202635218843
BAD 202635278243
BAD 202847083303
BAD 202859233613
BAD 202699784957
BAD 202847411941
BAD 202847411953
BAD 202847411957
BAD 202847411959
BAD 202635828749
BAD 202635828751
BAD 202635828757
BAD 202847763451
BAD 202847763457
BAD 202847763473
BAD 202847891513
BAD 202636177043
BAD 202636310977
BAD 202860055393
BAD 202860172583
BAD 202860181453
BAD 202636609223
BAD 202700963407
BAD 202746260839
BAD 202861071509
BAD 202746392753
BAD 202636870231
BAD 202746725879
BAD 202746725903
BAD 202637015131
BAD 202637015137
BAD 202637058829
BAD 202746982283
BAD 202861994147
BAD 202861994149
BAD 202637423083
BAD 202848321829
BAD 202747708853
BAD 202848658471
BAD 202863246283
BAD 202863472927
BAD 202638472681
BAD 202849593917
BAD 202849611967
BAD 202849880809
BAD 202849880813
BAD 202849880819
BAD 202849913543
BAD 202849913549
BAD 202750651253
BAD 202850224957
BAD 202850224961
BAD 202864837639
BAD 202850224963
BAD 202751127503
BAD 202639871743
BAD 202639871747
BAD 202640730511
BAD 202865703841
BAD 202865774003
BAD 202640912423
BAD 202865916259
BAD 202865916263
BAD 202865916269
BAD 202865916271
BAD 202642178749
BAD 202867684651
BAD 202642647133
BAD 202642897159
BAD 202643618003
BAD 202643618011
BAD 202644069127
BAD 202644435403
BAD 202644906757
BAD 202644988417
BAD 202645339531
BAD 202645716319
BAD 202645784659
BAD 202646232233
BAD 202646540093
BAD 202646727067
BAD 202646804761
BAD 202647066337
BAD 202647070363
BAD 202649991343
BAD 202650396049
BAD 202718543329
BAD 202719066169
BAD 202719519313
BAD 202719526111
BAD 202719641569
BAD 202719724573
BAD 202720518463
BAD 202720619089
BAD 202720619093
BAD 202720619099
BAD 202720630991
BAD 202720630999
BAD 202720917169
BAD 202819104619
BAD 202722196477
BAD 202722196493
BAD 202722476753
BAD 202722570931
BAD 202722570937
BAD 202820042839
BAD 202723239289
BAD 202583830507
BAD 202584042673
BAD 202584042677
BAD 202584042679
BAD 202584042719
BAD 202802147299
BAD 202821896779
BAD 202584042721
BAD 202724384129
BAD 202652516881
BAD 202724384131
BAD 202667934221
BAD 202652516971
BAD 202667934223
BAD 202724407553
BAD 202821952793
BAD 202652610029
BAD 202652610031
BAD 202802269393
BAD 202802269399
BAD 202802503303
BAD 202802503307
BAD 202725019859
BAD 202668613373
BAD 202725093587
BAD 202725093589
BAD 202668663031
BAD 202653245827
BAD 202653465013
BAD 202725791839
BAD 202823557253
BAD 202725883831
BAD 202669418269
BAD 202585044301
BAD 202669418293
BAD 202585122163
BAD 202653542503
BAD 202803146801
BAD 202803146803
BAD 202803322177
BAD 202824152107
BAD 202670067647
BAD 202670067683
BAD 202653971893
BAD 202653971903
BAD 202653971953
BAD 202653971959
BAD 202670270549
BAD 202670317777
BAD 202654244291
BAD 202785570083
BAD 202825127719
BAD 202785708637
BAD 202785708641
BAD 202670696113
BAD 202670696119
BAD 202785752557
BAD 202785752657
BAD 202825278517
BAD 202804016749
BAD 202804016771
BAD 202804016773
BAD 202804016777
BAD 202804016783
BAD 202785817259
BAD 202654899791
BAD 202727583659
BAD 202785817261
BAD 202804520593
BAD 202826904781
BAD 202586550511
BAD 202654899793
BAD 202768276267
BAD 202902786353
BAD 202727583661
BAD 202785817291
BAD 202671068009
BAD 202785817301
BAD 202671068011
BAD 202671068029
BAD 202655023343
BAD 202655042437
BAD 202655042441
BAD 202655042449
BAD 202586797423
BAD 202727931061
BAD 202786282201
BAD 202728253459
BAD 202768713187
BAD 202903208687
BAD 202903208689
BAD 202728321233
BAD 202786558987
BAD 202786616597
BAD 202786616611
BAD 202827836489
BAD 202587500771
BAD 202827904099
BAD 202827904109
BAD 202827904141
BAD 202728675469
BAD 202728675473
BAD 202672281739
BAD 202805747693
BAD 202656154871
BAD 202656154873
BAD 202701539123
BAD 202672560289
BAD 202786951667
BAD 202786951669
BAD 202806089149
BAD 202806089153
BAD 202806123287
BAD 202806123293
BAD 202806123301
BAD 202806123307
BAD 202806123323
BAD 202904286503
BAD 202904286509
BAD 202769673383
BAD 202806260953
BAD 202806260957
BAD 202656651139
BAD 202769758309
BAD 202769758313
BAD 202904543797
BAD 202770115573
BAD 202829097281
BAD 202673074237
BAD 202589074529
BAD 202753558069
BAD 202806488791
BAD 202829097301
BAD 202787327531
BAD 202729746581
BAD 202829097313
BAD 202656812689
BAD 202729746589
BAD 202656812693
BAD 202673089537
BAD 202673089543
BAD 202673268859
BAD 202787641289
BAD 202730210173
BAD 202770613189
BAD 202589578253
BAD 202589578267
BAD 202589578291
BAD 202657342343
BAD 202754179087
BAD 202589780311
BAD 202589780347
BAD 202589780357
BAD 202754284879
BAD 202673785619
BAD 202673785621
BAD 202589894671
BAD 202771041859
BAD 202657611323
BAD 202702547713
BAD 202730550251
BAD 202829734813
BAD 202673785627
BAD 202754362193
BAD 202808030813
BAD 202788070489
BAD 202754362201
BAD 202808030827
BAD 202788070501
BAD 202788107209
BAD 202829992283
BAD 202830035839
BAD 202830035887
BAD 202673972881
BAD 202673972887
BAD 202673972903
BAD 202673972909
BAD 202673972911
BAD 202702874377
BAD 202702874393
BAD 202830194393
BAD 202830194401
BAD 202830227063
BAD 202754867311
BAD 202771632073
BAD 202703141203
BAD 202905316223
BAD 202591407883
BAD 202731190411
BAD 202658941039
BAD 202771842913
BAD 202830572143
BAD 202756287653
BAD 202810177421
BAD 202703141233
BAD 202790301139
BAD 202905316231
BAD 202756287661
BAD 202658941057
BAD 202756322941
BAD 202830621379
BAD 202591485443
BAD 202771949719
BAD 202830722077
BAD 202810437901
BAD 202756614821
BAD 202731570593
BAD 202731570607
BAD 202790721467
BAD 202905782269
BAD 202905782273
BAD 202831016959
BAD 202831016963
BAD 202790834329
BAD 202772439383
BAD 202772466607
BAD 202831806953
BAD 202592073163
BAD 202732662289
BAD 202772466613
BAD 202659780943
BAD 202772466649
BAD 202791011827
BAD 202811599321
BAD 202757158459
BAD 202675337243
BAD 202906078103
BAD 202757158463
BAD 202811599327
BAD 202675337261
BAD 202675337273
BAD 202831851589
BAD 202811712601
BAD 202757301541
BAD 202832001629
BAD 202791283861
BAD 202592358019
BAD 202811891143
BAD 202811891147
BAD 202660115023
BAD 202869791063
BAD 202869871513
BAD 202869871517
BAD 202869871543
BAD 202869871549
BAD 202869871553
BAD 202733314709
BAD 202812166541
BAD 202733314711
BAD 202592589679
BAD 202757754943
BAD 202791549853
BAD 202660448213
BAD 202660448219
BAD 202660448227
BAD 202660448231
BAD 202660448233
BAD 202812230989
BAD 202660982989
BAD 202792051381
BAD 202870374859
BAD 202792076881
BAD 202870438703
BAD 202676847649
BAD 202676875717
BAD 202661208331
BAD 202792408943
BAD 202792430131
BAD 202734417451
BAD 202833407219
BAD 202833407221
BAD 202833420661
BAD 202661692487
BAD 202661692489
BAD 202813510267
BAD 202813510283
BAD 202774150307
BAD 202908224723
BAD 202703676953
BAD 202813510297
BAD 202661913689
BAD 202774150309
BAD 202661913691
BAD 202703728169
BAD 202774255729
BAD 202677925679
BAD 202677925687
BAD 202774532431
BAD 202774532503
BAD 202908745471
BAD 202908745477
BAD 202908760793
BAD 202678383653
BAD 202871704403
BAD 202871704433
BAD 202759717429
BAD 202759717439
BAD 202759717441
BAD 202759725629
BAD 202759725631
BAD 202814121749
BAD 202814121751
BAD 202814230631
BAD 202814230639
BAD 202814230643
BAD 202834356559
BAD 202814511337
BAD 202663083593
BAD 202596922387
BAD 202760145353
BAD 202596922393
BAD 202794684811
BAD 202775561861
BAD 202760145361
BAD 202678760329
BAD 202909305463
BAD 202872125959
BAD 202794684817
BAD 202704757279
BAD 202760200739
BAD 202775618861
BAD 202909424983
BAD 202909424987
BAD 202909424989
BAD 202909521721
BAD 202678961887
BAD 202597204099
BAD 202814907539
BAD 202760568761
BAD 202760568763
BAD 202760630873
BAD 202909842001
BAD 202760653951
BAD 202760653957
BAD 202795058689
BAD 202663678687
BAD 202597527641
BAD 202760822171
BAD 202663678691
BAD 202597527721
BAD 202597527731
BAD 202776483997
BAD 202776484003
BAD 202795363549
BAD 202910299073
BAD 202705536511
BAD 202761063629
BAD 202795581511
BAD 202705722319
BAD 202815835567
BAD 202776908003
BAD 202761395843
BAD 202664267753
BAD 202776989957
BAD 202679989181
BAD 202706219761
BAD 202706219767
BAD 202680171739
BAD 202816412599
BAD 202761971611
BAD 202816499471
BAD 202796380991
BAD 202796380993
BAD 202762253623
BAD 202598984671
BAD 202874130061
BAD 202762631573
BAD 202777103339
BAD 202665264811
BAD 202777103341
BAD 202911962269
BAD 202911970931
BAD 202706621333
BAD 202777208209
BAD 202599520457
BAD 202817456273
BAD 202817592331
BAD 202665712673
BAD 202665712681
BAD 202599721637
BAD 202777576891
BAD 202777617967
BAD 202874460799
BAD 202874483419
BAD 202874483423
BAD 202599921151
BAD 202797442339
BAD 202600011127
BAD 202707273697
BAD 202797490901
BAD 202666074917
BAD 202912770173
BAD 202707420991
BAD 202681267031
BAD 202681267051
BAD 202681267057
BAD 202681267073
BAD 202763624359
BAD 202666224757
BAD 202666310947
BAD 202666310981
BAD 202666310983
BAD 202778542273
BAD 202666469311
BAD 202763869057
BAD 202764012131
BAD 202764012133
BAD 202764012203
BAD 202764012211
BAD 202875062911
BAD 202875070319
BAD 202681871723
BAD 202779020963
BAD 202764214283
BAD 202764270229
BAD 202798768111
BAD 202779088333
BAD 202667093663
BAD 202798860499
BAD 202764382393
BAD 202708608721
BAD 202708608727
BAD 202682157599
BAD 202779248827
BAD 202708708009
BAD 202667361383
BAD 202708812269
BAD 202779566189
BAD 202765008379
BAD 202682413603
BAD 202779566191
BAD 202914817003
BAD 202799244773
BAD 202876288793
BAD 202682417701
BAD 202682469713
BAD 202779627781
BAD 202765161143
BAD 202765161149
BAD 202779739823
BAD 202779806071
BAD 202709115563
BAD 202709115569
BAD 202709115571
BAD 202780465021
BAD 202800382283
BAD 202709914573
BAD 202800759929
BAD 202801005961
BAD 202766468329
BAD 202684116001
BAD 202710408773
BAD 202916880997
BAD 202916881003
BAD 202710748417
BAD 202781504707
BAD 202781504711
BAD 202877689681
BAD 202781504713
BAD 202917543643
BAD 202918087303
BAD 202711724297
BAD 202782251929
BAD 202782276563
BAD 202782425603
BAD 202782654469
BAD 202919005073
BAD 202919023529
BAD 202782888967
BAD 202782908693
BAD 202782908707
BAD 202712823749
BAD 202712823751
BAD 202712823773
BAD 202783101463
BAD 202712942791
BAD 202783284563
BAD 202713061819
BAD 202713061891
BAD 202713321509
BAD 202713321511
BAD 202879087399
BAD 202879087403
BAD 202783988879
BAD 202783988881
BAD 202784072867
BAD 202714065097
BAD 202784631241
BAD 202784631263
BAD 202785011227
BAD 202785011257
BAD 202880119943
BAD 202714635091
BAD 202880267753
BAD 202715856047
BAD 202885916963
BAD 202885916971
BAD 202885916993
BAD 202885982183
BAD 202886078569
BAD 202886141863
BAD 202716640927
BAD 202886300521
BAD 202886776987
BAD 202886776993
BAD 202886777003
BAD 202886971633
BAD 202887401677
BAD 202887401711
BAD 202887401713
BAD 202887401723
BAD 202882100987
BAD 202882100989
BAD 202882101001
BAD 202882101013
BAD 202887871163
BAD 202887898957
BAD 202882482547
BAD 202882482559
BAD 202888113653
BAD 202889142569
BAD 202889142571
BAD 202889495399
BAD 202889495401
BAD 202883328121
BAD 202891334311
BAD 202891334323
BAD 202891334329
BAD 202891334333
BAD 202884501733
BAD 202892099453
BAD 202884853051
BAD 202892185907
BAD 202884904111
BAD 202893208471
BAD 202893208477
BAD 202894112929
BAD 202894112947
BAD 202919927393
BAD 202920343891
BAD 202895234011
BAD 202921131019
BAD 202895734367
BAD 202895734369
BAD 202895734373
BAD 202921787023
BAD 202921877423
BAD 202922450309
BAD 202922450323
BAD 202897639313
BAD 202897639361
BAD 202897639381
BAD 202897646999
BAD 202922979031
BAD 202922979197
BAD 202922979199
BAD 202898102299
BAD 202898191429
BAD 202923915209
BAD 202923915211
BAD 202924445783
BAD 202899351113
BAD 202899362857
BAD 202925128319
BAD 202925128321
BAD 202925128339
BAD 202925221519
BAD 202925221531
BAD 202925221579
BAD 202925221627
BAD 202900198609
BAD 202900307719
BAD 202925768593
BAD 202925768597
BAD 202926299929
BAD 202926562939
BAD 202926714079
BAD 202926714083
BAD 202927257739
BAD 202902201613
BAD 202927571089
BAD 202928998253
BAD 202929818893
BAD 202929872371
BAD 202929872377
BAD 202930366897
BAD 202930648313
BAD 202930989229
BAD 202932326083
BAD 202932776821
BAD 202932803173
BAD 202932803179
BAD 202932803191
BAD 202933355509
BAD 202933599293
BAD 202934208023
BAD 202934704579
BAD 202935006671
BAD 202935251999
BAD 202935373103
BAD 202935373111
BAD 202935373117
BAD 202936489117
BAD 202936489121
BAD 202937324537
BAD 202937324539
BAD 202937679829
BAD 202938219391
BAD 202940340121
BAD 202953443929
BAD 202955475211
BAD 202955714629
BAD 202955883901
BAD 202956321319
BAD 202956321353
BAD 202943493149
BAD 202943560733
BAD 202943560769
BAD 202943560777
BAD 202943560783
BAD 202956985501
BAD 202957007453
BAD 202957085543
BAD 202944125641
BAD 202944125663
BAD 202944125677
BAD 202944435817
BAD 202944435821
BAD 202944435823
BAD 202957482199
BAD 202957682033
BAD 202944851839
BAD 202958451349
BAD 202958568277
BAD 202958568283
BAD 202958840347
BAD 202958969663
BAD 202958969671
BAD 202960550383
BAD 202960550393
BAD 202960550423
BAD 202960550431
BAD 202961624599
BAD 202945779163
BAD 202946081797
BAD 202946081809
BAD 202946116421
BAD 202947793817
BAD 202947793819
BAD 202948135157
BAD 202948472483
BAD 202949099671
BAD 202963974541
BAD 202965025247
BAD 202965025253
BAD 202965253669
BAD 202965304589
BAD 202965601837
BAD 202950026077
BAD 202950722333
BAD 202950722339
BAD 202950722341
BAD 202950850819
BAD 202951410559
BAD 202951462643
BAD 202952281783
BAD 202966429021
BAD 202966904923
BAD 202966904927
BAD 202966904929
BAD 202966904963
BAD 202967133013
BAD 202967167043
BAD 202967515469
BAD 202967515493
BAD 202967686639
BAD 202968021401
BAD 202968276361
BAD 202968847973
BAD 202969117423
BAD 202970205937
BAD 202970648207
BAD 202970648213
BAD 202970648227
BAD 202970648233
BAD 202971236879
BAD 202971408617
BAD 202971627037
BAD 202971952333
BAD 202972378249
BAD 202973050691
BAD 202973050711
BAD 202974450157
BAD 202974450167
BAD 202974450169
BAD 202974951203
BAD 202975175177
BAD 202976932709
BAD 202977342721
BAD 202977342751
BAD 202978000637
BAD 202978000639
BAD 202978561207
BAD 202979148949
BAD 202979148961
BAD 202979484119
BAD 202979484121
BAD 202980953839
BAD 202981255307
BAD 202981573451
BAD 202981573453
BAD 202981573463
BAD 203003209793
BAD 202981875757
BAD 203003730029
BAD 203003730031
BAD 203003769019
BAD 203004281761
BAD 203004369613
BAD 203004373217
BAD 203004373219
BAD 203005509829
BAD 203005509841
BAD 203005734229
BAD 203006064673
BAD 203006179667
BAD 203006179669
BAD 203007541403
BAD 203007750419
BAD 203008762609
BAD 203008762613
BAD 203010230611
BAD 203010230617
BAD 203010230629
BAD 202982336743
BAD 202983310771
BAD 202983758077
BAD 202984388543
BAD 202984388603
BAD 202985993423
BAD 202986317383
BAD 202986317389
BAD 202986317393
BAD 203011595131
BAD 203011630967
BAD 203012011691
BAD 203013086803
BAD 203013511279
BAD 203013707543
BAD 203014374763
BAD 203014631569
BAD 203014728493
BAD 203014728503
BAD 203015186639
BAD 203015186641
BAD 203015834753
BAD 203016037561
BAD 203017104553
BAD 203017189877
BAD 203017229353
BAD 203017266889
BAD 203017435961
BAD 203017447951
BAD 203018287337
BAD 203018333299
BAD 203018467741
BAD 203019244643
BAD 203070331049
BAD 203071877941
BAD 203071967999
BAD 203071968019
BAD 203053940893
BAD 203074406701
BAD 203036978387
BAD 203037376573
BAD 203037389959
BAD 203037389963
BAD 203055411259
BAD 203055411263
BAD 203055411301
BAD 203055411311
BAD 203055783361
BAD 203038819381
BAD 203038874803
BAD 203056476871
BAD 203038964839
BAD 203038964851
BAD 203039138221
BAD 203077124609
BAD 203039353519
BAD 203039711159
BAD 202987861201
BAD 203078568323
BAD 203040295069
BAD 203040425323
BAD 203040451253
BAD 203079159301
BAD 203079537083
BAD 203079537097
BAD 203079537103
BAD 202988616991
BAD 202989038573
BAD 203080158767
BAD 203080221401
BAD 203080221403
BAD 203041805951
BAD 203041881703
BAD 203041881709
BAD 203080460041
BAD 203042004989
BAD 203042413381
BAD 202990234061
BAD 202990234063
BAD 202990234067
BAD 202990234081
BAD 203081133751
BAD 203081133757
BAD 203081174963
BAD 202990943027
BAD 202990943033
BAD 202990943041
BAD 203042871139
BAD 203042938883
BAD 202991088919
BAD 203081528417
BAD 203081697257
BAD 202991452669
BAD 202991452691
BAD 202991452693
BAD 202991601661
BAD 203082237419
BAD 202991940149
BAD 202991940169
BAD 202992102373
BAD 203044501141
BAD 203044618669
BAD 203045047339
BAD 203045047343
BAD 203045193613
BAD 203045193619
BAD 203083662589
BAD 203045487833
BAD 203083815731
BAD 203083815733
BAD 203084184497
BAD 202993702279
BAD 202993702283
BAD 202993702291
BAD 203047722289
BAD 203056763191
BAD 203088016049
BAD 202993702297
BAD 203088088741
BAD 203047897583
BAD 203047897597
BAD 203057153441
BAD 203057153443
BAD 203048223713
BAD 203048253721
BAD 203088719201
BAD 203088719203
BAD 203048512633
BAD 203088719243
BAD 203057761499
BAD 202994506291
BAD 203057963767
BAD 203049159883
BAD 203049159899
BAD 203089766591
BAD 202995666697
BAD 203090024479
BAD 203090024491
BAD 202995792061
BAD 203058813779
BAD 203058813781
BAD 203090578681
BAD 203050443263
BAD 203050614587
BAD 203091894307
BAD 203059676563
BAD 203050614589
BAD 202996555963
BAD 203060115239
BAD 203060115241
BAD 202996818001
BAD 203060407247
BAD 203060550503
BAD 202997188673
BAD 203092752983
BAD 203051883481
BAD 203051966213
BAD 202998081529
BAD 202998081553
BAD 202998107869
BAD 203093180011
BAD 203093227349
BAD 203063280551
BAD 203094259037
BAD 203094290689
BAD 203094290699
BAD 203094290701
BAD 202999249051
BAD 203064469271
BAD 203094684497
BAD 202999515833
BAD 202999515841
BAD 202999519301
BAD 203094727403
BAD 202999973093
BAD 203095424537
BAD 203065357613
BAD 202999990873
BAD 203000471033
BAD 203000491501
BAD 203000739061
BAD 203000988527
BAD 203000988529
BAD 203020921561
BAD 203020921577
BAD 203020921589
BAD 203066078653
BAD 203096486191
BAD 203096705117
BAD 203096705129
BAD 203096705131
BAD 203096705137
BAD 203001432113
BAD 203066393129
BAD 203021393299
BAD 203021393303
BAD 203021612083
BAD 203021666467
BAD 203097144311
BAD 203097196763
BAD 203001828863
BAD 203002051801
BAD 203067045833
BAD 203067198979
BAD 203022678767
BAD 203098041983
BAD 203067710333
BAD 203085553283
BAD 203085553291
BAD 203098173703
BAD 203086184867
BAD 203086184869
BAD 203098934309
BAD 203086315489
BAD 203099145289
BAD 203099145307
BAD 203099145311
BAD 203099506021
BAD 203099509163
BAD 203024392651
BAD 203099842963
BAD 203099842973
BAD 203099867821
BAD 203099867827
BAD 203003072039
BAD 203025211327
BAD 203025687677
BAD 203025687679
BAD 203025687691
BAD 203025724523
BAD 203101255111
BAD 203025913333
BAD 203101407283
BAD 203026109269
BAD 203101830367
BAD 203026322599
BAD 203102093497
BAD 203102093501
BAD 203102208373
BAD 203026753903
BAD 203103019199
BAD 203103314027
BAD 203027228827
BAD 203027362277
BAD 203103760897
BAD 203103760903
BAD 203103760907
BAD 203027496499
BAD 203028010189
BAD 203028727039
BAD 203028727043
BAD 203029665679
BAD 203029905109
BAD 203029905151
BAD 203030125699
BAD 203030125703
BAD 203030125709
BAD 203030560951
BAD 203030560961
BAD 203030560963
BAD 203030703593
BAD 203031086287
BAD 203031117703
BAD 203031117713
BAD 203031273857
BAD 203031273859
BAD 203031834503
BAD 203032715731
BAD 203033018611
BAD 203033081443
BAD 203033404591
BAD 203033687057
BAD 203033687063
BAD 203034556133
BAD 203034556147
BAD 203035819229
BAD 203035819237
BAD 203035819253
BAD 203036107517
BAD 203121185941
BAD 203121283333
BAD 203121458167
BAD 203123413709
BAD 203123413711
BAD 203123710747
BAD 203123710771
BAD 203123905489
BAD 203123905513
BAD 203124150197
BAD 203124150199
BAD 203103853763
BAD 203103853769
BAD 203103952297
BAD 203103952301
BAD 203104697641
BAD 203105171011
BAD 203106365221
BAD 203106713773
BAD 203106713783
BAD 203108193031
BAD 203108193037
BAD 203290114411
BAD 203108721019
BAD 203290175771
BAD 203290175773
BAD 203290248779
BAD 203290248781
BAD 203290764883
BAD 203291182123
BAD 203291182141
BAD 203125763339
BAD 203125763341
BAD 203291683649
BAD 203137836773
BAD 203137974451
BAD 203137974551
BAD 203137974553
BAD 203322215363
BAD 203322229741
BAD 203322287983
BAD 203322287989
BAD 203322287999
BAD 203138343619
BAD 203292284527
BAD 203138475779
BAD 203293520011
BAD 203323089973
BAD 203127433373
BAD 203293520071
BAD 203323177693
BAD 203323177843
BAD 203293631237
BAD 203293631239
BAD 203293631243
BAD 203323379069
BAD 203323379071
BAD 203323379093
BAD 203138809987
BAD 203138810011
BAD 203127935911
BAD 203127935917
BAD 203254895581
BAD 203128807087
BAD 203128807097
BAD 203128807099
BAD 203294818927
BAD 203294818973
BAD 203140468897
BAD 203140468963
BAD 203324948809
BAD 203255153099
BAD 203140624033
BAD 203140626263
BAD 203140626277
BAD 203140626281
BAD 203129144903
BAD 203325180181
BAD 203325340993
BAD 203295274123
BAD 203295379387
BAD 203129904083
BAD 203129921483
BAD 203295531587
BAD 203130229321
BAD 203130229349
BAD 203326086541
BAD 203326086547
BAD 203326086553
BAD 203326152427
BAD 203326152443
BAD 203141703313
BAD 203256112573
BAD 203256128599
BAD 203256128651
BAD 203256128653
BAD 203256130549
BAD 203256213547
BAD 203256213551
BAD 203256213553
BAD 203256213557
BAD 203142145631
BAD 203142293219
BAD 203296748407
BAD 203296888153
BAD 203256511847
BAD 203142501103
BAD 203131453951
BAD 203256511849
BAD 203256511853
BAD 203327149063
BAD 203300044861
BAD 203256980671
BAD 203256980681
BAD 203256980699
BAD 203256980701
BAD 203131878259
BAD 203131939279
BAD 203131939289
BAD 203132479943
BAD 203300872681
BAD 203300872693
BAD 203300872699
BAD 203300872703
BAD 203300872777
BAD 203300872867
BAD 203300942833
BAD 203301028387
BAD 203301028397
BAD 203258007811
BAD 203327764897
BAD 203327946721
BAD 203328119347
BAD 203301703183
BAD 203301854389
BAD 203301854423
BAD 203258324303
BAD 203144335369
BAD 203305158283
BAD 203134117981
BAD 203328868993
BAD 203302722487
BAD 203239263473
BAD 203171056103
BAD 203258332339
BAD 203134117987
BAD 203258332399
BAD 203134117993
BAD 203305289659
BAD 203239567417
BAD 203134493719
BAD 203303198621
BAD 203329159531
BAD 203144683549
BAD 203239794761
BAD 203239794763
BAD 203258962411
BAD 203134779349
BAD 203134779721
BAD 203239881389
BAD 203239881391
BAD 203239891823
BAD 203239891831
BAD 203303717599
BAD 203305956619
BAD 203135041883
BAD 203135041891
BAD 203272139453
BAD 203329582279
BAD 203240344981
BAD 203272279501
BAD 203272279549
BAD 203259324571
BAD 203259324577
BAD 203259324581
BAD 203304263059
BAD 203272404121
BAD 203272510333
BAD 203240742799
BAD 203306561933
BAD 203272591441
BAD 203304524743
BAD 203304524779
BAD 203145376373
BAD 203306774753
BAD 203306774761
BAD 203330422223
BAD 203135882419
BAD 203304968137
BAD 203307146879
BAD 203307146921
BAD 203307146923
BAD 203241380621
BAD 203241380623
BAD 203241380633
BAD 203108990263
BAD 203108990267
BAD 203273435753
BAD 203260578233
BAD 203330884969
BAD 203307343181
BAD 203108990269
BAD 203146311301
BAD 203174357963
BAD 203307343193
BAD 203108990503
BAD 203136692989
BAD 203146311307
BAD 203273435767
BAD 203242399597
BAD 203273435773
BAD 203307343199
BAD 203307343201
BAD 203307343241
BAD 203146346203
BAD 203146346287
BAD 203109040117
BAD 203174390513
BAD 203307456439
BAD 203174494381
BAD 203109351527
BAD 203307769057
BAD 203307769073
BAD 203242808077
BAD 203146749103
BAD 203154688637
BAD 203331352979
BAD 203146902533
BAD 203308046219
BAD 203273993647
BAD 203331352981
BAD 203154688663
BAD 203109480163
BAD 203308080473
BAD 203308304239
BAD 203243309903
BAD 203274450779
BAD 203147266691
BAD 203147266717
BAD 203331812083
BAD 203308592653
BAD 203308592657
BAD 203308592659
BAD 203274729481
BAD 203147530639
BAD 203110355683
BAD 203110355687
BAD 203110355689
BAD 203262007129
BAD 203223877693
BAD 203332240201
BAD 203223904613
BAD 203262099577
BAD 203332332691
BAD 203275139723
BAD 203155124693
BAD 203155124719
BAD 203244298787
BAD 203309253617
BAD 203111099677
BAD 203175757349
BAD 203275216127
BAD 203225285999
BAD 203275216129
BAD 203148917641
BAD 203155124723
BAD 203225286001
BAD 203332499873
BAD 203309253619
BAD 203263112893
BAD 203332514003
BAD 203175839239
BAD 203309393341
BAD 203309393347
BAD 203244536021
BAD 203244536041
BAD 203176127291
BAD 203176127293
BAD 203263522249
BAD 203263651891
BAD 203225873957
BAD 203225873959
BAD 203176483021
BAD 203310053131
BAD 203111750599
BAD 203225932703
BAD 203225932709
BAD 203333933359
BAD 203190603617
BAD 203156607697
BAD 203176642093
BAD 203225932711
BAD 203311090847
BAD 203264949863
BAD 203190603619
BAD 203245522433
BAD 203113039211
BAD 203276114399
BAD 203276114401
BAD 203176675853
BAD 203176675861
BAD 203113078759
BAD 203265257281
BAD 203191003429
BAD 203177039761
BAD 203177039803
BAD 203276482753
BAD 203334418411
BAD 203246008759
BAD 203246037523
BAD 203246037529
BAD 203177176841
BAD 203177176843
BAD 203157320329
BAD 203205187201
BAD 203177280037
BAD 203177280049
BAD 203266009651
BAD 203158416709
BAD 203277640793
BAD 203191746661
BAD 203312286979
BAD 203149782203
BAD 203334626329
BAD 203149782229
BAD 203226898009
BAD 203334626333
BAD 203205735899
BAD 203334626399
BAD 203334626401
BAD 203226898019
BAD 203205735907
BAD 203266009657
BAD 203113781363
BAD 203113814263
BAD 203113969717
BAD 203277910337
BAD 203277910343
BAD 203334955403
BAD 203266221049
BAD 203334961943
BAD 203312668697
BAD 203312668729
BAD 203150299579
BAD 203312810893
BAD 203335094189
BAD 203335094191
BAD 203192470193
BAD 203178068713
BAD 203206631461
BAD 203266551547
BAD 203159375833
BAD 203266551559
BAD 203313233083
BAD 203313233093
BAD 203178073127
BAD 203159417063
BAD 203159417093
BAD 203335196179
BAD 203227639471
BAD 203178256447
BAD 203114888891
BAD 203278763617
BAD 203206967449
BAD 203206967501
BAD 203206967503
BAD 203266845169
BAD 203151384091
BAD 203313798749
BAD 203313798773
BAD 203313845041
BAD 203151560593
BAD 203267026549
BAD 203160016597
BAD 203160016601
BAD 203160016603
BAD 203151624853
BAD 203314450861
BAD 203337456919
BAD 203115684953
BAD 203228125313
BAD 203246334331
BAD 203193452347
BAD 203280892169
BAD 203268098927
BAD 203280892211
BAD 203160202733
BAD 203193452353
BAD 203280905881
BAD 203115723859
BAD 203228263129
BAD 203228263193
BAD 203246569483
BAD 203246569489
BAD 203160503209
BAD 203160503213
BAD 203281184941
BAD 203193843683
BAD 203268530371
BAD 203268530383
BAD 203152047743
BAD 203193982973
BAD 203247020167
BAD 203247031313
BAD 203228754683
BAD 203247123503
BAD 203247123517
BAD 203247123523
BAD 203282055883
BAD 203210484601
BAD 203178827339
BAD 203269576151
BAD 203161810933
BAD 203228851601
BAD 203161810939
BAD 203152630883
BAD 203194483993
BAD 203116896421
BAD 203228851603
BAD 203161825651
BAD 203161825679
BAD 203161825681
BAD 203161836901
BAD 203194580551
BAD 203116988707
BAD 203116988731
BAD 203116988989
BAD 203179014001
BAD 203247380251
BAD 203194846649
BAD 203194846651
BAD 203247634501
BAD 203317011433
BAD 203317011437
BAD 203317011439
BAD 203179380961
BAD 203317211959
BAD 203162574257
BAD 203247989569
BAD 203117674763
BAD 203179705303
BAD 203211645529
BAD 203270813393
BAD 203247989689
BAD 203230012067
BAD 203195540183
BAD 203162574259
BAD 203270822483
BAD 203318134697
BAD 203318134699
BAD 203230089263
BAD 203230089347
BAD 203230089353
BAD 203248089959
BAD 203117788087
BAD 203117792453
BAD 203117792467
BAD 203318346743
BAD 203283535771
BAD 203283535789
BAD 203283535801
BAD 203162803189
BAD 203195828063
BAD 203195878811
BAD 203271310717
BAD 203318883331
BAD 203318883337
BAD 203230891081
BAD 203163441443
BAD 203248897139
BAD 203319425173
BAD 203248897141
BAD 203284216081
BAD 203284216103
BAD 203118859717
BAD 203231000989
BAD 203231000993
BAD 203213191759
BAD 203213236181
BAD 203213236183
BAD 203119004287
BAD 203181170287
BAD 203213316799
BAD 203213316809
BAD 203213316811
BAD 203181267353
BAD 203119180093
BAD 203231418673
BAD 203231418679
BAD 203213532397
BAD 203231487553
BAD 203249563511
BAD 203249563513
BAD 203231797973
BAD 203119704023
BAD 203164337071
BAD 203232033839
BAD 203232033841
BAD 203198009897
BAD 203250248549
BAD 203232033847
BAD 203285075611
BAD 203182247539
BAD 203250606847
BAD 203250606851
BAD 203198352089
BAD 203198352127
BAD 203214770149
BAD 203182438133
BAD 203182438141
BAD 203215325251
BAD 203285596303
BAD 203285725583
BAD 203321842453
BAD 203251481837
BAD 203251481843
BAD 203199254371
BAD 203199254443
BAD 203199254449
BAD 203199400849
BAD 203199400853
BAD 203286075173
BAD 203216031839
BAD 203216031841
BAD 203199919459
BAD 203166277543
BAD 203166277547
BAD 203166277549
BAD 203252481079
BAD 203183964961
BAD 203166277553
BAD 203200040863
BAD 203183964989
BAD 203200040873
BAD 203200040881
BAD 203200242439
BAD 203200242449
BAD 203200242451
BAD 203166565711
BAD 203166636383
BAD 203166636403
BAD 203200436633
BAD 203166790249
BAD 203167008329
BAD 203216943563
BAD 203200692817
BAD 203200692823
BAD 203234568533
BAD 203287636249
BAD 203287640503
BAD 203201071421
BAD 203201071453
BAD 203201147363
BAD 203235025397
BAD 203235025403
BAD 203167687663
BAD 203253978721
BAD 203235335071
BAD 203217627271
BAD 203235391123
BAD 203217675853
BAD 203185773433
BAD 203168267837
BAD 203168267839
BAD 203254682443
BAD 203217802079
BAD 203217802087
BAD 203186008021
BAD 203186008033
BAD 203235781247
BAD 203235781249
BAD 203235781253
BAD 203235786059
BAD 203186146253
BAD 203186146259
BAD 203202563719
BAD 203202563723
BAD 203202611347
BAD 203186323201
BAD 203202611351
BAD 203168840923
BAD 203168840933
BAD 203236134743
BAD 203218242361
BAD 203202835639
BAD 203202863923
BAD 203202863939
BAD 203202915283
BAD 203203117133
BAD 203203117147
BAD 203219148773
BAD 203219440717
BAD 203219495449
BAD 203221126651
BAD 203357468243
BAD 203358024619
BAD 203358024643
BAD 203358184573
BAD 203358184583
BAD 203358318497
BAD 203358318511
BAD 203358369979
BAD 203358369983
BAD 203358369997
BAD 203360034571
BAD 203360665691
BAD 203360665693
BAD 203360734459
BAD 203361891331
BAD 203361891353
BAD 203362694477
BAD 203364647333
BAD 203365966907
BAD 203367022087
BAD 203367022091
BAD 203367039829
BAD 203368494167
BAD 203369781451
BAD 203369931949
BAD 203369931953
BAD 203371105193
BAD 203371786567
BAD 203372046223
BAD 203372046239
BAD 203372086873
BAD 203372086889
BAD 203372086891
BAD 203372086901
BAD 203372086903
BAD 203374197319
BAD 203374422023
BAD 203375309887
BAD 203375309897
BAD 203375309899
BAD 203375331059
BAD 203375695819
BAD 203375695823
BAD 203376744253
BAD 203377920307
BAD 203377991071
BAD 203378555713
BAD 203378555717
BAD 203378800459
BAD 203378800463
BAD 203379018803
BAD 203379018809
BAD 203379018811
BAD 203379018823
BAD 203379405857
BAD 203381315843
BAD 203381360813
BAD 203381360821
BAD 203381376661
BAD 203381652493
BAD 203381711671
BAD 203383071721
BAD 203383351343
BAD 203383529099
BAD 203383529101
BAD 203383574021
BAD 203383574029
BAD 203338718507
BAD 203338718509
BAD 203338896253
BAD 203339492791
BAD 203340146299
BAD 203340202123
BAD 203340582103
BAD 203340626483
BAD 203341597387
BAD 203341785869
BAD 203384299043
BAD 203384299073
BAD 203384299081
BAD 203384299087
BAD 203384299091
BAD 203384299093
BAD 203342858441
BAD 203342858449
BAD 203385305509
BAD 203343824569
BAD 203385423721
BAD 203385515351
BAD 203385541003
BAD 203385810919
BAD 203385882499
BAD 203344489219
BAD 203344489223
BAD 203344489267
BAD 203386037219
BAD 203345130433
BAD 203345290741
BAD 203387368843
BAD 203347070741
BAD 203347070743
BAD 203349164041
BAD 203349916877
BAD 203349916879
BAD 203349916883
BAD 203350173503
BAD 203350379633
BAD 203350462339
BAD 203351234377
BAD 203351352751
BAD 203351482121
BAD 203351575213
BAD 203351867791
BAD 203352004459
BAD 203390062111
BAD 203390079989
BAD 203390497129
BAD 203391176887
BAD 203391545839
BAD 203391580793
BAD 203391580801
BAD 203391897133
BAD 203392208533
BAD 203392549909
BAD 203392868411
BAD 203352529907
BAD 203352529909
BAD 203353078541
BAD 203353078543
BAD 203354214751
BAD 203354448529
BAD 203355064753
BAD 203355271013
BAD 203393840063
BAD 203394187753
BAD 203394187757
BAD 203394187783
BAD 203394187793
BAD 203394316141
BAD 203395753373
BAD 203395825313
BAD 203396127047
BAD 203396127049
BAD 203396878183
BAD 203396878193
BAD 203397380471
BAD 203397380539
BAD 203398077439
BAD 203398364903
BAD 203398739993
BAD 203399856559
BAD 203399856563
BAD 203400094343
BAD 203400094367
BAD 203400094369
BAD 203400170741
BAD 203400170749
BAD 203400548723
BAD 203400851131
BAD 203400851153
BAD 203401987519
BAD 203403665359
BAD 203403665363
BAD 203403665383
BAD 203404071427
BAD 203404685453
BAD 203405607373
BAD 203405819677
BAD 203406557969
BAD 203406557971
BAD 203406929533
BAD 203407053079
BAD 203407534859
BAD 203407534861
BAD 203407534879
BAD 203407807111
BAD 203407884503
BAD 203408022157
BAD 203408902087
BAD 203409203827
BAD 203410705249
BAD 203411141579
BAD 203411141581
BAD 203411141587
BAD 203411141611
BAD 203412644131
BAD 203412907571
BAD 203412907573
BAD 203412907583
BAD 203413363697
BAD 203413363717
BAD 203413363733
BAD 203414322889
BAD 203414322893
BAD 203414322901
BAD 203414338957
BAD 203414563871
BAD 203414563873
BAD 203414619497
BAD 203414731879
BAD 203414731889
BAD 203415771613
BAD 203415771619
BAD 203415771623
BAD 203415964757
BAD 203416602199
BAD 203416602203
BAD 203416975963
BAD 203418019669
BAD 203419523033
BAD 203419960657
BAD 203419988293
BAD 203420307851
BAD 203420947231
BAD 203421707077
BAD 203421993683
BAD 203422719323
BAD 203423486401
BAD 203423511943
BAD 203423511947
BAD 203423558993
BAD 203424808487
BAD 203425707691
BAD 203425829377
BAD 203426077279
BAD 203426722489
BAD 203426722493
BAD 203429534783
BAD 203429913859
BAD 203430199801
BAD 203430825863
BAD 203430825869
BAD 203430825881
BAD 203430825883
BAD 203430825931
BAD 203489988223
BAD 203473591021
BAD 203490994813
BAD 203431421539
BAD 203431583323
BAD 203492141569
BAD 203492749567
BAD 203493266677
BAD 203493625303
BAD 203493625319
BAD 203432813693
BAD 203475628009
BAD 203495040239
BAD 203495040241
BAD 203495099539
BAD 203495158523
BAD 203495651221
BAD 203495779919
BAD 203495849707
BAD 203523707423
BAD 203523707437
BAD 203523707441
BAD 203476333301
BAD 203476333303
BAD 203433672803
BAD 203496185003
BAD 203496640463
BAD 203496640469
BAD 203496640471
BAD 203524206751
BAD 203434936493
BAD 203524206757
BAD 203497900691
BAD 203478005707
BAD 203478005711
BAD 203478005713
BAD 203478005719
BAD 203478005723
BAD 203497963507
BAD 203498243449
BAD 203524631047
BAD 203524631059
BAD 203435444453
BAD 203435444461
BAD 203524899469
BAD 203499140303
BAD 203524979327
BAD 203499850921
BAD 203525331859
BAD 203525331869
BAD 203525331871
BAD 203436052051
BAD 203436177299
BAD 203525736593
BAD 203436387467
BAD 203525991107
BAD 203479627391
BAD 203501400313
BAD 203479949473
BAD 203479949479
BAD 203526454591
BAD 203501587493
BAD 203501587501
BAD 203501587519
BAD 203501587561
BAD 203526468643
BAD 203501639573
BAD 203691220169
BAD 203691220171
BAD 203480226623
BAD 203502222907
BAD 203502563461
BAD 203502563497
BAD 203437307551
BAD 203502790669
BAD 203502902263
BAD 203692194631
BAD 203503538813
BAD 203503652041
BAD 203503683883
BAD 203640792871
BAD 203504008249
BAD 203481674533
BAD 203504239129
BAD 203692934153
BAD 203527950331
BAD 203438531693
BAD 203641409311
BAD 203641430329
BAD 203528287307
BAD 203528287309
BAD 203693432269
BAD 203482499273
BAD 203528287327
BAD 203693432273
BAD 203528287331
BAD 203641988003
BAD 203528287343
BAD 203641988009
BAD 203528403233
BAD 203642171839
BAD 203693636989
BAD 203642393099
BAD 203642393111
BAD 203642393113
BAD 203483009251
BAD 203529085597
BAD 203483267503
BAD 203483566463
BAD 203483584723
BAD 203529645877
BAD 203529654551
BAD 203529654553
BAD 203529654569
BAD 203529654571
BAD 203484208237
BAD 203484208241
BAD 203484843743
BAD 203694908603
BAD 203694908609
BAD 203643538519
BAD 203485246163
BAD 203644233983
BAD 203486076653
BAD 203486270653
BAD 203533254191
BAD 203533254193
BAD 203696519251
BAD 203533515571
BAD 203486579609
BAD 203486805217
BAD 203486805271
BAD 203533984553
BAD 203487284449
BAD 203487284453
BAD 203487379177
BAD 203697344497
BAD 203697344503
BAD 203645597737
BAD 203645597767
BAD 203488040363
BAD 203534302487
BAD 203534533463
BAD 203488442309
BAD 203646781619
BAD 203646781621
BAD 203535714673
BAD 203535716497
BAD 203536027283
BAD 203536027297
BAD 203456136739
BAD 203489354951
BAD 203489354953
BAD 203489422373
BAD 203489440111
BAD 203489440117
BAD 203489440129
BAD 203456580583
BAD 203456580589
BAD 203648153353
BAD 203700051073
BAD 203700051077
BAD 203700051109
BAD 203700193247
BAD 203700193283
BAD 203537421469
BAD 203700274213
BAD 203457139729
BAD 203457139733
BAD 203700587281
BAD 203700843439
BAD 203700864217
BAD 203700864229
BAD 203701299127
BAD 203701468199
BAD 203458304993
BAD 203650607813
BAD 203650877917
BAD 203651351447
BAD 203607886609
BAD 203607991949
BAD 203704541867
BAD 203538645601
BAD 203704541927
BAD 203460277583
BAD 203651735827
BAD 203460514157
BAD 203608394813
BAD 203652070529
BAD 203652297019
BAD 203609033753
BAD 203609033759
BAD 203652459653
BAD 203609165863
BAD 203652529967
BAD 203652529973
BAD 203539583189
BAD 203609553397
BAD 203461511447
BAD 203653130423
BAD 203705979667
BAD 203705979671
BAD 203653594567
BAD 203706089513
BAD 203462469493
BAD 203462469499
BAD 203441240543
BAD 203706420419
BAD 203610707689
BAD 203462851201
BAD 203707002997
BAD 203707003001
BAD 203611128299
BAD 203707294409
BAD 203707294411
BAD 203463519923
BAD 203463519929
BAD 203463519937
BAD 203611177771
BAD 203611240439
BAD 203707440203
BAD 203442326497
BAD 203611664917
BAD 203463982199
BAD 203463982201
BAD 203463982207
BAD 203611859071
BAD 203611859083
BAD 203611859089
BAD 203611859093
BAD 203611859161
BAD 203655833761
BAD 203612035493
BAD 203612100493
BAD 203612100499
BAD 203464465129
BAD 203464465147
BAD 203464465249
BAD 203612278301
BAD 203612278321
BAD 203656339609
BAD 203464667149
BAD 203612306509
BAD 203656339613
BAD 203464694911
BAD 203656519543
BAD 203443611661
BAD 203707812101
BAD 203707812103
BAD 203465523227
BAD 203465523229
BAD 203443921489
BAD 203657173547
BAD 203657173579
BAD 203444258119
BAD 203444320171
BAD 203444345059
BAD 203444345063
BAD 203708412253
BAD 203708412269
BAD 203444357681
BAD 203444357689
BAD 203466344843
BAD 203708518313
BAD 203466695353
BAD 203466695389
BAD 203466695401
BAD 203708695247
BAD 203466728519
BAD 203466784909
BAD 203444728189
BAD 203708881969
BAD 203466992123
BAD 203708881973
BAD 203613987961
BAD 203466992137
BAD 203590721317
BAD 203590778513
BAD 203467060271
BAD 203445227371
BAD 203467366657
BAD 203591211169
BAD 203614661431
BAD 203614903021
BAD 203709424759
BAD 203615413789
BAD 203615413801
BAD 203468173913
BAD 203592156463
BAD 203615616073
BAD 203446302517
BAD 203616378181
BAD 203468880211
BAD 203593546073
BAD 203593731589
BAD 203593939847
BAD 203617323359
BAD 203594082691
BAD 203617904983
BAD 203594413513
BAD 203594443783
BAD 203711352553
BAD 203469627743
BAD 203711352599
BAD 203594443799
BAD 203711352601
BAD 203469657383
BAD 203711470619
BAD 203711470621
BAD 203618834921
BAD 203618880379
BAD 203618918389
BAD 203618983759
BAD 203449299679
BAD 203449418239
BAD 203619587623
BAD 203712057079
BAD 203712057083
BAD 203712057091
BAD 203595122749
BAD 203620160239
BAD 203620160243
BAD 203595280897
BAD 203595280909
BAD 203595280913
BAD 203712421207
BAD 203470858651
BAD 203595566809
BAD 203595566813
BAD 203712638153
BAD 203621183569
BAD 203596231711
BAD 203714984797
BAD 203471915041
BAD 203622072811
BAD 203452086199
BAD 203622072817
BAD 203622072877
BAD 203622155147
BAD 203452294553
BAD 203452302203
BAD 203622412969
BAD 203622515287
BAD 203622515293
BAD 203596715671
BAD 203622979223
BAD 203622979229
BAD 203597176061
BAD 203472584671
BAD 203715903451
BAD 203597623531
BAD 203472837203
BAD 203472837209
BAD 203623695323
BAD 203623695337
BAD 203597856667
BAD 203597969459
BAD 203597969461
BAD 203597969521
BAD 203598021947
BAD 203716498309
BAD 203716498313
BAD 203716596647
BAD 203716596661
BAD 203716596871
BAD 203453854427
BAD 203717006191
BAD 203717006201
BAD 203717006203
BAD 203453973769
BAD 203453973773
BAD 203717460161
BAD 203599587539
BAD 203599701373
BAD 203599701377
BAD 203599701379
BAD 203599998463
BAD 203599998491
BAD 203454734999
BAD 203454735007
BAD 203454735019
BAD 203454735023
BAD 203454767429
BAD 203600572129
BAD 203454907553
BAD 203601124099
BAD 203601124123
BAD 203719736131
BAD 203719736149
BAD 203719736153
BAD 203719736161
BAD 203719736167
BAD 203601356923
BAD 203719736749
BAD 203720005309
BAD 203720672347
BAD 203721079057
BAD 203602036543
BAD 203721199831
BAD 203602101763
BAD 203721295543
BAD 203722912777
BAD 203722932409
BAD 203722932421
BAD 203722932493
BAD 203722932509
BAD 203603123923
BAD 203603258849
BAD 203603258851
BAD 203624163401
BAD 203624163403
BAD 203604026693
BAD 203724180383
BAD 203604097253
BAD 203604504151
BAD 203624832017
BAD 203624945413
BAD 203624945417
BAD 203625180853
BAD 203605611049
BAD 203626297429
BAD 203605956409
BAD 203605956413
BAD 203607059857
BAD 203629121063
BAD 203629122031
BAD 203629282333
BAD 203629514833
BAD 203630061961
BAD 203630077439
BAD 203630365777
BAD 203631056273
BAD 203632093711
BAD 203632093759
BAD 203632448209
BAD 203632594463
BAD 203632820851
BAD 203632820873
BAD 203632820879
BAD 203632820887
BAD 203632863757
BAD 203632863761
BAD 203633227747
BAD 203633227751
BAD 203633227753
BAD 203633542873
BAD 203633542921
BAD 203633542933
BAD 203633542943
BAD 203635135801
BAD 203635135807
BAD 203635239593
BAD 203574049351
BAD 203635738913
BAD 203575154639
BAD 203575154641
BAD 203575154647
BAD 203637191383
BAD 203575660217
BAD 203576335799
BAD 203576335801
BAD 203576335819
BAD 203638376243
BAD 203638625263
BAD 203638925689
BAD 203639160481
BAD 203577022463
BAD 203639282089
BAD 203639412589
BAD 203639412593
BAD 203640172231
BAD 203577947959
BAD 203578059413
BAD 203578109263
BAD 203640585931
BAD 203507085349
BAD 203557313809
BAD 203507443687
BAD 203507443703
BAD 203557668037
BAD 203557668043
BAD 203557668079
BAD 203540148971
BAD 203674484269
BAD 203508896753
BAD 203578600273
BAD 203557867129
BAD 203557867133
BAD 203509337113
BAD 203579268143
BAD 203725099063
BAD 203579268149
BAD 203725136687
BAD 203675297227
BAD 203558324293
BAD 203558451451
BAD 203725645327
BAD 203510198053
BAD 203558728183
BAD 203541791087
BAD 203580104911
BAD 203558963701
BAD 203558968003
BAD 203558968007
BAD 203726240461
BAD 203726240489
BAD 203726240491
BAD 203676126211
BAD 203676126239
BAD 203542527151
BAD 203559350791
BAD 203676667433
BAD 203511105949
BAD 203581445411
BAD 203511105953
BAD 203559609881
BAD 203727271171
BAD 203581445413
BAD 203543751023
BAD 203676760171
BAD 203581775123
BAD 203677156357
BAD 203560510663
BAD 203560510667
BAD 203560510669
BAD 203511999463
BAD 203677578653
BAD 203677751063
BAD 203677751117
BAD 203512238011
BAD 203544674033
BAD 203561220937
BAD 203728807507
BAD 203728807511
BAD 203544969179
BAD 203544969181
BAD 203545067083
BAD 203545067087
BAD 203561879513
BAD 203512880447
BAD 203512880449
BAD 203729395673
BAD 203562008873
BAD 203729395679
BAD 203729395703
BAD 203729395711
BAD 203545441787
BAD 203545441789
BAD 203545451983
BAD 203513155561
BAD 203513155567
BAD 203678862923
BAD 203584656169
BAD 203584656173
BAD 203584761529
BAD 203546049269
BAD 203546049271
BAD 203546049277
BAD 203513848663
BAD 203730419077
BAD 203730537013
BAD 203563180411
BAD 203563216037
BAD 203563216039
BAD 203730624431
BAD 203730696007
BAD 203730696049
BAD 203730696053
BAD 203585719499
BAD 203585719501
BAD 203679668083
BAD 203546632073
BAD 203679724771
BAD 203679724819
BAD 203563551889
BAD 203563551901
BAD 203546831353
BAD 203563731103
BAD 203563731109
BAD 203563731113
BAD 203563794223
BAD 203563991069
BAD 203547272947
BAD 203547579097
BAD 203547579107
BAD 203547579113
BAD 203547664261
BAD 203547664267
BAD 203547698819
BAD 203547698821
BAD 203547704099
BAD 203587152211
BAD 203731706491
BAD 203680932451
BAD 203565037493
BAD 203565037499
BAD 203548231603
BAD 203548231619
BAD 203565153761
BAD 203565153763
BAD 203587790489
BAD 203515834843
BAD 203565340477
BAD 203548726103
BAD 203681666107
BAD 203732790571
BAD 203588101487
BAD 203681666113
BAD 203588101489
BAD 203732790577
BAD 203588101511
BAD 203732790581
BAD 203588101529
BAD 203681696657
BAD 203565486679
BAD 203681885917
BAD 203732969543
BAD 203733042113
BAD 203549169443
BAD 203733080521
BAD 203565772987
BAD 203588581153
BAD 203588817469
BAD 203588817473
BAD 203588874893
BAD 203588874901
BAD 203549673673
BAD 203549673739
BAD 203682649483
BAD 203733643747
BAD 203566175489
BAD 203589359399
BAD 203589359401
BAD 203735168111
BAD 203550696299
BAD 203566418743
BAD 203550696301
BAD 203735168113
BAD 203682933691
BAD 203658523463
BAD 203735171333
BAD 203551007987
BAD 203551099909
BAD 203551123957
BAD 203683328713
BAD 203566863571
BAD 203566863581
BAD 203566863583
BAD 203566863593
BAD 203683370003
BAD 203551270469
BAD 203735730983
BAD 203516228527
BAD 203659855027
BAD 203683895887
BAD 203736331583
BAD 203736331619
BAD 203736331621
BAD 203736331627
BAD 203736331633
BAD 203567783753
BAD 203567783773
BAD 203684248793
BAD 203553554053
BAD 203660808361
BAD 203736979163
BAD 203516368639
BAD 203553554063
BAD 203568058147
BAD 203553554077
BAD 203736979177
BAD 203736979181
BAD 203736979183
BAD 203516403383
BAD 203516403457
BAD 203516433013
BAD 203568141277
BAD 203737164361
BAD 203737426513
BAD 203737481989
BAD 203661212221
BAD 203568874393
BAD 203661375859
BAD 203685130951
BAD 203517092491
BAD 203517092503
BAD 203685275153
BAD 203685275159
BAD 203685275161
BAD 203554532617
BAD 203685342871
BAD 203661939623
BAD 203738190661
BAD 203517714013
BAD 203662236331
BAD 203745146431
BAD 203555443397
BAD 203517714031
BAD 203685653167
BAD 203569760393
BAD 203555443447
BAD 203738218111
BAD 203738218163
BAD 203738218183
BAD 203738318209
BAD 203738318213
BAD 203517920261
BAD 203745399607
BAD 203570132419
BAD 203662643981
BAD 203662643983
BAD 203662668431
BAD 203745560401
BAD 203518109129
BAD 203518109131
BAD 203686203377
BAD 203686203379
BAD 203662945039
BAD 203662945043
BAD 203556092029
BAD 203686320613
BAD 203746156073
BAD 203556621187
BAD 203663786593
BAD 203664001043
BAD 203519466461
BAD 203519466463
BAD 203664609661
BAD 203664760217
BAD 203687404411
BAD 203571800371
BAD 203571800381
BAD 203740447277
BAD 203740568671
BAD 203740568677
BAD 203687720569
BAD 203687720581
BAD 203519897701
BAD 203519897753
BAD 203687804989
BAD 203740732441
BAD 203520262681
BAD 203572367213
BAD 203572367221
BAD 203572367269
BAD 203572367279
BAD 203572367281
BAD 203520363353
BAD 203688193861
BAD 203741102671
BAD 203520759361
BAD 203520850171
BAD 203688837283
BAD 203748560083
BAD 203573521757
BAD 203521398953
BAD 203748560111
BAD 203688837293
BAD 203573521759
BAD 203573521763
BAD 203573521933
BAD 203689006373
BAD 203689006463
BAD 203689057519
BAD 203689057577
BAD 203689057597
BAD 203521692511
BAD 203689097741
BAD 203689097753
BAD 203689097839
BAD 203689097849
BAD 203689097851
BAD 203521911223
BAD 203689321939
BAD 203522312701
BAD 203522312713
BAD 203522373311
BAD 203522373323
BAD 203749600891
BAD 203522652569
BAD 203749879951
BAD 203749879961
BAD 203669012689
BAD 203749976041
BAD 203522865151
BAD 203669012693
BAD 203669025257
BAD 203522884913
BAD 203522958893
BAD 203690224681
BAD 203669136211
BAD 203669136217
BAD 203750286601
BAD 203690577859
BAD 203690622743
BAD 203690622749
BAD 203750676593
BAD 203750729603
BAD 203690763281
BAD 203669698963
BAD 203669797813
BAD 203751345443
BAD 203670365897
BAD 203751688927
BAD 203751812389
BAD 203752062403
BAD 203752062407
BAD 203752062413
BAD 203752160839
BAD 203752160851
BAD 203752160861
BAD 203752160863
BAD 203752459333
BAD 203752835959
BAD 203752835971
BAD 203752835983
BAD 203752835989
BAD 203752869101
BAD 203753298019
BAD 203673089093
BAD 203754392873
BAD 203756539309
BAD 203756539313
BAD 203756901979
BAD 203756901983
BAD 203757573683
BAD 203757725557
BAD 203758540081
BAD 203759079233
BAD 203759393413
BAD 203759982637
BAD 203760306907
BAD 203760316741
BAD 203760796207
BAD 203761945687
BAD 203761945691
BAD 203761945693
BAD 203763194953
BAD 203763194963
BAD 203763379933
BAD 203764497901
BAD 203764537903
BAD 203764981009
BAD 203764999771
BAD 203764999777
BAD 203765565043
BAD 203765813299
BAD 203766192481
BAD 203766270881
BAD 203766270889
BAD 203767879879
BAD 203768084131
BAD 203768588731
BAD 203768704543
BAD 203768704547
BAD 203769664507
BAD 203770090471
BAD 203771376443
BAD 203771764843
BAD 203771764853
BAD 203771764883
BAD 203772047993
BAD 203772098513
BAD 203772098539
BAD 203772294667
BAD 203772402697
BAD 203772493829
BAD 203772493831
BAD 203772493849
BAD 203772493853
BAD 203772581591
BAD 203772581609
BAD 203772581611
BAD 203773043393
BAD 203773098031
BAD 203773098047
BAD 203773098049
BAD 203773240609
BAD 203773240613
BAD 203773524727
BAD 203775016279
BAD 203775066007
BAD 203776357693
BAD 203776589287
BAD 203776785929
BAD 203777054881
BAD 203777307641
BAD 203777307649
BAD 203777307653
BAD 203777715247
BAD 203777816003
BAD 203779480873
BAD 203780032201
BAD 203784179941
BAD 203784179947
BAD 203785040821
BAD 203785040827
BAD 203786300077
BAD 203786315197
BAD 203786825317
BAD 203786825323
BAD 203787820921
BAD 203788632109
BAD 203789850347
BAD 203789850349
BAD 203789850367
BAD 203789850373
BAD 203789850377
BAD 203789850379
BAD 203791002113
BAD 203791002137
BAD 203791178401
BAD 203791178413
BAD 203791204753
BAD 203791268453
BAD 203791874519
BAD 203791874521
BAD 203792812549
BAD 203793010417
BAD 203793285953
BAD 203793433709
BAD 203794781051
BAD 203794781053
BAD 203794781063
BAD 203808440711
BAD 203795346679
BAD 203795346683
BAD 203808870553
BAD 203808870571
BAD 203795955739
BAD 203810094263
BAD 203810094277
BAD 203810094337
BAD 203810144627
BAD 203810211823
BAD 203797037903
BAD 203797037909
BAD 203797037911
BAD 203810451847
BAD 203811476179
BAD 203812354321
BAD 203812354327
BAD 203812354331
BAD 203798163113
BAD 203812831699
BAD 203813013893
BAD 203813065021
BAD 203798835223
BAD 203814584263
BAD 203799815873
BAD 203814752677
BAD 203815083653
BAD 203800340383
BAD 203800340411
BAD 203800340413
BAD 203801175859
BAD 203816354857
BAD 203816354869
BAD 203817280627
BAD 203817280699
BAD 203817280703
BAD 203817366149
BAD 203817594923
BAD 203817648421
BAD 203803593211
BAD 203819715353
BAD 203820145777
BAD 203805193531
BAD 203805193541
BAD 203805335693
BAD 203821856311
BAD 203823309751
BAD 203823755027
BAD 203823755029
BAD 203823755041
BAD 203823755053
BAD 203807009009
BAD 203807009011
BAD 203807118413
BAD 203807118419
BAD 203807118421
BAD 203824134533
BAD 203807575087
BAD 203807677069
BAD 203824843697
BAD 203824843699
BAD 203824843709
BAD 203824843711
BAD 203976799093
BAD 203976799099
BAD 203977246111
BAD 203977246117
BAD 203977604653
BAD 203875772357
BAD 203978307367
BAD 203875935629
BAD 203875935631
BAD 203876234213
BAD 203876386711
BAD 203978950739
BAD 203978950741
BAD 203876913991
BAD 203979431501
BAD 203979431503
BAD 203878007033
BAD 203980298993
BAD 203980298999
BAD 203980403113
BAD 203981404849
BAD 203982378113
BAD 203982378121
BAD 203982378233
BAD 203982378239
BAD 203982378241
BAD 203982551221
BAD 203982704813
BAD 203983676971
BAD 203983761353
BAD 203984107643
BAD 203984107661
BAD 203984270923
BAD 203984270927
BAD 203984592967
BAD 203984691241
BAD 203994402263
BAD 203994452243
BAD 203985320723
BAD 203985413377
BAD 203985413381
BAD 203985413383
BAD 203994828263
BAD 203986875929
BAD 203986875931
BAD 203986964669
BAD 203986964693
BAD 203996316949
BAD 203987124109
BAD 203996366479
BAD 203987194199
BAD 203996437459
BAD 203987308411
BAD 203987308417
BAD 203879268347
BAD 203879268349
BAD 203879268353
BAD 203997177533
BAD 203879575261
BAD 203879643703
BAD 203879676631
BAD 203879730973
BAD 203879764129
BAD 203879764139
BAD 203879764141
BAD 203879764147
BAD 203988059021
BAD 203880078931
BAD 203880149807
BAD 203988739837
BAD 203880633469
BAD 203989046329
BAD 203989115003
BAD 203989248913
BAD 203989471423
BAD 203881078003
BAD 203989638547
BAD 203881263169
BAD 203990107973
BAD 203990916197
BAD 203882467207
BAD 203991420749
BAD 203991857689
BAD 203883184717
BAD 203992561921
BAD 203992561931
BAD 203992561933
BAD 203997856177
BAD 203998405991
BAD 203998735921
BAD 203999257591
BAD 203999495101
BAD 203926376611
BAD 203926625963
BAD 203999927129
BAD 203927128597
BAD 203927177659
BAD 204000615361
BAD 204001092293
BAD 204001092391
BAD 204001153481
BAD 203927896069
BAD 203928183799
BAD 203928183803
BAD 203928786913
BAD 203928786923
BAD 204002674037
BAD 204002825339
BAD 204003100333
BAD 204003369301
BAD 204003369313
BAD 204003426619
BAD 204003426733
BAD 204003532493
BAD 204003532529
BAD 204003532531
BAD 203929774583
BAD 204004083203
BAD 203825209463
BAD 203930219351
BAD 203930219357
BAD 203930219359
BAD 203825640173
BAD 203825755339
BAD 204004848631
BAD 203825810173
BAD 203885473609
BAD 203885473613
BAD 203885498587
BAD 203886463237
BAD 203886463241
BAD 203828396063
BAD 203886768823
BAD 204007580299
BAD 204007580303
BAD 204007580323
BAD 203886848597
BAD 204007628731
BAD 204007825267
BAD 204007825271
BAD 204007825289
BAD 204007825291
BAD 203828834903
BAD 204008068853
BAD 203887382851
BAD 203887382863
BAD 203887382869
BAD 203887968943
BAD 203829652489
BAD 204008825497
BAD 203888717009
BAD 204009391739
BAD 204009391741
BAD 203830246493
BAD 203830454251
BAD 203830704307
BAD 203830769713
BAD 203931475879
BAD 203830769719
BAD 203931888473
BAD 203931888499
BAD 203932231639
BAD 203932306309
BAD 203932306313
BAD 203932662449
BAD 203932721303
BAD 203831525693
BAD 203890010917
BAD 203933104267
BAD 203890102921
BAD 203933245093
BAD 203890291169
BAD 203831739011
BAD 203831763517
BAD 203831763521
BAD 203831763523
BAD 203831826953
BAD 203831826959
BAD 203831826997
BAD 203831827117
BAD 204144064141
BAD 204144064147
BAD 204144064153
BAD 204144151487
BAD 204144151489
BAD 204144151493
BAD 204144322189
BAD 203934177661
BAD 203832737791
BAD 203832805951
BAD 203891675927
BAD 203891675929
BAD 203892100081
BAD 204145992103
BAD 203833927069
BAD 203833927079
BAD 203833927081
BAD 203935404487
BAD 203935404587
BAD 204146342227
BAD 204146454301
BAD 203834352679
BAD 203834352691
BAD 203935593683
BAD 203935662211
BAD 204146621177
BAD 204146621179
BAD 203834808139
BAD 203835936263
BAD 203937200959
BAD 204094227871
BAD 204148432643
BAD 204148432651
BAD 204094390573
BAD 204094410313
BAD 203937365377
BAD 203937365381
BAD 204094936783
BAD 203937365399
BAD 203937365413
BAD 204148810519
BAD 203937622961
BAD 203937622963
BAD 204095763503
BAD 204095922497
BAD 204095933501
BAD 204095934803
BAD 204149576023
BAD 204149899021
BAD 204149899027
BAD 204149899033
BAD 203892574273
BAD 203892574279
BAD 204150410447
BAD 204150410449
BAD 203939083417
BAD 203939314219
BAD 203893269233
BAD 203893334093
BAD 204150893593
BAD 204151104737
BAD 204151104907
BAD 204097577539
BAD 204097577543
BAD 204097577549
BAD 204097715161
BAD 204097715183
BAD 203842379879
BAD 203940808493
BAD 203893948021
BAD 203837354653
BAD 204077176183
BAD 204077176187
BAD 204077176189
BAD 203837354681
BAD 203893973561
BAD 204077217419
BAD 203842425823
BAD 203837529481
BAD 203894259823
BAD 203941006153
BAD 203894373367
BAD 203837734057
BAD 204098114581
BAD 203837857843
BAD 203837941253
BAD 203842789487
BAD 203842789489
BAD 203842791151
BAD 203895006241
BAD 203842953973
BAD 203895026353
BAD 204078346177
BAD 204098617609
BAD 203895192757
BAD 203838523043
BAD 203895498563
BAD 204079576957
BAD 204151508417
BAD 204100347343
BAD 203843815193
BAD 204060230189
BAD 204100347349
BAD 203839007833
BAD 204060230191
BAD 204151782973
BAD 204151783279
BAD 204151931017
BAD 203895932633
BAD 203895932693
BAD 204080129723
BAD 204080129731
BAD 203895988253
BAD 204152313623
BAD 204080348231
BAD 204080348233
BAD 203844273553
BAD 203844273559
BAD 203844273571
BAD 203839777963
BAD 204080486063
BAD 204080486069
BAD 204101052149
BAD 204061241017
BAD 204061365031
BAD 204081047777
BAD 204081047783
BAD 203845005653
BAD 203841219469
BAD 204102208577
BAD 203941850971
BAD 204154089443
BAD 204061511471
BAD 204102208579
BAD 204061511473
BAD 204154351217
BAD 203942143697
BAD 203942174677
BAD 203841581533
BAD 203841653809
BAD 204081345593
BAD 203841776599
BAD 203841776627
BAD 204081505723
BAD 203896619863
BAD 204155129939
BAD 203896982629
BAD 203896982633
BAD 203845636543
BAD 204155409049
BAD 203897187673
BAD 203845818829
BAD 203897376211
BAD 203943286777
BAD 204103418609
BAD 204103418611
BAD 203943317197
BAD 203943317203
BAD 204082560419
BAD 204082560421
BAD 203943630053
BAD 203943630067
BAD 203943630157
BAD 204156809033
BAD 204082883887
BAD 203898446449
BAD 204156987011
BAD 203943756371
BAD 204104642257
BAD 203846602039
BAD 203846602073
BAD 203898721553
BAD 204157734071
BAD 204157734073
BAD 203944378973
BAD 203847184237
BAD 203847184241
BAD 203847184243
BAD 203899518547
BAD 203899518551
BAD 203899518553
BAD 203899518569
BAD 203899518577
BAD 203899518583
BAD 204084555223
BAD 203899896779
BAD 203899896787
BAD 204106415543
BAD 203945468359
BAD 204106415567
BAD 203945584201
BAD 204065773783
BAD 204085610513
BAD 204085662667
BAD 204085662679
BAD 204085662691
BAD 203945930581
BAD 204065962351
BAD 203946014417
BAD 203946071143
BAD 203946071191
BAD 203946071207
BAD 203946071221
BAD 204066045037
BAD 204066045041
BAD 204159247661
BAD 204066068677
BAD 204066068683
BAD 203946226717
BAD 204086222449
BAD 204066354241
BAD 204066354277
BAD 203849573437
BAD 204043848037
BAD 204159789703
BAD 204159789707
BAD 204086710801
BAD 204159913301
BAD 203902404931
BAD 204044314171
BAD 204107745661
BAD 204087542993
BAD 204067346117
BAD 204159913303
BAD 203902404941
BAD 203850027737
BAD 203902404943
BAD 204087543001
BAD 204067349209
BAD 204067349221
BAD 203946903361
BAD 204107781653
BAD 204160005587
BAD 203902489403
BAD 204108030443
BAD 204108030457
BAD 203947399577
BAD 204160425163
BAD 204160425283
BAD 204160425289
BAD 204160535651
BAD 204160535653
BAD 204044928673
BAD 204044928677
BAD 204044928679
BAD 204044928683
BAD 204044985779
BAD 204045002923
BAD 204068318161
BAD 203850561853
BAD 204108835493
BAD 204127800109
BAD 203947936343
BAD 203947936403
BAD 203947936441
BAD 203947959079
BAD 203947963729
BAD 204127939591
BAD 204068559413
BAD 203948093233
BAD 204068702641
BAD 204068702681
BAD 204068702701
BAD 203850970523
BAD 204128465659
BAD 203903838043
BAD 203903838059
BAD 203903838079
BAD 203903838109
BAD 203903838113
BAD 203903838119
BAD 203903838121
BAD 203903860343
BAD 203851278361
BAD 203851278377
BAD 204129020093
BAD 204129059081
BAD 204129059083
BAD 203851435979
BAD 203851539917
BAD 203851539919
BAD 203904267311
BAD 203904267323
BAD 203851576399
BAD 203851762357
BAD 204129849379
BAD 204129935287
BAD 204129935291
BAD 204129935293
BAD 204070809871
BAD 203950396043
BAD 204026645167
BAD 203852129717
BAD 203904898097
BAD 203904898121
BAD 203852244301
BAD 203909135827
BAD 203909135863
BAD 203909135873
BAD 204071395681
BAD 204046617571
BAD 203909240191
BAD 204071490323
BAD 204046703281
BAD 204071643773
BAD 203909476009
BAD 204027305459
BAD 204027305467
BAD 203905776103
BAD 204071834839
BAD 204027305477
BAD 203905776253
BAD 203858863007
BAD 204047544559
BAD 204090141889
BAD 203858863009
BAD 203909632657
BAD 203858863081
BAD 203853632291
BAD 203951655361
BAD 203909632711
BAD 203909632721
BAD 203909632723
BAD 203853632293
BAD 203853699113
BAD 204027447257
BAD 204133501267
BAD 204133507757
BAD 204027663703
BAD 204027663713
BAD 204027737743
BAD 203854026487
BAD 204047918083
BAD 203952216541
BAD 203952216583
BAD 203859266623
BAD 203859266627
BAD 203854150069
BAD 204028179791
BAD 203859689359
BAD 204135896719
BAD 203906459059
BAD 204011367073
BAD 204110779969
BAD 203911837193
BAD 203906459063
BAD 204011367089
BAD 204072940963
BAD 204011367113
BAD 203953288283
BAD 204110779993
BAD 204049787969
BAD 204049787971
BAD 203906468959
BAD 203906468963
BAD 203911960433
BAD 203859812347
BAD 204028450343
BAD 204028450363
BAD 203859917627
BAD 203906687297
BAD 204073491781
BAD 204028657523
BAD 204136424059
BAD 204136424071
BAD 203854587271
BAD 203860213441
BAD 204011923547
BAD 203908145537
BAD 204074669809
BAD 204011923553
BAD 203912785927
BAD 204113999503
BAD 204028837057
BAD 204137094053
BAD 203953684483
BAD 204051209191
BAD 203860521937
BAD 203953684489
BAD 204051209209
BAD 204137094059
BAD 203856321961
BAD 204137094061
BAD 203856322051
BAD 204028894081
BAD 203953802887
BAD 203953802893
BAD 204137204083
BAD 203860696843
BAD 204012133363
BAD 204075155729
BAD 203908563949
BAD 203908563979
BAD 203908563983
BAD 203913427867
BAD 204075256303
BAD 204029453449
BAD 204075334153
BAD 204137840209
BAD 203861125849
BAD 204137840213
BAD 204051889991
BAD 204051890071
BAD 204029700631
BAD 203861247949
BAD 204029780509
BAD 204029780543
BAD 204138063721
BAD 203913946739
BAD 203913946741
BAD 203857065443
BAD 203861442131
BAD 203861442133
BAD 204138232853
BAD 204030092291
BAD 204030092293
BAD 204030129143
BAD 203914405027
BAD 203861837897
BAD 203861837899
BAD 203861837903
BAD 204138613519
BAD 204052717753
BAD 204013412123
BAD 204013412129
BAD 204052828633
BAD 204052828643
BAD 203954904343
BAD 204013985159
BAD 203862769351
BAD 203915415181
BAD 204090723841
BAD 203915415211
BAD 204030771023
BAD 203909007101
BAD 203915415217
BAD 204053407433
BAD 204138820763
BAD 203909007103
BAD 203915491133
BAD 204116214157
BAD 204116214163
BAD 204116214167
BAD 204116214173
BAD 204116216543
BAD 204053704549
BAD 204053704553
BAD 203915852401
BAD 204054049553
BAD 204139386083
BAD 203858441519
BAD 204031422097
BAD 203858524357
BAD 204116879633
BAD 203916385801
BAD 203863725563
BAD 204054692221
BAD 204054692227
BAD 204031848211
BAD 203863943029
BAD 204054824551
BAD 204140026969
BAD 203956062991
BAD 204015470653
BAD 203956062997
BAD 204054824557
BAD 204117274591
BAD 204031848233
BAD 204140026973
BAD 204054881603
BAD 203956116677
BAD 203956116703
BAD 204140112047
BAD 204054918803
BAD 203956154461
BAD 204054994081
BAD 204032042833
BAD 204117587341
BAD 204117674399
BAD 204117674401
BAD 204117674407
BAD 204092818123
BAD 204055477699
BAD 204032253157
BAD 204032253181
BAD 204055604827
BAD 204055611523
BAD 204055613693
BAD 204055772719
BAD 204016603027
BAD 204016603039
BAD 204093353777
BAD 203917878221
BAD 203917878223
BAD 203917907033
BAD 204118374079
BAD 204016976399
BAD 204141791963
BAD 203918167099
BAD 203957627623
BAD 203957627633
BAD 204056414371
BAD 204017291147
BAD 204056599367
BAD 203865755543
BAD 203918515519
BAD 204142334219
BAD 203865974239
BAD 203865974309
BAD 203865974311
BAD 204056952629
BAD 204056952643
BAD 204119382833
BAD 204142941581
BAD 203958528743
BAD 203958528841
BAD 204033844549
BAD 204033844579
BAD 204018265909
BAD 203866596013
BAD 204143569397
BAD 204057622723
BAD 203866596023
BAD 203866596029
BAD 203959057909
BAD 203959057937
BAD 204018388073
BAD 204018388087
BAD 203866733563
BAD 203866733569
BAD 204018536107
BAD 204120502519
BAD 203920624387
BAD 203920624393
BAD 203867393423
BAD 204019241233
BAD 203867453527
BAD 204034740229
BAD 203867517619
BAD 204034766339
BAD 203921417939
BAD 203921417941
BAD 203921451103
BAD 203921537059
BAD 203867874607
BAD 204035063369
BAD 203921901979
BAD 204059194193
BAD 204059222629
BAD 203868322297
BAD 203922197629
BAD 203922197641
BAD 203922197729
BAD 204020200331
BAD 204020200333
BAD 204020200343
BAD 204020200411
BAD 204059311933
BAD 204122090059
BAD 204122090077
BAD 203922384943
BAD 203922384947
BAD 203922384949
BAD 203922384959
BAD 203922384961
BAD 203922384983
BAD 204035517109
BAD 204059579851
BAD 203922679099
BAD 203868802351
BAD 204035645423
BAD 203868911821
BAD 203922796739
BAD 204059752261
BAD 204035946859
BAD 204035946871
BAD 203923375319
BAD 203923375321
BAD 203923375343
BAD 203869619167
BAD 204021238249
BAD 204123032041
BAD 204123032053
BAD 204123032059
BAD 204036357871
BAD 204036357893
BAD 204021701731
BAD 203923826903
BAD 203870232833
BAD 204123744299
BAD 204123744301
BAD 204123744323
BAD 204123744367
BAD 204123811891
BAD 204124070093
BAD 204022832947
BAD 204022832953
BAD 204022832963
BAD 204037134713
BAD 204023068079
BAD 204023215883
BAD 204037406269
BAD 204037406281
BAD 203925247777
BAD 203925247793
BAD 203925261751
BAD 204023392789
BAD 204023392801
BAD 203871816587
BAD 203925497777
BAD 204037679687
BAD 203925497779
BAD 204037679689
BAD 204037886981
BAD 203872206193
BAD 204125411257
BAD 204125564843
BAD 204038332451
BAD 204038332453
BAD 204038400833
BAD 204125811529
BAD 204024917587
BAD 204125942663
BAD 204025090153
BAD 204025090163
BAD 204025090169
BAD 204025115863
BAD 204126072107
BAD 204126072109
BAD 204038702611
BAD 204038702617
BAD 204025491563
BAD 204126297149
BAD 204126297161
BAD 203960304151
BAD 203960312539
BAD 204126568861
BAD 204126683459
BAD 204026182051
BAD 203874502633
BAD 204039485189
BAD 204039485191
BAD 204039550919
BAD 204039550921
BAD 204026343383
BAD 204026378363
BAD 203961288299
BAD 203875091551
BAD 203875417483
BAD 203963626219
BAD 204041347313
BAD 204041608103
BAD 204041608123
BAD 203964876233
BAD 204042348089
BAD 204042348091
BAD 204042369943
BAD 203966114717
BAD 203966285023
BAD 203966490829
BAD 203966524373
BAD 203966985751
BAD 203967126823
BAD 203967126833
BAD 203967182879
BAD 203967182893
BAD 203967320959
BAD 203967320971
BAD 203967806479
BAD 203968349551
BAD 203968545383
BAD 203969551427
BAD 203969551433
BAD 203970198631
BAD 203970404509
BAD 203970869273
BAD 203972149729
BAD 203972888369
BAD 203973381289
BAD 203973381307
BAD 203973890467
BAD 203974130411
BAD 204160974223
BAD 204160974229
BAD 204160974233
BAD 204160978963
BAD 204161012063
BAD 204162133739
BAD 204162133741
BAD 204163205333
BAD 204163205347
BAD 204163345699
BAD 204163345703
BAD 204163345723
BAD 204164454301
BAD 204164454323
BAD 204166042279
BAD 204166239559
BAD 204166367063
BAD 204166416709
BAD 204166477457
BAD 204166573153
BAD 204167012773
BAD 204167012779
BAD 204167012783
BAD 204167758087
BAD 204167758121
BAD 204167979713
BAD 204168178483
BAD 204169617151
BAD 204169724813
BAD 204169724851
BAD 204170036137
BAD 204170036141
BAD 204171797783
BAD 204172616213
BAD 204173206583
BAD 204174200249
BAD 204175033651
BAD 204175189553
BAD 204175189567
BAD 204177748343
BAD 204177748363
BAD 204177748367
BAD 204177748373
BAD 204179189153
BAD 204179539801
BAD 204179665661
BAD 204179665663
BAD 204179680723
BAD 204179768729
BAD 204180620551
BAD 204181423543
BAD 204182678873
BAD 204182678879
BAD 204182678881
BAD 204183332581
BAD 204183332597
BAD 204183692611
BAD 204183692617
BAD 204183692663
BAD 204183951493
BAD 204184504141
BAD 204185148449
BAD 204185148451
BAD 204185148469
BAD 204185239133
BAD 204185763043
BAD 204185917939
BAD 204186994859
BAD 204186994861
BAD 204187721473
BAD 204194464897
BAD 204196115093
BAD 204196466107
BAD 204196724401
BAD 204197719387
BAD 204198133331
BAD 204198133333
BAD 204198793583
BAD 204199037963
BAD 204199611113
BAD 204199984909
BAD 204189738149
BAD 204189866227
BAD 204200387119
BAD 204189979579
BAD 204189979583
BAD 204190509967
BAD 204191214001
BAD 204191330989
BAD 204201706573
BAD 204211491629
BAD 204211635083
BAD 204192068477
BAD 204212005117
BAD 204212005121
BAD 204202455707
BAD 204212089967
BAD 204212089969
BAD 204212089999
BAD 204203229173
BAD 204193118513
BAD 204203449951
BAD 204203636603
BAD 204213509917
BAD 204203699683
BAD 204203977531
BAD 204194101381
BAD 204214491031
BAD 204204845749
BAD 204214598603
BAD 204204845753
BAD 204204845783
BAD 204205588459
BAD 204215860159
BAD 204216672859
BAD 204217209151
BAD 204217209169
BAD 204208042033
BAD 204217945487
BAD 204208270039
BAD 204217945489
BAD 204217945493
BAD 204208466041
BAD 204219655919
BAD 204219655921
BAD 204219655931
BAD 204219655933
BAD 204220170071
BAD 204220170073
BAD 204210592603
BAD 204221906461
BAD 204222386219
BAD 204224197831
BAD 204224197843
BAD 204224197847
BAD 204224703679
BAD 204225427999
BAD 204226707637
BAD 204226707647
BAD 204226707649
BAD 204227492023
BAD 204244840073
BAD 204244840091
BAD 204245352841
BAD 204245891833
BAD 204245891851
BAD 204248738983
BAD 204248739007
BAD 204249262603
BAD 204249449647
BAD 204250947259
BAD 204252722497
BAD 204252772127
BAD 204252937003
BAD 204253112351
BAD 204253112353
BAD 204253112363
BAD 204253425967
BAD 204253721899
BAD 204254624689
BAD 204255242383
BAD 204255758009
BAD 204257086139
BAD 204257335679
BAD 204227876893
BAD 204257658949
BAD 204257910299
BAD 204257910433
BAD 204228220501
BAD 204257910457
BAD 204228220507
BAD 204257963113
BAD 204228441493
BAD 204228441497
BAD 204228441499
BAD 204228441523
BAD 204258262993
BAD 204229007303
BAD 204229063447
BAD 204229167019
BAD 204229614317
BAD 204229936579
BAD 204258726047
BAD 204258726079
BAD 204258726083
BAD 204230535097
BAD 204230535101
BAD 204230584027
BAD 204514620707
BAD 204231124219
BAD 204231221581
BAD 204231329971
BAD 204231399751
BAD 204231399763
BAD 204345633533
BAD 204232236503
BAD 204232236517
BAD 204346323323
BAD 204233190661
BAD 204515302807
BAD 204515302811
BAD 204515302813
BAD 204515705857
BAD 204516020671
BAD 204516418433
BAD 204234358771
BAD 204234358777
BAD 204234358781
BAD 204235460911
BAD 204517656859
BAD 204235796491
BAD 204235796507
BAD 204235796509
BAD 204236019233
BAD 204236210377
BAD 204260054923
BAD 204260054927
BAD 204260054939
BAD 204260247421
BAD 204260247439
BAD 204260412383
BAD 204237395783
BAD 204237753571
BAD 204237753581
BAD 204237753583
BAD 204237813431
BAD 204237813433
BAD 204260986493
BAD 204519564803
BAD 204260986529
BAD 204519564817
BAD 204519564833
BAD 204238879081
BAD 204238975883
BAD 204239146129
BAD 204348503713
BAD 204348686977
BAD 204348686981
BAD 204240284057
BAD 204520101329
BAD 204520670663
BAD 204350000273
BAD 204240993403
BAD 204350445163
BAD 204479721937
BAD 204479756101
BAD 204241139833
BAD 204521468891
BAD 204521468911
BAD 204241234343
BAD 204521558407
BAD 204521558443
BAD 204479953567
BAD 204241501073
BAD 204480413327
BAD 204480413329
BAD 204480848339
BAD 204242163347
BAD 204352059733
BAD 204481247183
BAD 204523508569
BAD 204523508573
BAD 204523570099
BAD 204523570103
BAD 204352248497
BAD 204352248523
BAD 204242470807
BAD 204242476073
BAD 204242476079
BAD 204352703413
BAD 204352703419
BAD 204243178291
BAD 204243431101
BAD 204243437273
BAD 204243441551
BAD 204243441553
BAD 204481564171
BAD 204353052089
BAD 204353052091
BAD 204524406103
BAD 204481959511
BAD 204243818971
BAD 204243818983
BAD 204243870997
BAD 204243871003
BAD 204243871009
BAD 204353562031
BAD 204243922741
BAD 204482207029
BAD 204353782153
BAD 204482207051
BAD 204525645563
BAD 204482207053
BAD 204525645581
BAD 204525645589
BAD 204525667169
BAD 204482264989
BAD 204525757873
BAD 204483018217
BAD 204483144829
BAD 204483144863
BAD 204355148681
BAD 204526733197
BAD 204356085533
BAD 204356183947
BAD 204356183953
BAD 204357032281
BAD 204357184859
BAD 204357185869
BAD 204357185873
BAD 204357185881
BAD 204483913219
BAD 204483913223
BAD 204484441883
BAD 204528517253
BAD 204357879463
BAD 204486072097
BAD 204486072139
BAD 204486072157
BAD 204486140323
BAD 204486140329
BAD 204486140333
BAD 204486140357
BAD 204486140359
BAD 204359068261
BAD 204486799669
BAD 204360251113
BAD 204360540971
BAD 204360540973
BAD 204360780331
BAD 204360865249
BAD 204361147499
BAD 204361320343
BAD 204361355533
BAD 204361355543
BAD 204361355557
BAD 204361355563
BAD 204447326893
BAD 204490229653
BAD 204448340573
BAD 204448340581
BAD 204448340587
BAD 204448362667
BAD 204448362673
BAD 204448812923
BAD 204448869113
BAD 204448899679
BAD 204490906621
BAD 204449181353
BAD 204449566381
BAD 204491540233
BAD 204491540237
BAD 204491598139
BAD 204492123001
BAD 204450849781
BAD 204450849803
BAD 204492647563
BAD 204492651409
BAD 204492651421
BAD 204498019807
BAD 204492701461
BAD 204492701471
BAD 204492701473
BAD 204498055121
BAD 204498526189
BAD 204498580763
BAD 204493268933
BAD 204261425197
BAD 204453120961
BAD 204453120979
BAD 204453120983
BAD 204261878549
BAD 204261878551
BAD 204453204353
BAD 204453204359
BAD 204493599953
BAD 204262154101
BAD 204262409053
BAD 204262548199
BAD 204499888643
BAD 204453730849
BAD 204453730853
BAD 204262888147
BAD 204500265589
BAD 204263474213
BAD 204263478547
BAD 204263478553
BAD 204263478557
BAD 204263747971
BAD 204263814901
BAD 204263814907
BAD 204263828869
BAD 204264124837
BAD 204264223921
BAD 204264271139
BAD 204265678979
BAD 204502789081
BAD 204456871793
BAD 204503110717
BAD 204266053801
BAD 204503610893
BAD 204503610901
BAD 204457599293
BAD 204503777197
BAD 204504029911
BAD 204504029971
BAD 204266755171
BAD 204267107987
BAD 204494510587
BAD 204504977797
BAD 204504977801
BAD 204495043853
BAD 204495149611
BAD 204495149623
BAD 204495149627
BAD 204495401401
BAD 204495518219
BAD 204460376479
BAD 204506712133
BAD 204506712143
BAD 204460766039
BAD 204460848343
BAD 204267806741
BAD 204268088503
BAD 204268088527
BAD 204268088533
BAD 204268133989
BAD 204507409849
BAD 204507563023
BAD 204507563027
BAD 204461442277
BAD 204461442281
BAD 204268957181
BAD 204268957183
BAD 204461893199
BAD 204461893201
BAD 204508840033
BAD 204269536747
BAD 204278340863
BAD 204269735063
BAD 204269888887
BAD 204510467377
BAD 204270760097
BAD 204279117409
BAD 204510749567
BAD 204511001083
BAD 204511001087
BAD 204511001089
BAD 204271422479
BAD 204511075843
BAD 204271491881
BAD 204271491883
BAD 204271491913
BAD 204271731493
BAD 204511392193
BAD 204272574503
BAD 204272700091
BAD 204272700097
BAD 204280393663
BAD 204280402663
BAD 204281284121
BAD 204274280101
BAD 204274280107
BAD 204281734247
BAD 204282253493
BAD 204282518669
BAD 204283033403
BAD 204275831299
BAD 204295886813
BAD 204276864367
BAD 204295886833
BAD 204276864371
BAD 204284002141
BAD 204284413163
BAD 204284413169
BAD 204284413171
BAD 204277522973
BAD 204277522979
BAD 204296604649
BAD 204296604653
BAD 204296604691
BAD 204296604727
BAD 204284838559
BAD 204285022471
BAD 204285022481
BAD 204285022483
BAD 204278012683
BAD 204286126921
BAD 204286126927
BAD 204286126931
BAD 204298429429
BAD 204298438459
BAD 204298584739
BAD 204298681099
BAD 204287497163
BAD 204287557027
BAD 204287557043
BAD 204298865233
BAD 204298865237
BAD 204287774237
BAD 204287774239
BAD 204299381491
BAD 204288427873
BAD 204288427877
BAD 204412463209
BAD 204413159323
BAD 204413445043
BAD 204413445079
BAD 204300684703
BAD 204300808669
BAD 204301188137
BAD 204301188139
BAD 204301533043
BAD 204290891053
BAD 204301807027
BAD 204414344089
BAD 204414344093
BAD 204414344107
BAD 204414344119
BAD 204414344137
BAD 204291273313
BAD 204291273317
BAD 204291273323
BAD 204291273337
BAD 204291561437
BAD 204291561443
BAD 204414561811
BAD 204302258651
BAD 204302258653
BAD 204414908507
BAD 204292210319
BAD 204292210321
BAD 204292210471
BAD 204292277279
BAD 204292277281
BAD 204414972413
BAD 204395649091
BAD 204395907907
BAD 204395907913
BAD 204292847351
BAD 204415838797
BAD 204397107953
BAD 204397107961
BAD 204397119853
BAD 204416455093
BAD 204416455097
BAD 204416455099
BAD 204293830399
BAD 204293915321
BAD 204294027307
BAD 204398787143
BAD 204363560099
BAD 204363560101
BAD 204294505703
BAD 204463199537
BAD 204463199539
BAD 204463199543
BAD 204463199557
BAD 204294814487
BAD 204294814489
BAD 204379678913
BAD 204302407531
BAD 204314181989
BAD 204364193237
BAD 204399509011
BAD 204314181991
BAD 204364193239
BAD 204294847021
BAD 204464175211
BAD 204302528057
BAD 204302528063
BAD 204302528083
BAD 204302531393
BAD 204399623179
BAD 204399623279
BAD 204399623303
BAD 204314292053
BAD 204418176769
BAD 204418176811
BAD 204418176841
BAD 204399740569
BAD 204302776081
BAD 204364585441
BAD 204418324013
BAD 204379914203
BAD 204364799101
BAD 204418626001
BAD 204400581173
BAD 204380489281
BAD 204328634137
BAD 204381286063
BAD 204315510439
BAD 204465271943
BAD 204401661203
BAD 204328634149
BAD 204304207453
BAD 204420208303
BAD 204304207531
BAD 204365901583
BAD 204328845053
BAD 204328846459
BAD 204328846471
BAD 204366076129
BAD 204420426901
BAD 204304395077
BAD 204304395079
BAD 204304446223
BAD 204465472249
BAD 204366202723
BAD 204315792517
BAD 204315792563
BAD 204366518821
BAD 204366518857
BAD 204304705391
BAD 204304705393
BAD 204465815513
BAD 204366733309
BAD 204366733313
BAD 204402586159
BAD 204421073309
BAD 204382678943
BAD 204546752873
BAD 204402741511
BAD 204330176249
BAD 204305520259
BAD 204330176251
BAD 204367100779
BAD 204402741541
BAD 204382678961
BAD 204382678963
BAD 204305520271
BAD 204330198697
BAD 204330278017
BAD 204421247143
BAD 204330385201
BAD 204330509567
BAD 204330509569
BAD 204330509573
BAD 204421420681
BAD 204305791441
BAD 204330672449
BAD 204330672451
BAD 204466734559
BAD 204466734583
BAD 204330725681
BAD 204330725689
BAD 204330725693
BAD 204421652803
BAD 204403410301
BAD 204367601833
BAD 204422202469
BAD 204384669919
BAD 204548348989
BAD 204317940287
BAD 204429955073
BAD 204403908901
BAD 204467891149
BAD 204422202473
BAD 204548348993
BAD 204548349013
BAD 204548349023
BAD 204548349037
BAD 204317974829
BAD 204318027919
BAD 204384758453
BAD 204422309417
BAD 204422309419
BAD 204318119743
BAD 204318119749
BAD 204468097633
BAD 204331010573
BAD 204422458843
BAD 204422458847
BAD 204422458859
BAD 204422458861
BAD 204422458873
BAD 204367863983
BAD 204367863991
BAD 204430382419
BAD 204430382423
BAD 204468378353
BAD 204368257837
BAD 204405975841
BAD 204422786963
BAD 204529969771
BAD 204307308991
BAD 204318568999
BAD 204331322563
BAD 204548646851
BAD 204307309027
BAD 204307309033
BAD 204331518533
BAD 204331523839
BAD 204423022801
BAD 204331523843
BAD 204331535911
BAD 204430643797
BAD 204307738807
BAD 204530448047
BAD 204530448049
BAD 204423400513
BAD 204307904939
BAD 204549329239
BAD 204549350449
BAD 204549355403
BAD 204549355411
BAD 204369142561
BAD 204369142567
BAD 204423927049
BAD 204469722727
BAD 204370255459
BAD 204407943797
BAD 204426747631
BAD 204385011581
BAD 204532632181
BAD 204549949579
BAD 204385011583
BAD 204332375581
BAD 204308915641
BAD 204332397499
BAD 204532728487
BAD 204408080647
BAD 204408080651
BAD 204408080671
BAD 204320631467
BAD 204320631469
BAD 204320631479
BAD 204320631481
BAD 204427074881
BAD 204332714903
BAD 204320883149
BAD 204427238419
BAD 204470142901
BAD 204370785277
BAD 204533310313
BAD 204533404147
BAD 204321319549
BAD 204550701097
BAD 204550701101
BAD 204550701109
BAD 204333583177
BAD 204470702629
BAD 204409334887
BAD 204470702633
BAD 204409334897
BAD 204470702641
BAD 204428348101
BAD 204428380561
BAD 204333631433
BAD 204385987979
BAD 204428432359
BAD 204428432371
BAD 204310154791
BAD 204322014157
BAD 204550828837
BAD 204563799977
BAD 204563799983
BAD 204563799997
BAD 204563800013
BAD 204563800037
BAD 204563800039
BAD 204563800043
BAD 204563874721
BAD 204534373763
BAD 204428850947
BAD 204428850949
BAD 204551237941
BAD 204534476563
BAD 204334011533
BAD 204322557463
BAD 204410137759
BAD 204431829551
BAD 204431829559
BAD 204534883459
BAD 204471416221
BAD 204551583263
BAD 204410189849
BAD 204551612207
BAD 204551614321
BAD 204471460243
BAD 204564602303
BAD 204386897647
BAD 204322664753
BAD 204322664761
BAD 204564696001
BAD 204386991073
BAD 204535171559
BAD 204564888113
BAD 204410547743
BAD 204410547749
BAD 204410547751
BAD 204334689809
BAD 204552007787
BAD 204552007789
BAD 204471746813
BAD 204311469853
BAD 204311469863
BAD 204311524163
BAD 204322937879
BAD 204322937881
BAD 204334852261
BAD 204410789137
BAD 204323293639
BAD 204372528757
BAD 204472709767
BAD 204567322853
BAD 204536482291
BAD 204311681191
BAD 204410789147
BAD 204433217839
BAD 204388875601
BAD 204552520819
BAD 204433217843
BAD 204567581191
BAD 204323448157
BAD 204552813403
BAD 204389190263
BAD 204433558921
BAD 204553044853
BAD 204411448783
BAD 204411448799
BAD 204335498797
BAD 204411560797
BAD 204411617461
BAD 204335631317
BAD 204335631319
BAD 204411741049
BAD 204389840233
BAD 204335771867
BAD 204553488409
BAD 204411829673
BAD 204434320183
BAD 204411829733
BAD 204568397483
BAD 204537418831
BAD 204324371899
BAD 204568397489
BAD 204473815759
BAD 204324371903
BAD 204537489503
BAD 204568716907
BAD 204554050669
BAD 204391159163
BAD 204412330627
BAD 204324836693
BAD 204324836699
BAD 204324925099
BAD 204324925159
BAD 204324925163
BAD 204324925169
BAD 204375034823
BAD 204391483873
BAD 204569215457
BAD 204569215519
BAD 204569278369
BAD 204569278393
BAD 204391800577
BAD 204391800583
BAD 204391800589
BAD 204474713701
BAD 204538737847
BAD 204436282291
BAD 204569948059
BAD 204376190527
BAD 204538737859
BAD 204538737863
BAD 204376266037
BAD 204436425847
BAD 204539033737
BAD 204392767451
BAD 204338769841
BAD 204326399083
BAD 204326399117
BAD 204326399119
BAD 204376613611
BAD 204376613621
BAD 204338956771
BAD 204554964961
BAD 204393239849
BAD 204475619969
BAD 204475619977
BAD 204393468583
BAD 204393468593
BAD 204393468599
BAD 204570983423
BAD 204393536873
BAD 204555266833
BAD 204539851127
BAD 204539851129
BAD 204327269101
BAD 204377761741
BAD 204572322463
BAD 204476076559
BAD 204327890821
BAD 204556792669
BAD 204541180979
BAD 204394003343
BAD 204340552609
BAD 204541180981
BAD 204438781531
BAD 204556792763
BAD 204556792771
BAD 204438781621
BAD 204438781643
BAD 204541216807
BAD 204556844783
BAD 204438904183
BAD 204572461883
BAD 204572537063
BAD 204328313689
BAD 204476345869
BAD 204572924299
BAD 204557103307
BAD 204378410087
BAD 204341247931
BAD 204476451667
BAD 204341307169
BAD 204439506473
BAD 204341409641
BAD 204378818263
BAD 204476600203
BAD 204378847201
BAD 204542016443
BAD 204575538257
BAD 204341589359
BAD 204558384187
BAD 204440066893
BAD 204575538259
BAD 204575538263
BAD 204395287543
BAD 204341702507
BAD 204395332553
BAD 204395332679
BAD 204476746583
BAD 204575911537
BAD 204575911559
BAD 204440523283
BAD 204576057703
BAD 204576238907
BAD 204576238913
BAD 204576441557
BAD 204342523283
BAD 204342671933
BAD 204342671947
BAD 204576720043
BAD 204576929327
BAD 204543164017
BAD 204343091521
BAD 204343091527
BAD 204343313989
BAD 204343314023
BAD 204441862579
BAD 204577819829
BAD 204478298209
BAD 204559791581
BAD 204442601017
BAD 204578368459
BAD 204578416817
BAD 204442843337
BAD 204442843343
BAD 204442932997
BAD 204442933001
BAD 204478589053
BAD 204478589071
BAD 204344082289
BAD 204443073529
BAD 204443073557
BAD 204443113859
BAD 204560496971
BAD 204544663703
BAD 204344215351
BAD 204578908957
BAD 204443345927
BAD 204578968723
BAD 204578968739
BAD 204478851589
BAD 204478851593
BAD 204560802461
BAD 204560802463
BAD 204560832299
BAD 204579243901
BAD 204443862677
BAD 204443862683
BAD 204443862691
BAD 204443862697
BAD 204479290969
BAD 204479290973
BAD 204444199979
BAD 204562277869
BAD 204444791233
BAD 204444962417
BAD 204444962419
BAD 204444962429
BAD 204563098111
BAD 204563353151
BAD 204563353153
BAD 204580468133
BAD 204580468139
BAD 204580637089
BAD 204581016659
BAD 204582622339
BAD 204582622357
BAD 204582795883
BAD 204582795889
BAD 204583813253
BAD 204584542583
BAD 204584564971
BAD 204584748257
BAD 204584748259
BAD 204585118321
BAD 204585416911
BAD 204585416923
BAD 204585416927
BAD 204585416929
BAD 204585416933
BAD 204585725503
BAD 204585829793
BAD 204585829801
BAD 204586695571
BAD 204586740409
BAD 204586740419
BAD 204586798657
BAD 204588098401
BAD 204588650953
BAD 204588650957
BAD 204589514093
BAD 204589514119
BAD 204589514123
BAD 204590053351
BAD 204590053379
BAD 204590053387
BAD 204590099977
BAD 204591443479
BAD 204591989219
BAD 204591989221
BAD 204592281529
BAD 204592826849
BAD 204592826863
BAD 204592826869
BAD 204593526503
BAD 204593526521
BAD 204593526523
BAD 204593526547
BAD 204594290959
BAD 204595421213
BAD 204595989019
BAD 204596477887
BAD 204614290043
BAD 204614290057
BAD 204614290073
BAD 204614379973
BAD 204614652331
BAD 204614652383
BAD 204616275769
BAD 204616275779
BAD 204616275781
BAD 204616284937
BAD 204616688599
BAD 204617283649
BAD 204617421649
BAD 204617421653
BAD 204617532811
BAD 204617532817
BAD 204620090593
BAD 204621114521
BAD 204622328681
BAD 204622328683
BAD 204622328689
BAD 204622328699
BAD 204623090167
BAD 204623090173
BAD 204624249923
BAD 204624597607
BAD 204626522509
BAD 204626857823
BAD 204628840861
BAD 204628840873
BAD 204628840903
BAD 204628840907
BAD 204628840909
BAD 204630234779
BAD 204597376813
BAD 204598682467
BAD 204598682473
BAD 204598851703
BAD 204598851713
BAD 204598896443
BAD 204598896479
BAD 204599145043
BAD 204601839599
BAD 204602018513
BAD 204602073499
BAD 204603387733
BAD 204603460993
BAD 204603779407
BAD 204603847339
BAD 204603906497
BAD 204604073677
BAD 204604073689
BAD 204604073761
BAD 204604790993
BAD 204604859497
BAD 204605788313
BAD 204606715321
BAD 204607535089
BAD 204608114567
BAD 204608114569
BAD 204608114573
BAD 204608262511
BAD 204609613147
BAD 204610386823
BAD 204610386833
BAD 204610386839
BAD 204610386847
BAD 204610778573
BAD 204612401683
BAD 204613389961
BAD 204630560843
BAD 204630582973
BAD 204632399827
BAD 204633175367
BAD 204635115107
BAD 204635115109
BAD 204635115131
BAD 204635115133
BAD 204635167679
BAD 204635244941
BAD 204635244943
BAD 204635383969
BAD 204635383987
BAD 204635413819
BAD 204635413823
BAD 204636019733
BAD 204636019739
BAD 204636019741
BAD 204636019747
BAD 204636213101
BAD 204636588733
BAD 204636831097
BAD 204636831103
BAD 204636831107
BAD 204636831109
BAD 204638213449
BAD 204638395163
BAD 204638395177
BAD 204638395183
BAD 204639388783
BAD 204639388801
BAD 204639850171
BAD 204640076497
BAD 204640099423
BAD 204640773943
BAD 204641217301
BAD 204641693329
BAD 204641746853
BAD 204641794069
BAD 204641794073
BAD 204642391033
BAD 204642680663
BAD 204642680677
BAD 204642680681
BAD 204642680701
BAD 204643695251
BAD 204643695253
BAD 204643789759
BAD 204644365997
BAD 204644365999
BAD 204645728929
BAD 204645728933
BAD 204646012009
BAD 204646416691
BAD 204714778069
BAD 204714778123
BAD 204715062593
BAD 204715254707
BAD 204715278151
BAD 204715632727
BAD 204715795553
BAD 204715795561
BAD 204716209993
BAD 204716558219
BAD 204665023447
BAD 204717688073
BAD 204718152733
BAD 204718181029
BAD 204666143939
BAD 204719253769
BAD 204719488937
BAD 204666645097
BAD 204720146593
BAD 204720146599
BAD 204720146611
BAD 204667234571
BAD 204667234573
BAD 204720383999
BAD 204667551559
BAD 204667823249
BAD 204667823251
BAD 204720964249
BAD 204668676371
BAD 204722086319
BAD 204722086321
BAD 204669657721
BAD 204669676139
BAD 204722492119
BAD 204670241011
BAD 204670401083
BAD 204722853917
BAD 204722853919
BAD 204670523209
BAD 204723128947
BAD 204671248879
BAD 204671248883
BAD 204671248889
BAD 204671248891
BAD 204673024711
BAD 204673769819
BAD 204674488433
BAD 204674520539
BAD 204674520541
BAD 204731184079
BAD 204731184083
BAD 204681007903
BAD 204676807319
BAD 204731184089
BAD 204676807327
BAD 204731184103
BAD 204676807331
BAD 204731374819
BAD 204731542051
BAD 204731792917
BAD 204731807461
BAD 204677017681
BAD 204681733481
BAD 204681733483
BAD 204681733489
BAD 204681989371
BAD 204681989401
BAD 204682080893
BAD 204682120847
BAD 204682120849
BAD 204682121003
BAD 204682121011
BAD 204682553611
BAD 204678436201
BAD 204678436213
BAD 204733086169
BAD 204733532789
BAD 204733532791
BAD 204683166697
BAD 204698113261
BAD 204698115733
BAD 204736381631
BAD 204723907951
BAD 204683565601
BAD 204736547731
BAD 204736646971
BAD 204683832799
BAD 204725065019
BAD 204699193099
BAD 204699193103
BAD 204699194783
BAD 204737555879
BAD 204737555881
BAD 204725526263
BAD 204725526277
BAD 204737960857
BAD 204699696433
BAD 204699696437
BAD 204738173749
BAD 204738173753
BAD 204738173771
BAD 204738465101
BAD 204738577591
BAD 204700052461
BAD 204700447031
BAD 204726729563
BAD 204700619581
BAD 204739322329
BAD 204679706269
BAD 204740007629
BAD 204740007631
BAD 204727675729
BAD 204740022541
BAD 204680502683
BAD 204686824943
BAD 204686824949
BAD 204680752921
BAD 204740488111
BAD 204740701183
BAD 204740701189
BAD 204740701259
BAD 204740701261
BAD 204740701267
BAD 204740701273
BAD 204687574669
BAD 204741459037
BAD 204688496011
BAD 204688496017
BAD 204688665409
BAD 204688665413
BAD 204688665421
BAD 204729893479
BAD 204729893483
BAD 204729937703
BAD 204742072771
BAD 204742562093
BAD 204742579519
BAD 204742579523
BAD 204742579529
BAD 204742579537
BAD 204742799203
BAD 204730661929
BAD 204647868781
BAD 204701361127
BAD 204701361133
BAD 204730671227
BAD 204730671241
BAD 204731121083
BAD 204648328043
BAD 204690049913
BAD 204690049919
BAD 204690049931
BAD 204690049933
BAD 204690049939
BAD 204648619607
BAD 204648619613
BAD 204648619619
BAD 204648619621
BAD 204745349329
BAD 204690788447
BAD 204648986963
BAD 204691093091
BAD 204691141099
BAD 204745802999
BAD 204745803001
BAD 204704170163
BAD 204746183927
BAD 204746183933
BAD 204691888861
BAD 204649893533
BAD 204692299151
BAD 204692299169
BAD 204705592111
BAD 204650413091
BAD 204692299171
BAD 204650445913
BAD 204746890303
BAD 204650768011
BAD 204747239581
BAD 204692897183
BAD 204692897191
BAD 204692897197
BAD 204692897221
BAD 204747283313
BAD 204650937053
BAD 204693127843
BAD 204693170267
BAD 204693385891
BAD 204651500099
BAD 204651500101
BAD 204706802669
BAD 204706802681
BAD 204706802683
BAD 204706802711
BAD 204707045273
BAD 204707045281
BAD 204694315723
BAD 204707096821
BAD 204694732843
BAD 204707541673
BAD 204652446293
BAD 204652468907
BAD 204707880541
BAD 204652469059
BAD 204695640811
BAD 204695643931
BAD 204695643953
BAD 204707977321
BAD 204652637753
BAD 204652702193
BAD 204696090043
BAD 204696163327
BAD 204696402223
BAD 204696402277
BAD 204696402293
BAD 204708702773
BAD 204709378739
BAD 204697116629
BAD 204697116733
BAD 204654520339
BAD 204710690969
BAD 204710690971
BAD 204710690981
BAD 204710690983
BAD 204710742293
BAD 204710897731
BAD 204710897737
BAD 204655684369
BAD 204711559597
BAD 204711559601
BAD 204711559631
BAD 204711559651
BAD 204656173541
BAD 204656173543
BAD 204656928781
BAD 204656928787
BAD 204656928793
BAD 204713047883
BAD 204657451643
BAD 204713442083
BAD 204932536283
BAD 204658092113
BAD 204932825327
BAD 204714321899
BAD 204714321901
BAD 204933304703
BAD 204933507049
BAD 204933662293
BAD 204933662299
BAD 204933662303
BAD 204933662309
BAD 204933662317
BAD 204933662333
BAD 204933662341
BAD 204933717301
BAD 204659540893
BAD 204934155961
BAD 204934698887
BAD 204934698889
BAD 204934698893
BAD 204935041651
BAD 204935041657
BAD 204660962719
BAD 204935041723
BAD 204661111931
BAD 204661111933
BAD 204661111937
BAD 204661538033
BAD 204935995073
BAD 204936417479
BAD 204663331429
BAD 204663438079
BAD 204937628899
BAD 204937737239
BAD 204937737241
BAD 204950218667
BAD 204950218673
BAD 204950757959
BAD 204950757961
BAD 204951107681
BAD 204951107689
BAD 204951107693
BAD 204951107743
BAD 204951107761
BAD 204951440437
BAD 204951440443
BAD 204951440453
BAD 204952153141
BAD 204952337749
BAD 204952337753
BAD 204952373971
BAD 204952647023
BAD 204939638087
BAD 204939638089
BAD 204953319773
BAD 204953803633
BAD 204940476649
BAD 204940571123
BAD 204954098807
BAD 204954098821
BAD 204954164383
BAD 204941550823
BAD 204848665649
BAD 204942379223
BAD 204942379231
BAD 204850162357
BAD 204956942657
BAD 204850912741
BAD 204851077771
BAD 204851751197
BAD 204958209793
BAD 204958209803
BAD 204943646683
BAD 204943646707
BAD 204958790359
BAD 204958790363
BAD 204958887361
BAD 204959061233
BAD 204959061253
BAD 204852721643
BAD 204959575573
BAD 204959604413
BAD 204944383453
BAD 204944383463
BAD 204944383471
BAD 204959822077
BAD 204959888747
BAD 204959888767
BAD 204959888779
BAD 204960099307
BAD 204960378563
BAD 204960378577
BAD 204854306413
BAD 204945071911
BAD 204945071941
BAD 204945135433
BAD 204945135443
BAD 204854718799
BAD 204945280853
BAD 204961611319
BAD 204855647903
BAD 204961829101
BAD 204961883417
BAD 204962010823
BAD 204962318573
BAD 204962318653
BAD 204856454927
BAD 204856685863
BAD 204856775611
BAD 204962883187
BAD 204856872823
BAD 204963346111
BAD 204947777821
BAD 204859100191
BAD 204859100197
BAD 204859211797
BAD 204859211803
BAD 204859211813
BAD 204859351693
BAD 204859719377
BAD 204859719473
BAD 204949112143
BAD 204764745781
BAD 204764849357
BAD 204860897467
BAD 204860897471
BAD 204860897473
BAD 204860897477
BAD 204861009109
BAD 204965699723
BAD 204861655643
BAD 204861655651
BAD 204766357591
BAD 204862648013
BAD 204862701739
BAD 204767337083
BAD 204767569507
BAD 204767713097
BAD 204767713099
BAD 204767713103
BAD 204863503829
BAD 204864234143
BAD 204864234193
BAD 204768718667
BAD 204769285909
BAD 204769482739
BAD 204865082189
BAD 204865121809
BAD 204865121831
BAD 204865374643
BAD 204770077559
BAD 204770574403
BAD 204771521839
BAD 204772159591
BAD 204772289003
BAD 204773045311
BAD 204798894709
BAD 204799316587
BAD 204799610371
BAD 204832381189
BAD 204800168003
BAD 204800414369
BAD 204800848727
BAD 204775222243
BAD 204801514583
BAD 204801570367
BAD 204775693169
BAD 204775802479
BAD 204801937621
BAD 204834322061
BAD 204834322079
BAD 204775944851
BAD 204775944853
BAD 204781814191
BAD 204802097063
BAD 204802097089
BAD 204802164913
BAD 204834420841
BAD 204776368499
BAD 204776368501
BAD 204899255027
BAD 204748555519
BAD 204748555523
BAD 204835340341
BAD 204835340363
BAD 204776813149
BAD 204802975901
BAD 204748761671
BAD 204748761673
BAD 204748761677
BAD 204748840493
BAD 204748840507
BAD 204748840511
BAD 204803268217
BAD 204748872709
BAD 204782476109
BAD 204899862781
BAD 204899862787
BAD 204777399583
BAD 204749093011
BAD 204803592269
BAD 204782657089
BAD 204803763979
BAD 204777898141
BAD 204900316367
BAD 204804148799
BAD 204900558013
BAD 204900558019
BAD 204837181273
BAD 204837181379
BAD 204837183917
BAD 204749892211
BAD 204778533923
BAD 204778576063
BAD 204778576069
BAD 204783508519
BAD 204783508547
BAD 204783508549
BAD 204900936577
BAD 204804788779
BAD 204778956059
BAD 204778956061
BAD 204783680791
BAD 204901275661
BAD 204901275679
BAD 204901319033
BAD 204750808957
BAD 204815663963
BAD 204815681159
BAD 204966691051
BAD 204779438471
BAD 204779438473
BAD 204779438483
BAD 204966724357
BAD 204903665233
BAD 204779438497
BAD 204917867911
BAD 204751096279
BAD 204784689833
BAD 204816686413
BAD 204839075827
BAD 204903665237
BAD 204805535833
BAD 204805535839
BAD 204839157331
BAD 204839157379
BAD 204805612189
BAD 204751271323
BAD 204751271341
BAD 204779720501
BAD 204779720503
BAD 204817037303
BAD 204817129819
BAD 204805904399
BAD 204805904453
BAD 204817193773
BAD 204805949507
BAD 204806022461
BAD 204806022467
BAD 204806022469
BAD 204967322111
BAD 204967322113
BAD 204839982757
BAD 204904225627
BAD 204882499109
BAD 204752098097
BAD 204882499111
BAD 204752098099
BAD 204785552077
BAD 204818041973
BAD 204806671903
BAD 204840309109
BAD 204840309137
BAD 204752398033
BAD 204780632363
BAD 204968052661
BAD 204968138171
BAD 204968138173
BAD 204840602513
BAD 204904698601
BAD 204840653107
BAD 204883168691
BAD 204919194889
BAD 204807151793
BAD 204786313709
BAD 204752994053
BAD 204841067471
BAD 204781265237
BAD 204781265239
BAD 204968773027
BAD 204968859593
BAD 204841329769
BAD 204781459807
BAD 204919558957
BAD 204883929797
BAD 204865399381
BAD 204969598987
BAD 204786749603
BAD 204819331433
BAD 204969598991
BAD 204883929799
BAD 204969598993
BAD 204753485003
BAD 204807911831
BAD 204842119487
BAD 204819331441
BAD 204753485011
BAD 204807911851
BAD 204786753089
BAD 204753485017
BAD 204842119499
BAD 204753485021
BAD 204786753091
BAD 204753485023
BAD 204842119501
BAD 204905334863
BAD 204842250253
BAD 204842250359
BAD 204786930013
BAD 204753727201
BAD 204808336891
BAD 204905714291
BAD 204970166461
BAD 204842940241
BAD 204884548559
BAD 204787930481
BAD 204920609087
BAD 204809811113
BAD 204866482363
BAD 204755481661
BAD 204787930483
BAD 204820236293
BAD 204809811119
BAD 204809811121
BAD 204970172843
BAD 204787956173
BAD 204820325023
BAD 204884707697
BAD 204884707723
BAD 204866876029
BAD 204866876033
BAD 204866876111
BAD 204970695343
BAD 204843628217
BAD 204843628219
BAD 204906609547
BAD 204756005291
BAD 204788680781
BAD 204810591373
BAD 204810591389
BAD 204810591397
BAD 204756177869
BAD 204756177893
BAD 204810716609
BAD 204907294237
BAD 204971125253
BAD 204810716611
BAD 204885854653
BAD 204789738977
BAD 204922693609
BAD 204844591849
BAD 204885854669
BAD 204885854671
BAD 204844591859
BAD 204885854713
BAD 204844612969
BAD 204844612979
BAD 204907322303
BAD 204907329509
BAD 204869432569
BAD 204869524073
BAD 204810894493
BAD 204810894499
BAD 204810894503
BAD 204869537513
BAD 204821240269
BAD 204845126557
BAD 204845126561
BAD 204907815271
BAD 204907815361
BAD 204971923049
BAD 204756889331
BAD 204756889333
BAD 204792936793
BAD 204908516473
BAD 204924071153
BAD 204870688639
BAD 204886481573
BAD 204972362143
BAD 204813129613
BAD 204908516479
BAD 204870688651
BAD 204792936809
BAD 204985325893
BAD 204792936811
BAD 204985325903
BAD 204845959711
BAD 204972695251
BAD 204886788149
BAD 204886788151
BAD 204793265753
BAD 204846084673
BAD 204846177391
BAD 204846177563
BAD 204813608687
BAD 204973016959
BAD 204909085441
BAD 204909117529
BAD 204909117533
BAD 204871503173
BAD 204871689769
BAD 204887527171
BAD 204846880219
BAD 204871812059
BAD 204925695061
BAD 204822183463
BAD 204974012497
BAD 204796801571
BAD 204986776879
BAD 204909532549
BAD 204814581623
BAD 204847064467
BAD 204888513527
BAD 204871828691
BAD 204909560563
BAD 204888565051
BAD 204847257187
BAD 204974309893
BAD 204926120701
BAD 204822604507
BAD 204797275703
BAD 204909983287
BAD 204757300183
BAD 204757300193
BAD 204757300201
BAD 204847664027
BAD 204847664029
BAD 204847664033
BAD 204847664041
BAD 204889082459
BAD 204926344801
BAD 204757382341
BAD 204757382407
BAD 204757382429
BAD 204797460233
BAD 204975393277
BAD 204911027899
BAD 204823170557
BAD 204926439709
BAD 204987376189
BAD 204848264953
BAD 204757382437
BAD 204926439721
BAD 204890236373
BAD 204987507661
BAD 204987507691
BAD 204823323113
BAD 204823323143
BAD 204823323149
BAD 204926593093
BAD 204890419109
BAD 204823453033
BAD 204890582203
BAD 204975840533
BAD 204988108783
BAD 204988108813
BAD 204988108823
BAD 204988108837
BAD 204988108841
BAD 204988108847
BAD 204988108849
BAD 204798160519
BAD 204798160529
BAD 204798160531
BAD 204927550903
BAD 204891371611
BAD 204988289791
BAD 204872300713
BAD 204911778859
BAD 204988289837
BAD 204848580793
BAD 204988289839
BAD 204848580799
BAD 204848580803
BAD 204988420859
BAD 204912047089
BAD 204891782833
BAD 204977165557
BAD 204891795973
BAD 204891872503
BAD 204912281753
BAD 204872821523
BAD 204872821529
BAD 204928207153
BAD 204892087507
BAD 204977537881
BAD 204977599067
BAD 204977599069
BAD 204892272973
BAD 204912739043
BAD 204912866149
BAD 204912866161
BAD 204928599587
BAD 204928599593
BAD 204989298749
BAD 204759288793
BAD 204825435623
BAD 204928599613
BAD 204989298751
BAD 204989298757
BAD 204825435631
BAD 204913294409
BAD 204913294441
BAD 204759398453
BAD 204873693407
BAD 204759470911
BAD 204989870021
BAD 204989870023
BAD 204989870027
BAD 204759827653
BAD 204978683603
BAD 204913978369
BAD 204913978393
BAD 204989938213
BAD 204825917453
BAD 204874396109
BAD 204874414837
BAD 204893684873
BAD 204826009229
BAD 204826009231
BAD 204929713607
BAD 204929778103
BAD 204760332631
BAD 204760332649
BAD 204990642509
BAD 204914799109
BAD 204930087227
BAD 204990642511
BAD 204914799127
BAD 204914799169
BAD 204990642517
BAD 204990642523
BAD 204930101081
BAD 204930101083
BAD 204930101087
BAD 204914882723
BAD 204894432931
BAD 204826406437
BAD 204894622489
BAD 204760574597
BAD 204875456507
BAD 204875456509
BAD 204875456521
BAD 204826719373
BAD 204826719379
BAD 204991420351
BAD 204991420357
BAD 204980290589
BAD 204980290591
BAD 204980290597
BAD 204991554473
BAD 204895479253
BAD 204991776163
BAD 204876208807
BAD 204931023769
BAD 204761875991
BAD 204761875993
BAD 204761894977
BAD 204896536597
BAD 204931725923
BAD 204896792803
BAD 204932048213
BAD 204762532553
BAD 204993386251
BAD 204827917477
BAD 204993412531
BAD 204877613201
BAD 204877707449
BAD 204877707451
BAD 204993734513
BAD 204993751411
BAD 204993830719
BAD 204994090201
BAD 204994090207
BAD 204898058699
BAD 204763366649
BAD 204763366651
BAD 204898336759
BAD 204879069193
BAD 204828849629
BAD 204879343303
BAD 204764133089
BAD 204995597971
BAD 204995597977
BAD 204764481169
BAD 204829198423
BAD 204879901229
BAD 204879901231
BAD 204829206919
BAD 204829383683
BAD 204829662649
BAD 204996332273
BAD 204996332287
BAD 204880866877
BAD 204829758053
BAD 204996780473
BAD 204996780509
BAD 204997190449
BAD 204830314861
BAD 204830352863
BAD 204830629109
BAD 204997964029
BAD 204830823361
BAD 204830823367
BAD 204830874013
BAD 204998209613
BAD 204998330731
BAD 204831135631
BAD 204831135647
BAD 204998818579
BAD 204998932181
BAD 204998932183
BAD 204999038791
BAD 204999038809
BAD 204831602119
BAD 204831602123
BAD 204999137983
BAD 204999554171
BAD 204999554173
BAD 205000424477
BAD 205000424479
BAD 205000872473
BAD 205001085413
BAD 205001171413
BAD 205001171563
BAD 205001171567
BAD 205001171569
BAD 205001706227
BAD 205001706229
BAD 205001835931
BAD 205001835937
BAD 205001835943
BAD 205001835949
BAD 205001835953
BAD 205001873701
BAD 205003676123
BAD 205003676131
BAD 205004262863
BAD 205004651611
BAD 205004651617
BAD 205005230923
BAD 205005230993
BAD 205005266657
BAD 205005266659
BAD 205006230397
BAD 205006253041
BAD 205006940113
BAD 205006940119
BAD 205006940123
BAD 205008493673
BAD 205008493681
BAD 205009566847
BAD 205009566851
BAD 205010009947
BAD 205010653189
BAD 205010653193
BAD 205010653207
BAD 205011268183
BAD 205011992851
BAD 205012142369
BAD 205012142371
BAD 205012142389
BAD 205012142393
BAD 205012205327
BAD 205012205329
BAD 205013455043
BAD 205013795671
BAD 205014127607
BAD 205014127609
BAD 205014127613
BAD 205014127621
BAD 205014127627
BAD 205014127631
BAD 205014661219
BAD 205014661223
BAD 205015563691
BAD 205017602917
BAD 205017602947
BAD 205018152571
BAD 205018152589
BAD 205019634047
BAD 205020371867
BAD 205020735653
BAD 205020979159
BAD 205021322059
BAD 205021322063
BAD 205022523271
BAD 205022701427
BAD 205023359041
BAD 205026249301
BAD 205027766329
BAD 205028642603
BAD 205029910411
BAD 205029910417
BAD 205030481723
BAD 205030481729
BAD 205030481731
BAD 205030847647
BAD 205030913117
BAD 205032094489
BAD 205032903487
BAD 205034393797
BAD 205034946763
BAD 205035713063
BAD 205036037419
BAD 205037186449
BAD 205037519189
BAD 205037519191
BAD 205037921251
BAD 205037989861
BAD 205038208493
BAD 205100305633
BAD 205100997601
BAD 205101997823
BAD 205102518949
BAD 205103746663
BAD 205104578221
BAD 205104853663
BAD 205039354463
BAD 205117503757
BAD 205117503761
BAD 205117729567
BAD 205117741613
BAD 205041125239
BAD 205041125243
BAD 205041358703
BAD 205118962693
BAD 205042198457
BAD 205042198463
BAD 205119665063
BAD 205119693941
BAD 205119693943
BAD 205043580473
BAD 205043683111
BAD 205120750283
BAD 205105303919
BAD 205121562563
BAD 205121813093
BAD 205122073397
BAD 205122073399
BAD 205106969281
BAD 205122639443
BAD 205122639451
BAD 205107286081
BAD 205123425233
BAD 205043723921
BAD 205043723923
BAD 205043723933
BAD 205043723939
BAD 205043723947
BAD 205043902649
BAD 205135418123
BAD 205109254039
BAD 205109762639
BAD 205136272819
BAD 205136272823
BAD 205136272829
BAD 205136272837
BAD 205136272853
BAD 205110324953
BAD 205045212143
BAD 205111108087
BAD 205111518763
BAD 205111571813
BAD 205111626463
BAD 205111641047
BAD 205137297199
BAD 205111738003
BAD 205111738009
BAD 205046882231
BAD 205046900221
BAD 205112389411
BAD 205047886139
BAD 205047942403
BAD 205113017209
BAD 205048044191
BAD 205048044193
BAD 205048044197
BAD 205048044199
BAD 205138925921
BAD 205113291289
BAD 205113291293
BAD 205048919129
BAD 205049101157
BAD 205049101171
BAD 205049206157
BAD 205049206163
BAD 205114464523
BAD 205114490071
BAD 205140386791
BAD 205114903193
BAD 205115174981
BAD 205115174983
BAD 205141240363
BAD 205141240393
BAD 205115672929
BAD 205115672933
BAD 205141425023
BAD 205141855189
BAD 205116568471
BAD 205142222191
BAD 205116885187
BAD 205116885199
BAD 205123726109
BAD 205124347627
BAD 205124851681
BAD 205124870779
BAD 205143960913
BAD 205125293041
BAD 205144105433
BAD 205144106971
BAD 205144324237
BAD 205145130737
BAD 205145130739
BAD 205126412693
BAD 205126650083
BAD 205145339473
BAD 205126988713
BAD 205127172023
BAD 205127272093
BAD 205145970461
BAD 205145970509
BAD 205146584063
BAD 205146708527
BAD 205146944243
BAD 205147652729
BAD 205149034733
BAD 205149288623
BAD 205149288637
BAD 205127573191
BAD 205127573201
BAD 205127792431
BAD 205128078109
BAD 205128566449
BAD 205128566453
BAD 205128859031
BAD 205128859051
BAD 205129447361
BAD 205129667597
BAD 205129667599
BAD 205130031143
BAD 205130452441
BAD 205130668129
BAD 205131091981
BAD 205131101183
BAD 205131101191
BAD 205131270847
BAD 205131958027
BAD 205132213219
BAD 205132213249
BAD 205132213291
BAD 205132213303
BAD 205132262831
BAD 205132262833
BAD 205132262837
BAD 205132384973
BAD 205132384999
BAD 205132802881
BAD 205133205383
BAD 205133205401
BAD 205133764579
BAD 205151052527
BAD 205151052553
BAD 205151226953
BAD 205152715639
BAD 205152715643
BAD 205152873511
BAD 205152873517
BAD 205153324249
BAD 205153324289
BAD 205153329247
BAD 205068852323
BAD 205068882097
BAD 205069059499
BAD 205069059509
BAD 205156425829
BAD 205069795531
BAD 205070181983
BAD 205070182003
BAD 205070182007
BAD 205070182013
BAD 205070789731
BAD 205157851529
BAD 205157851531
BAD 205157851553
BAD 205157851583
BAD 205157988653
BAD 205050190921
BAD 205050619903
BAD 205083988973
BAD 205083989029
BAD 205158659323
BAD 205072413323
BAD 205051183691
BAD 205051183693
BAD 205084310077
BAD 205051651921
BAD 205073280931
BAD 205084706933
BAD 205084918891
BAD 205084918897
BAD 205084931783
BAD 205052164883
BAD 205085019551
BAD 205085019553
BAD 205085019571
BAD 205085100529
BAD 205085100533
BAD 205074015499
BAD 205160459519
BAD 205160459533
BAD 205052933971
BAD 205160552669
BAD 205074621091
BAD 205074621097
BAD 205160996569
BAD 205086013081
BAD 205074807199
BAD 205054132643
BAD 205086013087
BAD 205167516187
BAD 205074807227
BAD 205054132663
BAD 205086013109
BAD 205074807229
BAD 205074842741
BAD 205074842743
BAD 205074842747
BAD 205086044357
BAD 205054279193
BAD 205054589539
BAD 205054848109
BAD 205168117741
BAD 205075717019
BAD 205075932049
BAD 205075932053
BAD 205075932059
BAD 205075935541
BAD 205086684857
BAD 205162832269
BAD 205087222603
BAD 205087222609
BAD 205087721413
BAD 205077065629
BAD 205077065653
BAD 205077065659
BAD 205056702203
BAD 205077382087
BAD 205077382093
BAD 205056927241
BAD 205169794409
BAD 205169794411
BAD 205169807639
BAD 205169807641
BAD 205164467527
BAD 205164699517
BAD 205078304213
BAD 205170273023
BAD 205165177043
BAD 205170599041
BAD 205079842399
BAD 205079842403
BAD 205079920729
BAD 205166698799
BAD 205171333973
BAD 205171333979
BAD 205171334003
BAD 205171395733
BAD 205167097951
BAD 205167191381
BAD 205059072739
BAD 205080470893
BAD 205080470929
BAD 205059185083
BAD 205172132089
BAD 205172132093
BAD 205080975053
BAD 205060318711
BAD 205092206927
BAD 205172425853
BAD 205092639061
BAD 205092639097
BAD 205092752989
BAD 205092752993
BAD 205092762529
BAD 205082156729
BAD 205082156731
BAD 205082218969
BAD 205061615701
BAD 205082275591
BAD 205061717929
BAD 205173691537
BAD 205173691561
BAD 205173691573
BAD 205173691579
BAD 205173720827
BAD 205173720833
BAD 205173864601
BAD 205173864619
BAD 205173951617
BAD 205173951623
BAD 205175124667
BAD 205175124673
BAD 205094381599
BAD 205175446121
BAD 205175446123
BAD 205063549183
BAD 205094625523
BAD 205094869183
BAD 205095279001
BAD 205095605329
BAD 205095605333
BAD 205176860659
BAD 205177365721
BAD 205177365727
BAD 205177365739
BAD 205065023567
BAD 205065023573
BAD 205177515061
BAD 205096320997
BAD 205096629433
BAD 205178123627
BAD 205178123629
BAD 205096857547
BAD 205096857551
BAD 205065779467
BAD 205065779473
BAD 205065779483
BAD 205178918437
BAD 205066114471
BAD 205066114531
BAD 205066168757
BAD 205066168759
BAD 205066168777
BAD 205066168781
BAD 205066187971
BAD 205201698371
BAD 205098440543
BAD 205098440557
BAD 205201739123
BAD 205066291897
BAD 205201800389
BAD 205066334623
BAD 205066334657
BAD 205066334659
BAD 205066334663
BAD 205066570169
BAD 205066570171
BAD 205066570249
BAD 205066570253
BAD 205066570271
BAD 205066570283
BAD 205098793433
BAD 205202172949
BAD 205202172953
BAD 205180815661
BAD 205202359013
BAD 205202359027
BAD 205202475019
BAD 205099128517
BAD 205181414227
BAD 205203373273
BAD 205203433313
BAD 205203433333
BAD 205182112931
BAD 205203921469
BAD 205182941611
BAD 205204229521
BAD 205204479091
BAD 205204504649
BAD 205204504651
BAD 205204736729
BAD 205204736731
BAD 205183598407
BAD 205183598423
BAD 205184129057
BAD 205206091373
BAD 205206091429
BAD 205206518731
BAD 205206709333
BAD 205208143123
BAD 205208143141
BAD 205208315777
BAD 205208315779
BAD 205208407849
BAD 205208775493
BAD 205209727057
BAD 205211989141
BAD 205212494479
BAD 205212494483
BAD 205212494491
BAD 205212653941
BAD 205214149417
BAD 205214149421
BAD 205214149423
BAD 205268301113
BAD 205215961471
BAD 205215961477
BAD 205216034851
BAD 205216187893
BAD 205216514029
BAD 205216514039
BAD 205269244183
BAD 205217233297
BAD 205217462777
BAD 205269793303
BAD 205269793307
BAD 205184318431
BAD 205269841393
BAD 205269915209
BAD 205184982199
BAD 205184982203
BAD 205270471673
BAD 205270922419
BAD 205185530959
BAD 205185868499
BAD 205185868501
BAD 205185877223
BAD 205186653179
BAD 205186920667
BAD 205187017463
BAD 205272689317
BAD 205272689327
BAD 205272689329
BAD 205272689333
BAD 205272689341
BAD 205273260197
BAD 205187970577
BAD 205273352419
BAD 205188171931
BAD 205189036489
BAD 205189093231
BAD 205189370003
BAD 205275787459
BAD 205275787463
BAD 205275787469
BAD 205275787471
BAD 205275787477
BAD 205275787537
BAD 205285037239
BAD 205276594069
BAD 205276676351
BAD 205285256131
BAD 205285343933
BAD 205285343941
BAD 205190900657
BAD 205190900659
BAD 205190915513
BAD 205191120773
BAD 205285724701
BAD 205277414539
BAD 205286429149
BAD 205287282091
BAD 205287282097
BAD 205287282103
BAD 205287282107
BAD 205278581219
BAD 205288496729
BAD 205192270093
BAD 205288496731
BAD 205192270099
BAD 205288823603
BAD 205192842203
BAD 205289221021
BAD 205279417843
BAD 205279488871
BAD 205279488877
BAD 205289676743
BAD 205289749531
BAD 205289787277
BAD 205279881523
BAD 205289854271
BAD 205193952541
BAD 205193952571
BAD 205280193451
BAD 205290301981
BAD 205290301987
BAD 205290301991
BAD 205290408361
BAD 205194697711
BAD 205280651209
BAD 205280865793
BAD 205280870029
BAD 205195459153
BAD 205195459163
BAD 205291602883
BAD 205291737097
BAD 205281810661
BAD 205282406419
BAD 205292502361
BAD 205292613347
BAD 205292613349
BAD 205292664859
BAD 205292664869
BAD 205196357437
BAD 205196357441
BAD 205196357449
BAD 205293180493
BAD 205197121433
BAD 205197134603
BAD 205197134609
BAD 205293596653
BAD 205293954739
BAD 205283577439
BAD 205197906449
BAD 205197906451
BAD 205197906457
BAD 205283841163
BAD 205283921701
BAD 205198704863
BAD 205295465273
BAD 205295465437
BAD 205284609769
BAD 205284609773
BAD 205284609779
BAD 205284609781
BAD 205296258329
BAD 205200419131
BAD 205296258331
BAD 205200617071
BAD 205200617077
BAD 205200617081
BAD 205296783883
BAD 205297022831
BAD 205297022839
BAD 205297237727
BAD 205297237729
BAD 205402783939
BAD 205402952719
BAD 205403184263
BAD 205403232589
BAD 205403288383
BAD 205298222947
BAD 205298240453
BAD 205403556781
BAD 205403556863
BAD 205403780867
BAD 205403780873
BAD 205403780893
BAD 205403780903
BAD 205404173927
BAD 205404173929
BAD 205404829811
BAD 205405056319
BAD 205405056323
BAD 205300342433
BAD 205300342441
BAD 205406546753
BAD 205406921273
BAD 205406921303
BAD 205406949703
BAD 205406976683
BAD 205406976689
BAD 205301124667
BAD 205301124671
BAD 205301124673
BAD 205419288617
BAD 205419869899
BAD 205419869917
BAD 205420509433
BAD 205408862237
BAD 205336789381
BAD 205337229137
BAD 205337229143
BAD 205337265499
BAD 205410061573
BAD 205410619033
BAD 205410619039
BAD 205338277667
BAD 205338277673
BAD 205422674213
BAD 205338698989
BAD 205423207291
BAD 205423207303
BAD 205411904881
BAD 205423398053
BAD 205412195251
BAD 205339837631
BAD 205340074321
BAD 205301863847
BAD 205340249123
BAD 205340249161
BAD 205302058183
BAD 205302058201
BAD 205302387743
BAD 205302387757
BAD 205425053791
BAD 205425180991
BAD 205425218071
BAD 205425352213
BAD 205425352351
BAD 205413203357
BAD 205425743069
BAD 205303068589
BAD 205425743071
BAD 205303449607
BAD 205303639297
BAD 205303819043
BAD 205414328869
BAD 205414354207
BAD 205414354213
BAD 205303846339
BAD 205342178149
BAD 205369047397
BAD 205369047413
BAD 205342337933
BAD 205369115467
BAD 205342592513
BAD 205414693703
BAD 205304215913
BAD 205352287837
BAD 205319086913
BAD 205369296563
BAD 205369316609
BAD 205369316611
BAD 205369316641
BAD 205369378919
BAD 205342866251
BAD 205415494267
BAD 205251403831
BAD 205251472201
BAD 205305304283
BAD 205305304297
BAD 205416092683
BAD 205353373283
BAD 205319862767
BAD 205370370859
BAD 205370370869
BAD 205370370871
BAD 205416546053
BAD 205353760069
BAD 205343824999
BAD 205370477171
BAD 205370477173
BAD 205370477183
BAD 205306123249
BAD 205370599501
BAD 205354298003
BAD 205307370811
BAD 205253606227
BAD 205320428149
BAD 205370599507
BAD 205417426483
BAD 205344038539
BAD 205320428153
BAD 205307403467
BAD 205307519267
BAD 205307595733
BAD 205253995589
BAD 205253995591
BAD 205370907113
BAD 205370907121
BAD 205370907127
BAD 205417878823
BAD 205254418409
BAD 205254418417
BAD 205344850001
BAD 205344850003
BAD 205344852341
BAD 205344852343
BAD 205344852347
BAD 205308192169
BAD 205308192181
BAD 205308327743
BAD 205308331843
BAD 205254788371
BAD 205254875377
BAD 205322100131
BAD 205355594443
BAD 205427618629
BAD 205418909303
BAD 205322100133
BAD 205346189977
BAD 205418909309
BAD 205427618633
BAD 205308658141
BAD 205254916301
BAD 205308754769
BAD 205427713717
BAD 205427713723
BAD 205427713739
BAD 205371556699
BAD 205371556703
BAD 205346580871
BAD 205371760127
BAD 205371760129
BAD 205356118879
BAD 205356118889
BAD 205255272931
BAD 205255272941
BAD 205346811869
BAD 205346811871
BAD 205356374183
BAD 205356374191
BAD 205356655319
BAD 205356655321
BAD 205309637899
BAD 205256021881
BAD 205372762279
BAD 205428536777
BAD 205348582459
BAD 205322831453
BAD 205428536801
BAD 205357350409
BAD 205348582463
BAD 205348582469
BAD 205348582471
BAD 205357350413
BAD 205357399433
BAD 205372936343
BAD 205256216779
BAD 205256216783
BAD 205428678503
BAD 205428678517
BAD 205428678523
BAD 205428678527
BAD 205428678529
BAD 205428678541
BAD 205373099663
BAD 205357722151
BAD 205310022761
BAD 205310022763
BAD 205310022769
BAD 205256633479
BAD 205358056411
BAD 205373529593
BAD 205349049601
BAD 205349049611
BAD 205310513249
BAD 205373725423
BAD 205323584287
BAD 205310513251
BAD 205349049613
BAD 205373725433
BAD 205349049617
BAD 205323584293
BAD 205373725439
BAD 205373725441
BAD 205349083733
BAD 205373804843
BAD 205373804851
BAD 205310714513
BAD 205349290891
BAD 205358531263
BAD 205374125717
BAD 205374125741
BAD 205374125743
BAD 205429600879
BAD 205311706309
BAD 205257855443
BAD 205375126027
BAD 205429979017
BAD 205429979023
BAD 205375270091
BAD 205325047709
BAD 205359752419
BAD 205258155623
BAD 205359752431
BAD 205258190063
BAD 205431273427
BAD 205351426927
BAD 205217986321
BAD 205375597291
BAD 205312152827
BAD 205431273433
BAD 205326264391
BAD 205431273451
BAD 205431273457
BAD 205312189583
BAD 205431426587
BAD 205431426589
BAD 205351613671
BAD 205312436611
BAD 205326660823
BAD 205313040707
BAD 205360582807
BAD 205313300077
BAD 205313446081
BAD 205432688701
BAD 205219290049
BAD 205432843933
BAD 205432843937
BAD 205377198571
BAD 205327922587
BAD 205327922593
BAD 205314183259
BAD 205314183271
BAD 205361457151
BAD 205328410799
BAD 205314882497
BAD 205260418283
BAD 205314882499
BAD 205361457157
BAD 205314882503
BAD 205219882213
BAD 205434060659
BAD 205378796393
BAD 205434060661
BAD 205260418289
BAD 205219882229
BAD 205260418291
BAD 205219882249
BAD 205260418303
BAD 205361690981
BAD 205434322729
BAD 205434322733
BAD 205315025623
BAD 205315025627
BAD 205434407729
BAD 205434407741
BAD 205434407743
BAD 205328753437
BAD 205328753603
BAD 205434636403
BAD 205315460533
BAD 205315460551
BAD 205315460557
BAD 205379366377
BAD 205220734519
BAD 205434740353
BAD 205330548539
BAD 205262239673
BAD 205434740389
BAD 205330548541
BAD 205220734531
BAD 205315725113
BAD 205434740393
BAD 205434740411
BAD 205434740417
BAD 205434740419
BAD 205262277691
BAD 205362904289
BAD 205362904333
BAD 205362904337
BAD 205330690783
BAD 205220799799
BAD 205379748823
BAD 205379748829
BAD 205262729603
BAD 205435081573
BAD 205363238809
BAD 205380101411
BAD 205380101413
BAD 205380101417
BAD 205380101419
BAD 205435233827
BAD 205435233833
BAD 205435233863
BAD 205263246631
BAD 205316683553
BAD 205263246637
BAD 205263246787
BAD 205234605539
BAD 205316718661
BAD 205316721817
BAD 205316721821
BAD 205380471983
BAD 205380472001
BAD 205380472007
BAD 205363678943
BAD 205316966737
BAD 205263550423
BAD 205263606521
BAD 205263606523
BAD 205263606529
BAD 205263606533
BAD 205263606607
BAD 205380802717
BAD 205380837833
BAD 205331812711
BAD 205331812717
BAD 205331812733
BAD 205235116633
BAD 205235116637
BAD 205380950633
BAD 205331882453
BAD 205381089259
BAD 205317566761
BAD 205382101081
BAD 205222914889
BAD 205265149097
BAD 205365394937
BAD 205332626053
BAD 205235669101
BAD 205365394939
BAD 205265149099
BAD 205317589979
BAD 205235738723
BAD 205235738749
BAD 205332965611
BAD 205332985867
BAD 205365807893
BAD 205382542199
BAD 205382542201
BAD 205333133053
BAD 205333133177
BAD 205333133179
BAD 205366025693
BAD 205265849447
BAD 205265849449
BAD 205382800531
BAD 205382800549
BAD 205333434391
BAD 205385509699
BAD 205383131449
BAD 205266359503
BAD 205266359509
BAD 205266359513
BAD 205334071531
BAD 205237115273
BAD 205367101327
BAD 205385698459
BAD 205224675841
BAD 205385698477
BAD 205385698501
BAD 205383291991
BAD 205383292001
BAD 205383292043
BAD 205383292061
BAD 205237214353
BAD 205334255479
BAD 205334278321
BAD 205334278327
BAD 205266730619
BAD 205266730621
BAD 205266730633
BAD 205334544049
BAD 205334544053
BAD 205237667617
BAD 205267171147
BAD 205267192499
BAD 205368110789
BAD 205368110791
BAD 205384258957
BAD 205368148387
BAD 205368148397
BAD 205368148399
BAD 205238133313
BAD 205335058997
BAD 205386660319
BAD 205238249971
BAD 205368643661
BAD 205368643663
BAD 205384822891
BAD 205384844459
BAD 205384844461
BAD 205368688633
BAD 205368688639
BAD 205368688643
BAD 205238747353
BAD 205238747359
BAD 205387720151
BAD 205387733923
BAD 205385436833
BAD 205387920743
BAD 205387920781
BAD 205226659999
BAD 205388076799
BAD 205388801441
BAD 205389211171
BAD 205389228697
BAD 205389228773
BAD 205389228859
BAD 205240462187
BAD 205389481643
BAD 205240638947
BAD 205228444459
BAD 205241731427
BAD 205391654521
BAD 205242622889
BAD 205392811583
BAD 205243652359
BAD 205243652363
BAD 205243706677
BAD 205243706693
BAD 205392978473
BAD 205393014271
BAD 205230759127
BAD 205230759143
BAD 205244212583
BAD 205394117993
BAD 205394118011
BAD 205244772647
BAD 205244772653
BAD 205244772659
BAD 205244772661
BAD 205394337293
BAD 205231869239
BAD 205231869263
BAD 205232171191
BAD 205395262703
BAD 205395331073
BAD 205395331079
BAD 205395331081
BAD 205246656499
BAD 205233289277
BAD 205233289279
BAD 205233296843
BAD 205395820303
BAD 205248544231
BAD 205234046671
BAD 205234063927
BAD 205234063939
BAD 205234063943
BAD 205248593933
BAD 205248755119
BAD 205234378189
BAD 205396275923
BAD 205396603891
BAD 205397001283
BAD 205397065067
BAD 205250539049
BAD 205250539051
BAD 205250586473
BAD 205250586481
BAD 205250586509
BAD 205250586511
BAD 205250587151
BAD 205250587153
BAD 205397344813
BAD 205397344819
BAD 205250643613
BAD 205250695051
BAD 205250866879
BAD 205397620837
BAD 205398641761
BAD 205398805453
BAD 205398805457
BAD 205398805459
BAD 205398805463
BAD 205399108513
BAD 205399108531
BAD 205399425443
BAD 205399827499
BAD 205399853161
BAD 205400366407
BAD 205400511893
BAD 205400511907
BAD 205402181903
BAD 205436234767
BAD 205436305993
BAD 205436753791
BAD 205436753801
BAD 205437141673
BAD 205437141677
BAD 205438683997
BAD 205438684001
BAD 205438882591
BAD 205438895381
BAD 205439280271
BAD 205439566051
BAD 205439566141
BAD 205440110867
BAD 205440762871
BAD 205440929437
BAD 205441231711
BAD 205443078961
BAD 205443096253
BAD 205443407821
BAD 205444239667
BAD 205446384551
BAD 205446384553
BAD 205447220567
BAD 205447220569
BAD 205448495039
BAD 205448495041
BAD 205450053343
BAD 205450537387
BAD 205450537471
BAD 205450537489
BAD 205450637527
BAD 205450637533
BAD 205450637537
BAD 205486262071
BAD 205486363087
BAD 205486363163
BAD 205486363171
BAD 205486363189
BAD 205486511353
BAD 205486511479
BAD 205486667791
BAD 205487036389
BAD 205452091939
BAD 205452091951
BAD 205452091969
BAD 205487746489
BAD 205487909177
BAD 205488692417
BAD 205488692419
BAD 205489095083
BAD 205489395343
BAD 205489395389
BAD 205489454539
BAD 205489454551
BAD 205491218293
BAD 205491218297
BAD 205491942713
BAD 205492709731
BAD 205492964153
BAD 205493888191
BAD 205503510649
BAD 205503793193
BAD 205503793217
BAD 205503793219
BAD 205503805201
BAD 205503946289
BAD 205494998147
BAD 205504225867
BAD 205495474703
BAD 205495836841
BAD 205495922629
BAD 205505320921
BAD 205496202631
BAD 205506356137
BAD 205506439693
BAD 205506542663
BAD 205506788197
BAD 205506846073
BAD 205506846079
BAD 205506961411
BAD 205507102639
BAD 205507217063
BAD 205507362811
BAD 205507362847
BAD 205507470353
BAD 205508249959
BAD 205508249963
BAD 205509225227
BAD 205509225239
BAD 205509225241
BAD 205509249131
BAD 205509249133
BAD 205509249139
BAD 205509249287
BAD 205510061221
BAD 205497650573
BAD 205498508959
BAD 205499428073
BAD 205500890173
BAD 205510391183
BAD 205510747457
BAD 205510747459
BAD 205511704609
BAD 205511704639
BAD 205511704691
BAD 205511704693
BAD 205511854063
BAD 205512272221
BAD 205512272227
BAD 205470194263
BAD 205512272257
BAD 205512272261
BAD 205470298417
BAD 205470351127
BAD 205470351161
BAD 205512505669
BAD 205512505687
BAD 205512563537
BAD 205512563539
BAD 205512651511
BAD 205470934013
BAD 205471660853
BAD 205513947827
BAD 205472925121
BAD 205514994961
BAD 205515092119
BAD 205515100321
BAD 205515235171
BAD 205515235181
BAD 205515235183
BAD 205515329717
BAD 205452859043
BAD 205452901831
BAD 205452963557
BAD 205453209019
BAD 205453209023
BAD 205453229719
BAD 205453418701
BAD 205474031783
BAD 205502098591
BAD 205454212013
BAD 205474121903
BAD 205474186007
BAD 205474186009
BAD 205454345687
BAD 205454345689
BAD 205454345731
BAD 205454345737
BAD 205454915719
BAD 205474994203
BAD 205474994233
BAD 205455371753
BAD 205475604731
BAD 205475604739
BAD 205475712901
BAD 205475712907
BAD 205476046807
BAD 205476046837
BAD 205517155607
BAD 205517155609
BAD 205517215681
BAD 205457278261
BAD 205457519471
BAD 205457519473
BAD 205458266281
BAD 205518869557
BAD 205518944483
BAD 205518953753
BAD 205518953767
BAD 205458753217
BAD 205459709659
BAD 205461246253
BAD 205461246259
BAD 205462396459
BAD 205462396463
BAD 205462877143
BAD 205462877159
BAD 205462877161
BAD 205463004079
BAD 205463004083
BAD 205463004091
BAD 205463210683
BAD 205463210699
BAD 205477515647
BAD 205478111029
BAD 205478124757
BAD 205478124767
BAD 205478124769
BAD 205478461651
BAD 205465273087
BAD 205465866427
BAD 205465866451
BAD 205465952311
BAD 205479709559
BAD 205466052833
BAD 205466325241
BAD 205466580691
BAD 205466961709
BAD 205466984873
BAD 205480537219
BAD 205468147543
BAD 205480720729
BAD 205480720733
BAD 205481379511
BAD 205481379517
BAD 205482062419
BAD 205482298849
BAD 205482705403
BAD 205482759353
BAD 205483680653
BAD 205483717669
BAD 205483717711
BAD 205484195243
BAD 205484553019
BAD 205484712163
BAD 205484717077
BAD 205484717099
BAD 205484717101
BAD 205485158423
BAD 205536759541
BAD 205537006153
BAD 205538413309
BAD 205538926709
BAD 205539176191
BAD 205539176197
BAD 205539176203
BAD 205539176221
BAD 205539584713
BAD 205539584717
BAD 205539675637
BAD 205539675641
BAD 205540215259
BAD 205540215271
BAD 205540215289
BAD 205604219969
BAD 205604219971
BAD 205604264171
BAD 205604638273
BAD 205604835181
BAD 205604835329
BAD 205520820487
BAD 205605258367
BAD 205541537083
BAD 205541652079
BAD 205541652083
BAD 205605992393
BAD 205542316783
BAD 205606593727
BAD 205521797599
BAD 205521960659
BAD 205521960661
BAD 205542666787
BAD 205542739951
BAD 205542962281
BAD 205542997613
BAD 205543383091
BAD 205522614863
BAD 205523042323
BAD 205523042353
BAD 205608436151
BAD 205524028583
BAD 205524028607
BAD 205524028609
BAD 205608735863
BAD 205608735869
BAD 205524560161
BAD 205524743071
BAD 205524743077
BAD 205525070291
BAD 205525070293
BAD 205609636129
BAD 205609636163
BAD 205609636171
BAD 205525413031
BAD 205610134883
BAD 205525964213
BAD 205526014091
BAD 205526014093
BAD 205526014097
BAD 205610611681
BAD 205610654597
BAD 205526309323
BAD 205526402849
BAD 205526402863
BAD 205526402867
BAD 205526402869
BAD 205526690003
BAD 205611056713
BAD 205527091277
BAD 205527091279
BAD 205544921453
BAD 205528309463
BAD 205528735721
BAD 205528735723
BAD 205528735729
BAD 205528735733
BAD 205545999859
BAD 205546091063
BAD 205528996033
BAD 205529229827
BAD 205546591543
BAD 205546591553
BAD 205546654787
BAD 205546654793
BAD 205546654823
BAD 205529431507
BAD 205529431511
BAD 205529431529
BAD 205529431531
BAD 205546726109
BAD 205546726111
BAD 205547554483
BAD 205547554493
BAD 205548292687
BAD 205548292699
BAD 205549112443
BAD 205549154081
BAD 205549629553
BAD 205611452953
BAD 205611551903
BAD 205612043881
BAD 205551135353
BAD 205551262769
BAD 205551836033
BAD 205552094443
BAD 205552245029
BAD 205614030533
BAD 205614030547
BAD 205614337681
BAD 205614854903
BAD 205533027353
BAD 205616250493
BAD 205616372183
BAD 205533570311
BAD 205533570313
BAD 205533592783
BAD 205618241503
BAD 205535654543
BAD 205619305693
BAD 205619305711
BAD 205536258691
BAD 205619452631
BAD 205619508841
BAD 205619590573
BAD 205620153989
BAD 205553866753
BAD 205554648163
BAD 205554815681
BAD 205554899839
BAD 205554899843
BAD 205555188961
BAD 205570492739
BAD 205556059763
BAD 205571689123
BAD 205572011111
BAD 205557571381
BAD 205572186121
BAD 205572481217
BAD 205572481223
BAD 205558115353
BAD 205587195581
BAD 205558776893
BAD 205558776901
BAD 205588619671
BAD 205575778327
BAD 205575778339
BAD 205576241113
BAD 205562133779
BAD 205562133781
BAD 205562924407
BAD 205590495137
BAD 205590495139
BAD 205590545371
BAD 205563453181
BAD 205563634987
BAD 205590936017
BAD 205563746783
BAD 205577728519
BAD 205577728523
BAD 205591570801
BAD 205739251111
BAD 205565583373
BAD 205579590431
BAD 205565635591
BAD 205565635607
BAD 205565635609
BAD 205592520349
BAD 205593195589
BAD 205593195781
BAD 205741512931
BAD 205567836127
BAD 205581650279
BAD 205567998589
BAD 205568159899
BAD 205742436113
BAD 205742702849
BAD 205594137781
BAD 205594196089
BAD 205568672539
BAD 205568672563
BAD 205568755621
BAD 205743586627
BAD 205594626623
BAD 205743788609
BAD 205743788611
BAD 205582840429
BAD 205594938863
BAD 205594938961
BAD 205594967243
BAD 205744300109
BAD 205583379601
BAD 205569125261
BAD 205595413613
BAD 205583379773
BAD 205569125263
BAD 205744300127
BAD 205744300129
BAD 205744300133
BAD 205583453149
BAD 205583483311
BAD 205569345763
BAD 205744568041
BAD 205583820229
BAD 205744975283
BAD 205744996669
BAD 205745119669
BAD 205596098251
BAD 205584342427
BAD 205745494501
BAD 205584582433
BAD 205596565417
BAD 205596723359
BAD 205596723361
BAD 205596756649
BAD 205746285937
BAD 205585067629
BAD 205747123471
BAD 205585895189
BAD 205585930973
BAD 205585948681
BAD 205586139103
BAD 205598447479
BAD 205747785619
BAD 205747785709
BAD 205747793269
BAD 205748542513
BAD 205599286877
BAD 205599559747
BAD 205749552691
BAD 205599692183
BAD 205750137529
BAD 205600079063
BAD 205600205677
BAD 205600205693
BAD 205600816469
BAD 205600816471
BAD 205601297731
BAD 205751338847
BAD 205751338951
BAD 205751338957
BAD 205751735831
BAD 205751735843
BAD 205602963901
BAD 205602963919
BAD 205603088023
BAD 205752314359
BAD 205752314393
BAD 205752314413
BAD 205752560737
BAD 205752560743
BAD 205752990109
BAD 205752990151
BAD 205753281667
BAD 205753742851
BAD 205753742867
BAD 205753742869
BAD 205753871173
BAD 205753871177
BAD 205753871179
BAD 205754342881
BAD 205620994057
BAD 205621217471
BAD 205788642181
BAD 205788826403
BAD 205622900761
BAD 205623281209
BAD 205654778723
BAD 205789296467
BAD 205623436111
BAD 205655120789
BAD 205655120791
BAD 205790135491
BAD 205790135503
BAD 205624408207
BAD 205624408211
BAD 205790812369
BAD 205656504653
BAD 205624737349
BAD 205656619823
BAD 205624944467
BAD 205625067133
BAD 205792502089
BAD 205625067143
BAD 205657236593
BAD 205657694791
BAD 205657694807
BAD 205793140801
BAD 205793432899
BAD 205658010889
BAD 205793571979
BAD 205793571983
BAD 205658088619
BAD 205793659583
BAD 205625725817
BAD 205625725819
BAD 205755153353
BAD 205794296179
BAD 205794296441
BAD 205659327593
BAD 205659327613
BAD 205794840271
BAD 205626733343
BAD 205795755337
BAD 205626882323
BAD 205757152621
BAD 205757152633
BAD 205660291411
BAD 205627278677
BAD 205660535099
BAD 205660535107
BAD 205627278679
BAD 205661069239
BAD 205796783077
BAD 205757617259
BAD 205661142133
BAD 205758119093
BAD 205797148621
BAD 205687502519
BAD 205687502521
BAD 205687622117
BAD 205687622123
BAD 205797769423
BAD 205797769447
BAD 205688011381
BAD 205688272967
BAD 205688272969
BAD 205688272973
BAD 205688272991
BAD 205662415951
BAD 205662415957
BAD 205628512057
BAD 205759649761
BAD 205688446751
BAD 205688446771
BAD 205759871881
BAD 205759871887
BAD 205662652021
BAD 205688633077
BAD 205688678659
BAD 205688678683
BAD 205662827303
BAD 205798857949
BAD 205721163619
BAD 205760874769
BAD 205629384343
BAD 205629384347
BAD 205629384349
BAD 205629384353
BAD 205721571743
BAD 205689544831
BAD 205761155911
BAD 205689597233
BAD 205689597259
BAD 205689597283
BAD 205689700063
BAD 205689700067
BAD 205689700079
BAD 205761347843
BAD 205689834517
BAD 205689834521
BAD 205689834523
BAD 205629438563
BAD 205629438569
BAD 205629438571
BAD 205761525589
BAD 205689888431
BAD 205689888433
BAD 205721923991
BAD 205721923993
BAD 205721924003
BAD 205663966063
BAD 205762253143
BAD 205822681963
BAD 205805021791
BAD 205799449819
BAD 205689958429
BAD 205670887999
BAD 205822681973
BAD 205689993031
BAD 205822865491
BAD 205805091629
BAD 205771525411
BAD 205771525417
BAD 205664225329
BAD 205664225341
BAD 205664225363
BAD 205630222753
BAD 205799767463
BAD 205690393459
BAD 205690657801
BAD 205690657807
BAD 205690657811
BAD 205823405539
BAD 205630469351
BAD 205630515977
BAD 205690793537
BAD 205671739649
BAD 205800302801
BAD 205800302867
BAD 205772076599
BAD 205800466877
BAD 205763240791
BAD 205691165191
BAD 205722877049
BAD 205672826833
BAD 205664911759
BAD 205722877051
BAD 205631437411
BAD 205664911763
BAD 205824342091
BAD 205722940169
BAD 205807846073
BAD 205723117997
BAD 205631697379
BAD 205631697433
BAD 205631697437
BAD 205631697443
BAD 205673111263
BAD 205824629149
BAD 205631811661
BAD 205691564633
BAD 205631866879
BAD 205631866883
BAD 205723438993
BAD 205723439003
BAD 205723439011
BAD 205723439017
BAD 205723439021
BAD 205723439023
BAD 205723439029
BAD 205824989863
BAD 205665450317
BAD 205808733773
BAD 205673639161
BAD 205665450337
BAD 205723519831
BAD 205691969893
BAD 205691969909
BAD 205691969911
BAD 205763775271
BAD 205808820733
BAD 205801448779
BAD 205665636661
BAD 205825380263
BAD 205764093503
BAD 205801752631
BAD 205801752649
BAD 205825483207
BAD 205801830427
BAD 205764342241
BAD 205764342247
BAD 205809599167
BAD 205809599183
BAD 205764629599
BAD 205825715089
BAD 205825715093
BAD 205825715099
BAD 205825715101
BAD 205764911731
BAD 205764911791
BAD 205666269301
BAD 205810680487
BAD 205766262763
BAD 205827066241
BAD 205803101533
BAD 205693759291
BAD 205724626351
BAD 205677119653
BAD 205803101653
BAD 205633782461
BAD 205803101663
BAD 205705923413
BAD 205724626361
BAD 205724626363
BAD 205633782463
BAD 205633874239
BAD 205724832757
BAD 205634107493
BAD 205634107499
BAD 205634107501
BAD 205811030401
BAD 205725045569
BAD 205725045571
BAD 205725194131
BAD 205725194137
BAD 205827645481
BAD 205677795613
BAD 205725384217
BAD 205725384251
BAD 205725384253
BAD 205811572321
BAD 205811572357
BAD 205725542237
BAD 205803819863
BAD 205811572403
BAD 205725611033
BAD 205678266601
BAD 205667162033
BAD 205828121377
BAD 205695186031
BAD 205678381021
BAD 205695420187
BAD 205695420199
BAD 205695420211
BAD 205725938557
BAD 205804492823
BAD 205637830427
BAD 205637830429
BAD 205812566573
BAD 205635788513
BAD 205696003673
BAD 205696003679
BAD 205696003703
BAD 205635954613
BAD 205772236381
BAD 205636162141
BAD 205636173397
BAD 205829203093
BAD 205636250159
BAD 205812986867
BAD 205812986881
BAD 205638545789
BAD 205726852483
BAD 205813907647
BAD 205709666059
BAD 205680984793
BAD 205769315581
BAD 205830451097
BAD 205696911509
BAD 205813907653
BAD 205726852489
BAD 205709666191
BAD 205668551213
BAD 205773227479
BAD 205636877363
BAD 205668551219
BAD 205773227533
BAD 205769358679
BAD 205769358709
BAD 205769358713
BAD 205769358721
BAD 205769358779
BAD 205726915297
BAD 205814010667
BAD 205681164263
BAD 205814157181
BAD 205638914911
BAD 205638914917
BAD 205697366543
BAD 205681405913
BAD 205697493487
BAD 205773690263
BAD 205710424279
BAD 205682884249
BAD 205770026369
BAD 205639984003
BAD 205697553253
BAD 205727551391
BAD 205815251297
BAD 205830920507
BAD 205639984037
BAD 205830920509
BAD 205830920513
BAD 205815251311
BAD 205770341863
BAD 205697912831
BAD 205815592159
BAD 205640510363
BAD 205640510371
BAD 205669413883
BAD 205711266757
BAD 205816120633
BAD 205711330579
BAD 205816120637
BAD 205711330597
BAD 205816120639
BAD 205641093661
BAD 205641093667
BAD 205641093709
BAD 205641120793
BAD 205698571417
BAD 205698571433
BAD 205728756559
BAD 205698571453
BAD 205728756577
BAD 205816417159
BAD 205669955233
BAD 205669955279
BAD 205711766657
BAD 205698613999
BAD 205698614003
BAD 205684091629
BAD 205816753403
BAD 205712121103
BAD 205712121113
BAD 205729187311
BAD 205816872461
BAD 205816872463
BAD 205832426869
BAD 205641910753
BAD 205641958939
BAD 205775320481
BAD 205775320483
BAD 205684546117
BAD 205712562641
BAD 205729747373
BAD 205775594267
BAD 205712761223
BAD 205833124933
BAD 205729921193
BAD 205712803999
BAD 205833238921
BAD 205776053473
BAD 205699863361
BAD 205730543209
BAD 205817665817
BAD 205699863367
BAD 205642624049
BAD 205642624051
BAD 205817665819
BAD 205685542523
BAD 205642926553
BAD 205642926557
BAD 205642926589
BAD 205833607789
BAD 205818356299
BAD 205776932077
BAD 205818421033
BAD 205818421037
BAD 205818421043
BAD 205731375977
BAD 205731376013
BAD 205818471847
BAD 205714404391
BAD 205686464597
BAD 205834248469
BAD 205700995109
BAD 205700995111
BAD 205700995117
BAD 205777436299
BAD 205777436303
BAD 205777445033
BAD 205701394453
BAD 205818936371
BAD 205732114519
BAD 205716202459
BAD 205777445039
BAD 205687343161
BAD 205818936373
BAD 205644603893
BAD 205818936377
BAD 205732114591
BAD 205818936383
BAD 205818936397
BAD 205716202463
BAD 205777448641
BAD 205716223591
BAD 205819024669
BAD 205834612531
BAD 205819259263
BAD 205702025077
BAD 205702030459
BAD 205732714423
BAD 205645282019
BAD 205645282021
BAD 205819657249
BAD 205645387967
BAD 205645387973
BAD 205778366977
BAD 205645690597
BAD 205820024341
BAD 205733250647
BAD 205836056357
BAD 205733250649
BAD 205836056359
BAD 205702703963
BAD 205836056401
BAD 205733250661
BAD 205836092983
BAD 205836092989
BAD 205836092993
BAD 205820312273
BAD 205733302603
BAD 205778859607
BAD 205778859613
BAD 205778859631
BAD 205778859641
BAD 205646208961
BAD 205646208967
BAD 205646221043
BAD 205820454953
BAD 205703061589
BAD 205703061593
BAD 205820564449
BAD 205733605309
BAD 205836497819
BAD 205836497821
BAD 205820677687
BAD 205703299033
BAD 205703447461
BAD 205733928859
BAD 205733928863
BAD 205820994013
BAD 205718559769
BAD 205718600239
BAD 205718600251
BAD 205779813539
BAD 205779813541
BAD 205837488889
BAD 205704028741
BAD 205821418249
BAD 205647500677
BAD 205780119739
BAD 205647562403
BAD 205647651151
BAD 205837921717
BAD 205780418057
BAD 205780418059
BAD 205780418069
BAD 205780418071
BAD 205647927559
BAD 205838214143
BAD 205838214151
BAD 205838214157
BAD 205648085333
BAD 205780783387
BAD 205719966401
BAD 205648517089
BAD 205648517093
BAD 205648703633
BAD 205735472329
BAD 205649188123
BAD 205735829177
BAD 205649444893
BAD 205735829179
BAD 205649913127
BAD 205782721169
BAD 205782721171
BAD 205782721231
BAD 205650103069
BAD 205736962141
BAD 205737597739
BAD 205737597743
BAD 205737677911
BAD 205737677917
BAD 205737807019
BAD 205783961129
BAD 205784013419
BAD 205784013451
BAD 205784370529
BAD 205784523187
BAD 205787184623
BAD 205788042959
BAD 205788042961
BAD 205788119161
BAD 205839203419
BAD 205840098941
BAD 205840098943
BAD 205840098949
BAD 205840098953
BAD 205840612141
BAD 205840612207
BAD 205840771673
BAD 205842316249
BAD 205845501949
BAD 205846608707
BAD 205848402989
BAD 205848419093
BAD 205848419111
BAD 205848419113
BAD 205849504313
BAD 205849521263
BAD 205849528831
BAD 205849528837
BAD 205849528849
BAD 205850284201
BAD 205850785111
BAD 205851030323
BAD 205852078909
BAD 205852370873
BAD 205854266803
BAD 205854266809
BAD 205854266819
BAD 205854439127
BAD 205854439129
BAD 205854903953
BAD 205854903959
BAD 205855189459
BAD 205906433303
BAD 205906433309
BAD 205906433311
BAD 205906932443
BAD 205907383417
BAD 205907383421
BAD 205908511139
BAD 205908511141
BAD 205908903953
BAD 205908903961
BAD 205909011907
BAD 205909092703
BAD 205909350551
BAD 205909350553
BAD 205910267921
BAD 205910898443
BAD 205911019471
BAD 205911403361
BAD 205911403363
BAD 205911403367
BAD 205912047641
BAD 205912047643
BAD 205913110937
BAD 205913110939
BAD 205914442939
BAD 205914744953
BAD 205915294789
BAD 205915760927
BAD 205916037331
BAD 205916037337
BAD 205916644237
BAD 205916949523
BAD 205916949559
BAD 205916949577
BAD 205917106333
BAD 205917516097
BAD 205917516113
BAD 205919097409
BAD 205919559289
BAD 205919899067
BAD 205919899069
BAD 205956106277
BAD 205956106283
BAD 205956123523
BAD 205956123533
BAD 205956123539
BAD 205956165703
BAD 205956505619
BAD 205956505669
BAD 205956571693
BAD 205956656281
BAD 205956793639
BAD 205956793643
BAD 205956793649
BAD 205921532777
BAD 205921532779
BAD 205921631117
BAD 205921631119
BAD 205921790443
BAD 205957608979
BAD 205957650683
BAD 205958036197
BAD 205958036213
BAD 205958036227
BAD 205958036261
BAD 205958036269
BAD 205959774121
BAD 205959774143
BAD 205959774149
BAD 205959774151
BAD 205959774157
BAD 205960687651
BAD 205960958641
BAD 205961429137
BAD 205961429143
BAD 205962592501
BAD 205962592513
BAD 205963498067
BAD 205963588811
BAD 205963588813
BAD 205963846981
BAD 205963856453
BAD 205964365213
BAD 205964365219
BAD 205965453467
BAD 205965453469
BAD 205966334689
BAD 205856809673
BAD 205857058483
BAD 205857058487
BAD 205857956221
BAD 205858325551
BAD 205859113783
BAD 205859113787
BAD 205859349727
BAD 205860087599
BAD 205860118369
BAD 205860405901
BAD 205861503103
BAD 205889070847
BAD 205889262713
BAD 205889343953
BAD 205862037529
BAD 205862952811
BAD 205863129931
BAD 205863129961
BAD 205863882019
BAD 205863882031
BAD 205966430221
BAD 205966430251
BAD 205891240223
BAD 205891240253
BAD 205891416637
BAD 205891462691
BAD 205891477163
BAD 205966994633
BAD 205891935859
BAD 205892457811
BAD 205892817527
BAD 205968265081
BAD 205968347203
BAD 205968944417
BAD 205969411057
BAD 205893190733
BAD 205893190739
BAD 205864475083
BAD 205872290177
BAD 205872290179
BAD 205872424301
BAD 205893482527
BAD 205893651571
BAD 205893932443
BAD 205894001389
BAD 205894001393
BAD 205894295987
BAD 205865799569
BAD 205865882741
BAD 205865882743
BAD 205895022731
BAD 205895540567
BAD 205895604713
BAD 205896203257
BAD 205896203281
BAD 205896203309
BAD 205896203311
BAD 205896405889
BAD 205896405893
BAD 205969849511
BAD 205874680741
BAD 205867903433
BAD 205971014941
BAD 205868213101
BAD 205868213107
BAD 205971615769
BAD 205971829619
BAD 205876803793
BAD 205971829621
BAD 205868930963
BAD 205877366053
BAD 205877407201
BAD 205877407207
BAD 205869010681
BAD 205972286659
BAD 205869147863
BAD 205877801629
BAD 205896585919
BAD 205896851131
BAD 205896851137
BAD 205869689833
BAD 205869734491
BAD 205869734533
BAD 205869734537
BAD 205869734563
BAD 205869734569
BAD 205869734573
BAD 205897131799
BAD 205897131823
BAD 205879063483
BAD 205879063501
BAD 205897497121
BAD 205897497151
BAD 205870630051
BAD 205879973183
BAD 205880033719
BAD 205880077729
BAD 206023055393
BAD 205871923141
BAD 206023201009
BAD 205897847699
BAD 206023406783
BAD 206023433699
BAD 206023433701
BAD 206023624537
BAD 205898478353
BAD 205880796397
BAD 206023982407
BAD 205899045931
BAD 205881053363
BAD 205899111241
BAD 205899201139
BAD 205899201143
BAD 205899378019
BAD 206024436601
BAD 206024436649
BAD 205899706643
BAD 206024686433
BAD 205900173799
BAD 206024854823
BAD 205900680541
BAD 205900846819
BAD 205882235107
BAD 205901288029
BAD 205882585037
BAD 205882585039
BAD 205882874969
BAD 205882874971
BAD 206025919669
BAD 205902161063
BAD 205923355787
BAD 205883146613
BAD 205902867923
BAD 205883341009
BAD 205923750301
BAD 206026732859
BAD 206026732861
BAD 205883722643
BAD 205883722663
BAD 205903982629
BAD 205903999087
BAD 205904492293
BAD 205904492309
BAD 205904537627
BAD 205904537633
BAD 205904537647
BAD 205904537653
BAD 205884204833
BAD 205924691809
BAD 205905140333
BAD 205924691813
BAD 206027555033
BAD 206027555039
BAD 206027555057
BAD 206027555059
BAD 205905545179
BAD 206027774167
BAD 205924958969
BAD 205884716777
BAD 205924958971
BAD 205924959007
BAD 205924977893
BAD 205924977899
BAD 205924977901
BAD 205885094461
BAD 206028281659
BAD 206028281663
BAD 205885395017
BAD 205925872393
BAD 205925872417
BAD 206028464281
BAD 205886109439
BAD 205926574681
BAD 205886560021
BAD 205886915687
BAD 205927104379
BAD 206029190779
BAD 206029190789
BAD 205927299559
BAD 205927299563
BAD 205887646267
BAD 205927684253
BAD 205928057233
BAD 205888508269
BAD 206030634731
BAD 206030634737
BAD 206030634739
BAD 206030671339
BAD 205929373973
BAD 205929373981
BAD 205929688609
BAD 205929899827
BAD 205930025941
BAD 206031111817
BAD 205930284271
BAD 206031224263
BAD 206031224363
BAD 205990112491
BAD 205990138513
BAD 205931742229
BAD 205931796451
BAD 205931804497
BAD 206032036531
BAD 206032036547
BAD 205990542917
BAD 205990542941
BAD 205990542943
BAD 206032110371
BAD 206032110373
BAD 205990920229
BAD 205932837059
BAD 205934753917
BAD 205992573001
BAD 205935783091
BAD 205935783101
BAD 205935783103
BAD 205935873469
BAD 205935972547
BAD 206035287223
BAD 206036348003
BAD 205994422549
BAD 205994422553
BAD 205994422559
BAD 205994422657
BAD 205994422663
BAD 205994429989
BAD 205994430001
BAD 205994430013
BAD 205994590253
BAD 205937399323
BAD 205994926507
BAD 205994926513
BAD 205937837653
BAD 205937872339
BAD 205937973203
BAD 206037890879
BAD 206037890881
BAD 206037890893
BAD 205996165733
BAD 205996165741
BAD 205996258619
BAD 205996258621
BAD 205996258703
BAD 205996465603
BAD 205996543111
BAD 206038935107
BAD 205997167763
BAD 205997167771
BAD 206039056271
BAD 206039056273
BAD 206039056277
BAD 206039163769
BAD 206039163773
BAD 206039163797
BAD 205997455849
BAD 205997554769
BAD 205997807863
BAD 205998223909
BAD 205938592877
BAD 205998420487
BAD 205998887603
BAD 205999599763
BAD 205999599769
BAD 206000818549
BAD 206000818609
BAD 206001828961
BAD 206001828979
BAD 206002983773
BAD 206003022571
BAD 206004828259
BAD 206005036849
BAD 206174236553
BAD 206174236559
BAD 206174236561
BAD 206174236579
BAD 205939158811
BAD 206040394733
BAD 205939419913
BAD 206042614873
BAD 206042980501
BAD 206042980523
BAD 206042980553
BAD 206175811129
BAD 206175811133
BAD 206176237273
BAD 206176237277
BAD 206176237279
BAD 206176237283
BAD 206176335517
BAD 206176489339
BAD 206176489349
BAD 206176609853
BAD 206044726739
BAD 206177198429
BAD 206177198431
BAD 206045408147
BAD 206177851717
BAD 206045551531
BAD 206178064129
BAD 206045785753
BAD 206045785769
BAD 206179351321
BAD 206179528327
BAD 206179905853
BAD 206180127631
BAD 206180127653
BAD 206047726459
BAD 205940377303
BAD 205940571527
BAD 205940812549
BAD 206048550271
BAD 205941841717
BAD 205941841753
BAD 205941841759
BAD 206049855611
BAD 206049855637
BAD 206208222239
BAD 206050217299
BAD 205942592719
BAD 206208479089
BAD 206208575039
BAD 206050455859
BAD 206208644833
BAD 206050570577
BAD 206050718701
BAD 206050718707
BAD 206050718719
BAD 206208937703
BAD 206208937709
BAD 205943294353
BAD 206209644973
BAD 206051833033
BAD 206209721573
BAD 206209721581
BAD 206051834731
BAD 206209759373
BAD 206051952839
BAD 206052094321
BAD 206210807917
BAD 205945364617
BAD 206052094333
BAD 206052094337
BAD 206052095173
BAD 205945541203
BAD 206007057173
BAD 206211291163
BAD 205946066639
BAD 206052994031
BAD 206052994033
BAD 206052994039
BAD 205946378021
BAD 205946378023
BAD 206211646987
BAD 205946578249
BAD 205946578259
BAD 205946578261
BAD 206211738881
BAD 206211738883
BAD 205946709979
BAD 205946810393
BAD 206053575661
BAD 206053575667
BAD 205946890913
BAD 205948120171
BAD 205948120187
BAD 206008455713
BAD 205948347229
BAD 205948468961
BAD 205948468963
BAD 206180919073
BAD 206213414893
BAD 206180919079
BAD 206213414899
BAD 206213414903
BAD 206008762163
BAD 206009223403
BAD 206213987963
BAD 205949486461
BAD 205949486467
BAD 206214125549
BAD 206182173019
BAD 205950020011
BAD 205950020033
BAD 206182459039
BAD 206010483199
BAD 206214637633
BAD 206010595051
BAD 205950496111
BAD 205950496133
BAD 206010752813
BAD 206010752821
BAD 205950611443
BAD 206010807601
BAD 205950851263
BAD 206215412047
BAD 206011743601
BAD 206011743607
BAD 206183475683
BAD 205951486621
BAD 206216102263
BAD 206183861243
BAD 206012689171
BAD 206184269491
BAD 206184269503
BAD 205952134957
BAD 205952134961
BAD 205952134981
BAD 205972986721
BAD 206184739799
BAD 206184739801
BAD 205953249809
BAD 205953249811
BAD 206218377151
BAD 206013771811
BAD 206218409491
BAD 206218409521
BAD 206218446887
BAD 206185733011
BAD 206185733029
BAD 206185733071
BAD 206013970403
BAD 206185995583
BAD 205974115313
BAD 206014449451
BAD 206014545949
BAD 205954341899
BAD 205974549379
BAD 206186372017
BAD 206014785019
BAD 205955342191
BAD 206186822509
BAD 206157534631
BAD 206014785023
BAD 205955358047
BAD 205975140893
BAD 205975140901
BAD 205975283419
BAD 205955894827
BAD 206219247607
BAD 205975542803
BAD 206219424353
BAD 206158682161
BAD 206158682167
BAD 206158704623
BAD 206015942393
BAD 206015942417
BAD 206015942423
BAD 206015942459
BAD 206187840601
BAD 206187840611
BAD 206187840613
BAD 206016194983
BAD 206016389311
BAD 206016389317
BAD 206016389323
BAD 206016389333
BAD 206159629483
BAD 206188270459
BAD 206188270471
BAD 206159713733
BAD 206016741409
BAD 206220899789
BAD 205977999263
BAD 206188409893
BAD 205978523539
BAD 206017069051
BAD 206188729603
BAD 205978863269
BAD 206188754263
BAD 206188754269
BAD 206188754273
BAD 206188762399
BAD 206160681509
BAD 206160681511
BAD 206221672561
BAD 206189079533
BAD 206189079541
BAD 206221805821
BAD 206221971929
BAD 206221971931
BAD 206221971937
BAD 206189255743
BAD 206189255747
BAD 206189255749
BAD 206189255759
BAD 206189255761
BAD 206189301119
BAD 206189301121
BAD 205980066001
BAD 206222680633
BAD 206162108123
BAD 206190426493
BAD 206162108129
BAD 206222680669
BAD 206222680673
BAD 206162257417
BAD 206190516443
BAD 206019836837
BAD 206019836839
BAD 206019925369
BAD 205980528811
BAD 206074215253
BAD 206162684323
BAD 206020448323
BAD 205981047751
BAD 205981069337
BAD 205981069339
BAD 205981069351
BAD 206020560547
BAD 206020560553
BAD 206074551541
BAD 206074551547
BAD 206074721291
BAD 206163774863
BAD 206075106863
BAD 206075106877
BAD 205981432483
BAD 205981432487
BAD 206164161349
BAD 206224013791
BAD 205982000221
BAD 206021683321
BAD 206075365493
BAD 206021683327
BAD 206224247161
BAD 205982341769
BAD 205982341823
BAD 206075950589
BAD 206076105883
BAD 206022432661
BAD 205982486243
BAD 205982486299
BAD 206022490097
BAD 206022590737
BAD 206022590749
BAD 206022656843
BAD 206022693691
BAD 206165102917
BAD 206191358809
BAD 206165231837
BAD 206076600019
BAD 206165424449
BAD 206165424497
BAD 206165424499
BAD 206165424503
BAD 205983099967
BAD 206076940429
BAD 206165719499
BAD 206077103513
BAD 206165927257
BAD 206166107369
BAD 206166328033
BAD 205984230619
BAD 205984230623
BAD 206192925689
BAD 206192925691
BAD 206193199843
BAD 206193199847
BAD 206193199853
BAD 206166699331
BAD 206193849583
BAD 205984877647
BAD 206194234297
BAD 206078757853
BAD 206078757893
BAD 206194505989
BAD 206078990743
BAD 206079116293
BAD 206079116297
BAD 205985327593
BAD 206167913621
BAD 206079904609
BAD 206107240169
BAD 206107240189
BAD 205985508307
BAD 206107436251
BAD 205985548211
BAD 205985548213
BAD 206107547389
BAD 206080879153
BAD 206168859587
BAD 205986615889
BAD 206196927533
BAD 206080893923
BAD 206168889713
BAD 206168889853
BAD 206168889859
BAD 206081182717
BAD 206169071821
BAD 206169071833
BAD 206169076783
BAD 206197224991
BAD 206197287481
BAD 206197287487
BAD 206197358047
BAD 206169203923
BAD 206169203953
BAD 206108552303
BAD 206198173927
BAD 206082389567
BAD 205987489693
BAD 205987535077
BAD 206109288577
BAD 206109288587
BAD 206109288589
BAD 206082732049
BAD 206198682953
BAD 206198837917
BAD 206110049699
BAD 206083519157
BAD 206171640281
BAD 206090986411
BAD 206171640289
BAD 206200420669
BAD 206171640293
BAD 206083693411
BAD 206110236047
BAD 206110236049
BAD 206200789087
BAD 206201230241
BAD 206091729143
BAD 206172049697
BAD 206091888581
BAD 206201455489
BAD 206201455501
BAD 206201525303
BAD 206084768273
BAD 206084961899
BAD 206092283533
BAD 206085023213
BAD 206111108851
BAD 206111234149
BAD 206085255791
BAD 206085255793
BAD 206092817797
BAD 206093204453
BAD 206093308741
BAD 206112029029
BAD 206112029033
BAD 206093827603
BAD 206112396331
BAD 206093827607
BAD 206093827663
BAD 206112566753
BAD 206093971903
BAD 206087281139
BAD 206203477903
BAD 206113527953
BAD 206088139129
BAD 206094839749
BAD 206204455703
BAD 206204455711
BAD 206088670399
BAD 206204672689
BAD 206095655377
BAD 206088892159
BAD 206096221369
BAD 206096404433
BAD 206205377407
BAD 206124624499
BAD 206097444871
BAD 206116302913
BAD 206207156761
BAD 206098495819
BAD 206125270367
BAD 206116941607
BAD 206116941617
BAD 206116941619
BAD 206116941623
BAD 206116952033
BAD 206225680303
BAD 206225860759
BAD 206225925187
BAD 206225925193
BAD 206126598871
BAD 206225959351
BAD 206126622179
BAD 206126622181
BAD 206126919091
BAD 206126919151
BAD 206226428183
BAD 206127579857
BAD 206227340419
BAD 206101090207
BAD 206101184941
BAD 206101184983
BAD 206101403971
BAD 206101444739
BAD 206101444741
BAD 206119666351
BAD 206119691933
BAD 206228558297
BAD 206102213203
BAD 206119957609
BAD 206228896459
BAD 206228896501
BAD 206128878671
BAD 206229052541
BAD 206229052543
BAD 206120276653
BAD 206102814833
BAD 206229180803
BAD 206229475609
BAD 206103176941
BAD 206103236629
BAD 206103236641
BAD 206120829923
BAD 206229984253
BAD 206229984277
BAD 206103829121
BAD 206103829123
BAD 206130770977
BAD 206230663273
BAD 206121882229
BAD 206121882233
BAD 206230844401
BAD 206131378693
BAD 206231027711
BAD 206231027713
BAD 206104426223
BAD 206104586551
BAD 206104586557
BAD 206122778003
BAD 206122806143
BAD 206123137417
BAD 206123228461
BAD 206123509237
BAD 206232207977
BAD 206233179829
BAD 206233515227
BAD 206133871789
BAD 206133871813
BAD 206133871849
BAD 206233903237
BAD 206134320109
BAD 206235159521
BAD 206235159523
BAD 206235159527
BAD 206134841617
BAD 206134841641
BAD 206134973227
BAD 206134973279
BAD 206134973281
BAD 206235649469
BAD 206235649471
BAD 206235649483
BAD 206235761261
BAD 206135499847
BAD 206135499859
BAD 206136083443
BAD 206136688801
BAD 206137279399
BAD 206137782353
BAD 206137782359
BAD 206236123217
BAD 206236196401
BAD 206236550327
BAD 206236550329
BAD 206138922497
BAD 206237663543
BAD 206237663581
BAD 206139093133
BAD 206139721121
BAD 206139995527
BAD 206238646813
BAD 206239788827
BAD 206239788829
BAD 206057747957
BAD 206140652899
BAD 206058336167
BAD 206058382867
BAD 206058928793
BAD 206059197901
BAD 206059197919
BAD 206059197923
BAD 206141918069
BAD 206141918071
BAD 206059960999
BAD 206060269313
BAD 206060362279
BAD 206060362283
BAD 206060362289
BAD 206060362309
BAD 206060362327
BAD 206060362331
BAD 206142983521
BAD 206060556313
BAD 206061321541
BAD 206144496683
BAD 206145198323
BAD 206063206597
BAD 206145198331
BAD 206063591917
BAD 206146099157
BAD 206146099163
BAD 206064487619
BAD 206146517009
BAD 206064487621
BAD 206146517011
BAD 206146517047
BAD 206064658369
BAD 206064741671
BAD 206065095739
BAD 206065376861
BAD 206065376863
BAD 206065376873
BAD 206066217727
BAD 206066217739
BAD 206066217743
BAD 206066217761
BAD 206148362137
BAD 206066391577
BAD 206066391593
BAD 206066391607
BAD 206066503891
BAD 206066503897
BAD 206066503921
BAD 206066503943
BAD 206066739979
BAD 206066740001
BAD 206149803499
BAD 206149913401
BAD 206149974143
BAD 206067287729
BAD 206150549243
BAD 206150549251
BAD 206150549263
BAD 206150746099
BAD 206151160549
BAD 206151257791
BAD 206068354981
BAD 206151646343
BAD 206068579069
BAD 206068579081
BAD 206068696279
BAD 206151915653
BAD 206068860931
BAD 206068868129
BAD 206151994771
BAD 206152360339
BAD 206152360343
BAD 206069426413
BAD 206152669783
BAD 206152719053
BAD 206152719067
BAD 206070113813
BAD 206070188477
BAD 206070334543
BAD 206070791431
BAD 206154028417
BAD 206072638637
BAD 206154436051
BAD 206073251513
BAD 206155330973
BAD 206156665129
BAD 206156665133
BAD 206156665139
BAD 206157115643
BAD 206242386529
BAD 206242386533
BAD 206242813937
BAD 206242813939
BAD 206242852693
BAD 206242948963
BAD 206243359613
BAD 206244620737
BAD 206244838781
BAD 206244838783
BAD 206245603189
BAD 206245604167
BAD 206245604179
BAD 206245604183
BAD 206246150951
BAD 206246150953
BAD 206246287633
BAD 206246454343
BAD 206247332933
BAD 206247332947
BAD 206247737719
BAD 206247737723
BAD 206247737737
BAD 206248338083
BAD 206251021987
BAD 206251022009
BAD 206251286209
BAD 206252947231
BAD 206252947237
BAD 206253378343
BAD 206253378349
BAD 206253930937
BAD 206254402771
BAD 206254790311
BAD 206254790327
BAD 206255204009
BAD 206255204011
BAD 206255646001
BAD 206256861137
BAD 206259534193
BAD 206259534203
BAD 206260294663
BAD 206260294673
BAD 206260294679
BAD 206260333129
BAD 206260333339
BAD 206260333373
BAD 206260520051
BAD 206260696321
BAD 206260696333
BAD 206260696339
BAD 206261077237
BAD 206261422069
BAD 206261525293
BAD 206261525297
BAD 206261525473
BAD 206261525479
BAD 206262655387
BAD 206263465159
BAD 206264312789
BAD 206264312791
BAD 206264312833
BAD 206264312843
BAD 206264937391
BAD 206266018727
BAD 206266018729
BAD 206266018741
BAD 206266018747
BAD 206266018753
BAD 206268398761
BAD 206268492097
BAD 206269401227
BAD 206269401229
BAD 206271831263
BAD 206272346431
BAD 206272346437
BAD 206272934227
BAD 206272934233
BAD 206272934239
BAD 206272960891
BAD 206274034273
BAD 206274438001
BAD 206375561071
BAD 206275529191
BAD 206275529197
BAD 206276271703
BAD 206376765061
BAD 206277021529
BAD 206277233297
BAD 206277233299
BAD 206377091911
BAD 206277769409
BAD 206278457611
BAD 206278457617
BAD 206278457621
BAD 206278786559
BAD 206278786561
BAD 206278917991
BAD 206278917997
BAD 206278918009
BAD 206379043007
BAD 206379043009
BAD 206279122897
BAD 206279709241
BAD 206279709247
BAD 206279728909
BAD 206279728913
BAD 206279778293
BAD 206280464989
BAD 206280464993
BAD 206281336133
BAD 206281948889
BAD 206281948907
BAD 206291465603
BAD 206281948909
BAD 206291465609
BAD 206282314573
BAD 206282652683
BAD 206293108199
BAD 206293108201
BAD 206283720593
BAD 206283720631
BAD 206284766917
BAD 206284766929
BAD 206294800837
BAD 206285009849
BAD 206285009851
BAD 206285033543
BAD 206285033557
BAD 206285033561
BAD 206294982263
BAD 206295254177
BAD 206285874737
BAD 206295469987
BAD 206381148011
BAD 206381148013
BAD 206296209089
BAD 206296796003
BAD 206297591057
BAD 206298132587
BAD 206298132589
BAD 206298255329
BAD 206299179937
BAD 206383419799
BAD 206299296397
BAD 206309304031
BAD 206309304121
BAD 206325621529
BAD 206325621533
BAD 206309396341
BAD 206309396351
BAD 206309396353
BAD 206309396383
BAD 206299722877
BAD 206299848751
BAD 206309691173
BAD 206309876293
BAD 206309876299
BAD 206309876303
BAD 206300247199
BAD 206300247211
BAD 206300247217
BAD 206300316829
BAD 206300419723
BAD 206300419727
BAD 206300793799
BAD 206310151013
BAD 206384845273
BAD 206300978657
BAD 206300978659
BAD 206301237743
BAD 206301412663
BAD 206385455729
BAD 206311031393
BAD 206311031401
BAD 206311325047
BAD 206311325057
BAD 206311325071
BAD 206311375261
BAD 206311408561
BAD 206311408673
BAD 206311660483
BAD 206385923221
BAD 206385923231
BAD 206302259243
BAD 206311871933
BAD 206327870867
BAD 206327870869
BAD 206302843367
BAD 206303163889
BAD 206328981017
BAD 206328981029
BAD 206328981031
BAD 206387273641
BAD 206387273647
BAD 206303955563
BAD 206303955569
BAD 206304239257
BAD 206304239261
BAD 206304239263
BAD 206304239269
BAD 206304412157
BAD 206304690947
BAD 206314387403
BAD 206388180883
BAD 206304690953
BAD 206314504313
BAD 206330107931
BAD 206314692709
BAD 206314755643
BAD 206314755677
BAD 206314755679
BAD 206314755799
BAD 206314755817
BAD 206305505741
BAD 206388848161
BAD 206315048671
BAD 206305640309
BAD 206305640311
BAD 206315916707
BAD 206389151183
BAD 206389151191
BAD 206316075643
BAD 206306072893
BAD 206389791331
BAD 206331876661
BAD 206306500781
BAD 206306500783
BAD 206306574563
BAD 206306574571
BAD 206390221501
BAD 206332559791
BAD 206332561247
BAD 206390710291
BAD 206307317519
BAD 206316631783
BAD 206390710303
BAD 206332561249
BAD 206390710307
BAD 206316631793
BAD 206307317521
BAD 206307317527
BAD 206316759331
BAD 206332693153
BAD 206390949607
BAD 206333051609
BAD 206333051611
BAD 206307780751
BAD 206317421693
BAD 206317512263
BAD 206308156279
BAD 206391516557
BAD 206391663319
BAD 206334513919
BAD 206334513923
BAD 206334710299
BAD 206334710311
BAD 206335093891
BAD 206392111687
BAD 206286960337
BAD 206335303051
BAD 206335461659
BAD 206287071743
BAD 206287118357
BAD 206287461701
BAD 206287461703
BAD 206287488179
BAD 206287488181
BAD 206336267831
BAD 206336267833
BAD 206336455067
BAD 206319002447
BAD 206319040943
BAD 206319455933
BAD 206319529333
BAD 206319529357
BAD 206288503489
BAD 206288503493
BAD 206319891161
BAD 206319891163
BAD 206289209689
BAD 206289383197
BAD 206289383207
BAD 206289383243
BAD 206320426357
BAD 206320493941
BAD 206320605563
BAD 206320605577
BAD 206320605581
BAD 206320605583
BAD 206320665269
BAD 206320665293
BAD 206320740019
BAD 206337438337
BAD 206290223963
BAD 206337438343
BAD 206290224013
BAD 206337478141
BAD 206321721079
BAD 206337791903
BAD 206338355369
BAD 206338355371
BAD 206322299389
BAD 206392788829
BAD 206322429119
BAD 206322429121
BAD 206392936369
BAD 206392936381
BAD 206338503257
BAD 206338541191
BAD 206338541197
BAD 206323328473
BAD 206323712671
BAD 206323854887
BAD 206323854889
BAD 206323903763
BAD 206323937909
BAD 206339745883
BAD 206324408293
BAD 206324408299
BAD 206394414073
BAD 206394414077
BAD 206394588979
BAD 206341655591
BAD 206341655593
BAD 206395600643
BAD 206396244799
BAD 206396255719
BAD 206396255783
BAD 206397545041
BAD 206397942287
BAD 206399145949
BAD 206399145971
BAD 206400020093
BAD 206400020213
BAD 206400134929
BAD 206400134933
BAD 206400134959
BAD 206400443603
BAD 206400443609
BAD 206400443611
BAD 206400928693
BAD 206400928697
BAD 206400928703
BAD 206400928709
BAD 206400928711
BAD 206400945019
BAD 206401736077
BAD 206401804361
BAD 206401804363
BAD 206402614447
BAD 206403308821
BAD 206403324091
BAD 206403324107
BAD 206425781857
BAD 206403324109
BAD 206403324121
BAD 206403561113
BAD 206403991529
BAD 206403991531
BAD 206403991537
BAD 206404007363
BAD 206404007377
BAD 206426596853
BAD 206426598199
BAD 206404352171
BAD 206404352173
BAD 206404448659
BAD 206404509229
BAD 206405099543
BAD 206427725563
BAD 206428369909
BAD 206428478791
BAD 206429065573
BAD 206358893119
BAD 206358893149
BAD 206358937801
BAD 206407592231
BAD 206407592233
BAD 206407592239
BAD 206430022921
BAD 206430027017
BAD 206430027019
BAD 206430027049
BAD 206359427401
BAD 206408542919
BAD 206430118553
BAD 206430163609
BAD 206430163613
BAD 206359786379
BAD 206430598951
BAD 206430598961
BAD 206360073133
BAD 206360073169
BAD 206360073173
BAD 206431200901
BAD 206360606843
BAD 206360847403
BAD 206361053267
BAD 206361878773
BAD 206361878797
BAD 206362584121
BAD 206362598731
BAD 206362598791
BAD 206434735987
BAD 206435050771
BAD 206435968201
BAD 206364819709
BAD 206460659551
BAD 206460800197
BAD 206460800207
BAD 206460800209
BAD 206437144477
BAD 206460937549
BAD 206437249787
BAD 206437249819
BAD 206437249831
BAD 206365930163
BAD 206437929499
BAD 206366272669
BAD 206366834647
BAD 206366834651
BAD 206438818199
BAD 206366991877
BAD 206366991893
BAD 206366991899
BAD 206462623273
BAD 206439199207
BAD 206342562599
BAD 206342714983
BAD 206342714987
BAD 206342905583
BAD 206342905763
BAD 206463506663
BAD 206463506701
BAD 206463506713
BAD 206463522803
BAD 206368125839
BAD 206368125841
BAD 206463785953
BAD 206463785959
BAD 206463785963
BAD 206463785971
BAD 206463934307
BAD 206369008423
BAD 206343718267
BAD 206369008441
BAD 206509830323
BAD 206369240327
BAD 206369590561
BAD 206464882441
BAD 206369954113
BAD 206369954117
BAD 206511620281
BAD 206511814241
BAD 206370360107
BAD 206370360109
BAD 206370360113
BAD 206465548171
BAD 206512008251
BAD 206512008259
BAD 206370501637
BAD 206512206541
BAD 206345421523
BAD 206370665591
BAD 206370665593
BAD 206345513393
BAD 206345631553
BAD 206345631563
BAD 206345785703
BAD 206466239561
BAD 206466239563
BAD 206466239579
BAD 206512985933
BAD 206466403021
BAD 206345917579
BAD 206512985941
BAD 206371218173
BAD 206512986023
BAD 206371218247
BAD 206466442421
BAD 206466442423
BAD 206466613433
BAD 206514059911
BAD 206514095197
BAD 206514142217
BAD 206514142229
BAD 206514142231
BAD 206514142243
BAD 206467111133
BAD 206514379879
BAD 206372167307
BAD 206346923071
BAD 206346923077
BAD 206514526943
BAD 206467376903
BAD 206347624213
BAD 206373273109
BAD 206468589083
BAD 206373471289
BAD 206373471307
BAD 206468778151
BAD 206348401261
BAD 206348401279
BAD 206516502769
BAD 206440644733
BAD 206348401309
BAD 206374556681
BAD 206348401313
BAD 206440644737
BAD 206374556683
BAD 206374854209
BAD 206374854211
BAD 206517967603
BAD 206468962433
BAD 206468962439
BAD 206518252579
BAD 206518252583
BAD 206518273627
BAD 206518277899
BAD 206441665609
BAD 206441665631
BAD 206441665643
BAD 206519432311
BAD 206442407239
BAD 206350406401
BAD 206350580153
BAD 206470663129
BAD 206520238103
BAD 206351164087
BAD 206471388623
BAD 206471616763
BAD 206471938433
BAD 206471938447
BAD 206471938459
BAD 206471991007
BAD 206352844549
BAD 206352844553
BAD 206353226143
BAD 206522266231
BAD 206522266309
BAD 206522287973
BAD 206522287991
BAD 206472774439
BAD 206522696819
BAD 206522696843
BAD 206354082107
BAD 206473315753
BAD 206473315757
BAD 206473315759
BAD 206354345383
BAD 206354741011
BAD 206474022901
BAD 206474022907
BAD 206523925423
BAD 206523925427
BAD 206523925429
BAD 206474481313
BAD 206524607297
BAD 206355635743
BAD 206355659911
BAD 206355659929
BAD 206355931699
BAD 206355931781
BAD 206525353703
BAD 206356718443
BAD 206475713839
BAD 206356718473
BAD 206475713897
BAD 206475768859
BAD 206356784891
BAD 206356784897
BAD 206356784899
BAD 206356784903
BAD 206356867669
BAD 206475997393
BAD 206475997397
BAD 206475997411
BAD 206525899981
BAD 206525944511
BAD 206525944531
BAD 206358316523
BAD 206358316553
BAD 206358533851
BAD 206560133851
BAD 206560943447
BAD 206562412223
BAD 206563344353
BAD 206594313983
BAD 206594313997
BAD 206594314001
BAD 206563916641
BAD 206565172069
BAD 206565191977
BAD 206565298363
BAD 206596437769
BAD 206565751817
BAD 206565862337
BAD 206476046899
BAD 206476260983
BAD 206597291903
BAD 206492970889
BAD 206492996981
BAD 206476512239
BAD 206493318697
BAD 206493318701
BAD 206493318751
BAD 206566784113
BAD 206566784161
BAD 206493596383
BAD 206476941137
BAD 206476954291
BAD 206476954297
BAD 206476975343
BAD 206598126829
BAD 206598259939
BAD 206598346321
BAD 206493958127
BAD 206493958129
BAD 206493958133
BAD 206567704591
BAD 206494429147
BAD 206599072783
BAD 206599072793
BAD 206599261753
BAD 206494740773
BAD 206477835059
BAD 206599261769
BAD 206477835061
BAD 206599261789
BAD 206599261793
BAD 206478048899
BAD 206568586759
BAD 206599748689
BAD 206569069897
BAD 206569069901
BAD 206600102119
BAD 206600360077
BAD 206600360101
BAD 206600486069
BAD 206570171461
BAD 206570171477
BAD 206495343517
BAD 206570402923
BAD 206479829333
BAD 206601853177
BAD 206496832651
BAD 206496928621
BAD 206571570617
BAD 206571570619
BAD 206602366073
BAD 206571789709
BAD 206571789713
BAD 206571789737
BAD 206481736343
BAD 206572040183
BAD 206497449569
BAD 206572508557
BAD 206572508563
BAD 206526856841
BAD 206526856843
BAD 206526971093
BAD 206527064531
BAD 206498132177
BAD 206498132179
BAD 206611535419
BAD 206611535423
BAD 206611846417
BAD 206611846429
BAD 206611846439
BAD 206527609139
BAD 206573544563
BAD 206498959993
BAD 206613530119
BAD 206529250339
BAD 206529304717
BAD 206529304721
BAD 206410353847
BAD 206529769493
BAD 206410421363
BAD 206499968551
BAD 206529943913
BAD 206410712003
BAD 206574741959
BAD 206500649371
BAD 206575192177
BAD 206485310203
BAD 206616004817
BAD 206411943547
BAD 206530889767
BAD 206485369729
BAD 206485369747
BAD 206412014843
BAD 206531019817
BAD 206412084623
BAD 206412084751
BAD 206575421071
BAD 206531278103
BAD 206501180813
BAD 206616617461
BAD 206575701019
BAD 206575701029
BAD 206627002579
BAD 206627098901
BAD 206627098903
BAD 206627126911
BAD 206616917263
BAD 206616917303
BAD 206501654507
BAD 206501654509
BAD 206412959633
BAD 206531648437
BAD 206576144849
BAD 206486641939
BAD 206486641951
BAD 206486762501
BAD 206617682363
BAD 206576651153
BAD 206576651179
BAD 206576651191
BAD 206576651209
BAD 206602804189
BAD 206618136733
BAD 206502578069
BAD 206618260369
BAD 206618448301
BAD 206487550883
BAD 206502898213
BAD 206414412229
BAD 206487745283
BAD 206487852619
BAD 206628308251
BAD 206628382039
BAD 206628382043
BAD 206488056031
BAD 206414844049
BAD 206603763319
BAD 206603763323
BAD 206628471013
BAD 206488300429
BAD 206488300433
BAD 206415052897
BAD 206415052901
BAD 206415052903
BAD 206604125303
BAD 206534212463
BAD 206619575299
BAD 206629041413
BAD 206489659603
BAD 206504566159
BAD 206489659609
BAD 206489716991
BAD 206417498543
BAD 206629119259
BAD 206619656527
BAD 206619656533
BAD 206619656561
BAD 206619656563
BAD 206504658443
BAD 206504658449
BAD 206629157071
BAD 206417592889
BAD 206417592893
BAD 206417681719
BAD 206534553893
BAD 206417898343
BAD 206604633901
BAD 206629560889
BAD 206490227131
BAD 206490227137
BAD 206490227143
BAD 206490227191
BAD 206490227197
BAD 206620255489
BAD 206620280257
BAD 206605711099
BAD 206490458543
BAD 206419115941
BAD 206630383283
BAD 206605711141
BAD 206505824983
BAD 206630383303
BAD 206419235683
BAD 206419235689
BAD 206620424389
BAD 206506084553
BAD 206506084559
BAD 206605997987
BAD 206606066263
BAD 206606438851
BAD 206419913213
BAD 206491379873
BAD 206506801331
BAD 206506801387
BAD 206506801393
BAD 206491593467
BAD 206491674391
BAD 206606857073
BAD 206631664051
BAD 206507390603
BAD 206507390611
BAD 206507405243
BAD 206507405249
BAD 206492084839
BAD 206620989041
BAD 206621016271
BAD 206608298053
BAD 206507601137
BAD 206492635177
BAD 206634699157
BAD 206420827381
BAD 206576886799
BAD 206634699169
BAD 206634699179
BAD 206634699181
BAD 206420901649
BAD 206535328471
BAD 206634888541
BAD 206421054403
BAD 206421054407
BAD 206421054409
BAD 206621180561
BAD 206621180587
BAD 206621214361
BAD 206635048357
BAD 206421462967
BAD 206421542087
BAD 206508349841
BAD 206508349843
BAD 206635438741
BAD 206635438747
BAD 206635483987
BAD 206635483997
BAD 206635484023
BAD 206508527033
BAD 206621517163
BAD 206579106829
BAD 206508552241
BAD 206609377993
BAD 206636515471
BAD 206536358789
BAD 206421740821
BAD 206621665603
BAD 206621687039
BAD 206636829689
BAD 206636829691
BAD 206508925489
BAD 206536620659
BAD 206621994967
BAD 206422146439
BAD 206509049507
BAD 206422237981
BAD 206637190633
BAD 206509299817
BAD 206536893263
BAD 206622522319
BAD 206579758387
BAD 206579758391
BAD 206637429289
BAD 206579775841
BAD 206622643369
BAD 206637467221
BAD 206622690563
BAD 206622690587
BAD 206509550651
BAD 206422821203
BAD 206580166459
BAD 206537375003
BAD 206580166469
BAD 206637527431
BAD 206537380613
BAD 206623197301
BAD 206623197307
BAD 206637702923
BAD 206623724213
BAD 206623724221
BAD 206423183507
BAD 206623891553
BAD 206623891561
BAD 206623891567
BAD 206623891577
BAD 206623891613
BAD 206623891619
BAD 206624048573
BAD 206581224649
BAD 206638289129
BAD 206538578401
BAD 206423606971
BAD 206638707659
BAD 206638707661
BAD 206423983681
BAD 206423983771
BAD 206625136373
BAD 206423983783
BAD 206625468961
BAD 206540059399
BAD 206425092691
BAD 206582852797
BAD 206540059421
BAD 206540059423
BAD 206540059447
BAD 206540059463
BAD 206540157487
BAD 206640829673
BAD 206583399613
BAD 206583421007
BAD 206540565247
BAD 206583763033
BAD 206583937283
BAD 206583958487
BAD 206583958489
BAD 206584056677
BAD 206641644113
BAD 206584361617
BAD 206584361623
BAD 206641882303
BAD 206641882357
BAD 206541447493
BAD 206541447499
BAD 206541447503
BAD 206584873471
BAD 206541890521
BAD 206585477753
BAD 206585515067
BAD 206585515069
BAD 206585562817
BAD 206585562823
BAD 206643337283
BAD 206643360577
BAD 206542620343
BAD 206586217309
BAD 206586217339
BAD 206542913089
BAD 206543005261
BAD 206543005267
BAD 206543005283
BAD 206543017883
BAD 206543059301
BAD 206587682219
BAD 206587682221
BAD 206588004047
BAD 206442891901
BAD 206589447091
BAD 206589447109
BAD 206589559157
BAD 206589559159
BAD 206443737197
BAD 206444179411
BAD 206590045777
BAD 206444368489
BAD 206444459579
BAD 206444459581
BAD 206590227449
BAD 206590227451
BAD 206590227583
BAD 206590227589
BAD 206444696803
BAD 206444696813
BAD 206590499041
BAD 206590741969
BAD 206445301043
BAD 206590769851
BAD 206590829491
BAD 206590944139
BAD 206590944151
BAD 206591203201
BAD 206592790633
BAD 206592790643
BAD 206448035161
BAD 206449049077
BAD 206449171897
BAD 206449189021
BAD 206449189027
BAD 206449197247
BAD 206449228099
BAD 206449228103
BAD 206449959413
BAD 206449959433
BAD 206450281801
BAD 206450293607
BAD 206450307949
BAD 206450986387
BAD 206451127429
BAD 206451127433
BAD 206451154687
BAD 206451154691
BAD 206451821431
BAD 206452184209
BAD 206453827523
BAD 206454386539
BAD 206455546393
BAD 206455546397
BAD 206455546399
BAD 206455546403
BAD 206457121543
BAD 206457121553
BAD 206543167711
BAD 206543343067
BAD 206458166881
BAD 206458183199
BAD 206458370407
BAD 206543973877
BAD 206545152917
BAD 206545152923
BAD 206545974031
BAD 206546840267
BAD 206546872897
BAD 206546915423
BAD 206546915429
BAD 206546915431
BAD 206546915447
BAD 206546989651
BAD 206547710659
BAD 206550256573
BAD 206550440587
BAD 206551994029
BAD 206552166661
BAD 206643783607
BAD 206554709089
BAD 206554709147
BAD 206554709149
BAD 206554709161
BAD 206554998059
BAD 206554998061
BAD 206555250571
BAD 206555282047
BAD 206645725063
BAD 206647376753
BAD 206647389103
BAD 206647389427
BAD 206647389433
BAD 206649703789
BAD 206649847223
BAD 206556095617
BAD 206650432733
BAD 206556311747
BAD 206556311749
BAD 206556556013
BAD 206651048111
BAD 206651048113
BAD 206651074601
BAD 206651343553
BAD 206651349103
BAD 206651349109
BAD 206652034163
BAD 206652587851
BAD 206652612113
BAD 206652876643
BAD 206653013269
BAD 206653174261
BAD 206654641261
BAD 206654796193
BAD 206655567049
BAD 206655567061
BAD 206656232617
BAD 206656471691
BAD 206557682833
BAD 206557682839
BAD 206557682843
BAD 206557682887
BAD 206558476009
BAD 206558877079
BAD 206559279427
BAD 206559565427
BAD 206559565447
BAD 206559565451
BAD 206559565453
BAD 206559831493
BAD 206658167281
BAD 206658996473
BAD 206658996487
BAD 206659534649
BAD 206659673333
BAD 206660041067
BAD 206660041069
BAD 206660266447
BAD 206660266453
BAD 206660692691
BAD 206661337249
BAD 206661461563
BAD 206661463741
BAD 206662200191
BAD 206662200203
BAD 206663402809
BAD 206664363601
BAD 206665360277
BAD 206666887093
BAD 206667089653
BAD 206667089689
BAD 206668958513
BAD 206668968487
BAD 206669442013
BAD 206669442019
BAD 206670691943
BAD 206671356613
BAD 206672471461
BAD 206672579017
BAD 206672826023
BAD 206672826029
BAD 206673291947
BAD 206673291949
BAD 206673684341
BAD 206675372447
BAD 206675485613
BAD 206676571627
BAD 206676571637
BAD 206676571639
BAD 206728012087
BAD 206728012093
BAD 206728421551
BAD 206728421563
BAD 206728898027
BAD 206728898029
BAD 206729451457
BAD 206729451503
BAD 206729656453
BAD 206730432899
BAD 206730432901
BAD 206730719071
BAD 206730787663
BAD 206730787667
BAD 206730787709
BAD 206731736131
BAD 206732181349
BAD 206732181377
BAD 206732181379
BAD 206733443269
BAD 206734231477
BAD 206734328267
BAD 206734328287
BAD 206734328291
BAD 206734328293
BAD 206735089399
BAD 206735089403
BAD 206735195567
BAD 206735195599
BAD 206735195609
BAD 206735206087
BAD 206736334087
BAD 206736334099
BAD 206736408031
BAD 206737159081
BAD 206737353113
BAD 206737353127
BAD 206737443571
BAD 206737718753
BAD 206737718779
BAD 206738910023
BAD 206677702501
BAD 206677702531
BAD 206677786877
BAD 206677786879
BAD 206677786891
BAD 206678163619
BAD 206678346079
BAD 206680076893
BAD 206680076899
BAD 206741229493
BAD 206741897573
BAD 206741897599
BAD 206741920537
BAD 206741920543
BAD 206742082139
BAD 206742082147
BAD 206742179261
BAD 206742179263
BAD 206742562469
BAD 206742562471
BAD 206743787227
BAD 206744292427
BAD 206744348357
BAD 206744348359
BAD 206681620843
BAD 206682002971
BAD 206682085531
BAD 206682374693
BAD 206682396353
BAD 206682396377
BAD 206682396379
BAD 206682396383
BAD 206682945263
BAD 206711148209
BAD 206711148211
BAD 206711376383
BAD 206711483659
BAD 206711713729
BAD 206711713763
BAD 206683712281
BAD 206712530537
BAD 206712530539
BAD 206712530543
BAD 206744442811
BAD 206744500073
BAD 206744500087
BAD 206744500091
BAD 206744500913
BAD 206744528191
BAD 206694622963
BAD 206714518613
BAD 206694622969
BAD 206744541637
BAD 206744850217
BAD 206715069529
BAD 206715252761
BAD 206715252763
BAD 206715252769
BAD 206715324577
BAD 206715324581
BAD 206745222991
BAD 206745223021
BAD 206696844173
BAD 206745671833
BAD 206697370447
BAD 206697459847
BAD 206697484351
BAD 206716241231
BAD 206716241233
BAD 206716241471
BAD 206698258709
BAD 206746619119
BAD 206746744331
BAD 206699323021
BAD 206699347189
BAD 206699778223
BAD 206699778227
BAD 206717347297
BAD 206717347313
BAD 206684421961
BAD 206700818717
BAD 206700818719
BAD 206684708947
BAD 206701387051
BAD 206701435673
BAD 206701435687
BAD 206701435729
BAD 206685971663
BAD 206685971669
BAD 206685971671
BAD 206718261979
BAD 206718572149
BAD 206718587983
BAD 206687110129
BAD 206702419019
BAD 206687591179
BAD 206687683649
BAD 206687683651
BAD 206688103511
BAD 206688103513
BAD 206688103519
BAD 206702991707
BAD 206702991709
BAD 206703384499
BAD 206689155683
BAD 206703695753
BAD 206720643763
BAD 206704351013
BAD 206747076551
BAD 206690813579
BAD 206704732111
BAD 206747076553
BAD 206747076559
BAD 206747128459
BAD 206747128463
BAD 206747302793
BAD 206747562601
BAD 206706543419
BAD 206706565717
BAD 206706660487
BAD 206706660577
BAD 206693195803
BAD 206693195809
BAD 206707136521
BAD 206707136527
BAD 206707136533
BAD 206707136539
BAD 206707136543
BAD 206707251889
BAD 206749046719
BAD 206707688843
BAD 206721039383
BAD 206708473109
BAD 206749758583
BAD 206749853293
BAD 206721542803
BAD 206750128693
BAD 206750313673
BAD 206750313677
BAD 206722100359
BAD 206750313713
BAD 206709618793
BAD 206722100371
BAD 206750313719
BAD 206750524517
BAD 206710085581
BAD 206722541479
BAD 206710230997
BAD 206710231003
BAD 206710231009
BAD 206752994101
BAD 206724700643
BAD 206753501887
BAD 206753658157
BAD 206725125647
BAD 206754830663
BAD 206726614027
BAD 206726754781
BAD 206727012307
BAD 206755844137
BAD 206756413393
BAD 206756588569
BAD 206757322609
BAD 206757938533
BAD 206757939601
BAD 206757939643
BAD 206758139243
BAD 206758894141
BAD 206758894163
BAD 206759667161
BAD 206759741207
BAD 206759880323
BAD 206760917417
BAD 206760917423
BAD 206762071261
BAD 206762071267
BAD 206763859513
BAD 206763859517
BAD 206763868963
BAD 206763868973
BAD 206763964103
BAD 206763964109
BAD 206763964111
BAD 206764304521
BAD 206764459703
BAD 206765501927
BAD 206765666609
BAD 206765666621
BAD 206766279931
BAD 206766719297
BAD 206767103401
BAD 206767332169
BAD 206768050171
BAD 206768203613
BAD 206768362741
BAD 206768504003
BAD 206768584907
BAD 206768584909
BAD 206769215449
BAD 206769719887
BAD 206769958271
BAD 206769958273
BAD 206769958279
BAD 206769958363
BAD 206770344163
BAD 206770344169
BAD 206771284351
BAD 206771284373
BAD 206771284387
BAD 206772575627
BAD 206772575629
BAD 206772575683
BAD 206862103229
BAD 206862517789
BAD 206862517793
BAD 206862517811
BAD 206862943033
BAD 206862953863
BAD 206862953873
BAD 206811858443
BAD 206811999503
BAD 206863362637
BAD 206863565983
BAD 206864550923
BAD 206813079133
BAD 206813340709
BAD 206813340793
BAD 206813340803
BAD 206865433273
BAD 206865433303
BAD 206815067323
BAD 206865433319
BAD 206865433321
BAD 206866440247
BAD 206866593383
BAD 206816567227
BAD 206816567231
BAD 206816567233
BAD 206816672233
BAD 206816672243
BAD 206867064619
BAD 206817854443
BAD 206817854447
BAD 206817854471
BAD 206817967639
BAD 206868433561
BAD 206979823433
BAD 206818814431
BAD 206818814437
BAD 206818814443
BAD 206868964979
BAD 206819175379
BAD 206869169839
BAD 206980780943
BAD 206980780949
BAD 206819449313
BAD 206819487367
BAD 206819487379
BAD 206869454807
BAD 206869454809
BAD 206773144793
BAD 206981802031
BAD 206981802037
BAD 206981802043
BAD 206830111157
BAD 206830134169
BAD 206869624253
BAD 206869624261
BAD 206982315037
BAD 206982315041
BAD 206773500457
BAD 206831184907
BAD 206870682871
BAD 206831503433
BAD 206983543133
BAD 206831991557
BAD 206831991559
BAD 206871252191
BAD 206871252193
BAD 206871252197
BAD 206774994469
BAD 206832204517
BAD 206832204521
BAD 206832204529
BAD 206832204533
BAD 206871351991
BAD 206984041333
BAD 206984041367
BAD 206871702787
BAD 206984520893
BAD 206871916739
BAD 206775546301
BAD 206871916753
BAD 206775546317
BAD 206984762333
BAD 206833482799
BAD 206776241393
BAD 206776363193
BAD 206985530303
BAD 206872738543
BAD 206985723181
BAD 206872938803
BAD 206985790939
BAD 206776809419
BAD 206985805031
BAD 206776964629
BAD 206776964633
BAD 206776964731
BAD 206985939091
BAD 206834609021
BAD 206777366461
BAD 206835440113
BAD 206835440117
BAD 206777847011
BAD 206777847013
BAD 206835945931
BAD 206836031903
BAD 206836031923
BAD 206836031929
BAD 206987413189
BAD 206837021249
BAD 206795471719
BAD 206778037423
BAD 206819637707
BAD 206778037429
BAD 206819637709
BAD 206819637733
BAD 206874954977
BAD 206795659043
BAD 206795659051
BAD 206837259053
BAD 206837259071
BAD 206875542439
BAD 206795924561
BAD 206795924563
BAD 206795924617
BAD 206795924623
BAD 206795924633
BAD 206795924639
BAD 206987878343
BAD 206820792421
BAD 206778859159
BAD 206837791553
BAD 206837791561
BAD 206779029313
BAD 206779029361
BAD 206779050637
BAD 206779257023
BAD 206779257079
BAD 206877052009
BAD 206838801017
BAD 206822196047
BAD 206798152499
BAD 206779630333
BAD 206822196089
BAD 206838801019
BAD 206838801023
BAD 206838801031
BAD 206838801041
BAD 206779711703
BAD 206838869299
BAD 206838869333
BAD 206779743691
BAD 206779743713
BAD 206838959191
BAD 206822560207
BAD 206822560211
BAD 206822560213
BAD 206822560237
BAD 206877552781
BAD 206877552799
BAD 206877588163
BAD 206877588167
BAD 206877657409
BAD 206822767003
BAD 206822767007
BAD 206839332289
BAD 206780711453
BAD 206878099369
BAD 206878099381
BAD 206824176631
BAD 206799759643
BAD 206781084841
BAD 206839713097
BAD 206781084847
BAD 206799789073
BAD 206878149239
BAD 206878192627
BAD 206878192639
BAD 206878192643
BAD 206781180149
BAD 206878258687
BAD 206824569829
BAD 206824580663
BAD 206988939449
BAD 206840847859
BAD 206989214923
BAD 206841101917
BAD 206841101933
BAD 206841203783
BAD 206841320353
BAD 206841503951
BAD 206946030449
BAD 206946030451
BAD 206842021979
BAD 206842021987
BAD 206990623849
BAD 206842250501
BAD 206826227089
BAD 206946652909
BAD 206826510329
BAD 206843728583
BAD 206826510367
BAD 206803837243
BAD 206826510383
BAD 206843728603
BAD 206991455221
BAD 206803837249
BAD 206947311589
BAD 206803990333
BAD 206803990339
BAD 206991640279
BAD 206784710023
BAD 206804529733
BAD 206785034353
BAD 206785034371
BAD 206785034389
BAD 206785043299
BAD 206785043303
BAD 206992740863
BAD 206992740869
BAD 206827259329
BAD 206805232567
BAD 206948431013
BAD 206948431021
BAD 206805788359
BAD 206993759747
BAD 206948666413
BAD 206948711491
BAD 206785997699
BAD 206785997701
BAD 206806535129
BAD 206994247639
BAD 206949281333
BAD 206949340459
BAD 206806641803
BAD 206949594289
BAD 206949594311
BAD 206949609077
BAD 206949609079
BAD 206995299803
BAD 206807730229
BAD 206787645067
BAD 206808090473
BAD 206808212719
BAD 206808424883
BAD 206808424897
BAD 206808566681
BAD 206808566683
BAD 206951253893
BAD 206951288671
BAD 206788702111
BAD 206788969403
BAD 206810020939
BAD 206789468563
BAD 206952422179
BAD 206810499611
BAD 206810499613
BAD 206789639689
BAD 206789639713
BAD 206789729191
BAD 206952936587
BAD 206789729197
BAD 206789792401
BAD 206811544591
BAD 206790254063
BAD 206954163707
BAD 206954163709
BAD 206954435803
BAD 206954435819
BAD 206954699359
BAD 206954699363
BAD 206792143321
BAD 206956091501
BAD 206792982379
BAD 206956588939
BAD 206793068711
BAD 206793068723
BAD 206793068731
BAD 206793261001
BAD 206957412799
BAD 206957604977
BAD 206958149087
BAD 206958178859
BAD 206929972027
BAD 206958548941
BAD 206959460053
BAD 206931051409
BAD 206959894489
BAD 206959939591
BAD 206931116813
BAD 206960196173
BAD 206879198221
BAD 206879198231
BAD 206879198233
BAD 206879198237
BAD 206931354967
BAD 206931491471
BAD 206962800959
BAD 206932177679
BAD 206932177681
BAD 206961550751
BAD 206963185951
BAD 206961550753
BAD 206963185987
BAD 206963185999
BAD 206963186009
BAD 206932283339
BAD 206961612511
BAD 206961647623
BAD 206963345341
BAD 206963345359
BAD 206963345363
BAD 206845218641
BAD 206962132913
BAD 206845538813
BAD 206845538819
BAD 206845538821
BAD 206880430063
BAD 206880555991
BAD 206880555997
BAD 206845784087
BAD 206964606889
BAD 206964672647
BAD 206964672661
BAD 206965070993
BAD 206933903191
BAD 206881857593
BAD 206966377931
BAD 206846798929
BAD 206846798933
BAD 206966608141
BAD 206846799091
BAD 206846799097
BAD 206846799101
BAD 206934720481
BAD 206846851129
BAD 206966799463
BAD 206846927669
BAD 206846927671
BAD 206912961889
BAD 206912961901
BAD 206912961907
BAD 206935056833
BAD 206935056883
BAD 206935064729
BAD 206935064731
BAD 206913104743
BAD 206847244733
BAD 206847277433
BAD 206847320377
BAD 206967626491
BAD 206913728083
BAD 206913728093
BAD 206847353693
BAD 206847353729
BAD 206847353731
BAD 206847353737
BAD 206847353743
BAD 206847353753
BAD 207013233473
BAD 207013317827
BAD 207013317829
BAD 206935787173
BAD 206967997373
BAD 206935846003
BAD 206935846009
BAD 206935846021
BAD 206968044301
BAD 206935873913
BAD 206935873919
BAD 206968247543
BAD 206883560539
BAD 206883606353
BAD 206914628873
BAD 206848069699
BAD 207014358121
BAD 206848220641
BAD 206914802137
BAD 207014515753
BAD 206936596597
BAD 206969103997
BAD 206936728381
BAD 206915089921
BAD 207014966233
BAD 207014966237
BAD 207014966239
BAD 207014966243
BAD 207014966251
BAD 206884428083
BAD 206849184391
BAD 206849184397
BAD 206969768911
BAD 206969768917
BAD 206969768921
BAD 206969768923
BAD 206969768953
BAD 206937613921
BAD 206849587909
BAD 207016499509
BAD 206970707569
BAD 206849754281
BAD 207016956931
BAD 207016958263
BAD 206916369181
BAD 207017323333
BAD 206971671761
BAD 206971671763
BAD 206850362813
BAD 206850364387
BAD 207017923597
BAD 207017923603
BAD 206972169871
BAD 206972519029
BAD 206917347503
BAD 206917406809
BAD 206917406819
BAD 206896412357
BAD 206896412377
BAD 206887083049
BAD 206896542271
BAD 206972792503
BAD 206896711363
BAD 206896711367
BAD 206896711369
BAD 206996693381
BAD 206996693383
BAD 206896803041
BAD 206896803083
BAD 206887412203
BAD 207018761953
BAD 207018983209
BAD 206897273417
BAD 206897273419
BAD 206897273423
BAD 206997229129
BAD 206918514043
BAD 206918514053
BAD 206997380357
BAD 206888040451
BAD 207019388501
BAD 206888238779
BAD 206940837263
BAD 207019388503
BAD 207019388507
BAD 206898010643
BAD 206997969889
BAD 207019585021
BAD 206898288631
BAD 206941300151
BAD 206941396147
BAD 206941396243
BAD 206941396247
BAD 206852965469
BAD 206852965471
BAD 206853012307
BAD 206853101647
BAD 206998773077
BAD 206975319053
BAD 207020234251
BAD 207020289871
BAD 206898951229
BAD 206898961447
BAD 206999173729
BAD 206999173741
BAD 207020570377
BAD 206889526651
BAD 206889597647
BAD 206889597679
BAD 206999423401
BAD 206853688343
BAD 206889750391
BAD 206899436167
BAD 206889750421
BAD 206899436197
BAD 206899454137
BAD 206854056389
BAD 206854056391
BAD 207000027473
BAD 206942414479
BAD 206899924423
BAD 206890332991
BAD 206890332997
BAD 206890333009
BAD 206921521333
BAD 206942615707
BAD 206890634243
BAD 206890634309
BAD 207001002907
BAD 206890810493
BAD 206890810507
BAD 207001069579
BAD 207022321171
BAD 206922254401
BAD 206943383783
BAD 206943412163
BAD 206890910869
BAD 206890910873
BAD 206855538091
BAD 206943527773
BAD 206891357077
BAD 206922975871
BAD 206978307353
BAD 206855811023
BAD 207023465183
BAD 207001830293
BAD 206943842881
BAD 206892037369
BAD 207001830353
BAD 206943842957
BAD 206944043113
BAD 206923224121
BAD 207002059219
BAD 206901861899
BAD 206944164719
BAD 206892476551
BAD 207002305513
BAD 206856278947
BAD 206856278989
BAD 206856279013
BAD 207002408449
BAD 206892631867
BAD 207002440471
BAD 206978861611
BAD 206978882119
BAD 206856425483
BAD 206892727501
BAD 206892727511
BAD 206923875097
BAD 206856703283
BAD 206856703289
BAD 206944877653
BAD 206944896173
BAD 206944896181
BAD 206857010473
BAD 207024927301
BAD 206945355139
BAD 207003497539
BAD 206857581703
BAD 207025267333
BAD 206893820537
BAD 206893820543
BAD 206925183683
BAD 207025713721
BAD 207004092017
BAD 207004092019
BAD 206925569623
BAD 206903427293
BAD 207004478243
BAD 207004478249
BAD 206903447659
BAD 207004506347
BAD 207004506403
BAD 207004506409
BAD 206858535353
BAD 206858535361
BAD 206894752733
BAD 207026520917
BAD 207026520919
BAD 206858931143
BAD 206895280121
BAD 206895280127
BAD 207026962529
BAD 206904075893
BAD 206859519173
BAD 206859519179
BAD 206904242977
BAD 206904243067
BAD 206904243121
BAD 206904243131
BAD 207005877647
BAD 207005877649
BAD 206927505751
BAD 207028175153
BAD 207028659169
BAD 207029020831
BAD 206861407099
BAD 206861407169
BAD 206861407171
BAD 207007913719
BAD 207008074103
BAD 207008074109
BAD 207008074111
BAD 206928904841
BAD 206928904843
BAD 206928904849
BAD 206928904873
BAD 206928904883
BAD 206861761609
BAD 206906146921
BAD 207008874773
BAD 207009213031
BAD 207029671399
BAD 206906577593
BAD 207009794221
BAD 207009794227
BAD 206907800369
BAD 206907800371
BAD 207010726297
BAD 207010795111
BAD 206908146043
BAD 206908146059
BAD 206908146061
BAD 206908146077
BAD 206908146079
BAD 207031449419
BAD 207031449421
BAD 207031463329
BAD 206908424407
BAD 207031555579
BAD 206908742507
BAD 206909270861
BAD 207032339099
BAD 206910000001
BAD 207032957393
BAD 207032957399
BAD 207032957401
BAD 206910375493
BAD 206910396109
BAD 206910396113
BAD 207033884539
BAD 206911109231
BAD 207034207027
BAD 206911109233
BAD 207034544131
BAD 206911516939
BAD 206911516943
BAD 206911701211
BAD 207035430247
BAD 207035627101
BAD 207036152909
BAD 207036237983
BAD 207036888217
BAD 207036888229
BAD 207038891141
BAD 207039170059
BAD 207039442943
BAD 207039459199
BAD 207040007047
BAD 207040358479
BAD 207041234749
BAD 207041453977
BAD 207041522573
BAD 207041541953
BAD 207042550051
BAD 207042649243
BAD 207043772371
BAD 207044004229
BAD 207044665669
BAD 207044665679
BAD 207045109339
BAD 207045271789
BAD 207045644209
BAD 207046161661
BAD 207046651373
BAD 207048254407
BAD 207049123441
BAD 207049123447
BAD 207049256443
BAD 207049846567
BAD 207050397199
BAD 207052464859
BAD 207052528609
BAD 207052528621
BAD 207052659679
BAD 207052659701
BAD 207052659703
BAD 207052659707
BAD 207052702201
BAD 207053323093
BAD 207053323163
BAD 207055352753
BAD 207056530231
BAD 207056733133
BAD 207056733137
BAD 207056733139
BAD 207056864023
BAD 207057121643
BAD 207057121669
BAD 207057398417
BAD 207057398419
BAD 207057398423
BAD 207057398479
BAD 207057455023
BAD 207057521371
BAD 207057571621
BAD 207058407433
BAD 207059286979
BAD 207059286983
BAD 207059286989
BAD 207061885193
BAD 207062736931
BAD 207063115339
BAD 207063115351
BAD 207063651427
BAD 207065567941
BAD 207066647393
BAD 207069033961
BAD 207069033979
BAD 207069033989
BAD 207069033991
BAD 207070557601
BAD 207071069419
BAD 207071069423
BAD 207073526213
BAD 207074108849
BAD 207074931743
BAD 207074931751
BAD 207074931757
BAD 207075025327
BAD 207075254101
BAD 207075426433
BAD 207076020863
BAD 207076715771
BAD 207076715773
BAD 207076715779
BAD 207076875133
BAD 207077121037
BAD 207077281603
BAD 207077399929
BAD 207079815983
BAD 207079969037
BAD 207080232353
BAD 207080810593
BAD 207081269719
BAD 207081554887
BAD 207083825831
BAD 207083825833
BAD 207085121861
BAD 207086043617
BAD 207086364077
BAD 207087393553
BAD 207087393577
BAD 207087393581
BAD 207087663533
BAD 207088457197
BAD 207088634593
BAD 207088634609
BAD 207088634611
BAD 207088634693
BAD 207088961021
BAD 207113731291
BAD 207113841391
BAD 207090041843
BAD 207090418147
BAD 207090691861
BAD 207090997279
BAD 207091058197
BAD 207091222981
BAD 207092047501
BAD 207092202661
BAD 207092202763
BAD 207092202767
BAD 207092202769
BAD 207115567933
BAD 207115587589
BAD 207115587593
BAD 207115794499
BAD 207115794503
BAD 207115794533
BAD 207115794539
BAD 207115794541
BAD 207092871871
BAD 207115938503
BAD 207115938527
BAD 207115938529
BAD 207092961877
BAD 207093007903
BAD 207116390659
BAD 207116464231
BAD 207093877643
BAD 207094384481
BAD 207095318641
BAD 207118369519
BAD 207095318659
BAD 207095318713
BAD 207118456189
BAD 207118553401
BAD 207118585403
BAD 207118585469
BAD 207095965567
BAD 207098824403
BAD 207098991037
BAD 207119370649
BAD 207096654673
BAD 207099564299
BAD 207132326509
BAD 207099864931
BAD 207099864941
BAD 207147645667
BAD 207147674113
BAD 207120842549
BAD 207120847433
BAD 207100778627
BAD 207100778629
BAD 207101217373
BAD 207101217377
BAD 207102238943
BAD 207148878809
BAD 207149120939
BAD 207149120977
BAD 207134419651
BAD 207122520617
BAD 207103512079
BAD 207149726327
BAD 207122665093
BAD 207122665097
BAD 207122742439
BAD 207103843523
BAD 207150819613
BAD 207151030883
BAD 207151030967
BAD 207151030969
BAD 207123329341
BAD 207151523783
BAD 207151523791
BAD 207151676687
BAD 207151676689
BAD 207152022293
BAD 207123729049
BAD 207123729053
BAD 207152285933
BAD 207124042963
BAD 207124042967
BAD 207124042969
BAD 207124042973
BAD 207153297881
BAD 207105790483
BAD 207106167791
BAD 207154855891
BAD 207125074631
BAD 207125074633
BAD 207107326339
BAD 207156006241
BAD 207125597689
BAD 207125877731
BAD 207125877733
BAD 207156750439
BAD 207156750443
BAD 207107811023
BAD 207157381073
BAD 207158627119
BAD 207126980917
BAD 207108793237
BAD 207127306327
BAD 207127306333
BAD 207127744939
BAD 207127744951
BAD 207127783021
BAD 207109575223
BAD 207109860457
BAD 207128304049
BAD 207128304083
BAD 207109999051
BAD 207110177333
BAD 207110256679
BAD 207111358121
BAD 207134709623
BAD 207129735541
BAD 207129735577
BAD 207129735583
BAD 207129735587
BAD 207129735661
BAD 207162222919
BAD 207162222923
BAD 207135052153
BAD 207135117557
BAD 207135117559
BAD 207135409477
BAD 207135568499
BAD 207135568501
BAD 207162667639
BAD 207162883919
BAD 207136066013
BAD 207136155533
BAD 207136155623
BAD 207163397569
BAD 207163397579
BAD 207137128903
BAD 207137128909
BAD 207111465503
BAD 207111465529
BAD 207137288867
BAD 207137534509
BAD 207112648003
BAD 207112648007
BAD 207112648009
BAD 207139017739
BAD 207139079473
BAD 207139334771
BAD 207139848169
BAD 207139848173
BAD 207140415281
BAD 207140776841
BAD 207140777033
BAD 207141489013
BAD 207141489017
BAD 207141489019
BAD 207142788557
BAD 207143442943
BAD 207143443027
BAD 207143443033
BAD 207143849113
BAD 207144210893
BAD 207144321847
BAD 207144600473
BAD 207145001597
BAD 207145617229
BAD 207145617241
BAD 207146690983
BAD 207164096417
BAD 207231721079
BAD 207164624057
BAD 207164624059
BAD 207164624063
BAD 207164638789
BAD 207232560347
BAD 207232560349
BAD 207233192539
BAD 207233218123
BAD 207166196879
BAD 207166406459
BAD 207234073201
BAD 207234441173
BAD 207167340511
BAD 207234836839
BAD 207167516821
BAD 207167958643
BAD 207167958659
BAD 207167958661
BAD 207168045719
BAD 207236068231
BAD 207168620513
BAD 207168620563
BAD 207168647479
BAD 207236558327
BAD 207168952831
BAD 207169389851
BAD 207169389853
BAD 207237930247
BAD 207237930271
BAD 207170795857
BAD 207214274557
BAD 207214405639
BAD 207214459469
BAD 207214459471
BAD 207214473649
BAD 207171256189
BAD 207171256199
BAD 207171256223
BAD 207238821551
BAD 207238821553
BAD 207238821557
BAD 207171731311
BAD 207171901723
BAD 207248088979
BAD 207248088991
BAD 207248088997
BAD 207239079923
BAD 207172032413
BAD 207172291861
BAD 207239525839
BAD 207172491961
BAD 207239694769
BAD 207239694773
BAD 207172615343
BAD 207239853211
BAD 207248919571
BAD 207248919583
BAD 207249007111
BAD 207249406643
BAD 207173497799
BAD 207173497801
BAD 207173497823
BAD 207173550061
BAD 207250040497
BAD 207250040533
BAD 207174429223
BAD 207241526567
BAD 207250524127
BAD 207175207103
BAD 207175215493
BAD 207175215497
BAD 207175215503
BAD 207264827719
BAD 207242420269
BAD 207251423471
BAD 207242420311
BAD 207242420327
BAD 207242565511
BAD 207242565571
BAD 207265063567
BAD 207432394459
BAD 207432394471
BAD 207265398167
BAD 207265398169
BAD 207265599979
BAD 207265736003
BAD 207266194519
BAD 207266194523
BAD 207266226829
BAD 207244180249
BAD 207253211027
BAD 207253211029
BAD 207253364317
BAD 207244725473
BAD 207244725481
BAD 207434356783
BAD 207253901359
BAD 207253901381
BAD 207253901383
BAD 207253927861
BAD 207244970483
BAD 207245011163
BAD 207267562991
BAD 207435054583
BAD 207177799219
BAD 207267562993
BAD 207254018143
BAD 207245011177
BAD 207435261559
BAD 207245280989
BAD 207245281031
BAD 207267932869
BAD 207267932873
BAD 207435554077
BAD 207435554093
BAD 207435554111
BAD 207435554113
BAD 207254611507
BAD 207254611511
BAD 207254611513
BAD 207435780203
BAD 207254776669
BAD 207255145249
BAD 207197896831
BAD 207197896837
BAD 207268668479
BAD 207179108041
BAD 207268841257
BAD 207179238787
BAD 207269036243
BAD 207198435091
BAD 207269124091
BAD 207214591279
BAD 207437286031
BAD 207246807983
BAD 207214591289
BAD 207214591291
BAD 207246959939
BAD 207437431823
BAD 207214745539
BAD 207437838473
BAD 207437908373
BAD 207437908397
BAD 207437908399
BAD 207437908471
BAD 207269775463
BAD 207215279549
BAD 207438280223
BAD 207438280229
BAD 207258186379
BAD 207258186383
BAD 207201001261
BAD 207201127361
BAD 207201127363
BAD 207201127379
BAD 207201127381
BAD 207258432883
BAD 207438653791
BAD 207438653797
BAD 207438731347
BAD 207438731351
BAD 207438731377
BAD 207216474499
BAD 207271319881
BAD 207258522337
BAD 207201638719
BAD 207271319887
BAD 207258522353
BAD 207216526967
BAD 207216526969
BAD 207216526987
BAD 207201681563
BAD 207271597471
BAD 207439571813
BAD 207259303843
BAD 207202497991
BAD 207439908031
BAD 207440083729
BAD 207440083733
BAD 207440083789
BAD 207440083801
BAD 207217651813
BAD 207440168543
BAD 207272242193
BAD 207259724957
BAD 207259732369
BAD 207202818871
BAD 207202818883
BAD 207259779313
BAD 207217874209
BAD 207259832873
BAD 207203021353
BAD 207260117599
BAD 207440589919
BAD 207260117609
BAD 207260117611
BAD 207203047973
BAD 207218322029
BAD 207440813033
BAD 207218653849
BAD 207272978371
BAD 207272978383
BAD 207272978399
BAD 207272978401
BAD 207273106643
BAD 207441413857
BAD 207261051727
BAD 207261051869
BAD 207441747893
BAD 207441747901
BAD 207261288811
BAD 207261422113
BAD 207219784909
BAD 207219784913
BAD 207219784927
BAD 207219784931
BAD 207262183847
BAD 207274160939
BAD 207274160941
BAD 207204630667
BAD 207263328871
BAD 207263328949
BAD 207444456619
BAD 207444481943
BAD 207444481949
BAD 207205351669
BAD 207205351673
BAD 207205351679
BAD 207205351681
BAD 207221032913
BAD 207444606151
BAD 207205514707
BAD 207263544977
BAD 207263544979
BAD 207444752089
BAD 207221281699
BAD 207221319293
BAD 207263648107
BAD 207263648113
BAD 207445049239
BAD 207445049281
BAD 207275713097
BAD 207275713147
BAD 207206066689
BAD 207206066723
BAD 207206066731
BAD 207206180287
BAD 207445498411
BAD 207263989531
BAD 207445673027
BAD 207276112951
BAD 207276112973
BAD 207222230893
BAD 207276221729
BAD 207276221731
BAD 207222640169
BAD 207222640171
BAD 207207243151
BAD 207446642903
BAD 207207779269
BAD 207208157399
BAD 207277191943
BAD 207223769407
BAD 207223769419
BAD 207223878313
BAD 207223878319
BAD 207208588537
BAD 207208588549
BAD 207447937289
BAD 207208754393
BAD 207208754413
BAD 207208754429
BAD 207209082973
BAD 207448317289
BAD 207448317317
BAD 207448317319
BAD 207448317379
BAD 207224605771
BAD 207209424061
BAD 207209424073
BAD 207224966387
BAD 207209587901
BAD 207225228713
BAD 207449015569
BAD 207210006701
BAD 207210214249
BAD 207210287693
BAD 207278972239
BAD 207210345869
BAD 207227409821
BAD 207227520013
BAD 207211740839
BAD 207211787953
BAD 207280679149
BAD 207280679153
BAD 207280945369
BAD 207280945373
BAD 207281189747
BAD 207281189749
BAD 207281545301
BAD 207281832557
BAD 207281832559
BAD 207212818453
BAD 207229362139
BAD 207282620561
BAD 207282620603
BAD 207229794293
BAD 207213640267
BAD 207229886923
BAD 207230012747
BAD 207230012749
BAD 207230012753
BAD 207230097721
BAD 207285122819
BAD 207285345739
BAD 207285454567
BAD 207286144469
BAD 207286723229
BAD 207286896149
BAD 207286896151
BAD 207180785303
BAD 207180941431
BAD 207181672099
BAD 207181896871
BAD 207181972771
BAD 207182112883
BAD 207288048553
BAD 207183692123
BAD 207183956101
BAD 207183956107
BAD 207289117547
BAD 207289117549
BAD 207289117591
BAD 207184459501
BAD 207184459529
BAD 207184459543
BAD 207184536049
BAD 207184763567
BAD 207289540243
BAD 207185134537
BAD 207185204599
BAD 207289722127
BAD 207289740379
BAD 207185322139
BAD 207185322143
BAD 207185642753
BAD 207185713309
BAD 207290040263
BAD 207185789257
BAD 207186765871
BAD 207290856629
BAD 207291080089
BAD 207291292031
BAD 207291292051
BAD 207187097993
BAD 207187098089
BAD 207187098091
BAD 207291608813
BAD 207291838861
BAD 207291838867
BAD 207291838891
BAD 207291838907
BAD 207291838909
BAD 207291895541
BAD 207291895543
BAD 207187819543
BAD 207298151153
BAD 207298569103
BAD 207299299261
BAD 207299412031
BAD 207293368679
BAD 207293619439
BAD 207293619461
BAD 207189329807
BAD 207300645179
BAD 207189364783
BAD 207293774719
BAD 207294017401
BAD 207294017431
BAD 207294184793
BAD 207301190963
BAD 207366734119
BAD 207301654423
BAD 207348698341
BAD 207302492581
BAD 207190934243
BAD 207302603177
BAD 207302936629
BAD 207302936651
BAD 207302936653
BAD 207296273011
BAD 207303269527
BAD 207382622683
BAD 207368643829
BAD 207368649031
BAD 207368649043
BAD 207368649049
BAD 207368649053
BAD 207349771303
BAD 207349771309
BAD 207368878819
BAD 207383014703
BAD 207383014723
BAD 207192013271
BAD 207383133053
BAD 207369304391
BAD 207369304393
BAD 207304018717
BAD 207369387557
BAD 207369387559
BAD 207315134407
BAD 207297583607
BAD 207297583609
BAD 207297583613
BAD 207192651607
BAD 207192651623
BAD 207192674147
BAD 207192674149
BAD 207383799211
BAD 207383832653
BAD 207383832661
BAD 207383832709
BAD 207383832713
BAD 207192803891
BAD 207192803893
BAD 207315538741
BAD 207350736797
BAD 207370281457
BAD 207370281473
BAD 207304652383
BAD 207193241753
BAD 207315893131
BAD 207315893137
BAD 207352249243
BAD 207305362183
BAD 207194116783
BAD 207370750393
BAD 207416499937
BAD 207305362193
BAD 207384327211
BAD 207384327259
BAD 207416665789
BAD 207416665793
BAD 207416665801
BAD 207352719131
BAD 207384797899
BAD 207194569801
BAD 207384873889
BAD 207194686889
BAD 207194686891
BAD 207353010353
BAD 207353227567
BAD 207353227589
BAD 207353302043
BAD 207371666587
BAD 207371702207
BAD 207306164501
BAD 207306164503
BAD 207353589767
BAD 207353589769
BAD 207195381499
BAD 207306980929
BAD 207354330923
BAD 207307449091
BAD 207418832539
BAD 207373051961
BAD 207318923117
BAD 207318923153
BAD 207318923183
BAD 207386781533
BAD 207307585253
BAD 207307654033
BAD 207307654067
BAD 207307654069
BAD 207307783951
BAD 207387168889
BAD 207419244353
BAD 207419244359
BAD 207333949219
BAD 207387493669
BAD 207387541549
BAD 207387541553
BAD 207387541589
BAD 207387541591
BAD 207387699773
BAD 207319839073
BAD 207319839079
BAD 207355233913
BAD 207355233923
BAD 207355233929
BAD 207355233931
BAD 207388183799
BAD 207334666183
BAD 207196154719
BAD 207375397807
BAD 207388420033
BAD 207196154723
BAD 207321068807
BAD 207196154729
BAD 207309407971
BAD 207375397811
BAD 207321068809
BAD 207420785983
BAD 207375397813
BAD 207196154731
BAD 207334666193
BAD 207388420037
BAD 207196291189
BAD 207388712761
BAD 207196436519
BAD 207196436521
BAD 207421175627
BAD 207421175629
BAD 207388915703
BAD 207388915733
BAD 207309797393
BAD 207421572443
BAD 207389434741
BAD 207389555981
BAD 207197214409
BAD 207197214509
BAD 207197214533
BAD 207197214541
BAD 207389880109
BAD 207322155889
BAD 207356237027
BAD 207310289911
BAD 207322155893
BAD 207376623373
BAD 207322155899
BAD 207356237029
BAD 207422333161
BAD 207322155919
BAD 207399056131
BAD 207310292281
BAD 207376623379
BAD 207310292317
BAD 207376623383
BAD 207422337931
BAD 207399187339
BAD 207399187343
BAD 207197411749
BAD 207197411753
BAD 207335666399
BAD 207322446829
BAD 207356529733
BAD 207335666401
BAD 207335666413
BAD 207390488999
BAD 207390489001
BAD 207390525037
BAD 207390558281
BAD 207335956049
BAD 207399741869
BAD 207357446893
BAD 207423026677
BAD 207310996231
BAD 207357446897
BAD 207322994071
BAD 207357446899
BAD 207390609593
BAD 207322994119
BAD 207423026683
BAD 207423026693
BAD 207423026711
BAD 207336013631
BAD 207336013639
BAD 207357532567
BAD 207399930823
BAD 207336142267
BAD 207400153291
BAD 207391212121
BAD 207358245403
BAD 207323757947
BAD 207323757973
BAD 207377389621
BAD 207323975569
BAD 207423838591
BAD 207324108799
BAD 207324108961
BAD 207391766867
BAD 207424008469
BAD 207358840681
BAD 207358840693
BAD 207378009893
BAD 207401064503
BAD 207312353233
BAD 207324621737
BAD 207312353239
BAD 207392799379
BAD 207312353243
BAD 207424143029
BAD 207312353263
BAD 207312353267
BAD 207392799413
BAD 207324621739
BAD 207401223121
BAD 207424292749
BAD 207359173033
BAD 207359173039
BAD 207359173051
BAD 207359173067
BAD 207325146703
BAD 207393631349
BAD 207393631351
BAD 207393676573
BAD 207378696463
BAD 207393779639
BAD 207393779641
BAD 207325439281
BAD 207424844009
BAD 207313549981
BAD 207313549999
BAD 207424931341
BAD 207313797799
BAD 207394463711
BAD 207379358077
BAD 207402378277
BAD 207336973891
BAD 207424931353
BAD 207325588607
BAD 207325588609
BAD 207394661153
BAD 207337141969
BAD 207314104579
BAD 207394847089
BAD 207314212627
BAD 207394903523
BAD 207326042327
BAD 207425349503
BAD 207425349529
BAD 207425349539
BAD 207425349541
BAD 207403287523
BAD 207326442707
BAD 207326442709
BAD 207403391491
BAD 207403391497
BAD 207360050413
BAD 207425834963
BAD 207425834981
BAD 207425834983
BAD 207425834989
BAD 207403514963
BAD 207360236459
BAD 207326781503
BAD 207395972767
BAD 207395972803
BAD 207395972809
BAD 207403825549
BAD 207338431301
BAD 207338431303
BAD 207338431309
BAD 207360554299
BAD 207396064663
BAD 207338607631
BAD 207426530123
BAD 207426578797
BAD 207426578819
BAD 207426584899
BAD 207426584903
BAD 207396353617
BAD 207360962539
BAD 207338875333
BAD 207360996959
BAD 207360996961
BAD 207327632167
BAD 207327709921
BAD 207339210523
BAD 207328393373
BAD 207381413461
BAD 207361817057
BAD 207397388623
BAD 207397574723
BAD 207340113979
BAD 207427999021
BAD 207362389723
BAD 207405222379
BAD 207340113983
BAD 207427999027
BAD 207381934607
BAD 207381934609
BAD 207381934621
BAD 207329797013
BAD 207329797027
BAD 207329851549
BAD 207329851559
BAD 207428165983
BAD 207340295059
BAD 207405431507
BAD 207405431509
BAD 207329932373
BAD 207330238931
BAD 207330238933
BAD 207330269701
BAD 207363163297
BAD 207398200531
BAD 207398396693
BAD 207406822793
BAD 207331339157
BAD 207406859047
BAD 207406922377
BAD 207341690077
BAD 207364128973
BAD 207341998543
BAD 207407575831
BAD 207407575861
BAD 207364192447
BAD 207430471553
BAD 207430471559
BAD 207430471561
BAD 207364671649
BAD 207342558109
BAD 207342578903
BAD 207431103479
BAD 207342865141
BAD 207342905537
BAD 207342905543
BAD 207408753599
BAD 207343021373
BAD 207409153459
BAD 207431748547
BAD 207431748551
BAD 207431748553
BAD 207431859473
BAD 207431859497
BAD 207431975299
BAD 207432024427
BAD 207432093529
BAD 207343593049
BAD 207432157531
BAD 207343818727
BAD 207343818733
BAD 207343818769
BAD 207345100777
BAD 207411830209
BAD 207345219559
BAD 207345219563
BAD 207412344973
BAD 207412344977
BAD 207345788857
BAD 207346132051
BAD 207413273939
BAD 207413273941
BAD 207413373383
BAD 207346474793
BAD 207346474799
BAD 207346474801
BAD 207346474807
BAD 207346474831
BAD 207413991121
BAD 207414291533
BAD 207414439259
BAD 207414439261
BAD 207347281459
BAD 207347828329
BAD 207449350909
BAD 207449350921
BAD 207450083221
BAD 207451418857
BAD 207452643421
BAD 207452643451
BAD 207452801363
BAD 207453156073
BAD 207453640033
BAD 207453697081
BAD 207454384399
BAD 207454806431
BAD 207455317967
BAD 207455655413
BAD 207455655419
BAD 207456153859
BAD 207457248473
BAD 207457903417
BAD 207458308459
BAD 207458591749
BAD 207458591761
BAD 207459169703
BAD 207459235993
BAD 207459235999
BAD 207459462113
BAD 207459956749
BAD 207460265149
BAD 207460675039
BAD 207462236257
BAD 207462320413
BAD 207462320441
BAD 207463738759
BAD 207463738813
BAD 207463738817
BAD 207463738819
BAD 207463954801
BAD 207463954807
BAD 207463954811
BAD 207463954813
BAD 207463954847
BAD 207464724653
BAD 207464845373
BAD 207465557483
BAD 207466142207
BAD 207466142209
BAD 207466299361
BAD 207466481539
BAD 207467035519
BAD 207467316767
BAD 207467316769
BAD 207467316773
BAD 207468198037
BAD 207468199973
BAD 207468712531
BAD 207468712601
BAD 207468712603
BAD 207470840077
BAD 207471079547
BAD 207472347013
BAD 207473818703
BAD 207473891689
BAD 207473891693
BAD 207474764899
BAD 207475407229
BAD 207476236511
BAD 207477754621
BAD 207477754633
BAD 207477754639
BAD 207477931411
BAD 207478241807
BAD 207478644773
BAD 207478644781
BAD 207478934099
BAD 207478934101
BAD 207479928451
BAD 207480332287
BAD 207481011223
BAD 207481971439
BAD 207481971443
BAD 207482836837
BAD 207483573337
BAD 207483699067
BAD 207483926239
BAD 207483926257
BAD 207483926267
BAD 207483926269
BAD 207484251127
BAD 207484253689
BAD 207484253693
BAD 207484391749
BAD 207484963253
BAD 207485385539
BAD 207486170083
BAD 207486333421
BAD 207486333427
BAD 207487230547
BAD 207487230557
BAD 207487230563
BAD 207487364971
BAD 207487827121
BAD 207488561131
BAD 207499423519
BAD 207490543097
BAD 207500111393
BAD 207501174509
BAD 207501174511
BAD 207549794869
BAD 207549794873
BAD 207549811687
BAD 207502174549
BAD 207502174553
BAD 207502660879
BAD 207502660903
BAD 207551196443
BAD 207503058557
BAD 207503058559
BAD 207503058563
BAD 207503324629
BAD 207551668573
BAD 207503684057
BAD 207503684077
BAD 207552178837
BAD 207552178843
BAD 207552372541
BAD 207491566729
BAD 207491722927
BAD 207504563813
BAD 207553079353
BAD 207553079359
BAD 207505903321
BAD 207493001179
BAD 207493001213
BAD 207553196363
BAD 207553196371
BAD 207493177967
BAD 207506661709
BAD 207506762867
BAD 207554375783
BAD 207507281053
BAD 207554502109
BAD 207554502119
BAD 207554502121
BAD 207507823513
BAD 207507823517
BAD 207507823519
BAD 207494485963
BAD 207555196657
BAD 207555415073
BAD 207555572459
BAD 207555572461
BAD 207495168623
BAD 207495185773
BAD 207495185809
BAD 207508319387
BAD 207555861571
BAD 207508797883
BAD 207508797931
BAD 207509352133
BAD 207517269481
BAD 207496371883
BAD 207517305371
BAD 207510235969
BAD 207510308713
BAD 207510308717
BAD 207517770011
BAD 207517972531
BAD 207517990261
BAD 207496948237
BAD 207510860933
BAD 207510861427
BAD 207510861431
BAD 207510861433
BAD 207510861449
BAD 207497209357
BAD 207518308171
BAD 207511610107
BAD 207511654549
BAD 207518942737
BAD 207511967851
BAD 207511984373
BAD 207512193443
BAD 207512576563
BAD 207512576591
BAD 207519675203
BAD 207512729629
BAD 207519820973
BAD 207520015399
BAD 207520015403
BAD 207499170433
BAD 207499181003
BAD 207499181041
BAD 207499181047
BAD 207499398331
BAD 207514022329
BAD 207514528673
BAD 207515015273
BAD 207522240329
BAD 207515335771
BAD 207515335777
BAD 207515335787
BAD 207522486161
BAD 207522486163
BAD 207522486167
BAD 207522486169
BAD 207515619263
BAD 207515800771
BAD 207515800777
BAD 207522838043
BAD 207522904529
BAD 207557121559
BAD 207557211871
BAD 207557221247
BAD 207557366147
BAD 207523576849
BAD 207523772117
BAD 207523772119
BAD 207558106079
BAD 207558106081
BAD 207558106111
BAD 207524695129
BAD 207524695141
BAD 207524895037
BAD 207525232723
BAD 207559151417
BAD 207525746033
BAD 207559499843
BAD 207526444373
BAD 207526588501
BAD 207559753417
BAD 207527534311
BAD 207560639269
BAD 207561290999
BAD 207561291001
BAD 207561492781
BAD 207528697009
BAD 207528878363
BAD 207528878369
BAD 207528878371
BAD 207528878387
BAD 207528878461
BAD 207529027193
BAD 207529556671
BAD 207529556687
BAD 207562185169
BAD 207562342151
BAD 207562342153
BAD 207563426813
BAD 207563598997
BAD 207563599003
BAD 207563998619
BAD 207564491791
BAD 207564511909
BAD 207565426361
BAD 207565426363
BAD 207565690159
BAD 207532651399
BAD 207532937389
BAD 207566228039
BAD 207533051377
BAD 207533109829
BAD 207533407229
BAD 207533407231
BAD 207534569173
BAD 207534965767
BAD 207534995243
BAD 207535467211
BAD 207536077523
BAD 207537052847
BAD 207537812401
BAD 207537812407
BAD 207537812411
BAD 207537812413
BAD 207537812467
BAD 207537812483
BAD 207537819179
BAD 207538010513
BAD 207538010521
BAD 207538010527
BAD 207539536121
BAD 207539536123
BAD 207539536129
BAD 207539536133
BAD 207540081841
BAD 207541750873
BAD 207542248141
BAD 207542845843
BAD 207543529243
BAD 207543529247
BAD 207543529253
BAD 207583965503
BAD 207584214323
BAD 207584214337
BAD 207584446117
BAD 207585265523
BAD 207587468681
BAD 207587468687
BAD 207587468689
BAD 207544786411
BAD 207587912011
BAD 207589062139
BAD 207589207219
BAD 207589207223
BAD 207546509629
BAD 207589391707
BAD 207547086493
BAD 207547249321
BAD 207547311073
BAD 207590307193
BAD 207667369477
BAD 207668355773
BAD 207592074181
BAD 207592329991
BAD 207633636971
BAD 207669571741
BAD 207669698273
BAD 207669791359
BAD 207593089883
BAD 207634454813
BAD 207670768273
BAD 207634755301
BAD 207634755347
BAD 207634755353
BAD 207634755371
BAD 207634755373
BAD 207593811043
BAD 207593811049
BAD 207593811053
BAD 207594117001
BAD 207594117023
BAD 207594117061
BAD 207671687627
BAD 207635779979
BAD 207635780003
BAD 207635904109
BAD 207672002179
BAD 207672214817
BAD 207672214819
BAD 207672214823
BAD 207636185401
BAD 207636185423
BAD 207672410753
BAD 207672410761
BAD 207672410767
BAD 207650827693
BAD 207650827697
BAD 207636387919
BAD 207636387923
BAD 207637250131
BAD 207637363411
BAD 207674454601
BAD 207674454679
BAD 207652107121
BAD 207637764517
BAD 207674691001
BAD 207674691023
BAD 207674691031
BAD 207652137139
BAD 207638121893
BAD 207675731423
BAD 207675731453
BAD 207675979673
BAD 207653079083
BAD 207653079091
BAD 207653079103
BAD 207653079107
BAD 207638735477
BAD 207638984213
BAD 207638985361
BAD 207676926649
BAD 207677059427
BAD 207595337687
BAD 207654374051
BAD 207654374063
BAD 207595787251
BAD 207677845567
BAD 207596377621
BAD 207596377627
BAD 207656192333
BAD 207656260327
BAD 207596832593
BAD 207678686879
BAD 207678686881
BAD 207656597821
BAD 207656675773
BAD 207656751353
BAD 207656926039
BAD 207656926051
BAD 207657452869
BAD 207597570533
BAD 207657597743
BAD 207657597803
BAD 207679727191
BAD 207658047601
BAD 207639845219
BAD 207639845221
BAD 207639933331
BAD 207658923097
BAD 207640036013
BAD 207640086271
BAD 207640086287
BAD 207659230369
BAD 207640086289
BAD 207640086293
BAD 207660111023
BAD 207660111031
BAD 207598980319
BAD 207640706521
BAD 207660446183
BAD 207641004619
BAD 207617137759
BAD 207660713657
BAD 207660735479
BAD 207660735481
BAD 207617624273
BAD 207617624281
BAD 207617624287
BAD 207617713519
BAD 207661418089
BAD 207661418093
BAD 207661418101
BAD 207618194789
BAD 207618534323
BAD 207618638957
BAD 207681115241
BAD 207681153193
BAD 207642193133
BAD 207662033039
BAD 207662033041
BAD 207619862833
BAD 207642966409
BAD 207663036953
BAD 207620596643
BAD 207682522441
BAD 207620596657
BAD 207642966413
BAD 207682522451
BAD 207682522459
BAD 207682522483
BAD 207621012251
BAD 207621012253
BAD 207621012271
BAD 207682979599
BAD 207621451823
BAD 207621451847
BAD 207621451889
BAD 207621451897
BAD 207663853343
BAD 207643617451
BAD 207621689581
BAD 207621849443
BAD 207683509237
BAD 207683649893
BAD 207622320511
BAD 207643775177
BAD 207643775179
BAD 207664374839
BAD 207643905299
BAD 207644115929
BAD 207644284853
BAD 207665160259
BAD 207645027077
BAD 207624260959
BAD 207645027089
BAD 207645027091
BAD 207665479481
BAD 207665633839
BAD 207665633899
BAD 207665633911
BAD 207645366571
BAD 207645523951
BAD 207625305919
BAD 207625674329
BAD 207666568441
BAD 207666690529
BAD 207666690533
BAD 207666690563
BAD 207666690571
BAD 207626223863
BAD 207626292259
BAD 207626292271
BAD 207626292283
BAD 207647108443
BAD 207648364843
BAD 207627827509
BAD 207648657001
BAD 207649054309
BAD 207649054313
BAD 207628511903
BAD 207628731949
BAD 207628731953
BAD 207650051263
BAD 207628731967
BAD 207684285331
BAD 207628731983
BAD 207628731997
BAD 207684285337
BAD 207684493469
BAD 207629047363
BAD 207629616323
BAD 207629712319
BAD 207684906353
BAD 207684906371
BAD 207685376939
BAD 207630094459
BAD 207630458059
BAD 207630458071
BAD 207686400043
BAD 207686400049
BAD 207631427581
BAD 207687310807
BAD 207687310811
BAD 207687310813
BAD 207687310849
BAD 207687787063
BAD 207632383219
BAD 207632383223
BAD 207632383313
BAD 207632882783
BAD 207633027127
BAD 207633027131
BAD 207566590459
BAD 207784843549
BAD 207633027157
BAD 207689350441
BAD 207689491013
BAD 207689530819
BAD 207567314267
BAD 207690130343
BAD 207690130489
BAD 207690190349
BAD 207690564469
BAD 207691283731
BAD 207691581011
BAD 207568123403
BAD 207691655299
BAD 207568513813
BAD 207568513819
BAD 207569119403
BAD 207788275489
BAD 207693665183
BAD 207788526289
BAD 207788526301
BAD 207693790763
BAD 207788757763
BAD 207788757901
BAD 207569738641
BAD 207694705159
BAD 207694801229
BAD 207694801231
BAD 207694801253
BAD 207790706063
BAD 207570844709
BAD 207570844729
BAD 207790861123
BAD 207694960117
BAD 207570970141
BAD 207571339543
BAD 207695649713
BAD 207791858303
BAD 207792356437
BAD 207792356441
BAD 207792371833
BAD 207792371851
BAD 207792371867
BAD 207792937943
BAD 207697248851
BAD 207697248853
BAD 207573201851
BAD 207573201853
BAD 207697527341
BAD 207793526539
BAD 207698253409
BAD 207794027359
BAD 207794283581
BAD 207794283583
BAD 207734344633
BAD 207698725313
BAD 207734439191
BAD 207734439193
BAD 207698918003
BAD 207574883239
BAD 207795684023
BAD 207575309329
BAD 207575309341
BAD 207735389399
BAD 207735389401
BAD 207735414619
BAD 207575471273
BAD 207700685183
BAD 207700685189
BAD 207700685191
BAD 207575749783
BAD 207735712259
BAD 207796371709
BAD 207575932433
BAD 207575932441
BAD 207575932453
BAD 207575932457
BAD 207735957907
BAD 207797069881
BAD 207576424747
BAD 207736548109
BAD 207736548121
BAD 207736548143
BAD 207576626149
BAD 207576626161
BAD 207797398793
BAD 207736927051
BAD 207797886539
BAD 207577405493
BAD 207737672383
BAD 207577960831
BAD 207799428611
BAD 207577960853
BAD 207577960861
BAD 207799428619
BAD 207578006861
BAD 207578006873
BAD 207578006879
BAD 207799631917
BAD 207799738381
BAD 207799907083
BAD 207799907191
BAD 207738192901
BAD 207578523049
BAD 207800228899
BAD 207800228929
BAD 207579008243
BAD 207579013843
BAD 207579013847
BAD 207579013849
BAD 207579013853
BAD 207579142313
BAD 207738906709
BAD 207579293759
BAD 207739537517
BAD 207739537519
BAD 207739570861
BAD 207739570867
BAD 207739847411
BAD 207739955417
BAD 207739955419
BAD 207740715577
BAD 207740715583
BAD 207740715593
BAD 207740715629
BAD 207740958589
BAD 207581410291
BAD 207581444579
BAD 207581444597
BAD 207581444599
BAD 207581817403
BAD 207582496909
BAD 207582742463
BAD 207582885091
BAD 207583193417
BAD 207743312113
BAD 207743531239
BAD 207743531243
BAD 207600194999
BAD 207600255287
BAD 207600255293
BAD 207744712141
BAD 207601042729
BAD 207601140091
BAD 207601445813
BAD 207601569533
BAD 207745574593
BAD 207745645531
BAD 207745645537
BAD 207601820273
BAD 207746405033
BAD 207746405059
BAD 207746405101
BAD 207601821313
BAD 207746714521
BAD 207602129599
BAD 207747159007
BAD 207747159013
BAD 207602529503
BAD 207747227011
BAD 207602870627
BAD 207602902061
BAD 207602902063
BAD 207747741979
BAD 207603410143
BAD 207801478543
BAD 207603768787
BAD 207603817133
BAD 207748503829
BAD 207802002061
BAD 207802353097
BAD 207749381393
BAD 207749381407
BAD 207803831119
BAD 207804245549
BAD 207749968303
BAD 207749968313
BAD 207804595081
BAD 207804641197
BAD 207750716233
BAD 207751195793
BAD 207700876793
BAD 207805678919
BAD 207700941037
BAD 207700961803
BAD 207604157377
BAD 207701114393
BAD 207751491851
BAD 207806199697
BAD 207806199719
BAD 207806199721
BAD 207701328161
BAD 207806851739
BAD 207806851741
BAD 207806904323
BAD 207717752213
BAD 207702323401
BAD 207702477383
BAD 207702477391
BAD 207818289337
BAD 207818289353
BAD 207818289389
BAD 207818289391
BAD 207702635381
BAD 207702635383
BAD 207807787063
BAD 207702777511
BAD 207702777539
BAD 207818680159
BAD 207818680171
BAD 207753494149
BAD 207605288257
BAD 207808806019
BAD 207703635913
BAD 207818763623
BAD 207753598837
BAD 207753598853
BAD 207753598867
BAD 207753709627
BAD 207703825711
BAD 207819124267
BAD 207719576641
BAD 207719603537
BAD 207753958747
BAD 207720043261
BAD 207606638387
BAD 207820092637
BAD 207754632383
BAD 207810236591
BAD 207810236603
BAD 207835399703
BAD 207835399711
BAD 207607009853
BAD 207754997987
BAD 207607357501
BAD 207704730439
BAD 207720979051
BAD 207607538447
BAD 207607538449
BAD 207811039237
BAD 207756151807
BAD 207821802109
BAD 207704879671
BAD 207721421881
BAD 207607829431
BAD 207837077219
BAD 207721421891
BAD 207837077221
BAD 207721528853
BAD 207705094673
BAD 207705094687
BAD 207811233307
BAD 207811233323
BAD 207822120299
BAD 207822255559
BAD 207837461603
BAD 207705418783
BAD 207608507347
BAD 207721993421
BAD 207721993429
BAD 207721993433
BAD 207811611043
BAD 207811822657
BAD 207811822661
BAD 207811822663
BAD 207608917069
BAD 207757402939
BAD 207823216753
BAD 207823216763
BAD 207812142361
BAD 207706296683
BAD 207812142367
BAD 207706296703
BAD 207823257799
BAD 207838409689
BAD 207757826833
BAD 207812214367
BAD 207706585663
BAD 207706680179
BAD 207723222991
BAD 207706882433
BAD 207758373169
BAD 207706882459
BAD 207823893191
BAD 207812808271
BAD 207812822479
BAD 207812857673
BAD 207707337479
BAD 207758956883
BAD 207824373019
BAD 207759192673
BAD 207759285901
BAD 207824473039
BAD 207610557673
BAD 207610557677
BAD 207723981407
BAD 207759565729
BAD 207759565733
BAD 207708063427
BAD 207708113161
BAD 207610870433
BAD 207759624367
BAD 207767885971
BAD 207840314329
BAD 207759624379
BAD 207825291173
BAD 207725820173
BAD 207840314333
BAD 207610870451
BAD 207825292403
BAD 207813840139
BAD 207708158953
BAD 207708175933
BAD 207840491213
BAD 207759808273
BAD 207840563537
BAD 207725953283
BAD 207768239521
BAD 207840744157
BAD 207611411767
BAD 207611537843
BAD 207708940841
BAD 207841202771
BAD 207841202773
BAD 207611586509
BAD 207611586517
BAD 207826271137
BAD 207726326783
BAD 207709100959
BAD 207760758169
BAD 207760761797
BAD 207826602293
BAD 207768672731
BAD 207760761799
BAD 207768672733
BAD 207726562003
BAD 207841906639
BAD 207769093201
BAD 207726982303
BAD 207761710153
BAD 207827762917
BAD 207842986199
BAD 207842986201
BAD 207762191563
BAD 207762191569
BAD 207762191573
BAD 207762543539
BAD 207711255863
BAD 207613327073
BAD 207613327079
BAD 207613327081
BAD 207613327091
BAD 207613327093
BAD 207828352283
BAD 207828352343
BAD 207711491243
BAD 207727633391
BAD 207763098503
BAD 207763098509
BAD 207763098511
BAD 207843868993
BAD 207727847527
BAD 207763309343
BAD 207614287579
BAD 207712446967
BAD 207829691809
BAD 207852200419
BAD 207614287583
BAD 207712446971
BAD 207852213473
BAD 207852222871
BAD 207614443147
BAD 207712595333
BAD 207852361219
BAD 207852361231
BAD 207712610789
BAD 207763477703
BAD 207770553611
BAD 207852495923
BAD 207763649903
BAD 207763649909
BAD 207763649911
BAD 207770644069
BAD 207770644073
BAD 207770644079
BAD 207728281363
BAD 207728281367
BAD 207763798909
BAD 207770756071
BAD 207852763373
BAD 207852783169
BAD 207763991683
BAD 207615176161
BAD 207713159701
BAD 207830325617
BAD 207852836011
BAD 207764058023
BAD 207764074129
BAD 207764089669
BAD 207764103167
BAD 207764103193
BAD 207713559073
BAD 207853296397
BAD 207615562391
BAD 207615562393
BAD 207771579793
BAD 207771579797
BAD 207771579823
BAD 207771603427
BAD 207764757953
BAD 207853613609
BAD 207853713503
BAD 207853734421
BAD 207853734433
BAD 207615985757
BAD 207765068671
BAD 207714255533
BAD 207854088499
BAD 207831821237
BAD 207714689563
BAD 207846069619
BAD 207816366073
BAD 207772717219
BAD 207832525763
BAD 207715026587
BAD 207730171577
BAD 207715026593
BAD 207816417383
BAD 207854874781
BAD 207832629553
BAD 207832629559
BAD 207832629593
BAD 207832710803
BAD 207832936963
BAD 207772973777
BAD 207855207073
BAD 207773019667
BAD 207730675183
BAD 207730675193
BAD 207833084903
BAD 207833179681
BAD 207816894799
BAD 207715715149
BAD 207715715153
BAD 207816912013
BAD 207833311019
BAD 207715761811
BAD 207766829323
BAD 207766829327
BAD 207766829329
BAD 207816954313
BAD 207856326001
BAD 207766954279
BAD 207846329591
BAD 207773647201
BAD 207715800767
BAD 207730968103
BAD 207715800769
BAD 207773647247
BAD 207767059793
BAD 207856461623
BAD 207834666517
BAD 207817202353
BAD 207834838879
BAD 207767379451
BAD 207856740473
BAD 207846652703
BAD 207846652711
BAD 207817426577
BAD 207846682399
BAD 207846682403
BAD 207856871119
BAD 207767528431
BAD 207716689493
BAD 207716941129
BAD 207857416903
BAD 207857416913
BAD 207857495539
BAD 207857495543
BAD 207717086257
BAD 207732271249
BAD 207732325523
BAD 207858092587
BAD 207847755803
BAD 207858339217
BAD 207858339223
BAD 207775209413
BAD 207775209469
BAD 207775209527
BAD 207775209529
BAD 207848117623
BAD 207775257353
BAD 207848618713
BAD 207733817483
BAD 207859680617
BAD 207859680619
BAD 207776526911
BAD 207776526913
BAD 207859929443
BAD 207860163787
BAD 207860163793
BAD 207850505371
BAD 207861223421
BAD 207861703207
BAD 207861703213
BAD 207780202633
BAD 207780202639
BAD 207780202649
BAD 207781006483
BAD 207782019947
BAD 207782442253
BAD 207864115441
BAD 207864115447
BAD 207782622923
BAD 207782622953
BAD 207864650911
BAD 207865449469
BAD 207865613407
BAD 207865613411
BAD 207865613413
BAD 207866512597
BAD 207866512613
BAD 207867375533
BAD 207868204477
BAD 207868708823
BAD 207868863739
BAD 207869076113
BAD 207869652343
BAD 207869652349
BAD 207870772289
BAD 207870772303
BAD 207871434863
BAD 207874036037
BAD 207874036039
BAD 207874036043
BAD 207874165297
BAD 207875335483
BAD 207876238351
BAD 207878492323
BAD 207879644941
BAD 207879938993
BAD 207880502741
BAD 207880502743
BAD 207880502747
BAD 207881037493
BAD 207881037547
BAD 207881577227
BAD 207881879273
BAD 207882000379
BAD 207883441141
BAD 207883441147
BAD 207883441177
BAD 207886679557
BAD 207886679563
BAD 207887898871
BAD 207888133199
BAD 207888133213
BAD 207888258451
BAD 207889210303
BAD 207891976727
BAD 207891976729
BAD 207892697869
BAD 207892744823
BAD 207892744921
BAD 207892787281
BAD 207893168761
BAD 207893634043
BAD 207894278243
BAD 207894278257
BAD 207894278269
BAD 207894370037
BAD 207894370051
BAD 207894370063
BAD 207894398191
BAD 207894555611
BAD 207894555613
BAD 207894637759
BAD 207894637771
BAD 207894941347
BAD 207895802141
BAD 207895802143
BAD 207896159629
BAD 207896159633
BAD 207896159659
BAD 207896159663
BAD 207896184997
BAD 207896611763
BAD 207896636359
BAD 207897724327
BAD 207897871793
BAD 207897871801
BAD 207903164659
BAD 207903164663
BAD 207903164671
BAD 207899405017
BAD 207899405023
BAD 207899405033
BAD 207899550451
BAD 207904190341
BAD 207904618013
BAD 207905066011
BAD 207905210003
BAD 207900924323
BAD 207901035907
BAD 207901035911
BAD 207901035913
BAD 207901035919
BAD 207901560793
BAD 207901560799
BAD 207901560803
BAD 207902061121
BAD 207906836233
BAD 207906836237
BAD 207906836261
BAD 207907020179
BAD 207907129043
BAD 207909419519
BAD 207909419521
BAD 207910681219
BAD 207910991089
BAD 207912027079
BAD 207912027083
BAD 207912195661
BAD 207912195671
BAD 207912866173
BAD 207912909331
BAD 207986161583
BAD 207986255003
BAD 207986516063
BAD 207986516071
BAD 207986865533
BAD 207986865547
BAD 207919509803
BAD 207986865553
BAD 207987766699
BAD 207987766729
BAD 207987852659
BAD 207987852661
BAD 207989041583
BAD 207914180939
BAD 207914180941
BAD 207914546933
BAD 207914546941
BAD 207989500811
BAD 207989663293
BAD 207914748409
BAD 207914748413
BAD 207990176419
BAD 207915181171
BAD 207915226793
BAD 207915226807
BAD 207915226811
BAD 207915226823
BAD 207921316711
BAD 207921316717
BAD 207921316721
BAD 207921316723
BAD 207921767701
BAD 207990806927
BAD 207990806929
BAD 207990806941
BAD 207990870883
BAD 207921972211
BAD 207916039889
BAD 207990953419
BAD 207922180589
BAD 207922180591
BAD 207922180603
BAD 207953232391
BAD 207916370797
BAD 207953434333
BAD 207922947821
BAD 207922947823
BAD 207991883689
BAD 207923179259
BAD 207923179381
BAD 207923246569
BAD 207923246579
BAD 207923246581
BAD 207992014897
BAD 207923291731
BAD 207992083787
BAD 207917088593
BAD 207954652219
BAD 207954652223
BAD 207954652231
BAD 207992406733
BAD 207917586983
BAD 207917673323
BAD 207924185851
BAD 207924185929
BAD 207917847749
BAD 207955699681
BAD 207924857537
BAD 207992726413
BAD 207955699793
BAD 207917847751
BAD 207955699969
BAD 207917847763
BAD 207955699981
BAD 207955837183
BAD 207955837189
BAD 207918033577
BAD 207992929429
BAD 207918181291
BAD 207918181297
BAD 207936895057
BAD 207936914599
BAD 207936914609
BAD 207936914611
BAD 207937146761
BAD 207937146763
BAD 207957043193
BAD 207926196953
BAD 207926196967
BAD 207926196991
BAD 207993611911
BAD 207937608199
BAD 207937615763
BAD 207993723877
BAD 207993723887
BAD 207957854149
BAD 207927246341
BAD 207994180439
BAD 207927246343
BAD 207938049257
BAD 207994180441
BAD 207927246349
BAD 207927246353
BAD 207927246361
BAD 207927246511
BAD 207938049259
BAD 207994489039
BAD 207938597107
BAD 207927916411
BAD 207938895893
BAD 207938895943
BAD 207939031711
BAD 207939147029
BAD 207995354167
BAD 207995354173
BAD 207995393959
BAD 207959623453
BAD 207995881633
BAD 207940680617
BAD 207940903283
BAD 207996455423
BAD 207996455431
BAD 207960784249
BAD 207997347893
BAD 207930473609
BAD 207930473617
BAD 207962790533
BAD 207997689127
BAD 207930473633
BAD 207942430093
BAD 207930721981
BAD 207963491819
BAD 207963500533
BAD 207931523983
BAD 207931524001
BAD 207931733963
BAD 207998812289
BAD 207931955027
BAD 207931955029
BAD 207943754003
BAD 207998994271
BAD 207932255071
BAD 207963981989
BAD 207963981991
BAD 207999220007
BAD 207999220021
BAD 207944102329
BAD 207964547701
BAD 208000105519
BAD 208000105531
BAD 207944574361
BAD 207933307349
BAD 207944785819
BAD 207944785823
BAD 208000359863
BAD 208003288951
BAD 207945372863
BAD 207933586853
BAD 207933610153
BAD 207933610163
BAD 208003638811
BAD 207965448419
BAD 207965448421
BAD 207965491277
BAD 207965491291
BAD 207965532349
BAD 207965661181
BAD 208003950337
BAD 207966046381
BAD 207946110961
BAD 208001964811
BAD 207934868551
BAD 207966453157
BAD 207946462511
BAD 207966587461
BAD 207935300501
BAD 207935300513
BAD 207966745253
BAD 207947082143
BAD 207967088411
BAD 207967088423
BAD 207967574063
BAD 207967574069
BAD 207967574071
BAD 207947718169
BAD 207968282779
BAD 207948199057
BAD 208007226131
BAD 207948510361
BAD 207968925889
BAD 208008774797
BAD 208008774803
BAD 208009035893
BAD 208009169003
BAD 208009169009
BAD 207950008219
BAD 207950008223
BAD 207950280631
BAD 207950354999
BAD 207950355001
BAD 207950355007
BAD 207969561001
BAD 207950934979
BAD 208011197677
BAD 208011197699
BAD 207951396713
BAD 207951405481
BAD 208012073677
BAD 207951741391
BAD 207970911191
BAD 207970911193
BAD 208012339069
BAD 208012455047
BAD 207951999907
BAD 208012587701
BAD 208012587703
BAD 208012587721
BAD 207971532421
BAD 207971532427
BAD 207971876839
BAD 207971876843
BAD 208013388749
BAD 207972375511
BAD 208013549483
BAD 208013914393
BAD 208013914403
BAD 208013914411
BAD 208013914417
BAD 208013925473
BAD 208014396911
BAD 208014396913
BAD 207973390133
BAD 208014663061
BAD 208014663071
BAD 208015154663
BAD 207974071733
BAD 207974174311
BAD 208015501823
BAD 208015901371
BAD 208015916243
BAD 208015916291
BAD 208015916293
BAD 208016150207
BAD 207975742399
BAD 207975783247
BAD 207975783277
BAD 208017057827
BAD 207976138499
BAD 207976138501
BAD 208017104297
BAD 208017104299
BAD 208017104303
BAD 207976227169
BAD 207976313711
BAD 208017223069
BAD 207976395061
BAD 207976395073
BAD 207976395079
BAD 207976395091
BAD 207976925951
BAD 207976925953
BAD 208017982189
BAD 207977324077
BAD 207977324089
BAD 207977731991
BAD 207977731993
BAD 207977848711
BAD 207978228743
BAD 207978453689
BAD 207978453691
BAD 207978702053
BAD 207978702077
BAD 207978702079
BAD 207978945331
BAD 207979417183
BAD 207979927417
BAD 207980497853
BAD 207980652601
BAD 207980760049
BAD 207981400579
BAD 207982279073
BAD 207982279081
BAD 207982516813
BAD 207983772869
BAD 207984152713
BAD 207985288681
BAD 207985895743
BAD 208036716049
BAD 208036716073
BAD 208036716091
BAD 208037708269
BAD 208038211699
BAD 208038592549
BAD 208086763853
BAD 208086806849
BAD 208039736797
BAD 208039737023
BAD 208087485751
BAD 208087485773
BAD 208087485889
BAD 208040027233
BAD 208040230327
BAD 208040303599
BAD 208040303609
BAD 208088259107
BAD 208088259109
BAD 208088259149
BAD 208019592161
BAD 208019592163
BAD 208088773367
BAD 208088773369
BAD 208088773381
BAD 208088819251
BAD 208020629923
BAD 208020756809
BAD 208089914761
BAD 208053148741
BAD 208021401509
BAD 208021417313
BAD 208021637809
BAD 208091251183
BAD 208053886501
BAD 208022215993
BAD 208091860219
BAD 208091878051
BAD 208054788883
BAD 208054788889
BAD 208022673479
BAD 208055120227
BAD 208023334951
BAD 208023368261
BAD 208023368263
BAD 208023368269
BAD 208093392433
BAD 208055899099
BAD 208093482073
BAD 208056003619
BAD 208041661669
BAD 208023640381
BAD 208041746551
BAD 208041746557
BAD 208056122473
BAD 208056122489
BAD 208057087411
BAD 208057087453
BAD 208057314431
BAD 208057314433
BAD 208058164283
BAD 208093556663
BAD 208044164203
BAD 208093635353
BAD 208044235813
BAD 208044235831
BAD 208044589483
BAD 208094374273
BAD 208044832921
BAD 208044832927
BAD 208026243311
BAD 208094660041
BAD 208094775829
BAD 208026731533
BAD 208026813529
BAD 208026950401
BAD 208026950413
BAD 208045547659
BAD 208045547663
BAD 208045787647
BAD 208096712303
BAD 208096712311
BAD 208029718307
BAD 208097085829
BAD 208046579669
BAD 208030352087
BAD 208098439007
BAD 208098439009
BAD 208048098079
BAD 208048098103
BAD 208098769259
BAD 208098769261
BAD 208098769267
BAD 208098769273
BAD 208048373173
BAD 208048373177
BAD 208048373179
BAD 208048373191
BAD 208099009939
BAD 208099092217
BAD 208048707679
BAD 208048707683
BAD 208048775807
BAD 208048775813
BAD 208048980329
BAD 208048980331
BAD 208099685803
BAD 208099685809
BAD 208099708603
BAD 208099896481
BAD 208049748299
BAD 208033164979
BAD 208033308113
BAD 208033308127
BAD 208033451401
BAD 208033451413
BAD 208033451419
BAD 208100351153
BAD 208100790151
BAD 208034098091
BAD 208034098093
BAD 208051320023
BAD 208051401331
BAD 208051695889
BAD 208051695893
BAD 208051695923
BAD 208101743183
BAD 208052174299
BAD 208034816419
BAD 208052547473
BAD 208052692333
BAD 208052966623
BAD 208052966629
BAD 208052966633
BAD 208058534093
BAD 208058725531
BAD 208058725547
BAD 208058725549
BAD 208058800091
BAD 208058800093
BAD 208035904183
BAD 208059244189
BAD 208059244193
BAD 208059434329
BAD 208060113413
BAD 208060113419
BAD 208060113421
BAD 208062195997
BAD 208062997559
BAD 208062997561
BAD 208063504993
BAD 208063584109
BAD 208064063243
BAD 208064861707
BAD 208064993729
BAD 208064993737
BAD 208065248903
BAD 208065248921
BAD 208066139707
BAD 208070310433
BAD 208066917757
BAD 208066917761
BAD 208066917763
BAD 208067010841
BAD 208067010847
BAD 208067318227
BAD 208067318231
BAD 208067318233
BAD 208067318273
BAD 208067645783
BAD 208067645791
BAD 208221902123
BAD 208222048253
BAD 208067860531
BAD 208222273043
BAD 208069282559
BAD 208069282583
BAD 208223783951
BAD 208223799871
BAD 208069611677
BAD 208069611679
BAD 208069611683
BAD 208069616983
BAD 208069678367
BAD 208071401431
BAD 208071567511
BAD 208071567533
BAD 208224519571
BAD 208224519577
BAD 208072085629
BAD 208224823823
BAD 208072338139
BAD 208072338143
BAD 208225729643
BAD 208073266883
BAD 208226099539
BAD 208073430241
BAD 208073521309
BAD 208226236123
BAD 208073881867
BAD 208226617813
BAD 208074503579
BAD 208226819849
BAD 208226819851
BAD 208226819863
BAD 208226819903
BAD 208227819599
BAD 208227819601
BAD 208170845653
BAD 208170888617
BAD 208076209193
BAD 208171236211
BAD 208171236241
BAD 208228604377
BAD 208228604393
BAD 208171336729
BAD 208076905321
BAD 208076905343
BAD 208228752541
BAD 208228754003
BAD 208077338831
BAD 208077484639
BAD 208172422993
BAD 208172457589
BAD 208229910103
BAD 208078048363
BAD 208078669181
BAD 208078840351
BAD 208079411039
BAD 208079519539
BAD 208080371251
BAD 208231717751
BAD 208175164129
BAD 208080371281
BAD 208175164133
BAD 208080505163
BAD 208080736987
BAD 208080736991
BAD 208080736993
BAD 208080736999
BAD 208080902423
BAD 208081064339
BAD 208081064341
BAD 208081186813
BAD 208081414663
BAD 208232961061
BAD 208176089419
BAD 208103682679
BAD 208082308747
BAD 208082435581
BAD 208082626651
BAD 208104216941
BAD 208176923767
BAD 208176923771
BAD 208082809093
BAD 208104392213
BAD 208082947087
BAD 208234297451
BAD 208083427549
BAD 208083427553
BAD 208234454303
BAD 208178046623
BAD 208234454317
BAD 208084164623
BAD 208234454341
BAD 208178046631
BAD 208084164733
BAD 208105413259
BAD 208234608853
BAD 208178368303
BAD 208178368309
BAD 208178368403
BAD 208084721993
BAD 208234951207
BAD 208084875409
BAD 208084875473
BAD 208235113441
BAD 208235289217
BAD 208085194861
BAD 208178706427
BAD 208178708939
BAD 208178872093
BAD 208178872103
BAD 208235451373
BAD 208235451377
BAD 208235566177
BAD 208105925059
BAD 208105925063
BAD 208106272333
BAD 208106272403
BAD 208085543069
BAD 208106335303
BAD 208085543077
BAD 208085543093
BAD 208106395843
BAD 208106395853
BAD 208106395859
BAD 208106395867
BAD 208106395901
BAD 208106395907
BAD 208106395909
BAD 208106406493
BAD 208106406499
BAD 208085620643
BAD 208236205561
BAD 208180017191
BAD 208180017193
BAD 208180017233
BAD 208107020213
BAD 208086030883
BAD 208086376807
BAD 208086402617
BAD 208086402619
BAD 208086402653
BAD 208237264927
BAD 208237264933
BAD 208180711807
BAD 208107619991
BAD 208108068169
BAD 208108463113
BAD 208108520069
BAD 208182243043
BAD 208108520071
BAD 208182243053
BAD 208137403499
BAD 208137403549
BAD 208137535943
BAD 208137535951
BAD 208182368137
BAD 208137762127
BAD 208137835441
BAD 208137835447
BAD 208182611521
BAD 208138223803
BAD 208138253599
BAD 208109390609
BAD 208109390611
BAD 208183079833
BAD 208139079013
BAD 208139079017
BAD 208109908561
BAD 208110181837
BAD 208139468573
BAD 208183638961
BAD 208183959889
BAD 208183959901
BAD 208183961071
BAD 208110879149
BAD 208184177857
BAD 208184600699
BAD 208184600719
BAD 208111827283
BAD 208184600737
BAD 208184868469
BAD 208184940937
BAD 208184940941
BAD 208185141253
BAD 208185142993
BAD 208112563801
BAD 208113425447
BAD 208113425449
BAD 208113425453
BAD 208113425459
BAD 208113425461
BAD 208186113103
BAD 208114096837
BAD 208114202281
BAD 208114202291
BAD 208186876043
BAD 208142825843
BAD 208205083483
BAD 208114845901
BAD 208114845907
BAD 208205208751
BAD 208143305879
BAD 208115042521
BAD 208205794579
BAD 208205794583
BAD 208143868217
BAD 208143868423
BAD 208143966721
BAD 208115668973
BAD 208189533011
BAD 208206225001
BAD 208206225013
BAD 208189766731
BAD 208189782263
BAD 208189782331
BAD 208189782337
BAD 208189995397
BAD 208116098431
BAD 208207465819
BAD 208190843089
BAD 208116920959
BAD 208116938431
BAD 208208716799
BAD 208208716801
BAD 208209503077
BAD 208209503087
BAD 208192320319
BAD 208210539503
BAD 208210559839
BAD 208193345509
BAD 208193535317
BAD 208193535323
BAD 208193551933
BAD 208193551939
BAD 208211293369
BAD 208211293373
BAD 208211389831
BAD 208153904617
BAD 208194119999
BAD 208212571757
BAD 208194120007
BAD 208212571759
BAD 208212774769
BAD 208212774773
BAD 208212774793
BAD 208212774799
BAD 208212881671
BAD 208212881693
BAD 208194311881
BAD 208213043903
BAD 208213265731
BAD 208194706417
BAD 208213621951
BAD 208154704529
BAD 208154704531
BAD 208213809347
BAD 208194912773
BAD 208214597351
BAD 208214657929
BAD 208214657957
BAD 208147259743
BAD 208155490681
BAD 208215422903
BAD 208215563137
BAD 208215563141
BAD 208215949883
BAD 208215949891
BAD 208215949897
BAD 208215949913
BAD 208254582121
BAD 208215949919
BAD 208196144719
BAD 208156701469
BAD 208196224711
BAD 208196348299
BAD 208196348303
BAD 208254873199
BAD 208216138079
BAD 208216161203
BAD 208216161217
BAD 208216161221
BAD 208216161247
BAD 208216161259
BAD 208216448029
BAD 208255548583
BAD 208216638473
BAD 208120239023
BAD 208157668643
BAD 208120436627
BAD 208120436633
BAD 208217013449
BAD 208217085217
BAD 208197647783
BAD 208121002619
BAD 208197753739
BAD 208121041013
BAD 208197794723
BAD 208197794731
BAD 208197794737
BAD 208256697877
BAD 208256697889
BAD 208121361061
BAD 208197979993
BAD 208197980009
BAD 208197985507
BAD 208197985511
BAD 208217902177
BAD 208121559829
BAD 208198163011
BAD 208198163123
BAD 208218019627
BAD 208218415231
BAD 208198774627
BAD 208158969133
BAD 208122639583
BAD 208122639589
BAD 208122639601
BAD 208218867149
BAD 208218867151
BAD 208122846097
BAD 208122873223
BAD 208237738627
BAD 208159421917
BAD 208159421923
BAD 208200297463
BAD 208159735183
BAD 208258634627
BAD 208258634629
BAD 208258660759
BAD 208124114873
BAD 208220269759
BAD 208147948429
BAD 208159967699
BAD 208200539653
BAD 208147948433
BAD 208200748351
BAD 208200818533
BAD 208200818537
BAD 208148322163
BAD 208258964707
BAD 208259029421
BAD 208238394607
BAD 208238394619
BAD 208238394629
BAD 208238394631
BAD 208160602571
BAD 208201294373
BAD 208124804851
BAD 208201474241
BAD 208124860583
BAD 208201544333
BAD 208125101089
BAD 208238926913
BAD 208161346193
BAD 208161346201
BAD 208149562381
BAD 208125464671
BAD 208125464689
BAD 208202329847
BAD 208260184103
BAD 208202329849
BAD 208239446377
BAD 208149756613
BAD 208126823363
BAD 208161805583
BAD 208126890143
BAD 208127148883
BAD 208162152323
BAD 208162152343
BAD 208150289471
BAD 208239928973
BAD 208162290799
BAD 208162290803
BAD 208162290811
BAD 208162290823
BAD 208203049673
BAD 208162476811
BAD 208162554121
BAD 208240299997
BAD 208150993133
BAD 208162881581
BAD 208127676331
BAD 208151158181
BAD 208151158183
BAD 208151363027
BAD 208163163233
BAD 208163528317
BAD 208163528323
BAD 208151849377
BAD 208263282569
BAD 208128886807
BAD 208263282571
BAD 208241554069
BAD 208163936833
BAD 208263375217
BAD 208152063601
BAD 208152063619
BAD 208164169373
BAD 208263679343
BAD 208152422161
BAD 208129247699
BAD 208264129849
BAD 208242485761
BAD 208264611497
BAD 208165633531
BAD 208165633541
BAD 208165633549
BAD 208153549999
BAD 208243067761
BAD 208165882831
BAD 208166024513
BAD 208272435113
BAD 208272502589
BAD 208272502591
BAD 208265194733
BAD 208243603517
BAD 208273026827
BAD 208273026833
BAD 208166804341
BAD 208166804347
BAD 208166804353
BAD 208166845793
BAD 208273360391
BAD 208273651141
BAD 208266533357
BAD 208266533359
BAD 208266619577
BAD 208273935721
BAD 208273935733
BAD 208273961057
BAD 208167502709
BAD 208167502729
BAD 208167502733
BAD 208274038009
BAD 208132389863
BAD 208132448483
BAD 208267071017
BAD 208244866957
BAD 208244866961
BAD 208244896859
BAD 208244896861
BAD 208244953583
BAD 208245053491
BAD 208267653457
BAD 208245169949
BAD 208245169961
BAD 208245194407
BAD 208168402339
BAD 208133241157
BAD 208275310597
BAD 208133241233
BAD 208169141809
BAD 208275310619
BAD 208133241241
BAD 208268099761
BAD 208245371863
BAD 208169141813
BAD 208268099903
BAD 208268099909
BAD 208268099911
BAD 208275446479
BAD 208275695273
BAD 208133654923
BAD 208169690303
BAD 208169702119
BAD 208268743729
BAD 208169882273
BAD 208276172933
BAD 208276172953
BAD 208246377769
BAD 208246444711
BAD 208269357061
BAD 208276827449
BAD 208134597439
BAD 208246976779
BAD 208246976813
BAD 208277260427
BAD 208134986671
BAD 208270359859
BAD 208277734603
BAD 208247534591
BAD 208135223927
BAD 208135223929
BAD 208278036053
BAD 208278364309
BAD 208270957793
BAD 208270957799
BAD 208270957801
BAD 208270957847
BAD 208248090587
BAD 208271109763
BAD 208271109811
BAD 208248194327
BAD 208248194333
BAD 208278831583
BAD 208279034101
BAD 208279034123
BAD 208279034129
BAD 208279103971
BAD 208136637143
BAD 208248727457
BAD 208248727459
BAD 208136872831
BAD 208249131973
BAD 208249131977
BAD 208249131983
BAD 208249334383
BAD 208249334387
BAD 208249350949
BAD 208280423657
BAD 208280423993
BAD 208280424043
BAD 208280424083
BAD 208280424089
BAD 208280763157
BAD 208250841091
BAD 208280938321
BAD 208280938339
BAD 208280938343
BAD 208280938381
BAD 208251179887
BAD 208281237811
BAD 208281247711
BAD 208281266807
BAD 208281266827
BAD 208282081649
BAD 208282704197
BAD 208282704199
BAD 208282962707
BAD 208282962709
BAD 208253483959
BAD 208254169043
BAD 208254271073
BAD 208285136729
BAD 208287295927
BAD 208287460223
BAD 208305949493
BAD 208306899487
BAD 208307786081
BAD 208307786083
BAD 208307917253
BAD 208307917273
BAD 208307917277
BAD 208308018967
BAD 208308200609
BAD 208308237149
BAD 208308237157
BAD 208308550379
BAD 208308550381
BAD 208308788651
BAD 208309658329
BAD 208310060857
BAD 208310070893
BAD 208310233619
BAD 208310257159
BAD 208310257171
BAD 208310263339
BAD 208311987451
BAD 208312100299
BAD 208314158683
BAD 208314873983
BAD 208314891413
BAD 208315484521
BAD 208315484543
BAD 208315484551
BAD 208316035339
BAD 208316366603
BAD 208389642541
BAD 208390646693
BAD 208390646731
BAD 208390888337
BAD 208390888339
BAD 208391004937
BAD 208391005763
BAD 208391316743
BAD 208391528777
BAD 208391528783
BAD 208392389987
BAD 208392784549
BAD 208392784553
BAD 208392989951
BAD 208392989953
BAD 208393033159
BAD 208393597253
BAD 208316627137
BAD 208317416039
BAD 208317416093
BAD 208318348169
BAD 208319480153
BAD 208319480167
BAD 208320708451
BAD 208321050503
BAD 208321371833
BAD 208394131793
BAD 208394184109
BAD 208394479933
BAD 208394563693
BAD 208395117241
BAD 208395565153
BAD 208398421051
BAD 208398421057
BAD 208398421061
BAD 208399971313
BAD 208399971349
BAD 208400166019
BAD 208400832481
BAD 208401011747
BAD 208401056341
BAD 208401108709
BAD 208401646489
BAD 208401646501
BAD 208289887549
BAD 208290421387
BAD 208290557089
BAD 208290557093
BAD 208290861577
BAD 208291580251
BAD 208291593247
BAD 208291593253
BAD 208292639419
BAD 208294282649
BAD 208405283551
BAD 208405283557
BAD 208405283561
BAD 208405283563
BAD 208405377473
BAD 208405377517
BAD 208296033403
BAD 208296033409
BAD 208296416267
BAD 208296784573
BAD 208297495183
BAD 208297495187
BAD 208298158339
BAD 208405425469
BAD 208405546933
BAD 208405557593
BAD 208405557601
BAD 208405557617
BAD 208405970911
BAD 208299554191
BAD 208407117329
BAD 208322357569
BAD 208407911507
BAD 208323042391
BAD 208323042397
BAD 208323042401
BAD 208323042467
BAD 208323042469
BAD 208323315503
BAD 208323462569
BAD 208408926577
BAD 208408934281
BAD 208409034377
BAD 208409767613
BAD 208410229927
BAD 208410374933
BAD 208410374941
BAD 208410838523
BAD 208410838529
BAD 208355496773
BAD 208355706497
BAD 208355706499
BAD 208355929489
BAD 208355929493
BAD 208355929513
BAD 208355929681
BAD 208355929687
BAD 208411152899
BAD 208411152907
BAD 208411152913
BAD 208411152919
BAD 208411152923
BAD 208338549983
BAD 208338550001
BAD 208338550003
BAD 208356197627
BAD 208356197629
BAD 208356313673
BAD 208326092567
BAD 208326457369
BAD 208326562777
BAD 208326562783
BAD 208326837989
BAD 208326837991
BAD 208326838003
BAD 208326838009
BAD 208356979879
BAD 208326913523
BAD 208326913621
BAD 208357869361
BAD 208339495561
BAD 208357869367
BAD 208299919441
BAD 208299919453
BAD 208300056793
BAD 208357999441
BAD 208327650079
BAD 208340223671
BAD 208340223673
BAD 208340223719
BAD 208328015047
BAD 208358906809
BAD 208358906813
BAD 208340984087
BAD 208359522229
BAD 208359522233
BAD 208328971021
BAD 208329293971
BAD 208329331019
BAD 208341911933
BAD 208341911941
BAD 208329357601
BAD 208360161859
BAD 208302287161
BAD 208329887881
BAD 208329908593
BAD 208361018323
BAD 208361156527
BAD 208330833653
BAD 208343906873
BAD 208361493187
BAD 208304475623
BAD 208412333161
BAD 208371845821
BAD 208343995487
BAD 208372105037
BAD 208344130229
BAD 208344130231
BAD 208412796679
BAD 208330833671
BAD 208330833673
BAD 208362133621
BAD 208331404261
BAD 208373185411
BAD 208344594649
BAD 208331703323
BAD 208344681977
BAD 208373946317
BAD 208345132469
BAD 208332291053
BAD 208332291059
BAD 208332291061
BAD 208345414313
BAD 208332859067
BAD 208345773299
BAD 208345773301
BAD 208414739483
BAD 208374546001
BAD 208374546007
BAD 208364008913
BAD 208333521587
BAD 208374584527
BAD 208374584531
BAD 208374584533
BAD 208347508393
BAD 208374934133
BAD 208347743899
BAD 208375103207
BAD 208348107593
BAD 208375202417
BAD 208375202419
BAD 208414907011
BAD 208414907017
BAD 208414907023
BAD 208348465189
BAD 208348543093
BAD 208348543097
BAD 208365302081
BAD 208365330559
BAD 208349600497
BAD 208349600513
BAD 208416213077
BAD 208335390301
BAD 208349990941
BAD 208335509183
BAD 208376927449
BAD 208416541819
BAD 208416541831
BAD 208416674573
BAD 208366228673
BAD 208336283951
BAD 208417076753
BAD 208417076761
BAD 208417076767
BAD 208350612427
BAD 208350612439
BAD 208366615711
BAD 208417581349
BAD 208417862119
BAD 208417862143
BAD 208418217937
BAD 208418420359
BAD 208418420363
BAD 208337109619
BAD 208418569363
BAD 208418569369
BAD 208351584943
BAD 208351584953
BAD 208351647367
BAD 208351714801
BAD 208351714819
BAD 208367610799
BAD 208419075803
BAD 208337484427
BAD 208337484437
BAD 208367861693
BAD 208419444007
BAD 208419651787
BAD 208419917921
BAD 208368268051
BAD 208338196639
BAD 208352366311
BAD 208352366317
BAD 208338196643
BAD 208421541079
BAD 208377910393
BAD 208421744281
BAD 208353124831
BAD 208369466959
BAD 208369466971
BAD 208378695139
BAD 208378695143
BAD 208378695157
BAD 208369773617
BAD 208353471967
BAD 208353605641
BAD 208353861077
BAD 208379353757
BAD 208379353759
BAD 208370864431
BAD 208353934381
BAD 208353934387
BAD 208371308693
BAD 208371308699
BAD 208354441111
BAD 208380059081
BAD 208382269961
BAD 208382310407
BAD 208382310421
BAD 208382310427
BAD 208382310443
BAD 208383822869
BAD 208383822877
BAD 208383822883
BAD 208384929829
BAD 208385848907
BAD 208386682187
BAD 208386866011
BAD 208386866021
BAD 208386866159
BAD 208386866161
BAD 208387426553
BAD 208388367211
BAD 208388367227
BAD 208422638287
BAD 208424449007
BAD 208425111163
BAD 208426265731
BAD 208426367587
BAD 208426367593
BAD 208426711711
BAD 208426711721
BAD 208426981561
BAD 208428375853
BAD 208428647633
BAD 208428720209
BAD 208428720211
BAD 208429302313
BAD 208429302331
BAD 208429409623
BAD 208430079313
BAD 208430325163
BAD 208430421247
BAD 208430446673
BAD 208430525143
BAD 208539713989
BAD 208431386843
BAD 208431632011
BAD 208431776939
BAD 208431776941
BAD 208431776947
BAD 208432180283
BAD 208540714267
BAD 208432598821
BAD 208541221583
BAD 208455789187
BAD 208455789203
BAD 208455789229
BAD 208456302037
BAD 208456302053
BAD 208434469291
BAD 208606973689
BAD 208542561067
BAD 208543027339
BAD 208458025639
BAD 208543149827
BAD 208607742569
BAD 208607742571
BAD 208607742583
BAD 208436056949
BAD 208439034379
BAD 208609572203
BAD 208436056951
BAD 208439034383
BAD 208458480787
BAD 208609632571
BAD 208458809551
BAD 208610369183
BAD 208440290287
BAD 208440446089
BAD 208437091763
BAD 208437137317
BAD 208610719511
BAD 208610854147
BAD 208440962381
BAD 208437418619
BAD 208437418621
BAD 208437418627
BAD 208611033649
BAD 208611103709
BAD 208611103711
BAD 208611138137
BAD 208611216403
BAD 208611216413
BAD 208611216419
BAD 208459819069
BAD 208437777113
BAD 208437778981
BAD 208437817403
BAD 208459909657
BAD 208611967307
BAD 208442164069
BAD 208543715059
BAD 208611967309
BAD 208442164079
BAD 208442164081
BAD 208543715063
BAD 208442345417
BAD 208543896637
BAD 208612196281
BAD 208612452271
BAD 208612452289
BAD 208544579167
BAD 208544579171
BAD 208613211773
BAD 208544783231
BAD 208544783233
BAD 208613448737
BAD 208613448739
BAD 208613448749
BAD 208613448751
BAD 208613498021
BAD 208445217473
BAD 208445217479
BAD 208445217481
BAD 208445474359
BAD 208473821603
BAD 208473821617
BAD 208473821627
BAD 208473821629
BAD 208546252643
BAD 208616132209
BAD 208446272897
BAD 208438313617
BAD 208616132251
BAD 208446272899
BAD 208438313623
BAD 208438313627
BAD 208473859907
BAD 208474023529
BAD 208474128589
BAD 208474128593
BAD 208474128601
BAD 208462840801
BAD 208617081451
BAD 208547065271
BAD 208547197249
BAD 208448321177
BAD 208448333719
BAD 208448409187
BAD 208475345567
BAD 208475345569
BAD 208463154409
BAD 208463154413
BAD 208617714983
BAD 208617715037
BAD 208617715039
BAD 208475554591
BAD 208475637457
BAD 208449416467
BAD 208619619181
BAD 208463849623
BAD 208548797309
BAD 208506340897
BAD 208449416471
BAD 208449416473
BAD 208449416479
BAD 208449416491
BAD 208548797311
BAD 208506340901
BAD 208619658329
BAD 208506386701
BAD 208619704087
BAD 208619704093
BAD 208449562537
BAD 208464053957
BAD 208548927091
BAD 208619863681
BAD 208449735971
BAD 208449735973
BAD 208449735979
BAD 208506721139
BAD 208506721141
BAD 208506721147
BAD 208506881993
BAD 208506882049
BAD 208620246353
BAD 208464652883
BAD 208507114639
BAD 208507114643
BAD 208549419019
BAD 208464863339
BAD 208450281989
BAD 208620556069
BAD 208475959267
BAD 208508228273
BAD 208549489861
BAD 208464962947
BAD 208465141831
BAD 208465141877
BAD 208549861913
BAD 208465305511
BAD 208550345929
BAD 208550345933
BAD 208451064691
BAD 208550701669
BAD 208621517243
BAD 208465923283
BAD 208476739463
BAD 208621907717
BAD 208476877561
BAD 208476877571
BAD 208466383579
BAD 208622122531
BAD 208551642073
BAD 208551642083
BAD 208551853483
BAD 208551853487
BAD 208510502429
BAD 208623003833
BAD 208552609739
BAD 208511073983
BAD 208452799651
BAD 208477722499
BAD 208452799679
BAD 208466902879
BAD 208477722503
BAD 208477722511
BAD 208466934629
BAD 208477893829
BAD 208478206253
BAD 208452952507
BAD 208453512961
BAD 208453513049
BAD 208480332569
BAD 208480332607
BAD 208454283959
BAD 208468275503
BAD 208552609763
BAD 208480814989
BAD 208552772821
BAD 208552803077
BAD 208552803079
BAD 208552803083
BAD 208552803089
BAD 208481095891
BAD 208454907781
BAD 208553196127
BAD 208455246983
BAD 208481765353
BAD 208481765357
BAD 208554016417
BAD 208482157243
BAD 208482293113
BAD 208482293119
BAD 208554873829
BAD 208470183799
BAD 208514520611
BAD 208482655021
BAD 208514710099
BAD 208514838601
BAD 208555492883
BAD 208482988583
BAD 208470985003
BAD 208556951243
BAD 208483272649
BAD 208515191281
BAD 208483272653
BAD 208555862959
BAD 208515310559
BAD 208515310561
BAD 208515310657
BAD 208556111677
BAD 208557303769
BAD 208515599569
BAD 208515599573
BAD 208471996823
BAD 208484236157
BAD 208484236159
BAD 208516934839
BAD 208485299761
BAD 208485344681
BAD 208485411949
BAD 208485683113
BAD 208485683117
BAD 208559539943
BAD 208518381889
BAD 208518381893
BAD 208518762271
BAD 208486559921
BAD 208486559933
BAD 208560664889
BAD 208560664891
BAD 208561181183
BAD 208561435619
BAD 208520385883
BAD 208520385889
BAD 208520385967
BAD 208487720179
BAD 208487720183
BAD 208487944519
BAD 208487944523
BAD 208488239689
BAD 208562832409
BAD 208488659179
BAD 208563411919
BAD 208563411923
BAD 208522155181
BAD 208522218833
BAD 208522286783
BAD 208522354393
BAD 208564161829
BAD 208564822771
BAD 208565016229
BAD 208565016293
BAD 208565241113
BAD 208565856287
BAD 208566044941
BAD 208657862629
BAD 208657862689
BAD 208566193481
BAD 208566193483
BAD 208566696607
BAD 208566697687
BAD 208658565007
BAD 208641014623
BAD 208641014629
BAD 208641014633
BAD 208658872511
BAD 208641138781
BAD 208641138799
BAD 208641138809
BAD 208641138817
BAD 208641138857
BAD 208658980513
BAD 208659037651
BAD 208641363643
BAD 208674654073
BAD 208641612133
BAD 208641689681
BAD 208641689693
BAD 208568257111
BAD 208641689701
BAD 208568257123
BAD 208659889883
BAD 208659889937
BAD 208659889939
BAD 208659889943
BAD 208659889993
BAD 208568546839
BAD 208641895261
BAD 208660281569
BAD 208522900057
BAD 208489365109
BAD 208489365113
BAD 208660664083
BAD 208569215759
BAD 208569215761
BAD 208569299041
BAD 208569299077
BAD 208489712813
BAD 208661111161
BAD 208489745273
BAD 208642695533
BAD 208642695559
BAD 208523439599
BAD 208523439601
BAD 208489955761
BAD 208489955767
BAD 208643074993
BAD 208570101373
BAD 208490427881
BAD 208661835211
BAD 208643097301
BAD 208523641133
BAD 208490427883
BAD 208676189317
BAD 208676189321
BAD 208661846447
BAD 208662003073
BAD 208662003079
BAD 208662003083
BAD 208662003097
BAD 208643342911
BAD 208643342917
BAD 208570469257
BAD 208490700293
BAD 208490736353
BAD 208570569211
BAD 208490928601
BAD 208662522461
BAD 208662794449
BAD 208663168621
BAD 208663168643
BAD 208571478853
BAD 208571478859
BAD 208491659003
BAD 208644414079
BAD 208644414113
BAD 208644522419
BAD 208644522421
BAD 208677349303
BAD 208664308109
BAD 208572093211
BAD 208677349319
BAD 208524891613
BAD 208664308117
BAD 208664308121
BAD 208664308123
BAD 208525155373
BAD 208525155379
BAD 208664626943
BAD 208491830093
BAD 208664715169
BAD 208664731669
BAD 208644961741
BAD 208525386109
BAD 208664831303
BAD 208572791299
BAD 208572791303
BAD 208572862049
BAD 208572862051
BAD 208525502123
BAD 208665120031
BAD 208665120047
BAD 208665120049
BAD 208645779931
BAD 208678606153
BAD 208492850317
BAD 208646061853
BAD 208646061857
BAD 208666394669
BAD 208679265563
BAD 208646061859
BAD 208526502829
BAD 208493212723
BAD 208625179673
BAD 208493212729
BAD 208625184893
BAD 208625301497
BAD 208625301499
BAD 208679481431
BAD 208679481433
BAD 208679481443
BAD 208493495293
BAD 208493495297
BAD 208493495299
BAD 208493528329
BAD 208646531813
BAD 208493826199
BAD 208527110903
BAD 208527111211
BAD 208626190823
BAD 208494211231
BAD 208527414631
BAD 208626585779
BAD 208626585781
BAD 208647331363
BAD 208494672739
BAD 208647581677
BAD 208668124633
BAD 208647756011
BAD 208590057679
BAD 208647756013
BAD 208495519403
BAD 208680775973
BAD 208628029847
BAD 208668433609
BAD 208668670633
BAD 208648064987
BAD 208681173829
BAD 208628491339
BAD 208681173931
BAD 208628491343
BAD 208681173949
BAD 208668869971
BAD 208574300387
BAD 208574300587
BAD 208668893089
BAD 208668893093
BAD 208668954029
BAD 208668954031
BAD 208628657389
BAD 208590755881
BAD 208590755887
BAD 208496228839
BAD 208648430983
BAD 208681523363
BAD 208681540289
BAD 208496460331
BAD 208528456861
BAD 208528456867
BAD 208574806007
BAD 208528456883
BAD 208574806009
BAD 208648661743
BAD 208591322417
BAD 208591322419
BAD 208629360637
BAD 208496829097
BAD 208648749583
BAD 208669668829
BAD 208496947261
BAD 208496961487
BAD 208591523993
BAD 208528736209
BAD 208574997571
BAD 208682248699
BAD 208629946397
BAD 208649275427
BAD 208670326591
BAD 208529212823
BAD 208529212841
BAD 208630401541
BAD 208630401547
BAD 208575645517
BAD 208529401127
BAD 208529401133
BAD 208670562967
BAD 208575762139
BAD 208592476669
BAD 208497899641
BAD 208576232959
BAD 208650483211
BAD 208593967979
BAD 208670866643
BAD 208631400203
BAD 208576235143
BAD 208631578747
BAD 208631602061
BAD 208631602063
BAD 208682928011
BAD 208671349973
BAD 208632006343
BAD 208576737079
BAD 208576737097
BAD 208576824023
BAD 208683415789
BAD 208576835867
BAD 208576835869
BAD 208671704123
BAD 208671800809
BAD 208576932793
BAD 208498623607
BAD 208672079813
BAD 208595036791
BAD 208672484011
BAD 208595088749
BAD 208651856989
BAD 208651856993
BAD 208577807951
BAD 208577807953
BAD 208500612101
BAD 208652498671
BAD 208596165233
BAD 208633592221
BAD 208500612109
BAD 208684777981
BAD 208652504707
BAD 208596188513
BAD 208673319857
BAD 208673319859
BAD 208673319863
BAD 208685114123
BAD 208685114137
BAD 208652846827
BAD 208596824603
BAD 208596824609
BAD 208530017419
BAD 208634551537
BAD 208685668669
BAD 208653455873
BAD 208597203187
BAD 208597203193
BAD 208597203197
BAD 208653648241
BAD 208530467063
BAD 208530467083
BAD 208530467087
BAD 208635140809
BAD 208635140821
BAD 208653770267
BAD 208598036851
BAD 208598054969
BAD 208598054971
BAD 208502132767
BAD 208654103869
BAD 208654103873
BAD 208598229233
BAD 208635950891
BAD 208635950893
BAD 208598405209
BAD 208598414797
BAD 208598414807
BAD 208687052723
BAD 208654554949
BAD 208654554959
BAD 208654554961
BAD 208687295507
BAD 208687295513
BAD 208598586353
BAD 208687466161
BAD 208654899139
BAD 208636875229
BAD 208636875233
BAD 208503257363
BAD 208503257371
BAD 208503257377
BAD 208637653691
BAD 208688488849
BAD 208688488867
BAD 208637945317
BAD 208580971373
BAD 208689290947
BAD 208600098503
BAD 208637945323
BAD 208656489697
BAD 208531643197
BAD 208637945333
BAD 208637945339
BAD 208531643339
BAD 208689389483
BAD 208689535309
BAD 208581400561
BAD 208581478103
BAD 208504811051
BAD 208638049049
BAD 208638049051
BAD 208600531501
BAD 208505025829
BAD 208581976957
BAD 208581976963
BAD 208505531551
BAD 208505558581
BAD 208505832253
BAD 208505881163
BAD 208505881169
BAD 208639188773
BAD 208601742589
BAD 208601742593
BAD 208601742599
BAD 208583267917
BAD 208601791067
BAD 208533388493
BAD 208639417561
BAD 208601803393
BAD 208639525163
BAD 208602284333
BAD 208602560107
BAD 208602560113
BAD 208602560119
BAD 208640224343
BAD 208602719729
BAD 208602719761
BAD 208602719771
BAD 208603230211
BAD 208603230221
BAD 208603230223
BAD 208535538301
BAD 208535538311
BAD 208535633731
BAD 208585905277
BAD 208535787377
BAD 208535787433
BAD 208586327539
BAD 208536241649
BAD 208536241679
BAD 208536241681
BAD 208587200099
BAD 208538312491
BAD 208538418677
BAD 208538418679
BAD 208588469377
BAD 208589078023
BAD 208589078029
BAD 208539091097
BAD 208539415109
BAD 208539415111
BAD 208774712831
BAD 208774712833
BAD 208775446883
BAD 208775773379
BAD 208775979421
BAD 208776019471
BAD 208776399991
BAD 208778219557
BAD 208778274013
BAD 208778274017
BAD 208778623133
BAD 208780543133
BAD 208780649279
BAD 208780649281
BAD 208781306011
BAD 208781306023
BAD 208781306033
BAD 208781306039
BAD 208781306051
BAD 208781419103
BAD 208781809897
BAD 208782176149
BAD 208782176171
BAD 208782176173
BAD 208783920349
BAD 208786170289
BAD 208786315757
BAD 208786742323
BAD 208787248853
BAD 208787248871
BAD 208787467963
BAD 208787859047
BAD 208789196417
BAD 208789394543
BAD 208789735579
BAD 208789833683
BAD 208789833739
BAD 208789833743
BAD 208790114761
BAD 208790181773
BAD 208790181779
BAD 208790181781
BAD 208790181799
BAD 208790668283
BAD 208691480573
BAD 208691480581
BAD 208693706659
BAD 208693797493
BAD 208693870897
BAD 208694566547
BAD 208694677043
BAD 208694819563
BAD 208697369887
BAD 208791431449
BAD 208791567601
BAD 208741026763
BAD 208791827449
BAD 208707586783
BAD 208792414913
BAD 208741570369
BAD 208741570381
BAD 208741570393
BAD 208741570397
BAD 208792679033
BAD 208741755503
BAD 208792815793
BAD 208741843027
BAD 208741843033
BAD 208741843039
BAD 208741843043
BAD 208708250327
BAD 208708250329
BAD 208793032561
BAD 208793049841
BAD 208708365743
BAD 208708563379
BAD 208708563383
BAD 208794297083
BAD 208742903947
BAD 208794573929
BAD 208794573931
BAD 208708827751
BAD 208708827763
BAD 208697751473
BAD 208698191731
BAD 208743814493
BAD 208709710177
BAD 208698608623
BAD 208698686527
BAD 208698686531
BAD 208698686533
BAD 208698686563
BAD 208744210333
BAD 208744316273
BAD 208744359799
BAD 208744392919
BAD 208744392931
BAD 208699386481
BAD 208744650313
BAD 208744653917
BAD 208744653919
BAD 208699596761
BAD 208744975883
BAD 208711089343
BAD 208711276159
BAD 208745493469
BAD 208711516073
BAD 208711516093
BAD 208711516109
BAD 208745626433
BAD 208700563889
BAD 208700563891
BAD 208711798193
BAD 208700738893
BAD 208701118187
BAD 208712247113
BAD 208796359111
BAD 208701118189
BAD 208701118193
BAD 208746180151
BAD 208712359459
BAD 208712359463
BAD 208746360349
BAD 208746403849
BAD 208746429449
BAD 208746429457
BAD 208797218821
BAD 208797218843
BAD 208797265463
BAD 208797265529
BAD 208797265531
BAD 208797280781
BAD 208797280843
BAD 208797658591
BAD 208702046939
BAD 208702046941
BAD 208702096769
BAD 208747546729
BAD 208747546741
BAD 208798080013
BAD 208798113991
BAD 208747695061
BAD 208747927471
BAD 208798753649
BAD 208798753651
BAD 208749069883
BAD 208702981483
BAD 208702981489
BAD 208799018431
BAD 208703330933
BAD 208799351491
BAD 208799351503
BAD 208799351513
BAD 208714809241
BAD 208799661991
BAD 208799661997
BAD 208799662007
BAD 208714979839
BAD 208704014047
BAD 208704313397
BAD 208704371779
BAD 208750803673
BAD 208801080247
BAD 208750916743
BAD 208704611447
BAD 208704611449
BAD 208801472543
BAD 208801472549
BAD 208704928811
BAD 208751945341
BAD 208705497433
BAD 208705497443
BAD 208716579661
BAD 208716579667
BAD 208705631653
BAD 208752521431
BAD 208718040079
BAD 208805303593
BAD 208718040101
BAD 208718040103
BAD 208718040127
BAD 208805437793
BAD 208806011473
BAD 208718328761
BAD 208718328769
BAD 208706016751
BAD 208718469361
BAD 208718469373
BAD 208718469383
BAD 208706131069
BAD 208706131091
BAD 208706131093
BAD 208706131111
BAD 208753292791
BAD 208706279959
BAD 208706279963
BAD 208753654913
BAD 208718992087
BAD 208718992177
BAD 208718992189
BAD 208706740523
BAD 208807004801
BAD 208807004803
BAD 208807312501
BAD 208807746331
BAD 208754869579
BAD 208720246351
BAD 208754869811
BAD 208720246403
BAD 208720246409
BAD 208809089179
BAD 208809089249
BAD 208720628177
BAD 208720687459
BAD 208720687463
BAD 208755693121
BAD 208755739883
BAD 208809853597
BAD 208809853667
BAD 208721431033
BAD 208810107349
BAD 208756353497
BAD 208756353499
BAD 208756353503
BAD 208756353511
BAD 208756353523
BAD 208756353527
BAD 208756353529
BAD 208756546997
BAD 208756547003
BAD 208722001393
BAD 208756859137
BAD 208757141797
BAD 208757141809
BAD 208757509853
BAD 208724892823
BAD 208811666491
BAD 208811921333
BAD 208725329101
BAD 208726121767
BAD 208726121777
BAD 208813133611
BAD 208813156763
BAD 208813156771
BAD 208813156789
BAD 208813156801
BAD 208726763491
BAD 208813904527
BAD 208727284921
BAD 208727517923
BAD 208814547311
BAD 208814547313
BAD 208814547317
BAD 208814547353
BAD 208814547391
BAD 208727827387
BAD 208727827391
BAD 208727827393
BAD 208727827519
BAD 208727827523
BAD 208727827531
BAD 208815549031
BAD 208728479299
BAD 208816155731
BAD 208729473871
BAD 208818090023
BAD 208818120559
BAD 208818387121
BAD 208818952429
BAD 208730357713
BAD 208730617933
BAD 208825572187
BAD 208730834603
BAD 208825818463
BAD 208826012209
BAD 208731442993
BAD 208820942387
BAD 208821416389
BAD 208821419237
BAD 208821591313
BAD 208821623167
BAD 208758443923
BAD 208826833027
BAD 208732508401
BAD 208827436463
BAD 208827531403
BAD 208732706491
BAD 208732706519
BAD 208732706521
BAD 208732801507
BAD 208732909481
BAD 208822790321
BAD 208822790327
BAD 208822790329
BAD 208822862959
BAD 208733164253
BAD 208760491483
BAD 208824173819
BAD 208824173821
BAD 208733164261
BAD 208733164271
BAD 208733164273
BAD 208733164279
BAD 208760506111
BAD 208824251267
BAD 208824292723
BAD 208827817741
BAD 208827817747
BAD 208733679773
BAD 208733679811
BAD 208734364549
BAD 208734852883
BAD 208734852889
BAD 208734852923
BAD 208734949303
BAD 208734949307
BAD 208734949309
BAD 208734949369
BAD 208735182673
BAD 208735182679
BAD 208735182683
BAD 208762167247
BAD 208829215237
BAD 208829215261
BAD 208858832341
BAD 208858899803
BAD 208762875323
BAD 208829638411
BAD 208735890361
BAD 208762875361
BAD 208762929149
BAD 208859127209
BAD 208859127223
BAD 208859324099
BAD 208859324101
BAD 208859515831
BAD 208736712733
BAD 208736712739
BAD 208737001313
BAD 208737001327
BAD 208764534259
BAD 208860612157
BAD 208860664891
BAD 208738230187
BAD 208738505579
BAD 208738505581
BAD 208738696099
BAD 208738977361
BAD 208942559809
BAD 208765689019
BAD 208765689023
BAD 208942700521
BAD 208832611807
BAD 208765927943
BAD 208832692273
BAD 208832692283
BAD 208740326647
BAD 208861938157
BAD 208766296399
BAD 208861938161
BAD 208740326651
BAD 208740326653
BAD 208740326657
BAD 208740326659
BAD 208861945291
BAD 208861945309
BAD 208832953583
BAD 208766607997
BAD 208766608003
BAD 208766608013
BAD 208740918623
BAD 208943620607
BAD 208943620609
BAD 208943847823
BAD 208833563633
BAD 208944070921
BAD 209077553593
BAD 209043649609
BAD 208863098473
BAD 208863278027
BAD 209043952441
BAD 209043952519
BAD 208863436981
BAD 208834290593
BAD 208834290619
BAD 208834334101
BAD 208945579291
BAD 209044302349
BAD 209078639723
BAD 208768202393
BAD 209044302391
BAD 208863972893
BAD 208863972907
BAD 208768374911
BAD 208768374923
BAD 209044611131
BAD 209044611133
BAD 208864451119
BAD 209044706593
BAD 209079050333
BAD 208834863437
BAD 208834863439
BAD 208834863473
BAD 209044786957
BAD 208769078041
BAD 208769080763
BAD 208769080777
BAD 209045203219
BAD 208835572489
BAD 208835572493
BAD 208769849689
BAD 208769942561
BAD 208835797789
BAD 208769996273
BAD 208770060959
BAD 209079771259
BAD 208947444133
BAD 208947444137
BAD 208947444143
BAD 209045934497
BAD 208836168623
BAD 208866354083
BAD 208866354097
BAD 208770605947
BAD 208770726239
BAD 208947805697
BAD 208947805699
BAD 208867195673
BAD 209080585951
BAD 209080586027
BAD 208836942253
BAD 209046922429
BAD 209046922433
BAD 208771876673
BAD 208771967513
BAD 208772067677
BAD 208868143507
BAD 209047413997
BAD 208868338543
BAD 209081726509
BAD 209081726521
BAD 208838196767
BAD 208838196769
BAD 208838196773
BAD 208838196781
BAD 208949323579
BAD 209082302941
BAD 208838984429
BAD 208925519921
BAD 208870353191
BAD 208925519923
BAD 208870353193
BAD 208773732793
BAD 208870373759
BAD 208925550941
BAD 208925550943
BAD 208925550991
BAD 208839199931
BAD 208839225943
BAD 208774144387
BAD 208774144393
BAD 208950375253
BAD 208950375259
BAD 209083561273
BAD 208840252507
BAD 209083827629
BAD 209084181367
BAD 208951015279
BAD 208951015297
BAD 208951147733
BAD 209084522363
BAD 208841368823
BAD 208841380463
BAD 208928130713
BAD 208928130721
BAD 209085000983
BAD 208872603439
BAD 208872603449
BAD 208872603451
BAD 208872671123
BAD 208872784091
BAD 208872811969
BAD 208952834521
BAD 208929349417
BAD 209085963743
BAD 208929873409
BAD 209086178923
BAD 209086178971
BAD 209086178999
BAD 208873571723
BAD 208953602317
BAD 208953602327
BAD 208953602329
BAD 208953631693
BAD 208953631699
BAD 208931044831
BAD 208931200111
BAD 209048045551
BAD 208954554959
BAD 208932078449
BAD 208932078451
BAD 208954628593
BAD 209087701079
BAD 208933581023
BAD 208933582703
BAD 208955460953
BAD 209088542881
BAD 208934330663
BAD 208934639539
BAD 209089076401
BAD 208935023929
BAD 208955943247
BAD 208935200311
BAD 208935210769
BAD 208935210773
BAD 208935537983
BAD 208935537989
BAD 208935538003
BAD 208956271159
BAD 208956271163
BAD 209089551233
BAD 208936215181
BAD 208956582409
BAD 208956582413
BAD 208956628063
BAD 209050721041
BAD 208937149327
BAD 209090366483
BAD 209090452357
BAD 209090477077
BAD 209051255599
BAD 209051255603
BAD 208957588793
BAD 208957656749
BAD 208957656751
BAD 208957656757
BAD 208957782797
BAD 208939722947
BAD 209091355009
BAD 208939722949
BAD 208957782799
BAD 209091355013
BAD 209052072503
BAD 209052072511
BAD 208958157319
BAD 208958157323
BAD 208940374057
BAD 208940494157
BAD 208958334661
BAD 209028032561
BAD 208958984701
BAD 208941477373
BAD 208941477377
BAD 208941477379
BAD 208941477383
BAD 208941477389
BAD 208941477413
BAD 208842036173
BAD 208842136103
BAD 208842136141
BAD 208842136147
BAD 209053692229
BAD 209053865029
BAD 209029975279
BAD 209029975309
BAD 209030044291
BAD 209030059219
BAD 209030059223
BAD 209030258779
BAD 209030292199
BAD 209030292203
BAD 209054531689
BAD 208843843003
BAD 209030828453
BAD 209030828459
BAD 208844798017
BAD 209031719509
BAD 208845497183
BAD 209055722509
BAD 209055722521
BAD 208845569509
BAD 208845569531
BAD 209056092481
BAD 208845870559
BAD 209056092491
BAD 209056092493
BAD 209032181483
BAD 209056353949
BAD 209056353953
BAD 209056353959
BAD 209056353967
BAD 209032599187
BAD 209032696867
BAD 209057285267
BAD 209032906097
BAD 208847086351
BAD 208847168093
BAD 209033819263
BAD 209061801769
BAD 209059647367
BAD 209059647371
BAD 209059647373
BAD 208847237971
BAD 209033877277
BAD 209034090679
BAD 209062245277
BAD 208847794733
BAD 209062324673
BAD 209062422031
BAD 208848366281
BAD 208848366283
BAD 208848651691
BAD 209063362393
BAD 208849588183
BAD 208849588193
BAD 208849588219
BAD 208849588223
BAD 209035925647
BAD 209064029443
BAD 209064123703
BAD 209064123713
BAD 209064123743
BAD 209064187261
BAD 209036177837
BAD 209036177839
BAD 208850566363
BAD 208850566367
BAD 209036938571
BAD 209036938573
BAD 209036938577
BAD 208850613691
BAD 208850613707
BAD 208850613709
BAD 208850650007
BAD 208850657401
BAD 209037071609
BAD 209037071611
BAD 208850989133
BAD 208850989141
BAD 209037508091
BAD 209037508093
BAD 209037973943
BAD 209038051307
BAD 209038051309
BAD 209038138849
BAD 209038138861
BAD 209038138867
BAD 208851643223
BAD 208875529283
BAD 208892754361
BAD 208892754409
BAD 209067028019
BAD 208892921239
BAD 208892921243
BAD 208876285493
BAD 209067732961
BAD 209039070473
BAD 208908995941
BAD 208894898153
BAD 208961096167
BAD 209011223041
BAD 208894898159
BAD 208961096191
BAD 209067809971
BAD 208877105917
BAD 208961096203
BAD 208961096207
BAD 208877105933
BAD 208852929931
BAD 208961159993
BAD 208877152417
BAD 208961273663
BAD 208877299333
BAD 209068124701
BAD 209068149623
BAD 209068352929
BAD 209068383991
BAD 209068384001
BAD 209068384003
BAD 208877559127
BAD 208877559139
BAD 208877559151
BAD 208877559157
BAD 208909706443
BAD 209068638923
BAD 209068638931
BAD 208853521759
BAD 208910082583
BAD 208877913493
BAD 208910082593
BAD 208853521763
BAD 209068752293
BAD 208853521771
BAD 208910106347
BAD 208896010711
BAD 208962867167
BAD 209040746389
BAD 209040746443
BAD 208854104941
BAD 208896257161
BAD 208854236209
BAD 208854236221
BAD 208963123381
BAD 208963123387
BAD 209040978743
BAD 208910922937
BAD 208963297729
BAD 208896538889
BAD 208896538891
BAD 208896538897
BAD 208896538909
BAD 209041237861
BAD 208896636607
BAD 208896636691
BAD 209013475553
BAD 208896656191
BAD 208911649363
BAD 209041791653
BAD 208897250719
BAD 209041791667
BAD 208964077181
BAD 209041791683
BAD 208856278711
BAD 209014776497
BAD 209041791701
BAD 209071347391
BAD 208879073549
BAD 208879073551
BAD 208897275793
BAD 209014900021
BAD 209014900033
BAD 208897459429
BAD 208912064203
BAD 208912064209
BAD 208912064213
BAD 208964650969
BAD 209015394299
BAD 209015394323
BAD 208897734169
BAD 208897734173
BAD 209015445113
BAD 208857059633
BAD 208857059639
BAD 208879800301
BAD 208912547797
BAD 208912699789
BAD 208857501037
BAD 208880301499
BAD 208965287579
BAD 208965287581
BAD 208898337383
BAD 208898337391
BAD 208898337397
BAD 208898337409
BAD 208898337413
BAD 209073030511
BAD 208913165443
BAD 209016563771
BAD 208880981873
BAD 208898561899
BAD 208898561903
BAD 208898568673
BAD 208898568677
BAD 208898568679
BAD 208898568689
BAD 208898568691
BAD 208881175309
BAD 209016974527
BAD 209073621781
BAD 208913620429
BAD 208966715963
BAD 208966715989
BAD 208966716043
BAD 208899235453
BAD 208899271817
BAD 209017689539
BAD 209017689541
BAD 208899360193
BAD 209074381223
BAD 208899360199
BAD 208882066979
BAD 209074473953
BAD 208914046043
BAD 208914046049
BAD 208914046051
BAD 209074733227
BAD 209018258231
BAD 209018258233
BAD 208882476949
BAD 208882476953
BAD 208900180837
BAD 208882813921
BAD 208882813927
BAD 208882899233
BAD 209018847181
BAD 209018847187
BAD 208900465663
BAD 209075350579
BAD 208968360533
BAD 208900595053
BAD 209019070921
BAD 208900692599
BAD 209019361493
BAD 209076142699
BAD 209076142703
BAD 208883891039
BAD 208901445721
BAD 209076233173
BAD 209019633353
BAD 208971232277
BAD 208915500643
BAD 208902358177
BAD 208884150443
BAD 208971232279
BAD 208971271819
BAD 208971271823
BAD 208971271837
BAD 208915574783
BAD 208915574789
BAD 208915574839
BAD 208915574843
BAD 208915574851
BAD 208971629563
BAD 209020029203
BAD 209020029241
BAD 209020029247
BAD 208971829373
BAD 208916434981
BAD 208884866803
BAD 208972610053
BAD 208903377889
BAD 208972990381
BAD 208972990411
BAD 208916872163
BAD 208903726631
BAD 208903726651
BAD 208885348393
BAD 208885348403
BAD 209021908099
BAD 208904612843
BAD 208975882021
BAD 208917323467
BAD 208973496409
BAD 208904692699
BAD 209022012169
BAD 208904796031
BAD 208904796043
BAD 208904796047
BAD 208904925899
BAD 208904925907
BAD 208973891237
BAD 209022361931
BAD 209022538117
BAD 208974145613
BAD 209022601483
BAD 209022601493
BAD 208976413103
BAD 209022720743
BAD 208905540331
BAD 208976660377
BAD 208974824671
BAD 208974916697
BAD 208974916699
BAD 208974931433
BAD 209023361761
BAD 208977300209
BAD 208977300211
BAD 208975139843
BAD 208978567339
BAD 208920377293
BAD 209024043829
BAD 208906732663
BAD 208887373001
BAD 208887373003
BAD 208887373007
BAD 208975231681
BAD 208975231691
BAD 208975231693
BAD 208887675233
BAD 208887675239
BAD 208887731519
BAD 208887731543
BAD 208907080339
BAD 208979119243
BAD 208979505283
BAD 208888226647
BAD 208979840669
BAD 208888484327
BAD 209025088849
BAD 208907890039
BAD 208907890099
BAD 208888666313
BAD 208907997679
BAD 209025336997
BAD 208980375649
BAD 208908352399
BAD 208908352427
BAD 208981129519
BAD 209026053713
BAD 208993292471
BAD 208981679513
BAD 208981692481
BAD 208993905647
BAD 208923729593
BAD 208923729829
BAD 208891563691
BAD 208891680167
BAD 208891680169
BAD 208994657563
BAD 208924024373
BAD 208924024417
BAD 208982597227
BAD 208983205777
BAD 208925244487
BAD 208925244499
BAD 208925244503
BAD 208996390193
BAD 208996823237
BAD 208984258187
BAD 208997087713
BAD 208997087731
BAD 208984649711
BAD 208984707863
BAD 208984742371
BAD 208997670127
BAD 208997670131
BAD 208997692037
BAD 208997692139
BAD 208997821763
BAD 208997821771
BAD 208997821777
BAD 208985464511
BAD 208985464561
BAD 208998313343
BAD 208998313373
BAD 208985624693
BAD 208998440957
BAD 208998441017
BAD 208985742409
BAD 208998926141
BAD 208986628429
BAD 208986628441
BAD 208987031053
BAD 208987108283
BAD 208987210403
BAD 208987210409
BAD 208987210417
BAD 208987210441
BAD 209001084647
BAD 209001142193
BAD 209001142201
BAD 208988234327
BAD 209001413629
BAD 209001413633
BAD 209001413639
BAD 209001413641
BAD 208988385563
BAD 209001656959
BAD 208988685991
BAD 208988961793
BAD 209002252579
BAD 208989395081
BAD 208989395089
BAD 208989395107
BAD 208989434183
BAD 209002413049
BAD 209002979221
BAD 209003358841
BAD 209003483813
BAD 209003620627
BAD 209003620633
BAD 208990723043
BAD 209003964893
BAD 209003964913
BAD 209003964991
BAD 209004250789
BAD 209004452621
BAD 209004466219
BAD 208991569783
BAD 208991569789
BAD 209004944233
BAD 209004944243
BAD 209004944251
BAD 209004962539
BAD 209006283769
BAD 209006464273
BAD 209007791227
BAD 209008411921
BAD 209008668797
BAD 209008769843
BAD 209008769863
BAD 209094047117
BAD 209094047119
BAD 209094319417
BAD 209094751451
BAD 209095030733
BAD 209095030741
BAD 209096414299
BAD 209096532613
BAD 209099017969
BAD 209100541627
BAD 209100787927
BAD 209101605617
BAD 209101605619
BAD 209103805033
BAD 209103805039
BAD 209103904741
BAD 209103999593
BAD 209104482289
BAD 209106371081
BAD 209106406609
BAD 209106406633
BAD 209106532729
BAD 209106532771
BAD 209107325993
BAD 209107499371
BAD 209108277401
BAD 209108277403
BAD 209109078169
BAD 209109185603
BAD 209109185611
BAD 209109830417
BAD 209144600857
BAD 209144974067
BAD 209144974069
BAD 209145130693
BAD 209145294773
BAD 209145294779
BAD 209145294781
BAD 209145294811
BAD 209146058087
BAD 209146058089
BAD 209146270867
BAD 209146270877
BAD 209147178953
BAD 209147342857
BAD 209147342861
BAD 209147342863
BAD 209147342867
BAD 209148146017
BAD 209148146047
BAD 209148744719
BAD 209148744733
BAD 209149095157
BAD 209150566613
BAD 209150642059
BAD 209151663913
BAD 209151663923
BAD 209151690773
BAD 209151768929
BAD 209151768949
BAD 209153711953
BAD 209154568561
BAD 209154647993
BAD 209154648007
BAD 209154976477
BAD 209155707473
BAD 209155707491
BAD 209155707493
BAD 209155774703
BAD 209156165447
BAD 209156314723
BAD 209156480893
BAD 209156480899
BAD 209156480933
BAD 209127122723
BAD 209127122753
BAD 209129715967
BAD 209130316103
BAD 209131280903
BAD 209131332877
BAD 209131705949
BAD 209131982317
BAD 209132068729
BAD 209157768461
BAD 209157896351
BAD 209132564239
BAD 209132564243
BAD 209132564261
BAD 209132667563
BAD 209132711617
BAD 209132812321
BAD 209158730243
BAD 209133270469
BAD 209133270473
BAD 209133270481
BAD 209159197459
BAD 209159255869
BAD 209159255873
BAD 209159255881
BAD 209133572579
BAD 209133572581
BAD 209159451043
BAD 209159451047
BAD 209159451049
BAD 209159515003
BAD 209133881287
BAD 209159625601
BAD 209134286213
BAD 209134286227
BAD 209135216561
BAD 209160737749
BAD 209161655737
BAD 209161655749
BAD 209136308281
BAD 209162238661
BAD 209162578091
BAD 209137059931
BAD 209137582337
BAD 209137582483
BAD 209163765709
BAD 209163765721
BAD 209137976303
BAD 209163846277
BAD 209163911617
BAD 209138206919
BAD 209138206951
BAD 209138393963
BAD 209138393977
BAD 209138394001
BAD 209138394013
BAD 209164998239
BAD 209164998241
BAD 209139776081
BAD 209139776099
BAD 209139878333
BAD 209165809763
BAD 209165971043
BAD 209165971051
BAD 209166215903
BAD 209166215963
BAD 209166246929
BAD 209166246931
BAD 209166381713
BAD 209166385567
BAD 209166385573
BAD 209166385577
BAD 209166385579
BAD 209166385583
BAD 209166472531
BAD 209140679333
BAD 209140908439
BAD 209141390683
BAD 209168010481
BAD 209142054533
BAD 209168859353
BAD 209142480361
BAD 209142480367
BAD 209142556027
BAD 209142676333
BAD 209142855379
BAD 209169393383
BAD 209169733573
BAD 209171191079
BAD 209171191081
BAD 209171851001
BAD 209171851003
BAD 209171851019
BAD 209171851043
BAD 209171851051
BAD 209172027949
BAD 209172779843
BAD 209172779869
BAD 209172815791
BAD 209172815801
BAD 209173033273
BAD 209173033283
BAD 209173033297
BAD 209173345133
BAD 209173738391
BAD 209173738393
BAD 209174429551
BAD 209175340963
BAD 209175894493
BAD 209176422703
BAD 209176467593
BAD 209176912927
BAD 209297123557
BAD 209297843483
BAD 209298560533
BAD 209299747849
BAD 209299989817
BAD 209300679703
BAD 209300679739
BAD 209300679743
BAD 209300790667
BAD 209300806223
BAD 209302809853
BAD 209302992407
BAD 209303454331
BAD 209303454343
BAD 209304117193
BAD 209305291319
BAD 209305291333
BAD 209305291339
BAD 209305337869
BAD 209305858549
BAD 209306057791
BAD 209306500901
BAD 209306500903
BAD 209306500943
BAD 209307316021
BAD 209307316027
BAD 209307411529
BAD 209307651197
BAD 209307651199
BAD 209307884089
BAD 209308525901
BAD 209308525903
BAD 209309713087
BAD 209479177069
BAD 209479178581
BAD 209479423009
BAD 209479994749
BAD 209481727321
BAD 209482177511
BAD 209482828747
BAD 209177448559
BAD 209177498129
BAD 209484437629
BAD 209484437633
BAD 209178211283
BAD 209485859357
BAD 209179361603
BAD 209179393151
BAD 209179393153
BAD 209486567933
BAD 209179530421
BAD 209179535099
BAD 209395809257
BAD 209487830281
BAD 209179535101
BAD 209179535107
BAD 209488102591
BAD 209488750789
BAD 209488952173
BAD 209488952207
BAD 209488952209
BAD 209180303831
BAD 209180303833
BAD 209489202203
BAD 209489678117
BAD 209489678119
BAD 209489714593
BAD 209180833753
BAD 209490218389
BAD 209490782807
BAD 209490889849
BAD 209397824809
BAD 209398006297
BAD 209491054771
BAD 209398314919
BAD 209345055587
BAD 209398400699
BAD 209398400719
BAD 209398400723
BAD 209491676633
BAD 209399208727
BAD 209399208737
BAD 209345903783
BAD 209399208803
BAD 209399262859
BAD 209399515069
BAD 209346334753
BAD 209346352879
BAD 209346352883
BAD 209492934293
BAD 209492934307
BAD 209493304583
BAD 209493304597
BAD 209347265269
BAD 209493398383
BAD 209347520747
BAD 209347520749
BAD 209347759657
BAD 209347906687
BAD 209347906693
BAD 209493872041
BAD 209493885553
BAD 209348046469
BAD 209348456131
BAD 209110092419
BAD 209110092421
BAD 209110092439
BAD 209348871037
BAD 209348871049
BAD 209348885411
BAD 209348885413
BAD 209110397663
BAD 209494334821
BAD 209349091823
BAD 209182380839
BAD 209349157921
BAD 209349158047
BAD 209494507613
BAD 209111020697
BAD 209111020711
BAD 209111109269
BAD 209111109271
BAD 209350237253
BAD 209495763361
BAD 209350237319
BAD 209402342299
BAD 209402342311
BAD 209402708327
BAD 209402708329
BAD 209402870869
BAD 209350944967
BAD 209351009159
BAD 209403118711
BAD 209403165739
BAD 209112569671
BAD 209184273691
BAD 209351717723
BAD 209351737733
BAD 209404639141
BAD 209113429463
BAD 209352290479
BAD 209404750469
BAD 209185075111
BAD 209352719167
BAD 209405883461
BAD 209114371099
BAD 209114518273
BAD 209114518279
BAD 209352981083
BAD 209114763511
BAD 209353234183
BAD 209185483783
BAD 209185483789
BAD 209114997409
BAD 209353452829
BAD 209353452871
BAD 209353452899
BAD 209406548479
BAD 209185713917
BAD 209115449953
BAD 209115528203
BAD 209115528211
BAD 209186005711
BAD 209406987373
BAD 209115941953
BAD 209186503703
BAD 209186503709
BAD 209186503711
BAD 209407390117
BAD 209407390133
BAD 209354682059
BAD 209354682077
BAD 209354682079
BAD 209188216141
BAD 209407680767
BAD 209188376113
BAD 209188588793
BAD 209188588799
BAD 209188588801
BAD 209188927403
BAD 209189258479
BAD 209408695831
BAD 209189551063
BAD 209189551069
BAD 209189551073
BAD 209189692303
BAD 209409228583
BAD 209356486789
BAD 209190183743
BAD 209356778483
BAD 209356863649
BAD 209410680643
BAD 209410726253
BAD 209244864019
BAD 209244922729
BAD 209245579729
BAD 209245579733
BAD 209358013771
BAD 209117354903
BAD 209117533973
BAD 209411359799
BAD 209117688349
BAD 209191825571
BAD 209118010001
BAD 209191825613
BAD 209247581773
BAD 209247892913
BAD 209247899153
BAD 209119522757
BAD 209194267831
BAD 209193046147
BAD 209119826687
BAD 209119826689
BAD 209119826693
BAD 209359829983
BAD 209248815499
BAD 209120165843
BAD 209194901329
BAD 209194930751
BAD 209360367833
BAD 209193760177
BAD 209120444131
BAD 209360629789
BAD 209360629799
BAD 209193877831
BAD 209249452723
BAD 209195407873
BAD 209195407877
BAD 209195407879
BAD 209195710793
BAD 209196190579
BAD 209196190583
BAD 209121491669
BAD 209250346213
BAD 209196919081
BAD 209196959071
BAD 209228217203
BAD 209228369393
BAD 209228526473
BAD 209228786323
BAD 209228786329
BAD 209228786341
BAD 209198532913
BAD 209198532953
BAD 209198612351
BAD 209198612353
BAD 209198663761
BAD 209123778859
BAD 209229439339
BAD 209229470537
BAD 209229470539
BAD 209229500989
BAD 209229500993
BAD 209199782747
BAD 209199782749
BAD 209252623291
BAD 209199913409
BAD 209199913411
BAD 209199913423
BAD 209252748091
BAD 209200138793
BAD 209252964383
BAD 209200763693
BAD 209125617209
BAD 209253275237
BAD 209125625911
BAD 209230480523
BAD 209230523329
BAD 209125936361
BAD 209253736451
BAD 209253736453
BAD 209253736459
BAD 209253736463
BAD 209253927871
BAD 209253927887
BAD 209253927889
BAD 209253927893
BAD 209254174097
BAD 209126739407
BAD 209201854891
BAD 209254921627
BAD 209232022253
BAD 209255577499
BAD 209255577511
BAD 209232579713
BAD 209255798123
BAD 209203193453
BAD 209255936119
BAD 209203877303
BAD 209233387303
BAD 209233387313
BAD 209256668573
BAD 209233638059
BAD 209257644133
BAD 209257644149
BAD 209257644151
BAD 209205144263
BAD 209205255451
BAD 209234636903
BAD 209234636911
BAD 209205371833
BAD 209205371839
BAD 209412350159
BAD 209412350183
BAD 209412350209
BAD 209412363889
BAD 209412363893
BAD 209412480239
BAD 209412480241
BAD 209412480257
BAD 209412480259
BAD 209412480271
BAD 209412800329
BAD 209412800369
BAD 209412800393
BAD 209413215763
BAD 209206033313
BAD 209413411433
BAD 209413699783
BAD 209235747349
BAD 209235747353
BAD 209259611221
BAD 209414349143
BAD 209260200439
BAD 209206846643
BAD 209260300111
BAD 209236254443
BAD 209236254449
BAD 209236289513
BAD 209236289519
BAD 209206999739
BAD 209206999741
BAD 209260759879
BAD 209207100943
BAD 209237176039
BAD 209208273433
BAD 209208456983
BAD 209208457109
BAD 209208464501
BAD 209208464519
BAD 209416608151
BAD 209416608157
BAD 209416608161
BAD 209417617999
BAD 209417807671
BAD 209446580813
BAD 209446580821
BAD 209261052113
BAD 209446934429
BAD 209210150389
BAD 209447333899
BAD 209447333903
BAD 209239846313
BAD 209262080743
BAD 209239911409
BAD 209262261157
BAD 209262402397
BAD 209448890251
BAD 209448890263
BAD 209419440511
BAD 209419488119
BAD 209419488121
BAD 209262684229
BAD 209262684233
BAD 209262684289
BAD 209449464799
BAD 209449464803
BAD 209240891227
BAD 209449469401
BAD 209449539073
BAD 209241013337
BAD 209241013339
BAD 209241013343
BAD 209449591073
BAD 209263410833
BAD 209420960813
BAD 209264631091
BAD 209421292057
BAD 209421292063
BAD 209450534663
BAD 209242316513
BAD 209242316533
BAD 209242316539
BAD 209265399199
BAD 209422183213
BAD 209422243451
BAD 209422243453
BAD 209265882863
BAD 209451851899
BAD 209266153409
BAD 209362277699
BAD 209423217323
BAD 209423217329
BAD 209423217331
BAD 209267092297
BAD 209423577079
BAD 209267539343
BAD 209452818871
BAD 209452818893
BAD 209424016541
BAD 209363942479
BAD 209424199189
BAD 209364042103
BAD 209268250813
BAD 209424353233
BAD 209453433031
BAD 209453433047
BAD 209453535919
BAD 209453535923
BAD 209453545321
BAD 209424537337
BAD 209364940003
BAD 209364940007
BAD 209364940009
BAD 209330227609
BAD 209425495703
BAD 209455988221
BAD 209269020991
BAD 209211026581
BAD 209330227663
BAD 209269020997
BAD 209364940013
BAD 209429677637
BAD 209364940027
BAD 209211026587
BAD 209425522057
BAD 209365056059
BAD 209365056083
BAD 209211205681
BAD 209269400029
BAD 209365430447
BAD 209365470803
BAD 209365470829
BAD 209429994589
BAD 209365598237
BAD 209430061559
BAD 209330906513
BAD 209365837171
BAD 209269915727
BAD 209366024867
BAD 209366024869
BAD 209366024893
BAD 209366024897
BAD 209366024899
BAD 209427045833
BAD 209331578501
BAD 209271656857
BAD 209457193159
BAD 209271656861
BAD 209211853093
BAD 209331578503
BAD 209457193163
BAD 209271656863
BAD 209430361643
BAD 209271656887
BAD 209331585571
BAD 209457210841
BAD 209430439733
BAD 209366191109
BAD 209271971879
BAD 209366298007
BAD 209366298023
BAD 209427313759
BAD 209272054183
BAD 209212167413
BAD 209430680177
BAD 209427436991
BAD 209212369187
BAD 209430927743
BAD 209430996967
BAD 209212451023
BAD 209427670687
BAD 209427670709
BAD 209366618611
BAD 209431067873
BAD 209427853577
BAD 209458073611
BAD 209272848803
BAD 209272848871
BAD 209333000843
BAD 209428409447
BAD 209273362327
BAD 209273362339
BAD 209458638643
BAD 209213253661
BAD 209367659569
BAD 209367659573
BAD 209458834399
BAD 209458834411
BAD 209431844449
BAD 209367760531
BAD 209273780447
BAD 209367846199
BAD 209432128943
BAD 209432379917
BAD 209432520091
BAD 209274778651
BAD 209368955867
BAD 209368955869
BAD 209432717177
BAD 209432986793
BAD 209433029599
BAD 209433029623
BAD 209460233821
BAD 209334692213
BAD 209275455533
BAD 209462733889
BAD 209214604369
BAD 209433143981
BAD 209369245873
BAD 209369322139
BAD 209460388283
BAD 209369422841
BAD 209433313627
BAD 209433313667
BAD 209334960589
BAD 209334960631
BAD 209460720121
BAD 209275857871
BAD 209369817379
BAD 209463257293
BAD 209433886219
BAD 209433968357
BAD 209370167407
BAD 209461247381
BAD 209461247383
BAD 209461247389
BAD 209215382359
BAD 209215382371
BAD 209215382377
BAD 209215382381
BAD 209276374093
BAD 209434306493
BAD 209370648427
BAD 209461770751
BAD 209215763611
BAD 209337388441
BAD 209277040493
BAD 209434643087
BAD 209370648469
BAD 209215795583
BAD 209462141719
BAD 209216206613
BAD 209277484807
BAD 209463765913
BAD 209463846331
BAD 209371219171
BAD 209216426899
BAD 209464126219
BAD 209435610623
BAD 209464619411
BAD 209435976053
BAD 209372372281
BAD 209372596753
BAD 209372596757
BAD 209372596759
BAD 209436359053
BAD 209217407957
BAD 209373239939
BAD 209373239941
BAD 209373239947
BAD 209373239951
BAD 209373239953
BAD 209373252877
BAD 209373294443
BAD 209465769949
BAD 209465769959
BAD 209218099963
BAD 209437222717
BAD 209218702081
BAD 209218717259
BAD 209218717261
BAD 209437896827
BAD 209374095661
BAD 209277980809
BAD 209277980819
BAD 209219063177
BAD 209219063191
BAD 209340875281
BAD 209219193023
BAD 209466961493
BAD 209278227331
BAD 209340992101
BAD 209278326017
BAD 209438654167
BAD 209438654171
BAD 209374340551
BAD 209341174967
BAD 209341174969
BAD 209341175011
BAD 209341175027
BAD 209341385653
BAD 209341385657
BAD 209341385663
BAD 209220309721
BAD 209279411239
BAD 209374737529
BAD 209439322069
BAD 209312035573
BAD 209439322073
BAD 209467891189
BAD 209312045263
BAD 209467903973
BAD 209279565463
BAD 209312203831
BAD 209374882837
BAD 209220460979
BAD 209220460987
BAD 209375029861
BAD 209341867649
BAD 209341867673
BAD 209341867681
BAD 209279994541
BAD 209280109823
BAD 209439994217
BAD 209439994219
BAD 209439994223
BAD 209313003083
BAD 209220714271
BAD 209313046583
BAD 209220846749
BAD 209468890139
BAD 209375617163
BAD 209342303189
BAD 209378827597
BAD 209469105163
BAD 209375679151
BAD 209313499861
BAD 209378827607
BAD 209378827613
BAD 209469203899
BAD 209469203903
BAD 209440541873
BAD 209313704167
BAD 209375830043
BAD 209313892817
BAD 209313892819
BAD 209469550207
BAD 209379473731
BAD 209379473747
BAD 209342786699
BAD 209342786701
BAD 209440923361
BAD 209314420261
BAD 209379909931
BAD 209379927871
BAD 209314789681
BAD 209314789861
BAD 209314789867
BAD 209470293359
BAD 209281698139
BAD 209470910921
BAD 209315596757
BAD 209222854123
BAD 209222947123
BAD 209381723599
BAD 209442488141
BAD 209377390723
BAD 209471447137
BAD 209283054469
BAD 209442488161
BAD 209222947127
BAD 209316223339
BAD 209283054473
BAD 209442488183
BAD 209222947133
BAD 209283054499
BAD 209316223343
BAD 209316223351
BAD 209471538901
BAD 209377461203
BAD 209377491149
BAD 209377491151
BAD 209283185437
BAD 209223173363
BAD 209316503863
BAD 209471867779
BAD 209223537301
BAD 209443132939
BAD 209283540181
BAD 209443171057
BAD 209382432367
BAD 209283807533
BAD 209283866923
BAD 209378280053
BAD 209473997797
BAD 209317957129
BAD 209224434217
BAD 209443789021
BAD 209317957133
BAD 209383874179
BAD 209383874191
BAD 209474126509
BAD 209285781941
BAD 209224620841
BAD 209285809787
BAD 209285809793
BAD 209318167073
BAD 209474462401
BAD 209224867141
BAD 209286090463
BAD 209286090487
BAD 209224992577
BAD 209225091059
BAD 209474785007
BAD 209474788309
BAD 209318804587
BAD 209385551009
BAD 209385582361
BAD 209286704383
BAD 209385653341
BAD 209475932489
BAD 209476121389
BAD 209319817943
BAD 209226208703
BAD 209476517573
BAD 209226244783
BAD 209386641143
BAD 209386641151
BAD 209386641157
BAD 209320445251
BAD 209386801301
BAD 209386801303
BAD 209226552289
BAD 209226552307
BAD 209287880119
BAD 209477121043
BAD 209477320771
BAD 209477320783
BAD 209387355979
BAD 209387355997
BAD 209387451683
BAD 209387451709
BAD 209387451719
BAD 209387451751
BAD 209288259559
BAD 209288259563
BAD 209477502151
BAD 209321058673
BAD 209227151531
BAD 209288454379
BAD 209288454383
BAD 209288454413
BAD 209288454421
BAD 209387994287
BAD 209321330461
BAD 209477881271
BAD 209387994289
BAD 209477881273
BAD 209477881343
BAD 209289186583
BAD 209478229049
BAD 209478229091
BAD 209388488279
BAD 209388499223
BAD 209289427469
BAD 209289427471
BAD 209388807671
BAD 209388807673
BAD 209388807689
BAD 209388807743
BAD 209388807767
BAD 209388807769
BAD 209321988451
BAD 209322000991
BAD 209478755219
BAD 209478755221
BAD 209322317069
BAD 209389363529
BAD 209322392309
BAD 209322392311
BAD 209389579423
BAD 209290419589
BAD 209290419593
BAD 209290419607
BAD 209322861751
BAD 209290866859
BAD 209323217401
BAD 209390617433
BAD 209390617439
BAD 209390617441
BAD 209390617489
BAD 209323600547
BAD 209291444113
BAD 209291444119
BAD 209323788859
BAD 209391393773
BAD 209391753119
BAD 209391753121
BAD 209391880351
BAD 209292408977
BAD 209292408979
BAD 209392573373
BAD 209392578947
BAD 209392578973
BAD 209325140161
BAD 209393231611
BAD 209393503157
BAD 209393503159
BAD 209293830143
BAD 209294154373
BAD 209326023703
BAD 209294274559
BAD 209326443181
BAD 209326443187
BAD 209326443191
BAD 209326920133
BAD 209326920139
BAD 209327047549
BAD 209327264459
BAD 209328021607
BAD 209328021619
BAD 209328021743
BAD 209328067649
BAD 209328067651
BAD 209495950129
BAD 209496670351
BAD 209497019671
BAD 209497041223
BAD 209497041227
BAD 209497041233
BAD 209497533071
BAD 209497533103
BAD 209498219897
BAD 209498219899
BAD 209499841049
BAD 209499841051
BAD 209500139581
BAD 209500139599
BAD 209500383527
BAD 209502031171
BAD 209502454351
BAD 209503173961
BAD 209503173967
BAD 209503654883
BAD 209503700831
BAD 209504221799
BAD 209504231821
BAD 209504231843
BAD 209505107369
BAD 209505199669
BAD 209505199681
BAD 209505420703
BAD 209505420713
BAD 209505981413
BAD 209506563661
BAD 209508198313
BAD 209508610133
BAD 209508665441
BAD 209508919447
BAD 209509339789
BAD 209510897693
BAD 209510897699
BAD 209511039271
BAD 209511127253
BAD 209511809603
BAD 209513323189
BAD 209514015589
BAD 209514015593
BAD 209514110159
BAD 209514127831
BAD 209514127853
BAD 209514426239
BAD 209514426241
BAD 209514426259
BAD 209515927681
BAD 209516002429
BAD 209516002433
BAD 209516072939
BAD 209516072947
BAD 209516342797
BAD 209516342851
BAD 209517028087
BAD 209517205129
BAD 209517205133
BAD 209517961577
BAD 209517961579
BAD 209518500979
BAD 209518503133
BAD 209518630733
BAD 209519413823
BAD 209519414033
BAD 209519414063
BAD 209520642511
BAD 209520646939
BAD 209520646943
BAD 209521198793
BAD 209521198801
BAD 209529651211
BAD 209530012381
BAD 209530361701
BAD 209530718567
BAD 209530718569
BAD 209530938349
BAD 209531225363
BAD 209532608041
BAD 209532698563
BAD 209533355267
BAD 209534777807
BAD 209534777827
BAD 209534777831
BAD 209534777833
BAD 209536299059
BAD 209536299061
BAD 209536856999
BAD 209536857001
BAD 209537359511
BAD 209537359547
BAD 209538216949
BAD 209538858733
BAD 209538934673
BAD 209521367621
BAD 209521367623
BAD 209521873903
BAD 209521873907
BAD 209521873909
BAD 209521873927
BAD 209522329787
BAD 209522329789
BAD 209522584819
BAD 209522766991
BAD 209523252319
BAD 209523252331
BAD 209523925837
BAD 209523935311
BAD 209523935417
BAD 209523935419
BAD 209524513591
BAD 209524656151
BAD 209525561911
BAD 209526469759
BAD 209526905311
BAD 209527027459
BAD 209527196911
BAD 209528255227
BAD 209528442583
BAD 209528612539
BAD 209529202189
BAD 209539770413
BAD 209539770421
BAD 209539876859
BAD 209540108221
BAD 209540162599
BAD 209540162603
BAD 209541084073
BAD 209541314417
BAD 209541314419
BAD 209541661333
BAD 209541661337
BAD 209541661339
BAD 209541661363
BAD 209541661369
BAD 209541784223
BAD 209542037659
BAD 209542382369
BAD 209543184811
BAD 209543184817
BAD 209543740961
BAD 209543740963
BAD 209543741629
BAD 209543752081
BAD 209543914907
BAD 209544964949
BAD 209544964957
BAD 209545044409
BAD 209545526473
BAD 209546058511
BAD 209546480243
BAD 209546776823
BAD 209546776853
BAD 209546776861
BAD 209547075667
BAD 209547075679
BAD 209547277831
BAD 209547343399
BAD 209547784973
BAD 209548215211
BAD 209548231097
BAD 209548231099
BAD 209548231103
BAD 209548382867
BAD 209548445809
BAD 209548916243
BAD 209549780593
BAD 209549800409
BAD 209550317887
BAD 209552424253
BAD 209553974423
BAD 209553974611
BAD 209554610453
BAD 209554610459
BAD 209554610467
BAD 209555297821
BAD 209556095327
BAD 209556095347
BAD 209557737307
BAD 209557737329
BAD 209557737331
BAD 209557850869
BAD 209558105689
BAD 209558219099
BAD 209559635081
BAD 209559635083
BAD 209559635093
BAD 209559677891
BAD 209559965633
BAD 209560105637
BAD 209560105639
BAD 209560157713
BAD 209560157749
BAD 209562233669
BAD 209562579103
BAD 209562579119
BAD 209631001483
BAD 209631123773
BAD 209631736837
BAD 209633075867
BAD 209633618743
BAD 209633618759
BAD 209634201901
BAD 209634706139
BAD 209634782783
BAD 209596581659
BAD 209596581661
BAD 209635197983
BAD 209635523131
BAD 209635683623
BAD 209597302633
BAD 209597302643
BAD 209636022049
BAD 209598162383
BAD 209598162421
BAD 209598576403
BAD 209598928783
BAD 209637627323
BAD 209599693327
BAD 209599693343
BAD 209599693351
BAD 209599753823
BAD 209600225803
BAD 209600225819
BAD 209638324477
BAD 209638324481
BAD 209600921423
BAD 209601817351
BAD 209563770211
BAD 209602878539
BAD 209564499667
BAD 209603416861
BAD 209564947751
BAD 209603998759
BAD 209603998763
BAD 209604538069
BAD 209604538111
BAD 209565657031
BAD 209566235821
BAD 209605601963
BAD 209605601971
BAD 209605601977
BAD 209606278729
BAD 209606284493
BAD 209606284499
BAD 209606284501
BAD 209606284553
BAD 209639149673
BAD 209639149703
BAD 209639218823
BAD 209639218829
BAD 209639218837
BAD 209606939939
BAD 209606939963
BAD 209639276479
BAD 209607123469
BAD 209607433381
BAD 209639766257
BAD 209639766263
BAD 209607731029
BAD 209640230209
BAD 209640301967
BAD 209569000411
BAD 209569005691
BAD 209640612253
BAD 209640638527
BAD 209641082383
BAD 209641082449
BAD 209569833721
BAD 209641489709
BAD 209641489711
BAD 209641489727
BAD 209570062969
BAD 209570062973
BAD 209570062979
BAD 209570062981
BAD 209641854293
BAD 209641854307
BAD 209642166457
BAD 209642166473
BAD 209610175807
BAD 209642436053
BAD 209610466847
BAD 209610710929
BAD 209570962463
BAD 209642935561
BAD 209571473959
BAD 209571495781
BAD 209571746669
BAD 209572278919
BAD 209643426703
BAD 209643426739
BAD 209643493039
BAD 209643493097
BAD 209643493099
BAD 209643493153
BAD 209643931207
BAD 209644046897
BAD 209644490557
BAD 209574768461
BAD 209574768463
BAD 209574821539
BAD 209576416339
BAD 209577008419
BAD 209578999493
BAD 209782937633
BAD 209782937641
BAD 209783059879
BAD 209783381713
BAD 209784678749
BAD 209785595423
BAD 209787509027
BAD 209788613773
BAD 209788613777
BAD 209788613779
BAD 209789408813
BAD 209791073431
BAD 209791665691
BAD 209791700561
BAD 209791700563
BAD 209791979053
BAD 209793979273
BAD 209793979279
BAD 209794416439
BAD 209794717387
BAD 209795268673
BAD 209795268677
BAD 209680464953
BAD 209680645103
BAD 209795576633
BAD 209681111581
BAD 209796272149
BAD 209681830543
BAD 209796802883
BAD 209681870353
BAD 209796860527
BAD 209681942719
BAD 209681942731
BAD 209681988671
BAD 209681988721
BAD 209682008623
BAD 209797036489
BAD 209797036523
BAD 209797036543
BAD 209682482063
BAD 209682888763
BAD 209684452973
BAD 209684467813
BAD 209684479987
BAD 209685900643
BAD 209685900661
BAD 209685900667
BAD 209685900673
BAD 209797635169
BAD 209797782853
BAD 209686240861
BAD 209686240913
BAD 209686542229
BAD 209686542253
BAD 209686688999
BAD 209686689001
BAD 209687040793
BAD 209687040799
BAD 209687040809
BAD 209687040811
BAD 209688493613
BAD 209579889559
BAD 209688671047
BAD 209688671057
BAD 209689420069
BAD 209689438561
BAD 209689438573
BAD 209689593319
BAD 209580912811
BAD 209581501043
BAD 209581992391
BAD 209691113041
BAD 209582530153
BAD 209691412613
BAD 209697605483
BAD 209583050753
BAD 209583050783
BAD 209697658913
BAD 209697658921
BAD 209697658939
BAD 209697658943
BAD 209697758971
BAD 209583629953
BAD 209583893747
BAD 209584133933
BAD 209692705403
BAD 209699090837
BAD 209699726519
BAD 209699726521
BAD 209699782381
BAD 209699782387
BAD 209693352719
BAD 209693352721
BAD 209693352727
BAD 209693558563
BAD 209693661547
BAD 209585213023
BAD 209693771813
BAD 209693771821
BAD 209693974879
BAD 209700890059
BAD 209701671373
BAD 209702708023
BAD 209702708029
BAD 209587050643
BAD 209695897013
BAD 209696072393
BAD 209703959963
BAD 209703959977
BAD 209703959981
BAD 209704197433
BAD 209704508449
BAD 209704508459
BAD 209704508483
BAD 209588011603
BAD 209588011609
BAD 209588011613
BAD 209705067269
BAD 209588410921
BAD 209588415293
BAD 209697206077
BAD 209705596043
BAD 209588635279
BAD 209706622733
BAD 209706622771
BAD 209706699523
BAD 209706781769
BAD 209706781771
BAD 209706781777
BAD 209589966379
BAD 209589966479
BAD 209589966499
BAD 209590534067
BAD 209709071213
BAD 209590816249
BAD 209590999369
BAD 209710487461
BAD 209591897699
BAD 209591897701
BAD 209591897707
BAD 209710768151
BAD 209710768153
BAD 209592146227
BAD 209592188513
BAD 209592449299
BAD 209592449303
BAD 209592481951
BAD 209711737541
BAD 209711799449
BAD 209712155089
BAD 209815664581
BAD 209815664587
BAD 209712627653
BAD 209865636229
BAD 209865636269
BAD 209865636271
BAD 209713080611
BAD 209713080613
BAD 209593949449
BAD 209713421933
BAD 209816737283
BAD 209713596109
BAD 209713596121
BAD 209713617233
BAD 209816846077
BAD 209613989581
BAD 209866223803
BAD 209594433137
BAD 209614029089
BAD 209614029091
BAD 209614029103
BAD 209817066331
BAD 209614345873
BAD 209614356073
BAD 209866741649
BAD 209866741673
BAD 209866769183
BAD 209817407741
BAD 209817407743
BAD 209817407749
BAD 209817407753
BAD 209731342853
BAD 209867122879
BAD 209615126893
BAD 209732000509
BAD 209867538781
BAD 209867538809
BAD 209818092793
BAD 209867621441
BAD 209867621443
BAD 209867686291
BAD 209867686297
BAD 209818178729
BAD 209848256419
BAD 209595896903
BAD 209848553819
BAD 209615923927
BAD 209867914987
BAD 209732840363
BAD 209818578139
BAD 209848859887
BAD 209848859893
BAD 209848859897
BAD 209616410671
BAD 209616410677
BAD 209818989893
BAD 209818989901
BAD 209868612181
BAD 209616809729
BAD 209714716853
BAD 209714716879
BAD 209819418503
BAD 209819512853
BAD 209734554481
BAD 209850378613
BAD 209734897849
BAD 209735037493
BAD 209715639493
BAD 209820017237
BAD 209869574119
BAD 209618474699
BAD 209618474701
BAD 209716269463
BAD 209716269473
BAD 209820453197
BAD 209736182237
BAD 209736182239
BAD 209820474139
BAD 209664083063
BAD 209736609623
BAD 209820732133
BAD 209820732137
BAD 209820732139
BAD 209851860983
BAD 209851922921
BAD 209851922923
BAD 209736895573
BAD 209736965029
BAD 209871836437
BAD 209871836441
BAD 209852330609
BAD 209717618941
BAD 209737334959
BAD 209852432747
BAD 209852432749
BAD 209717746643
BAD 209717746649
BAD 209821234981
BAD 209717763121
BAD 209717763139
BAD 209737574303
BAD 209737574309
BAD 209737574311
BAD 209620329889
BAD 209664724757
BAD 209872539841
BAD 209665101353
BAD 209873288011
BAD 209873324923
BAD 209853446843
BAD 209873324929
BAD 209873324963
BAD 209873324977
BAD 209873324981
BAD 209738726123
BAD 209621329483
BAD 209665473697
BAD 209665473701
BAD 209821999021
BAD 209853745921
BAD 209621611949
BAD 209853932843
BAD 209665789441
BAD 209621797909
BAD 209621797921
BAD 209621797927
BAD 209719416121
BAD 209622166843
BAD 209719640849
BAD 209622285503
BAD 209719753861
BAD 209854418071
BAD 209854418077
BAD 209822585669
BAD 209822585671
BAD 209740004503
BAD 209666615849
BAD 209622748471
BAD 209666615861
BAD 209666615863
BAD 209666894497
BAD 209666951443
BAD 209874812093
BAD 209874812101
BAD 209623227439
BAD 209667209699
BAD 209667209701
BAD 209623451449
BAD 209823303533
BAD 209720913053
BAD 209720913071
BAD 209720913079
BAD 209720928737
BAD 209875117043
BAD 209875136269
BAD 209875136299
BAD 209875159639
BAD 209875159667
BAD 209875159673
BAD 209798166043
BAD 209823491687
BAD 209667600893
BAD 209741060281
BAD 209747646083
BAD 209747646113
BAD 209875490063
BAD 209824121693
BAD 209748089399
BAD 209748089401
BAD 209824228513
BAD 209824228553
BAD 209799313531
BAD 209741682301
BAD 209741682307
BAD 209741682313
BAD 209799412457
BAD 209799502193
BAD 209748457777
BAD 209748457781
BAD 209748457783
BAD 209741918569
BAD 209668600643
BAD 209800236467
BAD 209800236469
BAD 209825154373
BAD 209625732817
BAD 209800588979
BAD 209800588981
BAD 209876219411
BAD 209857592393
BAD 209857592401
BAD 209857592407
BAD 209857592411
BAD 209749271393
BAD 209749272263
BAD 209857639627
BAD 209749388713
BAD 209801160241
BAD 209722748647
BAD 209626334053
BAD 209722748659
BAD 209626334063
BAD 209722748663
BAD 209801217097
BAD 209857743973
BAD 209764559881
BAD 209722883003
BAD 209722883011
BAD 209801398693
BAD 209801398711
BAD 209801617369
BAD 209801651729
BAD 209749832267
BAD 209826807529
BAD 209627321227
BAD 209647072501
BAD 209627616893
BAD 209827178731
BAD 209744040281
BAD 209744040283
BAD 209627735431
BAD 209859105923
BAD 209859209809
BAD 209827630849
BAD 209827630853
BAD 209647759463
BAD 209827872637
BAD 209750964713
BAD 209765538923
BAD 209765539237
BAD 209648093843
BAD 209648177183
BAD 209877752191
BAD 209745049541
BAD 209648402437
BAD 209860202899
BAD 209831623129
BAD 209831623139
BAD 209831727043
BAD 209831727047
BAD 209745349039
BAD 209648747773
BAD 209648747779
BAD 209648747783
BAD 209629544533
BAD 209860520101
BAD 209751693353
BAD 209629714537
BAD 209860681937
BAD 209860681939
BAD 209766378421
BAD 209881892197
BAD 209629931923
BAD 209751943033
BAD 209829155539
BAD 209860902353
BAD 209672272429
BAD 209746031413
BAD 209725003259
BAD 209804577811
BAD 209832517819
BAD 209829268489
BAD 209804577859
BAD 209832517823
BAD 209804577863
BAD 209832548903
BAD 209649587359
BAD 209752344107
BAD 209752344211
BAD 209829568213
BAD 209829590969
BAD 209829590981
BAD 209829590983
BAD 209805269767
BAD 209805269777
BAD 209746715183
BAD 209767518049
BAD 209879262653
BAD 209746873253
BAD 209746935803
BAD 209767782733
BAD 209861847919
BAD 209861847931
BAD 209830246823
BAD 209747208997
BAD 209879707693
BAD 209650759621
BAD 209862103823
BAD 209879707699
BAD 209726095213
BAD 209833937927
BAD 209833937933
BAD 209806099933
BAD 209806099939
BAD 209806099973
BAD 209806265587
BAD 209726588273
BAD 209768783671
BAD 209862743569
BAD 209862743581
BAD 209726699173
BAD 209806710623
BAD 209806710629
BAD 209651384801
BAD 209768973091
BAD 209862914713
BAD 209883952549
BAD 209834897003
BAD 209863483507
BAD 209863521083
BAD 209652166793
BAD 209884623973
BAD 209884623979
BAD 209755359721
BAD 209807661559
BAD 209807661563
BAD 209881467641
BAD 209884881013
BAD 209652400039
BAD 209864312971
BAD 209864423443
BAD 209770474477
BAD 209770474481
BAD 209885278159
BAD 209675651131
BAD 209675651137
BAD 209770703437
BAD 209653106329
BAD 209836505009
BAD 209836521877
BAD 209808575413
BAD 209756894863
BAD 209836822673
BAD 209808798491
BAD 209886211351
BAD 209886211361
BAD 209886211363
BAD 209729269901
BAD 209729269903
BAD 209676270907
BAD 209771374117
BAD 209676364201
BAD 209676364207
BAD 209676364211
BAD 209676364213
BAD 209676364217
BAD 209809213751
BAD 209676364237
BAD 209809213753
BAD 209898920779
BAD 209898920783
BAD 209898920789
BAD 209771782477
BAD 209886760189
BAD 209771899697
BAD 209771899699
BAD 209771900801
BAD 209771900803
BAD 209729858773
BAD 209654320637
BAD 209887173169
BAD 209772169837
BAD 209772169843
BAD 209772169853
BAD 209772250013
BAD 209887368883
BAD 209887368919
BAD 209899598093
BAD 209899598099
BAD 209730355729
BAD 209654766877
BAD 209654766889
BAD 209676969923
BAD 209887647287
BAD 209887647289
BAD 209887647293
BAD 209899914173
BAD 209810137183
BAD 209772810983
BAD 209772810991
BAD 209772833071
BAD 209758876697
BAD 209758876699
BAD 209810189033
BAD 209655440693
BAD 209810350039
BAD 209773192051
BAD 209900418641
BAD 209900418643
BAD 209900418647
BAD 209655867959
BAD 209655867961
BAD 209888319769
BAD 209773395973
BAD 209773415087
BAD 209773415209
BAD 209900801587
BAD 209678028089
BAD 209759883841
BAD 209773725361
BAD 209839542191
BAD 209839542193
BAD 209839542197
BAD 209656493509
BAD 209656493513
BAD 209656493551
BAD 209901182663
BAD 209889030811
BAD 209760382331
BAD 209889030817
BAD 209811505051
BAD 209774339447
BAD 209774339449
BAD 209774339479
BAD 209774339483
BAD 209678811547
BAD 209811878173
BAD 209760810619
BAD 209760810631
BAD 209901637943
BAD 209679041393
BAD 209679041419
BAD 209679041423
BAD 209679041431
BAD 209679041441
BAD 209679371719
BAD 209679371723
BAD 209657693137
BAD 209812388843
BAD 209775081961
BAD 209775110269
BAD 209890044593
BAD 209890062509
BAD 209812634839
BAD 209775327413
BAD 209657942953
BAD 209812667167
BAD 209775537353
BAD 209902444771
BAD 209841403361
BAD 209812667173
BAD 209658051937
BAD 209841403363
BAD 209658052007
BAD 209761837301
BAD 209775578869
BAD 209902533523
BAD 209658148589
BAD 209658148591
BAD 209841773299
BAD 209658541399
BAD 209658541403
BAD 209658548027
BAD 209658548059
BAD 209658548063
BAD 209891100707
BAD 209891134613
BAD 209891134619
BAD 209813281331
BAD 209813281333
BAD 209842720583
BAD 209813756209
BAD 209813756213
BAD 209903724469
BAD 209903724473
BAD 209813911831
BAD 209659445731
BAD 209814021383
BAD 209903913559
BAD 209892032017
BAD 209814021397
BAD 209903913563
BAD 209814021401
BAD 209777046769
BAD 209904008669
BAD 209659589761
BAD 209843316623
BAD 209843316677
BAD 209843369161
BAD 209814277709
BAD 209814277711
BAD 209777245003
BAD 209904378599
BAD 209904378601
BAD 209904515251
BAD 209660143373
BAD 209892823429
BAD 209892823447
BAD 209892823463
BAD 209843816641
BAD 209892937361
BAD 209892937369
BAD 209892937381
BAD 209763831007
BAD 209777717839
BAD 209904873509
BAD 209904873511
BAD 209778071599
BAD 209778170431
BAD 209905121203
BAD 209778233113
BAD 209778233117
BAD 209778233129
BAD 209778233131
BAD 209778233143
BAD 209778233153
BAD 209778233183
BAD 209661090343
BAD 209905253357
BAD 209905253359
BAD 209905298851
BAD 209844627037
BAD 209844627043
BAD 209894177071
BAD 209661520307
BAD 209778581783
BAD 209844861949
BAD 209905985287
BAD 209905985291
BAD 209905985293
BAD 209662356019
BAD 209662356023
BAD 209895289297
BAD 209895289301
BAD 209662670587
BAD 209906435911
BAD 209662736191
BAD 209906686133
BAD 209845673663
BAD 209895630827
BAD 209895630829
BAD 209906774887
BAD 209662870513
BAD 209895870757
BAD 209662953067
BAD 209906970703
BAD 209906970709
BAD 209907194447
BAD 209780272579
BAD 209907366367
BAD 209907562729
BAD 209907604079
BAD 209907604129
BAD 209663507269
BAD 209846534551
BAD 209846541139
BAD 209663670031
BAD 209780662673
BAD 209780662697
BAD 209780662699
BAD 209780662703
BAD 209907931567
BAD 209907931589
BAD 209907931591
BAD 209907931603
BAD 209780701687
BAD 209780701693
BAD 209897194327
BAD 209780701699
BAD 209780701703
BAD 209780785573
BAD 209780785579
BAD 209897376259
BAD 209897400073
BAD 209847073327
BAD 209897582129
BAD 209909683223
BAD 209847922289
BAD 209909851531
BAD 209910114641
BAD 209910114643
BAD 209910464713
BAD 209910464717
BAD 209910792293
BAD 209911119661
BAD 209911119667
BAD 209911349423
BAD 209912566111
BAD 209912899687
BAD 209913048113
BAD 209914453061
BAD 209914611293
BAD 209916224299
BAD 209916527981
BAD 209916527983
BAD 209916527987
BAD 209917023473
BAD 209917642853
BAD 209917642901
BAD 209917642903
BAD 209918237731
BAD 209918685049
BAD 209918685061
BAD 209918685083
BAD 209919188903
BAD 209919796861
BAD 209921563583
BAD 209922704671
BAD 209922704689
BAD 209922847643
BAD 209923046821
BAD 209923046843
BAD 209923567897
BAD 209925011689
BAD 209925011693
BAD 209926373071
BAD 209927349119
BAD 209927896273
BAD 209928334541
BAD 209928334543
BAD 209928756293
BAD 209929196101
BAD 209930295209
BAD 209930844653
BAD 209931062351
BAD 209931062353
BAD 209931062359
BAD 209950722529
BAD 209950722533
BAD 209952450167
BAD 209953439921
BAD 209953439923
BAD 209954174009
BAD 209954174011
BAD 209954722441
BAD 209955023479
BAD 209955284971
BAD 209955993463
BAD 209956637393
BAD 209956637399
BAD 209956944031
BAD 209957453779
BAD 209957540011
BAD 209958253457
BAD 209959941361
BAD 209960283037
BAD 209960283041
BAD 209960283073
BAD 209960364433
BAD 209960364437
BAD 209960364451
BAD 209960546717
BAD 209960546723
BAD 209961252421
BAD 209961478931
BAD 209961478957
BAD 209961979631
BAD 209962362529
BAD 209962688483
BAD 209962688491
BAD 209962688497
BAD 209963106259
BAD 209963106263
BAD 209963106271
BAD 209963112857
BAD 209963112859
BAD 209963113051
BAD 209963299789
BAD 209963345749
BAD 209963637137
BAD 209964200903
BAD 209965002623
BAD 209965522621
BAD 209932673543
BAD 209933959583
BAD 209933959589
BAD 209934826819
BAD 209935935863
BAD 209935935871
BAD 209936023081
BAD 209936488691
BAD 209936488693
BAD 209939182253
BAD 209939577217
BAD 209939577223
BAD 209939577229
BAD 209939835073
BAD 209940085273
BAD 209940419083
BAD 209940419131
BAD 209940419137
BAD 209940419141
BAD 209941085843
BAD 209941424003
BAD 209941799839
BAD 209942339359
BAD 209942634259
BAD 209942634313
BAD 209942765393
BAD 209943761581
BAD 209944333411
BAD 209944713203
BAD 209944713211
BAD 209945612153
BAD 209946095993
BAD 209965924741
BAD 209966463181
BAD 209946924787
BAD 209947191371
BAD 209947191373
BAD 209947407983
BAD 209947407991
BAD 209947488103
BAD 209947488109
BAD 209947488119
BAD 209967583213
BAD 209948020993
BAD 209968007807
BAD 209968157353
BAD 209968688359
BAD 209969114833
BAD 209969504221
BAD 209971267321
BAD 209971928731
BAD 209972569883
BAD 209974306229
BAD 209974306231
BAD 209975152663
BAD 209976156479
BAD 209977726009
BAD 209978277109
BAD 209978280139
BAD 209979238333
BAD 209979302789
BAD 209979302791
BAD 209979738427
BAD 209980205653
BAD 209980219321
BAD 209980244501
BAD 209980244503
BAD 209980381493
BAD 209980812101
BAD 209980812103
BAD 209981520673
BAD 209982612421
BAD 209983215383
BAD 209983215397
BAD 209983868309
BAD 209985563657
BAD 209985563659
BAD 209985645871
BAD 209985944999
BAD 209986110151
BAD 209987443591
BAD 209987624131
BAD 209988153871
BAD 209988153883
BAD 209988311021
BAD 209988311023
BAD 209988417959
BAD 209988486121
BAD 209988917249
BAD 209988917251
BAD 209989380437
BAD 209989380439
BAD 209989380443
BAD 209989447321
BAD 209989592479
BAD 209990275291
BAD 209990278951
BAD 209990329277
BAD 209990329279
BAD 209991161621
BAD 209991181133
BAD 209992234159
BAD 209992234163
BAD 209992234181
BAD 209992234183
BAD 209992234187
BAD 209992234189
BAD 209992234201
BAD 209994778039
BAD 209994778127
BAD 209994778129
BAD 209995012111
BAD 209996506429
BAD 209996994331
BAD 209997201653
BAD 209998488803
RANGE 200000000000 210000000000 PRIMES 383929532 BAD 25220
