BAD 280336953053
BAD 280337989523
BAD 280338745249
BAD 280339419691
BAD 280341552199
BAD 280342191167
BAD 280342191169
BAD 280135926353
BAD 280136540993
BAD 280136835983
BAD 280138248601
BAD 280268863891
BAD 280268863913
BAD 280268961649
BAD 280345101793
BAD 280269721747
BAD 280140194083
BAD 280271909263
BAD 280347303893
BAD 280347304019
BAD 280272277157
BAD 280272277171
BAD 280272277213
BAD 280272277223
BAD 280272277237
BAD 280272277247
BAD 280272277249
BAD 280272865597
BAD 280272865603
BAD 280273341083
BAD 280348382723
BAD 280273936223
BAD 280348513909
BAD 280143545159
BAD 280143545191
BAD 280002173959
BAD 280002173963
BAD 280274839393
BAD 280274839399
BAD 280275096697
BAD 280275229477
BAD 280275229483
BAD 280370464729
BAD 280275364153
BAD 280275364157
BAD 280275364163
BAD 280370565443
BAD 280144378793
BAD 280144378799
BAD 280144731367
BAD 280144771493
BAD 280144771499
BAD 280276144801
BAD 280276374293
BAD 280276374319
BAD 280003762069
BAD 280277043923
BAD 280218335029
BAD 280372998289
BAD 280277982263
BAD 280218516727
BAD 280351253911
BAD 280005174517
BAD 280373152441
BAD 280005316627
BAD 280373332573
BAD 280218798953
BAD 280147563233
BAD 280147563263
BAD 280147632139
BAD 280278158711
BAD 280278409013
BAD 280352045021
BAD 280352045023
BAD 280352045033
BAD 280352045041
BAD 280374520631
BAD 280374520633
BAD 280279261583
BAD 280279261589
BAD 280279261597
BAD 280007068973
BAD 280007068981
BAD 280220203619
BAD 280220203621
BAD 280279478419
BAD 280279624679
BAD 280279700263
BAD 280375321043
BAD 280375321049
BAD 280375321067
BAD 280220773771
BAD 280279998961
BAD 280007630059
BAD 280375321069
BAD 280148751607
BAD 280280034413
BAD 280280141191
BAD 280007816863
BAD 280375656593
BAD 280221396709
BAD 280221396713
BAD 280150166831
BAD 280150166833
BAD 280150166839
BAD 280376731627
BAD 280009064479
BAD 280009064483
BAD 280009269499
BAD 280377212917
BAD 280377242477
BAD 280377242479
BAD 280223143913
BAD 280377945553
BAD 280010154223
BAD 280010447779
BAD 280378511593
BAD 280378511597
BAD 280224242447
BAD 280224242449
BAD 280010673589
BAD 280282842727
BAD 280010802263
BAD 280379647369
BAD 280011581963
BAD 280283463101
BAD 280011958381
BAD 280380589711
BAD 280380744781
BAD 280285164163
BAD 280227754283
BAD 280084609657
BAD 280085236289
BAD 280085591761
BAD 280228920919
BAD 280014738193
BAD 280229365621
BAD 280229455453
BAD 280086337943
BAD 280086338209
BAD 280016126759
BAD 280381356527
BAD 280381356529
BAD 280185388297
BAD 280185388303
BAD 280087840819
BAD 280232050283
BAD 280185951349
BAD 280088533741
BAD 280382192039
BAD 280285501687
BAD 280382280889
BAD 280285735339
BAD 280285735343
BAD 280286006731
BAD 280286006753
BAD 280089392137
BAD 280186522243
BAD 280089963169
BAD 280090317679
BAD 280383315769
BAD 280091275313
BAD 280187522233
BAD 280091497111
BAD 280187688791
BAD 280288200559
BAD 280384131439
BAD 280091751143
BAD 280234279813
BAD 280092114751
BAD 280051015963
BAD 280092684983
BAD 280188826399
BAD 280289872133
BAD 280093495399
BAD 280052195713
BAD 280385852099
BAD 280385852101
BAD 280052612431
BAD 280101231479
BAD 280101231481
BAD 280094791549
BAD 280190405171
BAD 280053216539
BAD 280291956391
BAD 280190924063
BAD 280190989343
BAD 280095486739
BAD 280095486757
BAD 280095486761
BAD 280292357383
BAD 280292357399
BAD 280292507221
BAD 280095687269
BAD 280095687271
BAD 280095706367
BAD 280095706369
BAD 280095779753
BAD 280095934201
BAD 280293493903
BAD 280054686383
BAD 280097113537
BAD 280097113601
BAD 280097113603
BAD 280097113613
BAD 280193180873
BAD 280193180879
BAD 280193180881
BAD 280193180887
BAD 280295058413
BAD 280295279549
BAD 280099758481
BAD 280103394631
BAD 280202441473
BAD 280099882277
BAD 280195933819
BAD 280058191703
BAD 280104703183
BAD 280204080647
BAD 280204080649
BAD 280058865533
BAD 280198399543
BAD 280198399561
BAD 280198399573
BAD 280198399577
BAD 280198588609
BAD 280298422223
BAD 280106245093
BAD 280106245103
BAD 280199544109
BAD 280199544127
BAD 280199544187
BAD 280199773433
BAD 280060097689
BAD 280060097693
BAD 280106929969
BAD 280060200137
BAD 280200263899
BAD 280200630977
BAD 280200630979
BAD 280200631021
BAD 280060499099
BAD 280060499101
BAD 280108209223
BAD 280108209229
BAD 280108209233
BAD 280300778389
BAD 280300778453
BAD 280109248849
BAD 280207329013
BAD 280207329019
BAD 280207329053
BAD 280301693671
BAD 280061607211
BAD 280207705559
BAD 280207705579
BAD 280301788597
BAD 280110331639
BAD 280110513271
BAD 280062791521
BAD 280063694791
BAD 280063694803
BAD 280111552639
BAD 280319678971
BAD 280064455591
BAD 280111950463
BAD 280064656873
BAD 280320216233
BAD 280320352243
BAD 280064872963
BAD 280209493183
BAD 280065346643
BAD 280112990629
BAD 280321480429
BAD 280210050427
BAD 280065981917
BAD 280065981919
BAD 280066031041
BAD 280211153137
BAD 280211153149
BAD 280322318663
BAD 280323235111
BAD 280213636903
BAD 280213906639
BAD 280213906657
BAD 280214629613
BAD 280216981531
BAD 280216981537
BAD 280325437069
BAD 280217936197
BAD 280327181209
BAD 280329238603
BAD 280329497969
BAD 280329497971
BAD 280329748891
BAD 280329816863
BAD 280330281871
BAD 280330744489
BAD 280331128109
BAD 280331128111
BAD 280334081407
BAD 280067929747
BAD 280068770089
BAD 280069847989
BAD 280070291287
BAD 280070792591
BAD 280071023027
BAD 280071023051
BAD 280071023053
BAD 280071023093
BAD 280072044199
BAD 280072044211
BAD 280234955239
BAD 280072820207
BAD 280151814521
BAD 280151814539
BAD 280151814541
BAD 280073678897
BAD 280073678903
BAD 280152082393
BAD 280236100267
BAD 280152370973
BAD 280152574291
BAD 280074662171
BAD 280074662173
BAD 280017012053
BAD 280017717541
BAD 280017717547
BAD 280075187053
BAD 280353136501
BAD 280237876493
BAD 280237876511
BAD 280075719667
BAD 280018490723
BAD 280075719689
BAD 280075875097
BAD 280238067091
BAD 280019185129
BAD 280019185133
BAD 280019185153
BAD 280019185157
BAD 280238534839
BAD 280238534843
BAD 280076483723
BAD 280076483749
BAD 280354771693
BAD 280354771699
BAD 280019785501
BAD 280155770071
BAD 280239377729
BAD 280239377731
BAD 280239538259
BAD 280355450029
BAD 280169249977
BAD 280077592061
BAD 280239938821
BAD 280239938827
BAD 280239938831
BAD 280077816593
BAD 280078147021
BAD 280021214119
BAD 280021292371
BAD 280240659653
BAD 280021292381
BAD 280021292387
BAD 280021292389
BAD 280021292399
BAD 280021292401
BAD 280240842689
BAD 280240842691
BAD 280078586419
BAD 280078586423
BAD 280078586429
BAD 280157516803
BAD 280157516809
BAD 280356893501
BAD 280356893503
BAD 280157590819
BAD 280078968241
BAD 280078968349
BAD 280078968353
BAD 280157834029
BAD 280170852439
BAD 280079191373
BAD 280034917433
BAD 280079637779
BAD 280079637781
BAD 280022685869
BAD 280022685871
BAD 280022685893
BAD 280158537601
BAD 280357956979
BAD 280172329861
BAD 280303806767
BAD 280172329873
BAD 280035420443
BAD 280303806779
BAD 280035535831
BAD 280035535837
BAD 280035535841
BAD 280303916479
BAD 280303916483
BAD 280303916489
BAD 280303916491
BAD 280304243399
BAD 280304243407
BAD 280172807701
BAD 280173066323
BAD 280304836639
BAD 280304843711
BAD 280304843713
BAD 280358963389
BAD 280080523159
BAD 280118970511
BAD 280305888199
BAD 280359812459
BAD 280359812461
BAD 280023284507
BAD 280023284509
BAD 280037534927
BAD 280037534929
BAD 280160869117
BAD 280023629419
BAD 280038066389
BAD 280161295399
BAD 280161600773
BAD 280024395619
BAD 280024395631
BAD 280024883161
BAD 280024924717
BAD 280039313933
BAD 280307888369
BAD 280120602739
BAD 280039868749
BAD 280120725107
BAD 280120751447
BAD 280025606323
BAD 280025606327
BAD 280308349999
BAD 280308350011
BAD 280026106837
BAD 280026190099
BAD 280242040343
BAD 280309065989
BAD 280309065991
BAD 280242511223
BAD 280242511231
BAD 280121888513
BAD 280122106531
BAD 280122584359
BAD 280122584363
BAD 280162286137
BAD 280244637061
BAD 280041287873
BAD 280083829379
BAD 280311029963
BAD 280083829381
BAD 280311030011
BAD 280162320593
BAD 280083877303
BAD 280083877313
BAD 280177526693
BAD 280360994003
BAD 280244903843
BAD 280041533287
BAD 280311371731
BAD 280162499843
BAD 280123103633
BAD 280245052897
BAD 280311515191
BAD 280162713437
BAD 280245575699
BAD 280312103699
BAD 280312272931
BAD 280163740793
BAD 280026995047
BAD 280027277513
BAD 280027277531
BAD 280027277533
BAD 280027277539
BAD 280123868447
BAD 280123868449
BAD 280164298333
BAD 280313468767
BAD 280043281753
BAD 280246620139
BAD 280043281811
BAD 280362987563
BAD 280246620161
BAD 280179572531
BAD 280029375827
BAD 280246620163
BAD 280043281813
BAD 280179572539
BAD 280124207569
BAD 280043655589
BAD 280043703781
BAD 280363313653
BAD 280363448047
BAD 280363450669
BAD 280363450673
BAD 280314368339
BAD 280314368363
BAD 280124754541
BAD 280124918999
BAD 280363995371
BAD 280364162059
BAD 280364162063
BAD 280165668661
BAD 280165953973
BAD 280125829073
BAD 280125829103
BAD 280364743627
BAD 280031439187
BAD 280126270379
BAD 280126270381
BAD 280126270387
BAD 280126270399
BAD 280126399703
BAD 280126399711
BAD 280316334293
BAD 280316334341
BAD 280316437913
BAD 280248346019
BAD 280182617881
BAD 280032309691
BAD 280046683453
BAD 280182940801
BAD 280366091749
BAD 280366273357
BAD 280047097529
BAD 280047097531
BAD 280167216493
BAD 280167216499
BAD 280167216503
BAD 280167216533
BAD 280317424909
BAD 280127641429
BAD 280366736281
BAD 280127716189
BAD 280317780343
BAD 280366880687
BAD 280032748579
BAD 280317907099
BAD 280184231497
BAD 280317907117
BAD 280184231513
BAD 280317979771
BAD 280318256767
BAD 280033181279
BAD 280033181287
BAD 280033181293
BAD 280033181303
BAD 280033181339
BAD 280033181341
BAD 280033181347
BAD 280318433587
BAD 280368049373
BAD 280048520131
BAD 280368229441
BAD 280250467921
BAD 280129729133
BAD 280250868511
BAD 280049491591
BAD 280049491597
BAD 280130087623
BAD 280130611339
BAD 280132669199
BAD 280132838509
BAD 280251670553
BAD 280252397671
BAD 280253202217
BAD 280253202221
BAD 280253933303
BAD 280254302059
BAD 280254602869
BAD 280254955571
BAD 280254955573
BAD 280254955577
BAD 280385879251
BAD 280386007523
BAD 280255401973
BAD 280255532341
BAD 280387042679
BAD 280387835059
BAD 280387975913
BAD 280388423219
BAD 280388423221
BAD 280389126893
BAD 280258872431
BAD 280258872433
BAD 280258872437
BAD 280258872503
BAD 280258872511
BAD 280390063013
BAD 280390187393
BAD 280390874539
BAD 280390874557
BAD 280259654861
BAD 280391159551
BAD 280261144907
BAD 280261144909
BAD 280261144913
BAD 280392696811
BAD 280393576501
BAD 280262898871
BAD 280264163701
BAD 280395530783
BAD 280395770173
BAD 280395770177
BAD 280395770191
BAD 280265790421
BAD 280397768143
BAD 280267694807
BAD 280267694809
BAD 280399030679
BAD 280399030687
BAD 280401942061
BAD 280401942077
BAD 280402007591
BAD 280402007593
BAD 280402854271
BAD 280403089829
BAD 280403089831
BAD 280403158129
BAD 280405618463
BAD 280407650539
BAD 280409135329
BAD 280409135333
BAD 280409723423
BAD 280409723431
BAD 280411824061
BAD 280411987879
BAD 280411987883
BAD 280412415457
BAD 280412415461
BAD 280412415463
BAD 280412415467
BAD 280412415469
BAD 280412892379
BAD 280414646231
BAD 280414646233
BAD 280416840763
BAD 280416840773
BAD 280416840779
BAD 280416840787
BAD 280417343303
BAD 280417745273
BAD 280418141881
BAD 280423920331
BAD 280424141761
BAD 280424141771
BAD 280424157877
BAD 280424517497
BAD 280424517511
BAD 280425601891
BAD 280426719229
BAD 280427182003
BAD 280428615539
BAD 280428615541
BAD 280428615547
BAD 280429737781
BAD 280429850059
BAD 280430136719
BAD 280430762039
BAD 280433008643
BAD 280433008649
BAD 280469825333
BAD 280469825353
BAD 280433993407
BAD 280433993461
BAD 280433993467
BAD 280434921139
BAD 280434980569
BAD 280434980587
BAD 280471247503
BAD 280435019833
BAD 280472030593
BAD 280472376659
BAD 280472376661
BAD 280472524043
BAD 280472524049
BAD 280472687531
BAD 280472687533
BAD 280472855857
BAD 280475427073
BAD 280475427083
BAD 280475427109
BAD 280475588761
BAD 280475647321
BAD 280476267319
BAD 280476280103
BAD 280476566527
BAD 280476913891
BAD 280477974911
BAD 280477974913
BAD 280478260921
BAD 280478419567
BAD 280571498329
BAD 280571804707
BAD 280571834117
BAD 280571834119
BAD 280480899011
BAD 280481276083
BAD 280573554649
BAD 280573554673
BAD 280573554683
BAD 280482615353
BAD 280483481623
BAD 280577260531
BAD 280577792251
BAD 280490260153
BAD 280485096511
BAD 280485588463
BAD 280490540329
BAD 280486004107
BAD 280581277261
BAD 280581550541
BAD 280436394943
BAD 280436394947
BAD 280436394949
BAD 280588036583
BAD 280437204647
BAD 280437204653
BAD 280437204667
BAD 280437204679
BAD 280437645457
BAD 280493918387
BAD 280493918389
BAD 280493918431
BAD 280493990377
BAD 280584071791
BAD 280584071797
BAD 280438575023
BAD 280494869209
BAD 280591183357
BAD 280439303033
BAD 280440551311
BAD 280440551333
BAD 280586338891
BAD 280440991469
BAD 280440991471
BAD 280441299233
BAD 280441385947
BAD 280441398113
BAD 280441398119
BAD 280441398121
BAD 280441717009
BAD 280442296039
BAD 280498097543
BAD 280595106373
BAD 280595106377
BAD 280595106383
BAD 280498549007
BAD 280498880279
BAD 280498880281
BAD 280499047799
BAD 280595986553
BAD 280444719521
BAD 280445055707
BAD 280596649247
BAD 280596649259
BAD 280596649261
BAD 280596649271
BAD 280596649273
BAD 280772813837
BAD 280446213781
BAD 280447089847
BAD 280447089851
BAD 280500951481
BAD 280773974357
BAD 280773974359
BAD 280774584361
BAD 280501900339
BAD 280501900351
BAD 280775500177
BAD 280775500219
BAD 280775500223
BAD 280775691631
BAD 280448516053
BAD 280448516063
BAD 280448516113
BAD 280448516119
BAD 280776008593
BAD 280776008603
BAD 280776008609
BAD 280503016553
BAD 280503016609
BAD 280449079751
BAD 280449079753
BAD 280449880103
BAD 280449880111
BAD 280777897723
BAD 280777897727
BAD 280451602763
BAD 280451602777
BAD 280779684013
BAD 280603243007
BAD 280536918161
BAD 280536918163
BAD 280603393481
BAD 280603393493
BAD 280780047523
BAD 280537432001
BAD 280537432003
BAD 280603778857
BAD 280537759223
BAD 280537759231
BAD 280522285423
BAD 280452981973
BAD 280522332691
BAD 280522332707
BAD 280522332709
BAD 280522332721
BAD 280522498499
BAD 280522498549
BAD 280781589481
BAD 280522983137
BAD 280782463813
BAD 280539453323
BAD 280539604733
BAD 280783399159
BAD 280524579529
BAD 280524651997
BAD 280783713047
BAD 280783713053
BAD 280784191381
BAD 280525431127
BAD 280525500271
BAD 280555521683
BAD 280540338917
BAD 280540338919
BAD 280784872573
BAD 280784944553
BAD 280672249289
BAD 280786620197
BAD 280786620199
BAD 280786620203
BAD 280786620217
BAD 280672631479
BAD 280672631483
BAD 280672723223
BAD 280557435943
BAD 280544038457
BAD 280673849179
BAD 280544038459
BAD 280526533249
BAD 280673849227
BAD 280559176363
BAD 280559176367
BAD 280527003187
BAD 280527003203
BAD 280527610879
BAD 280545400027
BAD 280546016077
BAD 280528428379
BAD 280675493993
BAD 280560255193
BAD 280529031253
BAD 280529139229
BAD 280547058133
BAD 280547058137
BAD 280547058139
BAD 280561390831
BAD 280561604417
BAD 280677564841
BAD 280677564887
BAD 280677564889
BAD 280677934013
BAD 280531230059
BAD 280531230061
BAD 280562961883
BAD 280678777583
BAD 280678922627
BAD 280604271617
BAD 280549885519
BAD 280563925141
BAD 280563925241
BAD 280563925249
BAD 280563925261
BAD 280563925273
BAD 280549891411
BAD 280604375803
BAD 280564025897
BAD 280564025899
BAD 280564215313
BAD 280550463559
BAD 280605502447
BAD 280605502453
BAD 280605546041
BAD 280605546043
BAD 280605958793
BAD 280605958799
BAD 280565059681
BAD 280606167817
BAD 280551400643
BAD 280565844443
BAD 280680979321
BAD 280552430071
BAD 280566554183
BAD 280566554189
BAD 280681437833
BAD 280566724883
BAD 280532056043
BAD 280532056061
BAD 280567206259
BAD 280567206263
BAD 280609895651
BAD 280609895653
BAD 280533851359
BAD 280533851363
BAD 280611831187
BAD 280611831197
BAD 280611911761
BAD 280612004531
BAD 280535157923
BAD 280612997563
BAD 280613239507
BAD 280535951093
BAD 280535951099
BAD 280683375703
BAD 280683906821
BAD 280684146697
BAD 280684740317
BAD 280615697333
BAD 280616462683
BAD 280616550343
BAD 280616550349
BAD 280616550353
BAD 280616550371
BAD 280685849267
BAD 280685849273
BAD 280685866007
BAD 280685866009
BAD 280685866031
BAD 280685866033
BAD 280685866037
BAD 280685866039
BAD 280617634663
BAD 280503351949
BAD 280504942063
BAD 280619949719
BAD 280619949721
BAD 280505624249
BAD 280505624251
BAD 280454584651
BAD 280507770533
BAD 280455685463
BAD 280509672349
BAD 280456281121
BAD 280456766129
BAD 280456766131
BAD 280510718737
BAD 280510718743
BAD 280510718783
BAD 280457734819
BAD 280654791139
BAD 280654791149
BAD 280512970687
BAD 280655430091
BAD 280655861243
BAD 280459859683
BAD 280514559181
BAD 280514559187
BAD 280637739611
BAD 280705106063
BAD 280460496653
BAD 280688707771
BAD 280756045573
BAD 280722399557
BAD 280738498687
BAD 280722399563
BAD 280657575217
BAD 280738498697
BAD 280738498699
BAD 280657575221
BAD 280657575223
BAD 280722481973
BAD 280514674207
BAD 280460747131
BAD 280460747143
BAD 280460747207
BAD 280460747209
BAD 280657960217
BAD 280689423491
BAD 280638357463
BAD 280638462901
BAD 280638766663
BAD 280638766669
BAD 280638766673
BAD 280757318929
BAD 280638804937
BAD 280638906551
BAD 280740047059
BAD 280757804479
BAD 280757804519
BAD 280757804521
BAD 280757804549
BAD 280706387821
BAD 280639211213
BAD 280639211233
BAD 280757913571
BAD 280758038657
BAD 280724686687
BAD 280690892491
BAD 280690972921
BAD 280707053177
BAD 280659812287
BAD 280516993583
BAD 280516993597
BAD 280707246203
BAD 280759034737
BAD 280741204147
BAD 280691627459
BAD 280691644867
BAD 280707333901
BAD 280640220979
BAD 280660198141
BAD 280707504773
BAD 280725667723
BAD 280725938159
BAD 280725938161
BAD 280725938167
BAD 280741778633
BAD 280707825719
BAD 280641374969
BAD 280693903187
BAD 280463417263
BAD 280761024553
BAD 280641374971
BAD 280726734203
BAD 280660786229
BAD 280707825721
BAD 280761024571
BAD 280519862333
BAD 280519862353
BAD 280744494161
BAD 280694167151
BAD 280694167153
BAD 280694167253
BAD 280694167279
BAD 280694167283
BAD 280641607711
BAD 280621427663
BAD 280744837231
BAD 280661205871
BAD 280761727357
BAD 280727341813
BAD 280661754497
BAD 280762273711
BAD 280642502719
BAD 280464444473
BAD 280464444613
BAD 280642567861
BAD 280745983501
BAD 280709251883
BAD 280642721929
BAD 280762803389
BAD 280623700207
BAD 280661889779
BAD 280709251897
BAD 280762803413
BAD 280709251903
BAD 280623700297
BAD 280661889787
BAD 280464627431
BAD 280464627433
BAD 280623789829
BAD 280623789833
BAD 280623789857
BAD 280729958737
BAD 280643329411
BAD 280746755711
BAD 280730241139
BAD 280730241151
BAD 280730241193
BAD 280465595929
BAD 280465595933
BAD 280643952233
BAD 280643970143
BAD 280747087051
BAD 280697847019
BAD 280764643343
BAD 280764643351
BAD 280764643363
BAD 280644702991
BAD 280698398503
BAD 280711196827
BAD 280747474157
BAD 280663482419
BAD 280747474159
BAD 280625667953
BAD 280765112869
BAD 280626135073
BAD 280711663021
BAD 280699010477
BAD 280748068903
BAD 280765566703
BAD 280765566733
BAD 280765566737
BAD 280765566751
BAD 280467972329
BAD 280467972331
BAD 280626660133
BAD 280626705949
BAD 280626705959
BAD 280733132957
BAD 280627134521
BAD 280627134523
BAD 280627134527
BAD 280733472479
BAD 280733472493
BAD 280468401931
BAD 280748833711
BAD 280664945233
BAD 280749528217
BAD 280767764647
BAD 280713729061
BAD 280700385827
BAD 280664945251
BAD 280629882053
BAD 280735518523
BAD 280664945287
BAD 280700385829
BAD 280645933013
BAD 280645933019
BAD 280645933021
BAD 280645933027
BAD 280645933031
BAD 280735538267
BAD 280664975057
BAD 280664975083
BAD 280468615019
BAD 280468656241
BAD 280767934067
BAD 280714269001
BAD 280714269007
BAD 280714269013
BAD 280714269091
BAD 280469635759
BAD 280769742107
BAD 280702320919
BAD 280702320923
BAD 280702320931
BAD 280702320937
BAD 280631823643
BAD 280737654983
BAD 280716002033
BAD 280631823649
BAD 280737654991
BAD 280702327369
BAD 280702327379
BAD 280752429647
BAD 280702575121
BAD 280632213931
BAD 280738064479
BAD 280738090861
BAD 280738090903
BAD 280738159453
BAD 280716824393
BAD 280717018741
BAD 280649882783
BAD 280703557909
BAD 280703557913
BAD 280703557919
BAD 280703557921
BAD 280703557933
BAD 280703588381
BAD 280703588383
BAD 280703588393
BAD 280669024639
BAD 280669024673
BAD 280669024681
BAD 280669024687
BAD 280650345439
BAD 280634105099
BAD 280634591557
BAD 280651179373
BAD 280651179377
BAD 280670182823
BAD 280718880229
BAD 280635073163
BAD 280635120587
BAD 280635370627
BAD 280651901221
BAD 280651901227
BAD 280635637213
BAD 280635867601
BAD 280652542441
BAD 280652721211
BAD 280720888507
BAD 280637047403
BAD 280721250991
BAD 280637452651
BAD 280637496079
BAD 280788666331
BAD 280790259769
BAD 280790625097
BAD 280790748877
BAD 280790821559
BAD 280790821561
BAD 280790821573
BAD 280790821579
BAD 280790821583
BAD 280790821589
BAD 280791749789
BAD 280792431617
BAD 280792717043
BAD 280793747251
BAD 280794428953
BAD 280794650797
BAD 280794650803
BAD 280794650809
BAD 280794650813
BAD 280795260553
BAD 280797292429
BAD 280799907001
BAD 280800638323
BAD 280802656517
BAD 280802656523
BAD 280802656531
BAD 280803998663
BAD 280804901683
BAD 280805636959
BAD 280806054623
BAD 280806362597
BAD 280809788579
BAD 280811270611
BAD 280811472503
BAD 280811472517
BAD 280813681321
BAD 280813681327
BAD 280813681333
BAD 280813681349
BAD 280813880593
BAD 280813991281
BAD 280813991303
BAD 280816315111
BAD 280816609831
BAD 280817242921
BAD 280817298793
BAD 280817707333
BAD 280818246157
BAD 280818246161
BAD 280818305269
BAD 280819677023
BAD 280820534023
BAD 280820702249
BAD 280820702251
BAD 280820702257
BAD 280820702269
BAD 280872791789
BAD 280872791791
BAD 280875974161
BAD 280876572359
BAD 280877375393
BAD 280878293497
BAD 280822263119
BAD 280822263121
BAD 280886415961
BAD 280886645903
BAD 280887207569
BAD 280823289193
BAD 280887851521
BAD 280823411899
BAD 280823461493
BAD 280824462229
BAD 280824774803
BAD 280824774809
BAD 280824916513
BAD 280824916523
BAD 280824987533
BAD 280888856239
BAD 280990287247
BAD 280990287289
BAD 280991479319
BAD 280829741207
BAD 280829741209
BAD 280829741221
BAD 280992302821
BAD 280993645573
BAD 280994553811
BAD 280994913083
BAD 280994913091
BAD 280994913097
BAD 280996580393
BAD 280996801139
BAD 280830627349
BAD 280830869131
BAD 280998425209
BAD 280832827469
BAD 280999633039
BAD 280999778219
BAD 280999778221
BAD 280833405833
BAD 280999916779
BAD 281191195829
BAD 280835184449
BAD 281191433023
BAD 280835391173
BAD 280907744857
BAD 280907762827
BAD 281192408603
BAD 281192860477
BAD 280837642541
BAD 280837642543
BAD 280910098541
BAD 281194776427
BAD 280911019261
BAD 280911019267
BAD 280911019289
BAD 280911339229
BAD 281002434137
BAD 281002649177
BAD 280912107821
BAD 280912107823
BAD 281196566767
BAD 281197194211
BAD 280889391089
BAD 280889391091
BAD 281004719839
BAD 280913687311
BAD 280913687321
BAD 280913687323
BAD 281198118697
BAD 280923018169
BAD 281198135641
BAD 280923100319
BAD 280923100321
BAD 281005694383
BAD 280890663233
BAD 280914891743
BAD 280914891769
BAD 280914891773
BAD 280915155229
BAD 280915155233
BAD 281199399671
BAD 281199399673
BAD 280924294603
BAD 280892272721
BAD 281200777343
BAD 280917872749
BAD 280918708013
BAD 280919298349
BAD 280926603421
BAD 280919651821
BAD 280926700063
BAD 280926700069
BAD 280919792497
BAD 280920253013
BAD 280920253021
BAD 280927162759
BAD 280920562471
BAD 280920595103
BAD 280920947159
BAD 280920947161
BAD 281025159923
BAD 280957613243
BAD 280928609051
BAD 281025159931
BAD 280957613249
BAD 280928609053
BAD 280928640823
BAD 281203479593
BAD 281203479607
BAD 281203479611
BAD 280928859269
BAD 280928859271
BAD 280921572937
BAD 280921572949
BAD 281025869911
BAD 281025886523
BAD 280929420623
BAD 280929628411
BAD 280929628417
BAD 281026171561
BAD 281026171567
BAD 280922470651
BAD 281040313537
BAD 281026739977
BAD 280958814119
BAD 280899818279
BAD 280899818281
BAD 280899949471
BAD 281205510379
BAD 281205510433
BAD 280931131021
BAD 280959487279
BAD 281041200833
BAD 280959487283
BAD 280959487297
BAD 280931254753
BAD 281205894947
BAD 281205894953
BAD 281041581283
BAD 280931532397
BAD 280931766859
BAD 280901305513
BAD 281206778371
BAD 280932233507
BAD 280960746457
BAD 280960746463
BAD 281042850887
BAD 281042850889
BAD 281042850929
BAD 280960954237
BAD 280932808883
BAD 281207798101
BAD 281207816587
BAD 280932888727
BAD 280932913889
BAD 281207872123
BAD 281043437897
BAD 281043437921
BAD 281043437923
BAD 280961444809
BAD 280933178857
BAD 280961602463
BAD 280903072913
BAD 280903656983
BAD 280934095823
BAD 281031159847
BAD 280904575969
BAD 281031723337
BAD 280905503537
BAD 280905503539
BAD 280935598249
BAD 280935598253
BAD 280964445301
BAD 281032364689
BAD 281032364693
BAD 280964987549
BAD 281032737079
BAD 280964987551
BAD 280964987557
BAD 281046389213
BAD 281046628231
BAD 280936530893
BAD 281033390933
BAD 281033390947
BAD 281033390951
BAD 281033390959
BAD 280965887309
BAD 280965887311
BAD 281033648869
BAD 281033648873
BAD 280936694707
BAD 281047270607
BAD 281047270631
BAD 281047270633
BAD 281034878539
BAD 281034878569
BAD 281035568003
BAD 280967345761
BAD 280967345767
BAD 280967345783
BAD 280967432287
BAD 280938094453
BAD 280938122797
BAD 281036559109
BAD 280967998799
BAD 281036938957
BAD 280938488393
BAD 280968463697
BAD 280939140763
BAD 280939140767
BAD 281050226003
BAD 281050226011
BAD 281038694941
BAD 281038794697
BAD 281039096089
BAD 280970663069
BAD 280970836381
BAD 280970836387
BAD 281053127269
BAD 281053127273
BAD 280971419497
BAD 281053296113
BAD 280972002973
BAD 280974635881
BAD 280974635899
BAD 280972362217
BAD 280972594831
BAD 281054809729
BAD 281054979871
BAD 281055045863
BAD 280976359009
BAD 280976708641
BAD 280976843843
BAD 281055545257
BAD 281055746809
BAD 280977387193
BAD 280839148321
BAD 280978332017
BAD 280978332023
BAD 280839845953
BAD 280979474707
BAD 280979539891
BAD 280979723081
BAD 280979723083
BAD 280980706711
BAD 280980706717
BAD 280982259473
BAD 280982259479
BAD 280982259533
BAD 280982259539
BAD 280982259541
BAD 281108528809
BAD 281108691629
BAD 281108709901
BAD 280983946283
BAD 281109765967
BAD 281109765971
BAD 280984713937
BAD 280845558997
BAD 280845955343
BAD 280985242669
BAD 280985242673
BAD 280985242687
BAD 280985540839
BAD 280985630851
BAD 281111467727
BAD 281111467729
BAD 280847334841
BAD 281112870211
BAD 281112870223
BAD 281113033639
BAD 281141828827
BAD 281142058711
BAD 281142098221
BAD 281142151483
BAD 281142264671
BAD 281142264673
BAD 280988116573
BAD 280988243633
BAD 280988243639
BAD 281115322097
BAD 280851628283
BAD 280989549793
BAD 281115322099
BAD 281115625733
BAD 281116218013
BAD 281116218017
BAD 281147424263
BAD 281147424269
BAD 280852782031
BAD 280852782037
BAD 280853238409
BAD 280853238439
BAD 280853238443
BAD 280853238451
BAD 281147922739
BAD 281147922799
BAD 280853576153
BAD 281148457111
BAD 281118673799
BAD 280855197991
BAD 281119654457
BAD 281157681523
BAD 281157681593
BAD 281150919743
BAD 281120675503
BAD 281158690963
BAD 281159740621
BAD 281152712761
BAD 281152712767
BAD 281160541099
BAD 281153221837
BAD 281160541111
BAD 281153221847
BAD 281153221849
BAD 281153221859
BAD 281153221861
BAD 281160699653
BAD 281160699661
BAD 281160699667
BAD 281160699671
BAD 281160699683
BAD 281160699691
BAD 281123418649
BAD 281160944111
BAD 281161262033
BAD 281154339841
BAD 281161518613
BAD 281161580023
BAD 281161610071
BAD 281007210233
BAD 281008026979
BAD 281008026989
BAD 281008026991
BAD 281155970647
BAD 281163552001
BAD 281008641889
BAD 281009423263
BAD 281009423267
BAD 281009423269
BAD 281165253169
BAD 281157430601
BAD 281010295537
BAD 281010295541
BAD 281010295543
BAD 281010295547
BAD 281010295549
BAD 281166317903
BAD 281166318143
BAD 281166318151
BAD 281011370131
BAD 281011370141
BAD 281011451059
BAD 281166576073
BAD 281166576077
BAD 281166576079
BAD 281167132769
BAD 281167132801
BAD 280855697971
BAD 280855697977
BAD 280855697981
BAD 280855698001
BAD 281168525657
BAD 281057685781
BAD 281057909059
BAD 281057909063
BAD 281057909071
BAD 281057909081
BAD 281169577999
BAD 281124425221
BAD 281124425227
BAD 281058312019
BAD 281015533703
BAD 281058312023
BAD 281171646403
BAD 281074765831
BAD 281171646407
BAD 281092133303
BAD 281092133327
BAD 280857107341
BAD 281075093293
BAD 281172009431
BAD 281058796591
BAD 281125446697
BAD 281016644791
BAD 281016644809
BAD 281059270013
BAD 281059283753
BAD 281172977489
BAD 280858431949
BAD 281059920079
BAD 281059920083
BAD 281059920091
BAD 281059920101
BAD 280858691929
BAD 280858691933
BAD 281017753297
BAD 281173701421
BAD 280858921489
BAD 281018018843
BAD 281018018851
BAD 281126954839
BAD 281127015931
BAD 281127218401
BAD 280859572397
BAD 281018464099
BAD 281061093647
BAD 281174669213
BAD 281174735123
BAD 280859949833
BAD 281174953069
BAD 281174953099
BAD 281175153943
BAD 281175153949
BAD 281175153953
BAD 281175577283
BAD 281175577289
BAD 281019512317
BAD 280860357409
BAD 281061868823
BAD 280860474943
BAD 281176166671
BAD 281176337063
BAD 281176482109
BAD 281176482113
BAD 281062458569
BAD 281062570931
BAD 281062608889
BAD 281080796443
BAD 281080843699
BAD 281080976573
BAD 281080976599
BAD 281021717219
BAD 281178722449
BAD 281178722453
BAD 281022366349
BAD 281022366353
BAD 281098354759
BAD 281098354781
BAD 281098354783
BAD 281098354787
BAD 281081954207
BAD 281081954233
BAD 281081954239
BAD 281081954243
BAD 281064267527
BAD 281064267529
BAD 281064300697
BAD 281098487213
BAD 281022584671
BAD 280862870461
BAD 281082310373
BAD 281082407059
BAD 281099225507
BAD 281179885643
BAD 281132048027
BAD 281132048069
BAD 281100624439
BAD 281100624443
BAD 280864412113
BAD 281181443329
BAD 281133084083
BAD 281133084101
BAD 281133617851
BAD 281102001577
BAD 281134091213
BAD 281102364721
BAD 281102657161
BAD 281102657179
BAD 281102944963
BAD 281134533773
BAD 281067428833
BAD 281085967549
BAD 281085967553
BAD 281067718429
BAD 281067718433
BAD 281067718441
BAD 281134985713
BAD 281134985723
BAD 281103352499
BAD 281103352501
BAD 281103352513
BAD 281068076153
BAD 281086574809
BAD 281086636099
BAD 280867055899
BAD 281086909673
BAD 281086909679
BAD 281086909681
BAD 281086963771
BAD 280867378777
BAD 281183891803
BAD 281068714291
BAD 281183891809
BAD 280867586743
BAD 281069084953
BAD 281087571619
BAD 281184344369
BAD 281184344393
BAD 281184344407
BAD 281184344411
BAD 280867985743
BAD 281087644289
BAD 281087644291
BAD 281069818763
BAD 280868624767
BAD 281070031843
BAD 281105532443
BAD 281105532457
BAD 281088404231
BAD 281088461713
BAD 280869184567
BAD 280869184573
BAD 280869184577
BAD 280869184579
BAD 281088606259
BAD 281088606263
BAD 281106182029
BAD 281106182033
BAD 280869795077
BAD 280869795079
BAD 281137854247
BAD 281106601759
BAD 281137854251
BAD 281089748827
BAD 281090052289
BAD 281090052293
BAD 281090052307
BAD 281090052311
BAD 281072522431
BAD 280870473661
BAD 281187395303
BAD 280871630341
BAD 281188251739
BAD 280871763019
BAD 280871763023
BAD 280871855137
BAD 281188737343
BAD 281190121507
BAD 281190981587
BAD 281191014367
BAD 280940129479
BAD 280942461853
BAD 280943396779
BAD 280946158861
BAD 280948366021
BAD 280948731799
BAD 280949420929
BAD 280949420933
BAD 280950147847
BAD 280950147859
BAD 280950330701
BAD 280951551319
BAD 280953944839
BAD 280955748197
BAD 281208341671
BAD 281208341683
BAD 281209468937
BAD 281209573537
BAD 281212607329
BAD 281213330207
BAD 281213330243
BAD 281214022501
BAD 281214260339
BAD 281216588599
BAD 281216588603
BAD 281216790923
BAD 281217743923
BAD 281218350431
BAD 281218730701
BAD 281220521683
BAD 281220521689
BAD 281222584523
BAD 281223479767
BAD 281223479773
BAD 281224057889
BAD 281224606573
BAD 281259200969
BAD 281260467811
BAD 281261896483
BAD 281263299157
BAD 281263526317
BAD 281264102489
BAD 281264102491
BAD 281265666511
BAD 281266583183
BAD 281267155207
BAD 281226028763
BAD 281226028823
BAD 281226028861
BAD 281226242177
BAD 281226242179
BAD 281267667679
BAD 281226755603
BAD 281228627213
BAD 281228627221
BAD 281228627297
BAD 281228627299
BAD 281229301313
BAD 281229301337
BAD 281229595043
BAD 281230434169
BAD 281268766549
BAD 281268766553
BAD 281230742563
BAD 281231037071
BAD 281231037079
BAD 281231037083
BAD 281231037091
BAD 281231037097
BAD 281231037103
BAD 281231815951
BAD 281231815961
BAD 281269335383
BAD 281231987303
BAD 281269820701
BAD 281270090833
BAD 281233834213
BAD 281271417253
BAD 281234978741
BAD 281234978743
BAD 281235240137
BAD 281235240161
BAD 281235240163
BAD 281235818093
BAD 281237291329
BAD 281238227383
BAD 281238227407
BAD 281239228243
BAD 281239228247
BAD 281239228253
BAD 281240676923
BAD 281240676943
BAD 281274944719
BAD 281308625083
BAD 281242649663
BAD 281242649669
BAD 281296292377
BAD 281296366123
BAD 281296366129
BAD 281296366133
BAD 281243097539
BAD 281310477619
BAD 281243097547
BAD 281310477631
BAD 281310477691
BAD 281243739703
BAD 281243798371
BAD 281311518641
BAD 281311518643
BAD 281244964579
BAD 281312987647
BAD 281312987653
BAD 281246152741
BAD 281296858133
BAD 281314069139
BAD 281247316069
BAD 281298034189
BAD 281314948657
BAD 281298184169
BAD 281247944441
BAD 281248157453
BAD 281299628069
BAD 281299628101
BAD 281299628107
BAD 281344443511
BAD 281344443517
BAD 281316835537
BAD 281316835543
BAD 281249878783
BAD 281249990303
BAD 281250938833
BAD 281319162703
BAD 281347134181
BAD 281347174501
BAD 281319720403
BAD 281252952581
BAD 281320957991
BAD 281320957993
BAD 281349105943
BAD 281349105949
BAD 281350050349
BAD 281302251833
BAD 281255084927
BAD 281255084939
BAD 281255084941
BAD 281350845247
BAD 281350845253
BAD 281323501681
BAD 281303723131
BAD 281303723137
BAD 281303723189
BAD 281303723191
BAD 281351131829
BAD 281351131837
BAD 281325996121
BAD 281351224241
BAD 281351224243
BAD 281351224283
BAD 281375970797
BAD 281375971193
BAD 281324006333
BAD 281326796617
BAD 281376219169
BAD 281256824351
BAD 281304852869
BAD 281256824353
BAD 281304852877
BAD 281257346063
BAD 281306055703
BAD 281327763721
BAD 281327763727
BAD 281351562859
BAD 281328170581
BAD 281393527819
BAD 281393527823
BAD 281378039053
BAD 281352268097
BAD 281352268103
BAD 281352268111
BAD 281328880871
BAD 281328880873
BAD 281410669789
BAD 281352622673
BAD 281352622729
BAD 281352632663
BAD 281395319171
BAD 281395319173
BAD 281379057529
BAD 281353140353
BAD 281396704907
BAD 281396859631
BAD 281413278269
BAD 281413278271
BAD 281413561433
BAD 281331903961
BAD 281380684327
BAD 281380847941
BAD 281414525947
BAD 281381041373
BAD 281415167353
BAD 281415167359
BAD 281398664689
BAD 281544181117
BAD 281415975749
BAD 281415975751
BAD 281544563551
BAD 281544563779
BAD 281382292999
BAD 281354752747
BAD 281354752753
BAD 281545203959
BAD 281355166537
BAD 281359798099
BAD 281400527411
BAD 281400527413
BAD 281545983757
BAD 281400744061
BAD 281383852207
BAD 281384634653
BAD 281384780629
BAD 281384941843
BAD 281478167989
BAD 281420335523
BAD 281420335531
BAD 281478309241
BAD 281420530849
BAD 281420734429
BAD 281478626257
BAD 281362338511
BAD 281362566103
BAD 281478995423
BAD 281421401213
BAD 281362785031
BAD 281362785061
BAD 281362838527
BAD 281357819321
BAD 281357819363
BAD 281403943153
BAD 281479627151
BAD 281404010779
BAD 281336326837
BAD 281363639093
BAD 281422580209
BAD 281480104447
BAD 281386566931
BAD 281549482961
BAD 281405301547
BAD 281337448999
BAD 281337449027
BAD 281337449033
BAD 281365075133
BAD 281423904499
BAD 281340222379
BAD 281407219589
BAD 281407219591
BAD 281484359711
BAD 281365849861
BAD 281484359713
BAD 281365849867
BAD 281387299051
BAD 281484586309
BAD 281484586319
BAD 281484586321
BAD 281407847011
BAD 281387581049
BAD 281387581051
BAD 281387581061
BAD 281387581063
BAD 281550589063
BAD 281367415501
BAD 281408434303
BAD 281387805641
BAD 281408637739
BAD 281368232423
BAD 281368288919
BAD 281368288921
BAD 281425601299
BAD 281486793979
BAD 281486793983
BAD 281486793997
BAD 281486794009
BAD 281552518223
BAD 281487390937
BAD 281488619677
BAD 281553670561
BAD 281390405371
BAD 281390405389
BAD 281370278701
BAD 281391180481
BAD 281391180487
BAD 281554469431
BAD 281391488951
BAD 281391488953
BAD 281392178017
BAD 281555114713
BAD 281491415701
BAD 281371563623
BAD 281371703857
BAD 281556420427
BAD 281374198823
BAD 281557949611
BAD 281558391533
BAD 281375028211
BAD 281375619953
BAD 281276489797
BAD 281276489803
BAD 281276670877
BAD 281277594901
BAD 281277594907
BAD 281277594911
BAD 281278403347
BAD 281279366783
BAD 281280160417
BAD 281280160423
BAD 281280385343
BAD 281526952373
BAD 281527751429
BAD 281527751431
BAD 281527751447
BAD 281528850019
BAD 281528850023
BAD 281529570043
BAD 281529570053
BAD 281531026691
BAD 281531026823
BAD 281460715741
BAD 281460715771
BAD 281460715793
BAD 281428376743
BAD 281462233531
BAD 281462233537
BAD 281462233543
BAD 281532645631
BAD 281532645643
BAD 281532645649
BAD 281532645659
BAD 281286327233
BAD 281462536373
BAD 281533261073
BAD 281533506743
BAD 281428967513
BAD 281286751183
BAD 281430433073
BAD 281535051173
BAD 281579557489
BAD 281464434037
BAD 281286751189
BAD 281495572543
BAD 281464620271
BAD 281286957839
BAD 281286957841
BAD 281464753831
BAD 281464753861
BAD 281496003883
BAD 281535562369
BAD 281580395149
BAD 281580395153
BAD 281431315699
BAD 281431315751
BAD 281496872903
BAD 281465617159
BAD 281431529077
BAD 281431529087
BAD 281431529089
BAD 281287861949
BAD 281287861951
BAD 281497100539
BAD 281581066213
BAD 281466099857
BAD 281581334911
BAD 281581405507
BAD 281581405543
BAD 281581577749
BAD 281497879763
BAD 281497879783
BAD 281582051833
BAD 281432876609
BAD 281432876611
BAD 281538134663
BAD 281289665753
BAD 281582821189
BAD 281582821193
BAD 281467864429
BAD 281538976261
BAD 281468124601
BAD 281499051541
BAD 281499051569
BAD 281539602931
BAD 281539626469
BAD 281499742729
BAD 281291367109
BAD 281291367113
BAD 281500175323
BAD 281500175329
BAD 281540539871
BAD 281540539873
BAD 281540759413
BAD 281540759417
BAD 281540759419
BAD 281540759503
BAD 281435157593
BAD 281585798467
BAD 281501540731
BAD 281585977157
BAD 281585977159
BAD 281586075461
BAD 281470872691
BAD 281502279887
BAD 281502279889
BAD 281502279893
BAD 281471378029
BAD 281471378033
BAD 281502337819
BAD 281437889023
BAD 281542218323
BAD 281542218431
BAD 281502758261
BAD 281503005793
BAD 281472292897
BAD 281472363899
BAD 281472363901
BAD 281503897483
BAD 281503897487
BAD 281503897489
BAD 281439085399
BAD 281511266489
BAD 281511266527
BAD 281511266549
BAD 281511266551
BAD 281504279747
BAD 281504279773
BAD 281589331459
BAD 281589331469
BAD 281512308113
BAD 281589470671
BAD 281589470677
BAD 281505687787
BAD 281589744049
BAD 281589744053
BAD 281440664719
BAD 281440664731
BAD 281474316413
BAD 281440685809
BAD 281474316481
BAD 281474316499
BAD 281474352619
BAD 281590364287
BAD 281506743677
BAD 281506743709
BAD 281506946599
BAD 281590968163
BAD 281590968167
BAD 281590968173
BAD 281441960749
BAD 281441960753
BAD 281475353543
BAD 281475353591
BAD 281513983711
BAD 281442354751
BAD 281514523819
BAD 281476020083
BAD 281592365783
BAD 281476275809
BAD 281476275811
BAD 281476343131
BAD 281508609919
BAD 281515550509
BAD 281592823669
BAD 281593165213
BAD 281509515181
BAD 281593907923
BAD 281517930847
BAD 281518053469
BAD 281595707023
BAD 281595707027
BAD 281595707033
BAD 281522242577
BAD 281598582569
BAD 281522447221
BAD 281598642229
BAD 281598642233
BAD 281599496341
BAD 281523428159
BAD 281523428161
BAD 281599719859
BAD 281599815593
BAD 281525927633
BAD 281561475997
BAD 281561476003
BAD 281561589821
BAD 281562044611
BAD 281562044629
BAD 281562720079
BAD 281605642621
BAD 281563134143
BAD 281563459069
BAD 281606830573
BAD 281563881061
BAD 281607828587
BAD 281607828589
BAD 281564907191
BAD 281564907193
BAD 281564926403
BAD 281565075767
BAD 281565075769
BAD 281565075773
BAD 281565075787
BAD 281608736267
BAD 281565991153
BAD 281566385311
BAD 281567279221
BAD 281567541181
BAD 281567861767
BAD 281568010697
BAD 281568010699
BAD 281568971843
BAD 281570296603
BAD 281570489969
BAD 281570489971
BAD 281570948179
BAD 281572472569
BAD 281572472579
BAD 281574369229
BAD 281574369233
BAD 281575538539
BAD 281575538549
BAD 281575961243
BAD 281575988933
BAD 281575988963
BAD 281443115311
BAD 281443191863
BAD 281443261223
BAD 281443564561
BAD 281443791977
BAD 281445231713
BAD 281446583797
BAD 281446583801
BAD 281446583807
BAD 281447268259
BAD 281447383493
BAD 281448249949
BAD 281449199749
BAD 281449199753
BAD 281451939287
BAD 281451939289
BAD 281451939347
BAD 281452415833
BAD 281452415897
BAD 281453782249
BAD 281454873757
BAD 281454873781
BAD 281454873803
BAD 281456183339
BAD 281456494393
BAD 281456494399
BAD 281456757859
BAD 281456757863
BAD 281456757877
BAD 281456894297
BAD 281456894309
BAD 281610727591
BAD 281613582511
BAD 281613582517
BAD 281614078147
BAD 281614272211
BAD 281615636413
BAD 281616893791
BAD 281616893797
BAD 281617030483
BAD 281617387039
BAD 281617387069
BAD 281617387081
BAD 281617736863
BAD 281617736887
BAD 281617740121
BAD 281622044611
BAD 281622309121
BAD 281625194327
BAD 281625194329
BAD 281625507833
BAD 281625507859
BAD 281625990029
BAD 281625990031
BAD 281626105613
BAD 281626117243
BAD 281626117261
BAD 281626117273
BAD 281626117309
BAD 281626117361
BAD 281626117363
BAD 281626117369
BAD 281626117373
BAD 281626117379
BAD 281645738573
BAD 281646644119
BAD 281646787559
BAD 281646787561
BAD 281646819121
BAD 281646819137
BAD 281646819211
BAD 281646819221
BAD 281646819227
BAD 281646819229
BAD 281649271991
BAD 281649740329
BAD 281650170149
BAD 281650295209
BAD 281650655987
BAD 281650655989
BAD 281652409231
BAD 281655367759
BAD 281658150509
BAD 281658150511
BAD 281658963451
BAD 281659255561
BAD 281762764631
BAD 281763785357
BAD 281763785363
BAD 281764971427
BAD 281662482379
BAD 281662482383
BAD 281662482391
BAD 281663022469
BAD 281663218381
BAD 281663569021
BAD 281769363817
BAD 281666280173
BAD 281770808273
BAD 281770814293
BAD 281667411023
BAD 281667682861
BAD 281668179007
BAD 281772373769
BAD 281669300881
BAD 281671476949
BAD 281672100643
BAD 281775992629
BAD 281775992683
BAD 281776102549
BAD 281728460269
BAD 281672954723
BAD 281776768853
BAD 281673225997
BAD 281729369153
BAD 281673791491
BAD 281673985997
BAD 281675002229
BAD 281675728063
BAD 281676194413
BAD 281676938393
BAD 281676938401
BAD 281732755673
BAD 281733669881
BAD 281733669883
BAD 281733669887
BAD 281734422971
BAD 281734422973
BAD 281734422979
BAD 281735072779
BAD 281735072783
BAD 281736555521
BAD 281736555523
BAD 281737164283
BAD 281737164287
BAD 281737680319
BAD 281738378969
BAD 281740669523
BAD 281741390347
BAD 281678344303
BAD 281743415147
BAD 281678907001
BAD 281679062359
BAD 281694714619
BAD 281695618513
BAD 281695769921
BAD 281695769923
BAD 281695788643
BAD 281682220189
BAD 281682684901
BAD 281627549033
BAD 281627549041
BAD 281684731901
BAD 281628721459
BAD 281628721463
BAD 281628721469
BAD 281628721471
BAD 281630116517
BAD 281630116519
BAD 281630116543
BAD 281700665401
BAD 281700920407
BAD 281700920429
BAD 281630774149
BAD 281630774153
BAD 281701559809
BAD 281701857083
BAD 281688220951
BAD 281688375623
BAD 281631930691
BAD 281688763633
BAD 281688899521
BAD 281689031509
BAD 281711292979
BAD 281703939383
BAD 281704048201
BAD 281633167831
BAD 281633170033
BAD 281712645317
BAD 281690714911
BAD 281691997831
BAD 281634818359
BAD 281964372149
BAD 281634924631
BAD 281715902107
BAD 281715902123
BAD 281635060253
BAD 281635118827
BAD 281635160929
BAD 281635160987
BAD 281716361431
BAD 281709558629
BAD 281709558631
BAD 281709939107
BAD 281709939109
BAD 281636369723
BAD 281710702621
BAD 281710901837
BAD 281710901839
BAD 281967528823
BAD 281967528827
BAD 281967528833
BAD 281636875549
BAD 281637607351
BAD 281638213823
BAD 281638349819
BAD 281970334057
BAD 281638901447
BAD 281638901449
BAD 281639425819
BAD 281779577491
BAD 281779884019
BAD 281640196259
BAD 281640196261
BAD 281640196267
BAD 281640196283
BAD 281640275789
BAD 281829032369
BAD 281829032371
BAD 281780281771
BAD 281829167077
BAD 281972663431
BAD 281640659123
BAD 281781184981
BAD 281973170299
BAD 281973170371
BAD 281641511707
BAD 281781656423
BAD 281781954631
BAD 281974608079
BAD 281641976327
BAD 281831133319
BAD 281831133323
BAD 281782327667
BAD 281782958003
BAD 281975444369
BAD 281831774183
BAD 281975444371
BAD 281832069307
BAD 281832069319
BAD 281832147029
BAD 281832147031
BAD 281724965153
BAD 281813230213
BAD 281725075283
BAD 281725312937
BAD 281832802309
BAD 281725690133
BAD 281976445351
BAD 281725996583
BAD 281813990797
BAD 281813990803
BAD 281726147977
BAD 281784590419
BAD 281726494811
BAD 281726494813
BAD 281784954667
BAD 281785043489
BAD 281978086249
BAD 281978086253
BAD 281978367031
BAD 281978517707
BAD 281978517713
BAD 281727055963
BAD 281727055993
BAD 281785553689
BAD 281727098843
BAD 281727178739
BAD 281727178741
BAD 281727503419
BAD 281930215009
BAD 281835722783
BAD 281816733889
BAD 281816733893
BAD 281930806799
BAD 281930936503
BAD 281816870011
BAD 281816870059
BAD 281786792401
BAD 281787098963
BAD 281931554767
BAD 281787322181
BAD 281787322183
BAD 281836922869
BAD 281932086487
BAD 281837125223
BAD 281819104793
BAD 281819361443
BAD 281819361457
BAD 281933000663
BAD 281838116513
BAD 281819872837
BAD 281820519821
BAD 281820519823
BAD 281821001807
BAD 281933993723
BAD 281789753243
BAD 281839770713
BAD 281790257569
BAD 281790257587
BAD 281934609773
BAD 281840395789
BAD 281822014897
BAD 281841020677
BAD 281935343969
BAD 281979956341
BAD 281791965977
BAD 281791965979
BAD 281841519413
BAD 281841677693
BAD 281936215721
BAD 281936215723
BAD 281936576111
BAD 281936576113
BAD 281981849609
BAD 281937097681
BAD 281843328469
BAD 281937868603
BAD 281824364749
BAD 281824443941
BAD 281795127503
BAD 281795127511
BAD 281824682939
BAD 281824682941
BAD 281938733333
BAD 281985590371
BAD 281845418521
BAD 281825327341
BAD 281938868833
BAD 281825594059
BAD 281939102813
BAD 281986575713
BAD 281825877811
BAD 281825880001
BAD 281795325451
BAD 281826177443
BAD 281795874491
BAD 281795874497
BAD 281795874499
BAD 281828198101
BAD 281941304737
BAD 281988966631
BAD 281797610503
BAD 281941632173
BAD 281941757873
BAD 281989906501
BAD 281798343529
BAD 281798766889
BAD 281990581141
BAD 281864425657
BAD 281799251761
BAD 281992288297
BAD 281799851951
BAD 281799851953
BAD 281865972893
BAD 281944732549
BAD 281746306013
BAD 281801210927
BAD 281944732561
BAD 281944732567
BAD 281944732583
BAD 281944778683
BAD 281944778693
BAD 281944778729
BAD 281993002813
BAD 281746852613
BAD 281746852631
BAD 281747225759
BAD 281747225761
BAD 281945835113
BAD 281945835121
BAD 281802406493
BAD 281747879821
BAD 281747956117
BAD 281747956121
BAD 281747956123
BAD 281748471133
BAD 281748471139
BAD 281868178609
BAD 281748924949
BAD 281749290143
BAD 281804341309
BAD 281804341321
BAD 281804566093
BAD 281869584881
BAD 281869584883
BAD 281751609541
BAD 281751609551
BAD 281805773707
BAD 281752049119
BAD 281806267999
BAD 281752506617
BAD 281752506619
BAD 281754297667
BAD 281754698263
BAD 281754698287
BAD 281755976741
BAD 281810148871
BAD 281895915817
BAD 281811135301
BAD 281811135313
BAD 281811135317
BAD 281757654403
BAD 281811751693
BAD 281811782647
BAD 281811877111
BAD 281811877117
BAD 281845715891
BAD 281845859941
BAD 281845859957
BAD 281845859959
BAD 281845859963
BAD 281845905433
BAD 281846568811
BAD 281946921803
BAD 281946921811
BAD 281946921829
BAD 281899013131
BAD 281880122903
BAD 281880122911
BAD 281847484441
BAD 281759312431
BAD 281759312437
BAD 281759312441
BAD 281759646473
BAD 281759771243
BAD 281759771329
BAD 281760181697
BAD 281760181699
BAD 281760273569
BAD 281760273623
BAD 281848420493
BAD 281912833217
BAD 281849357341
BAD 281849357347
BAD 281849963041
BAD 281882548133
BAD 281882752951
BAD 281882752967
BAD 281882752969
BAD 281850846383
BAD 281902489951
BAD 281902489961
BAD 281902489963
BAD 281902489969
BAD 281951327491
BAD 281883011363
BAD 281883011393
BAD 281851287953
BAD 281902592417
BAD 281902592423
BAD 281914982333
BAD 281997167149
BAD 281851614931
BAD 281883544339
BAD 281997327551
BAD 281997327553
BAD 281852190821
BAD 281952484591
BAD 281997752809
BAD 281916044713
BAD 281916044717
BAD 281916044719
BAD 281916044723
BAD 281916054293
BAD 281916054323
BAD 281953095583
BAD 281953308913
BAD 281903888491
BAD 281903892559
BAD 281853360289
BAD 281853502433
BAD 281998576411
BAD 281953881437
BAD 281953881439
BAD 281904582437
BAD 281904582439
BAD 281904663533
BAD 281999402999
BAD 281886341299
BAD 281886341311
BAD 281854141451
BAD 281854141453
BAD 281886722239
BAD 282000045463
BAD 282000045469
BAD 281905223003
BAD 281905233121
BAD 281854491539
BAD 281905325483
BAD 281919268843
BAD 281955010243
BAD 281905711379
BAD 282000998269
BAD 282000998273
BAD 282000998281
BAD 282000998291
BAD 282000998297
BAD 282000998299
BAD 282001176763
BAD 282001176773
BAD 282001382759
BAD 281955632311
BAD 281887940021
BAD 282001910431
BAD 281856207233
BAD 282002494883
BAD 281958398027
BAD 281922010219
BAD 281888962723
BAD 281907471691
BAD 281856207239
BAD 282002542363
BAD 281959229359
BAD 281959339771
BAD 281959339777
BAD 281857312943
BAD 281857312949
BAD 281857312951
BAD 281923460113
BAD 281890460407
BAD 281857963337
BAD 281857963339
BAD 281924012627
BAD 281909697061
BAD 281891165971
BAD 282004910423
BAD 281858760811
BAD 281858760823
BAD 281858840779
BAD 281910290731
BAD 281859299671
BAD 281859363353
BAD 282005979163
BAD 282005979169
BAD 281910665317
BAD 281859431251
BAD 281910665329
BAD 281925299153
BAD 281892855709
BAD 281892855719
BAD 281892855721
BAD 281893023691
BAD 281893023701
BAD 281893023703
BAD 281911373251
BAD 281962698907
BAD 281962698911
BAD 281893674253
BAD 281893674259
BAD 281912111941
BAD 281861017421
BAD 281861017423
BAD 282008608501
BAD 282008608507
BAD 282008608513
BAD 282008718403
BAD 281894930963
BAD 282009032033
BAD 281928432517
BAD 282010849957
BAD 282010849961
BAD 282011558963
BAD 282011929951
BAD 282014383897
BAD 282017260169
BAD 282017705029
BAD 282017786227
BAD 282017786249
BAD 282017786251
BAD 282018444193
BAD 282019295927
BAD 282019683613
BAD 282020190113
BAD 282020190121
BAD 282020967779
BAD 282022134707
BAD 282022162421
BAD 282022162423
BAD 282024767837
BAD 282024767839
BAD 282026739829
BAD 282026739833
BAD 282027769327
BAD 282028123147
BAD 282028839227
BAD 282028839229
BAD 282031032433
BAD 282031266409
BAD 282032742223
BAD 282032742227
BAD 282033561169
BAD 282036315203
BAD 282036815041
BAD 282036815077
BAD 282036815089
BAD 282036857857
BAD 282037423643
BAD 282039535373
BAD 282040048931
BAD 282040048933
BAD 282040048951
BAD 282040664539
BAD 282042177191
BAD 282044370833
BAD 282046070069
BAD 282046070071
BAD 282046090943
BAD 282046105963
BAD 282046681003
BAD 282046681013
BAD 282046736833
BAD 282046736837
BAD 282068099723
BAD 282069796277
BAD 282069796279
BAD 282072824063
BAD 282078553553
BAD 282078654101
BAD 282078654103
BAD 282080315123
BAD 282080315129
BAD 282080315131
BAD 282080350339
BAD 282081509261
BAD 282081509263
BAD 282082903079
BAD 282083045059
BAD 282083045063
BAD 282083545637
BAD 282083545643
BAD 282085074157
BAD 282085074163
BAD 282086748413
BAD 282086748421
BAD 282088131889
BAD 282088131893
BAD 282089268179
BAD 282089268187
BAD 282089268211
BAD 282089884579
BAD 282147894053
BAD 282097538431
BAD 282099679721
BAD 282099679733
BAD 282100442909
BAD 282150728557
BAD 282100767469
BAD 282100767499
BAD 282100767511
BAD 282100767527
BAD 282100802783
BAD 282100802791
BAD 282150998099
BAD 282101271317
BAD 282091216879
BAD 282091987459
BAD 282153086599
BAD 282153086603
BAD 282153086669
BAD 282153086671
BAD 282153086701
BAD 282153247867
BAD 282154219819
BAD 282154434439
BAD 282154434451
BAD 282103852873
BAD 282104083717
BAD 282104083721
BAD 282104483513
BAD 282104524159
BAD 282156103927
BAD 282156329621
BAD 282156561853
BAD 282095037823
BAD 282156961651
BAD 282157185953
BAD 282048948121
BAD 282158142793
BAD 282158415971
BAD 282107439517
BAD 282108253309
BAD 282159758149
BAD 282231704413
BAD 282051250193
BAD 282233031701
BAD 282112094293
BAD 282281793593
BAD 282051842543
BAD 282281793601
BAD 282281793617
BAD 282097027171
BAD 282163065497
BAD 282163065539
BAD 282163065553
BAD 282233913067
BAD 282233913131
BAD 282233913133
BAD 282112730413
BAD 282282657913
BAD 282112953139
BAD 282163667507
BAD 282163667509
BAD 282164168059
BAD 282053063113
BAD 282053063119
BAD 282235806599
BAD 282284658983
BAD 282113972011
BAD 282114082787
BAD 282114082793
BAD 282285661277
BAD 282285661279
BAD 282237200107
BAD 282054480359
BAD 282054480361
BAD 282115124131
BAD 282054480373
BAD 282054891653
BAD 282055756141
BAD 282056228039
BAD 282239045351
BAD 282239045353
BAD 282117080701
BAD 282117080767
BAD 282117996557
BAD 282288426071
BAD 282288426073
BAD 282288484117
BAD 282118967329
BAD 282118967353
BAD 282057726751
BAD 282119134819
BAD 282057827299
BAD 282058085083
BAD 282289846261
BAD 282120279073
BAD 282058901671
BAD 282242986009
BAD 282291069559
BAD 282181265381
BAD 282181365553
BAD 282291471677
BAD 282181801147
BAD 282181989961
BAD 282181989967
BAD 282181990003
BAD 282181992329
BAD 282181992331
BAD 282292322119
BAD 282123421351
BAD 282123421471
BAD 282123421487
BAD 282123421493
BAD 282062210959
BAD 282182395393
BAD 282182674063
BAD 282292943089
BAD 282124296241
BAD 282124296269
BAD 282124296271
BAD 282245115443
BAD 282245115533
BAD 282124611983
BAD 282124611997
BAD 282293897173
BAD 282125307071
BAD 282125315839
BAD 282125521591
BAD 282245892023
BAD 282164294263
BAD 282126250673
BAD 282126286591
BAD 282126286597
BAD 282164986429
BAD 282294574801
BAD 282184686803
BAD 282165145013
BAD 282165178723
BAD 282126906889
BAD 282185887471
BAD 282186312319
BAD 282186312329
BAD 282186397631
BAD 282167276401
BAD 282248453197
BAD 282248453209
BAD 282248928337
BAD 282249301603
BAD 282249323479
BAD 282249323483
BAD 282249415531
BAD 282169271243
BAD 282169271249
BAD 282169464853
BAD 282169464859
BAD 282188500171
BAD 282250268767
BAD 282188573483
BAD 282188858233
BAD 282171546557
BAD 282189409639
BAD 282189431879
BAD 282172290133
BAD 282172562603
BAD 282251863147
BAD 282173436079
BAD 282253670761
BAD 282253698011
BAD 282254406337
BAD 282174858743
BAD 282191827867
BAD 282192273443
BAD 282255128699
BAD 282175396927
BAD 282175396931
BAD 282175396933
BAD 282175396949
BAD 282193290517
BAD 282257040209
BAD 282257040211
BAD 282257040217
BAD 282257040277
BAD 282257257999
BAD 282195140081
BAD 282195140083
BAD 282195140089
BAD 282195140093
BAD 282258252721
BAD 282178854953
BAD 282178854959
BAD 282259889731
BAD 282131356009
BAD 282199215043
BAD 282196946533
BAD 282197060771
BAD 282132743089
BAD 282132743093
BAD 282199806089
BAD 282199806103
BAD 282200031023
BAD 282262144391
BAD 282262144399
BAD 282262240243
BAD 282200460809
BAD 282200466479
BAD 282200466481
BAD 282263206229
BAD 282263206231
BAD 282263206249
BAD 282201130777
BAD 282263736241
BAD 282263736283
BAD 282263736289
BAD 282201759277
BAD 282399298759
BAD 282399300461
BAD 282399560581
BAD 282399560587
BAD 282399560591
BAD 282399560593
BAD 282399599239
BAD 282399599243
BAD 282399599249
BAD 282400112513
BAD 282400112537
BAD 282138273233
BAD 282138323123
BAD 282138909977
BAD 282138909979
BAD 282139075733
BAD 282207122867
BAD 282207232793
BAD 282207401873
BAD 282207401893
BAD 282207401899
BAD 282207452209
BAD 282207452213
BAD 282209285777
BAD 282209285797
BAD 282209285801
BAD 282141833587
BAD 282141833593
BAD 282141932047
BAD 282404549527
BAD 282404802529
BAD 282210460459
BAD 282210460463
BAD 282405127129
BAD 282405127133
BAD 282210761801
BAD 282210865823
BAD 282210865831
BAD 282210865837
BAD 282211083023
BAD 282142899119
BAD 282142899121
BAD 282211195439
BAD 282211620247
BAD 282143612603
BAD 282211876447
BAD 282211876469
BAD 282143632843
BAD 282406534873
BAD 282406534877
BAD 282406652911
BAD 282212253233
BAD 282213175639
BAD 282144487619
BAD 282144487621
BAD 282408108121
BAD 282145362661
BAD 282145625081
BAD 282332058661
BAD 282332058667
BAD 282332115911
BAD 282332115913
BAD 282409418663
BAD 282146804153
BAD 282146869649
BAD 282146869651
BAD 282410182633
BAD 282147236453
BAD 282411305279
BAD 282412500389
BAD 282412652191
BAD 282413173153
BAD 282352170703
BAD 282299597779
BAD 282352170707
BAD 282337600507
BAD 282337600511
BAD 282337600513
BAD 282413197441
BAD 282299754791
BAD 282299754797
BAD 282299754799
BAD 282365596463
BAD 282365834963
BAD 282366010343
BAD 282366010351
BAD 282366204319
BAD 282338545009
BAD 282338545043
BAD 282413940559
BAD 282339679079
BAD 282339679081
BAD 282339968917
BAD 282367329919
BAD 282368203807
BAD 282368203811
BAD 282368585507
BAD 282368585509
BAD 282315781843
BAD 282355737773
BAD 282316065781
BAD 282304104571
BAD 282369503431
BAD 282342960659
BAD 282342960661
BAD 282304598311
BAD 282304774853
BAD 282265075297
BAD 282265207501
BAD 282265292473
BAD 282371257723
BAD 282382621909
BAD 282318285287
BAD 282318285289
BAD 282382701571
BAD 282266479501
BAD 282382955633
BAD 282266649289
BAD 282266649293
BAD 282306053009
BAD 282306053011
BAD 282306053017
BAD 282306053027
BAD 282306053033
BAD 282306053039
BAD 282306053041
BAD 282306108143
BAD 282318741521
BAD 282344875759
BAD 282383520481
BAD 282319314293
BAD 282306910609
BAD 282320829919
BAD 282374028493
BAD 282384330257
BAD 282359528351
BAD 282306910619
BAD 282384330259
BAD 282320835553
BAD 282384335867
BAD 282384335869
BAD 282384335881
BAD 282384335887
BAD 282307149847
BAD 282307301449
BAD 282307301473
BAD 282271015891
BAD 282345646117
BAD 282307402081
BAD 282321151087
BAD 282321151159
BAD 282374703517
BAD 282346586033
BAD 282385721003
BAD 282385739929
BAD 282385807201
BAD 282272367149
BAD 282272367151
BAD 282322873843
BAD 282361468523
BAD 282376020197
BAD 282376259611
BAD 282323515403
BAD 282309662027
BAD 282309662029
BAD 282274261231
BAD 282274261237
BAD 282363322963
BAD 282378073993
BAD 282378074029
BAD 282363352459
BAD 282378221791
BAD 282311209351
BAD 282325550723
BAD 282276367609
BAD 282378882589
BAD 282378882593
BAD 282389813371
BAD 282379294103
BAD 282379294163
BAD 282365037061
BAD 282277135139
BAD 282277135141
BAD 282390793429
BAD 282277630057
BAD 282312570227
BAD 282278155241
BAD 282278155249
BAD 282278155253
BAD 282327798923
BAD 282313446133
BAD 282313446137
BAD 282279510169
BAD 282382090189
BAD 282329069161
BAD 282393463769
BAD 282393463771
BAD 282393541933
BAD 282382197751
BAD 282382197791
BAD 282382197793
BAD 282382197829
BAD 282329444381
BAD 282394039283
BAD 282394039289
BAD 282329775523
BAD 282329947331
BAD 282394684813
BAD 282330226699
BAD 282396916463
BAD 282397098343
BAD 282397165877
BAD 282397165879
BAD 282217111961
BAD 282219400303
BAD 282220216321
BAD 282220235753
BAD 282220235783
BAD 282220483553
BAD 282221043389
BAD 282221918701
BAD 282221918707
BAD 282222660803
BAD 282222660809
BAD 282222660829
BAD 282223608913
BAD 282223608917
BAD 282223608923
BAD 282224068193
BAD 282224068199
BAD 282224068253
BAD 282224393401
BAD 282224545261
BAD 282224907169
BAD 282225992273
BAD 282228333749
BAD 282229053329
BAD 282229053331
BAD 282420205043
BAD 282422056633
BAD 282422056639
BAD 282422056643
BAD 282435748051
BAD 282435945359
BAD 282435945361
BAD 282423439451
BAD 282423439453
BAD 282423552419
BAD 282423552421
BAD 282423552427
BAD 282424292993
BAD 282425619143
BAD 282425722577
BAD 282425745593
BAD 282438791207
BAD 282438791209
BAD 282441191119
BAD 282443511643
BAD 282443693473
BAD 282444273143
BAD 282445042843
BAD 282445057823
BAD 282445747933
BAD 282445894189
BAD 282447269059
BAD 282430689781
BAD 282430690001
BAD 282431422657
BAD 282456447683
BAD 282457815151
BAD 282458555179
BAD 282459264649
BAD 282460112483
BAD 282460228189
BAD 282461149739
BAD 282463362983
BAD 282463558639
BAD 282464942899
BAD 282465111683
BAD 282465111689
BAD 282465565643
BAD 282465565663
BAD 282465565667
BAD 282465565717
BAD 282465655567
BAD 282568581949
BAD 282568581959
BAD 282568581961
BAD 282568582013
BAD 282568582091
BAD 282568582097
BAD 282568582099
BAD 282569072179
BAD 282569072183
BAD 282569545399
BAD 282570790699
BAD 282571283263
BAD 282571909987
BAD 282571909999
BAD 282636752269
BAD 282636864661
BAD 282636966683
BAD 282572133191
BAD 282572157811
BAD 282572157823
BAD 282573762707
BAD 282734688893
BAD 282533948791
BAD 282575122073
BAD 282640129663
BAD 282736262881
BAD 282736342873
BAD 282576295159
BAD 282576295163
BAD 282576593513
BAD 282576593521
BAD 282535198669
BAD 282576875809
BAD 282576875813
BAD 282576875827
BAD 282577014961
BAD 282737430541
BAD 282577597417
BAD 282738138341
BAD 282738138343
BAD 282738219961
BAD 282738496283
BAD 282536688293
BAD 282739189157
BAD 282579206563
BAD 282643008691
BAD 282739444529
BAD 282739444531
BAD 282579669301
BAD 282579669391
BAD 282579732683
BAD 282579732691
BAD 282579732697
BAD 282579732703
BAD 282579732727
BAD 282739864507
BAD 282537853583
BAD 282579846629
BAD 282741767453
BAD 282644365139
BAD 282644365141
BAD 282580542457
BAD 282742775941
BAD 282742799939
BAD 282744007831
BAD 282581792293
BAD 282646358777
BAD 282646358779
BAD 282646358791
BAD 282582457153
BAD 282647136221
BAD 282647136223
BAD 282745305097
BAD 282745433809
BAD 282745980337
BAD 282537891667
BAD 282537891673
BAD 282746797903
BAD 282538634663
BAD 282648895667
BAD 282648895679
BAD 282648895681
BAD 282538834261
BAD 282649188413
BAD 282649188421
BAD 282539311609
BAD 282539855263
BAD 282539855267
BAD 282540926123
BAD 282541310677
BAD 282542702839
BAD 282750947363
BAD 282500008123
BAD 282543450509
BAD 282501311513
BAD 282545257937
BAD 282545257957
BAD 282545257961
BAD 282545257963
BAD 282502801003
BAD 282502910611
BAD 282503815543
BAD 282503815567
BAD 282503815571
BAD 282503815591
BAD 282503815621
BAD 282505840943
BAD 282506485531
BAD 282507821149
BAD 282507821153
BAD 282507821179
BAD 282507993247
BAD 282546874639
BAD 282508863953
BAD 282508863961
BAD 282547313833
BAD 282509262883
BAD 282548556383
BAD 282667746547
BAD 282584048821
BAD 282517921691
BAD 282549825757
BAD 282667746553
BAD 282604915007
BAD 282667746563
BAD 282549825773
BAD 282549825799
BAD 282604915009
BAD 282604915013
BAD 282604915031
BAD 282604915039
BAD 282511720681
BAD 282604985569
BAD 282518205569
BAD 282511943143
BAD 282511943173
BAD 282483657319
BAD 282483657373
BAD 282512076127
BAD 282512076131
BAD 282512076151
BAD 282483956767
BAD 282605487979
BAD 282518871647
BAD 282585082553
BAD 282585082561
BAD 282605617081
BAD 282605681531
BAD 282519131813
BAD 282519131831
BAD 282519131833
BAD 282519131857
BAD 282519131861
BAD 282519131863
BAD 282585516833
BAD 282519145253
BAD 282668981977
BAD 282513151939
BAD 282669193141
BAD 282586214341
BAD 282513774121
BAD 282586593503
BAD 282519846397
BAD 282519942799
BAD 282514359901
BAD 282514359929
BAD 282514359931
BAD 282520241327
BAD 282520241329
BAD 282520343143
BAD 282670561571
BAD 282670561573
BAD 282670561577
BAD 282520479407
BAD 282608521651
BAD 282589123969
BAD 282589266877
BAD 282672748541
BAD 282470175419
BAD 282751693351
BAD 282470310901
BAD 282470310907
BAD 282489379129
BAD 282610357927
BAD 282489667193
BAD 282489896551
BAD 282610871639
BAD 282591491341
BAD 282471401099
BAD 282471401101
BAD 282471401167
BAD 282674317327
BAD 282611180473
BAD 282471657929
BAD 282471657931
BAD 282674832413
BAD 282674832443
BAD 282674841703
BAD 282611704301
BAD 282592557043
BAD 282612488623
BAD 282675486383
BAD 282675486389
BAD 282675486391
BAD 282754374713
BAD 282754394677
BAD 282594059611
BAD 282755376227
BAD 282755376229
BAD 282492732343
BAD 282594503707
BAD 282551748013
BAD 282551748029
BAD 282551748049
BAD 282551748067
BAD 282551762833
BAD 282551762837
BAD 282526291321
BAD 282595081399
BAD 282493167277
BAD 282493226881
BAD 282474225433
BAD 282756692689
BAD 282553137211
BAD 282474613297
BAD 282757050187
BAD 282677882587
BAD 282677882593
BAD 282677882603
BAD 282596452111
BAD 282678172433
BAD 282757721003
BAD 282757815997
BAD 282527615693
BAD 282596986853
BAD 282554487923
BAD 282758514067
BAD 282678833029
BAD 282678833051
BAD 282494935321
BAD 282598749157
BAD 282759580783
BAD 282759580787
BAD 282759580793
BAD 282759580799
BAD 282759580801
BAD 282759580811
BAD 282599103079
BAD 282599103103
BAD 282529292527
BAD 282556251253
BAD 282556251259
BAD 282556251301
BAD 282529406023
BAD 282680079713
BAD 282599693549
BAD 282556759957
BAD 282529987921
BAD 282530431123
BAD 282530656351
BAD 282530656357
BAD 282600451921
BAD 282557292751
BAD 282761139523
BAD 282557769763
BAD 282761698699
BAD 282531668701
BAD 282761865203
BAD 282531748823
BAD 282558181253
BAD 282532110253
BAD 282532110257
BAD 282532110293
BAD 282683323777
BAD 282683323781
BAD 282683478289
BAD 282683478293
BAD 282479913697
BAD 282479913743
BAD 282479945807
BAD 282479945809
BAD 282763701769
BAD 282763701821
BAD 282763701823
BAD 282481456801
BAD 282481456819
BAD 282561629333
BAD 282562592869
BAD 282766530889
BAD 282766647277
BAD 282766647283
BAD 282766647287
BAD 282562922797
BAD 282767303011
BAD 282767303089
BAD 282563913901
BAD 282767761303
BAD 282618357883
BAD 282566827429
BAD 282619766293
BAD 282619827653
BAD 282619928263
BAD 282619928267
BAD 282619965193
BAD 282622133267
BAD 282718706749
BAD 282802473823
BAD 282685147013
BAD 282719329363
BAD 282719329367
BAD 282719329369
BAD 282625243643
BAD 282625514299
BAD 282625514309
BAD 282625930933
BAD 282626832263
BAD 282626832269
BAD 282720453721
BAD 282687470683
BAD 282687470701
BAD 282653257129
BAD 282653530277
BAD 282653530279
BAD 282653530283
BAD 282653530297
BAD 282653859269
BAD 282806016739
BAD 282806156783
BAD 282628415779
BAD 282689611349
BAD 282655571377
BAD 282628415791
BAD 282721834253
BAD 282807361847
BAD 282689848561
BAD 282807673979
BAD 282689954257
BAD 282807979133
BAD 282656305021
BAD 282629371111
BAD 282629371117
BAD 282629591641
BAD 282787747091
BAD 282787747093
BAD 282787773349
BAD 282787773517
BAD 282809280683
BAD 282787958779
BAD 282724154773
BAD 282788010469
BAD 282809460029
BAD 282692591689
BAD 282631187873
BAD 282809961983
BAD 282724741513
BAD 282659645407
BAD 282631840009
BAD 282631840013
BAD 282631840021
BAD 282701671019
BAD 282660377273
BAD 282701671027
BAD 282791065441
BAD 282725985109
BAD 282694421071
BAD 282810892921
BAD 282694421077
BAD 282632113571
BAD 282632113573
BAD 282632113583
BAD 282702227911
BAD 282726599977
BAD 282811341053
BAD 282811341077
BAD 282694977883
BAD 282694977889
BAD 282632492089
BAD 282791861507
BAD 282791861509
BAD 282702541427
BAD 282695240693
BAD 282726983093
BAD 282727187503
BAD 282702802441
BAD 282792336053
BAD 282727616791
BAD 282695798263
BAD 282728079841
BAD 282812484781
BAD 282703794953
BAD 282664294543
BAD 282794107171
BAD 282768424933
BAD 282728458223
BAD 282814462019
BAD 282768473041
BAD 282768473069
BAD 282664532827
BAD 282664532833
BAD 282664532849
BAD 282664532851
BAD 282700919363
BAD 282794617111
BAD 282729484201
BAD 282729537757
BAD 282729537763
BAD 282665975903
BAD 282704917463
BAD 282666129413
BAD 282729950791
BAD 282729950801
BAD 282729950803
BAD 282705202123
BAD 282705202127
BAD 282795686507
BAD 282795686533
BAD 282795686543
BAD 282795686549
BAD 282730220659
BAD 282816532753
BAD 282730989791
BAD 282796269607
BAD 282816532871
BAD 282666889643
BAD 282730989803
BAD 282666889669
BAD 282796308413
BAD 282770373583
BAD 282770373607
BAD 282816840287
BAD 282816840289
BAD 282816840301
BAD 282667187119
BAD 282770751719
BAD 282731571607
BAD 282731571611
BAD 282731571613
BAD 282707583517
BAD 282707583533
BAD 282731900093
BAD 282707870873
BAD 282797654519
BAD 282797654521
BAD 282797654551
BAD 282818545313
BAD 282772489763
BAD 282772489781
BAD 282733322119
BAD 282708954469
BAD 282708954481
BAD 282708954487
BAD 282798771197
BAD 282773465423
BAD 282798997913
BAD 282798997927
BAD 282709330471
BAD 282734334451
BAD 282709387469
BAD 282709387537
BAD 282734416511
BAD 282734416513
BAD 282799446781
BAD 282709593983
BAD 282709596629
BAD 282774487951
BAD 282774488077
BAD 282774488081
BAD 282774488083
BAD 282800439043
BAD 282775570267
BAD 282775795459
BAD 282800870399
BAD 282712268873
BAD 282777260191
BAD 282712670507
BAD 282712670509
BAD 282778772117
BAD 282778772119
BAD 282778772131
BAD 282779838493
BAD 282716264461
BAD 282716375393
BAD 282780111073
BAD 282716959771
BAD 282781028377
BAD 282717104129
BAD 282781382047
BAD 282781382069
BAD 282781382071
BAD 282781382083
BAD 282781582519
BAD 282781663369
BAD 282781990349
BAD 282783927499
BAD 282837841883
BAD 282838401631
BAD 282838815299
BAD 282839389099
BAD 282839671141
BAD 282839671159
BAD 282840208213
BAD 282840244207
BAD 282840551683
BAD 282840551689
BAD 282843284239
BAD 282818809853
BAD 282818809859
BAD 282820039171
BAD 282845649809
BAD 282845649811
BAD 282820691873
BAD 282820941763
BAD 282820941773
BAD 282847616047
BAD 282849288773
BAD 282826716091
BAD 282826716097
BAD 282826815151
BAD 282826815157
BAD 282828859679
BAD 282828859681
BAD 282850757617
BAD 282851001011
BAD 282851001049
BAD 282851001079
BAD 282829417337
BAD 282830390197
BAD 282830390203
BAD 282830663971
BAD 282830663987
BAD 282830663989
BAD 282830664001
BAD 282830664007
BAD 282830964343
BAD 282830964347
BAD 282830964349
BAD 282831354797
BAD 282831475711
BAD 282831475723
BAD 282831847607
BAD 282852144893
BAD 282852656153
BAD 282833474059
BAD 282833659747
BAD 282854693437
BAD 282855443753
BAD 282856074643
BAD 282856074647
BAD 282856074649
BAD 282857592769
BAD 282858718081
BAD 282859669121
BAD 282859669123
BAD 282859669129
BAD 282859832809
BAD 282860533457
BAD 282861161837
BAD 282861161839
BAD 282861687893
BAD 282863751593
BAD 282863910523
BAD 282866586019
BAD 283104708709
BAD 283105101791
BAD 283105101793
BAD 283003516069
BAD 283004011253
BAD 283004011273
BAD 283107116843
BAD 283004671601
BAD 283004671603
BAD 283004671627
BAD 283005129773
BAD 283109622967
BAD 283006464001
BAD 283109974859
BAD 283110148523
BAD 283110352859
BAD 283110352867
BAD 283110352933
BAD 283007084359
BAD 283007084363
BAD 283007936633
BAD 283008368641
BAD 283009331483
BAD 283009651213
BAD 283113706009
BAD 283114322221
BAD 283114502521
BAD 283115400991
BAD 283117255741
BAD 283117790723
BAD 283120013779
BAD 283011241369
BAD 283120301059
BAD 283011411803
BAD 283011411817
BAD 283011663773
BAD 283011729241
BAD 283011729257
BAD 283020224401
BAD 283020224411
BAD 283020224413
BAD 283012016393
BAD 283020892279
BAD 283020892283
BAD 283021681729
BAD 283013907131
BAD 283013907133
BAD 283013907139
BAD 282871357633
BAD 282885935333
BAD 282872113471
BAD 283014913189
BAD 282874101023
BAD 283024031239
BAD 283024031243
BAD 282888756737
BAD 282888756739
BAD 282888825733
BAD 283024556333
BAD 283018552823
BAD 283018552829
BAD 282875706649
BAD 282875706661
BAD 283019221943
BAD 283025569789
BAD 283025569843
BAD 283025947487
BAD 283025947489
BAD 283025947493
BAD 282890658607
BAD 282890658629
BAD 283026836501
BAD 283026836503
BAD 283026836507
BAD 283026903553
BAD 283026903563
BAD 283027645783
BAD 283027645787
BAD 283028070439
BAD 283028070443
BAD 282893145217
BAD 282893145229
BAD 282893145239
BAD 282893145257
BAD 282893145259
BAD 282893145263
BAD 282893989159
BAD 282893989163
BAD 282893989201
BAD 282903205759
BAD 282903205777
BAD 282894746753
BAD 282894746773
BAD 282894746789
BAD 282894746791
BAD 282894910117
BAD 282877797011
BAD 282877828853
BAD 282877828859
BAD 282896582911
BAD 282896634541
BAD 282896634613
BAD 282877977847
BAD 282898978997
BAD 282899433743
BAD 282881064797
BAD 282881485363
BAD 283030600763
BAD 282908384533
BAD 282908690593
BAD 282902251273
BAD 283071453461
BAD 283071453463
BAD 283071453701
BAD 283071453703
BAD 283071453713
BAD 283032174331
BAD 283032375449
BAD 283072036903
BAD 282910492693
BAD 282910492703
BAD 283072533707
BAD 283072533713
BAD 283072554811
BAD 283072657669
BAD 283072657687
BAD 283072657691
BAD 283033996969
BAD 282883196069
BAD 283036722361
BAD 283073389609
BAD 282953328571
BAD 283034793247
BAD 282953328631
BAD 282953328641
BAD 282913562179
BAD 282883367101
BAD 282913868273
BAD 282913868311
BAD 282913868317
BAD 283035535999
BAD 283037500313
BAD 283037500321
BAD 283035625471
BAD 282914432179
BAD 282914432183
BAD 282954384697
BAD 282954849913
BAD 282915006733
BAD 282955047863
BAD 283038483053
BAD 282884423879
BAD 282884423881
BAD 282955236523
BAD 283038693739
BAD 283075328407
BAD 283075328411
BAD 283075328413
BAD 282915832327
BAD 283075971511
BAD 283039388761
BAD 282915832333
BAD 282915832403
BAD 282915945691
BAD 282956835023
BAD 282957266453
BAD 283076715301
BAD 283076715307
BAD 283077111199
BAD 283041068483
BAD 283077762833
BAD 283041734203
BAD 282959059249
BAD 282959059267
BAD 282959059343
BAD 282959059351
BAD 283079369101
BAD 283079369107
BAD 283079369113
BAD 283079369117
BAD 283079369119
BAD 283079369123
BAD 283043490347
BAD 283043490349
BAD 283080063041
BAD 282918894551
BAD 282918894553
BAD 283043848823
BAD 282961354057
BAD 283044247417
BAD 282961580543
BAD 283045359943
BAD 283081587889
BAD 283081587913
BAD 282962379373
BAD 282919907219
BAD 283045993337
BAD 283045993361
BAD 283045993367
BAD 283045993369
BAD 282936073669
BAD 283046296459
BAD 283046296517
BAD 282963051233
BAD 282963097243
BAD 282963097247
BAD 282963097253
BAD 282963357451
BAD 282988123037
BAD 282988123039
BAD 282988211203
BAD 283047388571
BAD 283047388573
BAD 283047388643
BAD 282936813053
BAD 282936813091
BAD 282988662967
BAD 282989263261
BAD 282989264573
BAD 282971627767
BAD 282940680557
BAD 283084321573
BAD 283049319689
BAD 282940680559
BAD 282965627653
BAD 282940680563
BAD 282989264581
BAD 282965627689
BAD 282922509323
BAD 282989299277
BAD 282989299279
BAD 282989299283
BAD 282971758777
BAD 282971810467
BAD 282989518157
BAD 282989518159
BAD 282941000863
BAD 283084850093
BAD 282923122177
BAD 282972378319
BAD 282972378331
BAD 282941365319
BAD 282941365321
BAD 283050041783
BAD 283050041863
BAD 282941847977
BAD 282941847983
BAD 282941869643
BAD 283050228589
BAD 283086180079
BAD 282943265887
BAD 282924124403
BAD 282990831037
BAD 282924124411
BAD 282973570301
BAD 282973570303
BAD 282967452433
BAD 283050313267
BAD 283050352103
BAD 283050352111
BAD 283053482191
BAD 283053731021
BAD 282924825983
BAD 283086610327
BAD 283054193899
BAD 283051583539
BAD 283051583543
BAD 282944721973
BAD 283054923713
BAD 282975004549
BAD 282975004553
BAD 282925964513
BAD 282975326749
BAD 282945474991
BAD 282945475009
BAD 282945578879
BAD 283055767549
BAD 282975703891
BAD 283056011743
BAD 283056011747
BAD 282976016513
BAD 282994132249
BAD 282946881827
BAD 282946881829
BAD 282976414207
BAD 282976486759
BAD 282976486763
BAD 282976657063
BAD 282994991899
BAD 282994991911
BAD 282995053531
BAD 282928480951
BAD 283057334783
BAD 283057358677
BAD 283057358743
BAD 282948246089
BAD 282948246131
BAD 282930223591
BAD 283120566241
BAD 283058641381
BAD 282979335433
BAD 283059059749
BAD 283059059753
BAD 283059059761
BAD 283059059771
BAD 283121604223
BAD 283121604229
BAD 282997020871
BAD 283059187003
BAD 282979788407
BAD 282979788409
BAD 282950039753
BAD 282950039759
BAD 282950039761
BAD 282950145113
BAD 282950145131
BAD 282932246881
BAD 282997967977
BAD 282932448439
BAD 283122990907
BAD 283123012103
BAD 283123012111
BAD 282981150251
BAD 282981150253
BAD 282951403703
BAD 282951403711
BAD 282998402293
BAD 282951458963
BAD 283123458313
BAD 282933883249
BAD 282933999893
BAD 282933999899
BAD 283060776091
BAD 282952266589
BAD 282934474313
BAD 282934474321
BAD 283123969259
BAD 282999342053
BAD 283061238451
BAD 283061238463
BAD 282983988047
BAD 282952764023
BAD 282983988059
BAD 283124318723
BAD 282935668681
BAD 283001213413
BAD 282984478213
BAD 282984478219
BAD 282984478223
BAD 282984478229
BAD 283061750857
BAD 283061750869
BAD 283125114817
BAD 283125114829
BAD 283125114841
BAD 283125381841
BAD 283125874963
BAD 283126065227
BAD 283002561287
BAD 283002615653
BAD 282985966121
BAD 282985966129
BAD 283002737957
BAD 283002737959
BAD 283063034609
BAD 283063034629
BAD 283002896663
BAD 283127751007
BAD 283127751031
BAD 283127796937
BAD 283154497547
BAD 283064768747
BAD 283065337453
BAD 283156360471
BAD 283066306321
BAD 283129232179
BAD 283156445339
BAD 283066398661
BAD 283156573019
BAD 283129360561
BAD 283129360589
BAD 283066517663
BAD 283137781273
BAD 283087324769
BAD 283087324771
BAD 283087324867
BAD 283087324873
BAD 283087324879
BAD 283087416853
BAD 283157670461
BAD 283157670463
BAD 283157670473
BAD 283157670479
BAD 283138051013
BAD 283087572743
BAD 283130325859
BAD 283087797977
BAD 283087797997
BAD 283087892851
BAD 283068446753
BAD 283088758261
BAD 283159116349
BAD 283089279799
BAD 283171095593
BAD 283171293421
BAD 283089770549
BAD 283069703363
BAD 283069703369
BAD 283140038047
BAD 283132804783
BAD 283132962059
BAD 283132962061
BAD 283133449771
BAD 283141650241
BAD 283141771573
BAD 283092384983
BAD 283173720023
BAD 283093161983
BAD 283093161991
BAD 283093163011
BAD 283163734969
BAD 283143397651
BAD 283135291459
BAD 283135291463
BAD 283144109489
BAD 283094497261
BAD 283164970397
BAD 283165295929
BAD 283175422597
BAD 283165649513
BAD 283175532799
BAD 283175532803
BAD 283095767419
BAD 283166220797
BAD 283096420661
BAD 283166676943
BAD 283176734131
BAD 283097134577
BAD 283146746963
BAD 283177132261
BAD 283147121027
BAD 283147121029
BAD 283167513157
BAD 283167615967
BAD 283167616009
BAD 283167863863
BAD 283167863921
BAD 283204867817
BAD 283204867819
BAD 283204867823
BAD 283205099843
BAD 283168435219
BAD 283168435223
BAD 283179467749
BAD 283179467759
BAD 283179467761
BAD 283180022249
BAD 283180319047
BAD 283100796551
BAD 283170412249
BAD 283101465743
BAD 283181574983
BAD 283151539441
BAD 283181575163
BAD 283151814859
BAD 283151930911
BAD 283151930917
BAD 283151930927
BAD 283170741853
BAD 283210361387
BAD 283210361389
BAD 283210361393
BAD 283182085171
BAD 283190778583
BAD 283190778587
BAD 283190778589
BAD 283190778593
BAD 283102201307
BAD 283102201309
BAD 283102201313
BAD 283182725863
BAD 283103157299
BAD 283103157301
BAD 283192469509
BAD 283192469513
BAD 283184468731
BAD 283211630773
BAD 283211630777
BAD 283192696141
BAD 283192696177
BAD 283211942093
BAD 283185361919
BAD 283185885139
BAD 283186078673
BAD 283212844027
BAD 283213034017
BAD 283213034023
BAD 283213034033
BAD 283186964657
BAD 283194886369
BAD 283194911323
BAD 283187516933
BAD 283195604569
BAD 283196095801
BAD 283197034459
BAD 283214739113
BAD 283198653541
BAD 283198653571
BAD 283198653581
BAD 283216465417
BAD 283200292103
BAD 283200564847
BAD 283200578933
BAD 283200578939
BAD 283217180963
BAD 283217180989
BAD 283217180993
BAD 283217181001
BAD 283201292873
BAD 283201627213
BAD 283218746773
BAD 283201627229
BAD 283219274101
BAD 283202466683
BAD 283203021109
BAD 283220841157
BAD 283203411739
BAD 283221208541
BAD 283221208609
BAD 283203918623
BAD 283203918637
BAD 283222724611
BAD 283223020471
BAD 283223020499
BAD 283223020501
BAD 283223020523
BAD 283223769233
BAD 283225626979
BAD 283227324103
BAD 283228051763
BAD 283228775051
BAD 283228775059
BAD 283229346263
BAD 283230017857
BAD 283232199499
BAD 283232231003
BAD 283232473637
BAD 283233826703
BAD 283234207037
BAD 283235114353
BAD 283237802467
BAD 283238900369
BAD 283238954309
BAD 283238954311
BAD 283239344161
BAD 283240969013
BAD 283240969019
BAD 283240969021
BAD 283241608553
BAD 283241749673
BAD 283242006331
BAD 283242006337
BAD 283242264829
BAD 283243147711
BAD 283245280537
BAD 283245280541
BAD 283245280543
BAD 283245496769
BAD 283252022891
BAD 283252521883
BAD 283253578429
BAD 283253775751
BAD 283253839733
BAD 283254035069
BAD 283254079651
BAD 283254079657
BAD 283254079681
BAD 283254553727
BAD 283255864279
BAD 283255892989
BAD 283255892993
BAD 283256257483
BAD 283256501041
BAD 283258044833
BAD 283258044859
BAD 283258974643
BAD 283261565659
BAD 283261907899
BAD 283262617867
BAD 283262617877
BAD 283262617879
BAD 283262617909
BAD 283266815129
BAD 283266815131
BAD 283266815147
BAD 283266815149
BAD 283266845513
BAD 283267747123
BAD 283267747127
BAD 283267747129
BAD 283267828457
BAD 283269877027
BAD 283270015087
BAD 283270772237
BAD 283270772243
BAD 283270839853
BAD 283270839857
BAD 283272115213
BAD 283272370781
BAD 283272370813
BAD 283272370817
BAD 283272370819
BAD 283272370841
BAD 283273367653
BAD 283273367659
BAD 283273549387
BAD 283273549393
BAD 283288510741
BAD 283288510819
BAD 283288510823
BAD 283292520809
BAD 283293168271
BAD 283294579069
BAD 283295497501
BAD 283278241759
BAD 283295974069
BAD 283279920661
BAD 283297565389
BAD 283280621761
BAD 283300472513
BAD 283300656487
BAD 283301850763
BAD 283303024639
BAD 283303024643
BAD 283303820299
BAD 283282096759
BAD 283304530921
BAD 283304701921
BAD 283282730539
BAD 283283131343
BAD 283284661007
BAD 283284661021
BAD 283285342649
BAD 283285342651
BAD 283285342657
BAD 283286357071
BAD 283287706553
BAD 283287706579
BAD 283305716209
BAD 283305716257
BAD 283305739793
BAD 283305739799
BAD 283305991403
BAD 283306160177
BAD 283306260343
BAD 283306663009
BAD 283422662119
BAD 283422846103
BAD 283309644031
BAD 283424223149
BAD 283424223167
BAD 283424223169
BAD 283310344153
BAD 283310344157
BAD 283310344159
BAD 283310602723
BAD 283425280013
BAD 283425800509
BAD 283312279541
BAD 283312279543
BAD 283426908461
BAD 283313690003
BAD 283313907221
BAD 283314474167
BAD 283314474169
BAD 283314474173
BAD 283314474181
BAD 283314608123
BAD 283316760557
BAD 283316841263
BAD 283317004519
BAD 283317435343
BAD 283317435397
BAD 283317559477
BAD 283317559487
BAD 283317559537
BAD 283317559561
BAD 283321670563
BAD 283321819189
BAD 283431236993
BAD 283431338089
BAD 283432424689
BAD 283432491079
BAD 283432835957
BAD 283433137357
BAD 283433137363
BAD 283433157289
BAD 283433261899
BAD 283434007421
BAD 283434709973
BAD 283434970801
BAD 283475338387
BAD 283435231291
BAD 283435514419
BAD 283475929643
BAD 283475929663
BAD 283436146339
BAD 283437242113
BAD 283439127641
BAD 283322872709
BAD 283479894391
BAD 283480355033
BAD 283481288437
BAD 283481288443
BAD 283481669719
BAD 283481669743
BAD 283481669771
BAD 283481669773
BAD 283324906703
BAD 283482175247
BAD 283482293041
BAD 283482803137
BAD 283357125343
BAD 283357125379
BAD 283357269859
BAD 283326354361
BAD 283357735189
BAD 283357762553
BAD 283357860073
BAD 283357860083
BAD 283484455741
BAD 283406420161
BAD 283329399019
BAD 283358059937
BAD 283329437693
BAD 283358149651
BAD 283358568151
BAD 283330290193
BAD 283330290227
BAD 283330290263
BAD 283331159393
BAD 283331159399
BAD 283408679273
BAD 283331921603
BAD 283332179239
BAD 283409472211
BAD 283359950101
BAD 283360225039
BAD 283456408247
BAD 283333006037
BAD 283487977741
BAD 283410649831
BAD 283410649843
BAD 283488185683
BAD 283457567719
BAD 283333335427
BAD 283334496799
BAD 283413185953
BAD 283413185963
BAD 283334735869
BAD 283334753137
BAD 283413655309
BAD 283461098279
BAD 283363852159
BAD 283334835533
BAD 283335183647
BAD 283414289387
BAD 283414289401
BAD 283414387609
BAD 283414387621
BAD 283335872431
BAD 283335872437
BAD 283335872447
BAD 283336024333
BAD 283462493273
BAD 283489753193
BAD 283489992029
BAD 283489992031
BAD 283415244773
BAD 283336773919
BAD 283462787527
BAD 283372506889
BAD 283373078983
BAD 283373078987
BAD 283463526083
BAD 283491415877
BAD 283492080737
BAD 283492110991
BAD 283367554453
BAD 283492964201
BAD 283492964203
BAD 283492964207
BAD 283492997297
BAD 283492997299
BAD 283492997303
BAD 283417729687
BAD 283493164069
BAD 283493164079
BAD 283493164081
BAD 283493221493
BAD 283375226699
BAD 283418183249
BAD 283369262131
BAD 283375879229
BAD 283375879231
BAD 283418707823
BAD 283419311899
BAD 283465614259
BAD 283465847479
BAD 283370137207
BAD 283377655753
BAD 283420128059
BAD 283420128071
BAD 283495137859
BAD 283466503303
BAD 283466503433
BAD 283466759959
BAD 283466759963
BAD 283495449823
BAD 283495449833
BAD 283370972431
BAD 283467098087
BAD 283371131053
BAD 283379582747
BAD 283380253829
BAD 283380253831
BAD 283380288913
BAD 283496843843
BAD 283496961049
BAD 283381065713
BAD 283497378139
BAD 283498021073
BAD 283468651489
BAD 283468651493
BAD 283383743683
BAD 283383743689
BAD 283383743693
BAD 283557299611
BAD 283384172917
BAD 283384172933
BAD 283469600593
BAD 283384548571
BAD 283469977963
BAD 283500405509
BAD 283500405511
BAD 283500427723
BAD 283385160067
BAD 283385160133
BAD 283558705583
BAD 283559331199
BAD 283523980031
BAD 283386312709
BAD 283524911809
BAD 283471553551
BAD 283386312739
BAD 283503301229
BAD 283503301231
BAD 283503538757
BAD 283503538763
BAD 283503538771
BAD 283471831927
BAD 283387306457
BAD 283387306459
BAD 283387574711
BAD 283387574753
BAD 283387981013
BAD 283387981039
BAD 283504936619
BAD 283504936621
BAD 283527008837
BAD 283527008839
BAD 283505212129
BAD 283527107093
BAD 283388936617
BAD 283527600253
BAD 283527600259
BAD 283563212363
BAD 283527969383
BAD 283563674609
BAD 283528167409
BAD 283528990033
BAD 283565740319
BAD 283565740321
BAD 283529984233
BAD 283566251161
BAD 283531272979
BAD 283531643047
BAD 283531643051
BAD 283531643053
BAD 283532928233
BAD 283532928241
BAD 283569180379
BAD 283570185649
BAD 283534558849
BAD 283575048529
BAD 283507217527
BAD 283570862383
BAD 283508217017
BAD 283536324571
BAD 283536324583
BAD 283536389729
BAD 283571221579
BAD 283508572777
BAD 283508572793
BAD 283508880833
BAD 283577686211
BAD 283577686213
BAD 283577697317
BAD 283577913709
BAD 283577913713
BAD 283540199911
BAD 283578061313
BAD 283509627823
BAD 283572029779
BAD 283389201049
BAD 283579398131
BAD 283573042253
BAD 283390108609
BAD 283390108621
BAD 283390108627
BAD 283573466753
BAD 283390440677
BAD 283390568299
BAD 283390568303
BAD 283542831983
BAD 283390943503
BAD 283580524063
BAD 283539089963
BAD 283543140977
BAD 283580669863
BAD 283391189629
BAD 283391516887
BAD 283391741621
BAD 283543867861
BAD 283581205199
BAD 283392126643
BAD 283544841451
BAD 283393218991
BAD 283393325539
BAD 283393325543
BAD 283393649129
BAD 283545410341
BAD 283545410363
BAD 283582394761
BAD 283515185167
BAD 283515185179
BAD 283515185183
BAD 283582568429
BAD 283582568431
BAD 283545802531
BAD 283583388769
BAD 283583388773
BAD 283546833649
BAD 283546860577
BAD 283547132663
BAD 283547132723
BAD 283583669069
BAD 283583669071
BAD 283516779853
BAD 283516884373
BAD 283516884383
BAD 283547628139
BAD 283607250203
BAD 283517348753
BAD 283439567549
BAD 283607650783
BAD 283607650787
BAD 283607650789
BAD 283517855927
BAD 283584816173
BAD 283584816181
BAD 283584816187
BAD 283584941209
BAD 283397298817
BAD 283440837139
BAD 283440837149
BAD 283519118767
BAD 283519118783
BAD 283519693937
BAD 283519693939
BAD 283519693943
BAD 283441892093
BAD 283441892101
BAD 283441892119
BAD 283609655909
BAD 283550300503
BAD 283609726681
BAD 283609726693
BAD 283609726711
BAD 283609726759
BAD 283442258713
BAD 283550487307
BAD 283550487329
BAD 283550487331
BAD 283399084343
BAD 283591868743
BAD 283586743987
BAD 283442688209
BAD 283442688211
BAD 283610194597
BAD 283399512629
BAD 283399512631
BAD 283592263819
BAD 283551317459
BAD 283399542211
BAD 283399542229
BAD 283399542233
BAD 283399542241
BAD 283592533753
BAD 283592533771
BAD 283399918189
BAD 283587945143
BAD 283592755111
BAD 283588506269
BAD 283624149673
BAD 283400384219
BAD 283611508021
BAD 283624351963
BAD 283624351973
BAD 283522090837
BAD 283624481551
BAD 283588937041
BAD 283588937057
BAD 283593611663
BAD 283552849841
BAD 283552849849
BAD 283552849861
BAD 283593672463
BAD 283589076263
BAD 283553079913
BAD 283553079923
BAD 283553215973
BAD 283594751449
BAD 283612127551
BAD 283553476379
BAD 283553476387
BAD 283595000677
BAD 283446268177
BAD 283595000707
BAD 283595000723
BAD 283626083627
BAD 283626083633
BAD 283554197293
BAD 283613069353
BAD 283447187851
BAD 283402855223
BAD 283402963457
BAD 283402963463
BAD 283447742243
BAD 283447742257
BAD 283447742261
BAD 283555287409
BAD 283595800841
BAD 283595801149
BAD 283595801161
BAD 283627188857
BAD 283627563521
BAD 283448920621
BAD 283449098221
BAD 283449098227
BAD 283628036231
BAD 283628036233
BAD 283614931007
BAD 283614931009
BAD 283614931013
BAD 283404719327
BAD 283404772891
BAD 283597683571
BAD 283615051571
BAD 283615184603
BAD 283615184617
BAD 283615184621
BAD 283615184623
BAD 283615237733
BAD 283629688939
BAD 283630697851
BAD 283599618121
BAD 283452858541
BAD 283452858547
BAD 283618389683
BAD 283618389689
BAD 283618492279
BAD 283619555773
BAD 283619555783
BAD 283455726383
BAD 283633610261
BAD 283603109203
BAD 283603857233
BAD 283603857239
BAD 283603857241
BAD 283620936359
BAD 283620936371
BAD 283620936373
BAD 283604808769
BAD 283604856617
BAD 283605100861
BAD 283635527269
BAD 283637694619
BAD 283637738563
BAD 283657673029
BAD 283658277211
BAD 283658301403
BAD 283659113147
BAD 283659113149
BAD 283659342061
BAD 283338907403
BAD 283338907409
BAD 283659902041
BAD 283660790461
BAD 283339963969
BAD 283339963979
BAD 283339963981
BAD 283339964003
BAD 283661091871
BAD 283661235313
BAD 283340543393
BAD 283340737261
BAD 283662310583
BAD 283340964833
BAD 283341053273
BAD 283664839537
BAD 283343557817
BAD 283343557823
BAD 283665181403
BAD 283666232581
BAD 283666232587
BAD 283346092949
BAD 283346092951
BAD 283667039609
BAD 283667039611
BAD 283667534011
BAD 283346868319
BAD 283346868323
BAD 283346868341
BAD 283668283519
BAD 283668641833
BAD 283668913973
BAD 283668913987
BAD 283668913991
BAD 283668913993
BAD 283669276843
BAD 283670526583
BAD 283670526599
BAD 283671348661
BAD 283672088573
BAD 283672191053
BAD 283672273193
BAD 283672273201
BAD 283672273211
BAD 283672605553
BAD 283672605571
BAD 283673116801
BAD 283349376337
BAD 283349878921
BAD 283349878927
BAD 283352213423
BAD 283352358109
BAD 283352358127
BAD 283352358143
BAD 283352358151
BAD 283352358161
BAD 283353352069
BAD 283354397761
BAD 283641357763
BAD 283643146823
BAD 283643187601
BAD 283648167079
BAD 283648568887
BAD 283650578087
BAD 283650578111
BAD 283650578131
BAD 283650578137
BAD 283651302967
BAD 283653733763
BAD 283653733771
BAD 283654068757
BAD 283654068829
BAD 283654512529
BAD 283655662501
BAD 283674515963
BAD 283675945439
BAD 283675945453
BAD 283676223541
BAD 283676603071
BAD 283678777729
BAD 283679079647
BAD 283679079689
BAD 283680058729
BAD 283680418603
BAD 283683317681
BAD 283683317683
BAD 283687901773
BAD 283687901779
BAD 283688844451
BAD 283689079913
BAD 283689079951
BAD 283690799159
BAD 283693670707
BAD 283694823199
BAD 283695541313
BAD 283695842839
BAD 283695877357
BAD 283698248929
BAD 283698566563
BAD 283698784367
BAD 283698925903
BAD 283699621613
BAD 283727919499
BAD 283700288701
BAD 283700384101
BAD 283700886047
BAD 283701452207
BAD 283729794479
BAD 283702003073
BAD 283730005261
BAD 283730154613
BAD 283702350593
BAD 283702350649
BAD 283730370601
BAD 283730824813
BAD 283731126541
BAD 283731126557
BAD 283704756373
BAD 283733357249
BAD 283733357251
BAD 283706377793
BAD 283706613271
BAD 283708350293
BAD 283709439457
BAD 283709494183
BAD 283735699453
BAD 283709932783
BAD 283709932789
BAD 283736366239
BAD 283710371557
BAD 283712006533
BAD 283714089889
BAD 283715306389
BAD 283715689339
BAD 283717205573
BAD 283717279513
BAD 283717401631
BAD 283738571731
BAD 283738571737
BAD 283738648759
BAD 283739123461
BAD 283720721939
BAD 283720721941
BAD 283740060691
BAD 283740060697
BAD 283722015433
BAD 283722604447
BAD 283762468321
BAD 283762668517
BAD 283723703993
BAD 283763900443
BAD 283764390977
BAD 283764390979
BAD 283764585593
BAD 283724515861
BAD 283764819917
BAD 283765750819
BAD 283765836383
BAD 283765987471
BAD 283766900803
BAD 283768686283
BAD 283769853589
BAD 283770420751
BAD 283772553619
BAD 283773914797
BAD 283774796183
BAD 284010317099
BAD 284027424091
BAD 284010900013
BAD 284027946793
BAD 284027994709
BAD 284027994721
BAD 284011537807
BAD 283809475951
BAD 284029576819
BAD 284029576823
BAD 284029743343
BAD 284029814207
BAD 284029814209
BAD 284029814213
BAD 284029814219
BAD 284029814221
BAD 284029856443
BAD 284030209849
BAD 283811425243
BAD 283812559453
BAD 283812590011
BAD 284031569099
BAD 284015543551
BAD 284015900173
BAD 283814140277
BAD 283814140279
BAD 283814140283
BAD 283814378273
BAD 283814378279
BAD 284033660569
BAD 284017254061
BAD 284017291807
BAD 284034029749
BAD 284034029753
BAD 284017321591
BAD 283815172393
BAD 284018674369
BAD 283817156537
BAD 283817156551
BAD 283817156561
BAD 283817156563
BAD 284036125627
BAD 284036125643
BAD 284036125691
BAD 284036217473
BAD 283817401051
BAD 284019682943
BAD 284019682949
BAD 284036603173
BAD 284036699437
BAD 283742856653
BAD 284061624617
BAD 284061624619
BAD 283742943139
BAD 284061808579
BAD 283743066109
BAD 284020368901
BAD 284037396493
BAD 283743493219
BAD 284063573539
BAD 284021609227
BAD 283744293593
BAD 283820318081
BAD 284041219703
BAD 284067625003
BAD 284067625007
BAD 284041219711
BAD 283744547297
BAD 283744547299
BAD 284068120253
BAD 284068120261
BAD 283776032347
BAD 284041931993
BAD 284041932017
BAD 284041932019
BAD 284041932023
BAD 284041969039
BAD 284042202667
BAD 284042602453
BAD 284042602457
BAD 284042602463
BAD 283821499651
BAD 283776997961
BAD 283746181919
BAD 283746181921
BAD 284022604433
BAD 284022604441
BAD 283822924421
BAD 283822924457
BAD 283822924459
BAD 284070965137
BAD 284023212409
BAD 284023212467
BAD 283779574313
BAD 283748107637
BAD 284071084867
BAD 283748107639
BAD 284023212469
BAD 283823827103
BAD 283748210453
BAD 284023335023
BAD 283824371071
BAD 283780115629
BAD 283824397099
BAD 284072010067
BAD 284072075057
BAD 283824734777
BAD 283824734779
BAD 284072149663
BAD 284072149681
BAD 284023955273
BAD 284072952379
BAD 284073022417
BAD 283749396037
BAD 283749396043
BAD 284043360739
BAD 284043360743
BAD 283750066393
BAD 284074368037
BAD 284074368049
BAD 284044008889
BAD 284044008893
BAD 284044064893
BAD 283782272453
BAD 283750606831
BAD 284074487869
BAD 284044445273
BAD 283782926191
BAD 283751442539
BAD 284075478529
BAD 283752370019
BAD 283752370021
BAD 284075970091
BAD 284075970097
BAD 284046176233
BAD 284046176237
BAD 283795218143
BAD 283754361271
BAD 283795533751
BAD 283795533761
BAD 283755075503
BAD 283755075509
BAD 284047226833
BAD 283787352019
BAD 283755584447
BAD 283755584449
BAD 283787626849
BAD 283787847757
BAD 284047613503
BAD 284047613513
BAD 284047613519
BAD 284047613537
BAD 284047613539
BAD 284047778563
BAD 283756687939
BAD 283797133811
BAD 283797449603
BAD 283757296807
BAD 283757296819
BAD 283757296853
BAD 283757296861
BAD 284048846903
BAD 283790005027
BAD 283790005043
BAD 284049634769
BAD 284049634777
BAD 284049634787
BAD 283965336773
BAD 284050010161
BAD 284050010183
BAD 283966004521
BAD 283966004527
BAD 283966004533
BAD 283966004537
BAD 283966004563
BAD 283799028901
BAD 284050652341
BAD 284050694027
BAD 284050694029
BAD 284050694033
BAD 284051006587
BAD 284051006593
BAD 284051006599
BAD 284051006611
BAD 284051006623
BAD 283800117053
BAD 283860147229
BAD 283967740261
BAD 284051679031
BAD 283967916539
BAD 283967916541
BAD 283968106337
BAD 283861181209
BAD 283861181213
BAD 283861181221
BAD 283968458101
BAD 283861548391
BAD 283861915567
BAD 283861915573
BAD 283861915583
BAD 283802097149
BAD 283802097151
BAD 283802097157
BAD 283802097223
BAD 283802097233
BAD 284053139543
BAD 284053139549
BAD 284053139551
BAD 283969256161
BAD 283969798067
BAD 283969798069
BAD 283969798081
BAD 283969803043
BAD 283803344821
BAD 283862944147
BAD 284053824247
BAD 283803548503
BAD 284054135273
BAD 284054135279
BAD 283863471121
BAD 283863498563
BAD 284054478713
BAD 283970957659
BAD 283805036639
BAD 283806057361
BAD 283972922773
BAD 283972922777
BAD 283866462409
BAD 283973517439
BAD 283973850143
BAD 283867952923
BAD 283975571599
BAD 283975571603
BAD 283975571611
BAD 283975941989
BAD 284058041479
BAD 284058074593
BAD 284058074647
BAD 284058074659
BAD 284058150613
BAD 284058151217
BAD 284058151219
BAD 283870140613
BAD 284059358993
BAD 283870549913
BAD 283870650997
BAD 283870651027
BAD 283870651033
BAD 283870651201
BAD 283874096629
BAD 283874096633
BAD 283909107737
BAD 283909107739
BAD 283909107743
BAD 283909286237
BAD 283909801289
BAD 283909801291
BAD 283875079531
BAD 283875500089
BAD 283911401693
BAD 283911470933
BAD 283911470939
BAD 283993606619
BAD 283993859593
BAD 283912232059
BAD 283912232063
BAD 283993942831
BAD 283993979363
BAD 283993979377
BAD 283912424359
BAD 283943362693
BAD 283943682301
BAD 283995987269
BAD 283914416719
BAD 283995987271
BAD 283996339111
BAD 283996689637
BAD 283915600369
BAD 283916396147
BAD 283892721043
BAD 283916396149
BAD 283946679859
BAD 283892873749
BAD 283916551643
BAD 283997722937
BAD 283997722949
BAD 283916997779
BAD 283893347693
BAD 283893347701
BAD 283947338789
BAD 283947338791
BAD 283947384121
BAD 283947444523
BAD 283998513959
BAD 283998513961
BAD 283948145339
BAD 283999133843
BAD 283894847713
BAD 283843920013
BAD 283843920029
BAD 283949051909
BAD 283844410973
BAD 283949573503
BAD 283949573507
BAD 283896335617
BAD 283918976953
BAD 283918976963
BAD 283918976993
BAD 283918977019
BAD 283918977029
BAD 283918977031
BAD 283919780699
BAD 283950754951
BAD 283950781073
BAD 283846284229
BAD 283920325121
BAD 283920325123
BAD 283897935557
BAD 283951005061
BAD 283897983079
BAD 283846583443
BAD 283920632167
BAD 283898208491
BAD 283898208493
BAD 283898208497
BAD 283898208499
BAD 283898312197
BAD 283921149179
BAD 284002363553
BAD 284002363559
BAD 284003094127
BAD 284003094157
BAD 284003094161
BAD 283922254129
BAD 283848583703
BAD 283977866113
BAD 283954594309
BAD 284004117053
BAD 283900205657
BAD 283848659257
BAD 283900279787
BAD 284004246679
BAD 284004757973
BAD 283922893763
BAD 284004840661
BAD 284004851027
BAD 284004851029
BAD 284004894689
BAD 284004894713
BAD 284004968813
BAD 283978411447
BAD 283978411501
BAD 283978411513
BAD 283849570093
BAD 283923550333
BAD 283901771963
BAD 283901771977
BAD 283902921199
BAD 283851326401
BAD 284007092339
BAD 284007133849
BAD 283957823497
BAD 283903427629
BAD 283957872983
BAD 283925295037
BAD 283852018913
BAD 284007665177
BAD 283904125369
BAD 283852411589
BAD 283904125387
BAD 283852569229
BAD 283905072211
BAD 283905197431
BAD 283906241351
BAD 283906241371
BAD 283854950461
BAD 283906928009
BAD 283907012387
BAD 283855360699
BAD 283855360739
BAD 283855360741
BAD 283983330811
BAD 283983517501
BAD 283983790333
BAD 283857017033
BAD 283984266157
BAD 283984266199
BAD 283984266217
BAD 283858133263
BAD 283925896453
BAD 283926781927
BAD 283986601957
BAD 283986789019
BAD 283986789041
BAD 283988383177
BAD 283988383181
BAD 283929595721
BAD 283929595723
BAD 283989231649
BAD 283989231653
BAD 283989231661
BAD 283930322353
BAD 283930960777
BAD 283990067093
BAD 283990808383
BAD 283990808401
BAD 283990975439
BAD 283991367391
BAD 283932600937
BAD 283932628163
BAD 283992633443
BAD 283825306049
BAD 283825769221
BAD 283936231099
BAD 283936277179
BAD 283936453781
BAD 283937469559
BAD 283938500113
BAD 283938583583
BAD 283828415707
BAD 283828415713
BAD 283829962237
BAD 283939885981
BAD 283940679053
BAD 283832272013
BAD 283942077493
BAD 283876181539
BAD 283876181543
BAD 283832499889
BAD 283832499893
BAD 283942450697
BAD 283942450699
BAD 283942450703
BAD 283942450741
BAD 283877061571
BAD 283877531123
BAD 283833669739
BAD 283878255721
BAD 283834362083
BAD 283834362089
BAD 283879278679
BAD 283879278757
BAD 283837010671
BAD 283837144823
BAD 283837564099
BAD 283837564103
BAD 283838168039
BAD 283838168113
BAD 283838168129
BAD 283838168149
BAD 283839677041
BAD 283883775031
BAD 283883775037
BAD 283840150801
BAD 283885214759
BAD 283885409989
BAD 283840463759
BAD 283840463761
BAD 283840824859
BAD 283885916837
BAD 283841620877
BAD 283841620891
BAD 283841735633
BAD 283841735641
BAD 283841735659
BAD 283841735663
BAD 283887134273
BAD 283887447871
BAD 283889753281
BAD 283890465487
BAD 283890465503
BAD 283890465511
BAD 283890465517
BAD 283890699319
BAD 283890843217
BAD 283891255873
BAD 283891255877
BAD 283891698133
BAD 284078569223
BAD 284079371119
BAD 284079371123
BAD 284079583013
BAD 284084176303
BAD 284084631871
BAD 284084695249
BAD 284084695253
BAD 284084695267
BAD 284088238921
BAD 284088238927
BAD 284088238937
BAD 284088238939
BAD 284089777471
BAD 284092028713
BAD 284092533407
BAD 284092533409
BAD 284092706437
BAD 284092706449
BAD 284092804003
BAD 284092804007
BAD 284093606543
BAD 284110901233
BAD 284112209123
BAD 284112454111
BAD 284112461687
BAD 284112895753
BAD 284113226713
BAD 284114011501
BAD 284114011537
BAD 284114549647
BAD 284114731141
BAD 284114845801
BAD 284116919701
BAD 284116919707
BAD 284117476351
BAD 284118738367
BAD 284118989449
BAD 284096483971
BAD 284120513969
BAD 284120608973
BAD 284120608999
BAD 284120609029
BAD 284098220753
BAD 284099187899
BAD 284122987333
BAD 284123340469
BAD 284102221493
BAD 284102856949
BAD 284102856953
BAD 284103505381
BAD 284124668257
BAD 284106703417
BAD 284125641353
BAD 284125743767
BAD 284125743773
BAD 284126163641
BAD 284109285547
BAD 284161491311
BAD 284130028811
BAD 284130028813
BAD 284164249571
BAD 284164249573
BAD 284165190229
BAD 284132211733
BAD 284132211739
BAD 284169047453
BAD 284169047479
BAD 284169678521
BAD 284169678523
BAD 284134613017
BAD 284228796199
BAD 284170469689
BAD 284230198891
BAD 284172080183
BAD 284172313643
BAD 284172976819
BAD 284231648543
BAD 284231832739
BAD 284231832743
BAD 284173306831
BAD 284173331879
BAD 284173371089
BAD 284173371091
BAD 284173551499
BAD 284232454903
BAD 284232587461
BAD 284232587479
BAD 284174384399
BAD 284174384401
BAD 284174384423
BAD 284174588281
BAD 284174588287
BAD 284174588297
BAD 284174588303
BAD 284174700757
BAD 284232999703
BAD 284244718007
BAD 284244718013
BAD 284174931241
BAD 284174931263
BAD 284233281679
BAD 284245402691
BAD 284245402703
BAD 284245402711
BAD 284245402717
BAD 284245402723
BAD 284245506443
BAD 284135773403
BAD 284135773409
BAD 284136464701
BAD 284237738821
BAD 284238111413
BAD 284238208873
BAD 284238445531
BAD 284238620803
BAD 284238726931
BAD 284249078329
BAD 284240085889
BAD 284240085893
BAD 284240156153
BAD 284249926297
BAD 284241658861
BAD 284138171297
BAD 284138171299
BAD 284138283983
BAD 284138283991
BAD 284252076271
BAD 284144116133
BAD 284243544511
BAD 284252241953
BAD 284243916433
BAD 284144594323
BAD 284144594339
BAD 284144594341
BAD 284139215149
BAD 284139215153
BAD 284139215179
BAD 284244275543
BAD 284145475433
BAD 284145475441
BAD 284145716027
BAD 284145716033
BAD 284145977881
BAD 284254461923
BAD 284146794443
BAD 284146883753
BAD 284142832489
BAD 284142845101
BAD 284142981613
BAD 284142981643
BAD 284142981653
BAD 284142981659
BAD 284142981691
BAD 284142981701
BAD 284142981721
BAD 284143269349
BAD 284255963587
BAD 284143269353
BAD 284143508171
BAD 284143508213
BAD 284312169917
BAD 284312169919
BAD 284312169931
BAD 284143946131
BAD 284312560333
BAD 284312748121
BAD 284312748127
BAD 284256705673
BAD 284256950083
BAD 284257529477
BAD 284257529497
BAD 284149158977
BAD 284149158983
BAD 284149158991
BAD 284314888483
BAD 284150162993
BAD 284315530441
BAD 284150937619
BAD 284259721489
BAD 284259928259
BAD 284259928261
BAD 284151145771
BAD 284151215507
BAD 284315897219
BAD 284260752623
BAD 284260752637
BAD 284315982407
BAD 284278454189
BAD 284260752641
BAD 284152963163
BAD 284278454191
BAD 284278454197
BAD 284278454209
BAD 284279475203
BAD 284317385929
BAD 284154299677
BAD 284154417083
BAD 284317972457
BAD 284317972459
BAD 284280104629
BAD 284280946913
BAD 284156054573
BAD 284281432979
BAD 284319407887
BAD 284281754149
BAD 284282053043
BAD 284320405331
BAD 284283327347
BAD 284157994433
BAD 284283693019
BAD 284158109671
BAD 284158140661
BAD 284158533257
BAD 284158533259
BAD 284321029261
BAD 284321029271
BAD 284159103691
BAD 284286035123
BAD 284295107449
BAD 284286249899
BAD 284286249901
BAD 284286249913
BAD 284286249917
BAD 284295425041
BAD 284295425047
BAD 284160197707
BAD 284295930983
BAD 284295930991
BAD 284296139069
BAD 284296249691
BAD 284296249693
BAD 284160714059
BAD 284160714067
BAD 284287092493
BAD 284287092503
BAD 284287289113
BAD 284297363461
BAD 284323358329
BAD 284323807319
BAD 284323807321
BAD 284323807393
BAD 284298698869
BAD 284288716037
BAD 284288716051
BAD 284324161223
BAD 284324469119
BAD 284324469133
BAD 284299849957
BAD 284299849961
BAD 284300024839
BAD 284300024843
BAD 284325387527
BAD 284325387529
BAD 284395857841
BAD 284379157319
BAD 284290848253
BAD 284379692357
BAD 284379903991
BAD 284302012303
BAD 284302012307
BAD 284291312447
BAD 284291312467
BAD 284291312471
BAD 284291312479
BAD 284291312497
BAD 284291312507
BAD 284291312509
BAD 284302492393
BAD 284380808279
BAD 284326782689
BAD 284326907171
BAD 284326907173
BAD 284326907177
BAD 284327333833
BAD 284381484169
BAD 284398406521
BAD 284381851531
BAD 284381851541
BAD 284381851573
BAD 284381851577
BAD 284381851583
BAD 284398501271
BAD 284398666247
BAD 284398666249
BAD 284398671709
BAD 284398735603
BAD 284398735609
BAD 284382560467
BAD 284382560479
BAD 284382560489
BAD 284382560491
BAD 284304522919
BAD 284304522923
BAD 284293352059
BAD 284304897533
BAD 284304935531
BAD 284399438527
BAD 284304983791
BAD 284304983803
BAD 284305492351
BAD 284400016237
BAD 284306748139
BAD 284306748181
BAD 284306799211
BAD 284306799251
BAD 284306799253
BAD 284401265287
BAD 284402491847
BAD 284387658133
BAD 284402491853
BAD 284387658143
BAD 284307884983
BAD 284307884989
BAD 284308312117
BAD 284404439491
BAD 284404439497
BAD 284309086013
BAD 284309086021
BAD 284309086027
BAD 284309086031
BAD 284404899679
BAD 284404899697
BAD 284405112379
BAD 284405112391
BAD 284309683181
BAD 284309683183
BAD 284309683211
BAD 284406510863
BAD 284407253059
BAD 284390998237
BAD 284390998261
BAD 284390998291
BAD 284407341541
BAD 284407390793
BAD 284408997529
BAD 284409188563
BAD 284392699757
BAD 284392896049
BAD 284409498649
BAD 284392992713
BAD 284409709937
BAD 284409709951
BAD 284409937087
BAD 284409937093
BAD 284409937099
BAD 284409937103
BAD 284409937111
BAD 284409990173
BAD 284409990187
BAD 284410198433
BAD 284394166921
BAD 284411038787
BAD 284411038789
BAD 284411455429
BAD 284411690081
BAD 284411690083
BAD 284411697247
BAD 284411697253
BAD 284411697257
BAD 284411697259
BAD 284411697277
BAD 284411697313
BAD 284463183679
BAD 284463262313
BAD 284463701749
BAD 284464106167
BAD 284464370521
BAD 284328582301
BAD 284328713437
BAD 284329049923
BAD 284329049933
BAD 284465394529
BAD 284466164713
BAD 284330394529
BAD 284466864839
BAD 284466864841
BAD 284330618833
BAD 284330736763
BAD 284468084129
BAD 284468084143
BAD 284468195449
BAD 284414414959
BAD 284414566087
BAD 284415182819
BAD 284415182833
BAD 284415357181
BAD 284261498461
BAD 284332547333
BAD 284332610671
BAD 284468847203
BAD 284416118059
BAD 284469324959
BAD 284469324961
BAD 284469324967
BAD 284211107969
BAD 284211301763
BAD 284262040163
BAD 284212576801
BAD 284179116887
BAD 284333786197
BAD 284416760011
BAD 284362081057
BAD 284470013239
BAD 284179116889
BAD 284448165269
BAD 284448165271
BAD 284212589807
BAD 284448258617
BAD 284470199707
BAD 284417042111
BAD 284417042113
BAD 284362500979
BAD 284362635587
BAD 284362635589
BAD 284362635593
BAD 284262646823
BAD 284448794437
BAD 284362657951
BAD 284262801169
BAD 284417616193
BAD 284263061633
BAD 284363189611
BAD 284471391577
BAD 284471391583
BAD 284471391587
BAD 284471586043
BAD 284449565243
BAD 284471700781
BAD 284334850763
BAD 284334850771
BAD 284471709143
BAD 284471744723
BAD 284471744747
BAD 284471744749
BAD 284418573479
BAD 284472085231
BAD 284364414121
BAD 284335318793
BAD 284181210499
BAD 284429669707
BAD 284264851153
BAD 284429813713
BAD 284265030263
BAD 284265030271
BAD 284265130529
BAD 284365437253
BAD 284365441823
BAD 284365441831
BAD 284365441837
BAD 284420109839
BAD 284430627269
BAD 284450940401
BAD 284431253261
BAD 284451533423
BAD 284431622063
BAD 284216975641
BAD 284217287147
BAD 284368236941
BAD 284452469537
BAD 284368236953
BAD 284433391819
BAD 284337012821
BAD 284345697239
BAD 284368236961
BAD 284337012823
BAD 284475847241
BAD 284345697241
BAD 284269094323
BAD 284183815703
BAD 284217287149
BAD 284183815733
BAD 284475999979
BAD 284345913799
BAD 284345913811
BAD 284424589231
BAD 284184121499
BAD 284217758483
BAD 284269594289
BAD 284269594291
BAD 284425079857
BAD 284369329823
BAD 284434442153
BAD 284434442161
BAD 284453791639
BAD 284346968531
BAD 284346968533
BAD 284425827691
BAD 284369910067
BAD 284219039033
BAD 284369910079
BAD 284219039053
BAD 284369910091
BAD 284454248941
BAD 284426058299
BAD 284435090749
BAD 284347759237
BAD 284478234211
BAD 284271486691
BAD 284340221861
BAD 284340221863
BAD 284478768031
BAD 284478768037
BAD 284340510203
BAD 284455777427
BAD 284455777429
BAD 284195937833
BAD 284195937863
BAD 284372034967
BAD 284456171173
BAD 284456280473
BAD 284456280481
BAD 284428067789
BAD 284272304207
BAD 284221485077
BAD 284221485101
BAD 284221485103
BAD 284221485109
BAD 284456420791
BAD 284456420797
BAD 284196545783
BAD 284348503111
BAD 284272542413
BAD 284428528073
BAD 284428528081
BAD 284272806203
BAD 284341356269
BAD 284429005327
BAD 284197353127
BAD 284341750531
BAD 284341750543
BAD 284187763049
BAD 284187763051
BAD 284273537771
BAD 284273537773
BAD 284187856793
BAD 284342176399
BAD 284438138539
BAD 284188158913
BAD 284350013047
BAD 284350021541
BAD 284438443651
BAD 284438443699
BAD 284274180859
BAD 284274181007
BAD 284274568793
BAD 284374887233
BAD 284439221641
BAD 284351102393
BAD 284224582951
BAD 284199318763
BAD 284275258373
BAD 284275258381
BAD 284275258387
BAD 284275258681
BAD 284199418423
BAD 284351957689
BAD 284351957693
BAD 284199664493
BAD 284343954943
BAD 284352195773
BAD 284199864521
BAD 284199864523
BAD 284440594751
BAD 284352591647
BAD 284225874733
BAD 284376648643
BAD 284376648659
BAD 284460499849
BAD 284276426593
BAD 284226433849
BAD 284353232749
BAD 284353232753
BAD 284276630191
BAD 284441254697
BAD 284353455587
BAD 284200927093
BAD 284200927097
BAD 284461245643
BAD 284200927099
BAD 284277058073
BAD 284200927103
BAD 284461245647
BAD 284200927121
BAD 284226963407
BAD 284200927123
BAD 284191565237
BAD 284191565239
BAD 284191565243
BAD 284191580983
BAD 284461442299
BAD 284227192763
BAD 284227192771
BAD 284227273747
BAD 284227273751
BAD 284227273753
BAD 284277560783
BAD 284277560821
BAD 284227308671
BAD 284227308683
BAD 284354021011
BAD 284192039809
BAD 284354242313
BAD 284354464963
BAD 284354464967
BAD 284354464969
BAD 284354464973
BAD 284227805011
BAD 284354834453
BAD 284462490493
BAD 284355083279
BAD 284355083281
BAD 284462615131
BAD 284462615137
BAD 284462615141
BAD 284355229843
BAD 284202475681
BAD 284202475691
BAD 284202475693
BAD 284202475699
BAD 284202538943
BAD 284355751943
BAD 284356024501
BAD 284203020443
BAD 284203020457
BAD 284203032493
BAD 284203032499
BAD 284444473771
BAD 284444735173
BAD 284444948897
BAD 284203633541
BAD 284203633543
BAD 284445169927
BAD 284445825931
BAD 284445826001
BAD 284445826003
BAD 284445826057
BAD 284358250879
BAD 284358837967
BAD 284358837977
BAD 284358837979
BAD 284358837991
BAD 284359705633
BAD 284359974449
BAD 284206091227
BAD 284360047513
BAD 284206208723
BAD 284206208729
BAD 284206208731
BAD 284206764683
BAD 284206764689
BAD 284208677617
BAD 284211023203
BAD 284482386163
BAD 284483289691
BAD 284483697623
BAD 284483781601
BAD 284484469699
BAD 284485348337
BAD 284485348339
BAD 284485853263
BAD 284487171953
BAD 284488454671
BAD 284488454689
BAD 284489216327
BAD 284489216329
BAD 284490997051
BAD 284492206903
BAD 284492206907
BAD 284492930093
BAD 284492930101
BAD 284493674161
BAD 284494279723
BAD 284495311861
BAD 284495679137
BAD 284515125449
BAD 284515125451
BAD 284517414607
BAD 284518302973
BAD 284518302979
BAD 284519387743
BAD 284519982589
BAD 284520163027
BAD 284520163063
BAD 284522821183
BAD 284522821207
BAD 284523799891
BAD 284524449863
BAD 284526626023
BAD 284548792823
BAD 284549792567
BAD 284528435507
BAD 284528435509
BAD 284528435573
BAD 284550862523
BAD 284551645073
BAD 284529608249
BAD 284552349941
BAD 284552349943
BAD 284564723173
BAD 284553195083
BAD 284553195103
BAD 284553195109
BAD 284553439669
BAD 284566702711
BAD 284567115409
BAD 284567176391
BAD 284567176393
BAD 284567220787
BAD 284567755751
BAD 284567755753
BAD 284567755763
BAD 284567755777
BAD 284567755817
BAD 284567755819
BAD 284568229511
BAD 284568229513
BAD 284529959359
BAD 284529959369
BAD 284530034749
BAD 284530034759
BAD 284530034783
BAD 284570709343
BAD 284570933929
BAD 284570933939
BAD 284557205393
BAD 284557632001
BAD 284557632013
BAD 284557632017
BAD 284572739617
BAD 284496761299
BAD 284496761303
BAD 284557632019
BAD 284572739629
BAD 284496761323
BAD 284496899441
BAD 284573371129
BAD 284573371133
BAD 284559025853
BAD 284559568231
BAD 284574633097
BAD 284574633139
BAD 284575130557
BAD 284575289533
BAD 284499249499
BAD 284532217391
BAD 284533154663
BAD 284533448851
BAD 284533448887
BAD 284501502697
BAD 284501502709
BAD 284501502713
BAD 284501591771
BAD 284535374699
BAD 284502874871
BAD 284502874891
BAD 284536556089
BAD 284536556093
BAD 284504228867
BAD 284562243341
BAD 284504228893
BAD 284504228903
BAD 284504422141
BAD 284504422151
BAD 284562508739
BAD 284505204563
BAD 284539512877
BAD 284539512893
BAD 284539512899
BAD 284539512911
BAD 284539512913
BAD 284505595609
BAD 284539931563
BAD 284539931567
BAD 284539931581
BAD 284539931603
BAD 284541863759
BAD 284542058243
BAD 284508826711
BAD 284509337401
BAD 284510048759
BAD 284510048761
BAD 284510397931
BAD 284510577781
BAD 284545126447
BAD 284511266453
BAD 284512589213
BAD 284546544523
BAD 284664825763
BAD 284666584399
BAD 284666584403
BAD 284667504931
BAD 284667823553
BAD 284669060521
BAD 284669412437
BAD 284669412439
BAD 284614136189
BAD 284614136197
BAD 284614192637
BAD 284600220451
BAD 284600220481
BAD 284630560691
BAD 284630560693
BAD 284630560699
BAD 284600811709
BAD 284600811713
BAD 284600897849
BAD 284600897851
BAD 284600897857
BAD 284615859643
BAD 284631260911
BAD 284631260917
BAD 284601692107
BAD 284602217567
BAD 284602217569
BAD 284602217573
BAD 284617432651
BAD 284617432681
BAD 284669506873
BAD 284632988119
BAD 284669506879
BAD 284632988141
BAD 284618562673
BAD 284602940137
BAD 284632988147
BAD 284632988149
BAD 284603291701
BAD 284619043931
BAD 284619261397
BAD 284633959793
BAD 284619920891
BAD 284634311543
BAD 284619973801
BAD 284604707701
BAD 284636360929
BAD 284636378879
BAD 284636378881
BAD 284671550753
BAD 284606473763
BAD 284606473769
BAD 284606473771
BAD 284622162061
BAD 284622862067
BAD 284607399497
BAD 284607399499
BAD 284672810663
BAD 284672810677
BAD 284607834883
BAD 284607834887
BAD 284637662741
BAD 284623511407
BAD 284623511411
BAD 284623511429
BAD 284623742509
BAD 284748085591
BAD 284748085597
BAD 284608214171
BAD 284608214173
BAD 284638529893
BAD 284638529897
BAD 284638529899
BAD 284608389367
BAD 284748987013
BAD 284748987073
BAD 284748987077
BAD 284748987079
BAD 284748987091
BAD 284638963439
BAD 284638963447
BAD 284609266267
BAD 284609266313
BAD 284609266327
BAD 284625672169
BAD 284672997929
BAD 284672997937
BAD 284672997943
BAD 284610416693
BAD 284673209071
BAD 284673209077
BAD 284641063717
BAD 284674104461
BAD 284641063741
BAD 284641063747
BAD 284627622547
BAD 284628320329
BAD 284628370193
BAD 284675150941
BAD 284675150953
BAD 284675150957
BAD 284675150959
BAD 284675750861
BAD 284675750867
BAD 284675750869
BAD 284675750873
BAD 284629864921
BAD 284676674251
BAD 284751247043
BAD 284751906713
BAD 284643909547
BAD 284644159957
BAD 284644653221
BAD 284644853923
BAD 284754437609
BAD 284755729679
BAD 284755729681
BAD 284755738747
BAD 284756399399
BAD 284646692303
BAD 284646769243
BAD 284646782227
BAD 284757871669
BAD 284646782269
BAD 284757871681
BAD 284758394653
BAD 284758394663
BAD 284759355203
BAD 284759355217
BAD 284759859229
BAD 284759859233
BAD 284759985031
BAD 284759985121
BAD 284761034983
BAD 284763813779
BAD 284581015613
BAD 284581906681
BAD 284583092971
BAD 284583092977
BAD 284583719341
BAD 284583719351
BAD 284583719353
BAD 284583719359
BAD 284583719377
BAD 284816573603
BAD 284817075713
BAD 284817723277
BAD 284680904951
BAD 284680935923
BAD 284818125421
BAD 284585999629
BAD 284819686763
BAD 284586936019
BAD 284820477889
BAD 284683637923
BAD 284587968713
BAD 284685027833
BAD 284685027839
BAD 284685027841
BAD 284685027863
BAD 284685027877
BAD 284685027881
BAD 284685297241
BAD 284589324379
BAD 284589516833
BAD 284589516839
BAD 284685906319
BAD 284686319461
BAD 284823353707
BAD 284686883431
BAD 284686883491
BAD 284590851583
BAD 284591018323
BAD 284591279417
BAD 284591279419
BAD 284591279431
BAD 284824287887
BAD 284824287889
BAD 284824361719
BAD 284591802787
BAD 284688440437
BAD 284592547643
BAD 284688861167
BAD 284688861169
BAD 284688861173
BAD 284689080623
BAD 284689332953
BAD 284689332973
BAD 284689829471
BAD 284593266457
BAD 284593690231
BAD 284693052271
BAD 284693052277
BAD 284825072773
BAD 284825073587
BAD 284693519843
BAD 284695057729
BAD 284695057741
BAD 284782131167
BAD 284782131169
BAD 284827337629
BAD 284695844891
BAD 284695844893
BAD 284695962923
BAD 284695962937
BAD 284783377303
BAD 284828457743
BAD 284828457751
BAD 284828457763
BAD 284595461099
BAD 284596729457
BAD 284830880933
BAD 284830880941
BAD 284785827593
BAD 284786568271
BAD 284714752921
BAD 284788714753
BAD 284788714817
BAD 284789552303
BAD 284789552323
BAD 284789703511
BAD 284717402413
BAD 284717656703
BAD 284717918081
BAD 284717918273
BAD 284717918281
BAD 284717918293
BAD 284717918299
BAD 284718311893
BAD 284718791843
BAD 284765397713
BAD 284765690821
BAD 284720289323
BAD 284793285739
BAD 284793285743
BAD 284721918083
BAD 284721973777
BAD 284722095547
BAD 284722348793
BAD 284647374509
BAD 284647374511
BAD 284768268901
BAD 284647749251
BAD 284796228683
BAD 284866420283
BAD 284723857699
BAD 284698068049
BAD 284866701601
BAD 284768724203
BAD 284768724209
BAD 284768724211
BAD 284768724221
BAD 284768724223
BAD 284796879737
BAD 284796879739
BAD 284725034161
BAD 284648373467
BAD 284648373469
BAD 284769641447
BAD 284769641449
BAD 284769641479
BAD 284769641483
BAD 284867809043
BAD 284867809049
BAD 284725437391
BAD 284648765603
BAD 284648765617
BAD 284799408589
BAD 284726181263
BAD 284799572641
BAD 284799572647
BAD 284868506207
BAD 284649502769
BAD 284868506213
BAD 284799787939
BAD 284868619669
BAD 284770712407
BAD 284868908977
BAD 284770902643
BAD 284650066891
BAD 284727149599
BAD 284727149611
BAD 284650106987
BAD 284650106989
BAD 284727296101
BAD 284771352667
BAD 284771352673
BAD 284700924559
BAD 284869887623
BAD 284731651843
BAD 284701287601
BAD 284772132583
BAD 284728427959
BAD 284801717593
BAD 284732336893
BAD 284801717597
BAD 284701724701
BAD 284701724707
BAD 284651695609
BAD 284871191777
BAD 284871191779
BAD 284871191783
BAD 284772821609
BAD 284772821611
BAD 284702573863
BAD 284702573873
BAD 284702573887
BAD 284702676803
BAD 284652644513
BAD 284653075103
BAD 284773694941
BAD 284730228647
BAD 284730228649
BAD 284730228667
BAD 284803317713
BAD 284773883543
BAD 284773883549
BAD 284773883551
BAD 284703556691
BAD 284703556693
BAD 284703771529
BAD 284703771533
BAD 284872896263
BAD 284872896389
BAD 284873025457
BAD 284704147373
BAD 284704147381
BAD 284804156213
BAD 284704716487
BAD 284804625023
BAD 284774959229
BAD 284655096199
BAD 284736568877
BAD 284706608149
BAD 284655096203
BAD 284873995051
BAD 284775260059
BAD 284807775751
BAD 284655627979
BAD 284655627989
BAD 284808118633
BAD 284808128051
BAD 284737388869
BAD 284656156669
BAD 284776178273
BAD 284810081797
BAD 284656954579
BAD 284656954583
BAD 284877059221
BAD 284777060179
BAD 284657476291
BAD 284777935909
BAD 284778034867
BAD 284658162731
BAD 284878484221
BAD 284811120551
BAD 284778313291
BAD 284778313297
BAD 284708991559
BAD 284811275269
BAD 284879109413
BAD 284740023443
BAD 284812092139
BAD 284780610739
BAD 284879791531
BAD 284710814393
BAD 284660778643
BAD 284879791543
BAD 284780610749
BAD 284660778833
BAD 284812132469
BAD 284812133959
BAD 284711068339
BAD 284781356479
BAD 284781492661
BAD 284880704539
BAD 284740696577
BAD 284711368943
BAD 284711369087
BAD 284741297089
BAD 284711959223
BAD 284661957691
BAD 284741655221
BAD 284712163651
BAD 284813686093
BAD 284662212619
BAD 284742174193
BAD 284814053753
BAD 284814214379
BAD 284814214381
BAD 284814214387
BAD 284742879373
BAD 284743010249
BAD 284814843923
BAD 284714147821
BAD 284714147827
BAD 284714147863
BAD 284744439073
BAD 284744965133
BAD 284744965139
BAD 284744965163
BAD 284745369463
BAD 284745527189
BAD 284745527191
BAD 284745527233
BAD 284746586941
BAD 284746888073
BAD 284747462723
BAD 284747599069
BAD 284832825569
BAD 284836995757
BAD 284837698051
BAD 284838271969
BAD 284838613561
BAD 284838613567
BAD 284838755743
BAD 284839553639
BAD 284839553641
BAD 284849634053
BAD 284841840931
BAD 284842437079
BAD 284842437083
BAD 284842437091
BAD 284851412903
BAD 284842437097
BAD 284842810223
BAD 284852155649
BAD 284852543863
BAD 284843792371
BAD 284844575891
BAD 284844575893
BAD 284844575903
BAD 284845554361
BAD 284856899737
BAD 284857199813
BAD 284857199863
BAD 284857199873
BAD 284857199911
BAD 284857261643
BAD 284857346933
BAD 284857346941
BAD 284857878541
BAD 284846636233
BAD 284847876289
BAD 284848147163
BAD 284859411181
BAD 284860874327
BAD 284860874329
BAD 284861310413
BAD 284861456927
BAD 284861465929
BAD 284864769383
BAD 284864854471
BAD 284864986649
BAD 284865220921
BAD 284865220931
BAD 284865220933
BAD 284883760253
BAD 284884456849
BAD 284884456853
BAD 284885167981
BAD 284886176059
BAD 284888816119
BAD 284891394889
BAD 284894114149
BAD 284894114161
BAD 284894114173
BAD 284895522323
BAD 284895773857
BAD 284895773863
BAD 284896898789
BAD 284896898791
BAD 284897137927
BAD 284897137969
BAD 284904643159
BAD 284905202243
BAD 284905664509
BAD 284905664513
BAD 284905813909
BAD 284905843843
BAD 284905843853
BAD 284907568793
BAD 284910314729
BAD 284910943433
BAD 284914152079
BAD 284967000653
BAD 284915456011
BAD 284972078453
BAD 284974587263
BAD 284974892641
BAD 284975123071
BAD 284976057781
BAD 284977000817
BAD 284978145643
BAD 284978145667
BAD 284978618069
BAD 284978876071
BAD 284978876107
BAD 284980988659
BAD 284981230951
BAD 284981355103
BAD 284949592727
BAD 284949592729
BAD 284949971123
BAD 284951417693
BAD 284951417701
BAD 284952549589
BAD 284952549593
BAD 284933881961
BAD 284933881963
BAD 284956943287
BAD 284957069323
BAD 284957211907
BAD 284939487277
BAD 284957794091
BAD 284958232109
BAD 284940430283
BAD 284941451593
BAD 284959738351
BAD 284959942963
BAD 284959942973
BAD 284916116761
BAD 284916382367
BAD 284916382369
BAD 284916382409
BAD 284916382411
BAD 284917843997
BAD 284917843999
BAD 284917962949
BAD 284918166173
BAD 284943914839
BAD 284918619779
BAD 284918619781
BAD 284918733499
BAD 284919237319
BAD 284945404669
BAD 284945404673
BAD 284945847553
BAD 284945847559
BAD 284945847569
BAD 284960440679
BAD 284945951413
BAD 284946284813
BAD 284946681101
BAD 284961554557
BAD 284961582239
BAD 284947005023
BAD 284947005047
BAD 284948355961
BAD 284921091379
BAD 284921091391
BAD 284922080063
BAD 284922628283
BAD 284922628313
BAD 284965672741
BAD 284923488679
BAD 284923488683
BAD 284923488709
BAD 284923488713
BAD 284925253027
BAD 284926724123
BAD 284927158603
BAD 284927158609
BAD 284927158619
BAD 284927969567
BAD 284928432517
BAD 284928432521
BAD 284928950329
BAD 284928950333
BAD 284929284001
BAD 284932027819
BAD 284932448173
BAD 284999928929
BAD 284999928931
BAD 284999928937
BAD 285000017903
BAD 285001648699
BAD 285001648703
BAD 285002046103
BAD 285002065951
BAD 285002065981
BAD 285005772487
BAD 284983228069
BAD 285007301827
BAD 284983565089
BAD 284983565093
BAD 284984214803
BAD 284984953679
BAD 284984953681
BAD 284986499327
BAD 284987183423
BAD 284987245201
BAD 284987339933
BAD 284987995909
BAD 284989109549
BAD 284989163999
BAD 284989164001
BAD 284990159281
BAD 284990226233
BAD 284990585059
BAD 284990911243
BAD 284990911259
BAD 284991616463
BAD 285007974803
BAD 285008259997
BAD 285016834129
BAD 284993502061
BAD 285018362693
BAD 285009698293
BAD 285009704209
BAD 285009997193
BAD 284994977317
BAD 285009997213
BAD 285009997219
BAD 284995056679
BAD 285020618569
BAD 285020618573
BAD 284996048107
BAD 285020618579
BAD 285020720093
BAD 284996428331
BAD 284996428333
BAD 284996428337
BAD 284996475457
BAD 285020895647
BAD 284997069223
BAD 284997069233
BAD 284997091987
BAD 284997774059
BAD 284997774067
BAD 284997969989
BAD 284998264519
BAD 284998264567
BAD 285022788439
BAD 285023906611
BAD 285024650993
BAD 285024651001
BAD 285024884899
BAD 285011131253
BAD 285011131259
BAD 285011131261
BAD 285011987311
BAD 285012202879
BAD 285012730579
BAD 285013229461
BAD 285013229467
BAD 285013229471
BAD 285013378711
BAD 285050524043
BAD 285056312393
BAD 285056376503
BAD 285056376511
BAD 285026952751
BAD 285026952757
BAD 285057162857
BAD 285027439987
BAD 285057631249
BAD 285057631253
BAD 285058700287
BAD 285058700293
BAD 285058700299
BAD 285058700347
BAD 285059126281
BAD 285060605603
BAD 285030765673
BAD 285030848413
BAD 285030848423
BAD 285061858331
BAD 285061858351
BAD 285062503969
BAD 285032673119
BAD 285032673151
BAD 285032797969
BAD 285032798033
BAD 285032854597
BAD 285064209439
BAD 285064276859
BAD 285065499757
BAD 285065499781
BAD 285065499793
BAD 285065499799
BAD 285066709709
BAD 285033434963
BAD 285033435023
BAD 285037201399
BAD 285037435433
BAD 285037435447
BAD 285037456943
BAD 285037851619
BAD 285039031639
BAD 285039460369
BAD 285039460399
BAD 285040315159
BAD 285040427557
BAD 285040427561
BAD 285040427563
BAD 285041877563
BAD 285117443599
BAD 285044532013
BAD 285044532053
BAD 285044579069
BAD 285117715369
BAD 285117715373
BAD 285117715391
BAD 285117715433
BAD 285117715447
BAD 285044953439
BAD 285044953441
BAD 285044953447
BAD 285045684541
BAD 285045684563
BAD 285045684571
BAD 285045757961
BAD 285100512233
BAD 285102373573
BAD 285103051063
BAD 285122471629
BAD 285122471633
BAD 285122471671
BAD 285103719529
BAD 285104154263
BAD 285122957503
BAD 285123204019
BAD 285123210739
BAD 285106114231
BAD 285106504703
BAD 285106504799
BAD 285123512101
BAD 285123512137
BAD 285202102819
BAD 285123951493
BAD 285123951503
BAD 285108416693
BAD 285203826697
BAD 285203826701
BAD 285204354649
BAD 285204354653
BAD 285126269053
BAD 285126613951
BAD 285126613957
BAD 285126613963
BAD 285126888679
BAD 285127206811
BAD 285205300253
BAD 285127997647
BAD 285127997653
BAD 285047847457
BAD 285047847473
BAD 285113685547
BAD 285113685557
BAD 285113924033
BAD 285129823421
BAD 285129823423
BAD 285207847957
BAD 285115094219
BAD 285207847963
BAD 285115094221
BAD 285207946909
BAD 285207946913
BAD 285207946931
BAD 285207946951
BAD 285207946957
BAD 285115913723
BAD 285208298381
BAD 285208298383
BAD 285208298449
BAD 285116129821
BAD 285130913731
BAD 285131381707
BAD 285131545513
BAD 285132644311
BAD 285133041383
BAD 285134587417
BAD 285134670287
BAD 285133759693
BAD 285133759697
BAD 285133759699
BAD 285133759739
BAD 285136231453
BAD 285136231459
BAD 285136231469
BAD 285212992787
BAD 285212992789
BAD 285137433887
BAD 285214856989
BAD 285215032247
BAD 285137650043
BAD 285137650051
BAD 285215896429
BAD 285215896447
BAD 285215896451
BAD 285215896453
BAD 285216324311
BAD 285139538371
BAD 285139538377
BAD 285139538381
BAD 285140369957
BAD 285140369959
BAD 285141065401
BAD 285141196651
BAD 285141326279
BAD 285142181777
BAD 285142240127
BAD 285142535347
BAD 285142621369
BAD 285144152569
BAD 285144342103
BAD 285144342127
BAD 285144816643
BAD 285144816647
BAD 285148441411
BAD 285148970563
BAD 285149216857
BAD 285149216903
BAD 285149814511
BAD 285149830657
BAD 285167389139
BAD 285167389141
BAD 285167389153
BAD 285066727597
BAD 285168865073
BAD 285066938213
BAD 285169038467
BAD 285169038503
BAD 285084582553
BAD 285084582557
BAD 285067223593
BAD 285169273021
BAD 285169708531
BAD 285169960069
BAD 285067797503
BAD 285085485661
BAD 285085935041
BAD 285086547593
BAD 285086610383
BAD 285086715289
BAD 285086715293
BAD 285086715323
BAD 285069312529
BAD 285069391351
BAD 285069391357
BAD 285173562563
BAD 285174037349
BAD 285071876717
BAD 285220597537
BAD 285090804941
BAD 285220597549
BAD 285175157851
BAD 285220703569
BAD 285072245609
BAD 285072333373
BAD 285072536297
BAD 285072536299
BAD 285072536303
BAD 285091240237
BAD 285151174229
BAD 285091344709
BAD 285091344743
BAD 285221261659
BAD 285091972897
BAD 285091972903
BAD 285073225363
BAD 285152552099
BAD 285152552101
BAD 285184648103
BAD 285093247121
BAD 285153651061
BAD 285153651089
BAD 285154187951
BAD 285178861699
BAD 285178861717
BAD 285154777577
BAD 285154802509
BAD 285095009257
BAD 285186157643
BAD 285095874097
BAD 285155633687
BAD 285076285033
BAD 285076285037
BAD 285096191803
BAD 285179552971
BAD 285096323251
BAD 285096323273
BAD 285076989913
BAD 285096565843
BAD 285186867673
BAD 285186867677
BAD 285077550557
BAD 285096808769
BAD 285096808771
BAD 285096808783
BAD 285096808793
BAD 285078199369
BAD 285097704421
BAD 285078852979
BAD 285157134029
BAD 285181899601
BAD 285099040693
BAD 285224116679
BAD 285224126249
BAD 285224126251
BAD 285158517263
BAD 285158517271
BAD 285158517277
BAD 285158517283
BAD 285099300841
BAD 285182956573
BAD 285099300847
BAD 285158517289
BAD 285099300961
BAD 285182956577
BAD 285099300977
BAD 285182956579
BAD 285099300979
BAD 285183128081
BAD 285158647637
BAD 285158647687
BAD 285158647699
BAD 285158647703
BAD 285158647733
BAD 285099650161
BAD 285224226361
BAD 285099863101
BAD 285224424169
BAD 285159316727
BAD 285189296369
BAD 285080652419
BAD 285080652421
BAD 285159789463
BAD 285080983163
BAD 285081023917
BAD 285225283283
BAD 285160374253
BAD 285081630863
BAD 285225812723
BAD 285191366641
BAD 285161923561
BAD 285193167773
BAD 285193167797
BAD 285193167799
BAD 285193167803
BAD 285162995101
BAD 285162995107
BAD 285162995111
BAD 285162995113
BAD 285162995153
BAD 285193870453
BAD 285193984567
BAD 285194150831
BAD 285163721657
BAD 285163721659
BAD 285164074847
BAD 285164495971
BAD 285229344887
BAD 285165555953
BAD 285165742159
BAD 285165742163
BAD 285165809891
BAD 285165809893
BAD 285269688103
BAD 285234526651
BAD 285234526693
BAD 285230418799
BAD 285230904401
BAD 285198374443
BAD 285231131519
BAD 285231375001
BAD 285271389421
BAD 285232084399
BAD 285199176343
BAD 285199176349
BAD 285236763649
BAD 285236828599
BAD 285236828603
BAD 285236852297
BAD 285237173707
BAD 285237173723
BAD 285237173761
BAD 285232936679
BAD 285272366033
BAD 285200676331
BAD 285273326311
BAD 285273806813
BAD 285234414391
BAD 285234414397
BAD 285274223197
BAD 285251596699
BAD 285251716843
BAD 285275287291
BAD 285275287307
BAD 285275650889
BAD 285275793679
BAD 285239923313
BAD 285239923321
BAD 285276587437
BAD 285253143047
BAD 285277382123
BAD 285277434991
BAD 285242232967
BAD 285242232971
BAD 285242232973
BAD 285278224831
BAD 285255179873
BAD 285255179879
BAD 285255179887
BAD 285255220519
BAD 285278747011
BAD 285243052441
BAD 285279072409
BAD 285245543113
BAD 285245754931
BAD 285245754943
BAD 285245754953
BAD 285245754979
BAD 285245856769
BAD 285245856773
BAD 285258150469
BAD 285246738041
BAD 285246738043
BAD 285259077589
BAD 285247427483
BAD 285259694077
BAD 285282851141
BAD 285282851153
BAD 285261740843
BAD 285250149427
BAD 285263116063
BAD 285263317957
BAD 285263534561
BAD 285263657209
BAD 285263708063
BAD 285263865541
BAD 285266210483
BAD 285266500159
BAD 285266500163
BAD 285266827981
BAD 285267055819
BAD 285285545653
BAD 285285777481
BAD 285286116023
BAD 285287252303
BAD 285287432851
BAD 285287890871
BAD 285291087871
BAD 285291087877
BAD 285291309181
BAD 285291612149
BAD 285292137341
BAD 285293839409
BAD 285293839421
BAD 285293839423
BAD 285294725413
BAD 285295182031
BAD 285297313969
BAD 285298178491
BAD 285319399933
BAD 285319399943
BAD 285319420553
BAD 285321391463
BAD 285322603459
BAD 285354713353
BAD 285354713359
BAD 285354713363
BAD 285323538613
BAD 285355749883
BAD 285356002027
BAD 285356002033
BAD 285356280851
BAD 285356394259
BAD 285356823043
BAD 285325131941
BAD 285325131943
BAD 285325191133
BAD 285357765109
BAD 285326059819
BAD 285326156821
BAD 285359233771
BAD 285359743703
BAD 285359743729
BAD 285359743733
BAD 285327167149
BAD 285360327451
BAD 285327879097
BAD 285327949471
BAD 285327949477
BAD 285361012091
BAD 285327949499
BAD 285361012093
BAD 285361012099
BAD 285328769911
BAD 285363649793
BAD 285363649801
BAD 285363649817
BAD 285363649819
BAD 285363649889
BAD 285363649891
BAD 285363649897
BAD 285330112657
BAD 285330564151
BAD 285364509197
BAD 285301725143
BAD 285301725151
BAD 285301725161
BAD 285372078143
BAD 285372089879
BAD 285372089881
BAD 285372205849
BAD 285372205871
BAD 285372277123
BAD 285372277133
BAD 285365407969
BAD 285302643037
BAD 285366210763
BAD 285303212153
BAD 285372911741
BAD 285372911743
BAD 285373141531
BAD 285373283249
BAD 285304191569
BAD 285304553959
BAD 285304554191
BAD 285304554193
BAD 285304554203
BAD 285373924223
BAD 285305403571
BAD 285305403577
BAD 285368298001
BAD 285306361313
BAD 285306361321
BAD 285307254229
BAD 285307677427
BAD 285308098099
BAD 285331178623
BAD 285331178633
BAD 285331414733
BAD 285310545019
BAD 285311532523
BAD 285333988703
BAD 285334009943
BAD 285334266653
BAD 285376984559
BAD 285376984561
BAD 285377341657
BAD 285315463007
BAD 285315463009
BAD 285315912859
BAD 285315912863
BAD 285316252567
BAD 285316889551
BAD 285378466033
BAD 285317320363
BAD 285317320367
BAD 285381038209
BAD 285381038213
BAD 285382246283
BAD 285382563679
BAD 285336010291
BAD 285336010303
BAD 285336269773
BAD 285336269791
BAD 285383376209
BAD 285383376211
BAD 285337624643
BAD 285337738337
BAD 285337738339
BAD 285338191807
BAD 285338191819
BAD 285338210477
BAD 285338994469
BAD 285340339751
BAD 285343015003
BAD 285347496407
BAD 285347496409
BAD 285347881831
BAD 285347881859
BAD 285348940309
BAD 285348940313
BAD 285348940319
BAD 285348940321
BAD 285349417421
BAD 285349615939
BAD 285349648757
BAD 285351675361
BAD 285385814743
BAD 285385814761
BAD 285385914943
BAD 285386335499
BAD 285386335501
BAD 285386848853
BAD 285388382843
BAD 285389226961
BAD 285389328799
BAD 285389328803
BAD 285389451563
BAD 285390128017
BAD 285390128021
BAD 285390128033
BAD 285390668839
BAD 285390908927
BAD 285390908939
BAD 285391487431
BAD 285392231689
BAD 285392231693
BAD 285392231701
BAD 285393818873
BAD 285395001847
BAD 285395001863
BAD 285395001893
BAD 285395001907
BAD 285395600663
BAD 285395950067
BAD 285395950069
BAD 285396133129
BAD 285396164387
BAD 285396164393
BAD 285396934423
BAD 285397207001
BAD 285397207003
BAD 285397344143
BAD 285397344157
BAD 285397485173
BAD 285397485179
BAD 285397485181
BAD 285398971589
BAD 285398971591
BAD 285400850197
BAD 285401071027
BAD 285436415657
BAD 285436415659
BAD 285437080189
BAD 285437080193
BAD 285437413021
BAD 285438205009
BAD 285438807943
BAD 285439745839
BAD 285442882961
BAD 285444281911
BAD 285444282007
BAD 285444310057
BAD 285445322963
BAD 285405691397
BAD 285405691399
BAD 285405819953
BAD 285445928311
BAD 285445928323
BAD 285445976737
BAD 285447752071
BAD 285447752077
BAD 285410081941
BAD 285448859581
BAD 285449114623
BAD 285449114627
BAD 285449114641
BAD 285411760021
BAD 285411848801
BAD 285411848803
BAD 285411960683
BAD 285412205801
BAD 285412205803
BAD 285412205807
BAD 285412205809
BAD 285412569193
BAD 285413058673
BAD 285413282123
BAD 285413282131
BAD 285413415823
BAD 285413415829
BAD 285413415839
BAD 285413415841
BAD 285413861989
BAD 285413862011
BAD 285414634279
BAD 285414655417
BAD 285415337237
BAD 285416112503
BAD 285416518591
BAD 285416603377
BAD 285416723047
BAD 285417095507
BAD 285417644461
BAD 285417644557
BAD 285450270841
BAD 285451205903
BAD 285451205917
BAD 285452285039
BAD 285673833883
BAD 285674827289
BAD 285675783103
BAD 285675786863
BAD 285675793703
BAD 285487325707
BAD 285487325749
BAD 285488873191
BAD 285488873239
BAD 285488873251
BAD 285421279127
BAD 285490138319
BAD 285678191893
BAD 285421279193
BAD 285490138321
BAD 285421368509
BAD 285421368511
BAD 285490340491
BAD 285490340501
BAD 285490340503
BAD 285490738997
BAD 285490739029
BAD 285490739033
BAD 285490739041
BAD 285422644583
BAD 285422644643
BAD 285422794219
BAD 285422794229
BAD 285422794231
BAD 285423069367
BAD 285423244193
BAD 285423253501
BAD 285681090077
BAD 285682103167
BAD 285682480561
BAD 285682480571
BAD 285682480579
BAD 285682544701
BAD 285682544753
BAD 285424566211
BAD 285604662493
BAD 285495038701
BAD 285683383693
BAD 285683383763
BAD 285683655953
BAD 285495435149
BAD 285605124601
BAD 285605148601
BAD 285605148607
BAD 285605148623
BAD 285684354743
BAD 285606208883
BAD 285606208963
BAD 285606208967
BAD 285606208991
BAD 285685844723
BAD 285685854431
BAD 285685854439
BAD 285497081071
BAD 285497081083
BAD 285521196287
BAD 285425226353
BAD 285425226413
BAD 285425226421
BAD 285497906027
BAD 285498845263
BAD 285522743183
BAD 285609707573
BAD 285500347711
BAD 285610428349
BAD 285610531711
BAD 285428388071
BAD 285525156823
BAD 285428388073
BAD 285453320329
BAD 285525156857
BAD 285502871749
BAD 285525156859
BAD 285453320333
BAD 285525156863
BAD 285428445853
BAD 285428445857
BAD 285428445859
BAD 285525667351
BAD 285525978391
BAD 285429215191
BAD 285430160227
BAD 285613100671
BAD 285456113549
BAD 285527558191
BAD 285570708499
BAD 285570846493
BAD 285613693529
BAD 285613713421
BAD 285613996793
BAD 285571613137
BAD 285572395099
BAD 285572395103
BAD 285614705351
BAD 285458036911
BAD 285458036917
BAD 285572951639
BAD 285572951641
BAD 285615237913
BAD 285615237931
BAD 285615237937
BAD 285615238057
BAD 285615238061
BAD 285615238063
BAD 285458509543
BAD 285615539623
BAD 285458982559
BAD 285459026843
BAD 285615934999
BAD 285574501291
BAD 285432473173
BAD 285575008339
BAD 285432845791
BAD 285531232123
BAD 285460143239
BAD 285531871969
BAD 285460939243
BAD 285460939279
BAD 285461056973
BAD 285576902959
BAD 285532672169
BAD 285532672171
BAD 285618705707
BAD 285618705709
BAD 285577927963
BAD 285618792169
BAD 285618792181
BAD 285587164103
BAD 285578218129
BAD 285462774061
BAD 285618792187
BAD 285654520159
BAD 285462774067
BAD 285435476197
BAD 285654520163
BAD 285435630097
BAD 285534223591
BAD 285463461013
BAD 285655120913
BAD 285463827967
BAD 285579180727
BAD 285579231631
BAD 285464128399
BAD 285619993159
BAD 285588774971
BAD 285588774973
BAD 285588774979
BAD 285465017087
BAD 285465017107
BAD 285553312801
BAD 285579975013
BAD 285580031257
BAD 285656303671
BAD 285656303689
BAD 285465387331
BAD 285580189523
BAD 285589209911
BAD 285535761893
BAD 285589288741
BAD 285466338727
BAD 285589817803
BAD 285589817809
BAD 285589817813
BAD 285589817861
BAD 285589817881
BAD 285657512383
BAD 285554662501
BAD 285581054321
BAD 285657876089
BAD 285657876113
BAD 285467444083
BAD 285467444089
BAD 285467936321
BAD 285467936323
BAD 285467982143
BAD 285468114181
BAD 285468114193
BAD 285582031253
BAD 285659201393
BAD 285659201453
BAD 285582209173
BAD 285582209179
BAD 285582209183
BAD 285659441533
BAD 285468645619
BAD 285660114937
BAD 285583608487
BAD 285661853263
BAD 285583786783
BAD 285662145161
BAD 285584330443
BAD 285663356309
BAD 285663356311
BAD 285663356317
BAD 285593430223
BAD 285593430229
BAD 285593430233
BAD 285593430301
BAD 285593430307
BAD 285593473357
BAD 285593473387
BAD 285585320249
BAD 285664801483
BAD 285664801489
BAD 285664801493
BAD 285665308021
BAD 285594640381
BAD 285594640399
BAD 285594640403
BAD 285595369573
BAD 285536974883
BAD 285537081923
BAD 285537081943
BAD 285537599917
BAD 285538018589
BAD 285538018631
BAD 285538018643
BAD 285561103423
BAD 285538018651
BAD 285596635279
BAD 285597738137
BAD 285538842949
BAD 285539173357
BAD 285539173373
BAD 285539173379
BAD 285562040069
BAD 285539871703
BAD 285539871707
BAD 285539871709
BAD 285562606019
BAD 285668834519
BAD 285668834533
BAD 285540456139
BAD 285669008239
BAD 285669008243
BAD 285541731511
BAD 285541731521
BAD 285541731523
BAD 285541731529
BAD 285541731533
BAD 285541731547
BAD 285565127843
BAD 285601896721
BAD 285602201477
BAD 285566324161
BAD 285544158643
BAD 285544158649
BAD 285567021031
BAD 285603241073
BAD 285567080473
BAD 285620805083
BAD 285567846503
BAD 285567846533
BAD 285567846539
BAD 285567846541
BAD 285568129229
BAD 285545646679
BAD 285545794003
BAD 285545794007
BAD 285545794013
BAD 285568279001
BAD 285545911163
BAD 285546007249
BAD 285546737813
BAD 285546958049
BAD 285548211259
BAD 285469814351
BAD 285548353429
BAD 285624579283
BAD 285471139873
BAD 285472051847
BAD 285472051867
BAD 285472051871
BAD 285627131941
BAD 285637616543
BAD 285552120923
BAD 285552120929
BAD 285504110753
BAD 285474357691
BAD 285629941973
BAD 285552120937
BAD 285552120947
BAD 285552120949
BAD 285638137033
BAD 285630038809
BAD 285630178879
BAD 285638572591
BAD 285630402157
BAD 285638956411
BAD 285638956417
BAD 285638956429
BAD 285630957919
BAD 285630977813
BAD 285639259337
BAD 285631565987
BAD 285631565993
BAD 285631566019
BAD 285639962029
BAD 285639962033
BAD 285639962039
BAD 285639989317
BAD 285505669663
BAD 285505807039
BAD 285476601167
BAD 285476807309
BAD 285476807311
BAD 285633905017
BAD 285479340743
BAD 285641285873
BAD 285506635391
BAD 285641285879
BAD 285641651461
BAD 285641707049
BAD 285641707051
BAD 285642106073
BAD 285642232951
BAD 285634671137
BAD 285634671139
BAD 285480240043
BAD 285480240053
BAD 285642502661
BAD 285642502741
BAD 285635282213
BAD 285480832687
BAD 285507562621
BAD 285481393643
BAD 285635698043
BAD 285482117213
BAD 285508656913
BAD 285509442157
BAD 285483198653
BAD 285483198667
BAD 285645189503
BAD 285483542251
BAD 285645880153
BAD 285645880159
BAD 285510750737
BAD 285646555171
BAD 285647522273
BAD 285485472541
BAD 285648172573
BAD 285648172583
BAD 285648172591
BAD 285648266411
BAD 285486034711
BAD 285648722329
BAD 285514218601
BAD 285650793653
BAD 285651226877
BAD 285651306541
BAD 285515694259
BAD 285515914403
BAD 285515985463
BAD 285516462853
BAD 285653395513
BAD 285653564359
BAD 285517252487
BAD 285519206831
BAD 285687545939
BAD 285688988131
BAD 285689297573
BAD 285689468123
BAD 285689734597
BAD 285689734601
BAD 285692703229
BAD 285693145279
BAD 285693311287
BAD 285697653361
BAD 285698207261
BAD 285698207299
BAD 285698207303
BAD 285699982879
BAD 285700681927
BAD 285700888129
BAD 285700888133
BAD 285701740651
BAD 285701740657
BAD 285701740663
BAD 285702081043
BAD 285702081047
BAD 285702081061
BAD 285702498737
BAD 285702821879
BAD 285702821881
BAD 285703703993
BAD 285738021871
BAD 285738021901
BAD 285738021923
BAD 285738503357
BAD 285738602999
BAD 285738603001
BAD 285739110353
BAD 285739110361
BAD 285740173651
BAD 285740243071
BAD 285740243077
BAD 285740485963
BAD 285740485999
BAD 285740499773
BAD 285740499791
BAD 285706442311
BAD 285706780729
BAD 285743133289
BAD 285743167043
BAD 285743167049
BAD 285743167051
BAD 285743167139
BAD 285743167141
BAD 285707413039
BAD 285743371471
BAD 285743371477
BAD 285743371483
BAD 285707639491
BAD 285744422153
BAD 285744481133
BAD 285744566843
BAD 285709647481
BAD 285710083613
BAD 285710511613
BAD 285711660953
BAD 285711660959
BAD 285711660961
BAD 285712782463
BAD 285712782469
BAD 285712782479
BAD 285712782499
BAD 285713217409
BAD 285713311297
BAD 285722545223
BAD 285713583061
BAD 285756317303
BAD 285723666497
BAD 285723666499
BAD 285714073537
BAD 285714073543
BAD 285757625393
BAD 285757625401
BAD 285757625407
BAD 285715323367
BAD 285715323371
BAD 285715323373
BAD 285715635217
BAD 285715635221
BAD 285715635223
BAD 285716166443
BAD 285716669899
BAD 285745964969
BAD 285745964971
BAD 285759357833
BAD 285746156783
BAD 285727835083
BAD 285760469227
BAD 285761480377
BAD 285762242401
BAD 285762518863
BAD 285748944211
BAD 285762970579
BAD 285731954939
BAD 285751284619
BAD 285763684223
BAD 285751284653
BAD 285763710523
BAD 285763927663
BAD 285733195549
BAD 285733802947
BAD 285751841429
BAD 285765640859
BAD 285765640861
BAD 285765654389
BAD 285765654439
BAD 285734221193
BAD 285734504543
BAD 285766412093
BAD 285767006363
BAD 285752782891
BAD 285768363599
BAD 285768363623
BAD 285719702603
BAD 285720476123
BAD 285772059539
BAD 285772059541
BAD 285772509461
BAD 285772729819
BAD 285775102673
BAD 285775102681
BAD 285775102709
BAD 285775102727
BAD 285775395223
BAD 285775715347
BAD 285775733303
BAD 285776301403
BAD 285778422529
BAD 285779363899
BAD 285780535619
BAD 285781609019
BAD 285781609039
BAD 285781946717
BAD 285783382447
BAD 285784272859
BAD 285784624343
BAD 285784624459
BAD 285784895401
BAD 285785029939
BAD 285785786521
BAD 285786045631
BAD 285786650689
BAD 285786650693
BAD 285788366009
BAD 285788366011
BAD 285789114739
BAD 285789114763
BAD 285789886997
BAD 285789886999
BAD 285789887023
BAD 285789887027
BAD 285791226563
BAD 285791903317
BAD 285793266391
BAD 285793461319
BAD 285793484611
BAD 285793484623
BAD 285793708433
BAD 285793708457
BAD 285793708463
BAD 285797615797
BAD 285798344281
BAD 285798790601
BAD 285798790603
BAD 285799152983
BAD 285801976199
BAD 285803466107
BAD 285839199343
BAD 285841758287
BAD 285841758289
BAD 285842746883
BAD 285843238283
BAD 285846147157
BAD 285846147161
BAD 285846147163
BAD 285846500509
BAD 285846627763
BAD 285846627767
BAD 285846627769
BAD 285906442207
BAD 285848009599
BAD 285939275191
BAD 285939275207
BAD 285939275213
BAD 285805026379
BAD 285805026407
BAD 285805026413
BAD 285907787041
BAD 285805308287
BAD 285805308289
BAD 285805308301
BAD 285805308323
BAD 285848593369
BAD 285848603237
BAD 285848603239
BAD 285805614781
BAD 285805614793
BAD 285806009263
BAD 285849674237
BAD 285849674239
BAD 285909219853
BAD 285909219857
BAD 285909219859
BAD 285806738311
BAD 285909582151
BAD 285807306401
BAD 285807306403
BAD 285807424087
BAD 285911080283
BAD 285911080289
BAD 285911080291
BAD 285911080307
BAD 285850699133
BAD 285851000843
BAD 285941056651
BAD 285912083813
BAD 285808989061
BAD 285941056657
BAD 285912083827
BAD 285941056663
BAD 285912083833
BAD 285851541139
BAD 285851541191
BAD 285851541193
BAD 285912725899
BAD 285913517083
BAD 285913517089
BAD 285943244299
BAD 285853883383
BAD 285943949923
BAD 285915300049
BAD 285915300067
BAD 285854545453
BAD 285854661307
BAD 285812788411
BAD 285855212779
BAD 285915797333
BAD 285915912263
BAD 285972977713
BAD 285972977753
BAD 285972977761
BAD 285944937079
BAD 285856119491
BAD 285916549351
BAD 285856378033
BAD 285856378039
BAD 285945581477
BAD 285856632757
BAD 285974074327
BAD 285974141407
BAD 285974349109
BAD 285946591111
BAD 285946851863
BAD 285946851877
BAD 285946851889
BAD 285857695931
BAD 285857695933
BAD 285817101209
BAD 285817101211
BAD 285975454771
BAD 285975454783
BAD 285948018619
BAD 285948136483
BAD 285817577897
BAD 285948582233
BAD 285858821771
BAD 285858821797
BAD 285818369611
BAD 285919023059
BAD 285818431469
BAD 285976414909
BAD 285818705111
BAD 285818705113
BAD 285819055801
BAD 285819055807
BAD 285920040467
BAD 285889439509
BAD 285859595327
BAD 285920040493
BAD 285889439543
BAD 285819206903
BAD 285819206951
BAD 285978312779
BAD 285859985503
BAD 285889725733
BAD 285862048919
BAD 285862048921
BAD 285891506521
BAD 285820747243
BAD 285922303369
BAD 285949271089
BAD 285821330959
BAD 285863955529
BAD 285863955539
BAD 285981042023
BAD 285949914673
BAD 285864643177
BAD 285864643231
BAD 285864643249
BAD 285950206153
BAD 285981668993
BAD 285950924269
BAD 285865436107
BAD 285895306943
BAD 285895306973
BAD 285953133737
BAD 285953133743
BAD 285953138257
BAD 285895573603
BAD 285953421059
BAD 285953421077
BAD 285953421079
BAD 285953541917
BAD 285896061533
BAD 285953735161
BAD 285896218571
BAD 285896979523
BAD 285868286663
BAD 285955390657
BAD 285955390663
BAD 285955390673
BAD 285955390741
BAD 285897845719
BAD 285868909231
BAD 285868961869
BAD 285985896649
BAD 285869845189
BAD 285870317839
BAD 285870317869
BAD 285870317879
BAD 285987184141
BAD 285870856913
BAD 285900029977
BAD 285871260901
BAD 285871392283
BAD 285988156081
BAD 285901033973
BAD 285988319909
BAD 285988987327
BAD 285989276543
BAD 285989276653
BAD 285903414373
BAD 285903435331
BAD 285903951029
BAD 285903951043
BAD 285904456889
BAD 285904551953
BAD 285905212531
BAD 285923016653
BAD 285923016667
BAD 285923823121
BAD 285923823127
BAD 285923823139
BAD 285923974213
BAD 285924474713
BAD 285924683813
BAD 285924683819
BAD 285925141591
BAD 285926545837
BAD 285926635541
BAD 285926635543
BAD 285929362643
BAD 285929362651
BAD 285929979241
BAD 285929979259
BAD 286023582787
BAD 286024252979
BAD 286024252993
BAD 286024252999
BAD 286075671703
BAD 286024939909
BAD 286024939913
BAD 286024985833
BAD 286076764627
BAD 286076764639
BAD 286025899637
BAD 286025899639
BAD 286076946593
BAD 286076946601
BAD 286027077653
BAD 286027987501
BAD 286027987507
BAD 286027987549
BAD 285933656929
BAD 285933799447
BAD 286078703059
BAD 286078703069
BAD 285934315679
BAD 285934958809
BAD 286080273697
BAD 286081342759
BAD 286030300057
BAD 286030438831
BAD 286082446277
BAD 286031255233
BAD 285955996519
BAD 285989551951
BAD 285935938279
BAD 285872548561
BAD 285955996523
BAD 285872548583
BAD 285935938283
BAD 285990179399
BAD 285936628969
BAD 285873478027
BAD 285956800603
BAD 285956942269
BAD 285873706549
BAD 285873706553
BAD 285873706571
BAD 285957270373
BAD 285957270383
BAD 285990937327
BAD 285874249103
BAD 285874249153
BAD 285937561471
BAD 286032785809
BAD 286032785873
BAD 286032953123
BAD 286032996871
BAD 285875759069
BAD 285959622217
BAD 285993092543
BAD 285993092563
BAD 285959838301
BAD 286033912561
BAD 286082838809
BAD 285959854727
BAD 285959854729
BAD 286034373943
BAD 286034373949
BAD 286034508043
BAD 286083800281
BAD 286083800287
BAD 286083800291
BAD 286083800293
BAD 286083889843
BAD 285995027809
BAD 286084409803
BAD 286084409813
BAD 286084409851
BAD 285877976441
BAD 285877976443
BAD 285961544461
BAD 285961544483
BAD 285961544509
BAD 286084747811
BAD 286084747813
BAD 286036575823
BAD 286036575833
BAD 286036575841
BAD 285879129517
BAD 285962510201
BAD 285962510203
BAD 285962510221
BAD 286085988109
BAD 285880476811
BAD 285962698223
BAD 285963536171
BAD 285882039943
BAD 286057595927
BAD 285882481567
BAD 286001602903
BAD 285882998353
BAD 285964520719
BAD 286088193439
BAD 285883194299
BAD 286058819831
BAD 286058819833
BAD 286058819857
BAD 286058819861
BAD 285883563571
BAD 285965527103
BAD 285965609003
BAD 285884446501
BAD 285884446511
BAD 285884446513
BAD 285884446517
BAD 286060192177
BAD 286089595139
BAD 286060392619
BAD 286006755179
BAD 286041721033
BAD 286041721039
BAD 286041721061
BAD 286006989193
BAD 286041832081
BAD 285885174737
BAD 285885174739
BAD 286007002711
BAD 286061405101
BAD 286061405117
BAD 285967280419
BAD 285885798727
BAD 286005505673
BAD 286005505679
BAD 285967890853
BAD 286042401643
BAD 285967951697
BAD 285967951699
BAD 285967951733
BAD 286042477507
BAD 286062782867
BAD 286006086703
BAD 286006086713
BAD 286062996787
BAD 285886638161
BAD 285886780589
BAD 285886780591
BAD 286008390331
BAD 285886908127
BAD 286008505303
BAD 286008505319
BAD 286043567603
BAD 286008659711
BAD 286043928661
BAD 286065748951
BAD 285970511399
BAD 286066105769
BAD 286066105771
BAD 285970772821
BAD 285970772851
BAD 286066344143
BAD 286010598931
BAD 286010618263
BAD 286010630833
BAD 286066925251
BAD 286066925329
BAD 286066925341
BAD 285971481643
BAD 285971619961
BAD 286045475299
BAD 285972044723
BAD 285972262273
BAD 286046286277
BAD 286046586403
BAD 286047060241
BAD 286069214581
BAD 286069214591
BAD 286069214593
BAD 286047908191
BAD 286070004799
BAD 286013841271
BAD 286013841293
BAD 286070695501
BAD 286014824743
BAD 286049891137
BAD 286014824761
BAD 286014988123
BAD 286050379807
BAD 285821876491
BAD 286051767041
BAD 286051767049
BAD 285823772629
BAD 286053837037
BAD 285825131453
BAD 286054075579
BAD 286054075591
BAD 286054075603
BAD 286054220429
BAD 285825473473
BAD 286017754189
BAD 286017754193
BAD 286018155139
BAD 285826327489
BAD 285826327531
BAD 286055593267
BAD 286056394601
BAD 286019763713
BAD 286020046051
BAD 286020389687
BAD 286020389689
BAD 286020389693
BAD 286020452749
BAD 285829959143
BAD 285829959169
BAD 286020924229
BAD 285830141357
BAD 286021188751
BAD 286021581361
BAD 286022066527
BAD 286022176411
BAD 286022176417
BAD 285832468213
BAD 286022570773
BAD 285833034703
BAD 285835635457
BAD 285835635461
BAD 285835635469
BAD 285836207491
BAD 285836770253
BAD 285836770259
BAD 285836814469
BAD 285837712933
BAD 285837712943
BAD 285837901571
BAD 285838047211
BAD 286107051589
BAD 286108262021
BAD 286108262023
BAD 286108262029
BAD 286108301131
BAD 286108301137
BAD 286108434281
BAD 286109374687
BAD 286110508483
BAD 286110768583
BAD 286111478651
BAD 286111923709
BAD 286112526473
BAD 286112766169
BAD 286113488603
BAD 286090346923
BAD 286091458789
BAD 286091458811
BAD 286091458813
BAD 286091458823
BAD 286092001067
BAD 286092481583
BAD 286092561289
BAD 286093098961
BAD 286116274369
BAD 286116580381
BAD 286126880993
BAD 286095067051
BAD 286117774619
BAD 286117774651
BAD 286117844569
BAD 286117844591
BAD 286117844611
BAD 286127748481
BAD 286118053219
BAD 286118546339
BAD 286118546341
BAD 286128915323
BAD 286131600647
BAD 286098566879
BAD 286131875537
BAD 286131875539
BAD 286132692383
BAD 286132711357
BAD 286132711373
BAD 286174351159
BAD 286174351163
BAD 286174702789
BAD 286134072337
BAD 286175654837
BAD 286175654839
BAD 286176040313
BAD 286119015911
BAD 286119015913
BAD 286102502563
BAD 286102956803
BAD 286120132393
BAD 286120132399
BAD 286120132447
BAD 286177636153
BAD 286120322303
BAD 286120322329
BAD 286120322333
BAD 286103746249
BAD 286120816763
BAD 286179106141
BAD 286123193141
BAD 286123193143
BAD 286123193149
BAD 286181351539
BAD 286181739821
BAD 286181844173
BAD 286181844181
BAD 286181844187
BAD 286123483579
BAD 286182050863
BAD 286135815773
BAD 286182523483
BAD 286182654559
BAD 286182654577
BAD 286182654581
BAD 286136516623
BAD 286136803817
BAD 286136803819
BAD 286183179523
BAD 286137851257
BAD 286137851281
BAD 286137851291
BAD 286138301093
BAD 286138425961
BAD 286138515463
BAD 286184625487
BAD 286184625499
BAD 286140160183
BAD 286190743171
BAD 286157635927
BAD 286157635943
BAD 286157641459
BAD 286157641489
BAD 286157641513
BAD 286158829963
BAD 286159506491
BAD 286160346683
BAD 286161717559
BAD 286161882739
BAD 286161882749
BAD 286161882751
BAD 286161882767
BAD 286162881709
BAD 286142512157
BAD 286164273893
BAD 286164338923
BAD 286164338927
BAD 286164734521
BAD 286143908441
BAD 286143908443
BAD 286145691061
BAD 286145904529
BAD 286145904533
BAD 286146081593
BAD 286146081607
BAD 286146081619
BAD 286146081623
BAD 286146867163
BAD 286146867173
BAD 286148767969
BAD 286148927461
BAD 286150151941
BAD 286166946127
BAD 286153051007
BAD 286166946139
BAD 286153918387
BAD 286154245327
BAD 286154245411
BAD 286154245423
BAD 286169440537
BAD 286155142249
BAD 286155561283
BAD 286156216639
BAD 286156216657
BAD 286156468751
BAD 286157113771
BAD 286157113999
BAD 286157232901
BAD 286157232913
BAD 286171381523
BAD 286171710641
BAD 286171983659
BAD 286172600053
BAD 286172801573
BAD 286191559439
BAD 286191638461
BAD 286192337969
BAD 286192337971
BAD 286192626281
BAD 286192626283
BAD 286195356767
BAD 286195491367
BAD 286195651649
BAD 286195651699
BAD 286195651711
BAD 286195651717
BAD 286197982417
BAD 286198648123
BAD 286198948207
BAD 286199512063
BAD 286200680921
BAD 286200829639
BAD 286200829643
BAD 286201081303
BAD 286201188563
BAD 286201786771
BAD 286201786777
BAD 286201786853
BAD 286201786861
BAD 286201885273
BAD 286202338711
BAD 286205267377
BAD 286205267407
BAD 286207102849
BAD 286207243951
BAD 286207243957
BAD 286207243969
BAD 286225896949
BAD 286226407813
BAD 286226407829
BAD 286226407849
BAD 286292078693
BAD 286292112541
BAD 286207800563
BAD 286293938363
BAD 286293938369
BAD 286294149283
BAD 286229125757
BAD 286229125759
BAD 286295599453
BAD 286296680653
BAD 286230095023
BAD 286230095027
BAD 286230186049
BAD 286230186059
BAD 286230186061
BAD 286298453899
BAD 286299506183
BAD 286232198249
BAD 286232283481
BAD 286300004429
BAD 286233772969
BAD 286233831067
BAD 286234336319
BAD 286234336321
BAD 286234336327
BAD 286234336337
BAD 286234336343
BAD 286234391659
BAD 286234391701
BAD 286302396473
BAD 286213265491
BAD 286213671487
BAD 286303847699
BAD 286237545823
BAD 286303847701
BAD 286237545833
BAD 286304289269
BAD 286238006297
BAD 286304824151
BAD 286305393469
BAD 286239555461
BAD 286239555463
BAD 286239555499
BAD 286240069763
BAD 286306843741
BAD 286306843751
BAD 286213786699
BAD 286213786711
BAD 286214697031
BAD 286215973349
BAD 286215973451
BAD 286215973453
BAD 286216686409
BAD 286275672107
BAD 286219326803
BAD 286276929487
BAD 286219840729
BAD 286219840733
BAD 286277616371
BAD 286221445207
BAD 286278982999
BAD 286222036063
BAD 286222036081
BAD 286279657597
BAD 286222085087
BAD 286279785293
BAD 286279785313
BAD 286222174471
BAD 286280094773
BAD 286280094787
BAD 286223236801
BAD 286223236807
BAD 286281803473
BAD 286281803477
BAD 286281803491
BAD 286282425641
BAD 286283118229
BAD 286283331479
BAD 286285030799
BAD 286285354409
BAD 286285369343
BAD 286285369351
BAD 286286576153
BAD 286286604103
BAD 286287868193
BAD 286409808317
BAD 286259069749
BAD 286290426739
BAD 286412121013
BAD 286290904609
BAD 286291237181
BAD 286291237189
BAD 286413154147
BAD 286265280817
BAD 286265564843
BAD 286266248041
BAD 286266357121
BAD 286414003097
BAD 286414003103
BAD 286414795861
BAD 286414795867
BAD 286268684101
BAD 286269108121
BAD 286308757223
BAD 286269981083
BAD 286309600699
BAD 286310728219
BAD 286311897713
BAD 286311897719
BAD 286418512909
BAD 286418555363
BAD 286418555393
BAD 286418864299
BAD 286241602147
BAD 286241767921
BAD 286312778047
BAD 286312778051
BAD 286312778053
BAD 286242243823
BAD 286242243871
BAD 286242243877
BAD 286273008233
BAD 286273008251
BAD 286419727079
BAD 286313566573
BAD 286273008253
BAD 286243580341
BAD 286243580347
BAD 286243580351
BAD 286243580353
BAD 286273571119
BAD 286244185891
BAD 286244185897
BAD 286244372521
BAD 286421362141
BAD 286421362147
BAD 286421407763
BAD 286244912711
BAD 286244912743
BAD 286245199853
BAD 286245199907
BAD 286245544597
BAD 286245636451
BAD 286245690347
BAD 286245690349
BAD 286422251041
BAD 286422251047
BAD 286316022977
BAD 286422798601
BAD 286316481427
BAD 286423320103
BAD 286248223853
BAD 286317554533
BAD 286249309999
BAD 286317554539
BAD 286317554543
BAD 286249310003
BAD 286249706363
BAD 286459358963
BAD 286459358971
BAD 286459618733
BAD 286376256521
BAD 286376416159
BAD 286460974493
BAD 286251682837
BAD 286251993913
BAD 286462325453
BAD 286462447471
BAD 286462477423
BAD 286462595723
BAD 286462642733
BAD 286320026779
BAD 286254660163
BAD 286254660173
BAD 286464568561
BAD 286464568567
BAD 286464568591
BAD 286255221691
BAD 286465431047
BAD 286321614097
BAD 286321614101
BAD 286256376319
BAD 286256734663
BAD 286466922337
BAD 286380817213
BAD 286324617647
BAD 286324617653
BAD 286324715791
BAD 286256932943
BAD 286381091677
BAD 286467556883
BAD 286468756597
BAD 286468756603
BAD 286469561809
BAD 286469561813
BAD 286469696243
BAD 286469696257
BAD 286384214843
BAD 286384214881
BAD 286470034163
BAD 286384536583
BAD 286384971673
BAD 286384971713
BAD 286384971841
BAD 286385225141
BAD 286385225143
BAD 286385225149
BAD 286386322661
BAD 286387896383
BAD 286472214823
BAD 286472293253
BAD 286392146149
BAD 286392146153
BAD 286388598491
BAD 286393402489
BAD 286393402523
BAD 286390467809
BAD 286390669219
BAD 286391319233
BAD 286474967011
BAD 286391611283
BAD 286391781461
BAD 286326986027
BAD 286327403183
BAD 286395937609
BAD 286359595201
BAD 286475662523
BAD 286396308973
BAD 286397644021
BAD 286398331267
BAD 286330392307
BAD 286361807401
BAD 286342132561
BAD 286342132567
BAD 286342270189
BAD 286342273051
BAD 286330889917
BAD 286399484009
BAD 286362508613
BAD 286399484011
BAD 286342564667
BAD 286399775663
BAD 286362981439
BAD 286342754251
BAD 286399890727
BAD 286342754273
BAD 286363503623
BAD 286400142199
BAD 286444656083
BAD 286363717693
BAD 286363717697
BAD 286400499331
BAD 286363959811
BAD 286332661411
BAD 286400993719
BAD 286445246629
BAD 286425891589
BAD 286425891593
BAD 286445353177
BAD 286401855463
BAD 286333589167
BAD 286364975731
BAD 286446489559
BAD 286403121931
BAD 286403121941
BAD 286403121943
BAD 286344549847
BAD 286365569681
BAD 286365569683
BAD 286345019243
BAD 286447145363
BAD 286447145371
BAD 286335171301
BAD 286404477637
BAD 286335980977
BAD 286404477641
BAD 286404477643
BAD 286428234683
BAD 286428234709
BAD 286428234727
BAD 286366409389
BAD 286366409393
BAD 286366409401
BAD 286404584171
BAD 286404584173
BAD 286404584209
BAD 286346198843
BAD 286404666349
BAD 286366627013
BAD 286428564661
BAD 286448996161
BAD 286428701107
BAD 286346714839
BAD 286336736251
BAD 286336736261
BAD 286336736263
BAD 286336812991
BAD 286477892191
BAD 286449794381
BAD 286449794383
BAD 286405832959
BAD 286405860133
BAD 286405860137
BAD 286406024731
BAD 286429998403
BAD 286337360819
BAD 286337360821
BAD 286450427863
BAD 286368192833
BAD 286347964457
BAD 286347964459
BAD 286347964471
BAD 286368330229
BAD 286368330233
BAD 286368545513
BAD 286451173133
BAD 286479529613
BAD 286479529621
BAD 286479529657
BAD 286479529669
BAD 286479529673
BAD 286348789981
BAD 286451744603
BAD 286369527911
BAD 286349097523
BAD 286407649189
BAD 286369780997
BAD 286480406827
BAD 286480406833
BAD 286370344501
BAD 286453270487
BAD 286453270489
BAD 286370813801
BAD 286370813803
BAD 286350772319
BAD 286340342069
BAD 286350772321
BAD 286481618851
BAD 286455391249
BAD 286434310579
BAD 286455391303
BAD 286434310583
BAD 286481763263
BAD 286351151699
BAD 286351152121
BAD 286434987593
BAD 286341025279
BAD 286341025283
BAD 286435141571
BAD 286351718173
BAD 286371768409
BAD 286372145897
BAD 286372145903
BAD 286435443473
BAD 286482547511
BAD 286482547513
BAD 286482547517
BAD 286482558899
BAD 286456861087
BAD 286435844509
BAD 286352642629
BAD 286352642633
BAD 286352642659
BAD 286372580203
BAD 286352794639
BAD 286341334501
BAD 286436140051
BAD 286483611629
BAD 286372580209
BAD 286436140057
BAD 286436140103
BAD 286372580213
BAD 286483654129
BAD 286483654133
BAD 286484095663
BAD 286437613691
BAD 286437743521
BAD 286374065941
BAD 286374065969
BAD 286374179713
BAD 286374179717
BAD 286374179719
BAD 286374179723
BAD 286438327423
BAD 286485851273
BAD 286485851279
BAD 286438410793
BAD 286438410799
BAD 286438428277
BAD 286354408883
BAD 286354408889
BAD 286354408891
BAD 286439104433
BAD 286439104459
BAD 286439104463
BAD 286355194427
BAD 286439492081
BAD 286440029881
BAD 286442243861
BAD 286488609413
BAD 286356908491
BAD 286356908549
BAD 286357272689
BAD 286357272697
BAD 286357484509
BAD 286489829933
BAD 286489829939
BAD 286489829947
BAD 286489829953
BAD 286357850503
BAD 286490189389
BAD 286358251261
BAD 286358506477
BAD 286543289777
BAD 286543661377
BAD 286553751103
BAD 286553751109
BAD 286554128999
BAD 286554129013
BAD 286554256099
BAD 286554256103
BAD 286554330661
BAD 286555360243
BAD 286555491473
BAD 286555592941
BAD 286555650851
BAD 286555650853
BAD 286556462923
BAD 286557097031
BAD 286557097033
BAD 286557097039
BAD 286557156367
BAD 286557729817
BAD 286559746943
BAD 286528662713
BAD 286528704551
BAD 286528704557
BAD 286528704559
BAD 286529248471
BAD 286529980657
BAD 286529980661
BAD 286531007239
BAD 286533646507
BAD 286492895209
BAD 286535547343
BAD 286493654393
BAD 286536094591
BAD 286537056979
BAD 286537056989
BAD 286537056991
BAD 286537320151
BAD 286538298829
BAD 286497106981
BAD 286497188443
BAD 286497188449
BAD 286499376623
BAD 286500934693
BAD 286539368603
BAD 286539368611
BAD 286539406651
BAD 286540093789
BAD 286540093841
BAD 286541015549
BAD 286541015557
BAD 286541135059
BAD 286541135063
BAD 286511917201
BAD 286542487303
BAD 286503274081
BAD 286503274087
BAD 286514696189
BAD 286514696191
BAD 286514696197
BAD 286504413983
BAD 286504414013
BAD 286543014647
BAD 286543014649
BAD 286560826969
BAD 286560826973
BAD 286561230973
BAD 286505553517
BAD 286562400143
BAD 286562400149
BAD 286562400151
BAD 286563396269
BAD 286519720181
BAD 286519720273
BAD 286520926553
BAD 286520926561
BAD 286521335299
BAD 286564920893
BAD 286564920899
BAD 286564920907
BAD 286565487521
BAD 286565767021
BAD 286565873213
BAD 286523114239
BAD 286523114243
BAD 286566901963
BAD 286566901997
BAD 286567136291
BAD 286525017817
BAD 286507461283
BAD 286507461287
BAD 286507461293
BAD 286507461307
BAD 286507461313
BAD 286507461319
BAD 286525169423
BAD 286507659811
BAD 286525650583
BAD 286567136293
BAD 286567136299
BAD 286508971711
BAD 286508971717
BAD 286509049961
BAD 286509049963
BAD 286567739839
BAD 286567875179
BAD 286568068951
BAD 286568752903
BAD 286569791119
BAD 286570812277
BAD 286572561029
BAD 286572561031
BAD 286573378891
BAD 286573378939
BAD 286573378943
BAD 286575797663
BAD 286577896147
BAD 286579342771
BAD 286579706747
BAD 286580006759
BAD 286580006773
BAD 286580258551
BAD 286581042073
BAD 286581291109
BAD 286581450193
BAD 286582456327
BAD 286583810993
BAD 286585742633
BAD 286585742647
BAD 286588543711
BAD 286588674649
BAD 286588674653
BAD 286588682593
BAD 286590706033
BAD 286590759001
BAD 286590759053
BAD 286590974539
BAD 286590974543
BAD 286591685389
BAD 286592722883
BAD 286592722919
BAD 286592722921
BAD 286592864507
BAD 286592864513
BAD 286592871181
BAD 286594360529
BAD 286594360531
BAD 286594663703
BAD 286598307329
BAD 286599545899
BAD 286599545909
BAD 286601415433
BAD 286601415439
BAD 286602234151
BAD 286603984201
BAD 286604691781
BAD 286604790931
BAD 286605154183
BAD 286607174627
BAD 286607174629
BAD 286607225929
BAD 286607609027
BAD 286608494119
BAD 286608578689
BAD 286609065139
BAD 286609065143
BAD 286610092543
BAD 286628384533
BAD 286629903953
BAD 286631031769
BAD 286631031773
BAD 286631031781
BAD 286635415169
BAD 286635823699
BAD 286635823703
BAD 286636615117
BAD 286637212963
BAD 286637213021
BAD 286638868279
BAD 286639626727
BAD 286640593727
BAD 286641388921
BAD 286610545381
BAD 286610545457
BAD 286610711171
BAD 286641871013
BAD 286642318609
BAD 286611282163
BAD 286642479589
BAD 286611548611
BAD 286642750553
BAD 286642750561
BAD 286642887211
BAD 286642902829
BAD 286612040629
BAD 286643452703
BAD 286613147663
BAD 286613147731
BAD 286617094969
BAD 286617094979
BAD 286618205483
BAD 286618540009
BAD 286619379107
BAD 286619379119
BAD 286619482621
BAD 286619482627
BAD 286619482637
BAD 286619499479
BAD 286619687447
BAD 286619687449
BAD 286619809163
BAD 286619853139
BAD 286620669977
BAD 286620669983
BAD 286621572137
BAD 286622798269
BAD 286624005683
BAD 286624005691
BAD 286624005697
BAD 286625214397
BAD 286625214413
BAD 286625453729
BAD 286625453731
BAD 286828502431
BAD 286644139427
BAD 286644139429
BAD 286831375489
BAD 286644561271
BAD 286832726153
BAD 286832726161
BAD 286645884223
BAD 286645940689
BAD 286646266691
BAD 286646266693
BAD 286646311351
BAD 286646384897
BAD 286646505863
BAD 286646505883
BAD 286646975401
BAD 286647280919
BAD 286647280921
BAD 286834794973
BAD 286648567861
BAD 286650354191
BAD 286650517553
BAD 286650517561
BAD 286650540541
BAD 286650540577
BAD 286651496323
BAD 286651496333
BAD 286711516673
BAD 286652272703
BAD 286839704299
BAD 286839704303
BAD 286839858343
BAD 286839858353
BAD 286712810521
BAD 286652841809
BAD 286653066677
BAD 286713605219
BAD 286713605221
BAD 286840990309
BAD 286653495181
BAD 286653551021
BAD 286713883411
BAD 286841415901
BAD 286841472559
BAD 286841591011
BAD 286841634889
BAD 286841853271
BAD 286843859699
BAD 286717208153
BAD 286656140137
BAD 286728135053
BAD 286657155503
BAD 286657155583
BAD 286657188859
BAD 286728228113
BAD 286719195691
BAD 286658368351
BAD 286811755369
BAD 286812510343
BAD 286731543887
BAD 286720507571
BAD 286720507573
BAD 286720650977
BAD 286720651013
BAD 286720967119
BAD 286732214563
BAD 286722136979
BAD 286813619941
BAD 286813620083
BAD 286814143249
BAD 286862062853
BAD 286723136509
BAD 286814308831
BAD 286734256427
BAD 286734545431
BAD 286723815419
BAD 286723815421
BAD 286724031767
BAD 286814815691
BAD 286735164031
BAD 286863697399
BAD 286735831399
BAD 286863916981
BAD 286725029509
BAD 286863960739
BAD 286864336861
BAD 286815657431
BAD 286864498603
BAD 286815806791
BAD 286659500069
BAD 286736868941
BAD 286659550033
BAD 286659550039
BAD 286726831733
BAD 286660130881
BAD 286739380801
BAD 286739380813
BAD 286739380819
BAD 286739752031
BAD 286739914789
BAD 286739914793
BAD 286741389629
BAD 286741389631
BAD 286741389637
BAD 286741389677
BAD 286741389679
BAD 286742295691
BAD 286870071133
BAD 286870071259
BAD 286743425753
BAD 286743425767
BAD 286820531749
BAD 286820866597
BAD 286820866627
BAD 286820866643
BAD 286870903223
BAD 286871064877
BAD 286871133491
BAD 286821829849
BAD 286872296453
BAD 286872488701
BAD 286822920661
BAD 286823161939
BAD 286823161943
BAD 286873009133
BAD 286873143259
BAD 286873143281
BAD 286873143283
BAD 286873747913
BAD 286824255643
BAD 286824255647
BAD 286874647127
BAD 286827244037
BAD 286827366151
BAD 286827366181
BAD 286827785663
BAD 286878346373
BAD 286878655823
BAD 286661219263
BAD 286661260531
BAD 286661602699
BAD 286662842957
BAD 286662842989
BAD 286662842993
BAD 286664811581
BAD 286664811583
BAD 286664811599
BAD 286677397943
BAD 286677397949
BAD 286668157757
BAD 286677999719
BAD 286668157759
BAD 286677999721
BAD 286670469193
BAD 286895707771
BAD 286895707783
BAD 286895788723
BAD 286680831091
BAD 286681350463
BAD 286681350479
BAD 286681401571
BAD 286896840829
BAD 286682277523
BAD 286672219373
BAD 286682735203
BAD 286672471633
BAD 286673006093
BAD 286673315603
BAD 286674098077
BAD 286685229661
BAD 286686176243
BAD 286675287697
BAD 286675303879
BAD 286675303883
BAD 286901169439
BAD 286675977257
BAD 286676074591
BAD 286676563099
BAD 286778924291
BAD 286778924293
BAD 286689467611
BAD 286762456507
BAD 286902995237
BAD 286690330807
BAD 286904355893
BAD 286694482493
BAD 286763749543
BAD 286763749549
BAD 286780223399
BAD 286694943113
BAD 286905329629
BAD 286905329639
BAD 286905329651
BAD 286905329653
BAD 286691147179
BAD 286780969219
BAD 286745993929
BAD 286845322747
BAD 286691467277
BAD 286746154957
BAD 286906095683
BAD 286696133203
BAD 286696133209
BAD 286696133219
BAD 286906347071
BAD 286906347073
BAD 286696327271
BAD 286696327273
BAD 286696327283
BAD 286696327301
BAD 286781535923
BAD 286748867729
BAD 286765782931
BAD 286781536073
BAD 286906938623
BAD 286906938649
BAD 286906938653
BAD 286848176933
BAD 286907060233
BAD 286749031637
BAD 286749031651
BAD 286749178381
BAD 286907316833
BAD 286781901173
BAD 286781901179
BAD 286781901181
BAD 286849145299
BAD 286849328639
BAD 286849328641
BAD 286750204621
BAD 286782845207
BAD 286766773481
BAD 286766773483
BAD 286908577051
BAD 286908577073
BAD 286908577099
BAD 286849986343
BAD 286849986347
BAD 286849986349
BAD 286783643329
BAD 286850450611
BAD 286783643353
BAD 286751741839
BAD 286909317601
BAD 286697725387
BAD 286771226387
BAD 286751741893
BAD 286771226389
BAD 286751741909
BAD 286751741911
BAD 286771357651
BAD 286783847641
BAD 286751892941
BAD 286751892943
BAD 286751892949
BAD 286751892971
BAD 286850630747
BAD 286850630749
BAD 286850630753
BAD 286783951747
BAD 286771626473
BAD 286752019207
BAD 286752019217
BAD 286752019219
BAD 286752019223
BAD 286752019237
BAD 286698386833
BAD 286752749537
BAD 286752749539
BAD 286910681633
BAD 286773663797
BAD 286911844969
BAD 286773758683
BAD 286773820987
BAD 286691780317
BAD 286787767193
BAD 286754184113
BAD 286787939429
BAD 286853505109
BAD 286787991823
BAD 286788074389
BAD 286853677199
BAD 286788299597
BAD 286788299599
BAD 286754488357
BAD 286854115243
BAD 286854172573
BAD 286854172663
BAD 286854172667
BAD 286854172669
BAD 286854324487
BAD 286854324503
BAD 286854324509
BAD 286854324511
BAD 286854635167
BAD 286854965591
BAD 286789547423
BAD 286701101153
BAD 286701101161
BAD 286755419309
BAD 286755506407
BAD 286776492493
BAD 286795193099
BAD 286692184073
BAD 286790948099
BAD 286791003749
BAD 286791003769
BAD 286791003773
BAD 286856456431
BAD 286791231373
BAD 286791231383
BAD 286692468857
BAD 286692468859
BAD 286692468863
BAD 286692468877
BAD 286692525241
BAD 286791420277
BAD 286791420281
BAD 286791444139
BAD 286791444143
BAD 286702956191
BAD 286857683621
BAD 286693562933
BAD 286792455289
BAD 286757922271
BAD 286693708219
BAD 286693741729
BAD 286857919357
BAD 286703357491
BAD 286792820569
BAD 286879784183
BAD 286879784189
BAD 286797422713
BAD 286797422719
BAD 286793412091
BAD 286880592443
BAD 286880592463
BAD 286797973883
BAD 286797998887
BAD 286880770339
BAD 286859698849
BAD 286859916157
BAD 286860226519
BAD 286860241709
BAD 286860241711
BAD 286705236901
BAD 286860564541
BAD 286881587221
BAD 286881587227
BAD 286705515263
BAD 286881760103
BAD 286799036789
BAD 286799036791
BAD 286760660471
BAD 286760660507
BAD 286760660509
BAD 286760660513
BAD 286861364749
BAD 286861364753
BAD 286861364761
BAD 286706263187
BAD 286882789117
BAD 286882789121
BAD 286882789177
BAD 286883118737
BAD 286883118761
BAD 286883118763
BAD 286883118779
BAD 286801199627
BAD 286802187559
BAD 286708566829
BAD 286708732447
BAD 286802950939
BAD 286709581877
BAD 286709581883
BAD 286803815447
BAD 286887585013
BAD 286804832723
BAD 286804832729
BAD 286804832731
BAD 286805145841
BAD 286889202241
BAD 286806159173
BAD 286806159187
BAD 286890823963
BAD 286890824029
BAD 286891007261
BAD 286807501997
BAD 286807501999
BAD 286807502017
BAD 286807502021
BAD 286807522129
BAD 286807590353
BAD 286892451271
BAD 286892543747
BAD 286892543753
BAD 286892543759
BAD 286893790013
BAD 286894106281
BAD 286894852357
BAD 286913390527
BAD 286913540281
BAD 286811102959
BAD 286915552717
BAD 286915552723
BAD 286915990373
BAD 286916758913
BAD 286918860097
BAD 286919438423
BAD 286920667207
BAD 286920667211
BAD 286920667213
BAD 286921216273
BAD 286921478101
BAD 286921681121
BAD 286923607081
BAD 286927188883
BAD 286929520543
BAD 286931023553
BAD 286931100019
BAD 286933197053
BAD 286933377859
BAD 286934444273
BAD 286934444281
BAD 286935475703
BAD 286935475711
BAD 286935475769
BAD 286939335181
BAD 286939504921
BAD 286939504939
BAD 286941887107
BAD 286941887119
BAD 286942538899
BAD 286943216723
BAD 286943216731
BAD 286943374411
BAD 286944102169
BAD 286964047729
BAD 286964052017
BAD 286964646929
BAD 286964646931
BAD 286965047261
BAD 286966199911
BAD 286968247607
BAD 286968247609
BAD 286968403373
BAD 286968491981
BAD 286968491983
BAD 286970628053
BAD 286971261413
BAD 286973051033
BAD 286973051039
BAD 286973051041
BAD 286973051047
BAD 286973051063
BAD 286973212921
BAD 286973794909
BAD 286974505001
BAD 286974641791
BAD 286974688283
BAD 286974734803
BAD 286975526801
BAD 286976898599
BAD 286976898619
BAD 286976898623
BAD 286978642823
BAD 286979709301
BAD 286980441931
BAD 286980553529
BAD 286980871883
BAD 286981633097
BAD 286981633109
BAD 286982761553
BAD 286982761567
BAD 286983535219
BAD 286984329803
BAD 286985459069
BAD 286985459071
BAD 286986444923
BAD 286986526733
BAD 286987539367
BAD 286987539379
BAD 286987539383
BAD 286987782317
BAD 286989498361
BAD 286991287673
BAD 286991287703
BAD 286991287711
BAD 286991573551
BAD 286992530731
BAD 286992558583
BAD 286992879227
BAD 286993317179
BAD 286994075281
BAD 286994963303
BAD 286995492799
BAD 286995609253
BAD 286995609259
BAD 286995695117
BAD 286995695131
BAD 286995695137
BAD 286995718829
BAD 286995718861
BAD 286946494871
BAD 286947216001
BAD 286947216019
BAD 286947789859
BAD 286949152583
BAD 286950046003
BAD 286951307939
BAD 286951307941
BAD 286996111021
BAD 286951307947
BAD 286951446247
BAD 286951446259
BAD 286951754671
BAD 286951802029
BAD 286996444411
BAD 286952292317
BAD 286952292323
BAD 286952292343
BAD 286952292349
BAD 286953391103
BAD 286954479089
BAD 286999091737
BAD 286955531461
BAD 287001805151
BAD 287003171431
BAD 287004055223
BAD 287004315359
BAD 287004315361
BAD 287004422701
BAD 286956662857
BAD 286956905197
BAD 286957519019
BAD 286957519021
BAD 286959062329
BAD 286959143299
BAD 286960896319
BAD 286961433071
BAD 286961433079
BAD 286961433089
BAD 286961433091
BAD 286961433097
BAD 286962523979
BAD 287030192557
BAD 287030315843
BAD 287030794717
BAD 287034273481
BAD 287034737063
BAD 287036707973
BAD 287037042613
BAD 287039639639
BAD 287039639641
BAD 287041874809
BAD 287041874813
BAD 287042490221
BAD 287043163349
BAD 287014846669
BAD 287044582697
BAD 287044582729
BAD 287016103337
BAD 287016356383
BAD 287016356387
BAD 287045480053
BAD 287045480069
BAD 287045480077
BAD 287016766513
BAD 287016788941
BAD 287018371943
BAD 287018371961
BAD 287018371963
BAD 287018371967
BAD 287021494553
BAD 287022219203
BAD 287023200601
BAD 287026139383
BAD 287027649203
BAD 287029224011
BAD 287046975169
BAD 287048509291
BAD 287048618369
BAD 287048837377
BAD 287049215917
BAD 287050689953
BAD 287050689973
BAD 287050689977
BAD 287051413591
BAD 287051413609
BAD 287051433187
BAD 287052095177
BAD 287052095179
BAD 287052798089
BAD 287052901703
BAD 287054130767
BAD 287054712367
BAD 287054712379
BAD 287054969933
BAD 287055490103
BAD 287056506091
BAD 287057897783
BAD 287058783593
BAD 287058783601
BAD 287058783637
BAD 287058783643
BAD 287059868003
BAD 287062749601
BAD 287062811249
BAD 287062811251
BAD 287063170291
BAD 287114361503
BAD 287114944063
BAD 287117132461
BAD 287117215171
BAD 287117215939
BAD 287117441693
BAD 287117441707
BAD 287064442229
BAD 287118858373
BAD 287118988577
BAD 287118988579
BAD 287119382519
BAD 287119382521
BAD 287065144279
BAD 287065224559
BAD 287119636949
BAD 287119730089
BAD 287120184173
BAD 287080420609
BAD 287080633339
BAD 287121402341
BAD 287121635527
BAD 287081044669
BAD 287067297971
BAD 287067662953
BAD 287122250299
BAD 287122587571
BAD 287122893803
BAD 287069449423
BAD 287123596093
BAD 287123746187
BAD 287070330023
BAD 287124157043
BAD 287124157051
BAD 287084935519
BAD 287085170657
BAD 287085170663
BAD 287085170693
BAD 287085170699
BAD 287085855079
BAD 287072620421
BAD 287072620423
BAD 287086172851
BAD 287086897883
BAD 287097385837
BAD 287097385843
BAD 287088315589
BAD 287075478461
BAD 287098017733
BAD 287075527969
BAD 287075528029
BAD 287075632253
BAD 287075764363
BAD 287076008701
BAD 287091026161
BAD 287127004711
BAD 287127078241
BAD 287127078247
BAD 287091464147
BAD 287077139837
BAD 287128651163
BAD 287128765753
BAD 287128839661
BAD 287128959127
BAD 287078200597
BAD 287078200603
BAD 287101100023
BAD 287078354623
BAD 287093090833
BAD 287093090839
BAD 287129556451
BAD 287129556463
BAD 287129556473
BAD 287093418281
BAD 287093628307
BAD 287129980933
BAD 287129980937
BAD 287129980939
BAD 287093769409
BAD 287093769421
BAD 287101539763
BAD 287093925917
BAD 287093925919
BAD 287103453649
BAD 287094245903
BAD 287103491761
BAD 287103512921
BAD 287103512923
BAD 287103679033
BAD 287103679039
BAD 287103679043
BAD 287103679073
BAD 287103679081
BAD 287104632811
BAD 287104632817
BAD 287104751249
BAD 287104751251
BAD 287231161687
BAD 287231161691
BAD 287105064443
BAD 287095542619
BAD 287096281561
BAD 287096281567
BAD 287096332013
BAD 287096332021
BAD 287106018191
BAD 287106018193
BAD 287079435127
BAD 287079435151
BAD 287079464597
BAD 287079464599
BAD 287232621563
BAD 287106511189
BAD 287107329437
BAD 287233682423
BAD 287234036503
BAD 287108745353
BAD 287236640941
BAD 287110940213
BAD 287238531169
BAD 287240815289
BAD 287147426843
BAD 287147560603
BAD 287147560663
BAD 287147560669
BAD 287148176683
BAD 287242840483
BAD 287242904071
BAD 287243627773
BAD 287149737937
BAD 287149737983
BAD 287150238779
BAD 287245355653
BAD 287245762109
BAD 287247128227
BAD 287152147673
BAD 287163941221
BAD 287152563359
BAD 287152563361
BAD 287152563389
BAD 287152563391
BAD 287152563463
BAD 287164483253
BAD 287164634441
BAD 287164634443
BAD 287153176931
BAD 287153384159
BAD 287332245547
BAD 287332245553
BAD 287332345733
BAD 287332345739
BAD 287332532393
BAD 287332532401
BAD 287154078097
BAD 287333182313
BAD 287333182319
BAD 287333182321
BAD 287333182327
BAD 287154972683
BAD 287154972691
BAD 287155400761
BAD 287155400767
BAD 287155400773
BAD 287333966431
BAD 287155571653
BAD 287155642639
BAD 287155642649
BAD 287155642651
BAD 287334789527
BAD 287334789529
BAD 287156387251
BAD 287168886149
BAD 287158250887
BAD 287314867591
BAD 287169392941
BAD 287169392957
BAD 287169392959
BAD 287170597591
BAD 287170682177
BAD 287170682179
BAD 287318411363
BAD 287318411399
BAD 287318793187
BAD 287173179607
BAD 287319327727
BAD 287319327749
BAD 287319327751
BAD 287173676459
BAD 287336074099
BAD 287320410191
BAD 287320410193
BAD 287163763259
BAD 287163763261
BAD 287320576373
BAD 287321489809
BAD 287321489843
BAD 287337742487
BAD 287339509711
BAD 287323764323
BAD 287174869489
BAD 287174869507
BAD 287174869517
BAD 287174869519
BAD 287174900693
BAD 287174900713
BAD 287174900717
BAD 287281567249
BAD 287181121547
BAD 287181121553
BAD 287282039777
BAD 287181549773
BAD 287324804971
BAD 287324894413
BAD 287341100513
BAD 287341100531
BAD 287341100533
BAD 287177062537
BAD 287177062609
BAD 287283496069
BAD 287326528949
BAD 287216099551
BAD 287216159227
BAD 287178567593
BAD 287178567601
BAD 287178567619
BAD 287343775549
BAD 287343775553
BAD 287285131607
BAD 287217290167
BAD 287328453179
BAD 287328453187
BAD 287179246201
BAD 287346964777
BAD 287298988003
BAD 287331619061
BAD 287130926933
BAD 287285348513
BAD 287184486331
BAD 287217995303
BAD 287348457749
BAD 287184539489
BAD 287184539491
BAD 287184539569
BAD 287184544643
BAD 287347116083
BAD 287348778413
BAD 287131282693
BAD 287185088657
BAD 287299925389
BAD 287185540769
BAD 287300192911
BAD 287348052919
BAD 287348052923
BAD 287132263081
BAD 287132600143
BAD 287219988079
BAD 287287534381
BAD 287186433139
BAD 287300899789
BAD 287300899819
BAD 287287859119
BAD 287287859123
BAD 287220758029
BAD 287265722423
BAD 287133834599
BAD 287133895487
BAD 287220956083
BAD 287288365867
BAD 287187370703
BAD 287187529021
BAD 287351822041
BAD 287351822047
BAD 287221675501
BAD 287302465531
BAD 287266622087
BAD 287266622089
BAD 287302562977
BAD 287302563017
BAD 287302563019
BAD 287134752031
BAD 287302684729
BAD 287302684733
BAD 287302976041
BAD 287267129341
BAD 287248490029
BAD 287267429951
BAD 287290038337
BAD 287290038341
BAD 287353695901
BAD 287290185047
BAD 287249418439
BAD 287136203647
BAD 287354038613
BAD 287136839533
BAD 287291496293
BAD 287354038639
BAD 287304582683
BAD 287250416177
BAD 287136839543
BAD 287197761803
BAD 287250416179
BAD 287189801417
BAD 287189801419
BAD 287224946923
BAD 287225374231
BAD 287225374237
BAD 287190311753
BAD 287198313977
BAD 287198313979
BAD 287137628647
BAD 287198469541
BAD 287198469553
BAD 287137769911
BAD 287305678183
BAD 287137931693
BAD 287138233537
BAD 287138233541
BAD 287293106431
BAD 287293106437
BAD 287306243363
BAD 287355428611
BAD 287138543479
BAD 287270927257
BAD 287306512723
BAD 287270927267
BAD 287306512789
BAD 287270927269
BAD 287306649367
BAD 287199507607
BAD 287199571103
BAD 287356005109
BAD 287199784309
BAD 287356735249
BAD 287140021643
BAD 287140212413
BAD 287272318063
BAD 287253438103
BAD 287140570163
BAD 287357265527
BAD 287357265529
BAD 287140712017
BAD 287140712029
BAD 287200808509
BAD 287200808539
BAD 287200812289
BAD 287200812373
BAD 287200974043
BAD 287308664821
BAD 287192977039
BAD 287296373401
BAD 287254650691
BAD 287254709363
BAD 287254709389
BAD 287229406831
BAD 287143649357
BAD 287360975731
BAD 287310467491
BAD 287274628709
BAD 287193767753
BAD 287296617029
BAD 287296617031
BAD 287296617073
BAD 287274960529
BAD 287275440043
BAD 287255740511
BAD 287195072909
BAD 287298042319
BAD 287298042323
BAD 287276243159
BAD 287276243161
BAD 287202401099
BAD 287276384443
BAD 287145113873
BAD 287256409493
BAD 287195868233
BAD 287363116693
BAD 287312406169
BAD 287277794863
BAD 287277926123
BAD 287256976949
BAD 287256980117
BAD 287256980119
BAD 287365933879
BAD 287146538443
BAD 287278363103
BAD 287364084461
BAD 287364084463
BAD 287366051029
BAD 287366051047
BAD 287257712629
BAD 287258262337
BAD 287313767809
BAD 287313767813
BAD 287279909479
BAD 287279909489
BAD 287279909491
BAD 287280106543
BAD 287258853289
BAD 287258853293
BAD 287206595033
BAD 287206595041
BAD 287206600957
BAD 287259072851
BAD 287259072853
BAD 287280447833
BAD 287280450773
BAD 287280827189
BAD 287280827191
BAD 287259389897
BAD 287368365611
BAD 287368515893
BAD 287368515919
BAD 287259575257
BAD 287259575261
BAD 287259575263
BAD 287259575269
BAD 287259575287
BAD 287259821029
BAD 287260381217
BAD 287208720661
BAD 287370484697
BAD 287370484699
BAD 287210587073
BAD 287371198951
BAD 287371230319
BAD 287262366409
BAD 287372400067
BAD 287264069047
BAD 287212689347
BAD 287212723531
BAD 287264358233
BAD 287214113009
BAD 287214158851
BAD 287214158911
BAD 287374097873
BAD 287375385197
BAD 287377362499
BAD 287377362541
BAD 287377362553
BAD 287377362557
BAD 287378521411
BAD 287378521459
BAD 287378881051
BAD 287379984817
BAD 287379984839
BAD 287380247773
BAD 287380910783
BAD 287380910797
BAD 287381337443
BAD 287382345937
BAD 287383304927
BAD 287383322441
BAD 287384142713
BAD 287384142739
BAD 287384432813
BAD 287386868347
BAD 287387003363
BAD 287391746969
BAD 287391957113
BAD 287392329491
BAD 287392329493
BAD 287392825303
BAD 287393804801
BAD 287397841201
BAD 287397922291
BAD 287399879387
BAD 287400319963
BAD 287400319967
BAD 287401048579
BAD 287401048589
BAD 287401048591
BAD 287402539117
BAD 287404361483
BAD 287406117199
BAD 287406608261
BAD 287406608263
BAD 287406708469
BAD 287407144961
BAD 287407144963
BAD 287407144967
BAD 287408198711
BAD 287408198713
BAD 287408740433
BAD 287408740441
BAD 287410626827
BAD 287410626829
BAD 287412018623
BAD 287412363241
BAD 287412363247
BAD 287412363257
BAD 287415830113
BAD 287418753511
BAD 287418857171
BAD 287419029619
BAD 287419920751
BAD 287424161963
BAD 287425989133
BAD 287425989181
BAD 287425989187
BAD 287426562691
BAD 287432351221
BAD 287432860747
BAD 287428449499
BAD 287429972029
BAD 287436230803
BAD 287437748327
BAD 287437748329
BAD 287437748333
BAD 287439497209
BAD 287439497221
BAD 287439523253
BAD 287440219897
BAD 287440256759
BAD 287441255797
BAD 287441555983
BAD 287441555987
BAD 287442083251
BAD 287444416081
BAD 287445305053
BAD 287445539389
BAD 287445539393
BAD 287445736531
BAD 287446388303
BAD 287449535843
BAD 287449656997
BAD 287450409583
BAD 287451292591
BAD 287452146853
BAD 287452517501
BAD 287452517503
BAD 287452517507
BAD 287452517509
BAD 287455524493
BAD 287455572751
BAD 287455572757
BAD 287456277013
BAD 287456277019
BAD 287456277049
BAD 287456972689
BAD 287456987663
BAD 287456987669
BAD 287483281727
BAD 287487068903
BAD 287487197227
BAD 287487197233
BAD 287487197243
BAD 287487463111
BAD 287487503497
BAD 287488730261
BAD 287459896859
BAD 287459896861
BAD 287462357681
BAD 287462357683
BAD 287491340209
BAD 287491661063
BAD 287491706783
BAD 287492101381
BAD 287492101397
BAD 287492911339
BAD 287465137163
BAD 287465184781
BAD 287465209643
BAD 287465616479
BAD 287465616481
BAD 287495339753
BAD 287495339759
BAD 287495455847
BAD 287496959207
BAD 287496961043
BAD 287496961049
BAD 287496961051
BAD 287497108039
BAD 287497108043
BAD 287497348387
BAD 287497348531
BAD 287498720423
BAD 287499497333
BAD 287499690871
BAD 287501217337
BAD 287501867953
BAD 287502919111
BAD 287502919117
BAD 287507176837
BAD 287507912933
BAD 287508365569
BAD 287508527153
BAD 287508527179
BAD 287508599899
BAD 287509258193
BAD 287509258207
BAD 287510178577
BAD 287510248939
BAD 287510248943
BAD 287510248951
BAD 287520186241
BAD 287520549601
BAD 287520549607
BAD 287468409391
BAD 287468409401
BAD 287520753473
BAD 287520753497
BAD 287520835027
BAD 287521074733
BAD 287521882273
BAD 287521882301
BAD 287521882303
BAD 287469710603
BAD 287522499787
BAD 287470790363
BAD 287471072897
BAD 287471072899
BAD 287471269517
BAD 287523926971
BAD 287525068531
BAD 287474139629
BAD 287474319413
BAD 287474344793
BAD 287474620483
BAD 287474791081
BAD 287474791091
BAD 287474791117
BAD 287475285577
BAD 287475285583
BAD 287526228433
BAD 287533159547
BAD 287475423133
BAD 287475460823
BAD 287533554887
BAD 287533597453
BAD 287476340663
BAD 287527605439
BAD 287477309501
BAD 287477309503
BAD 287534566951
BAD 287566850537
BAD 287477941579
BAD 287477941637
BAD 287477959939
BAD 287528686667
BAD 287528686673
BAD 287477959943
BAD 287535579941
BAD 287535579943
BAD 287478012571
BAD 287513649869
BAD 287478530929
BAD 287514124531
BAD 287478917989
BAD 287568286321
BAD 287568335333
BAD 287568335339
BAD 287536908151
BAD 287537291149
BAD 287480025907
BAD 287529283253
BAD 287537822149
BAD 287537977289
BAD 287537977291
BAD 287537977297
BAD 287650926349
BAD 287538115771
BAD 287480625169
BAD 287570476099
BAD 287570541847
BAD 287481222073
BAD 287539379671
BAD 287571124769
BAD 287481399727
BAD 287571124777
BAD 287481408743
BAD 287481408763
BAD 287539668407
BAD 287539668413
BAD 287651877173
BAD 287651877179
BAD 287539704953
BAD 287530548973
BAD 287652133501
BAD 287652133553
BAD 287572172509
BAD 287653068271
BAD 287572598129
BAD 287532386611
BAD 287532386621
BAD 287542034347
BAD 287482300891
BAD 287532386629
BAD 287572825081
BAD 287653942117
BAD 287542404049
BAD 287542404053
BAD 287542404067
BAD 287532861001
BAD 287601597043
BAD 287601693091
BAD 287573764117
BAD 287542991161
BAD 287574459889
BAD 287575739707
BAD 287584021763
BAD 287604359023
BAD 287604359033
BAD 287604646423
BAD 287604861569
BAD 287604861571
BAD 287577279667
BAD 287577279697
BAD 287585612621
BAD 287577700021
BAD 287577714271
BAD 287577714283
BAD 287577714289
BAD 287657687431
BAD 287657732279
BAD 287578533793
BAD 287550137569
BAD 287606231849
BAD 287657732281
BAD 287657732303
BAD 287606231851
BAD 287548551247
BAD 287550562939
BAD 287658215297
BAD 287606730377
BAD 287606730379
BAD 287606730391
BAD 287658309691
BAD 287550768151
BAD 287550768163
BAD 287588991121
BAD 287589296431
BAD 287551418311
BAD 287607825377
BAD 287607825391
BAD 287580502087
BAD 287660053327
BAD 287581189939
BAD 287581189943
BAD 287581305049
BAD 287608725883
BAD 287581443199
BAD 287581754881
BAD 287553074423
BAD 287553074429
BAD 287662523689
BAD 287609657029
BAD 287767964311
BAD 287592367703
BAD 287768186963
BAD 287592729337
BAD 287592729349
BAD 287768547853
BAD 287553881653
BAD 287593674787
BAD 287594586311
BAD 287594586313
BAD 287611276453
BAD 287595062179
BAD 287595062189
BAD 287595062191
BAD 287769910783
BAD 287769910789
BAD 287769910793
BAD 287664507527
BAD 287595590839
BAD 287770395277
BAD 287770395281
BAD 287664736427
BAD 287555592721
BAD 287612155711
BAD 287665106203
BAD 287612477057
BAD 287596491409
BAD 287596512199
BAD 287596512221
BAD 287614205701
BAD 287771463607
BAD 287555919143
BAD 287596512223
BAD 287581823839
BAD 287614205743
BAD 287771463611
BAD 287596512251
BAD 287614205759
BAD 287771463613
BAD 287596512271
BAD 287771463619
BAD 287581823843
BAD 287718647023
BAD 287718647033
BAD 287718647059
BAD 287718647063
BAD 287556305513
BAD 287719072709
BAD 287582718919
BAD 287582718923
BAD 287615526197
BAD 287615526199
BAD 287615526203
BAD 287719625839
BAD 287597221243
BAD 287597221259
BAD 287616230527
BAD 287616811129
BAD 287616811159
BAD 287598548843
BAD 287598901963
BAD 287598901969
BAD 287599181213
BAD 287599201303
BAD 287559239683
BAD 287775845941
BAD 287775845971
BAD 287775845977
BAD 287776332169
BAD 287560408693
BAD 287560408697
BAD 287560408699
BAD 287777959501
BAD 287560877843
BAD 287778316433
BAD 287778316513
BAD 287778316517
BAD 287778316519
BAD 287561445547
BAD 287779407353
BAD 287686744193
BAD 287779925227
BAD 287779925231
BAD 287779925233
BAD 287562829417
BAD 287562829429
BAD 287562993061
BAD 287780352469
BAD 287780352473
BAD 287687607241
BAD 287726887339
BAD 287780761927
BAD 287687937379
BAD 287780874013
BAD 287780874023
BAD 287687948333
BAD 287781136561
BAD 287728867171
BAD 287728867183
BAD 287688890417
BAD 287564913593
BAD 287688970493
BAD 287729657141
BAD 287729657143
BAD 287689403399
BAD 287689403401
BAD 287565384077
BAD 287730329371
BAD 287783373817
BAD 287730628169
BAD 287565872837
BAD 287690213693
BAD 287730786559
BAD 287690611699
BAD 287690611711
BAD 287566274777
BAD 287566274783
BAD 287784082577
BAD 287784082583
BAD 287691519239
BAD 287732441431
BAD 287693775737
BAD 287694092747
BAD 287733759259
BAD 287733759263
BAD 287696184163
BAD 287696184169
BAD 287696184173
BAD 287696184179
BAD 287696225573
BAD 287697424141
BAD 287697712261
BAD 287698452203
BAD 287701411709
BAD 287701411819
BAD 287701442663
BAD 287668221881
BAD 287700119117
BAD 287700299441
BAD 287700299443
BAD 287703916609
BAD 287671641923
BAD 287705307679
BAD 287672853739
BAD 287706559559
BAD 287706559561
BAD 287707282801
BAD 287707608481
BAD 287673976537
BAD 287709895663
BAD 287673976561
BAD 287634351001
BAD 287673976567
BAD 287673979913
BAD 287634365191
BAD 287634365201
BAD 287634592303
BAD 287617244153
BAD 287617643893
BAD 287635156597
BAD 287618479963
BAD 287618610613
BAD 287618610619
BAD 287618610623
BAD 287619331381
BAD 287619331399
BAD 287619331411
BAD 287675667319
BAD 287675667361
BAD 287619434989
BAD 287712320113
BAD 287712320117
BAD 287675849047
BAD 287676323651
BAD 287676323653
BAD 287676323663
BAD 287712667819
BAD 287712933619
BAD 287712933623
BAD 287637549301
BAD 287713327021
BAD 287621355631
BAD 287638782257
BAD 287638782259
BAD 287621391671
BAD 287713903759
BAD 287621640011
BAD 287679054373
BAD 287679116243
BAD 287714919497
BAD 287714919533
BAD 287714919539
BAD 287679556729
BAD 287679556733
BAD 287679556741
BAD 287680077931
BAD 287680077941
BAD 287680280057
BAD 287680280059
BAD 287715995977
BAD 287716157699
BAD 287641210201
BAD 287623811161
BAD 287623811171
BAD 287623811173
BAD 287623811227
BAD 287623811243
BAD 287623811263
BAD 287642037157
BAD 287717228731
BAD 287642183363
BAD 287682103013
BAD 287625154129
BAD 287644272613
BAD 287627078677
BAD 287645212033
BAD 287645234353
BAD 287645374879
BAD 287629428539
BAD 287629428547
BAD 287630583907
BAD 287630847677
BAD 287630847719
BAD 287649015271
BAD 287734854023
BAD 287734854031
BAD 287633431669
BAD 287785971623
BAD 287785971631
BAD 287785971637
BAD 287785971667
BAD 287735949817
BAD 287786901683
BAD 287737410497
BAD 287738186497
BAD 287738186503
BAD 287738260039
BAD 287738548597
BAD 287738598031
BAD 287790575909
BAD 287790575911
BAD 287739531199
BAD 287739531203
BAD 287792070337
BAD 287792070341
BAD 287740433623
BAD 287740433633
BAD 287792872489
BAD 287792989543
BAD 287792989553
BAD 287793075893
BAD 287793075907
BAD 287793169739
BAD 287793169789
BAD 287794554709
BAD 287743152149
BAD 287796028483
BAD 287796028493
BAD 287796313687
BAD 287796603433
BAD 287747708341
BAD 287799429773
BAD 287800558259
BAD 287800558261
BAD 287749440997
BAD 287749513433
BAD 287749827161
BAD 287749953109
BAD 287801095819
BAD 287801095823
BAD 287750555251
BAD 287801311439
BAD 287751218617
BAD 287751218659
BAD 287751218663
BAD 287751218669
BAD 287751587423
BAD 287751609923
BAD 287751609931
BAD 287751778351
BAD 287754959003
BAD 287756400233
BAD 287756612851
BAD 287756612881
BAD 287756612887
BAD 287757246787
BAD 287757246793
BAD 287757432733
BAD 287757432737
BAD 287758401023
BAD 287760823627
BAD 287761448189
BAD 287762424437
BAD 287762783137
BAD 287763141343
BAD 287763141373
BAD 287763141377
BAD 287763141403
BAD 287801614279
BAD 287801866699
BAD 287802026401
BAD 287803502101
BAD 287804662487
BAD 287804662489
BAD 287808284221
BAD 287808541703
BAD 287809036387
BAD 287809989769
BAD 287811711437
BAD 287812569413
BAD 287813114681
BAD 287813114683
BAD 287813401553
BAD 287813401559
BAD 287813681839
BAD 287813707793
BAD 287814928637
BAD 287816047709
BAD 287816047711
BAD 287816480813
BAD 287816879123
BAD 287816934451
BAD 287816934463
BAD 287816934467
BAD 287816934469
BAD 287817004819
BAD 287817004823
BAD 287817060913
BAD 287817060917
BAD 287817060919
BAD 287817548341
BAD 287817548353
BAD 287821230821
BAD 287822189243
BAD 287823507271
BAD 287827894373
BAD 287827894379
BAD 287827894381
BAD 287828504267
BAD 287829824213
BAD 287829824221
BAD 287829918863
BAD 287832371683
BAD 287832371753
BAD 287833158593
BAD 287833158601
BAD 287834001593
BAD 287834001619
BAD 287835408667
BAD 287835562447
BAD 287837893201
BAD 287838133679
BAD 287840297713
BAD 287840702719
BAD 287841713011
BAD 287841713021
BAD 287841713023
BAD 287842726123
BAD 287844103543
BAD 287844357379
BAD 287845103747
BAD 287845674301
BAD 287845971199
BAD 287845971223
BAD 287846635129
BAD 287846635133
BAD 287846984123
BAD 287846984167
BAD 287846984171
BAD 287847055339
BAD 287847055343
BAD 287847148819
BAD 287847287941
BAD 287847391903
BAD 287847391907
BAD 287847391921
BAD 287847391943
BAD 287848096103
BAD 287848096117
BAD 287848982929
BAD 287849729047
BAD 287868526163
BAD 287869484713
BAD 287870100577
BAD 287870536799
BAD 287872387741
BAD 287873845621
BAD 287873845639
BAD 287873845643
BAD 287874905743
BAD 287852247019
BAD 287875673653
BAD 287876451773
BAD 287876631023
BAD 287877257263
BAD 287855864383
BAD 287855864389
BAD 287855864393
BAD 287858606569
BAD 287858606573
BAD 287860748899
BAD 287878737473
BAD 287862183113
BAD 287863072943
BAD 287880603427
BAD 287864136737
BAD 287864876737
BAD 287864876743
BAD 287864876869
BAD 287864876953
BAD 287864876983
BAD 287864877049
BAD 287865394153
BAD 287883347461
BAD 287867125187
BAD 287867125193
BAD 287868267067
BAD 287953142779
BAD 287953142783
BAD 287953295369
BAD 287953621693
BAD 287953621751
BAD 287955486463
BAD 287956483193
BAD 287986281299
BAD 287986281301
BAD 287986872023
BAD 287987868887
BAD 287987994089
BAD 287988797989
BAD 287988856537
BAD 287989093549
BAD 287990168797
BAD 287957008771
BAD 287957116553
BAD 287957116561
BAD 287957386573
BAD 287958210121
BAD 287959601569
BAD 287970613033
BAD 287970613037
BAD 287994677717
BAD 287994677731
BAD 287994902323
BAD 287995499119
BAD 287971564043
BAD 287971906169
BAD 287971906171
BAD 287971906177
BAD 287972226413
BAD 287972283133
BAD 287996120591
BAD 287996120593
BAD 287996120611
BAD 287972535083
BAD 287972535107
BAD 287972706809
BAD 287996305403
BAD 287996305409
BAD 287996305411
BAD 287972821417
BAD 287972821421
BAD 287996652049
BAD 287974282601
BAD 287997810523
BAD 287998929499
BAD 287998929511
BAD 287999139223
BAD 287999193217
BAD 287961415607
BAD 287961486713
BAD 288000219163
BAD 288000258047
BAD 288000258053
BAD 288000434611
BAD 288070049147
BAD 288070049149
BAD 288070108561
BAD 288070108589
BAD 288070108591
BAD 288002095657
BAD 287964639271
BAD 287975648819
BAD 288070761061
BAD 287975790059
BAD 287975790061
BAD 287975790083
BAD 288072642751
BAD 288072644059
BAD 288072644063
BAD 287902671503
BAD 287968593071
BAD 287903038799
BAD 287903129243
BAD 287903129249
BAD 287903129251
BAD 287969143643
BAD 288074120317
BAD 288074429333
BAD 287905303237
BAD 287905317811
BAD 287905317829
BAD 287905427717
BAD 288075936931
BAD 288076679647
BAD 287906812079
BAD 287887005517
BAD 288077464963
BAD 287907297313
BAD 287907297383
BAD 287979126923
BAD 287979162743
BAD 287908068923
BAD 288154385557
BAD 287888199041
BAD 287888199043
BAD 288079051123
BAD 287980278517
BAD 287980457839
BAD 288137248499
BAD 288137439803
BAD 288079621667
BAD 288155448037
BAD 287909247473
BAD 287909247497
BAD 287981287567
BAD 288155755529
BAD 288155887199
BAD 287909438903
BAD 287909438909
BAD 287909438911
BAD 288138102743
BAD 288138102751
BAD 287889321767
BAD 287909730019
BAD 287909730023
BAD 287983015043
BAD 287983015051
BAD 287983015063
BAD 288139506241
BAD 287910968509
BAD 288139850083
BAD 287984537611
BAD 288081697447
BAD 288157821533
BAD 288004677313
BAD 287935794199
BAD 288120654781
BAD 287911135121
BAD 287911135123
BAD 287936344349
BAD 288005073949
BAD 288005073977
BAD 288121203899
BAD 288121203901
BAD 287936980853
BAD 287911958063
BAD 287985764663
BAD 288082541221
BAD 288140552363
BAD 287912113513
BAD 287891089567
BAD 287891089573
BAD 288121520303
BAD 288159784403
BAD 288083092421
BAD 288121786913
BAD 287891788381
BAD 287891788397
BAD 287891788399
BAD 287891788403
BAD 288124506083
BAD 287913649253
BAD 288084837149
BAD 288142211813
BAD 288161591581
BAD 288084837151
BAD 287938532641
BAD 288161591587
BAD 288142211821
BAD 288161591591
BAD 288142211843
BAD 288161591593
BAD 288161591629
BAD 288084948841
BAD 288084948923
BAD 288161759453
BAD 287938637563
BAD 288124989953
BAD 288124989959
BAD 287892509171
BAD 287892509173
BAD 287892509189
BAD 287892509221
BAD 288008054393
BAD 288008098969
BAD 288085619131
BAD 287892617293
BAD 287892617303
BAD 288142966939
BAD 288142966949
BAD 287939534513
BAD 287915278939
BAD 288162883301
BAD 288125927627
BAD 288125927629
BAD 288162883303
BAD 287894287657
BAD 287894287661
BAD 287894287663
BAD 287894287711
BAD 287894287771
BAD 288127115897
BAD 288009950749
BAD 287916374533
BAD 287916569827
BAD 287916569833
BAD 287916569839
BAD 287941719959
BAD 287916918481
BAD 287916918533
BAD 288128180947
BAD 288010695689
BAD 288010695691
BAD 288010695697
BAD 288145606943
BAD 288145606951
BAD 288145607017
BAD 288145607021
BAD 288011020813
BAD 288145607023
BAD 287917444057
BAD 288011020823
BAD 288129597649
BAD 287942430583
BAD 287896319467
BAD 288145607027
BAD 288166655033
BAD 287896319471
BAD 288011091661
BAD 288011091751
BAD 287943384557
BAD 288167611819
BAD 287918371579
BAD 287918371589
BAD 287918371591
BAD 287897137219
BAD 288012371477
BAD 288012383251
BAD 288012383257
BAD 287897589689
BAD 287897589691
BAD 288131570761
BAD 288168685823
BAD 288131693483
BAD 288131693519
BAD 288131693527
BAD 288131693539
BAD 288131693543
BAD 288131693617
BAD 288148008017
BAD 288015002383
BAD 288148008041
BAD 287898557929
BAD 288132593953
BAD 287944962533
BAD 288148008053
BAD 288169956539
BAD 288132593971
BAD 288132593993
BAD 288169956541
BAD 288169956553
BAD 288170060513
BAD 288148137139
BAD 287945228269
BAD 288148393457
BAD 288148393459
BAD 288016367941
BAD 287946267677
BAD 288016439287
BAD 287899815773
BAD 287900208481
BAD 288019144111
BAD 288104081101
BAD 288104081107
BAD 287949786599
BAD 288152372293
BAD 287951121049
BAD 288105298757
BAD 288105298759
BAD 288105298771
BAD 287951296489
BAD 288105298777
BAD 288105298781
BAD 287952224513
BAD 288106192159
BAD 288106192169
BAD 288106192183
BAD 288106192189
BAD 288106192193
BAD 288106276973
BAD 288106276993
BAD 288106276999
BAD 288106277009
BAD 288108616253
BAD 288109606457
BAD 288109606459
BAD 288036731629
BAD 288019537849
BAD 288020010079
BAD 288020601467
BAD 288020601469
BAD 288020833423
BAD 288039565633
BAD 288040008877
BAD 288040008887
BAD 288087125941
BAD 288022059181
BAD 288022133513
BAD 288114737941
BAD 288114737959
BAD 288041918629
BAD 288170887507
BAD 288170887517
BAD 288024679307
BAD 288024679309
BAD 288024679321
BAD 288043007267
BAD 288043007269
BAD 288024872929
BAD 288025256963
BAD 288171579779
BAD 288043778657
BAD 288043942913
BAD 288172028629
BAD 288172028633
BAD 288116885911
BAD 288026525071
BAD 288117231583
BAD 288045126137
BAD 288045126139
BAD 288045126157
BAD 288188773603
BAD 288027927689
BAD 288045842093
BAD 288028117921
BAD 288189141533
BAD 288028482673
BAD 288028482727
BAD 288118533623
BAD 288118533671
BAD 288174231971
BAD 288118533673
BAD 288174232001
BAD 288028742201
BAD 288028742203
BAD 288174449443
BAD 288046636523
BAD 288091615073
BAD 288029248823
BAD 288175205629
BAD 288119234041
BAD 288029753233
BAD 288047334559
BAD 288175403497
BAD 288175403513
BAD 288029886743
BAD 288030166357
BAD 288030166381
BAD 288030490387
BAD 288030490393
BAD 288191575003
BAD 288191694289
BAD 288191694293
BAD 288192089897
BAD 288192089903
BAD 288031352771
BAD 288031352773
BAD 288093879301
BAD 288032188219
BAD 288032188229
BAD 288032188231
BAD 287924563813
BAD 288095110063
BAD 288095110081
BAD 288095110087
BAD 288052919929
BAD 288052919933
BAD 288052919939
BAD 288052919941
BAD 288053714659
BAD 288053896667
BAD 287925605719
BAD 288033689369
BAD 288033689371
BAD 288054892967
BAD 288054892969
BAD 288096306959
BAD 288096306961
BAD 288034164643
BAD 288034164647
BAD 287926042343
BAD 288055523999
BAD 288034321873
BAD 288034321877
BAD 288034321879
BAD 288055910651
BAD 288183633713
BAD 288183797563
BAD 288183797569
BAD 288034703239
BAD 288034703267
BAD 288183996509
BAD 288200540869
BAD 288183996511
BAD 288034703269
BAD 288056748587
BAD 287927349067
BAD 287927349071
BAD 288056748589
BAD 288056748593
BAD 287927514923
BAD 288056906023
BAD 288184462849
BAD 288098725393
BAD 288201174889
BAD 288201174893
BAD 288184878133
BAD 288184878187
BAD 288057351947
BAD 288057351949
BAD 288035673143
BAD 288185028283
BAD 288185028317
BAD 288185028319
BAD 288185028323
BAD 288185091241
BAD 288099543451
BAD 287928658027
BAD 288185639999
BAD 288100273381
BAD 288100273387
BAD 288202360951
BAD 288059254673
BAD 288187124299
BAD 287929550243
BAD 288100388291
BAD 288100388293
BAD 288202708369
BAD 288202708373
BAD 288202708379
BAD 288059626663
BAD 287930014621
BAD 288203402873
BAD 288060121523
BAD 288060121529
BAD 288060121537
BAD 288101401339
BAD 288101424917
BAD 288102689863
BAD 287931799319
BAD 287931903463
BAD 287931903487
BAD 287932132183
BAD 288063683527
BAD 287933152867
BAD 288204327139
BAD 288204369919
BAD 288204369923
BAD 288064778959
BAD 288205724809
BAD 288067174651
BAD 288067174723
BAD 288067174739
BAD 288067174741
BAD 288067174763
BAD 288067248949
BAD 288207560651
BAD 288207560653
BAD 288068421247
BAD 288068980783
BAD 288069752723
BAD 288210108569
BAD 288212975851
BAD 288213586007
BAD 288213586009
BAD 288214655489
BAD 288215340887
BAD 288215340893
BAD 288217013741
BAD 288217013743
BAD 288218293087
BAD 288218293141
BAD 288218456767
BAD 288219496777
BAD 288219496783
BAD 288219499339
BAD 288220691069
BAD 288220691123
BAD 288220913093
BAD 288221657527
BAD 288224550013
BAD 288225339769
BAD 288225559763
BAD 288228920569
BAD 288232436299
BAD 288232491979
BAD 288232491991
BAD 288232930231
BAD 288232930253
BAD 288233466893
BAD 288233466907
BAD 288233907139
BAD 288234149059
BAD 288234149089
BAD 288234149117
BAD 288234149123
BAD 288234149129
BAD 288234149131
BAD 288234190711
BAD 288234771373
BAD 288234771379
BAD 288239641147
BAD 288239709559
BAD 288239709581
BAD 288239935483
BAD 288240029687
BAD 288240029689
BAD 288241626571
BAD 288241979731
BAD 288236498677
BAD 288236498681
BAD 288236498687
BAD 288236498689
BAD 288243530677
BAD 288244338271
BAD 288244736347
BAD 288244947163
BAD 288246018427
BAD 288246150473
BAD 288246150481
BAD 288246812573
BAD 288247127599
BAD 288247127603
BAD 288247515841
BAD 288251662729
BAD 288251662733
BAD 288251662739
BAD 288252418477
BAD 288254288629
BAD 288255167293
BAD 288255351863
BAD 288257673211
BAD 288257673233
BAD 288257673239
BAD 288257851643
BAD 288259613933
BAD 288260806019
BAD 288260806021
BAD 288261489683
BAD 288262312109
BAD 288262312111
BAD 288264928837
BAD 288264928849
BAD 288265716769
BAD 288265716779
BAD 288265848677
BAD 288265848679
BAD 288265848683
BAD 288266205673
BAD 288266275421
BAD 288268134169
BAD 288270010549
BAD 288270010571
BAD 288270010573
BAD 288270192653
BAD 288272648639
BAD 288272648641
BAD 288272648647
BAD 288272648663
BAD 288275531839
BAD 288275828851
BAD 288278089163
BAD 288278468057
BAD 288278468059
BAD 288278468063
BAD 288279767159
BAD 288279767161
BAD 288280343509
BAD 288280343513
BAD 288280801187
BAD 288280801189
BAD 288280968023
BAD 288280968029
BAD 288282228407
BAD 288282266011
BAD 288283577341
BAD 288284203327
BAD 288284680037
BAD 288284680039
BAD 288284680049
BAD 288284680051
BAD 288285000071
BAD 288307273283
BAD 288309066659
BAD 288309453661
BAD 288310373893
BAD 288311765747
BAD 288312146449
BAD 288314487497
BAD 288314487499
BAD 288317348203
BAD 288317348213
BAD 288320816327
BAD 288606880147
BAD 288422751367
BAD 288422877749
BAD 288422877751
BAD 288422877803
BAD 288423197693
BAD 288424713211
BAD 288338689801
BAD 288424785811
BAD 288424904461
BAD 288610727497
BAD 288339292027
BAD 288425435927
BAD 288425435929
BAD 288339590377
BAD 288339590393
BAD 288339590401
BAD 288425672177
BAD 288425672179
BAD 288339833087
BAD 288340083337
BAD 288340083391
BAD 288611746543
BAD 288611746547
BAD 288611747819
BAD 288611747821
BAD 288340832671
BAD 288340832677
BAD 288426957083
BAD 288427723127
BAD 288427799819
BAD 288427799831
BAD 288427799833
BAD 288428077813
BAD 288613797091
BAD 288343035601
BAD 288615845831
BAD 288615845839
BAD 288430959169
BAD 288618856723
BAD 288618856741
BAD 288619900441
BAD 288619900453
BAD 288432125329
BAD 288433504441
BAD 288621545923
BAD 288433999223
BAD 288622128343
BAD 288622404713
BAD 288623135293
BAD 288623287111
BAD 288344078293
BAD 288344097367
BAD 288344097373
BAD 288344097389
BAD 288344097397
BAD 288358081129
BAD 288359824957
BAD 288359824969
BAD 288347304899
BAD 288347304901
BAD 288436737229
BAD 288437252497
BAD 288361434983
BAD 288361527079
BAD 288361712383
BAD 288362034157
BAD 288362034161
BAD 288349994483
BAD 288350203613
BAD 288350203619
BAD 288350203621
BAD 288350954029
BAD 288352002383
BAD 288366538099
BAD 288366664013
BAD 288366664073
BAD 288366720379
BAD 288367676089
BAD 288354067373
BAD 288354176161
BAD 288368784533
BAD 288368941583
BAD 288368941591
BAD 288369707411
BAD 288371084093
BAD 288371336087
BAD 288371336089
BAD 288388857763
BAD 288388857781
BAD 288388857787
BAD 288388857797
BAD 288473117087
BAD 288473117089
BAD 288456021559
BAD 288456129383
BAD 288389774243
BAD 288474584003
BAD 288458042933
BAD 288439183493
BAD 288506667121
BAD 288475737169
BAD 288439183499
BAD 288506732729
BAD 288506732737
BAD 288475831321
BAD 288439444127
BAD 288439444129
BAD 288288512959
BAD 288288549487
BAD 288476319827
BAD 288476319829
BAD 288476477173
BAD 288288924439
BAD 288507509453
BAD 288289152797
BAD 288289152799
BAD 288440578579
BAD 288507828319
BAD 288440894671
BAD 288440894689
BAD 288372050201
BAD 288290320187
BAD 288290320189
BAD 288372206791
BAD 288372527629
BAD 288290704813
BAD 288290984081
BAD 288290984083
BAD 288512317453
BAD 288461927333
BAD 288512317459
BAD 288375021313
BAD 288512317463
BAD 288443550469
BAD 288480053123
BAD 288375021317
BAD 288290984087
BAD 288290984089
BAD 288375122153
BAD 288375145789
BAD 288375145813
BAD 288375145819
BAD 288375145823
BAD 288462840313
BAD 288462840317
BAD 288444434933
BAD 288292119457
BAD 288481396279
BAD 288444565427
BAD 288444565429
BAD 288444608813
BAD 288481660343
BAD 288375923917
BAD 288375923921
BAD 288375923963
BAD 288376213669
BAD 288376213673
BAD 288445296259
BAD 288514567753
BAD 288514567763
BAD 288482889859
BAD 288464747521
BAD 288483183587
BAD 288483183589
BAD 288483283643
BAD 288483283651
BAD 288483283667
BAD 288376797983
BAD 288465123091
BAD 288294371389
BAD 288445984237
BAD 288445984241
BAD 288445984249
BAD 288445984327
BAD 288446042723
BAD 288294937499
BAD 288378451741
BAD 288378451759
BAD 288378845407
BAD 288466183573
BAD 288466183583
BAD 288296030053
BAD 288379238363
BAD 288466491559
BAD 288466491563
BAD 288379534643
BAD 288486052693
BAD 288296587349
BAD 288517926821
BAD 288467763901
BAD 288447577199
BAD 288486462401
BAD 288467763911
BAD 288379802089
BAD 288517960583
BAD 288517960723
BAD 288517960727
BAD 288517960729
BAD 288406029019
BAD 288379878487
BAD 288447790583
BAD 288380225239
BAD 288297114529
BAD 288518477603
BAD 288297347341
BAD 288297347353
BAD 288468592523
BAD 288297556013
BAD 288297556021
BAD 288468813329
BAD 288519171121
BAD 288469557199
BAD 288488500697
BAD 288488500763
BAD 288488500771
BAD 288449740171
BAD 288381984169
BAD 288382008841
BAD 288382008847
BAD 288450031217
BAD 288450031231
BAD 288382020943
BAD 288382065889
BAD 288382145587
BAD 288299049751
BAD 288299049763
BAD 288299049767
BAD 288299049769
BAD 288390529561
BAD 288390579439
BAD 288390579443
BAD 288390605059
BAD 288390605071
BAD 288390605101
BAD 288450443867
BAD 288450443893
BAD 288450443903
BAD 288390704617
BAD 288450535999
BAD 288450536071
BAD 288407958637
BAD 288407958653
BAD 288407958659
BAD 288407958661
BAD 288299688329
BAD 288299688331
BAD 288471307373
BAD 288471307409
BAD 288521320169
BAD 288471307417
BAD 288451674559
BAD 288384433163
BAD 288409748251
BAD 288301462543
BAD 288391968691
BAD 288592669331
BAD 288301462567
BAD 288592669333
BAD 288489859507
BAD 288301688237
BAD 288301688239
BAD 288592941283
BAD 288592982947
BAD 288451980391
BAD 288451988707
BAD 288451988711
BAD 288302042557
BAD 288392700391
BAD 288593439931
BAD 288490402003
BAD 288410399359
BAD 288385626019
BAD 288385720741
BAD 288411205891
BAD 288522275669
BAD 288522275683
BAD 288490979551
BAD 288594408833
BAD 288490979563
BAD 288386309119
BAD 288394130881
BAD 288594863443
BAD 288594863449
BAD 288594904111
BAD 288394496101
BAD 288522801233
BAD 288412178723
BAD 288303106999
BAD 288412253693
BAD 288303148711
BAD 288303148717
BAD 288595572347
BAD 288491827343
BAD 288595892089
BAD 288595892131
BAD 288454611223
BAD 288454611233
BAD 288454611241
BAD 288454611337
BAD 288454611359
BAD 288596178053
BAD 288303956459
BAD 288303956461
BAD 288492694531
BAD 288396330643
BAD 288396330647
BAD 288455447491
BAD 288597115043
BAD 288597115091
BAD 288557309539
BAD 288597115099
BAD 288557309543
BAD 288455705701
BAD 288597250063
BAD 288597395633
BAD 288597395641
BAD 288415036561
BAD 288597760699
BAD 288415890209
BAD 288415890211
BAD 288398614111
BAD 288494603281
BAD 288494603297
BAD 288558551929
BAD 288573189889
BAD 288573189893
BAD 288573189899
BAD 288573189901
BAD 288573189923
BAD 288573236521
BAD 288541211141
BAD 288541211143
BAD 288541211149
BAD 288541211159
BAD 288495581851
BAD 288541359511
BAD 288541359529
BAD 288541359571
BAD 288417276473
BAD 288600405493
BAD 288541870681
BAD 288400270427
BAD 288400270429
BAD 288400270441
BAD 288574328723
BAD 288400309123
BAD 288400309129
BAD 288400309133
BAD 288574474733
BAD 288574474757
BAD 288574474759
BAD 288574474763
BAD 288542420483
BAD 288496683997
BAD 288542564993
BAD 288418456691
BAD 288560515699
BAD 288560704933
BAD 288602406121
BAD 288543210721
BAD 288575485763
BAD 288419426263
BAD 288543400177
BAD 288543400181
BAD 288543400183
BAD 288603115589
BAD 288498257683
BAD 288420376159
BAD 288420376163
BAD 288576271471
BAD 288604171679
BAD 288604171733
BAD 288499243421
BAD 288605222273
BAD 288605222281
BAD 288545331541
BAD 288421584887
BAD 288421822531
BAD 288564332363
BAD 288564332369
BAD 288564332377
BAD 288564909211
BAD 288546639827
BAD 288578352473
BAD 288578353249
BAD 288578353253
BAD 288578791483
BAD 288566251177
BAD 288501872063
BAD 288502056463
BAD 288566783903
BAD 288548633257
BAD 288522990563
BAD 288522990571
BAD 288522990577
BAD 288503263717
BAD 288503263733
BAD 288503263751
BAD 288503263753
BAD 288580302251
BAD 288549003313
BAD 288549003317
BAD 288549094817
BAD 288549094819
BAD 288550401079
BAD 288504597649
BAD 288504597653
BAD 288504733351
BAD 288504829853
BAD 288505072787
BAD 288505072789
BAD 288505141189
BAD 288570916919
BAD 288570916939
BAD 288551398879
BAD 288551482211
BAD 288551482213
BAD 288571800421
BAD 288527465581
BAD 288572846273
BAD 288583843217
BAD 288528117211
BAD 288554666161
BAD 288554670883
BAD 288555079739
BAD 288555079741
BAD 288529506179
BAD 288555434863
BAD 288530917183
BAD 288532408873
BAD 288532590383
BAD 288534074513
BAD 288534074519
BAD 288534074539
BAD 288534156949
BAD 288323813273
BAD 288535531261
BAD 288324164357
BAD 288324312389
BAD 288324312391
BAD 288536437223
BAD 288536513899
BAD 288536841193
BAD 288325555733
BAD 288326106017
BAD 288326106023
BAD 288326349869
BAD 288327349789
BAD 288539184257
BAD 288539184259
BAD 288328533841
BAD 288330321247
BAD 288330975749
BAD 288333824881
BAD 288333824887
BAD 288334487887
BAD 288334800311
BAD 288641152279
BAD 288337660981
BAD 288643464773
BAD 288338247493
BAD 288338247497
BAD 288338247499
BAD 288644999191
BAD 288645512053
BAD 288645512059
BAD 288646873483
BAD 288646993051
BAD 288647634721
BAD 288648693679
BAD 288650928271
BAD 288651370159
BAD 288651669233
BAD 288652395953
BAD 288654511501
BAD 288654511507
BAD 288655116319
BAD 288655880083
BAD 288655880087
BAD 288656672207
BAD 288656672209
BAD 288656672219
BAD 288656672221
BAD 288624788873
BAD 288624974881
BAD 288625067383
BAD 288625723069
BAD 288626358781
BAD 288628903601
BAD 288628903603
BAD 288629636287
BAD 288629636303
BAD 288629636311
BAD 288631462687
BAD 288632149339
BAD 288632149343
BAD 288632184629
BAD 288632184751
BAD 288632358887
BAD 288632785481
BAD 288635077651
BAD 288635077657
BAD 288636178163
BAD 288637137577
BAD 288637137589
BAD 288637536113
BAD 288638356717
BAD 288639976553
BAD 288658813987
BAD 288658813997
BAD 288658813999
BAD 288658814009
BAD 288658814011
BAD 288659218517
BAD 288659591251
BAD 288660670849
BAD 288660734699
BAD 288660734701
BAD 288666406591
BAD 288670315951
BAD 288670315961
BAD 288670315963
BAD 288670907933
BAD 288674314603
BAD 288674314609
BAD 288674314613
BAD 288674314673
BAD 288674750717
BAD 288674858809
BAD 288674858821
BAD 288675314663
BAD 288676787911
BAD 288677541811
BAD 288677541871
BAD 288678380119
BAD 288682782359
BAD 288682782361
BAD 288682782391
BAD 288683151529
BAD 288684522193
BAD 288685680043
BAD 288688426027
BAD 288688426069
BAD 288688673303
BAD 288689911669
BAD 288690681197
BAD 288690681199
BAD 288690681203
BAD 288690681241
BAD 288690681247
BAD 288690681263
BAD 288690681269
BAD 288693883039
BAD 288697489351
BAD 288697545151
BAD 288699435469
BAD 288699435473
BAD 288699435481
BAD 288702372353
BAD 288702451291
BAD 288702817673
BAD 288703870837
BAD 288703870841
BAD 288703870843
BAD 288705096289
BAD 288705740689
BAD 288706088753
BAD 288706321159
BAD 288707291011
BAD 288707291029
BAD 288707897717
BAD 288707897719
BAD 288707897759
BAD 288708671521
BAD 288708772931
BAD 288708772939
BAD 288708773009
BAD 288708773011
BAD 288712782641
BAD 288712782643
BAD 288712782649
BAD 288712782653
BAD 288712782679
BAD 288716178637
BAD 288716630291
BAD 288718513723
BAD 288720281519
BAD 288720281527
BAD 288720282463
BAD 288720517123
BAD 288720517159
BAD 288721164821
BAD 288722972737
BAD 288723067873
BAD 288724083799
BAD 288724083803
BAD 288724113809
BAD 288876383987
BAD 288876383989
BAD 288774914941
BAD 288876668419
BAD 288876707831
BAD 288876842923
BAD 288775627733
BAD 288877832213
BAD 288877832231
BAD 288878304661
BAD 288758318011
BAD 288758318033
BAD 288758318039
BAD 288758318041
BAD 288758328899
BAD 288758349469
BAD 288777887119
BAD 288778257211
BAD 288841937677
BAD 288841937719
BAD 288842006087
BAD 288778739113
BAD 288976070843
BAD 288879895001
BAD 288880276193
BAD 288976704631
BAD 288976704649
BAD 288880637063
BAD 288977144821
BAD 288977437081
BAD 288780853261
BAD 288761877031
BAD 288781943743
BAD 288979684459
BAD 288763309741
BAD 288883685273
BAD 288883685287
BAD 288883743763
BAD 288883743767
BAD 288783088969
BAD 288783088973
BAD 288846428161
BAD 288846428183
BAD 288763609591
BAD 288763609601
BAD 288884115083
BAD 288981039931
BAD 288884519509
BAD 288981184447
BAD 288764535133
BAD 288764535139
BAD 288847530079
BAD 288824955943
BAD 288982052209
BAD 288825516181
BAD 288825516193
BAD 288885717301
BAD 288765712913
BAD 288765712927
BAD 288785319299
BAD 288785319301
BAD 288785319313
BAD 288785319323
BAD 288785319331
BAD 288885981977
BAD 288885981983
BAD 288886011203
BAD 288785677051
BAD 288785677057
BAD 288785677163
BAD 288785677177
BAD 288886416569
BAD 288886416571
BAD 288767010199
BAD 288786649807
BAD 288859997599
BAD 288859997603
BAD 288860106349
BAD 288767214907
BAD 288767214913
BAD 288887053057
BAD 288887053099
BAD 288861060541
BAD 288861060563
BAD 288861060647
BAD 288851512627
BAD 288852113843
BAD 288852210961
BAD 288852263107
BAD 288852263123
BAD 288861918607
BAD 288788447851
BAD 288888019867
BAD 288852958297
BAD 288831546469
BAD 288831546511
BAD 288862444237
BAD 288831711913
BAD 288831711919
BAD 288863491349
BAD 288863491351
BAD 288863491463
BAD 288789938917
BAD 288889561847
BAD 288983362609
BAD 288889561867
BAD 288770322553
BAD 288864705113
BAD 288741232063
BAD 288908880751
BAD 288832934941
BAD 288890014793
BAD 288865366121
BAD 288865366123
BAD 288790561847
BAD 288790561849
BAD 288790577237
BAD 288790577239
BAD 288791491927
BAD 288791491931
BAD 288890285171
BAD 288890285183
BAD 288865681493
BAD 288742601143
BAD 288771296911
BAD 288771296921
BAD 288771296923
BAD 288833968483
BAD 288792417721
BAD 288792417737
BAD 288890973403
BAD 288890973409
BAD 288743481953
BAD 288911697929
BAD 288793940023
BAD 288835156147
BAD 288867708587
BAD 288853904411
BAD 288793940027
BAD 288911697931
BAD 288891904073
BAD 288853904413
BAD 288853904419
BAD 288891904129
BAD 288772249697
BAD 288772249699
BAD 288867721139
BAD 288867721141
BAD 288835223249
BAD 288835223251
BAD 288808387213
BAD 288868579801
BAD 288868795199
BAD 288744682579
BAD 288744820817
BAD 288744820823
BAD 288809186879
BAD 288809186881
BAD 288869140039
BAD 288869221019
BAD 288869221021
BAD 288745134241
BAD 288745134583
BAD 288795127783
BAD 288837229699
BAD 288773855971
BAD 288913650967
BAD 288856095613
BAD 288773855977
BAD 288913650973
BAD 288773855983
BAD 288988439063
BAD 288837488393
BAD 288869359249
BAD 288837694807
BAD 288837694811
BAD 288837694813
BAD 288837750991
BAD 288837751171
BAD 288774434387
BAD 288837889079
BAD 288988835711
BAD 288988835719
BAD 288838323559
BAD 288838323691
BAD 288746251921
BAD 288811335653
BAD 288857415349
BAD 288914981239
BAD 288746775959
BAD 288796486529
BAD 288812242997
BAD 288812243003
BAD 288915850207
BAD 288871499723
BAD 288871499731
BAD 288813159301
BAD 288748351081
BAD 288916480873
BAD 288748575043
BAD 288841173409
BAD 288917217019
BAD 288917261959
BAD 288797825839
BAD 288797825843
BAD 288813991493
BAD 288798128293
BAD 288798128299
BAD 288749771083
BAD 288798193729
BAD 288749919643
BAD 288750151843
BAD 288750250447
BAD 288873434897
BAD 288873434909
BAD 288873434911
BAD 288750503449
BAD 288750503453
BAD 288750503479
BAD 288918638083
BAD 288992242333
BAD 288918826223
BAD 288798781783
BAD 288814868723
BAD 288814868737
BAD 288874181899
BAD 288815512637
BAD 288815512639
BAD 288800068819
BAD 288874802371
BAD 288752633371
BAD 288752633401
BAD 288752662181
BAD 288752662183
BAD 288752662201
BAD 288752662207
BAD 288800573389
BAD 288800573393
BAD 288752782501
BAD 288800643013
BAD 288815949307
BAD 288815949319
BAD 288921077743
BAD 288800942167
BAD 288816185839
BAD 288816185843
BAD 288801702697
BAD 288801702703
BAD 288801858817
BAD 288802718851
BAD 288755449979
BAD 288755449981
BAD 288803786209
BAD 288803786213
BAD 288755842519
BAD 288755842523
BAD 288755842621
BAD 288924522113
BAD 288924522121
BAD 288818237909
BAD 288756500843
BAD 288925371533
BAD 288806433037
BAD 288806433043
BAD 288806433049
BAD 288807215911
BAD 288807215933
BAD 288807215941
BAD 288820727227
BAD 288820779691
BAD 288807833927
BAD 288823642069
BAD 288823785533
BAD 288725926403
BAD 288726467101
BAD 288824697923
BAD 288728503681
BAD 288728739337
BAD 288993520511
BAD 288993520513
BAD 288729323243
BAD 288729455101
BAD 288729455107
BAD 288729455117
BAD 288729524243
BAD 288730577677
BAD 288996433501
BAD 288996951379
BAD 288732303619
BAD 288997282009
BAD 288997282019
BAD 288732528061
BAD 288732528067
BAD 288998503331
BAD 288999611497
BAD 288999616309
BAD 288999737497
BAD 289000025239
BAD 289000684649
BAD 288739448149
BAD 288739488913
BAD 288740073121
BAD 288740073131
BAD 288740073133
BAD 289004102843
BAD 289004903111
BAD 289004903113
BAD 289005202253
BAD 289026976099
BAD 288925532173
BAD 289027063799
BAD 289005833749
BAD 288927057533
BAD 288927082519
BAD 288942572813
BAD 288959392441
BAD 289028549113
BAD 289007483161
BAD 288959392471
BAD 288927270043
BAD 288927270053
BAD 288927347483
BAD 288927347497
BAD 288927491161
BAD 289008110803
BAD 289008281929
BAD 289029487223
BAD 288944638373
BAD 289030329529
BAD 289030402447
BAD 288945730223
BAD 288945829661
BAD 288945829663
BAD 288929240629
BAD 289031116393
BAD 289031123033
BAD 288946465307
BAD 288946465309
BAD 288929743651
BAD 288962387783
BAD 288947319223
BAD 288947319251
BAD 288894329873
BAD 288947931421
BAD 288895738013
BAD 288947931427
BAD 288930924487
BAD 289032814463
BAD 288948128401
BAD 289033084597
BAD 289033084603
BAD 288896600899
BAD 288896600903
BAD 288948567553
BAD 288948567559
BAD 288896704199
BAD 288964960903
BAD 288897051769
BAD 288965160277
BAD 288949005979
BAD 288897261733
BAD 288931764773
BAD 289034007247
BAD 288897992221
BAD 288965932441
BAD 289012425409
BAD 289012425413
BAD 288898369909
BAD 288932382493
BAD 288966564559
BAD 288966564563
BAD 288932663431
BAD 288898955879
BAD 288966936787
BAD 288950751577
BAD 288899893237
BAD 289014030391
BAD 288934005979
BAD 289014030397
BAD 289014030401
BAD 288967086101
BAD 288951107453
BAD 288951247531
BAD 288967313249
BAD 288900543499
BAD 288967503179
BAD 288952036741
BAD 288934577663
BAD 288952338811
BAD 288952338823
BAD 289015202779
BAD 289015459727
BAD 289015459729
BAD 288935156161
BAD 288952646173
BAD 288968390959
BAD 289015707901
BAD 288953154461
BAD 288953154463
BAD 288901964083
BAD 288936094361
BAD 288936422921
BAD 288936422923
BAD 288936422927
BAD 289035299419
BAD 289017868199
BAD 288954236453
BAD 289017868201
BAD 288903463039
BAD 288936519293
BAD 288936519301
BAD 288937198399
BAD 288937198421
BAD 289036709651
BAD 289036709653
BAD 289036709659
BAD 288937717829
BAD 288937930181
BAD 288937930201
BAD 289019679503
BAD 289019679511
BAD 289019679517
BAD 288905207999
BAD 288905208001
BAD 289037944103
BAD 289037944109
BAD 288956802319
BAD 289020321841
BAD 289020321847
BAD 288957088501
BAD 288957088507
BAD 289020531491
BAD 289020531493
BAD 288957298811
BAD 288907978141
BAD 289021072729
BAD 288957298813
BAD 289039231211
BAD 288957298829
BAD 288969747043
BAD 289039231213
BAD 288957648143
BAD 288957680707
BAD 288957842297
BAD 288970578607
BAD 289021719923
BAD 289021719929
BAD 288939223211
BAD 288958299347
BAD 289022099363
BAD 288958543931
BAD 288958543933
BAD 288940082807
BAD 288971816303
BAD 289023373703
BAD 289023373711
BAD 288941260807
BAD 288941260813
BAD 288941260849
BAD 288941323621
BAD 289042232503
BAD 288973125829
BAD 289042580611
BAD 288941825093
BAD 288973663807
BAD 289024478881
BAD 288974097431
BAD 288975249949
BAD 289061123471
BAD 289061123473
BAD 289061123513
BAD 289044059683
BAD 289044059687
BAD 289044059701
BAD 289061642719
BAD 289044814889
BAD 289045030247
BAD 289045030249
BAD 289045462939
BAD 289047165233
BAD 289047226763
BAD 289048004783
BAD 289048045493
BAD 289064745397
BAD 289048999111
BAD 289048999139
BAD 289049190013
BAD 289049190019
BAD 289049873447
BAD 289049873449
BAD 289066128319
BAD 289050123311
BAD 289050123317
BAD 289050123319
BAD 289066756117
BAD 289051142573
BAD 289067038241
BAD 289067038243
BAD 289067144371
BAD 289067166907
BAD 289052095229
BAD 289052225723
BAD 289052667691
BAD 289068229283
BAD 289068229301
BAD 289053580999
BAD 289054450501
BAD 289054692271
BAD 289069163611
BAD 289055168357
BAD 289056188401
BAD 289056331801
BAD 289057464361
BAD 289070760707
BAD 289070760709
BAD 289057899451
BAD 289058259673
BAD 289072920449
BAD 289074111223
BAD 289074588059
BAD 289074588067
BAD 289075101331
BAD 289076827231
BAD 289077304367
BAD 289080197377
BAD 289080300643
BAD 289080300647
BAD 289081362979
BAD 289081760593
BAD 289081790573
BAD 289081949977
BAD 289082176451
BAD 289082880959
BAD 289083006011
BAD 289083675967
BAD 289085101273
BAD 289085186441
BAD 289085186443
BAD 289085186449
BAD 289085186461
BAD 289086197111
BAD 289086197117
BAD 289086197119
BAD 289086197159
BAD 289086197161
BAD 289086226699
BAD 289086226711
BAD 289086951557
BAD 289087647997
BAD 289088442073
BAD 289088442079
BAD 289088442091
BAD 289088684089
BAD 289089040837
BAD 289089284599
BAD 289091590369
BAD 289091899387
BAD 289092304159
BAD 289093157701
BAD 289093427983
BAD 289098339151
BAD 289099618039
BAD 289099618043
BAD 289099667407
BAD 289099667429
BAD 289099667431
BAD 289100250797
BAD 289100250799
BAD 289100487979
BAD 289101504203
BAD 289103948537
BAD 289103948543
BAD 289104783739
BAD 289104783743
BAD 289104971179
BAD 289105272919
BAD 289105272923
BAD 289105272931
BAD 289106610203
BAD 289108972909
BAD 289108972913
BAD 289109164907
BAD 289109164909
BAD 289109929117
BAD 289112301103
BAD 289112533067
BAD 289277800613
BAD 289114615109
BAD 289279278319
BAD 289279278331
BAD 289116358133
BAD 289279565251
BAD 289117461077
BAD 289117461079
BAD 289117461089
BAD 289282597211
BAD 289285540261
BAD 289228372801
BAD 289228372817
BAD 289228372819
BAD 289286384963
BAD 289228872857
BAD 289118771791
BAD 289118771807
BAD 289118771813
BAD 289229641343
BAD 289119891737
BAD 289119891743
BAD 289119891763
BAD 289288094387
BAD 289230337939
BAD 289120559269
BAD 289288358263
BAD 289288358269
BAD 289120830949
BAD 289288611709
BAD 289120905833
BAD 289288710553
BAD 289161906151
BAD 289162454767
BAD 289162461493
BAD 289121664829
BAD 289121664833
BAD 289122081197
BAD 289122081203
BAD 289122081223
BAD 289122081229
BAD 289163503309
BAD 289163788861
BAD 289163954279
BAD 289163954281
BAD 289233849103
BAD 289234035473
BAD 289165231843
BAD 289234360319
BAD 289234360321
BAD 289234566253
BAD 289234566259
BAD 289234566263
BAD 289124541289
BAD 289124724923
BAD 289124724947
BAD 289124724949
BAD 289293157409
BAD 289293157411
BAD 289129273427
BAD 289236900587
BAD 289237450553
BAD 289293858031
BAD 289293917021
BAD 289166107507
BAD 289131255503
BAD 289131604403
BAD 289167115009
BAD 289240215437
BAD 289167758149
BAD 289167758153
BAD 289240837399
BAD 289261922099
BAD 289261922101
BAD 289168443101
BAD 289168443103
BAD 289168443107
BAD 289133360083
BAD 289168651333
BAD 289241624941
BAD 289134043873
BAD 289134043879
BAD 289134043909
BAD 289264241807
BAD 289242721553
BAD 289134854159
BAD 289134854161
BAD 289134986123
BAD 289265570953
BAD 289135887793
BAD 289171039039
BAD 289171039043
BAD 289171276423
BAD 289171508267
BAD 289171508303
BAD 289171508317
BAD 289171508321
BAD 289171508323
BAD 289136479729
BAD 289136479733
BAD 289171669183
BAD 289413406301
BAD 289413949823
BAD 289266586493
BAD 289266671717
BAD 289266671719
BAD 289266671723
BAD 289266713299
BAD 289266713303
BAD 289266713311
BAD 289266713317
BAD 289266874921
BAD 289173044893
BAD 289174555069
BAD 289139616641
BAD 289174888567
BAD 289175018357
BAD 289175018359
BAD 289417284371
BAD 289140436537
BAD 289140448313
BAD 289176596003
BAD 289418348851
BAD 289418348861
BAD 289418348873
BAD 289418348881
BAD 289418348887
BAD 289141769437
BAD 289419193573
BAD 289269467659
BAD 289269587371
BAD 289269587393
BAD 289269587407
BAD 289142667353
BAD 289269675707
BAD 289142863469
BAD 289419712843
BAD 289419712849
BAD 289419764149
BAD 289419764167
BAD 289177411297
BAD 289177411339
BAD 289270435841
BAD 289270435843
BAD 289270844413
BAD 289177807111
BAD 289177807117
BAD 289420982503
BAD 289178304473
BAD 289179316471
BAD 289273564681
BAD 289423396793
BAD 289179316487
BAD 289179499759
BAD 289179611059
BAD 289401182243
BAD 289179867217
BAD 289401471143
BAD 289180434769
BAD 289424832649
BAD 289425206701
BAD 289425624757
BAD 289425657139
BAD 289403844517
BAD 289403844523
BAD 289182041179
BAD 289426579537
BAD 289404775279
BAD 289405544209
BAD 289277174819
BAD 289405544213
BAD 289277174821
BAD 289277174827
BAD 289405860319
BAD 289405860323
BAD 289405860347
BAD 289405860349
BAD 289245873419
BAD 289245873421
BAD 289245984803
BAD 289246330031
BAD 289246330033
BAD 289294826701
BAD 289294826773
BAD 289294826783
BAD 289428340417
BAD 289246341667
BAD 289147547239
BAD 289147547243
BAD 289295221297
BAD 289295221309
BAD 289295376169
BAD 289246913203
BAD 289184577137
BAD 289296550139
BAD 289296550141
BAD 289296550163
BAD 289184903797
BAD 289184903809
BAD 289185086483
BAD 289408769423
BAD 289148786347
BAD 289297760539
BAD 289149014041
BAD 289149014047
BAD 289297960111
BAD 289297960507
BAD 289362127367
BAD 289249358791
BAD 289249533493
BAD 289151201093
BAD 289249533499
BAD 289300781359
BAD 289187398793
BAD 289363257901
BAD 289249533523
BAD 289249533541
BAD 289363596241
BAD 289301188721
BAD 289152325519
BAD 289152325523
BAD 289302309151
BAD 289365213611
BAD 289303096793
BAD 289252053053
BAD 289153668319
BAD 289365997043
BAD 289365997079
BAD 289189157869
BAD 289154132647
BAD 289189545433
BAD 289189545443
BAD 289189706237
BAD 289253228933
BAD 289253228963
BAD 289253272523
BAD 289154870843
BAD 289367756539
BAD 289190491501
BAD 289155260281
BAD 289305558683
BAD 289368413687
BAD 289254198083
BAD 289368413689
BAD 289305723103
BAD 289155882671
BAD 289155882679
BAD 289155882683
BAD 289306300601
BAD 289255460639
BAD 289156945501
BAD 289156945549
BAD 289256022443
BAD 289307132357
BAD 289307139721
BAD 289307142673
BAD 289157387839
BAD 289157387851
BAD 289307493889
BAD 289157909611
BAD 289158187117
BAD 289158216377
BAD 289158216379
BAD 289257161681
BAD 289191651887
BAD 289308887389
BAD 289308887401
BAD 289308887449
BAD 289308887453
BAD 289257846263
BAD 289257846271
BAD 289309266619
BAD 289309266629
BAD 289372978753
BAD 289373035789
BAD 289258197001
BAD 289192397257
BAD 289192397261
BAD 289373261929
BAD 289373290159
BAD 289192698467
BAD 289192698469
BAD 289258844473
BAD 289192878229
BAD 289373966831
BAD 289374097763
BAD 289310264497
BAD 289193589271
BAD 289328375299
BAD 289374942889
BAD 289374942893
BAD 289374958063
BAD 289158661349
BAD 289375179721
BAD 289375179739
BAD 289328695769
BAD 289328695991
BAD 289328695993
BAD 289328696009
BAD 289375871677
BAD 289329098131
BAD 289159668493
BAD 289160002787
BAD 289160002799
BAD 289160002801
BAD 289329415813
BAD 289376814457
BAD 289378157119
BAD 289378171897
BAD 289378171903
BAD 289330959433
BAD 289331226413
BAD 289194250159
BAD 289195075733
BAD 289195844281
BAD 289195844299
BAD 289332937169
BAD 289332937171
BAD 289333115011
BAD 289333243327
BAD 289196263651
BAD 289196437613
BAD 289196437619
BAD 289334006719
BAD 289197101827
BAD 289200508423
BAD 289200805391
BAD 289200805393
BAD 289337972983
BAD 289338324857
BAD 289201461557
BAD 289338324859
BAD 289201461559
BAD 289338543007
BAD 289429162733
BAD 289429197073
BAD 289429197097
BAD 289339070569
BAD 289430028623
BAD 289430028637
BAD 289430747843
BAD 289430747849
BAD 289430747873
BAD 289340559983
BAD 289204430891
BAD 289204594013
BAD 289379417389
BAD 289433073539
BAD 289433073541
BAD 289379734849
BAD 289342167229
BAD 289342210741
BAD 289205775829
BAD 289205775853
BAD 289205775857
BAD 289206041107
BAD 289206041119
BAD 289206041129
BAD 289435084403
BAD 289343151743
BAD 289435695649
BAD 289435695667
BAD 289380957001
BAD 289381015073
BAD 289381111177
BAD 289381111183
BAD 289344047527
BAD 289381992203
BAD 289344309833
BAD 289382113313
BAD 289437313189
BAD 289207146337
BAD 289311586321
BAD 289311586337
BAD 289311586339
BAD 289382906107
BAD 289382906143
BAD 289383341213
BAD 289383341239
BAD 289208430019
BAD 289312747013
BAD 289312747049
BAD 289312747051
BAD 289312747057
BAD 289212492353
BAD 289209611359
BAD 289209611363
BAD 289313865839
BAD 289313865853
BAD 289313865871
BAD 289439968351
BAD 289384755839
BAD 289384755841
BAD 289213557973
BAD 289213781413
BAD 289213781431
BAD 289314309979
BAD 289314750037
BAD 289386148861
BAD 289386148867
BAD 289345011061
BAD 289315565489
BAD 289315565491
BAD 289441264831
BAD 289386817061
BAD 289386817063
BAD 289216205251
BAD 289345707199
BAD 289346285659
BAD 289216810811
BAD 289217163163
BAD 289388137163
BAD 289218343891
BAD 289443954211
BAD 289347735913
BAD 289347735947
BAD 289347735949
BAD 289347735953
BAD 289218502219
BAD 289318673107
BAD 289318966507
BAD 289391100643
BAD 289348809083
BAD 289320263443
BAD 289391591371
BAD 289391856379
BAD 289392347053
BAD 289393183193
BAD 289393183201
BAD 289351324189
BAD 289222833751
BAD 289322818601
BAD 289322818613
BAD 289351841609
BAD 289322860861
BAD 289394004707
BAD 289394004709
BAD 289323191341
BAD 289352782729
BAD 289352782801
BAD 289224083303
BAD 289395169253
BAD 289353468713
BAD 289353468721
BAD 289353663317
BAD 289225040059
BAD 289225040063
BAD 289225131773
BAD 289225235491
BAD 289225235501
BAD 289225235503
BAD 289225235513
BAD 289325339377
BAD 289325339383
BAD 289225896013
BAD 289225896019
BAD 289226011831
BAD 289226923067
BAD 289327247393
BAD 289227203509
BAD 289227203513
BAD 289327482683
BAD 289227410389
BAD 289227410393
BAD 289327745753
BAD 289356524993
BAD 289356524999
BAD 289356525001
BAD 289327858021
BAD 289357089361
BAD 289357089457
BAD 289357523993
BAD 289359334409
BAD 289359334417
BAD 289359334447
BAD 289359601807
BAD 289360940929
BAD 289360940941
BAD 289361606629
BAD 289481225281
BAD 289481225287
BAD 289481240239
BAD 289484787217
BAD 289484787223
BAD 289484925211
BAD 289485160831
BAD 289485160837
BAD 289485902521
BAD 289487855039
BAD 289487855077
BAD 289488290569
BAD 289488290573
BAD 289488290579
BAD 289489488829
BAD 289489488833
BAD 289491510827
BAD 289491510829
BAD 289492112783
BAD 289494199963
BAD 289495190749
BAD 289495386941
BAD 289495436693
BAD 289463288089
BAD 289463561353
BAD 289465293661
BAD 289465345921
BAD 289446238667
BAD 289446238673
BAD 289446238687
BAD 289446321973
BAD 289466340353
BAD 289446959033
BAD 289446959041
BAD 289446959051
BAD 289466384387
BAD 289466394887
BAD 289447123939
BAD 289447123943
BAD 289447191233
BAD 289448237599
BAD 289468135519
BAD 289449713687
BAD 289468668977
BAD 289470026669
BAD 289451009117
BAD 289451066299
BAD 289451340151
BAD 289451353129
BAD 289451353133
BAD 289454160053
BAD 289454540041
BAD 289454788187
BAD 289455895889
BAD 289455895891
BAD 289470717127
BAD 289456232743
BAD 289471869319
BAD 289456880473
BAD 289473795473
BAD 289459097567
BAD 289474487273
BAD 289459448573
BAD 289459542331
BAD 289474590983
BAD 289459692259
BAD 289474810847
BAD 289475356903
BAD 289460794549
BAD 289461977659
BAD 289461977663
BAD 289476468331
BAD 289462333553
BAD 289497375733
BAD 289498628053
BAD 289498743649
BAD 289500704239
BAD 289501378429
BAD 289502629831
BAD 289503696683
BAD 289503833501
BAD 289503833503
BAD 289504814173
BAD 289505154331
BAD 289505154413
BAD 289505211439
BAD 289505670359
BAD 289506058889
BAD 289506976951
BAD 289510118153
BAD 289510631807
BAD 289510631821
BAD 289510837079
BAD 289511306537
BAD 289511512393
BAD 289512319009
BAD 289565044507
BAD 289565044511
BAD 289566812341
BAD 289567997581
BAD 289570199231
BAD 289571912407
BAD 289572038713
BAD 289572038719
BAD 289572061579
BAD 289572061589
BAD 289572061591
BAD 289572405553
BAD 289572405581
BAD 289572405583
BAD 289573082581
BAD 289574015779
BAD 289647395881
BAD 289648396657
BAD 289648396669
BAD 289648960729
BAD 289649354177
BAD 289649497919
BAD 289650005867
BAD 289598712593
BAD 289599313849
BAD 289599313853
BAD 289655066111
BAD 289655066119
BAD 289655066123
BAD 289600071547
BAD 289600565713
BAD 289657487071
BAD 289602150793
BAD 289530281959
BAD 289602621487
BAD 289602621509
BAD 289530797251
BAD 289530797267
BAD 289603005557
BAD 289603005563
BAD 289531662691
BAD 289603772083
BAD 289603772089
BAD 289603772093
BAD 289603772099
BAD 289682638649
BAD 289683276373
BAD 289533042787
BAD 289533438751
BAD 289660211173
BAD 289660211177
BAD 289660211179
BAD 289660371199
BAD 289684147331
BAD 289684564033
BAD 289684629197
BAD 289661311411
BAD 289661311417
BAD 289535434483
BAD 289685572903
BAD 289685572909
BAD 289536101093
BAD 289662679177
BAD 289662679237
BAD 289663074751
BAD 289663385029
BAD 289536967861
BAD 289616428033
BAD 289616428037
BAD 289616428039
BAD 289616889997
BAD 289604288033
BAD 289689060979
BAD 289689211687
BAD 289539194603
BAD 289689552293
BAD 289605252641
BAD 289606739293
BAD 289607337059
BAD 289691690213
BAD 289691696347
BAD 289692089171
BAD 289692089173
BAD 289692089177
BAD 289692259613
BAD 289620735049
BAD 289621353209
BAD 289718958121
BAD 289621353211
BAD 289546416493
BAD 289693289839
BAD 289609434337
BAD 289693289843
BAD 289609558811
BAD 289609558813
BAD 289542994681
BAD 289543114537
BAD 289543114543
BAD 289546794391
BAD 289621828631
BAD 289621828633
BAD 289719606443
BAD 289514735101
BAD 289694080373
BAD 289547098759
BAD 289694847907
BAD 289694915491
BAD 289694915501
BAD 289547705731
BAD 289547705737
BAD 289547796829
BAD 289547796833
BAD 289544283023
BAD 289544283037
BAD 289544283043
BAD 289545226561
BAD 289516608301
BAD 289624567343
BAD 289722148283
BAD 289516608307
BAD 289697070721
BAD 289722148291
BAD 289516608317
BAD 289516608319
BAD 289516608323
BAD 289551478471
BAD 289517561959
BAD 289517580823
BAD 289723323011
BAD 289723323013
BAD 289517859419
BAD 289518168547
BAD 289518168553
BAD 289518168559
BAD 289518168571
BAD 289518168581
BAD 289518168601
BAD 289724062421
BAD 289552841491
BAD 289724421559
BAD 289724476571
BAD 289724816113
BAD 289553615213
BAD 289725025987
BAD 289725231023
BAD 289554098443
BAD 289554098447
BAD 289554098531
BAD 289519995803
BAD 289519995811
BAD 289580312689
BAD 289520149771
BAD 289554909409
BAD 289726434421
BAD 289726434427
BAD 289628904181
BAD 289628917861
BAD 289628975183
BAD 289628975221
BAD 289581242737
BAD 289629407993
BAD 289629615367
BAD 289521275599
BAD 289582415333
BAD 289521623653
BAD 289521724259
BAD 289582917929
BAD 289582917961
BAD 289557309337
BAD 289557309341
BAD 289728829853
BAD 289522190833
BAD 289729263731
BAD 289729319281
BAD 289559324543
BAD 289730464103
BAD 289730464117
BAD 289585480531
BAD 289559993431
BAD 289560206281
BAD 289730767297
BAD 289523805863
BAD 289523805869
BAD 289523805871
BAD 289560703909
BAD 289586984737
BAD 289561369327
BAD 289561369333
BAD 289561880551
BAD 289588255861
BAD 289588673219
BAD 289589030779
BAD 289589572169
BAD 289589572171
BAD 289590519469
BAD 289526954923
BAD 289593085963
BAD 289527919609
BAD 289527919613
BAD 289528718959
BAD 289595042689
BAD 289697390347
BAD 289697390351
BAD 289664634379
BAD 289664634383
BAD 289664918183
BAD 289699383991
BAD 289699435919
BAD 289666337101
BAD 289700003591
BAD 289666712837
BAD 289666998931
BAD 289667195863
BAD 289701686741
BAD 289701686749
BAD 289702530283
BAD 289702530289
BAD 289669736701
BAD 289669987303
BAD 289704101821
BAD 289798831519
BAD 289671838669
BAD 289671956423
BAD 289671956449
BAD 289799024989
BAD 289799025011
BAD 289799025013
BAD 289631327989
BAD 289631934301
BAD 289800573773
BAD 289706948711
BAD 289707474313
BAD 289674516331
BAD 289633925569
BAD 289633925573
BAD 289674942779
BAD 289635132169
BAD 289814884873
BAD 289635132173
BAD 289675960669
BAD 289636289263
BAD 289676602741
BAD 289805340557
BAD 289817324287
BAD 289711401073
BAD 289637469571
BAD 289637469577
BAD 289677798259
BAD 289712117701
BAD 289712509577
BAD 289712509579
BAD 289678364581
BAD 289712969423
BAD 289713039073
BAD 289713039079
BAD 289818290459
BAD 289818596497
BAD 289638538129
BAD 289713734927
BAD 289808357477
BAD 289639121713
BAD 289765189033
BAD 289765189039
BAD 289810205563
BAD 289820817193
BAD 289820817203
BAD 289821097733
BAD 289640829631
BAD 289765979359
BAD 289640895617
BAD 289640895619
BAD 289640895653
BAD 289821523273
BAD 289641145763
BAD 289641145771
BAD 289641381283
BAD 289641420721
BAD 289812471217
BAD 289822687909
BAD 289822687933
BAD 289642624763
BAD 289642624771
BAD 289813699013
BAD 289813699073
BAD 289768056847
BAD 289768132429
BAD 289643210413
BAD 289768309489
BAD 289768911121
BAD 289768911127
BAD 289769977381
BAD 289769977403
BAD 289770612811
BAD 289770612829
BAD 289826262259
BAD 289826543719
BAD 289781180707
BAD 289826748973
BAD 289827095573
BAD 289772954843
BAD 289646372893
BAD 289731994291
BAD 289731994339
BAD 289731994429
BAD 289774005097
BAD 289774005107
BAD 289774005109
BAD 289828747303
BAD 289775641591
BAD 289829715781
BAD 289776184051
BAD 289829778803
BAD 289829778809
BAD 289829778811
BAD 289832919751
BAD 289832919773
BAD 289830075361
BAD 289830453853
BAD 289785217373
BAD 289830599351
BAD 289830599353
BAD 289777505687
BAD 289785512719
BAD 289785512743
BAD 289785512747
BAD 289785512749
BAD 289785723827
BAD 289834254431
BAD 289834254433
BAD 289778402539
BAD 289786440547
BAD 289778780153
BAD 289778780173
BAD 289834708643
BAD 289834903129
BAD 289735061831
BAD 289779987617
BAD 289779987619
BAD 289780179407
BAD 289735738183
BAD 289788729557
BAD 289781085443
BAD 289736279057
BAD 289789487503
BAD 289789487573
BAD 289790469673
BAD 289790776843
BAD 289737944843
BAD 289737944849
BAD 289737944851
BAD 289738225433
BAD 289839183961
BAD 289791714629
BAD 289791714631
BAD 289791714647
BAD 289791935681
BAD 289792828189
BAD 289793035507
BAD 289739798657
BAD 289739798659
BAD 289739798717
BAD 289841773061
BAD 289841773063
BAD 289841773069
BAD 289841773073
BAD 289841773079
BAD 289841773087
BAD 289841773121
BAD 289842361253
BAD 289842556547
BAD 289842556589
BAD 289794669193
BAD 289741365007
BAD 289795068083
BAD 289795068089
BAD 289795068091
BAD 289843050157
BAD 289795232563
BAD 289795232567
BAD 289795232569
BAD 289795356259
BAD 289843339021
BAD 289843339031
BAD 289843339033
BAD 289796010709
BAD 289844117743
BAD 289844117753
BAD 289742567131
BAD 289796854751
BAD 289844844361
BAD 289748080793
BAD 289845168259
BAD 289743551023
BAD 289743551029
BAD 289743551033
BAD 289845762023
BAD 289749126389
BAD 289749353731
BAD 289749353737
BAD 289847206477
BAD 289847615807
BAD 289847938073
BAD 289746818269
BAD 289751347409
BAD 289751347411
BAD 289751347439
BAD 289751347441
BAD 289751730187
BAD 289751730193
BAD 289751730253
BAD 289751730353
BAD 289752355261
BAD 289752467791
BAD 289752501613
BAD 289752623299
BAD 289755956957
BAD 289757463707
BAD 289758108847
BAD 289758108859
BAD 289758158681
BAD 289758158693
BAD 289758744397
BAD 289762734143
BAD 289764086347
BAD 289865841211
BAD 289868426921
BAD 289868574491
BAD 289868574493
BAD 289869742303
BAD 289869742307
BAD 289870184353
BAD 289870638319
BAD 289870916431
BAD 289874199169
BAD 289874858227
BAD 289876828471
BAD 289876828489
BAD 289878439883
BAD 289878686971
BAD 289879426121
BAD 289848758687
BAD 289849616629
BAD 289851726811
BAD 289851726821
BAD 289851726823
BAD 289852309763
BAD 289852793051
BAD 289852793053
BAD 289883911103
BAD 289883979683
BAD 289883979691
BAD 289885974563
BAD 289855152017
BAD 289855152019
BAD 289856741191
BAD 289856914247
BAD 289856914343
BAD 289888233127
BAD 289889413921
BAD 289889413943
BAD 289889413969
BAD 289890957931
BAD 289860250153
BAD 289860250171
BAD 289860484321
BAD 289891941433
BAD 289891941439
BAD 289892029183
BAD 289892032951
BAD 289861551787
BAD 289861554659
BAD 289862576057
BAD 289862576071
BAD 289862584013
BAD 289863232559
BAD 289895250587
BAD 289864003313
BAD 289896532847
BAD 289864539599
BAD 289897374077
BAD 289897497311
BAD 289897497313
BAD 289897497317
BAD 289897497319
BAD 289897497341
BAD 289899196381
BAD 289899784927
BAD 289900493219
BAD 289900493221
BAD 289901047873
BAD 289901903387
BAD 289902981257
BAD 289902981259
BAD 289905315863
BAD 289905367681
BAD 289905857693
BAD 289905857701
BAD 289906622323
BAD 289909182859
BAD 289909182869
BAD 289909362047
BAD 289909413931
BAD 289910742061
BAD 289911983899
BAD 289913253151
BAD 289913639473
BAD 289915916687
BAD 289916267063
BAD 289916342719
BAD 289918147261
BAD 289920382163
BAD 289920382189
BAD 289920382201
BAD 289920778481
BAD 289921532137
BAD 289923907459
BAD 289927178033
BAD 289927218089
BAD 289927654993
BAD 289928489443
BAD 289928785907
BAD 289929271301
BAD 289931938531
BAD 289951569899
BAD 289952259323
BAD 289952379601
BAD 289954047457
BAD 289954047473
BAD 289954200229
BAD 289955861417
BAD 289955861423
BAD 289955942429
BAD 289955942431
BAD 289956744661
BAD 289956744667
BAD 289957277299
BAD 289957277303
BAD 289933840643
BAD 289958153333
BAD 289933996921
BAD 289958634949
BAD 289984753789
BAD 289937067967
BAD 289987128947
BAD 289961744161
BAD 289961744167
BAD 289961744173
BAD 289961915161
BAD 289961915167
BAD 289961915171
BAD 289938538553
BAD 289988421907
BAD 289988421917
BAD 289938736909
BAD 289963174201
BAD 289939200673
BAD 289939200679
BAD 289963984217
BAD 289940975231
BAD 289965584561
BAD 289965584563
BAD 289941544069
BAD 289941866363
BAD 289992125993
BAD 289992126031
BAD 289992126043
BAD 289943691859
BAD 289994002891
BAD 289945700521
BAD 289945700543
BAD 289996308743
BAD 289946005493
BAD 289996808089
BAD 289996808093
BAD 289996808099
BAD 289997532697
BAD 289999153837
BAD 289999153841
BAD 289970912743
BAD 289973494403
BAD 289973494411
BAD 289973494471
BAD 289973999803
BAD 289974246907
BAD 289974291619
BAD 289974291623
BAD 289974987793
BAD 289977471793
BAD 289977471799
BAD 289978835383
BAD 289979527381
RANGE 280000000000 290000000000 PRIMES 379136193 BAD 14359
