BAD 330320113313
BAD 330321171709
BAD 330321928927
BAD 330051478039
BAD 330324669617
BAD 330055266061
BAD 330055312219
BAD 330327970543
BAD 330327970549
BAD 330137176561
BAD 330137176573
BAD 330137176583
BAD 330137334193
BAD 330056653429
BAD 330057123091
BAD 330328695511
BAD 330034153793
BAD 330034316257
BAD 330034393873
BAD 330058208093
BAD 330058208113
BAD 330058208119
BAD 330058208153
BAD 330035909449
BAD 330059011573
BAD 330330389759
BAD 330085672351
BAD 330085767133
BAD 330085767149
BAD 330139686391
BAD 330139686397
BAD 330171221323
BAD 330139686403
BAD 330059664391
BAD 330171342439
BAD 330171342443
BAD 330331505551
BAD 330171655613
BAD 330171655633
BAD 330171655637
BAD 330171655643
BAD 330086884097
BAD 330171919423
BAD 330332003761
BAD 330037765307
BAD 330087974303
BAD 330332919913
BAD 330061909453
BAD 330061909459
BAD 330333387653
BAD 330173807707
BAD 330142669859
BAD 330142669861
BAD 330152194261
BAD 330175011589
BAD 330090162581
BAD 330143579011
BAD 330143739287
BAD 330040364051
BAD 330090749071
BAD 330090749083
BAD 330065501587
BAD 330154206853
BAD 330090946579
BAD 330090946583
BAD 330090946589
BAD 330154417081
BAD 330042341779
BAD 330177969089
BAD 330177969091
BAD 330091687297
BAD 330091980319
BAD 330155550847
BAD 330178708427
BAD 330092183279
BAD 330155832653
BAD 330179606257
BAD 330156849131
BAD 330179891693
BAD 330157229543
BAD 330093569279
BAD 330093569287
BAD 330093883501
BAD 330044993149
BAD 330045319507
BAD 330045319519
BAD 330045319561
BAD 330181383139
BAD 330095313781
BAD 330095313787
BAD 330095313791
BAD 330182491763
BAD 330046761949
BAD 330182491781
BAD 330095313833
BAD 330046761959
BAD 330046761973
BAD 330182504411
BAD 330160911511
BAD 330160911517
BAD 330183213029
BAD 330162138637
BAD 330162138643
BAD 330162138689
BAD 330184081093
BAD 330162483919
BAD 330162528463
BAD 330162528467
BAD 330162528469
BAD 330162528473
BAD 330049190363
BAD 330144673951
BAD 330164055107
BAD 330164055113
BAD 330164666633
BAD 330164954633
BAD 330146275531
BAD 330146275559
BAD 330146275561
BAD 330165712343
BAD 330166202189
BAD 330166378933
BAD 330147284881
BAD 330147284903
BAD 330166944593
BAD 330148712393
BAD 330148712407
BAD 330148712423
BAD 330148712429
BAD 330148712431
BAD 330148954319
BAD 330220125091
BAD 330220125133
BAD 330220524211
BAD 330220524217
BAD 330221729587
BAD 330223749781
BAD 330223749787
BAD 330223749799
BAD 330224507491
BAD 330067823903
BAD 330067823909
BAD 330235245523
BAD 330202655513
BAD 330336013739
BAD 330202722271
BAD 330227579663
BAD 330336449581
BAD 330117636983
BAD 330117636991
BAD 330069313291
BAD 330001664131
BAD 330371776531
BAD 330386788889
BAD 330251931643
BAD 330102410893
BAD 330204302213
BAD 330286293361
BAD 330237565439
BAD 330102410933
BAD 330302865499
BAD 330228321517
BAD 330069313297
BAD 330251931649
BAD 330228321523
BAD 330118262333
BAD 330387095749
BAD 330237909653
BAD 330238010647
BAD 330069684493
BAD 330069684499
BAD 330069686509
BAD 330002180491
BAD 330002355737
BAD 330287018333
BAD 330252537323
BAD 330205476011
BAD 330372708997
BAD 330372709001
BAD 330070220839
BAD 330070220881
BAD 330307733677
BAD 330252794743
BAD 330389747609
BAD 330307733681
BAD 330231304703
BAD 330239667971
BAD 330287940473
BAD 330070220903
BAD 330005645131
BAD 330122047441
BAD 330372880939
BAD 330231304729
BAD 330389747641
BAD 330208105463
BAD 330105060787
BAD 330307733689
BAD 330389747647
BAD 330105060821
BAD 330105060871
BAD 330006181517
BAD 330186207179
BAD 330186207191
BAD 330186207193
BAD 330186207259
BAD 330208695227
BAD 330208944649
BAD 330309014317
BAD 330309014327
BAD 330309014333
BAD 330309267193
BAD 330187396433
BAD 330374757179
BAD 330210057649
BAD 330309497873
BAD 330210105521
BAD 330375142969
BAD 330375187631
BAD 330375187633
BAD 330375313789
BAD 330255594379
BAD 330392246917
BAD 330375436901
BAD 330375436903
BAD 330375436907
BAD 330375436921
BAD 330310236677
BAD 330310236679
BAD 330188341541
BAD 330256071001
BAD 330291083209
BAD 330008476129
BAD 330257040167
BAD 330257137649
BAD 330257137753
BAD 330257137757
BAD 330257137759
BAD 330257137783
BAD 330257137787
BAD 330257137789
BAD 330257137801
BAD 330110128993
BAD 330213201833
BAD 330244349599
BAD 330110129003
BAD 330189597433
BAD 330311425441
BAD 330336959191
BAD 330125717189
BAD 330291861593
BAD 330394897087
BAD 330125717191
BAD 330125717203
BAD 330189991433
BAD 330190123651
BAD 330312022189
BAD 330312022193
BAD 330110741449
BAD 330395469907
BAD 330395469941
BAD 330257741993
BAD 330312110221
BAD 330292665427
BAD 330395754287
BAD 330395754289
BAD 330395754349
BAD 330245282329
BAD 330214147751
BAD 330111832229
BAD 330111832231
BAD 330111832243
BAD 330111832247
BAD 330380095909
BAD 330215139511
BAD 330012910189
BAD 330314176273
BAD 330076489987
BAD 330191973833
BAD 330396779569
BAD 330128394053
BAD 330258928273
BAD 330258928309
BAD 330259174909
BAD 330112359151
BAD 330013650797
BAD 330249145553
BAD 330249145561
BAD 330315096599
BAD 330013873309
BAD 330315256223
BAD 330315323719
BAD 330380982499
BAD 330077668237
BAD 330249877513
BAD 330249877541
BAD 330249877543
BAD 330249877547
BAD 330249877549
BAD 330297492407
BAD 330297492409
BAD 330315956263
BAD 330130244161
BAD 330260850911
BAD 330341948357
BAD 330014928871
BAD 330078934613
BAD 330341948359
BAD 330341948381
BAD 330341948383
BAD 330299193971
BAD 330299194007
BAD 330299194009
BAD 330078970037
BAD 330078970043
BAD 330317593357
BAD 330317593363
BAD 330015148103
BAD 330317652923
BAD 330195606751
BAD 330299644489
BAD 330299936209
BAD 330261437197
BAD 330383104703
BAD 330383104763
BAD 330383104769
BAD 330383104771
BAD 330400941601
BAD 330196664573
BAD 330343161853
BAD 330116684899
BAD 330016406567
BAD 330016406569
BAD 330300834907
BAD 330116851973
BAD 330401604727
BAD 330117386783
BAD 330301307111
BAD 330301307113
BAD 330301307117
BAD 330301307123
BAD 330197531299
BAD 330301431923
BAD 330132660799
BAD 330132661291
BAD 330081712099
BAD 330081712109
BAD 330081712111
BAD 330197785039
BAD 330132865721
BAD 330132865723
BAD 330132865747
BAD 330133081853
BAD 330133081891
BAD 330263934919
BAD 330198222743
BAD 330198539849
BAD 330198539851
BAD 330385790521
BAD 330133759223
BAD 330133851451
BAD 330265145827
BAD 330265174013
BAD 330265178053
BAD 330265178057
BAD 330265178059
BAD 330265178063
BAD 330265178069
BAD 330265178071
BAD 330265523431
BAD 330265533223
BAD 330200784283
BAD 330200802541
BAD 330347103199
BAD 330267238361
BAD 330267238363
BAD 330347569693
BAD 330347569697
BAD 330018157019
BAD 330020797097
BAD 330020811493
BAD 330021135083
BAD 330021135097
BAD 330021385361
BAD 330021824779
BAD 330351493783
BAD 330351643849
BAD 330022393601
BAD 330022951949
BAD 330023192537
BAD 330023192539
BAD 330023657339
BAD 330026566957
BAD 330028176917
BAD 330028176949
BAD 330029055011
BAD 330029223581
BAD 330029223583
BAD 330029223613
BAD 330030153031
BAD 330031127779
BAD 330032505619
BAD 330032505623
BAD 330270833467
BAD 330270833471
BAD 330271515703
BAD 330271515709
BAD 330272274191
BAD 330272392949
BAD 330272392951
BAD 330272726983
BAD 330273086749
BAD 330353746279
BAD 330354292297
BAD 330275965091
BAD 330275965093
BAD 330277545293
BAD 330278901709
BAD 330279041957
BAD 330279041959
BAD 330279041971
BAD 330279041977
BAD 330280158451
BAD 330361169693
BAD 330361169707
BAD 330362125459
BAD 330362125463
BAD 330363906841
BAD 330364007933
BAD 330283833601
BAD 330364953871
BAD 330364953889
BAD 330366036509
BAD 330366036523
BAD 330403974583
BAD 330407671133
BAD 330408940133
BAD 330410289827
BAD 330411296339
BAD 330412085519
BAD 330412085543
BAD 330471895133
BAD 330503360701
BAD 330503360711
BAD 330503360713
BAD 330503360717
BAD 330503740289
BAD 330503740291
BAD 330504355331
BAD 330504355333
BAD 330473066773
BAD 330473419483
BAD 330473666317
BAD 330505358437
BAD 330415321441
BAD 330505564267
BAD 330505564271
BAD 330505564273
BAD 330415461097
BAD 330415469873
BAD 330475039189
BAD 330506270959
BAD 330475309393
BAD 330475309421
BAD 330507411053
BAD 330507411061
BAD 330507596927
BAD 330507596929
BAD 330507596987
BAD 330507596989
BAD 330417712579
BAD 330417712627
BAD 330508437151
BAD 330477917981
BAD 330477917983
BAD 330478034143
BAD 330478034153
BAD 330418964641
BAD 330478363493
BAD 330512521639
BAD 330453166621
BAD 330453166627
BAD 330453209587
BAD 330439833179
BAD 330480543023
BAD 330439833181
BAD 330481154477
BAD 330481341109
BAD 330481341119
BAD 330481341133
BAD 330482600783
BAD 330441610693
BAD 330441840653
BAD 330455940973
BAD 330455940977
BAD 330455940979
BAD 330456538523
BAD 330442679659
BAD 330456914813
BAD 330443347369
BAD 330443347373
BAD 330443347379
BAD 330443347433
BAD 330443347441
BAD 330457614187
BAD 330457614191
BAD 330458060507
BAD 330458060509
BAD 330485731531
BAD 330458193503
BAD 330513835469
BAD 330513835471
BAD 330486187363
BAD 330486187379
BAD 330486372563
BAD 330460326913
BAD 330461461831
BAD 330518035481
BAD 330518035483
BAD 330448109053
BAD 330448109059
BAD 330448109063
BAD 330448520509
BAD 330448520513
BAD 330448827893
BAD 330448827913
BAD 330519218467
BAD 330519218483
BAD 330519218489
BAD 330519258547
BAD 330463067827
BAD 330463314197
BAD 330463314199
BAD 330463953691
BAD 330465323983
BAD 330465323987
BAD 330465323989
BAD 330450676643
BAD 330466201207
BAD 330466201231
BAD 330452197591
BAD 330468045101
BAD 330468068869
BAD 330468774367
BAD 330468774379
BAD 330469335533
BAD 330489489019
BAD 330489489023
BAD 330489584731
BAD 330493641637
BAD 330756014357
BAD 330756014359
BAD 330756079141
BAD 330756079151
BAD 330756079153
BAD 330756199021
BAD 330494108209
BAD 330494108213
BAD 330494108221
BAD 330721858463
BAD 330757476383
BAD 330757476391
BAD 330757722769
BAD 330757722773
BAD 330496115449
BAD 330758244647
BAD 330758276803
BAD 330758393437
BAD 330724393381
BAD 330724393393
BAD 330496332709
BAD 330759558517
BAD 330759558527
BAD 330759558781
BAD 330725132323
BAD 330725132327
BAD 330725132329
BAD 330725219249
BAD 330789454181
BAD 330789454183
BAD 330760642187
BAD 330760642189
BAD 330790246993
BAD 330790247003
BAD 330497307323
BAD 330497307331
BAD 330497325973
BAD 330726234779
BAD 330726234781
BAD 330497868907
BAD 330423221287
BAD 330498404569
BAD 330726977143
BAD 330726977149
BAD 330727663381
BAD 330424470703
BAD 330424470721
BAD 330425009209
BAD 330499733833
BAD 330729543829
BAD 330793774211
BAD 330730304911
BAD 330731423683
BAD 330503251769
BAD 330732714931
BAD 330732714947
BAD 330732714953
BAD 330733453163
BAD 330766356391
BAD 330766356407
BAD 330766505191
BAD 330766571633
BAD 330766571659
BAD 330802813987
BAD 330802934017
BAD 330803014813
BAD 330735930251
BAD 330735930253
BAD 330433590181
BAD 330804047473
BAD 330804085231
BAD 330769116133
BAD 330736839571
BAD 330436070837
BAD 330773138263
BAD 330774149357
BAD 330774149359
BAD 330776321269
BAD 330776321279
BAD 330738783679
BAD 330777482411
BAD 330777482423
BAD 330778078759
BAD 330778848773
BAD 330740582323
BAD 330740582327
BAD 330740582329
BAD 330740582363
BAD 330779193361
BAD 330779520983
BAD 330621327811
BAD 330780039091
BAD 330621692881
BAD 330621692887
BAD 330587282791
BAD 330587282797
BAD 330587282821
BAD 330587282827
BAD 330622085161
BAD 330604259389
BAD 330604274419
BAD 330604391713
BAD 330604581511
BAD 330604581521
BAD 330604581533
BAD 330604581599
BAD 330604581607
BAD 330588523171
BAD 330742862179
BAD 330742862183
BAD 330742862267
BAD 330742862269
BAD 330605628971
BAD 330605628973
BAD 330688197311
BAD 330781697957
BAD 330688197313
BAD 330589734367
BAD 330781697959
BAD 330745551449
BAD 330688197319
BAD 330781697971
BAD 330781697977
BAD 330745551491
BAD 330781915007
BAD 330745824979
BAD 330745825051
BAD 330782263741
BAD 330606122159
BAD 330782412841
BAD 330606409477
BAD 330746776693
BAD 330590704441
BAD 330590704469
BAD 330590704471
BAD 330627653677
BAD 330689554973
BAD 330689554991
BAD 330747094261
BAD 330570553459
BAD 330784112237
BAD 330657195793
BAD 330592043227
BAD 330691493983
BAD 330572264587
BAD 330675383513
BAD 330675383527
BAD 330658136203
BAD 330658136239
BAD 330658136243
BAD 330675586687
BAD 330630563587
BAD 330750370987
BAD 330750370991
BAD 330750495563
BAD 330675856591
BAD 330705396407
BAD 330705396409
BAD 330787221109
BAD 330659107861
BAD 330706554653
BAD 330752015221
BAD 330752015227
BAD 330574216243
BAD 330609641701
BAD 330609641707
BAD 330694571843
BAD 330632772361
BAD 330753050687
BAD 330753050689
BAD 330678409673
BAD 330695447153
BAD 330753461411
BAD 330695670203
BAD 330678777497
BAD 330678777503
BAD 330678777511
BAD 330678777563
BAD 330661596799
BAD 330661596883
BAD 330576255439
BAD 330611232881
BAD 330679319759
BAD 330708332309
BAD 330708332329
BAD 330576765979
BAD 330576766007
BAD 330611597257
BAD 330611597263
BAD 330576909283
BAD 330635278879
BAD 330680780033
BAD 330680942629
BAD 330697269043
BAD 330697269047
BAD 330697269053
BAD 330663624653
BAD 330663877351
BAD 330663877363
BAD 330663877367
BAD 330598250771
BAD 330598250777
BAD 330636219019
BAD 330681817769
BAD 330681817771
BAD 330664813823
BAD 330710769841
BAD 330599509931
BAD 330682632053
BAD 330710920823
BAD 330579949853
BAD 330579949859
BAD 330523699433
BAD 330683198753
BAD 330699622117
BAD 330524074213
BAD 330666166387
BAD 330683779567
BAD 330524261701
BAD 330580948561
BAD 330600520073
BAD 330700550419
BAD 330700550449
BAD 330581472941
BAD 330581472943
BAD 330685849729
BAD 330525900139
BAD 330701856241
BAD 330687207259
BAD 330617853143
BAD 330584030963
BAD 330584030999
BAD 330526800139
BAD 330584175377
BAD 330584175379
BAD 330618780917
BAD 330527122229
BAD 330527122231
BAD 330527122243
BAD 330703225949
BAD 330619233127
BAD 330584721953
BAD 330528264329
BAD 330528264331
BAD 330528264337
BAD 330528442969
BAD 330715248649
BAD 330715248653
BAD 330715248659
BAD 330528591881
BAD 330528591907
BAD 330528591947
BAD 330528591949
BAD 330716348371
BAD 330716488033
BAD 330716488049
BAD 330716488051
BAD 330718867657
BAD 330718920559
BAD 330719806397
BAD 330719806399
BAD 330534366619
BAD 330534827731
BAD 330540383737
BAD 330540383753
BAD 330541405829
BAD 330541405837
BAD 330542323021
BAD 330542998273
BAD 330542998283
BAD 330543509587
BAD 330543509633
BAD 330544247843
BAD 330547723859
BAD 330547723861
BAD 330548925859
BAD 330552684643
BAD 330554379599
BAD 330554379601
BAD 330554379643
BAD 330555251539
BAD 330555251549
BAD 330555895081
BAD 330555943493
BAD 330556027523
BAD 330638876063
BAD 330557937139
BAD 330640907767
BAD 330560132659
BAD 330642043531
BAD 330643041049
BAD 330643461469
BAD 330643587233
BAD 330561604759
BAD 330561671911
BAD 330644208821
BAD 330564025333
BAD 330564026281
BAD 330564026311
BAD 330652311277
BAD 330652311293
BAD 330567538813
BAD 330654204611
BAD 330568279231
BAD 330569237153
BAD 330570267361
BAD 330842408879
BAD 330843365777
BAD 330843365779
BAD 330843365791
BAD 330844826177
BAD 330855662659
BAD 330855662663
BAD 330855662701
BAD 330845642047
BAD 330845642053
BAD 330806828059
BAD 330857196193
BAD 330807145247
BAD 330807563861
BAD 330808167379
BAD 330808167383
BAD 330859146361
BAD 330859214281
BAD 330848877613
BAD 330848877629
BAD 330860930563
BAD 330811705711
BAD 330862598401
BAD 330851914013
BAD 330852039457
BAD 330852039473
BAD 330852415501
BAD 330864032677
BAD 330813445153
BAD 330864515581
BAD 330865707743
BAD 330866686103
BAD 330816591533
BAD 330816591571
BAD 330816591577
BAD 330868738103
BAD 330817736047
BAD 330870026989
BAD 330870126179
BAD 330870126199
BAD 330870262651
BAD 330818711857
BAD 330818711863
BAD 330870875669
BAD 330870936919
BAD 330870936923
BAD 330819780679
BAD 330819920513
BAD 330871412527
BAD 330822838369
BAD 330822838373
BAD 330822840499
BAD 330823158587
BAD 330872001983
BAD 330872002009
BAD 330824479763
BAD 330824479771
BAD 330824533709
BAD 330825852739
BAD 330825852751
BAD 330826145917
BAD 330826580059
BAD 330828755363
BAD 330829050793
BAD 330829626247
BAD 330829626251
BAD 330829963643
BAD 330831051413
BAD 330873668143
BAD 330873833063
BAD 330874539571
BAD 330874539577
BAD 330835623571
BAD 330875241553
BAD 330835853093
BAD 330837118631
BAD 330837350581
BAD 330837629209
BAD 330878533087
BAD 330880536827
BAD 330880536829
BAD 330882029371
BAD 330885558233
BAD 330925328609
BAD 330925328611
BAD 330926510407
BAD 330926776981
BAD 330928455553
BAD 330928455619
BAD 330928455623
BAD 330928651723
BAD 330928651733
BAD 330928651763
BAD 330933528181
BAD 331090907363
BAD 331090907369
BAD 330934832731
BAD 330934832737
BAD 331092022643
BAD 331092085943
BAD 330936090283
BAD 330936171029
BAD 330936171031
BAD 331092342157
BAD 330937225537
BAD 330937225571
BAD 330937225573
BAD 331093765031
BAD 330938616587
BAD 331096622639
BAD 331096622641
BAD 331097309303
BAD 331098699829
BAD 331098699871
BAD 331099992371
BAD 331099992373
BAD 331100145989
BAD 331100145991
BAD 331100980213
BAD 331100980219
BAD 331101820297
BAD 331102171097
BAD 331102406029
BAD 331174785889
BAD 331176125983
BAD 331176390229
BAD 331176390239
BAD 331176390241
BAD 331176390277
BAD 331176574849
BAD 331176574853
BAD 331179740167
BAD 331179740173
BAD 331179740183
BAD 331180251229
BAD 331180430159
BAD 331181069473
BAD 331185569347
BAD 331186035437
BAD 331187735407
BAD 331188247681
BAD 331190385733
BAD 331190385737
BAD 331190385739
BAD 331190807119
BAD 331190807141
BAD 330957759763
BAD 330957759767
BAD 330959215597
BAD 330960658183
BAD 330961146097
BAD 330961261363
BAD 330940714309
BAD 330961596673
BAD 330961596677
BAD 330961863541
BAD 330941577619
BAD 330941577623
BAD 330941793781
BAD 330963620509
BAD 330964664893
BAD 330964664911
BAD 330944247721
BAD 330967454371
BAD 330968130113
BAD 330968287829
BAD 331142208379
BAD 330948716647
BAD 330970990853
BAD 330949153783
BAD 331041422249
BAD 331041422251
BAD 331146575783
BAD 331193451931
BAD 331193452067
BAD 331193452069
BAD 331056965269
BAD 331056965273
BAD 331057187869
BAD 331057187873
BAD 331023423691
BAD 331023423697
BAD 331023423701
BAD 331193921677
BAD 331147096009
BAD 331147119409
BAD 331042207277
BAD 331042207319
BAD 331194150769
BAD 330951954589
BAD 331058474783
BAD 331058474843
BAD 331024300133
BAD 330952458593
BAD 331058947171
BAD 331043403811
BAD 331059007441
BAD 331024579747
BAD 331194869053
BAD 331149126361
BAD 331158946519
BAD 330953338381
BAD 331045718723
BAD 331059877301
BAD 331149126367
BAD 331125094723
BAD 331059877303
BAD 331009990541
BAD 331009990543
BAD 330953372899
BAD 330953372903
BAD 331149174151
BAD 331045917011
BAD 331125719693
BAD 331010661577
BAD 331010661581
BAD 331010661727
BAD 331125791449
BAD 331060593499
BAD 331125891311
BAD 331150302211
BAD 331161008341
BAD 331028151631
BAD 331161169747
BAD 331151486041
BAD 331151486047
BAD 331151486059
BAD 331012488661
BAD 331012583579
BAD 331012583581
BAD 331050546961
BAD 330955795477
BAD 331127736631
BAD 331154720443
BAD 331202235319
BAD 331062691189
BAD 330955795481
BAD 331202235323
BAD 331127736637
BAD 330955795483
BAD 331162229221
BAD 331050704371
BAD 331050704381
BAD 331076230453
BAD 331076230469
BAD 331162457803
BAD 331062910573
BAD 331162501759
BAD 331162501763
BAD 331076729783
BAD 331076729791
BAD 331163255933
BAD 331163255939
BAD 331013525231
BAD 331029282691
BAD 331029282697
BAD 331155811927
BAD 331155811937
BAD 331155811939
BAD 331013964811
BAD 331205024401
BAD 331130234839
BAD 331052526983
BAD 331064391467
BAD 331166294161
BAD 331166294177
BAD 331166294197
BAD 331166294201
BAD 331166294203
BAD 331064391499
BAD 331166294243
BAD 331064391503
BAD 331078688581
BAD 331130351459
BAD 331014162889
BAD 331053249953
BAD 331131147517
BAD 331014673259
BAD 331167367549
BAD 331065224953
BAD 331065224957
BAD 331131420901
BAD 331131420913
BAD 331131420947
BAD 331079457287
BAD 331033520047
BAD 331033520063
BAD 331033520071
BAD 331015099057
BAD 331015223003
BAD 331065853793
BAD 331034085737
BAD 331168509913
BAD 331054836533
BAD 331054932937
BAD 331034649007
BAD 331132999423
BAD 331055363819
BAD 331055565739
BAD 331055773891
BAD 331055773897
BAD 331016536027
BAD 331016536033
BAD 331017041119
BAD 331017041123
BAD 331036241059
BAD 331081442603
BAD 331081505333
BAD 331037052233
BAD 331037052271
BAD 331018318271
BAD 331018318273
BAD 331172006887
BAD 331136583109
BAD 331019002189
BAD 331069372793
BAD 330991522159
BAD 330991759391
BAD 330991759393
BAD 331137579013
BAD 331039407877
BAD 331070099741
BAD 331070099753
BAD 330992804773
BAD 331173855919
BAD 331084477819
BAD 331070958167
BAD 331174337203
BAD 330993729271
BAD 330993729301
BAD 331071894557
BAD 331138688161
BAD 330994248061
BAD 330994650563
BAD 331085866807
BAD 331072910087
BAD 331140290549
BAD 331022806883
BAD 331022806931
BAD 330996108383
BAD 330996138337
BAD 330996391123
BAD 331087846231
BAD 330997464509
BAD 330997464541
BAD 330997464563
BAD 330973957703
BAD 330974108071
BAD 330999698111
BAD 330976050781
BAD 330976051463
BAD 330976822279
BAD 331002915169
BAD 331002951871
BAD 331002951901
BAD 331002951907
BAD 331003101367
BAD 331003101371
BAD 331003270021
BAD 330977211473
BAD 330978513377
BAD 330978513379
BAD 330978781127
BAD 330978781129
BAD 330978781181
BAD 331005159169
BAD 330978823423
BAD 330978902003
BAD 330978902011
BAD 330978902251
BAD 331006197083
BAD 330981524353
BAD 330981524359
BAD 330982237199
BAD 330985692091
BAD 330985692097
BAD 330985761571
BAD 330986067163
BAD 330892507973
BAD 330988181021
BAD 330988181023
BAD 330893326963
BAD 330893326969
BAD 330893460881
BAD 330893460883
BAD 330894067061
BAD 330897519079
BAD 330898776913
BAD 330899371813
BAD 330899371819
BAD 330899371823
BAD 330899475521
BAD 330899475523
BAD 330900140561
BAD 330900140563
BAD 330903987833
BAD 330903987839
BAD 331107341507
BAD 331107350839
BAD 331107350843
BAD 331108461391
BAD 331108529617
BAD 331108529629
BAD 331109962459
BAD 331110376433
BAD 331110523651
BAD 331110523669
BAD 331111747723
BAD 330906336083
BAD 331113254839
BAD 330909111271
BAD 331113254851
BAD 331113254869
BAD 331113254873
BAD 330909377879
BAD 330909377881
BAD 330909377899
BAD 331114056397
BAD 331114413283
BAD 330910359391
BAD 330910643663
BAD 330910643689
BAD 330910888223
BAD 330910888237
BAD 330910888247
BAD 331115125529
BAD 331115125531
BAD 331115368123
BAD 331116582373
BAD 331116582383
BAD 331116582389
BAD 331116582413
BAD 331117102681
BAD 330914468749
BAD 330915615353
BAD 330915615379
BAD 330915615383
BAD 330916011511
BAD 330916391327
BAD 330916391329
BAD 331118225147
BAD 331118225149
BAD 330919525457
BAD 331118521813
BAD 331118521831
BAD 330921106207
BAD 330921106223
BAD 330922513403
BAD 330922513433
BAD 331121879119
BAD 331242148651
BAD 331242181141
BAD 331242181147
BAD 331242500783
BAD 331242543563
BAD 331243804693
BAD 331243804699
BAD 331244602501
BAD 331244602519
BAD 331245449149
BAD 331245449153
BAD 331245786133
BAD 331245786139
BAD 331245786191
BAD 331246057411
BAD 331246057433
BAD 331247055323
BAD 331248232043
BAD 331225407547
BAD 331225879433
BAD 331225879441
BAD 331250176199
BAD 331250299007
BAD 331250315521
BAD 331250315533
BAD 331226905663
BAD 331227399161
BAD 331227399163
BAD 331227555779
BAD 331227555781
BAD 331227555787
BAD 331227555797
BAD 331251858437
BAD 331252621283
BAD 331228950727
BAD 331208138707
BAD 331208178173
BAD 331208178181
BAD 331231510559
BAD 331231921303
BAD 331208804959
BAD 331209948661
BAD 331210585813
BAD 331211164343
BAD 331211954149
BAD 331211954153
BAD 331235585833
BAD 331212918541
BAD 331255142993
BAD 331255143941
BAD 331255143943
BAD 331236416909
BAD 331213794361
BAD 331236416911
BAD 331255466401
BAD 331279205041
BAD 331214250239
BAD 331255671599
BAD 331255671601
BAD 331214614993
BAD 331214615003
BAD 331215020839
BAD 331238474131
BAD 331238558017
BAD 331215832639
BAD 331216023533
BAD 331257160811
BAD 331257160813
BAD 331238966099
BAD 331238966101
BAD 331257350423
BAD 331257677693
BAD 331282988329
BAD 331240877423
BAD 331218443453
BAD 331283211043
BAD 331283211047
BAD 331218956951
BAD 331218956953
BAD 331285568707
BAD 331285568759
BAD 331220605019
BAD 331220605021
BAD 331221401191
BAD 331221401221
BAD 331287553787
BAD 331224060571
BAD 331224060593
BAD 331224702409
BAD 331289726653
BAD 331289726659
BAD 331291116511
BAD 331291839511
BAD 331259795123
BAD 331259795129
BAD 331259795131
BAD 331259795137
BAD 331260275923
BAD 331260275933
BAD 331261505737
BAD 331262342657
BAD 331262342659
BAD 331266778541
BAD 331269172337
BAD 331269335083
BAD 331270326349
BAD 331270326353
BAD 331270594609
BAD 331271011273
BAD 331272964753
BAD 331273817999
BAD 331273840679
BAD 331274519003
BAD 331309406821
BAD 331313444843
BAD 331314495139
BAD 331314950063
BAD 331292236493
BAD 331292766713
BAD 331292990423
BAD 331293952501
BAD 331320655417
BAD 331320655439
BAD 331320655441
BAD 331320655451
BAD 331320655453
BAD 331320655459
BAD 331295551933
BAD 331295849933
BAD 331323137113
BAD 331323177187
BAD 331323188327
BAD 331298585707
BAD 331300067393
BAD 331300174883
BAD 331300174889
BAD 331301745589
BAD 331302379789
BAD 331302379873
BAD 331305679433
BAD 331494520649
BAD 331308364043
BAD 331594535101
BAD 331595561939
BAD 331496196127
BAD 331496196149
BAD 331496196151
BAD 331496196181
BAD 331497239141
BAD 331497658561
BAD 331497730493
BAD 331498437691
BAD 331498940933
BAD 331499138573
BAD 331502730271
BAD 331502730289
BAD 331598150153
BAD 331505223241
BAD 331505223253
BAD 331505223263
BAD 331602284119
BAD 331507835207
BAD 331507835209
BAD 331509012631
BAD 331459757071
BAD 331459903223
BAD 331603490749
BAD 331461841771
BAD 331463763797
BAD 331464101723
BAD 331465650289
BAD 331466089991
BAD 331466089993
BAD 331466431451
BAD 331466431453
BAD 331467561169
BAD 331468881353
BAD 331470020059
BAD 331470691639
BAD 331608641401
BAD 331609387763
BAD 331609387771
BAD 331609387777
BAD 331609738711
BAD 331446357653
BAD 331446357691
BAD 331449307957
BAD 331328351413
BAD 331328577241
BAD 331328577247
BAD 331329332603
BAD 331329950099
BAD 331329950101
BAD 331452980239
BAD 331332389701
BAD 331376107793
BAD 331376239373
BAD 331377846367
BAD 331334709389
BAD 331334709397
BAD 331455852757
BAD 331335563089
BAD 331378723477
BAD 331378723483
BAD 331360252177
BAD 331342251469
BAD 331379668201
BAD 331342307147
BAD 331342500431
BAD 331380268993
BAD 331380269021
BAD 331380269023
BAD 331380269053
BAD 331458135199
BAD 331415006513
BAD 331381362601
BAD 331381427627
BAD 331381427633
BAD 331476685829
BAD 331476785821
BAD 331362547223
BAD 331382789767
BAD 331416902543
BAD 331383372349
BAD 331478392051
BAD 331527539197
BAD 331383476603
BAD 331383581003
BAD 331511695037
BAD 331511695159
BAD 331527961217
BAD 331527961229
BAD 331481532439
BAD 331347437831
BAD 331512410213
BAD 331527961231
BAD 331420763719
BAD 331366062193
BAD 331384070333
BAD 331347437833
BAD 331366062211
BAD 331366062217
BAD 331420903327
BAD 331528241221
BAD 331528241227
BAD 331528241243
BAD 331347733813
BAD 331347733817
BAD 331347733819
BAD 331347733823
BAD 331347733831
BAD 331347733837
BAD 331347733841
BAD 331347733891
BAD 331394530561
BAD 331394530567
BAD 331482452377
BAD 331385072009
BAD 331385072089
BAD 331514040509
BAD 331514040511
BAD 331395440641
BAD 331422833953
BAD 331483829029
BAD 331395668147
BAD 331530556439
BAD 331483943081
BAD 331483943083
BAD 331368077941
BAD 331386547703
BAD 331386547711
BAD 331386657457
BAD 331386717733
BAD 331386717737
BAD 331368389917
BAD 331515118841
BAD 331515132811
BAD 331423712461
BAD 331428392689
BAD 331428392693
BAD 331515245993
BAD 331484785699
BAD 331515494641
BAD 331424402371
BAD 331531509739
BAD 331351443029
BAD 331396619011
BAD 331485600877
BAD 331485710687
BAD 331485710693
BAD 331425085139
BAD 331425085141
BAD 331560981419
BAD 331354209391
BAD 331486547521
BAD 331533192187
BAD 331397119381
BAD 331369726811
BAD 331518707041
BAD 331369726813
BAD 331369793191
BAD 331486849159
BAD 331486849163
BAD 331370246827
BAD 331519603453
BAD 331487460547
BAD 331487460553
BAD 331397765911
BAD 331577184109
BAD 331433183689
BAD 331433183699
BAD 331433183701
BAD 331433183707
BAD 331577564333
BAD 331355606333
BAD 331577867981
BAD 331433800903
BAD 331577919961
BAD 331535511457
BAD 331434250099
BAD 331578453683
BAD 331390542257
BAD 331399556797
BAD 331435736393
BAD 331564491847
BAD 331489503077
BAD 331357279223
BAD 331579095871
BAD 331399556801
BAD 331536140813
BAD 331435736399
BAD 331373239793
BAD 331435736417
BAD 331435736419
BAD 331373239801
BAD 331357816117
BAD 331357816123
BAD 331357816129
BAD 331536565543
BAD 331490171963
BAD 331357960963
BAD 331358212963
BAD 331536792599
BAD 331536945083
BAD 331565306467
BAD 331524806659
BAD 331400605703
BAD 331374693457
BAD 331374693469
BAD 331358777689
BAD 331374741133
BAD 331580314831
BAD 331437525457
BAD 331374974173
BAD 331491306313
BAD 331375133611
BAD 331491684709
BAD 331537908563
BAD 331438521473
BAD 331438531703
BAD 331492489483
BAD 331538499619
BAD 331538499647
BAD 331439470553
BAD 331439470561
BAD 331439470567
BAD 331402645129
BAD 331402649107
BAD 331402649131
BAD 331403142137
BAD 331440522737
BAD 331440522739
BAD 331567837303
BAD 331567837309
BAD 331441056967
BAD 331441156777
BAD 331441235383
BAD 331441704037
BAD 331441704053
BAD 331541721209
BAD 331541740297
BAD 331544455763
BAD 331541828333
BAD 331544455831
BAD 331541828339
BAD 331541828341
BAD 331542110539
BAD 331544746073
BAD 331442682367
BAD 331442736787
BAD 331442736791
BAD 331405642193
BAD 331405642201
BAD 331405642207
BAD 331546004521
BAD 331546614307
BAD 331406281211
BAD 331406281223
BAD 331406303027
BAD 331406303029
BAD 331587747223
BAD 331547146129
BAD 331569956363
BAD 331406940103
BAD 331406940107
BAD 331547543153
BAD 331547543161
BAD 331588370371
BAD 331588370383
BAD 331407589657
BAD 331407640813
BAD 331407994501
BAD 331589345809
BAD 331407994507
BAD 331589345851
BAD 331408518167
BAD 331571041951
BAD 331590915479
BAD 331550427361
BAD 331551980741
BAD 331592850109
BAD 331573841539
BAD 331574416969
BAD 331574968591
BAD 331576406209
BAD 331576406267
BAD 331576406269
BAD 331557300143
BAD 331662185303
BAD 331662743879
BAD 331662743887
BAD 331663246711
BAD 331664960233
BAD 331666210487
BAD 331666210489
BAD 331666210493
BAD 331613044129
BAD 331667699039
BAD 331667714479
BAD 331671306193
BAD 331671306199
BAD 331616207081
BAD 331671663353
BAD 331616207101
BAD 331616207113
BAD 331616581253
BAD 331672513493
BAD 331617247849
BAD 331617362341
BAD 331675468853
BAD 331677166159
BAD 331629747041
BAD 331629747049
BAD 331620141389
BAD 331630128199
BAD 331620793549
BAD 331644270739
BAD 331644270743
BAD 331644369019
BAD 331621986349
BAD 331623177329
BAD 331623177331
BAD 331623177373
BAD 331623341321
BAD 331645247251
BAD 331625889887
BAD 331646896397
BAD 331646896457
BAD 331646896459
BAD 331633848043
BAD 331633848047
BAD 331626775729
BAD 331651166879
BAD 331651166881
BAD 331654838483
BAD 331636309159
BAD 331656141893
BAD 331656141899
BAD 331656904769
BAD 331656904771
BAD 331638049219
BAD 331641876151
BAD 331642473089
BAD 331642473091
BAD 331677723079
BAD 331679435167
BAD 331681556539
BAD 331682339147
BAD 331684174231
BAD 331685516689
BAD 331685516693
BAD 331685541931
BAD 331685647169
BAD 331685647171
BAD 331685843273
BAD 331685843299
BAD 331687690813
BAD 331687690819
BAD 331687690823
BAD 331688698093
BAD 331691051683
BAD 331691872493
BAD 331693029911
BAD 331693067999
BAD 331693068001
BAD 331693910567
BAD 331693910573
BAD 331694169649
BAD 331695039383
BAD 331696005083
BAD 331696203079
BAD 331696995397
BAD 331697049811
BAD 331699172437
BAD 331699383251
BAD 331701695161
BAD 331701695167
BAD 331702251157
BAD 331704758813
BAD 331707387673
BAD 331707387677
BAD 331707387679
BAD 331707387689
BAD 331707387691
BAD 331707949801
BAD 331708347253
BAD 331709462011
BAD 331709731579
BAD 331709731583
BAD 331709731607
BAD 331709731609
BAD 331748030161
BAD 331750449139
BAD 331750449143
BAD 331750449229
BAD 331753430303
BAD 331756709033
BAD 331758745531
BAD 331758762319
BAD 331758762323
BAD 331758829121
BAD 331758829123
BAD 331980579641
BAD 331980579643
BAD 331980579649
BAD 331982071171
BAD 331983703741
BAD 331760942969
BAD 331984815143
BAD 331711785973
BAD 331986951181
BAD 331987196423
BAD 331988557429
BAD 331713266407
BAD 331990520789
BAD 331990520821
BAD 331991568457
BAD 331991568463
BAD 331716684241
BAD 331717515769
BAD 331993529303
BAD 331719446749
BAD 331720824571
BAD 331720965013
BAD 331723591523
BAD 331995972323
BAD 331995972337
BAD 331726552321
BAD 331727155693
BAD 331727921177
BAD 331727921179
BAD 331727921183
BAD 331728010561
BAD 331812214681
BAD 331813924999
BAD 331815576643
BAD 331817994763
BAD 331819671121
BAD 331819932973
BAD 331821723089
BAD 331821723091
BAD 331729440157
BAD 331821857953
BAD 331822152007
BAD 331822191083
BAD 331822191097
BAD 331822296683
BAD 331822296691
BAD 331822498367
BAD 331822498369
BAD 331822498373
BAD 331822553281
BAD 331822991377
BAD 331845740197
BAD 331732161221
BAD 331732161223
BAD 331846048043
BAD 331846048049
BAD 331846048057
BAD 331823658871
BAD 331823658877
BAD 331732933481
BAD 331732933489
BAD 331733173619
BAD 331733173621
BAD 331824623309
BAD 331847253403
BAD 331733668223
BAD 331825133999
BAD 331825134001
BAD 331847964199
BAD 331734392057
BAD 331734949373
BAD 331735257263
BAD 331827626833
BAD 331850306341
BAD 331850306353
BAD 331879277603
BAD 331851248389
BAD 331737391637
BAD 331852395377
BAD 331852864417
BAD 331863524233
BAD 331762736663
BAD 331863574213
BAD 331779631721
BAD 331882553767
BAD 331882553777
BAD 331882553791
BAD 331739210573
BAD 331864202507
BAD 331883593991
BAD 331865453461
BAD 331865453467
BAD 331865453477
BAD 331765042933
BAD 331855629043
BAD 331765042957
BAD 331855629047
BAD 331765042963
BAD 331781425333
BAD 331781425337
BAD 331830299473
BAD 331830634441
BAD 331782321989
BAD 331782321991
BAD 331884761239
BAD 331866790583
BAD 331741691719
BAD 331946316799
BAD 331946316817
BAD 331885534307
BAD 331784084573
BAD 331886589919
BAD 331833448003
BAD 331769371027
BAD 331859328109
BAD 331833448007
BAD 331742859211
BAD 331947575189
BAD 331742859223
BAD 331742859257
BAD 331833516671
BAD 331833516673
BAD 331872032291
BAD 331872032293
BAD 331872150151
BAD 331769800291
BAD 331872469283
BAD 331770335333
BAD 331770335341
BAD 331872931853
BAD 331964034979
BAD 331860750413
BAD 331834919419
BAD 331873909489
BAD 331786069513
BAD 331786069529
BAD 331964876993
BAD 331861596383
BAD 331861877539
BAD 332000111461
BAD 332000111467
BAD 331799339539
BAD 331876049749
BAD 331876092319
BAD 331876092323
BAD 331951511873
BAD 331787973001
BAD 331787973007
BAD 331912744753
BAD 331891051673
BAD 331891133641
BAD 331891133653
BAD 332000647571
BAD 332000647591
BAD 331952390401
BAD 331952390411
BAD 331877142559
BAD 331800793889
BAD 331952908853
BAD 331774891183
BAD 331877683651
BAD 331877683831
BAD 332001530569
BAD 331953192301
BAD 331929784951
BAD 331929786511
BAD 331898057671
BAD 331914782509
BAD 331914782513
BAD 331914782519
BAD 331968643381
BAD 331898292241
BAD 331968643493
BAD 332002141033
BAD 331775725913
BAD 331801694857
BAD 332002288213
BAD 331801984873
BAD 331801984879
BAD 331930405007
BAD 331898854541
BAD 331969357883
BAD 331969477793
BAD 331969477843
BAD 331838738797
BAD 331838738807
BAD 331838738809
BAD 331838738813
BAD 331915918153
BAD 331915918157
BAD 331915918199
BAD 331899448583
BAD 331899448603
BAD 331899448613
BAD 331969938709
BAD 331969938767
BAD 332003389877
BAD 331970049731
BAD 331955429633
BAD 331970394677
BAD 331777940083
BAD 331956084437
BAD 331917024457
BAD 331804040551
BAD 332004311153
BAD 331931594473
BAD 332004311161
BAD 331804273991
BAD 331804273993
BAD 331793020021
BAD 331971634559
BAD 332004726997
BAD 332004804227
BAD 332004804233
BAD 331932368641
BAD 332005015429
BAD 332005108003
BAD 332005108021
BAD 332005108027
BAD 332005108033
BAD 331957325003
BAD 331901826563
BAD 331901826649
BAD 331901826653
BAD 331805526901
BAD 331932787331
BAD 332005582009
BAD 332005716593
BAD 331902861833
BAD 331973319383
BAD 331958346079
BAD 331902977093
BAD 331794906811
BAD 331806723007
BAD 331902977099
BAD 331806723011
BAD 331806723013
BAD 331806723043
BAD 332006163473
BAD 331958847443
BAD 331841819473
BAD 331841819497
BAD 331934490829
BAD 332030883137
BAD 331904241533
BAD 331905032341
BAD 331935595111
BAD 331961073713
BAD 331905556127
BAD 332032767817
BAD 332033110823
BAD 331962278143
BAD 331962796037
BAD 332008931281
BAD 331937333683
BAD 331907276167
BAD 331907531273
BAD 331907606441
BAD 332009246809
BAD 331907844889
BAD 331811878009
BAD 331978120609
BAD 331908480119
BAD 331908480121
BAD 331908510163
BAD 331908537559
BAD 331908716551
BAD 331908716563
BAD 332035759513
BAD 332035759537
BAD 331909239803
BAD 332010723103
BAD 331939826623
BAD 331940027311
BAD 331925247631
BAD 332047943543
BAD 332012121601
BAD 332012262259
BAD 332048481733
BAD 332048666197
BAD 332048926639
BAD 331926505661
BAD 331926505663
BAD 331942060733
BAD 331942060897
BAD 331926746821
BAD 331926746843
BAD 331926815951
BAD 331926815953
BAD 331926815971
BAD 331926815977
BAD 331926815981
BAD 332050538311
BAD 332050538317
BAD 332051026189
BAD 332051026193
BAD 332051026199
BAD 331928192179
BAD 331928192221
BAD 331928679241
BAD 331928679263
BAD 332052893701
BAD 332052893749
BAD 332053033813
BAD 332053393951
BAD 332042346203
BAD 332054122111
BAD 332042818957
BAD 332043060781
BAD 332043240757
BAD 332055054593
BAD 332059331209
BAD 332059331213
BAD 332014826029
BAD 332061080419
BAD 332061080423
BAD 332061121393
BAD 332017087807
BAD 332063107199
BAD 332063294999
BAD 332018105899
BAD 332019326453
BAD 332019665849
BAD 332019665851
BAD 332021258971
BAD 332021258977
BAD 332022502001
BAD 332022502003
BAD 332025149087
BAD 332025149089
BAD 332025149101
BAD 332028146953
BAD 332028507757
BAD 332029047353
BAD 332029047367
BAD 332029047373
BAD 332029854983
BAD 332064489593
BAD 332066470921
BAD 332068050113
BAD 332069106013
BAD 332070021953
BAD 332070130831
BAD 332071635299
BAD 332071635307
BAD 332071635341
BAD 332073681559
BAD 332074071151
BAD 332074515373
BAD 332074528223
BAD 332075574473
BAD 332077909231
BAD 332078095571
BAD 332078095579
BAD 332078141519
BAD 332079244769
BAD 332083823051
BAD 332084365703
BAD 332084365727
BAD 332084365729
BAD 332084643439
BAD 332084846519
BAD 332084846521
BAD 332090181023
BAD 332095041079
BAD 332095557823
BAD 332095557863
BAD 332095557883
BAD 332098537973
BAD 332099979877
BAD 332099979881
BAD 332100190027
BAD 332100350683
BAD 332102040799
BAD 332102328721
BAD 332102379461
BAD 332102379463
BAD 332102704279
BAD 332103502177
BAD 332105085049
BAD 332105549029
BAD 332106593659
BAD 332109041093
BAD 332110985639
BAD 332112642443
BAD 332112928493
BAD 332115022949
BAD 332115022951
BAD 332115691891
BAD 332117703839
BAD 332118025333
BAD 332118174379
BAD 332120041973
BAD 332120101433
BAD 332120101451
BAD 332120101543
BAD 332120101561
BAD 332120101567
BAD 332120312581
BAD 332121353569
BAD 332123278609
BAD 332123313191
BAD 332126857921
BAD 332126857927
BAD 332127334579
BAD 332127506443
BAD 332131608761
BAD 332131608763
BAD 332133992431
BAD 332134137683
BAD 332129915431
BAD 332129941757
BAD 332129941763
BAD 332129941771
BAD 332135940473
BAD 332135956459
BAD 332136250373
BAD 332137048823
BAD 332138721601
BAD 332138909831
BAD 332138909833
BAD 332139472711
BAD 332139702889
BAD 332139702893
BAD 332139945317
BAD 332139945343
BAD 332140623401
BAD 332140623403
BAD 332140623421
BAD 332141521463
BAD 332141561137
BAD 332143176349
BAD 332144225227
BAD 332145519691
BAD 332145519701
BAD 332181212611
BAD 332182570943
BAD 332182570949
BAD 332182570969
BAD 332184491053
BAD 332184494077
BAD 332184634657
BAD 332416552789
BAD 332416552813
BAD 332416921411
BAD 332417726653
BAD 332417726659
BAD 332418783481
BAD 332187541481
BAD 332187716801
BAD 332187716803
BAD 332187716813
BAD 332187716821
BAD 332419740349
BAD 332419740353
BAD 332188371719
BAD 332188371721
BAD 332188908803
BAD 332188908817
BAD 332189987783
BAD 332422737653
BAD 332422836527
BAD 332423704279
BAD 332424601193
BAD 332424601199
BAD 332424882851
BAD 332190486503
BAD 332190705247
BAD 332165067211
BAD 332165330383
BAD 332165330389
BAD 332191748341
BAD 332191748459
BAD 332429647877
BAD 332473769941
BAD 332193181813
BAD 332430973249
BAD 332431232033
BAD 332194558909
BAD 332149801073
BAD 332475958471
BAD 332475989647
BAD 332476024697
BAD 332476024711
BAD 332432652599
BAD 332165966543
BAD 332150422763
BAD 332476509403
BAD 332476509439
BAD 332151249271
BAD 332152493051
BAD 332168457311
BAD 332478604057
BAD 332478604069
BAD 332153311879
BAD 332154370553
BAD 332480910077
BAD 332480910079
BAD 332155374857
BAD 332156011433
BAD 332482229329
BAD 332482229333
BAD 332482229341
BAD 332172659369
BAD 332156406863
BAD 332156842643
BAD 332174354207
BAD 332174354209
BAD 332157986197
BAD 332175435637
BAD 332176407889
BAD 332159260639
BAD 332159331979
BAD 332160296977
BAD 332160335543
BAD 332160545063
BAD 332161761787
BAD 332161761793
BAD 332180255779
BAD 332216104117
BAD 332216558647
BAD 332216558659
BAD 332216558671
BAD 332234001109
BAD 332234174963
BAD 332234174983
BAD 332234174989
BAD 332217166163
BAD 332234550559
BAD 332234660377
BAD 332400291367
BAD 332400291371
BAD 332400291373
BAD 332235995789
BAD 332197957951
BAD 332220366581
BAD 332220537247
BAD 332198260001
BAD 332236272469
BAD 332281824751
BAD 332400930629
BAD 332400930649
BAD 332450151533
BAD 332199812963
BAD 332402009777
BAD 332402009791
BAD 332402453231
BAD 332402453233
BAD 332402453237
BAD 332402453239
BAD 332284289341
BAD 332237947711
BAD 332386693477
BAD 332285882947
BAD 332285882963
BAD 332285883049
BAD 332387820547
BAD 332387820551
BAD 332388153793
BAD 332388212809
BAD 332388212813
BAD 332265255293
BAD 332388529537
BAD 332287590407
BAD 332265815339
BAD 332406860179
BAD 332455867981
BAD 332240207759
BAD 332299636741
BAD 332265815341
BAD 332352555281
BAD 332265815353
BAD 332406860183
BAD 332253667979
BAD 332202987353
BAD 332388529541
BAD 332224888469
BAD 332253667981
BAD 332202987359
BAD 332202987379
BAD 332224888507
BAD 332224888549
BAD 332224888553
BAD 332203027159
BAD 332317876601
BAD 332317876603
BAD 332352757603
BAD 332407362323
BAD 332388970703
BAD 332456333029
BAD 332407632889
BAD 332456528879
BAD 332456528881
BAD 332408196203
BAD 332266668529
BAD 332408196229
BAD 332203831181
BAD 332226083089
BAD 332226083093
BAD 332366227771
BAD 332255078521
BAD 332255078537
BAD 332255078539
BAD 332204202787
BAD 332204202797
BAD 332288685623
BAD 332408767403
BAD 332408767409
BAD 332408767421
BAD 332408922511
BAD 332204621893
BAD 332366989261
BAD 332366989289
BAD 332256012709
BAD 332256012713
BAD 332242737817
BAD 332242737823
BAD 332242737829
BAD 332242737833
BAD 332457811901
BAD 332457811927
BAD 332457811951
BAD 332319826217
BAD 332207040499
BAD 332268304349
BAD 332257188841
BAD 332368818713
BAD 332319826219
BAD 332207040509
BAD 332391960647
BAD 332246868337
BAD 332410895699
BAD 332391960653
BAD 332207040511
BAD 332230010237
BAD 332289690751
BAD 332410895723
BAD 332268304351
BAD 332305887929
BAD 332230010239
BAD 332305887931
BAD 332369050973
BAD 332332359949
BAD 332411167919
BAD 332290193701
BAD 332247879427
BAD 332320881619
BAD 332457962623
BAD 332359689481
BAD 332370374521
BAD 332333727731
BAD 332321466143
BAD 332321466149
BAD 332370761659
BAD 332393842271
BAD 332393842273
BAD 332370831271
BAD 332270469373
BAD 332321578933
BAD 332458865941
BAD 332459519011
BAD 332459519017
BAD 332334657139
BAD 332334829711
BAD 332292537721
BAD 332292537767
BAD 332335052537
BAD 332394873743
BAD 332309057629
BAD 332413903043
BAD 332414157077
BAD 332414248741
BAD 332272594399
BAD 332272594403
BAD 332272599019
BAD 332272599023
BAD 332373375101
BAD 332362204441
BAD 332414562047
BAD 332414562049
BAD 332396499563
BAD 332414737163
BAD 332212025491
BAD 332324174999
BAD 332311418303
BAD 332337469447
BAD 332311418311
BAD 332397495239
BAD 332311502911
BAD 332311502933
BAD 332311668881
BAD 332311668883
BAD 332337747341
BAD 332337747349
BAD 332375145563
BAD 332375145569
BAD 332375145577
BAD 332398540063
BAD 332398647487
BAD 332398647499
BAD 332213185867
BAD 332398695271
BAD 332275075417
BAD 332262724841
BAD 332262724891
BAD 332263096853
BAD 332263096859
BAD 332263096861
BAD 332263096873
BAD 332263096877
BAD 332338678891
BAD 332338678897
BAD 332338709431
BAD 332275709279
BAD 332214384559
BAD 332275709281
BAD 332275709299
BAD 332376863821
BAD 332376863851
BAD 332339489789
BAD 332339489791
BAD 332339526593
BAD 332464685881
BAD 332377280453
BAD 332314336169
BAD 332340185603
BAD 332465234149
BAD 332465234261
BAD 332314713503
BAD 332378463421
BAD 332378463433
BAD 332328005941
BAD 332379771907
BAD 332342822941
BAD 332329455197
BAD 332329455203
BAD 332329845571
BAD 332381698213
BAD 332280710869
BAD 332330201167
BAD 332330293327
BAD 332382215149
BAD 332344468933
BAD 332346239191
BAD 332434078441
BAD 332434471849
BAD 332435579491
BAD 332435579533
BAD 332440500841
BAD 332443071241
BAD 332443071251
BAD 332443071253
BAD 332444122651
BAD 332444122657
BAD 332444591071
BAD 332444669119
BAD 332445897781
BAD 332446585649
BAD 332446585651
BAD 332446745303
BAD 332446745311
BAD 332446884863
BAD 332447653273
BAD 332448052639
BAD 332484257927
BAD 332485274159
BAD 332485274161
BAD 332485914989
BAD 332486157697
BAD 332486299763
BAD 332488785557
BAD 332493748777
BAD 332493748793
BAD 332493748799
BAD 332493748801
BAD 332496374071
BAD 332496405133
BAD 332497891157
BAD 332500929437
BAD 332501752417
BAD 332501752423
BAD 332501752433
BAD 332501752447
BAD 332503060237
BAD 332503441103
BAD 332504561131
BAD 332508689119
BAD 332510045537
BAD 332511411187
BAD 332511660181
BAD 332512430233
BAD 332512840313
BAD 332513471869
BAD 332514442621
BAD 332517006001
BAD 332520058967
BAD 332521723453
BAD 332525277761
BAD 332529074929
BAD 332529833177
BAD 332529833179
BAD 332530054321
BAD 332531302403
BAD 332531953861
BAD 332531953867
BAD 332532472651
BAD 332568017941
BAD 332568018023
BAD 332571749483
BAD 332572176259
BAD 332572176263
BAD 332573722493
BAD 332574101711
BAD 332575195397
BAD 332575195399
BAD 332577055543
BAD 332577055549
BAD 332577305771
BAD 332577305773
BAD 332577305777
BAD 332578386529
BAD 332579377159
BAD 332580583169
BAD 332580583171
BAD 332581187101
BAD 332584764283
BAD 332585002459
BAD 332534479063
BAD 332586544547
BAD 332586544561
BAD 332586544567
BAD 332586688339
BAD 332586688351
BAD 332586749753
BAD 332535162353
BAD 332871126509
BAD 332586781883
BAD 332871922373
BAD 332871922399
BAD 332871922403
BAD 332872109209
BAD 332589244909
BAD 332589244943
BAD 332537810723
BAD 332589879541
BAD 332873801279
BAD 332874218993
BAD 332538964103
BAD 332874957269
BAD 332874957271
BAD 332875008353
BAD 332875032433
BAD 332875032439
BAD 332875032443
BAD 332539882823
BAD 332540372729
BAD 332541719101
BAD 332541719141
BAD 332541719143
BAD 332542689893
BAD 332542689901
BAD 332542689931
BAD 332543447959
BAD 332878916663
BAD 332879442053
BAD 332591442241
BAD 332545371541
BAD 332546703901
BAD 332594124571
BAD 332547383731
BAD 332547383743
BAD 332547383747
BAD 332882469097
BAD 332548516133
BAD 332595430273
BAD 332884901599
BAD 332597384923
BAD 332598522169
BAD 332598522173
BAD 332598522181
BAD 332598730493
BAD 332598730531
BAD 332598730549
BAD 332602562731
BAD 332602996043
BAD 332602996049
BAD 332602996051
BAD 332604308149
BAD 332606049421
BAD 332610808043
BAD 332611145941
BAD 332614811273
BAD 332614880131
BAD 332804355307
BAD 332616630653
BAD 332616630659
BAD 332550165617
BAD 332550656701
BAD 332806152631
BAD 332806428349
BAD 332806706209
BAD 332806706213
BAD 332552138629
BAD 332836702291
BAD 332552853593
BAD 332552853601
BAD 332808413629
BAD 332808413633
BAD 332808564203
BAD 332553515821
BAD 332553515831
BAD 332809371563
BAD 332701313221
BAD 332701313239
BAD 332701347527
BAD 332701624127
BAD 332701624133
BAD 332769115771
BAD 332769115793
BAD 332769115799
BAD 332769115801
BAD 332553973943
BAD 332553973963
BAD 332769975919
BAD 332618592679
BAD 332684600821
BAD 332811386161
BAD 332618592701
BAD 332853638839
BAD 332650800347
BAD 332738100353
BAD 332841004987
BAD 332853638851
BAD 332618592703
BAD 332718177949
BAD 332853638869
BAD 332555928217
BAD 332702235497
BAD 332702235499
BAD 332770065289
BAD 332770065293
BAD 332718294767
BAD 332618830183
BAD 332651203343
BAD 332854161883
BAD 332854161889
BAD 332854161901
BAD 332854218217
BAD 332854218233
BAD 332854218241
BAD 332819574443
BAD 332635775239
BAD 332635775243
BAD 332635807433
BAD 332738971351
BAD 332651587043
BAD 332556911033
BAD 332738999171
BAD 332819862769
BAD 332819862773
BAD 332771084257
BAD 332771084263
BAD 332771084377
BAD 332685557587
BAD 332685557599
BAD 332753019037
BAD 332820035299
BAD 332753229383
BAD 332651996113
BAD 332651996137
BAD 332651996153
BAD 332636514919
BAD 332812766681
BAD 332812766683
BAD 332820455899
BAD 332720232503
BAD 332720232517
BAD 332740226411
BAD 332558353763
BAD 332558353783
BAD 332558353793
BAD 332786024807
BAD 332786024971
BAD 332558446621
BAD 332558447239
BAD 332856380543
BAD 332638607957
BAD 332653011337
BAD 332821910279
BAD 332774381287
BAD 332621549531
BAD 332756805473
BAD 332814482479
BAD 332704896289
BAD 332787814771
BAD 332720788601
BAD 332741263039
BAD 332774381293
BAD 332756805481
BAD 332689256873
BAD 332787814789
BAD 332774381311
BAD 332720788613
BAD 332720788627
BAD 332720788643
BAD 332756967061
BAD 332822093827
BAD 332822099063
BAD 332822099069
BAD 332638870717
BAD 332721177739
BAD 332721177743
BAD 332721177751
BAD 332668763057
BAD 332689808573
BAD 332670635863
BAD 332707283827
BAD 332788493761
BAD 332843288443
BAD 332824474397
BAD 332623155793
BAD 332815101991
BAD 332653804039
BAD 332775210431
BAD 332857837483
BAD 332824474399
BAD 332670635881
BAD 332742524773
BAD 332670635887
BAD 332775210433
BAD 332721582049
BAD 332670636007
BAD 332757776731
BAD 332670636013
BAD 332742707663
BAD 332742707683
BAD 332670827857
BAD 332788718467
BAD 332815384543
BAD 332815384547
BAD 332815384549
BAD 332843685403
BAD 332654290063
BAD 332858349469
BAD 332654603563
BAD 332844750001
BAD 332789886043
BAD 332777028029
BAD 332863047247
BAD 332559043517
BAD 332624371171
BAD 332708887813
BAD 332828209853
BAD 332646733501
BAD 332708887817
BAD 332817618017
BAD 332863047259
BAD 332559043519
BAD 332789886739
BAD 332726001299
BAD 332817618019
BAD 332789886763
BAD 332671948153
BAD 332759471293
BAD 332646733513
BAD 332726001301
BAD 332745078311
BAD 332646733519
BAD 332745078313
BAD 332745078319
BAD 332646761431
BAD 332646761437
BAD 332745148367
BAD 332745148369
BAD 332646829609
BAD 332828492377
BAD 332745388403
BAD 332726112479
BAD 332745388411
BAD 332726112547
BAD 332817997019
BAD 332817997021
BAD 332828615333
BAD 332845648453
BAD 332828844769
BAD 332828844773
BAD 332828844779
BAD 332828844781
BAD 332691632341
BAD 332709836029
BAD 332864332351
BAD 332791382983
BAD 332760992539
BAD 332760992563
BAD 332746667581
BAD 332829671663
BAD 332846612083
BAD 332846612089
BAD 332710714493
BAD 332656246543
BAD 332656246561
BAD 332656246567
BAD 332710785571
BAD 332830103651
BAD 332830103653
BAD 332695195297
BAD 332887698067
BAD 332673696263
BAD 332711115497
BAD 332562213119
BAD 332656632023
BAD 332847536029
BAD 332626608497
BAD 332779592573
BAD 332887698127
BAD 332626608499
BAD 332747538041
BAD 332793530281
BAD 332562213121
BAD 332728244437
BAD 332656632037
BAD 332761648403
BAD 332865621379
BAD 332649120283
BAD 332847536033
BAD 332747538043
BAD 332728244447
BAD 332847536053
BAD 332728244449
BAD 332649120289
BAD 332711295233
BAD 332830341331
BAD 332627084429
BAD 332627084431
BAD 332649419749
BAD 332627183621
BAD 332649419761
BAD 332711758679
BAD 332711758681
BAD 332748419449
BAD 332748419453
BAD 332748419477
BAD 332748419483
BAD 332712185699
BAD 332627913223
BAD 332762635483
BAD 332729013901
BAD 332729013937
BAD 332831733083
BAD 332795344969
BAD 332849044417
BAD 332696658533
BAD 332696658551
BAD 332628486439
BAD 332749370209
BAD 332749370227
BAD 332889179741
BAD 332628549377
BAD 332696920403
BAD 332889293629
BAD 332889293647
BAD 332781540983
BAD 332781541007
BAD 332781541009
BAD 332781541013
BAD 332832322391
BAD 332629102471
BAD 332658650813
BAD 332713658671
BAD 332868051091
BAD 332795643793
BAD 332713658687
BAD 332889996853
BAD 332713658689
BAD 332795643799
BAD 332832322393
BAD 332629102483
BAD 332889996871
BAD 332730700769
BAD 332890130161
BAD 332890130179
BAD 332698072181
BAD 332698072183
BAD 332764392613
BAD 332850190909
BAD 332850190963
BAD 332796421487
BAD 332850578603
BAD 332765030123
BAD 332751287689
BAD 332765222407
BAD 332629812661
BAD 332833532093
BAD 332891324509
BAD 332891324543
BAD 332891324561
BAD 332833768783
BAD 332833768789
BAD 332833768793
BAD 332699323603
BAD 332715262921
BAD 332660129779
BAD 332783376139
BAD 332732434693
BAD 332699883727
BAD 332630862143
BAD 332797881193
BAD 332732839297
BAD 332766423029
BAD 332797990807
BAD 332797990831
BAD 332797990843
BAD 332766759769
BAD 332892897187
BAD 332716694509
BAD 332893279261
BAD 332632052873
BAD 332799445103
BAD 332799445109
BAD 332799486583
BAD 332799486587
BAD 332894127373
BAD 332679764449
BAD 332799818821
BAD 332633228869
BAD 332633307511
BAD 332663781739
BAD 332663781743
BAD 332681480251
BAD 332681480303
BAD 332896373587
BAD 332896373617
BAD 332665172183
BAD 332682339629
BAD 332682339631
BAD 332682339641
BAD 332682339659
BAD 332897541293
BAD 332666230621
BAD 332666338469
BAD 332666338471
BAD 332898119399
BAD 332898119401
BAD 332898191209
BAD 332898779459
BAD 332898779461
BAD 332898967813
BAD 332667570593
BAD 332899898893
BAD 332899898897
BAD 332899898899
BAD 332901476293
BAD 332902065473
BAD 332903908583
BAD 332906389469
BAD 332907714157
BAD 332908164221
BAD 332909305549
BAD 332913212273
BAD 332913996953
BAD 332913996959
BAD 332914032281
BAD 332914418981
BAD 332914418983
BAD 332914418999
BAD 332914419001
BAD 332914419007
BAD 332915983969
BAD 332919156803
BAD 332919156811
BAD 332926348123
BAD 332927691827
BAD 332927691829
BAD 332931211343
BAD 332933098123
BAD 332934317887
BAD 332938219433
BAD 332939041321
BAD 332939670991
BAD 332939671013
BAD 332940766709
BAD 332941935043
BAD 332942023957
BAD 332942217607
BAD 332942697289
BAD 332942884303
BAD 332945915971
BAD 332946776971
BAD 332948444687
BAD 332948957017
BAD 332950036849
BAD 332950182743
BAD 332950905689
BAD 332950905691
BAD 332951602499
BAD 332951940793
BAD 332969851891
BAD 332969851897
BAD 332972645521
BAD 332972913631
BAD 332974049341
BAD 332974716251
BAD 332974765051
BAD 332976977131
BAD 332976977149
BAD 332978952433
BAD 332978952443
BAD 332980436863
BAD 332982059957
BAD 332982059959
BAD 332983097449
BAD 332983097453
BAD 332983329323
BAD 332983532491
BAD 332985573787
BAD 332986097947
BAD 333003524233
BAD 333005650331
BAD 333005650333
BAD 333005836057
BAD 333005836061
BAD 333007687879
BAD 333007930733
BAD 333008730091
BAD 333008742827
BAD 333009803747
BAD 333009829699
BAD 333009829723
BAD 333009829741
BAD 333009829759
BAD 333010960301
BAD 333011412709
BAD 333020388847
BAD 333021706489
BAD 333012796913
BAD 333012796943
BAD 333157369361
BAD 332955816283
BAD 333023734081
BAD 333158325067
BAD 333158325077
BAD 333158325079
BAD 333158325083
BAD 333023844721
BAD 333016217929
BAD 333024231349
BAD 333159142051
BAD 333024231367
BAD 333016416319
BAD 333016416323
BAD 333160080733
BAD 333160080739
BAD 333160158283
BAD 333017874829
BAD 333026870647
BAD 332960987071
BAD 332961055151
BAD 332961486287
BAD 332962084271
BAD 332962460197
BAD 332963020241
BAD 332963020249
BAD 332964021457
BAD 333027532469
BAD 332964697489
BAD 332964697493
BAD 332964697501
BAD 332964841663
BAD 333167622547
BAD 333167829307
BAD 332966239469
BAD 332966239471
BAD 332986662587
BAD 332967860287
BAD 333170008909
BAD 332968427821
BAD 333170763067
BAD 332968559317
BAD 332968559327
BAD 332968559333
BAD 332988844571
BAD 332988844583
BAD 333031298713
BAD 332990336521
BAD 332990336563
BAD 332990336573
BAD 332990428973
BAD 332991695093
BAD 333034335989
BAD 332993076659
BAD 332993076683
BAD 333035738933
BAD 333036563089
BAD 332995281349
BAD 332996415649
BAD 332996646277
BAD 332997015511
BAD 332997107701
BAD 332997107711
BAD 332997848723
BAD 332997848749
BAD 332997855731
BAD 332997855733
BAD 332999906641
BAD 332999906647
BAD 333001241723
BAD 333289719941
BAD 333289719943
BAD 333001800829
BAD 333002798437
BAD 333002798441
BAD 333291833491
BAD 333291924551
BAD 333292948969
BAD 333294990877
BAD 333297088351
BAD 333297449159
BAD 333297449161
BAD 333297595991
BAD 333297595993
BAD 333297595999
BAD 333298919123
BAD 333299670919
BAD 333301331261
BAD 333301331263
BAD 333301331269
BAD 333301989233
BAD 333302328301
BAD 333120626221
BAD 333302945467
BAD 333304047863
BAD 333304047893
BAD 333304207939
BAD 333122547617
BAD 333304556383
BAD 333123000323
BAD 333272098673
BAD 333123334021
BAD 333172107901
BAD 333272744773
BAD 333172605251
BAD 333172605253
BAD 333273080923
BAD 333273228037
BAD 333172854743
BAD 333124249127
BAD 333204608167
BAD 333204659681
BAD 333173311711
BAD 333205323211
BAD 333273946451
BAD 333206052691
BAD 333124604069
BAD 333206385199
BAD 333275332613
BAD 333174469549
BAD 333125338463
BAD 333125338549
BAD 333309737087
BAD 333126353761
BAD 333126703891
BAD 333126703901
BAD 333126703913
BAD 333126779779
BAD 333223193311
BAD 333310608907
BAD 333209022889
BAD 333209022893
BAD 333209165753
BAD 333279007583
BAD 333223916873
BAD 333223916881
BAD 333279131551
BAD 333177607843
BAD 333177607853
BAD 333177608033
BAD 333090003853
BAD 333090003859
BAD 333177764251
BAD 333311367163
BAD 333279486451
BAD 333224331289
BAD 333178007893
BAD 333178007909
BAD 333054711449
BAD 333210094219
BAD 333210168721
BAD 333210168727
BAD 333312267023
BAD 333312267037
BAD 333312324143
BAD 333090639467
BAD 333090639473
BAD 333179020133
BAD 333280784633
BAD 333280786963
BAD 333091175191
BAD 333211956919
BAD 333056520473
BAD 333212384389
BAD 333212384441
BAD 333313312921
BAD 333041732869
BAD 333041732963
BAD 333041772083
BAD 333041772103
BAD 333056702707
BAD 333056702711
BAD 333180826819
BAD 333313851811
BAD 333313851841
BAD 333313851889
BAD 333057040783
BAD 333092609287
BAD 333092651609
BAD 333092651611
BAD 333181483367
BAD 333283444477
BAD 333283444493
BAD 333283444511
BAD 333283444573
BAD 333213889609
BAD 333093153277
BAD 333057969593
BAD 333214379437
BAD 333094027403
BAD 333094055191
BAD 333228541141
BAD 333254806219
BAD 333183602581
BAD 333070386511
BAD 333044259391
BAD 333058810309
BAD 333139355093
BAD 333070386521
BAD 333058810313
BAD 333228541169
BAD 333318418921
BAD 333228541171
BAD 333139355099
BAD 333070386541
BAD 333228601763
BAD 333216080597
BAD 333216080599
BAD 333044414629
BAD 333044414639
BAD 333044414641
BAD 333044414663
BAD 333285028907
BAD 333139534313
BAD 333139534397
BAD 333228788881
BAD 333184012969
BAD 333318928223
BAD 333059606389
BAD 333059606393
BAD 333319300823
BAD 333184718137
BAD 333184718159
BAD 333184718161
BAD 333319375099
BAD 333060060433
BAD 333217586917
BAD 333217729393
BAD 333217729433
BAD 333095501813
BAD 333095501821
BAD 333095739983
BAD 333046521193
BAD 333141161083
BAD 333046554871
BAD 333060993511
BAD 333218469659
BAD 333061110593
BAD 333257644217
BAD 333257644219
BAD 333072671653
BAD 333231003041
BAD 333257846617
BAD 333257994109
BAD 333141686963
BAD 333218969459
BAD 333258373243
BAD 333258373249
BAD 333258482551
BAD 333073191443
BAD 333287810743
BAD 333143258687
BAD 333047897101
BAD 333143258689
BAD 333231754511
BAD 333096816131
BAD 333047897113
BAD 333187422661
BAD 333096816133
BAD 333219659419
BAD 333231754523
BAD 333128680481
BAD 333187422683
BAD 333096816139
BAD 333219659453
BAD 333187422691
BAD 333187422697
BAD 333076074769
BAD 333063348077
BAD 333063348083
BAD 333063348161
BAD 333076094357
BAD 333076094359
BAD 333076094363
BAD 333063455909
BAD 333063455911
BAD 333063455917
BAD 333063455941
BAD 333063455947
BAD 333259708343
BAD 333321509267
BAD 333063804781
BAD 333048116887
BAD 333321509273
BAD 333063804811
BAD 333063804817
BAD 333048117047
BAD 333048117049
BAD 333232671659
BAD 333232671661
BAD 333048425737
BAD 333144025943
BAD 333232915879
BAD 333076764743
BAD 333076764763
BAD 333221142031
BAD 333098206099
BAD 333130123189
BAD 333260843329
BAD 333130665529
BAD 333130665533
BAD 333077257481
BAD 333077257483
BAD 333144752459
BAD 333144752461
BAD 333144752467
BAD 333050210401
BAD 333050210407
BAD 333050210419
BAD 333050210429
BAD 333050210431
BAD 333077516521
BAD 333234820007
BAD 333234963937
BAD 333234964021
BAD 333050795761
BAD 333132145873
BAD 333100603903
BAD 333078568591
BAD 333078568597
BAD 333101237423
BAD 333145938491
BAD 333145938493
BAD 333051849149
BAD 333133062901
BAD 333133062907
BAD 333133062979
BAD 333078885199
BAD 333101893669
BAD 333101893673
BAD 333101893717
BAD 333263502623
BAD 333236975377
BAD 333236975453
BAD 333067851121
BAD 333134134609
BAD 333068023139
BAD 333080499209
BAD 333080499211
BAD 333264245273
BAD 333237822559
BAD 333264715921
BAD 333081312769
BAD 333081312779
BAD 333135285563
BAD 333081500963
BAD 333081514583
BAD 333081688061
BAD 333265391671
BAD 333069938987
BAD 333069938989
BAD 333266799707
BAD 333149766857
BAD 333150405541
BAD 333269670991
BAD 333270531577
BAD 333270972563
BAD 333270972577
BAD 333270972581
BAD 333270972583
BAD 333270972589
BAD 333271205513
BAD 333271205521
BAD 333271238393
BAD 333154083863
BAD 333322750051
BAD 333322979063
BAD 333324619193
BAD 333325710871
BAD 333238157981
BAD 333238157983
BAD 333238286033
BAD 333238991671
BAD 333238991689
BAD 333327493427
BAD 333328598879
BAD 333328598881
BAD 333328598909
BAD 333240259889
BAD 333329302249
BAD 333329302261
BAD 333240840091
BAD 333329977579
BAD 333330026681
BAD 333330026683
BAD 333333248821
BAD 333188654921
BAD 333245477219
BAD 333245477221
BAD 333245477267
BAD 333245477269
BAD 333245477273
BAD 333189317627
BAD 333245951509
BAD 333245951513
BAD 333189949471
BAD 333335640041
BAD 333335692189
BAD 333191105977
BAD 333191652349
BAD 333191910551
BAD 333337133743
BAD 333193224373
BAD 333249514903
BAD 333195988549
BAD 333197207029
BAD 333197706773
BAD 333252073027
BAD 333252306383
BAD 333201407729
BAD 333201407731
BAD 333203500771
BAD 333104282993
BAD 333104283007
BAD 333105211897
BAD 333105211903
BAD 333105618623
BAD 333106195579
BAD 333112874191
BAD 333114173963
BAD 333115109281
BAD 333118439273
BAD 333119020657
BAD 333340100089
BAD 333340722797
BAD 333340968859
BAD 333340984817
BAD 333340984819
BAD 333341273147
BAD 333341273149
BAD 333341520751
BAD 333344702123
BAD 333350598551
BAD 333350700983
BAD 333352184933
BAD 333354859729
BAD 333356098483
BAD 333356098487
BAD 333356098489
BAD 333361209061
BAD 333361209073
BAD 333362762599
BAD 333363542671
BAD 333365440921
BAD 333368390293
BAD 333369262883
BAD 333370476097
BAD 333370476113
BAD 333370476151
BAD 333370476217
BAD 333423406103
BAD 333424427093
BAD 333424427099
BAD 333424427101
BAD 333426002711
BAD 333427519729
BAD 333427869469
BAD 333430778677
BAD 333431152183
BAD 333432013283
BAD 333433035973
BAD 333433329259
BAD 333433329289
BAD 333433329293
BAD 333433861583
BAD 333434248921
BAD 333434844653
BAD 333436534289
BAD 333436816351
BAD 333406318549
BAD 333406318561
BAD 333407573869
BAD 333407573881
BAD 333438732527
BAD 333456894523
BAD 333413279363
BAD 333416238191
BAD 333416238193
BAD 333416238203
BAD 333462864341
BAD 333417582587
BAD 333417626291
BAD 333417944863
BAD 333418239463
BAD 333465897533
BAD 333466678487
BAD 333422104633
BAD 333422479679
BAD 333422479681
BAD 333469069211
BAD 333470247211
BAD 333470993003
BAD 333470993041
BAD 333472427311
BAD 333472427341
BAD 333389059337
BAD 333389207323
BAD 333389345987
BAD 333389346049
BAD 333390425933
BAD 333492336283
BAD 333624741631
BAD 333625774103
BAD 333625793549
BAD 333625793551
BAD 333625859513
BAD 333394254113
BAD 333394790569
BAD 333628453759
BAD 333628552111
BAD 333628552121
BAD 333628552123
BAD 333397003909
BAD 333397003913
BAD 333397003921
BAD 333397874363
BAD 333629854567
BAD 333497019847
BAD 333497019857
BAD 333497019859
BAD 333373961573
BAD 333374293141
BAD 333399415717
BAD 333675228713
BAD 333675228721
BAD 333631102687
BAD 333400394993
BAD 333400475183
BAD 333400902859
BAD 333400902871
BAD 333375367141
BAD 333632014049
BAD 333375750377
BAD 333501271121
BAD 333501271123
BAD 333402849383
BAD 333633144737
BAD 333633144739
BAD 333402878959
BAD 333403046281
BAD 333677895079
BAD 333677984911
BAD 333403482703
BAD 333634582051
BAD 333377476351
BAD 333503643773
BAD 333679847929
BAD 333636025913
BAD 333378242489
BAD 333378242497
BAD 333505621027
BAD 333378919501
BAD 333681111403
BAD 333378929749
BAD 333638698423
BAD 333639306157
BAD 333380229601
BAD 333380229607
BAD 333682994443
BAD 333683832991
BAD 333684239179
BAD 333684239183
BAD 333381903353
BAD 333382772029
BAD 333688724639
BAD 333688724641
BAD 333688724647
BAD 333690320633
BAD 333690383879
BAD 333690383881
BAD 333387458543
BAD 333387458549
BAD 333388687259
BAD 333388710379
BAD 333473010061
BAD 333658419323
BAD 333658955057
BAD 333658955059
BAD 333441437473
BAD 333442039993
BAD 333661106923
BAD 333443811761
BAD 333558222097
BAD 333443811763
BAD 333641770621
BAD 333478856603
BAD 333608928091
BAD 333662011913
BAD 333608928097
BAD 333443889979
BAD 333443889983
BAD 333443889991
BAD 333479255119
BAD 333540535819
BAD 333642572317
BAD 333573680459
BAD 333573833443
BAD 333559601761
BAD 333574733299
BAD 333663266243
BAD 333445994117
BAD 333643817209
BAD 333643817251
BAD 333575438957
BAD 333542782939
BAD 333664362643
BAD 333664362649
BAD 333645147289
BAD 333645147301
BAD 333645147307
BAD 333645147331
BAD 333523458559
BAD 333664519651
BAD 333523458563
BAD 333523458577
BAD 333664519663
BAD 333523458581
BAD 333591291479
BAD 333664602487
BAD 333664602499
BAD 333447688633
BAD 333612151163
BAD 333483675361
BAD 333665571053
BAD 333577392011
BAD 333577392013
BAD 333665667833
BAD 333592358189
BAD 333592358191
BAD 333646362341
BAD 333646362349
BAD 333646362383
BAD 333563136121
BAD 333666591623
BAD 333646703707
BAD 333646703717
BAD 333450052861
BAD 333564088009
BAD 333564088021
BAD 333526491527
BAD 333614279521
BAD 333506974793
BAD 333649030619
BAD 333527607253
BAD 333546546143
BAD 333489252311
BAD 333649030621
BAD 333580606157
BAD 333546546149
BAD 333615586103
BAD 333580606159
BAD 333649030633
BAD 333451395877
BAD 333667678921
BAD 333615586111
BAD 333707936311
BAD 333527654611
BAD 333565157281
BAD 333565157291
BAD 333507063311
BAD 333507063313
BAD 333507063317
BAD 333507063319
BAD 333565449961
BAD 333594337277
BAD 333565449967
BAD 333615989251
BAD 333507496463
BAD 333565646443
BAD 333565691807
BAD 333528406537
BAD 333528406543
BAD 333581839867
BAD 333508165789
BAD 333508165801
BAD 333595643299
BAD 333581968403
BAD 333669347299
BAD 333669347303
BAD 333617460173
BAD 333453413233
BAD 333566862949
BAD 333508837609
BAD 333508837637
BAD 333508837639
BAD 333508837643
BAD 333508837667
BAD 333650931799
BAD 333508965409
BAD 333453686641
BAD 333454292089
BAD 333670509463
BAD 333670712101
BAD 333510276577
BAD 333510276587
BAD 333670859947
BAD 333709996777
BAD 333709996783
BAD 333619198571
BAD 333619198573
BAD 333619198579
BAD 333710208421
BAD 333710208427
BAD 333510958423
BAD 333653129659
BAD 333568996549
BAD 333568996591
BAD 333653144873
BAD 333671611291
BAD 333710600479
BAD 333653831417
BAD 333653831419
BAD 333653943691
BAD 333551626643
BAD 333584741803
BAD 333620885993
BAD 333570140599
BAD 333672369031
BAD 333599802467
BAD 333585216739
BAD 333711670703
BAD 333585328861
BAD 333585328949
BAD 333600482749
BAD 333585573833
BAD 333553141241
BAD 333512592421
BAD 333572101553
BAD 333673533601
BAD 333572108453
BAD 333622649011
BAD 333712791031
BAD 333712791037
BAD 333601377121
BAD 333572404313
BAD 333554214353
BAD 333572404369
BAD 333513698389
BAD 333586885127
BAD 333586885129
BAD 333534687137
BAD 333534687139
BAD 333573223021
BAD 333555232657
BAD 333535139117
BAD 333535139159
BAD 333535139167
BAD 333714083557
BAD 333588068167
BAD 333603227677
BAD 333588697363
BAD 333588697459
BAD 333589166219
BAD 333516914551
BAD 333516991277
BAD 333516991279
BAD 333589870349
BAD 333589870351
BAD 333604615823
BAD 333717086609
BAD 333717086611
BAD 333539653313
BAD 333606558097
BAD 333719223389
BAD 333719223391
BAD 333719280383
BAD 333719334691
BAD 333719334701
BAD 333719334703
BAD 333522014003
BAD 333522134923
BAD 333522134927
BAD 333522134929
BAD 333522134941
BAD 333522134951
BAD 333720188233
BAD 333522935113
BAD 333523114891
BAD 333722395313
BAD 333722395319
BAD 333722848903
BAD 333726827537
BAD 333726827543
BAD 333727168553
BAD 333727344421
BAD 333727448981
BAD 333727578161
BAD 333728356361
BAD 333728356363
BAD 333730133651
BAD 333730133677
BAD 333730133689
BAD 333730134007
BAD 333691959169
BAD 333730134011
BAD 333730134013
BAD 333730134019
BAD 333730268603
BAD 333692625767
BAD 333692625769
BAD 333692777857
BAD 333731574613
BAD 333732156487
BAD 333732221623
BAD 333732221629
BAD 333732221633
BAD 333732221653
BAD 333733318991
BAD 333733318993
BAD 333695556091
BAD 333695937611
BAD 333695937613
BAD 333733752743
BAD 333698948311
BAD 333737877763
BAD 333737877769
BAD 333701678423
BAD 333738746071
BAD 333702494701
BAD 333702494707
BAD 333702494711
BAD 333704594161
BAD 333707423111
BAD 333707423113
BAD 333707423117
BAD 333741871051
BAD 333742631273
BAD 333742631281
BAD 333744295021
BAD 333744295051
BAD 333744393901
BAD 333744788197
BAD 333744986489
BAD 333746849959
BAD 333748391243
BAD 333748391281
BAD 333750666083
BAD 333750746683
BAD 333751046137
BAD 333751541479
BAD 333751541483
BAD 333751541491
BAD 333751913203
BAD 333754383673
BAD 333757194403
BAD 333757194409
BAD 333757380391
BAD 333758354269
BAD 333758443103
BAD 333760235813
BAD 333760235827
BAD 333760235849
BAD 333761880943
BAD 333763718863
BAD 333763718867
BAD 333765569539
BAD 333766551031
BAD 333770101463
BAD 333771475403
BAD 333773556401
BAD 333810399023
BAD 333810698219
BAD 333811346521
BAD 333813153301
BAD 333815314801
BAD 333815648921
BAD 333815648923
BAD 333815648927
BAD 333816873757
BAD 333819516517
BAD 333819516521
BAD 333819516523
BAD 333777541319
BAD 333821868241
BAD 333822818059
BAD 333778259851
BAD 333778259861
BAD 333778259863
BAD 333778259869
BAD 333778259873
BAD 333778462211
BAD 333794627963
BAD 333794890703
BAD 333779938627
BAD 333795804451
BAD 333781299923
BAD 333796397783
BAD 333781544071
BAD 333781544077
BAD 333796704859
BAD 333781784537
BAD 333781784551
BAD 333782247949
BAD 333796931291
BAD 333783132413
BAD 333783225709
BAD 333783467239
BAD 333798454589
BAD 333784034513
BAD 333784034527
BAD 333825035671
BAD 333825035693
BAD 333785258647
BAD 333785424683
BAD 333788602193
BAD 333789286007
BAD 333789973267
BAD 333789973277
BAD 333790674641
BAD 333799860239
BAD 333799860271
BAD 333799862131
BAD 333800712199
BAD 333800898271
BAD 333800898281
BAD 333802054141
BAD 333804212449
BAD 333805147651
BAD 333805569833
BAD 333805660849
BAD 333845618933
BAD 333846144299
BAD 333846514787
BAD 333846514789
BAD 333847371799
BAD 333847554437
BAD 333847554451
BAD 333847554457
BAD 333848541673
BAD 333848743427
BAD 333851449747
BAD 333808109483
BAD 333852352601
BAD 333852671423
BAD 333910255279
BAD 333854606093
BAD 333854606143
BAD 333854606147
BAD 333854606149
BAD 333913009049
BAD 334060103263
BAD 334060103269
BAD 333857189321
BAD 333915051359
BAD 334063113599
BAD 333915051361
BAD 333915243559
BAD 334064301761
BAD 334064301763
BAD 334064548159
BAD 334064548163
BAD 334065607979
BAD 334065649831
BAD 334065665881
BAD 333917512153
BAD 334065914269
BAD 334065944243
BAD 333918163043
BAD 333919025837
BAD 333919025917
BAD 333858233987
BAD 333858234001
BAD 334070681327
BAD 334131681353
BAD 334071438739
BAD 334133249797
BAD 334133249803
BAD 334133249809
BAD 334074296461
BAD 334074296467
BAD 334074296513
BAD 334074296551
BAD 334135857637
BAD 334135857641
BAD 334135857661
BAD 333923857937
BAD 334075783879
BAD 334076039993
BAD 334137678949
BAD 334138005871
BAD 334139837029
BAD 334140087887
BAD 334140087889
BAD 334140087901
BAD 333858959579
BAD 333859823371
BAD 333860547233
BAD 333960153103
BAD 333861092183
BAD 333960400691
BAD 333960400693
BAD 333960400699
BAD 333960400703
BAD 334142514889
BAD 333961301929
BAD 334143387091
BAD 333961844779
BAD 333962210581
BAD 333862976633
BAD 333863225687
BAD 333863225693
BAD 333962614021
BAD 333962628931
BAD 333962628941
BAD 333863300677
BAD 333962628943
BAD 333864615059
BAD 333864615061
BAD 333963925349
BAD 333865547941
BAD 333965646481
BAD 333965935687
BAD 333965935711
BAD 333965935717
BAD 333966168517
BAD 333966407779
BAD 333867023263
BAD 333966711943
BAD 333968538353
BAD 333968538361
BAD 333869314811
BAD 333869314813
BAD 333969183473
BAD 333969183487
BAD 333870932123
BAD 333871854209
BAD 333871854259
BAD 333873259303
BAD 333973419023
BAD 333874589863
BAD 333874589879
BAD 333874589911
BAD 333874646101
BAD 333874873627
BAD 333975040481
BAD 333942705079
BAD 333943576913
BAD 333945161623
BAD 333945161653
BAD 333945161657
BAD 333945161659
BAD 333945241873
BAD 333945241879
BAD 333945241891
BAD 333945730093
BAD 333946210999
BAD 333946211003
BAD 333946645103
BAD 333946782331
BAD 334077204581
BAD 334077204583
BAD 334077917003
BAD 334077917011
BAD 334078680863
BAD 334009997183
BAD 334080042851
BAD 333949308713
BAD 333950369497
BAD 334081696631
BAD 334013627263
BAD 333827543003
BAD 334014376309
BAD 334014376321
BAD 334014599629
BAD 334083813841
BAD 333829001521
BAD 333993096007
BAD 333954451367
BAD 333993096013
BAD 334026715741
BAD 334084833479
BAD 334084833487
BAD 333994521871
BAD 333830519573
BAD 333976288433
BAD 333926184467
BAD 333926184469
BAD 333830737069
BAD 333976499761
BAD 333955928393
BAD 333926369911
BAD 333976618643
BAD 333830966933
BAD 333926536711
BAD 333893233153
BAD 333893233171
BAD 334029086689
BAD 334029086711
BAD 334029086723
BAD 333831460913
BAD 333927059273
BAD 333927103921
BAD 333977600029
BAD 333894055613
BAD 334017341143
BAD 333996464897
BAD 334017383059
BAD 334029874793
BAD 334029874799
BAD 333957299461
BAD 333957299491
BAD 333957446233
BAD 333957446239
BAD 333996927031
BAD 333957785783
BAD 333894932677
BAD 333894932687
BAD 333894932689
BAD 333875916289
BAD 333875916307
BAD 333875916313
BAD 333875916349
BAD 333958378591
BAD 333958413871
BAD 333997762279
BAD 333997762283
BAD 333997762289
BAD 334044843497
BAD 334044843499
BAD 333928636387
BAD 334032042703
BAD 334088494807
BAD 334032710287
BAD 333878081701
BAD 334047256099
BAD 333836217193
BAD 334035785087
BAD 334047256141
BAD 333981167501
BAD 333899884673
BAD 333878081707
BAD 334001086043
BAD 333981167503
BAD 334090878307
BAD 334035785089
BAD 334090878311
BAD 334090878313
BAD 334047259789
BAD 334047476977
BAD 333981708547
BAD 333932504461
BAD 334091996911
BAD 334048628101
BAD 334023574663
BAD 334023574667
BAD 334023574669
BAD 334037296199
BAD 334037309611
BAD 334037450927
BAD 333983075059
BAD 333838463083
BAD 334049730571
BAD 334049730577
BAD 334003831373
BAD 334039041893
BAD 334025988271
BAD 333883586917
BAD 334051301527
BAD 334097131831
BAD 333839841253
BAD 333903752041
BAD 333839841271
BAD 333984070129
BAD 333839841287
BAD 333839841289
BAD 334097164223
BAD 334003876781
BAD 334051504103
BAD 334051504121
BAD 334051504123
BAD 334051504141
BAD 334051509829
BAD 333840102367
BAD 334097401067
BAD 333984380089
BAD 333904264129
BAD 333904264139
BAD 333934255243
BAD 333934255247
BAD 334039765537
BAD 334039765547
BAD 333884343539
BAD 333884806363
BAD 334098041539
BAD 333935022959
BAD 334098659413
BAD 334041454561
BAD 333841943209
BAD 334005221009
BAD 334098659417
BAD 333905614187
BAD 333885568243
BAD 333905614193
BAD 334053775291
BAD 333905614199
BAD 333986059313
BAD 333905614201
BAD 334053775303
BAD 333986059321
BAD 333935374789
BAD 333935374793
BAD 334005653467
BAD 333906230477
BAD 333906230479
BAD 333986644711
BAD 334054288327
BAD 334042227949
BAD 334100011633
BAD 334100011639
BAD 334100011643
BAD 334100588743
BAD 334100588749
BAD 334043241593
BAD 333907428823
BAD 333987916763
BAD 334101098173
BAD 333937431829
BAD 333937577843
BAD 334055791973
BAD 333937942907
BAD 333937942909
BAD 333937942913
BAD 333937942969
BAD 334007839751
BAD 333938010541
BAD 334056190903
BAD 334056230033
BAD 334102065613
BAD 333887901679
BAD 334008473189
BAD 334008473191
BAD 333938813983
BAD 334102852913
BAD 334103003593
BAD 334057386601
BAD 334057587739
BAD 334057587749
BAD 334057587751
BAD 333940179943
BAD 333940179959
BAD 333940179961
BAD 334103820551
BAD 334103820553
BAD 334009737563
BAD 334058478511
BAD 333940688381
BAD 333940688383
BAD 334058478613
BAD 333940688387
BAD 333940688413
BAD 333991292111
BAD 333991292113
BAD 334104544909
BAD 334104544913
BAD 333890469383
BAD 333890678843
BAD 333890678857
BAD 333890678861
BAD 334105210213
BAD 334059452999
BAD 334105776491
BAD 334108849531
BAD 334108849541
BAD 334109441933
BAD 334109814557
BAD 334109814559
BAD 334144720099
BAD 334111848683
BAD 334145536079
BAD 334113562967
BAD 334113562969
BAD 334146669053
BAD 334147006247
BAD 334147198871
BAD 334147198873
BAD 334114796767
BAD 334147198883
BAD 334148230357
BAD 334148483657
BAD 334148574223
BAD 334148574229
BAD 334148574233
BAD 334148759911
BAD 334116558571
BAD 334116558577
BAD 334119314479
BAD 334119314497
BAD 334152287243
BAD 334120054141
BAD 334121441683
BAD 334154895343
BAD 334123094429
BAD 334124280367
BAD 334125752101
BAD 334157845327
BAD 334157845337
BAD 334157845339
BAD 334158231793
BAD 334158589579
BAD 334160442799
BAD 334163026891
BAD 334163373083
BAD 334163373091
BAD 334163373097
BAD 334163813497
BAD 334165692319
BAD 334166158897
BAD 334168145293
BAD 334168145351
BAD 334168188373
BAD 334169870149
BAD 334169870207
BAD 334170152683
BAD 334170687547
BAD 334171700483
BAD 334171700491
BAD 334173898867
BAD 334174763521
BAD 334174763539
BAD 334174763543
BAD 334177270283
BAD 334177532867
BAD 334177532869
BAD 334178273239
BAD 334181912341
BAD 334182282383
BAD 334182282409
BAD 334182463399
BAD 334182463403
BAD 334182540907
BAD 334182540983
BAD 334183463017
BAD 334185892639
BAD 334185892643
BAD 334187157827
BAD 334187541353
BAD 334187541361
BAD 334187541497
BAD 334187541503
BAD 334187541511
BAD 334189425761
BAD 334189425769
BAD 334189425781
BAD 334190066503
BAD 334191025813
BAD 334192937671
BAD 334193126851
BAD 334195874381
BAD 334193840303
BAD 334198036037
BAD 334198036043
BAD 334198189813
BAD 334198841689
BAD 334198841693
BAD 334199288221
BAD 334202804869
BAD 334203798857
BAD 334203798871
BAD 334204935313
BAD 334204935319
BAD 334206790381
BAD 334206861643
BAD 334206861647
BAD 334206861649
BAD 334208120303
BAD 334208120321
BAD 334208734957
BAD 334208808979
BAD 334245921643
BAD 334245921649
BAD 334246355923
BAD 334246355929
BAD 334246356023
BAD 334246359547
BAD 334247616683
BAD 334248812137
BAD 334252797779
BAD 334278900247
BAD 334278900253
BAD 334278943679
BAD 334278943681
BAD 334280232043
BAD 334280367319
BAD 334255778209
BAD 334257164497
BAD 334257442807
BAD 334257442811
BAD 334257442879
BAD 334257568741
BAD 334257568763
BAD 334258252087
BAD 334258764361
BAD 334258764373
BAD 334258764377
BAD 334284628649
BAD 334284628651
BAD 334259998249
BAD 334284866899
BAD 334260464633
BAD 334260623173
BAD 334260734573
BAD 334261012157
BAD 334261012159
BAD 334286102753
BAD 334287454387
BAD 334287454409
BAD 334287454411
BAD 334287902701
BAD 334290262723
BAD 334294064989
BAD 334262082169
BAD 334263913637
BAD 334263913639
BAD 334263931493
BAD 334264933861
BAD 334265169631
BAD 334267386203
BAD 334267386227
BAD 334268263061
BAD 334271171501
BAD 334271171503
BAD 334273768291
BAD 334273768319
BAD 334273768321
BAD 334274013023
BAD 334274148841
BAD 334274989757
BAD 334274989759
BAD 334276085761
BAD 334278107147
BAD 334228029481
BAD 334229368727
BAD 334229368729
BAD 334229529001
BAD 334229529043
BAD 334231451767
BAD 334233308449
BAD 334429326157
BAD 334429496747
BAD 334429496749
BAD 334429496839
BAD 334233681833
BAD 334233681839
BAD 334430176357
BAD 334430456461
BAD 334432797331
BAD 334237892983
BAD 334434693319
BAD 334238559803
BAD 334238559859
BAD 334435560169
BAD 334239454027
BAD 334437918611
BAD 334437918613
BAD 334437918779
BAD 334437918781
BAD 334241325023
BAD 334437961223
BAD 334241616647
BAD 334241616649
BAD 334241616661
BAD 334243861969
BAD 334441853597
BAD 334442854829
BAD 334442854831
BAD 334442854843
BAD 334443582593
BAD 334443876671
BAD 334443876673
BAD 334513377307
BAD 334444189927
BAD 334444383101
BAD 334444383103
BAD 334444383109
BAD 334444383181
BAD 334444383199
BAD 334444959323
BAD 334444985261
BAD 334444985263
BAD 334514638243
BAD 334514978143
BAD 334515263353
BAD 334496603503
BAD 334496603509
BAD 334412715713
BAD 334412715719
BAD 334499016097
BAD 334518160363
BAD 334312528867
BAD 334398154021
BAD 334479900463
BAD 334499016101
BAD 334446434563
BAD 334480040371
BAD 334313270329
BAD 334518934039
BAD 334518934051
BAD 334518934081
BAD 334399072879
BAD 334313532697
BAD 334481715907
BAD 334400086147
BAD 334448744243
BAD 334448800373
BAD 334448800429
BAD 334482200329
BAD 334449151093
BAD 334520979187
BAD 334520979329
BAD 334315505191
BAD 334315582621
BAD 334315582673
BAD 334315582681
BAD 334482993583
BAD 334482993589
BAD 334483069189
BAD 334379417657
BAD 334317621049
BAD 334521758513
BAD 334483069201
BAD 334502409893
BAD 334403553439
BAD 334451200217
BAD 334317621091
BAD 334530108343
BAD 334502409919
BAD 334451200219
BAD 334379479351
BAD 334483610723
BAD 334483610729
BAD 334483610731
BAD 334483610737
BAD 334318507091
BAD 334318507093
BAD 334318560721
BAD 334522697701
BAD 334452211351
BAD 334319041501
BAD 334380940681
BAD 334523494267
BAD 334523649443
BAD 334523649469
BAD 334319531813
BAD 334504715837
BAD 334531648051
BAD 334531648057
BAD 334417945073
BAD 334527069733
BAD 334454239439
BAD 334320470213
BAD 334505233171
BAD 334320470227
BAD 334505233189
BAD 334505233199
BAD 334417960493
BAD 334320846803
BAD 334320846809
BAD 334409696017
BAD 334386244609
BAD 334386244613
BAD 334455670891
BAD 334455670897
BAD 334455670903
BAD 334532385233
BAD 334420141487
BAD 334420141553
BAD 334507549787
BAD 334420416163
BAD 334529475107
BAD 334529475109
BAD 334529475113
BAD 334387422883
BAD 334529693699
BAD 334457569913
BAD 334322530081
BAD 334533535123
BAD 334484623943
BAD 334509011051
BAD 334457990491
BAD 334509011059
BAD 334388847631
BAD 334388875279
BAD 334388875283
BAD 334421934811
BAD 334421934817
BAD 334323215929
BAD 334389476027
BAD 334422621881
BAD 334510255201
BAD 334323635593
BAD 334323887551
BAD 334459848329
BAD 334390993369
BAD 334324551347
BAD 334324551349
BAD 334424533033
BAD 334424533039
BAD 334424533043
BAD 334535589307
BAD 334486955911
BAD 334512211199
BAD 334424972993
BAD 334487174473
BAD 334512960391
BAD 334425788581
BAD 334536962761
BAD 334211116709
BAD 334211116747
BAD 334211116751
BAD 334211116753
BAD 334426420981
BAD 334426421081
BAD 334426421083
BAD 334326701017
BAD 334427069663
BAD 334490037083
BAD 334490414893
BAD 334490414897
BAD 334490414899
BAD 334490806087
BAD 334490806127
BAD 334490806129
BAD 334490824253
BAD 334491824521
BAD 334491824531
BAD 334491824533
BAD 334491824539
BAD 334491824551
BAD 334395369241
BAD 334395369247
BAD 334492106903
BAD 334213778347
BAD 334213778351
BAD 334492545403
BAD 334214249129
BAD 334493322707
BAD 334215682319
BAD 334215682321
BAD 334216189583
BAD 334541493179
BAD 334495405271
BAD 334542088501
BAD 334495405273
BAD 334495846057
BAD 334543107683
BAD 334217497793
BAD 334218108619
BAD 334545118373
BAD 334545118379
BAD 334545118381
BAD 334545313259
BAD 334545313261
BAD 334545392063
BAD 334545583123
BAD 334545731719
BAD 334545731743
BAD 334220249299
BAD 334220350469
BAD 334226146493
BAD 334226146567
BAD 334226871241
BAD 334363217491
BAD 334296833821
BAD 334297831969
BAD 334298366513
BAD 334300118237
BAD 334367343383
BAD 334367965889
BAD 334367965891
BAD 334301002429
BAD 334302347419
BAD 334302822331
BAD 334371254603
BAD 334371292069
BAD 334373023921
BAD 334373337391
BAD 334375197113
BAD 334304086121
BAD 334375607243
BAD 334376425729
BAD 334377006589
BAD 334305480253
BAD 334305480259
BAD 334330672043
BAD 334547586713
BAD 334307093233
BAD 334307389921
BAD 334332413719
BAD 334463590733
BAD 334333797533
BAD 334551488239
BAD 334551488251
BAD 334551488269
BAD 334551534893
BAD 334334654099
BAD 334334654141
BAD 334465724297
BAD 334311511123
BAD 334336211423
BAD 334311619157
BAD 334336348771
BAD 334336348781
BAD 334554107761
BAD 334554413569
BAD 334554413573
BAD 334337427383
BAD 334337427397
BAD 334348477403
BAD 334348636579
BAD 334338005269
BAD 334338005273
BAD 334338356987
BAD 334555680883
BAD 334556504669
BAD 334556504671
BAD 334556504677
BAD 334556645273
BAD 334556645279
BAD 334556645281
BAD 334351020391
BAD 334351398883
BAD 334469343661
BAD 334557476653
BAD 334340461517
BAD 334470260071
BAD 334471013323
BAD 334341676231
BAD 334473123889
BAD 334354436971
BAD 334559997823
BAD 334559997829
BAD 334559997833
BAD 334341890599
BAD 334473462481
BAD 334342140973
BAD 334474850869
BAD 334355932783
BAD 334355932789
BAD 334355932793
BAD 334562743399
BAD 334476149809
BAD 334476273233
BAD 334357554571
BAD 334477395061
BAD 334477395067
BAD 334477395071
BAD 334477395073
BAD 334477395101
BAD 334477395103
BAD 334359969037
BAD 334359969049
BAD 334359969059
BAD 334359969061
BAD 334359969067
BAD 334360760033
BAD 334361421169
BAD 334581447329
BAD 334581447331
BAD 334582433467
BAD 334582548343
BAD 334582548347
BAD 334582548353
BAD 334582809739
BAD 334583467793
BAD 334583569603
BAD 334564333099
BAD 334586912761
BAD 334588751813
BAD 334566739187
BAD 334566739189
BAD 334589567813
BAD 334590199891
BAD 334590730787
BAD 334570714871
BAD 334571380621
BAD 334571450201
BAD 334591764373
BAD 334592210893
BAD 334574388679
BAD 334594208959
BAD 334575798397
BAD 334595258749
BAD 334595258759
BAD 334595258761
BAD 334577444827
BAD 334577594257
BAD 334596273379
BAD 334596273383
BAD 334596273391
BAD 334579561669
BAD 334579561681
BAD 334580134039
BAD 334580134043
BAD 334580134051
BAD 334597562993
BAD 334598491237
BAD 334598850673
BAD 334598850679
BAD 334598850683
BAD 334601718511
BAD 334601718523
BAD 334602204953
BAD 334605360673
BAD 334606119973
BAD 334607132369
BAD 334607132371
BAD 334607132401
BAD 334607888689
BAD 334608705397
BAD 334613427803
BAD 334613574863
BAD 334631255131
BAD 334633395463
BAD 334633395469
BAD 334633395479
BAD 334633526083
BAD 334635105421
BAD 334635176809
BAD 334639476967
BAD 334639476973
BAD 334639476979
BAD 334614931649
BAD 334615679647
BAD 334615679663
BAD 334615679669
BAD 334617190181
BAD 334620738083
BAD 334620738091
BAD 334620738139
BAD 334641633961
BAD 334641633967
BAD 334621003403
BAD 334625068087
BAD 334626509563
BAD 334626509587
BAD 334644072491
BAD 334644072493
BAD 334630328477
BAD 334630328479
BAD 334645545847
BAD 334630495291
BAD 334649186299
BAD 334649186303
BAD 334649532733
BAD 334649645101
BAD 334650772243
BAD 334650772249
BAD 334681571843
BAD 334681686553
BAD 334681808837
BAD 334682007871
BAD 334682008673
BAD 334682008679
BAD 334682376331
BAD 334682376337
BAD 334651715941
BAD 334651715953
BAD 334683045427
BAD 334683435631
BAD 334653005371
BAD 334653005389
BAD 334684281539
BAD 334684281541
BAD 334684810853
BAD 334688468641
BAD 334816737361
BAD 334817142139
BAD 334689379159
BAD 334765843639
BAD 334689921691
BAD 334690264891
BAD 334766517739
BAD 334655972317
BAD 334655972323
BAD 334656009019
BAD 334656009029
BAD 334656009031
BAD 334691343079
BAD 334656009089
BAD 334691343083
BAD 334656009091
BAD 334691343089
BAD 334819661053
BAD 334656260143
BAD 334692096527
BAD 334769606057
BAD 334657665319
BAD 334770542443
BAD 334658340119
BAD 334658351623
BAD 334658351627
BAD 334821401147
BAD 334658753773
BAD 334772207269
BAD 334772207327
BAD 334772207333
BAD 334694566099
BAD 334694566103
BAD 334772587117
BAD 334867068007
BAD 334826096221
BAD 334826499109
BAD 334775336837
BAD 334775336839
BAD 334775336843
BAD 334775336851
BAD 334775670637
BAD 334660989823
BAD 334870609837
BAD 334662436243
BAD 334872852439
BAD 334872852443
BAD 334827672943
BAD 334827672947
BAD 334829995021
BAD 334875991027
BAD 334876013167
BAD 334781391169
BAD 334781391173
BAD 334876616029
BAD 334831767409
BAD 334880772859
BAD 334880813483
BAD 334881141619
BAD 334664399819
BAD 334667212849
BAD 334667881729
BAD 334667881733
BAD 334668432313
BAD 334668484547
BAD 334668484561
BAD 334668484567
BAD 334670080187
BAD 334670080189
BAD 334670174551
BAD 334670916623
BAD 334670916631
BAD 334917307693
BAD 334883562851
BAD 334935103133
BAD 334883562859
BAD 334675629863
BAD 334917629341
BAD 334917629353
BAD 334884180679
BAD 334918263961
BAD 334952605489
BAD 334952642483
BAD 334952642503
BAD 334952642513
BAD 334676223571
BAD 334676223587
BAD 334676223589
BAD 334676223593
BAD 334676223599
BAD 334676223601
BAD 334832806901
BAD 334953510473
BAD 334936013417
BAD 334677295837
BAD 334936232303
BAD 334834032353
BAD 334834251181
BAD 334678261249
BAD 334886381413
BAD 334937755363
BAD 334678766281
BAD 334678766287
BAD 334957370249
BAD 334699628677
BAD 334799151163
BAD 334835480557
BAD 334939612859
BAD 334922137831
BAD 334784347369
BAD 334887025987
BAD 334678766291
BAD 334678766293
BAD 334835925901
BAD 334799737021
BAD 334922709337
BAD 334715758907
BAD 334958399723
BAD 334922989591
BAD 334732673939
BAD 334732673941
BAD 334941112637
BAD 334923903623
BAD 334923903631
BAD 334941403087
BAD 334702028663
BAD 334786938989
BAD 334786938991
BAD 334733645243
BAD 334733645251
BAD 334941657709
BAD 334838070971
BAD 334838071021
BAD 334838372651
BAD 334716989423
BAD 334802557099
BAD 334942961779
BAD 334960887007
BAD 334925326937
BAD 334735314367
BAD 334735314371
BAD 334802933603
BAD 334802933609
BAD 334802933611
BAD 334704026551
BAD 334704026557
BAD 334943557639
BAD 334961401013
BAD 334840220653
BAD 334926114041
BAD 334926114043
BAD 334840511989
BAD 334804167539
BAD 334804167541
BAD 334804167553
BAD 334804167557
BAD 334804167559
BAD 334804167589
BAD 334789379389
BAD 334962620101
BAD 334962620107
BAD 334736687149
BAD 334736873033
BAD 334892338093
BAD 334736873099
BAD 334804889581
BAD 334804889591
BAD 334892498669
BAD 334892498671
BAD 334892498693
BAD 334892498797
BAD 334718754067
BAD 334706486173
BAD 334706486209
BAD 334737655817
BAD 334791013651
BAD 334791013657
BAD 334737705979
BAD 334945815049
BAD 334848670367
BAD 334848670369
BAD 334893500693
BAD 334893519229
BAD 334719594413
BAD 334738305233
BAD 334849206049
BAD 334707797401
BAD 334707797407
BAD 334708129883
BAD 334927760617
BAD 334964499613
BAD 334964656249
BAD 334739410721
BAD 334720733401
BAD 334850346293
BAD 334808253763
BAD 334844043199
BAD 334928380229
BAD 334709508719
BAD 334739410723
BAD 334947466993
BAD 334793319571
BAD 334928380231
BAD 334750188623
BAD 334896312119
BAD 334896312143
BAD 334896312151
BAD 334896312161
BAD 334896312169
BAD 334709518501
BAD 334720786243
BAD 334720786259
BAD 334720786261
BAD 334850486989
BAD 334947621601
BAD 334928652469
BAD 334808480323
BAD 334808480333
BAD 334808480341
BAD 334928810873
BAD 334948032593
BAD 334750741189
BAD 334929149603
BAD 334740802951
BAD 334948757881
BAD 334846720613
BAD 334721707459
BAD 334851823913
BAD 334897166861
BAD 334846720619
BAD 334710630497
BAD 334897166867
BAD 334796316377
BAD 334897166869
BAD 334809690143
BAD 334809690181
BAD 334740936241
BAD 334810032307
BAD 334810032317
BAD 334722110939
BAD 334722110941
BAD 334810285507
BAD 334810285517
BAD 334929393059
BAD 334929393061
BAD 334929724763
BAD 334898241343
BAD 334898317393
BAD 334852393483
BAD 334898455153
BAD 334797643009
BAD 334898594383
BAD 334898733529
BAD 334712090423
BAD 334755789559
BAD 334712233993
BAD 334723615103
BAD 334931273227
BAD 334931273239
BAD 334713866363
BAD 334932394039
BAD 334813864709
BAD 334813864711
BAD 334813864717
BAD 334815038119
BAD 334815038123
BAD 334747289329
BAD 334759702481
BAD 334759702483
BAD 334759702507
BAD 334759735487
BAD 334759735489
BAD 334760126587
BAD 334856398039
BAD 334729046833
BAD 334901199701
BAD 334901199709
BAD 334901199713
BAD 334729921313
BAD 334729921319
BAD 334729921321
BAD 334729921327
BAD 334858131793
BAD 334901928799
BAD 334902030493
BAD 334762355407
BAD 334762355419
BAD 334762355423
BAD 334858622573
BAD 334859768911
BAD 334860553681
BAD 334904576159
BAD 334904576161
BAD 334905610079
BAD 334861663153
BAD 334906679323
BAD 334906679329
BAD 334862798761
BAD 334862818403
BAD 334863189769
BAD 334863485969
BAD 334909530737
BAD 334909947709
BAD 334983088411
BAD 334983088417
BAD 334983088421
BAD 334983088423
BAD 334983088439
BAD 334983126983
BAD 334983539713
BAD 334983539719
BAD 334984344683
BAD 334984792873
BAD 334985847533
BAD 334989685889
BAD 334991828309
BAD 334992385423
BAD 334992922879
BAD 334993061387
BAD 334993431863
BAD 334994367353
BAD 334994367517
BAD 334994367529
BAD 335000486153
BAD 335001001163
BAD 335001001213
BAD 335033743637
BAD 334966686841
BAD 335003996419
BAD 335004207001
BAD 335036860927
BAD 334996484257
BAD 335005776151
BAD 334969461163
BAD 334969461181
BAD 334969461187
BAD 335038692089
BAD 335038692091
BAD 335016543541
BAD 335007650569
BAD 334998706043
BAD 334971903703
BAD 334971903709
BAD 334998787141
BAD 335040035167
BAD 334972187293
BAD 335018131561
BAD 335018355379
BAD 334973112931
BAD 335019688463
BAD 334973802577
BAD 334973802589
BAD 334973828197
BAD 334973828221
BAD 335041760353
BAD 335020795357
BAD 334974569627
BAD 335020873573
BAD 335042779867
BAD 335042779871
BAD 335042779873
BAD 335043092123
BAD 334976063671
BAD 335007989003
BAD 335008153789
BAD 334978285571
BAD 334978285573
BAD 335009208511
BAD 335045936389
BAD 335045956151
BAD 335045956163
BAD 334979122747
BAD 334979122823
BAD 334979122853
BAD 335046490487
BAD 334979650303
BAD 334980763463
BAD 334980763471
BAD 335048248163
BAD 335048248169
BAD 335048248193
BAD 335048625889
BAD 335048625893
BAD 335011987679
BAD 335049149033
BAD 335012666641
BAD 335029721893
BAD 335016358847
BAD 335016358849
BAD 335016358861
BAD 335032278083
BAD 335032278089
BAD 335118158933
BAD 335119385989
BAD 335119605683
BAD 335119705223
BAD 335120094061
BAD 335122051213
BAD 335125579981
BAD 335125879789
BAD 335125879793
BAD 335126240689
BAD 335126240753
BAD 335127874121
BAD 335127874127
BAD 335127874129
BAD 335128827653
BAD 335129010331
BAD 335129924429
BAD 335129924431
BAD 335129978033
BAD 335103403031
BAD 335105055697
BAD 335109873587
BAD 335109873589
BAD 335109873599
BAD 335109873601
BAD 335132563699
BAD 335111040001
BAD 335133504217
BAD 335133504221
BAD 335115750743
BAD 335116923419
BAD 335087720147
BAD 335090139697
BAD 335092867687
BAD 335093022841
BAD 335093057021
BAD 335093057023
BAD 335094450583
BAD 335069124683
BAD 335070077291
BAD 335070125087
BAD 335070437929
BAD 335070570889
BAD 335096932081
BAD 335097358411
BAD 335098329967
BAD 335098543009
BAD 335098543027
BAD 335352468263
BAD 335352598127
BAD 335352598129
BAD 335352657481
BAD 335352657517
BAD 335099308543
BAD 335352952723
BAD 335099491759
BAD 335099491763
BAD 335353066129
BAD 335099848553
BAD 335099848561
BAD 335353703627
BAD 335353910083
BAD 335074724513
BAD 335074724549
BAD 335303190379
BAD 335076614693
BAD 335304461341
BAD 335305633489
BAD 335305633493
BAD 335305814807
BAD 335363018281
BAD 335363018293
BAD 335306059811
BAD 335363380159
BAD 335365365079
BAD 335308851431
BAD 335308851457
BAD 335366868061
BAD 335077854739
BAD 335077854743
BAD 335077854751
BAD 335077854757
BAD 335312200313
BAD 335312200319
BAD 335312671619
BAD 335312671621
BAD 335081357759
BAD 335081357761
BAD 335314050713
BAD 335083289657
BAD 335083289659
BAD 335317706749
BAD 335317706753
BAD 335051384123
BAD 335051817679
BAD 335052728951
BAD 335052946099
BAD 335052946103
BAD 335053210651
BAD 335053213513
BAD 335053290437
BAD 335053290443
BAD 335054437189
BAD 335055144679
BAD 335184354577
BAD 335185002511
BAD 335185002533
BAD 335185002539
BAD 335185002541
BAD 335201673539
BAD 335201801299
BAD 335202427649
BAD 335187005323
BAD 335057623759
BAD 335057623777
BAD 335268925603
BAD 335268925609
BAD 335187472889
BAD 335187472891
BAD 335269836163
BAD 335270374493
BAD 335059214123
BAD 335270442029
BAD 335134840177
BAD 335134840189
BAD 335059571941
BAD 335135553811
BAD 335189584759
BAD 335060420003
BAD 335060420011
BAD 335060777213
BAD 335273367419
BAD 335194135201
BAD 335273367421
BAD 335062851481
BAD 335208500399
BAD 335062851493
BAD 335208500401
BAD 335208594449
BAD 335208594451
BAD 335194395841
BAD 335274393901
BAD 335194774729
BAD 335063557999
BAD 335285853347
BAD 335285853349
BAD 335285853389
BAD 335285853391
BAD 335275412557
BAD 335275412561
BAD 335275412587
BAD 335275412687
BAD 335275502129
BAD 335275568821
BAD 335195509241
BAD 335210935757
BAD 335286649433
BAD 335276214829
BAD 335276214841
BAD 335276214863
BAD 335211370183
BAD 335141820919
BAD 335276306177
BAD 335276306179
BAD 335141820929
BAD 335141820953
BAD 335211596051
BAD 335211619811
BAD 335211619823
BAD 335217938551
BAD 335212130663
BAD 335212136773
BAD 335287678597
BAD 335277025093
BAD 335142637043
BAD 335142637103
BAD 335142869057
BAD 335142869059
BAD 335142869063
BAD 335065337819
BAD 335196858631
BAD 335196858637
BAD 335196858653
BAD 335065609367
BAD 335065609369
BAD 335218998949
BAD 335218998953
BAD 335278473889
BAD 335278473899
BAD 335278473931
BAD 335219169787
BAD 335197149619
BAD 335197149673
BAD 335279089027
BAD 335144611267
BAD 335219359303
BAD 335214378913
BAD 335214486533
BAD 335214486557
BAD 335214486559
BAD 335214486577
BAD 335214486589
BAD 335214486617
BAD 335214486619
BAD 335290762283
BAD 335290762291
BAD 335290844753
BAD 335290844761
BAD 335290844809
BAD 335252837723
BAD 335252837729
BAD 335215186003
BAD 335153203537
BAD 335280545191
BAD 335253592123
BAD 335335227649
BAD 335335227653
BAD 335253835883
BAD 335154203497
BAD 335198915123
BAD 335147158993
BAD 335254487839
BAD 335147696101
BAD 335221761529
BAD 335293701607
BAD 335293701619
BAD 335255928653
BAD 335222336461
BAD 335148450341
BAD 335148450347
BAD 335148450349
BAD 335148450353
BAD 335148755197
BAD 335148795533
BAD 335282453323
BAD 335282453327
BAD 335282453329
BAD 335282636569
BAD 335282636573
BAD 335294683379
BAD 335150120467
BAD 335157197261
BAD 335157197281
BAD 335295699523
BAD 335295699527
BAD 335295699533
BAD 335295799547
BAD 335240149523
BAD 335295848663
BAD 335240246989
BAD 335240247019
BAD 335240522731
BAD 335319609301
BAD 335259036319
BAD 335296344301
BAD 335284006307
BAD 335284006313
BAD 335241302119
BAD 335158578793
BAD 335158613903
BAD 335158794571
BAD 335226827893
BAD 335226827899
BAD 335159006599
BAD 335159006603
BAD 335260240373
BAD 335340281233
BAD 335242208153
BAD 335297548711
BAD 335242684643
BAD 335242684649
BAD 335243037631
BAD 335243037637
BAD 335340746239
BAD 335228440009
BAD 335261278537
BAD 335243314873
BAD 335228752739
BAD 335228752741
BAD 335261566553
BAD 335261566559
BAD 335261566561
BAD 335243648071
BAD 335341147793
BAD 335161455263
BAD 335162380583
BAD 335323255261
BAD 335300889953
BAD 335245644973
BAD 335263810481
BAD 335263978249
BAD 335263978253
BAD 335342383219
BAD 335342634149
BAD 335342634163
BAD 335246550007
BAD 335342783033
BAD 335165042659
BAD 335233021763
BAD 335233021771
BAD 335265065521
BAD 335165962193
BAD 335165962199
BAD 335326952119
BAD 335344680389
BAD 335266608121
BAD 335250196423
BAD 335250598121
BAD 335250598127
BAD 335328381719
BAD 335251057189
BAD 335347127519
BAD 335331294049
BAD 335167934687
BAD 335167934713
BAD 335331607717
BAD 335331904681
BAD 335331904693
BAD 335332419937
BAD 335332419941
BAD 335332419943
BAD 335350206013
BAD 335350206203
BAD 335332818361
BAD 335333449039
BAD 335333449057
BAD 335350735309
BAD 335171285287
BAD 335171285311
BAD 335172168713
BAD 335176632289
BAD 335177478373
BAD 335180499601
BAD 335180986691
BAD 335181239153
BAD 335181239161
BAD 335181267613
BAD 335181761989
BAD 335182502597
BAD 335182577861
BAD 335182577869
BAD 335183993539
BAD 335419184671
BAD 335419344353
BAD 335419866983
BAD 335420295653
BAD 335420585761
BAD 335421279443
BAD 335403767653
BAD 335403767689
BAD 335403767693
BAD 335423373907
BAD 335423373911
BAD 335423373913
BAD 335404450363
BAD 335423915599
BAD 335406136103
BAD 335425630649
BAD 335425630651
BAD 335425630681
BAD 335406759803
BAD 335408054011
BAD 335427380347
BAD 335408167363
BAD 335408167441
BAD 335408167447
BAD 335408642209
BAD 335408642213
BAD 335411284157
BAD 335411284171
BAD 335436817643
BAD 335436817657
BAD 335436817663
BAD 335412578359
BAD 335385679639
BAD 335387617013
BAD 335387660843
BAD 335387660873
BAD 335387660879
BAD 335438704847
BAD 335438898383
BAD 335388066919
BAD 335415901351
BAD 335429582869
BAD 335416951027
BAD 335390662643
BAD 335430441571
BAD 335430769259
BAD 335418089599
BAD 335392905073
BAD 335392970021
BAD 335392970023
BAD 335392982299
BAD 335392982311
BAD 335394258973
BAD 335394296459
BAD 335394378443
BAD 335394378499
BAD 335394378503
BAD 335396413673
BAD 335396413679
BAD 335397965873
BAD 335397965939
BAD 335434775177
BAD 335397965941
BAD 335445481883
BAD 335399366233
BAD 335445935521
BAD 335399868553
BAD 335447531491
BAD 335401908871
BAD 335449557523
BAD 335452408549
BAD 335452408553
BAD 335452408559
BAD 335452408561
BAD 335369326889
BAD 335369326891
BAD 335369326913
BAD 335369459671
BAD 335369846519
BAD 335371507621
BAD 335372895241
BAD 335372895271
BAD 335373659087
BAD 335373795649
BAD 335374759487
BAD 335375147377
BAD 335375147383
BAD 335376194983
BAD 335376291413
BAD 335377590943
BAD 335377922527
BAD 335378347763
BAD 335380043701
BAD 335380043737
BAD 335381038903
BAD 335381038907
BAD 335381350537
BAD 335382618601
BAD 335384226949
BAD 335384226959
BAD 335385485143
BAD 335486952979
BAD 335489382913
BAD 335489730209
BAD 335490532831
BAD 335491550143
BAD 335491975129
BAD 335492639179
BAD 335492646793
BAD 335492646823
BAD 335492646829
BAD 335492646833
BAD 335492646847
BAD 335494177133
BAD 335453643331
BAD 335454136163
BAD 335454768529
BAD 335454768533
BAD 335456744201
BAD 335458240727
BAD 335458240729
BAD 335498755687
BAD 335461248091
BAD 335461607321
BAD 335461705157
BAD 335461705171
BAD 335469483331
BAD 335469486229
BAD 335462412589
BAD 335463414721
BAD 335470993789
BAD 335463934457
BAD 335463934459
BAD 335463936979
BAD 335502594919
BAD 335502594923
BAD 335502594929
BAD 335502594949
BAD 335502594953
BAD 335502750463
BAD 335466378983
BAD 335466378991
BAD 335473752217
BAD 335473752239
BAD 335474793847
BAD 335468920141
BAD 335519898331
BAD 335475824353
BAD 335475824363
BAD 335539182421
BAD 335539390189
BAD 335539737671
BAD 335477205433
BAD 335521666327
BAD 335539737677
BAD 335477591671
BAD 335523112061
BAD 335523112063
BAD 335478622807
BAD 335478622811
BAD 335541079429
BAD 335478851011
BAD 335478851017
BAD 335478907891
BAD 335523450593
BAD 335523476209
BAD 335542825171
BAD 335525532941
BAD 335481145943
BAD 335481145949
BAD 335481145957
BAD 335481820889
BAD 335526229667
BAD 335481994789
BAD 335544396587
BAD 335544396589
BAD 335527127963
BAD 335544836047
BAD 335482800799
BAD 335482800803
BAD 335528170829
BAD 335546038717
BAD 335484985973
BAD 335546038721
BAD 335529098911
BAD 335529098917
BAD 335530488919
BAD 335548167469
BAD 335531043511
BAD 335531597917
BAD 335552671099
BAD 335532465329
BAD 335534094901
BAD 335534293573
BAD 335553355609
BAD 335554543463
BAD 335535151817
BAD 335535545843
BAD 335535673441
BAD 335535719423
BAD 335559505763
BAD 335560495021
BAD 335560495027
BAD 335562303101
BAD 335562303103
BAD 335564529583
BAD 335565148073
BAD 335565507091
BAD 335566658071
BAD 335568193159
BAD 335569311949
BAD 335569311953
BAD 335504463689
BAD 335504463691
BAD 335505548593
BAD 335505548603
BAD 335507028289
BAD 335508452611
BAD 335508932281
BAD 335508932293
BAD 335508932329
BAD 335509062989
BAD 335509062991
BAD 335509063013
BAD 335509063081
BAD 335510983711
BAD 335511739967
BAD 335512848199
BAD 335513190539
BAD 335513190541
BAD 335516310557
BAD 335516310559
BAD 335516899423
BAD 335516899427
BAD 335516899441
BAD 335516899447
BAD 335518795343
BAD 335518795349
BAD 335518795351
BAD 335518795363
BAD 335519337883
BAD 335519337893
BAD 335623783633
BAD 335637683377
BAD 335637984827
BAD 335637984863
BAD 335625937343
BAD 335704431089
BAD 335704431091
BAD 335639951663
BAD 335640649969
BAD 335641275569
BAD 335705658571
BAD 335705658599
BAD 335705658601
BAD 335705787799
BAD 335687512207
BAD 335687512211
BAD 335687512213
BAD 335705970689
BAD 335572630711
BAD 335706264007
BAD 335642863051
BAD 335573680381
BAD 335574187621
BAD 335688908297
BAD 335688908299
BAD 335643927893
BAD 335645027849
BAD 335575902553
BAD 335645493121
BAD 335645493143
BAD 335631515273
BAD 335603970353
BAD 335654298017
BAD 335710150777
BAD 335577534263
BAD 335691386783
BAD 335631515281
BAD 335654298019
BAD 335577534353
BAD 335577534359
BAD 335577534361
BAD 335604673147
BAD 335604682429
BAD 335604682433
BAD 335632040273
BAD 335654935673
BAD 335673490543
BAD 335692778657
BAD 335647616179
BAD 335693182423
BAD 335647911629
BAD 335578856497
BAD 335578856513
BAD 335578875001
BAD 335693547529
BAD 335693547533
BAD 335721767497
BAD 335721767503
BAD 335694309019
BAD 335694309023
BAD 335712621953
BAD 335606960239
BAD 335606960243
BAD 335594539339
BAD 335594539351
BAD 335656991843
BAD 335649753721
BAD 335650199803
BAD 335650322473
BAD 335713158817
BAD 335650500863
BAD 335650650899
BAD 335713631317
BAD 335651018543
BAD 335651018557
BAD 335651018561
BAD 335608373299
BAD 335608522801
BAD 335635160723
BAD 335723308771
BAD 335651685883
BAD 335635624823
BAD 335696747987
BAD 335696747989
BAD 335659427717
BAD 335597446711
BAD 335652426853
BAD 335652478561
BAD 335652478573
BAD 335652711739
BAD 335581409269
BAD 335714875313
BAD 335677116323
BAD 335698686019
BAD 335653542907
BAD 335715616193
BAD 335715616199
BAD 335661636559
BAD 335741761417
BAD 335725350053
BAD 335582214307
BAD 335716294583
BAD 335716294591
BAD 335582357717
BAD 335600300701
BAD 335600300719
BAD 335725604933
BAD 335716365563
BAD 335742216653
BAD 335700029657
BAD 335700029659
BAD 335700029663
BAD 335716918813
BAD 335716918819
BAD 335742780721
BAD 335742780727
BAD 335717113591
BAD 335701072171
BAD 335701514063
BAD 335701514077
BAD 335701514119
BAD 335727750577
BAD 335664919253
BAD 335718932099
BAD 335701514123
BAD 335719536067
BAD 335665672343
BAD 335665672351
BAD 335615076403
BAD 335615076409
BAD 335666030179
BAD 335585097587
BAD 335729360119
BAD 335720544961
BAD 335720545033
BAD 335745063541
BAD 335745063553
BAD 335681771281
BAD 335585342123
BAD 335703712219
BAD 335667739093
BAD 335667739097
BAD 335667739103
BAD 335617026923
BAD 335730859253
BAD 335668135619
BAD 335617741889
BAD 335617741891
BAD 335731658627
BAD 335731658629
BAD 335731658677
BAD 335747164243
BAD 335618145199
BAD 335747728123
BAD 335748837191
BAD 335748966899
BAD 335755879247
BAD 335756768203
BAD 335756782499
BAD 335736580877
BAD 335758801013
BAD 335736856073
BAD 335758926829
BAD 335759603149
BAD 335759640781
BAD 335754514903
BAD 335760352027
BAD 335761573351
BAD 335764359263
BAD 335766619303
BAD 335766619313
BAD 335767357283
BAD 335767376491
BAD 335768656841
BAD 335768656843
BAD 335770567771
BAD 335770567777
BAD 335788154063
BAD 335794226527
BAD 335795379541
BAD 335795379547
BAD 335838473063
BAD 335839045793
BAD 335839045823
BAD 335797481209
BAD 335798796979
BAD 335842597429
BAD 335843111077
BAD 335843111081
BAD 335843111083
BAD 335843111089
BAD 335843638787
BAD 335843638789
BAD 335844941723
BAD 335801141849
BAD 335848286243
BAD 335848286251
BAD 335804335003
BAD 335849676167
BAD 335851100359
BAD 335851100363
BAD 335851328887
BAD 335852026567
BAD 335852542687
BAD 335854928119
BAD 335808025769
BAD 335808025771
BAD 335808025843
BAD 335808114953
BAD 335810631263
BAD 335811199211
BAD 335773931761
BAD 335773931771
BAD 335812774757
BAD 335775889219
BAD 335813114521
BAD 335813659507
BAD 335813925379
BAD 335813925383
BAD 335777042431
BAD 335777042459
BAD 335814517081
BAD 335778044839
BAD 335778044843
BAD 335778633739
BAD 335778652063
BAD 335778652073
BAD 335778652093
BAD 335778652117
BAD 335816548381
BAD 335817129341
BAD 335817129343
BAD 335817408649
BAD 335817553523
BAD 335781205141
BAD 335781205189
BAD 335782016923
BAD 335782016929
BAD 335782016963
BAD 335819703049
BAD 335819703053
BAD 335819703059
BAD 335783661901
BAD 335783661907
BAD 335783885249
BAD 335783885251
BAD 335785291679
BAD 335787360673
BAD 335788077959
BAD 335822302733
BAD 335822302747
BAD 335822302769
BAD 335823089353
BAD 335823089359
BAD 335823847661
BAD 335825060723
BAD 335825383043
BAD 335825383051
BAD 335830374479
BAD 335833321633
BAD 335836384207
BAD 335836384223
BAD 335836970747
BAD 335836970753
BAD 335838238147
BAD 335872536707
BAD 335872536709
BAD 335872536721
BAD 335875263869
BAD 335875372411
BAD 335877692749
BAD 335879175953
BAD 335880548303
BAD 335880816331
BAD 335881403107
BAD 335890165781
BAD 335890165783
BAD 335891032133
BAD 335891091149
BAD 335894417501
BAD 335896570057
BAD 335885296303
BAD 335885296309
BAD 335885296321
BAD 335885840839
BAD 335898359239
BAD 335899118213
BAD 335902027099
BAD 335887903633
BAD 335887903639
BAD 335887903657
BAD 335888105887
BAD 335902594493
BAD 335902594501
BAD 335902594507
BAD 335902991663
BAD 335903929681
BAD 335905000667
BAD 335855656907
BAD 335855656909
BAD 335855656951
BAD 335855656973
BAD 335857339469
BAD 335857339471
BAD 335857339487
BAD 335859412201
BAD 335865373939
BAD 335925985729
BAD 335926302713
BAD 335866929721
BAD 335926839571
BAD 335869742267
BAD 335869742269
BAD 335869942237
BAD 335930111873
BAD 335930555377
BAD 335933697217
BAD 335933697259
BAD 335934806239
BAD 335937293773
BAD 335937293779
BAD 335938273141
BAD 335955960733
BAD 335956164143
BAD 336107024167
BAD 336107400203
BAD 335956799251
BAD 336108131453
BAD 336108131473
BAD 336108131477
BAD 335906442043
BAD 336110535853
BAD 335960314933
BAD 335906442083
BAD 336110924899
BAD 336110924911
BAD 335961263899
BAD 335961263951
BAD 335907929629
BAD 336112476529
BAD 336112476577
BAD 336113200261
BAD 335909685169
BAD 335910225577
BAD 336114160651
BAD 335911036067
BAD 335940000001
BAD 335940530479
BAD 336115977091
BAD 335966145349
BAD 335941857001
BAD 335942446711
BAD 336118099433
BAD 336120384463
BAD 335971067287
BAD 335971067297
BAD 335913307357
BAD 335913307363
BAD 335913307381
BAD 335913499813
BAD 335971493257
BAD 335945012653
BAD 335916275441
BAD 335916310129
BAD 335948889019
BAD 335949180871
BAD 335918993023
BAD 335918993027
BAD 335918993029
BAD 336141653543
BAD 335919924031
BAD 336142982983
BAD 336143720567
BAD 336144276331
BAD 336144276337
BAD 336144477131
BAD 336039953573
BAD 335921071127
BAD 335951705503
BAD 335951705513
BAD 335951705533
BAD 336145060423
BAD 336145060477
BAD 336074804561
BAD 336074804563
BAD 335921976727
BAD 336041657311
BAD 335953980647
BAD 335954133421
BAD 336076368919
BAD 336076368923
BAD 336076369093
BAD 336147519233
BAD 336147519241
BAD 336042846151
BAD 336042846157
BAD 336042846163
BAD 336042846211
BAD 336043848103
BAD 336044101201
BAD 336044448169
BAD 336044599907
BAD 336044599909
BAD 336044674349
BAD 336044674351
BAD 336044674363
BAD 336011435857
BAD 336080872459
BAD 336046529977
BAD 336151623307
BAD 336151822471
BAD 336151822483
BAD 336152106599
BAD 336152106601
BAD 336152106613
BAD 336125940901
BAD 336125940911
BAD 336047578213
BAD 336047578219
BAD 336152856563
BAD 336152856569
BAD 336152856607
BAD 336158428919
BAD 336126343081
BAD 336049573807
BAD 336012949297
BAD 336012949301
BAD 336152954681
BAD 336056868599
BAD 336056868601
BAD 336159306961
BAD 336057049919
BAD 336057049921
BAD 336159560567
BAD 335989908533
BAD 336159640013
BAD 336153646757
BAD 336153722431
BAD 336153722453
BAD 336057453937
BAD 336057505519
BAD 336127675033
BAD 335991601171
BAD 336016259809
BAD 336161698021
BAD 336058971239
BAD 336155699699
BAD 336155708443
BAD 335992605721
BAD 336156704893
BAD 336083519341
BAD 336162622423
BAD 336162622427
BAD 336162622429
BAD 336060141889
BAD 336162767489
BAD 336162767491
BAD 336019163041
BAD 336164793973
BAD 335994637639
BAD 335994637687
BAD 336062313823
BAD 336156786401
BAD 336020539889
BAD 336020539891
BAD 336020539903
BAD 336020631421
BAD 336020652859
BAD 336020856341
BAD 336020856343
BAD 336020962943
BAD 336062837881
BAD 336062969719
BAD 336133504103
BAD 336063770281
BAD 336063770293
BAD 336022188959
BAD 336022188961
BAD 336086564071
BAD 336086826041
BAD 336086826043
BAD 336064330507
BAD 336166753103
BAD 336135232501
BAD 336135232507
BAD 336167301077
BAD 336167301079
BAD 336088228579
BAD 335998654591
BAD 336066242693
BAD 336088712483
BAD 336066508577
BAD 336066508579
BAD 336089125159
BAD 336090327563
BAD 336090631883
BAD 336090631889
BAD 336000190741
BAD 336000493583
BAD 336169883671
BAD 336170077577
BAD 336001935449
BAD 336001935499
BAD 336069252587
BAD 336139717531
BAD 336069510949
BAD 336069510961
BAD 336140354233
BAD 336140354237
BAD 336002755289
BAD 336002755321
BAD 336002755331
BAD 336069886081
BAD 336140437189
BAD 336069922631
BAD 336069922633
BAD 336093602749
BAD 336070170353
BAD 336070170361
BAD 336070879231
BAD 336070879237
BAD 336095174731
BAD 336005336393
BAD 336005336399
BAD 336098466859
BAD 336098466863
BAD 336098554291
BAD 336098595367
BAD 335973591703
BAD 335974968529
BAD 335974968533
BAD 335975070103
BAD 336100738081
BAD 335975259023
BAD 335975809937
BAD 335976757471
BAD 336102689639
BAD 336102689641
BAD 336024867337
BAD 336024867349
BAD 336026382961
BAD 336104589739
BAD 336027736469
BAD 336027736477
BAD 335978966881
BAD 336029047267
BAD 336029060711
BAD 336106906103
BAD 335980348661
BAD 335980348663
BAD 335980348667
BAD 335980348673
BAD 336030210739
BAD 336031428857
BAD 336031428947
BAD 336031428949
BAD 336031805189
BAD 336031805191
BAD 336031805203
BAD 335983535059
BAD 336034040791
BAD 335985769529
BAD 335985769531
BAD 336035218759
BAD 336035218763
BAD 336035218811
BAD 336035218823
BAD 336035298793
BAD 336035298799
BAD 336035298803
BAD 336035676271
BAD 336035872499
BAD 336036533221
BAD 336036533243
BAD 335988441343
BAD 336224442581
BAD 336224442583
BAD 336227814137
BAD 336229521337
BAD 336231167033
BAD 336233985853
BAD 336234606473
BAD 336193025731
BAD 336207681941
BAD 336207681967
BAD 336207682001
BAD 336207682003
BAD 336193958041
BAD 336208130431
BAD 336195423569
BAD 336196620203
BAD 336196733869
BAD 336197158663
BAD 336241309913
BAD 336241309933
BAD 336241604047
BAD 336212610053
BAD 336212610059
BAD 336212661403
BAD 336212784619
BAD 336212784631
BAD 336213038659
BAD 336245453513
BAD 336213038663
BAD 336245453521
BAD 336245621993
BAD 336246486959
BAD 336247100591
BAD 336247100593
BAD 336201128387
BAD 336201205531
BAD 336249793309
BAD 336201358253
BAD 336252282601
BAD 336252282607
BAD 336253392949
BAD 336254244569
BAD 336254244631
BAD 336174802981
BAD 336254435831
BAD 336254435833
BAD 336254435837
BAD 336174998927
BAD 336175194227
BAD 336175583371
BAD 336175583377
BAD 336255293383
BAD 336207184409
BAD 336218368589
BAD 336218693599
BAD 336257347411
BAD 336178125823
BAD 336220123039
BAD 336220224343
BAD 336181992667
BAD 336182295829
BAD 336182295833
BAD 336182295871
BAD 336182295901
BAD 336223652033
BAD 336223652041
BAD 336187623787
BAD 336187623791
BAD 336187623799
BAD 336262008503
BAD 336262317953
BAD 336265618103
BAD 336270105407
BAD 336272444659
BAD 336274330043
BAD 336274330109
BAD 336274330111
BAD 336274632079
BAD 336276548393
BAD 336276548401
BAD 336277612441
BAD 336277845931
BAD 336278086411
BAD 336278086421
BAD 336280848061
BAD 336283132981
BAD 336283132993
BAD 336283133003
BAD 336285080303
BAD 336288878383
BAD 336288878389
BAD 336288878399
BAD 336290074537
BAD 336290168009
BAD 336291190483
BAD 336291190493
BAD 336326140823
BAD 336327029897
BAD 336327029903
BAD 336330029677
BAD 336331787809
BAD 336361133189
BAD 336361133191
BAD 336361133197
BAD 336336742517
BAD 336336742519
BAD 336336742529
BAD 336342684499
BAD 336364468073
BAD 336342899779
BAD 336343353043
BAD 336339111683
BAD 336339781861
BAD 336366413107
BAD 336381286783
BAD 336381286799
BAD 336346278883
BAD 336368020243
BAD 336346928059
BAD 336368185757
BAD 336368185759
BAD 336368185763
BAD 336368793713
BAD 336368793721
BAD 336368793811
BAD 336370457963
BAD 336371137033
BAD 336371137043
BAD 336381876811
BAD 336350281549
BAD 336382871651
BAD 336382871653
BAD 336382871659
BAD 336382871663
BAD 336382871677
BAD 336352113653
BAD 336352271719
BAD 336352271729
BAD 336352271737
BAD 336352345421
BAD 336352345423
BAD 336385783597
BAD 336353996477
BAD 336353996479
BAD 336353996483
BAD 336354341839
BAD 336354341867
BAD 336354344861
BAD 336387029477
BAD 336387810599
BAD 336387810601
BAD 336388573487
BAD 336389260609
BAD 336389506381
BAD 336390089473
BAD 336371458153
BAD 336371571623
BAD 336391005107
BAD 336358078237
BAD 336358078249
BAD 336358078291
BAD 336374465507
BAD 336374465509
BAD 336374465513
BAD 336374525989
BAD 336293857189
BAD 336293857223
BAD 336294991819
BAD 336296535451
BAD 336300350977
BAD 336312820033
BAD 336312820073
BAD 336313190867
BAD 336313190869
BAD 336302039413
BAD 336315672661
BAD 336304403033
BAD 336304660487
BAD 336316791751
BAD 336304660493
BAD 336316791757
BAD 336304864417
BAD 336317376691
BAD 336317376701
BAD 336307637389
BAD 336319561189
BAD 336579721171
BAD 336543211243
BAD 336543211247
BAD 336543211253
BAD 336322091179
BAD 336322866809
BAD 336322866811
BAD 336544832009
BAD 336544832011
BAD 336581715601
BAD 336581894381
BAD 336581894417
BAD 336581894419
BAD 336582363043
BAD 336582581221
BAD 336529574761
BAD 336548693797
BAD 336585027853
BAD 336585027869
BAD 336585027871
BAD 336585973039
BAD 336585973049
BAD 336585973051
BAD 336532616711
BAD 336532616713
BAD 336586080433
BAD 336586080437
BAD 336476239601
BAD 336476417513
BAD 336476417521
BAD 336476417533
BAD 336587785801
BAD 336550819417
BAD 336550832971
BAD 336550832977
BAD 336550898093
BAD 336534276703
BAD 336534276709
BAD 336534276713
BAD 336534276719
BAD 336534276721
BAD 336534276739
BAD 336534407753
BAD 336392527153
BAD 336392527199
BAD 336392527241
BAD 336551858459
BAD 336478780751
BAD 336478780753
BAD 336478780763
BAD 336554242891
BAD 336396041693
BAD 336554575411
BAD 336568067167
BAD 336396165901
BAD 336568850899
BAD 336555984371
BAD 336555984377
BAD 336556101997
BAD 336557223901
BAD 336557223929
BAD 336570914633
BAD 336542499619
BAD 336542499653
BAD 336398397871
BAD 336543045373
BAD 336543045379
BAD 336571908157
BAD 336558867979
BAD 336484744237
BAD 336484862783
BAD 336572757349
BAD 336559406731
BAD 336592109023
BAD 336510328591
BAD 336486279329
BAD 336486279331
BAD 336400277011
BAD 336574782619
BAD 336511197773
BAD 336593362849
BAD 336409942831
BAD 336575470249
BAD 336487357699
BAD 336575549777
BAD 336487456133
BAD 336628457783
BAD 336628457791
BAD 336594700933
BAD 336629784877
BAD 336595800599
BAD 336595800601
BAD 336595874059
BAD 336596240311
BAD 336630530969
BAD 336630530993
BAD 336596596883
BAD 336596789173
BAD 336513915019
BAD 336597017699
BAD 336597017761
BAD 336403384981
BAD 336412788193
BAD 336412788211
BAD 336598837513
BAD 336598837517
BAD 336516130261
BAD 336516130273
BAD 336516267103
BAD 336516936313
BAD 336517108021
BAD 336517108027
BAD 336415330837
BAD 336492518473
BAD 336406494481
BAD 336601813861
BAD 336634352779
BAD 336634352783
BAD 336517130953
BAD 336517130959
BAD 336517130969
BAD 336415391909
BAD 336415391911
BAD 336406820047
BAD 336406995383
BAD 336634809527
BAD 336634809529
BAD 336634895137
BAD 336407202463
BAD 336603123457
BAD 336636049513
BAD 336429428983
BAD 336408303871
BAD 336416880473
BAD 336519469903
BAD 336430171879
BAD 336519592229
BAD 336430351261
BAD 336430351291
BAD 336430351297
BAD 336604246883
BAD 336519990253
BAD 336417822383
BAD 336520297583
BAD 336604685849
BAD 336604707163
BAD 336604707167
BAD 336418063249
BAD 336418063253
BAD 336521039563
BAD 336521339071
BAD 336418801291
BAD 336639494341
BAD 336607204057
BAD 336524044781
BAD 336608013493
BAD 336608013499
BAD 336524764159
BAD 336524885831
BAD 336525398761
BAD 336525428713
BAD 336525428719
BAD 336525513601
BAD 336525513619
BAD 336525675757
BAD 336608995717
BAD 336609100193
BAD 336526198139
BAD 336642796339
BAD 336643527349
BAD 336424210117
BAD 336424210127
BAD 336424210159
BAD 336435896149
BAD 336424210169
BAD 336425144843
BAD 336459830723
BAD 336460996229
BAD 336438436493
BAD 336438436501
BAD 336438493049
BAD 336438493051
BAD 336438493057
BAD 336439115197
BAD 336439115203
BAD 336465578993
BAD 336441928789
BAD 336471466459
BAD 336475023901
BAD 336475228577
BAD 336475243787
BAD 336475243789
BAD 336495791537
BAD 336645236969
BAD 336499680661
BAD 336645802583
BAD 336500854607
BAD 336500854609
BAD 336647037437
BAD 336444040951
BAD 336444254161
BAD 336649337293
BAD 336649423541
BAD 336503837869
BAD 336445414873
BAD 336445414883
BAD 336446187719
BAD 336505460747
BAD 336506419987
BAD 336506419993
BAD 336506777993
BAD 336507000653
BAD 336652124423
BAD 336448101293
BAD 336508949873
BAD 336508971301
BAD 336508971311
BAD 336508971319
BAD 336450906503
BAD 336655517021
BAD 336451961191
BAD 336452543929
BAD 336656583187
BAD 336656836993
BAD 336656837003
BAD 336453027307
BAD 336657626033
BAD 336657626057
BAD 336657626059
BAD 336453894173
BAD 336454002853
BAD 336454119059
BAD 336454119061
BAD 336454235119
BAD 336454235123
BAD 336454235129
BAD 336659246347
BAD 336659626453
BAD 336660480953
BAD 336660480967
BAD 336611136319
BAD 336611585753
BAD 336612755879
BAD 336612755881
BAD 336612755891
BAD 336612755893
BAD 336613623559
BAD 336615258193
BAD 336615577813
BAD 336615577817
BAD 336615577819
BAD 336618202727
BAD 336618411659
BAD 336620755309
BAD 336620755327
BAD 336624116729
BAD 336626386799
BAD 336626386801
BAD 336677390677
BAD 336677390689
BAD 336681222271
BAD 336681568549
BAD 336681659983
BAD 336681842201
BAD 336683414581
BAD 336684720973
BAD 336684955261
BAD 336686043401
BAD 336686043403
BAD 336686043469
BAD 336688006147
BAD 336689418563
BAD 336692046541
BAD 336692046547
BAD 336692046553
BAD 336692365259
BAD 336692487379
BAD 336660860593
BAD 336660860617
BAD 336661742801
BAD 336661742803
BAD 336663813193
BAD 336663813229
BAD 336668730331
BAD 336669201931
BAD 336669694741
BAD 336670042591
BAD 336673208617
BAD 336673208653
BAD 336673333387
BAD 336674716801
BAD 336676847119
BAD 336677018683
BAD 336677018693
BAD 336694538881
BAD 336694539121
BAD 336695878787
BAD 336697876121
BAD 336698873299
BAD 336698873323
BAD 336699211021
BAD 336699211027
BAD 336700087219
BAD 336702053539
BAD 336702053563
BAD 336702159823
BAD 336703099363
BAD 336703099367
BAD 336704433433
BAD 336706367131
BAD 336707574991
BAD 336710367319
BAD 336745854457
BAD 336746387759
BAD 336747920911
BAD 336748124719
BAD 336710915393
BAD 336748677959
BAD 336748677961
BAD 336713009957
BAD 336713009959
BAD 336751429687
BAD 336751429691
BAD 336751429697
BAD 336751429699
BAD 336752942717
BAD 336752942719
BAD 336752942723
BAD 336753526169
BAD 336754128983
BAD 336714436609
BAD 336714436631
BAD 336714436633
BAD 336714436637
BAD 336714961831
BAD 336715574017
BAD 336716821823
BAD 336717812153
BAD 336757144439
BAD 336757144441
BAD 336758459039
BAD 336758733469
BAD 336760384651
BAD 336760384691
BAD 336760384693
BAD 336719824459
BAD 336719824621
BAD 336719979587
BAD 336720000653
BAD 336721450781
BAD 336721451023
BAD 336721451029
BAD 336722905681
BAD 336725713847
BAD 336726607493
BAD 336726803143
BAD 336914505553
BAD 336914505563
BAD 336916128491
BAD 336916128499
BAD 336916128503
BAD 336918026603
BAD 336918026611
BAD 336918026617
BAD 336918026629
BAD 336919219213
BAD 336919950691
BAD 336921010939
BAD 336921373189
BAD 336921583027
BAD 336921702511
BAD 336921702517
BAD 336921702521
BAD 336922251569
BAD 336922251571
BAD 336929514919
BAD 336930809497
BAD 336930809507
BAD 336924986933
BAD 336925067599
BAD 336932248129
BAD 336936059641
BAD 336936612293
BAD 336936971983
BAD 336936971989
BAD 336936971993
BAD 336936971999
BAD 336936972019
BAD 336829623979
BAD 336829623983
BAD 336937844083
BAD 336937844107
BAD 336937844119
BAD 336830328661
BAD 336938804903
BAD 336938804933
BAD 336830718503
BAD 336939887099
BAD 336939887101
BAD 336939887203
BAD 336939887209
BAD 336939887213
BAD 336831978257
BAD 336832149323
BAD 336832632557
BAD 336832632559
BAD 336832632571
BAD 336833069239
BAD 336833187289
BAD 336834168059
BAD 336834168061
BAD 336835460431
BAD 336835557647
BAD 336835557649
BAD 336838406431
BAD 336941966209
BAD 336941966213
BAD 336944186753
BAD 336840286169
BAD 336840286171
BAD 336840387563
BAD 336840387571
BAD 336841795817
BAD 336841795819
BAD 336727739849
BAD 336727739851
BAD 336727798273
BAD 336843477571
BAD 336729148243
BAD 336729667609
BAD 336844595093
BAD 336778100573
BAD 336778950199
BAD 336733969513
BAD 336734162701
BAD 336996348707
BAD 336735304441
BAD 336735385687
BAD 336781525321
BAD 336796003043
BAD 336796003111
BAD 336736305833
BAD 336736696117
BAD 336736696123
BAD 336797587229
BAD 336786212689
BAD 336863138897
BAD 337014363113
BAD 336736696129
BAD 336811678717
BAD 336999628039
BAD 336736696159
BAD 336999628057
BAD 336786220273
BAD 336811970381
BAD 336737149327
BAD 336737149337
BAD 336737149339
BAD 336737149363
BAD 336737274589
BAD 336737274593
BAD 337000380383
BAD 337000389541
BAD 337000389547
BAD 337000389553
BAD 337000389563
BAD 336737339737
BAD 336737339791
BAD 337000826693
BAD 337000826699
BAD 336799329109
BAD 336799329121
BAD 336813466403
BAD 336787644871
BAD 336864879529
BAD 336799698229
BAD 336799698259
BAD 336799698283
BAD 336799698293
BAD 336813794123
BAD 336814055251
BAD 336814055261
BAD 336788048491
BAD 336800496679
BAD 336814784819
BAD 336814784821
BAD 336866321279
BAD 336866321317
BAD 336883328057
BAD 336883328059
BAD 336801346741
BAD 336801346769
BAD 336801346771
BAD 336801403591
BAD 336740314147
BAD 336740314153
BAD 337018418509
BAD 337003895497
BAD 336883750523
BAD 337019203531
BAD 336883873303
BAD 336883873307
BAD 336883873309
BAD 336741278737
BAD 336802492291
BAD 336741278779
BAD 337021080493
BAD 336817307287
BAD 337009024153
BAD 336817307291
BAD 336883982137
BAD 336817307293
BAD 337021080499
BAD 337021080503
BAD 336817617979
BAD 336874680563
BAD 336790798039
BAD 337010130511
BAD 336875389789
BAD 336818494669
BAD 337022477381
BAD 337022619113
BAD 336875834699
BAD 336804087107
BAD 336743344073
BAD 336804174467
BAD 336819398627
BAD 336819398633
BAD 336792069571
BAD 336792069577
BAD 336792069583
BAD 336765824209
BAD 337023877129
BAD 336792553651
BAD 336792553673
BAD 336792553703
BAD 336877393553
BAD 336805687951
BAD 336877999919
BAD 336878403109
BAD 337025457511
BAD 336766813577
BAD 336766813583
BAD 336793660129
BAD 336821922601
BAD 336888293101
BAD 336794233843
BAD 336767499953
BAD 336767499961
BAD 336767499967
BAD 336807507313
BAD 336823004993
BAD 336823005007
BAD 336794622347
BAD 336794622349
BAD 336823375429
BAD 336823375433
BAD 336768227797
BAD 336824200303
BAD 336824200319
BAD 336824343563
BAD 336824505331
BAD 336824505343
BAD 336824833027
BAD 337027775873
BAD 336824833049
BAD 336809842573
BAD 336769239623
BAD 336809917069
BAD 336890683109
BAD 336825759001
BAD 336825759007
BAD 337028906573
BAD 336891734873
BAD 337029101729
BAD 336811206071
BAD 336811206073
BAD 336826471889
BAD 336851821727
BAD 336851821729
BAD 336851971681
BAD 336852450743
BAD 336852450749
BAD 336852450751
BAD 336893748643
BAD 336893748721
BAD 336893748743
BAD 336893748799
BAD 336771328643
BAD 337030501363
BAD 337030914433
BAD 336772428631
BAD 337031176883
BAD 337031295331
BAD 337031295353
BAD 336854931331
BAD 336855013367
BAD 336855013373
BAD 336774427783
BAD 336963147239
BAD 337033157519
BAD 337033157521
BAD 337033701149
BAD 337033701157
BAD 337033768573
BAD 336776511257
BAD 337034325349
BAD 337034325361
BAD 336859049299
BAD 337048754257
BAD 337049034353
BAD 337035775009
BAD 337049241443
BAD 337049241467
BAD 337049241469
BAD 337049295521
BAD 337049295523
BAD 336965701591
BAD 336860304523
BAD 336965834771
BAD 336860481481
BAD 336860481487
BAD 336777804169
BAD 336860977213
BAD 336966190009
BAD 337036910303
BAD 337050526339
BAD 337050526343
BAD 336979816643
BAD 336979816661
BAD 336896526331
BAD 336966778627
BAD 336896767133
BAD 337038202223
BAD 337051959403
BAD 337051959427
BAD 336897542791
BAD 336981520619
BAD 337039486037
BAD 337039486039
BAD 337039486051
BAD 337053590359
BAD 337053590453
BAD 337053590479
BAD 337053673303
BAD 336899128211
BAD 336899128213
BAD 337040539189
BAD 336899516533
BAD 336948206899
BAD 336983045123
BAD 336968997727
BAD 336948501871
BAD 336900328939
BAD 336900328943
BAD 337055262043
BAD 336900328949
BAD 336900328951
BAD 336984124523
BAD 337042936099
BAD 337042936103
BAD 337056675457
BAD 337056675463
BAD 336984393259
BAD 337043330237
BAD 336901443191
BAD 336901443217
BAD 336949791121
BAD 337044031609
BAD 336950199101
BAD 336971534681
BAD 336950656789
BAD 336971784077
BAD 337058738719
BAD 336972124507
BAD 336985930591
BAD 337045703191
BAD 336903609971
BAD 336903689503
BAD 336903689509
BAD 336973218563
BAD 337060504457
BAD 337060504463
BAD 337060504471
BAD 337060504477
BAD 336904514021
BAD 336904540153
BAD 336905136839
BAD 337061594357
BAD 336987735323
BAD 336987735349
BAD 337061688833
BAD 336953157833
BAD 336953157839
BAD 336953157841
BAD 336906041767
BAD 336906041783
BAD 336988241587
BAD 336988395659
BAD 336975884033
BAD 336954333983
BAD 336954999739
BAD 336954999743
BAD 336990172969
BAD 336977816423
BAD 336955659991
BAD 336911221531
BAD 336957854669
BAD 336957906323
BAD 336958159969
BAD 336958159973
BAD 336958787903
BAD 336994813139
BAD 336960568643
BAD 336995836301
BAD 336995933719
BAD 337064714563
BAD 337065473027
BAD 337066665877
BAD 337072857707
BAD 337072857713
BAD 337073505499
BAD 337074693469
BAD 337075507009
BAD 337075919423
BAD 337078649549
BAD 337078649597
BAD 337078649599
BAD 337079416171
BAD 337079461297
BAD 337080562229
BAD 337081023031
BAD 337084350461
BAD 337084350467
BAD 337084350469
BAD 337084350481
BAD 337085354273
BAD 337085426527
BAD 337086105241
BAD 337087394621
BAD 337087394629
BAD 337088660437
BAD 337089087919
BAD 337092793967
BAD 337092793969
BAD 337093909351
BAD 337093909403
BAD 337093909409
BAD 337093909423
BAD 337094604739
BAD 337095445523
BAD 337113564323
BAD 337116709063
BAD 337116736501
BAD 337118199721
BAD 337118199739
BAD 337118199751
BAD 337118591743
BAD 337118905703
BAD 337119880249
BAD 337121278523
BAD 337122463553
BAD 337098663383
BAD 337099390829
BAD 337126160843
BAD 337099852373
BAD 337099852387
BAD 337100539973
BAD 337127307203
BAD 337127307247
BAD 337100841083
BAD 337101631357
BAD 337129389943
BAD 337105890323
BAD 337107598741
BAD 337110215657
BAD 337111660673
BAD 337111997323
BAD 337130429879
BAD 337130526457
BAD 337132545863
BAD 337132796773
BAD 337132893439
BAD 337135998187
BAD 337135998197
BAD 337136001329
BAD 337140689239
BAD 337140689243
BAD 337140836387
BAD 337141333339
BAD 337141405067
BAD 337142054801
BAD 337142054803
BAD 337143419551
BAD 337144233703
BAD 337144994971
BAD 337145835839
BAD 337145835841
BAD 337181088619
BAD 337181088623
BAD 337181172697
BAD 337182991609
BAD 337184268671
BAD 337184268677
BAD 337184268679
BAD 337148082863
BAD 337148082871
BAD 337148996803
BAD 337265178181
BAD 337265796031
BAD 337265796037
BAD 337265796053
BAD 337266025567
BAD 337266025571
BAD 337151148577
BAD 337333231141
BAD 337267275031
BAD 337267295929
BAD 337151716411
BAD 337333402621
BAD 337333435849
BAD 337267593503
BAD 337267593511
BAD 337267730419
BAD 337152145097
BAD 337152145103
BAD 337187984813
BAD 337188238279
BAD 337188238297
BAD 337153059547
BAD 337153290217
BAD 337153290223
BAD 337189108913
BAD 337165879507
BAD 337166043217
BAD 337190728349
BAD 337337257781
BAD 337154074843
BAD 337166043223
BAD 337337257783
BAD 337190728351
BAD 337154074853
BAD 337166258123
BAD 337337492299
BAD 337191744871
BAD 337191744887
BAD 337191744889
BAD 337191912241
BAD 337192626653
BAD 337168101943
BAD 337168141633
BAD 337168141643
BAD 337156381883
BAD 337193261641
BAD 337169013413
BAD 337269857893
BAD 337194271969
BAD 337194376373
BAD 337194587827
BAD 337341200783
BAD 337196169439
BAD 337196169473
BAD 337196169493
BAD 337272594301
BAD 337159533959
BAD 337170863053
BAD 337159533961
BAD 337273629079
BAD 337273629083
BAD 337273782841
BAD 337274602801
BAD 337276497619
BAD 337276497631
BAD 337173388379
BAD 337173388381
BAD 337162598303
BAD 337163092759
BAD 337277986127
BAD 337343056321
BAD 337343056333
BAD 337343573317
BAD 337343573321
BAD 337278679513
BAD 337278679523
BAD 337344514453
BAD 337344514457
BAD 337344514459
BAD 337176025733
BAD 337279438861
BAD 337279961429
BAD 337279961437
BAD 337279961449
BAD 337279961453
BAD 337283132183
BAD 337178028053
BAD 337347243503
BAD 337347293383
BAD 337284838369
BAD 337348324303
BAD 337179542837
BAD 337179542839
BAD 337180455967
BAD 337180487671
BAD 337180487689
BAD 337289437829
BAD 337289437831
BAD 337290000079
BAD 337290280973
BAD 337292076403
BAD 337352850871
BAD 337353491147
BAD 337353491149
BAD 337293621253
BAD 337293621257
BAD 337354453067
BAD 337354453069
BAD 337355438633
BAD 337197524393
BAD 337197524401
BAD 337199009401
BAD 337200676139
BAD 337358431057
BAD 337450966927
BAD 337451112959
BAD 337451112961
BAD 337201778533
BAD 337359233063
BAD 337451378171
BAD 337359470809
BAD 337359470813
BAD 337453763393
BAD 337454313071
BAD 337454313073
BAD 337455517793
BAD 337455517799
BAD 337455991111
BAD 337207065137
BAD 337207479709
BAD 337456842893
BAD 337363229747
BAD 337415542733
BAD 337457914289
BAD 337457914291
BAD 337457914307
BAD 337248992263
BAD 337458354301
BAD 337458354307
BAD 337458354313
BAD 337458354319
BAD 337364153363
BAD 337249633249
BAD 337416384313
BAD 337416564217
BAD 337416564227
BAD 337416564229
BAD 337460081957
BAD 337460081963
BAD 337214317009
BAD 337214317019
BAD 337417480537
BAD 337215605453
BAD 337215813563
BAD 337215813569
BAD 337213008551
BAD 337213008553
BAD 337213008557
BAD 337231151143
BAD 337216566629
BAD 337418407283
BAD 337216770503
BAD 337216938481
BAD 337315791473
BAD 337382558813
BAD 337419028517
BAD 337419028537
BAD 337214030653
BAD 337382789399
BAD 337462383703
BAD 337383003733
BAD 337232589077
BAD 337232589079
BAD 337463322971
BAD 337233282047
BAD 337233282049
BAD 337233283067
BAD 337233283069
BAD 337219476793
BAD 337421391563
BAD 337255945781
BAD 337219476799
BAD 337317559151
BAD 337464411313
BAD 337436092753
BAD 337384589221
BAD 337255945801
BAD 337302244231
BAD 337385118647
BAD 337385118649
BAD 337465203391
BAD 337465203409
BAD 337465297997
BAD 337465297999
BAD 337436880481
BAD 337256701321
BAD 337318982269
BAD 337234539319
BAD 337234539353
BAD 337422371093
BAD 337304577413
BAD 337304577419
BAD 337305097643
BAD 337305128957
BAD 337305128959
BAD 337305128987
BAD 337305128989
BAD 337259583659
BAD 337399902509
BAD 337439640163
BAD 337259583721
BAD 337321925543
BAD 337259583743
BAD 337424718487
BAD 337399913761
BAD 337390511779
BAD 337238250689
BAD 337424974723
BAD 337424974727
BAD 337424974729
BAD 337424974741
BAD 337238250691
BAD 337400648623
BAD 337261247809
BAD 337368375457
BAD 337368518843
BAD 337323601529
BAD 337323601543
BAD 337426321493
BAD 337392381853
BAD 337240556063
BAD 337240690069
BAD 337310099743
BAD 337263146333
BAD 337263146351
BAD 337393287631
BAD 337393424813
BAD 337393424821
BAD 337226894671
BAD 337427356463
BAD 337369838483
BAD 337241229131
BAD 337310824709
BAD 337403301173
BAD 337369838521
BAD 337241229133
BAD 337241229139
BAD 337393438171
BAD 337227146587
BAD 337427737841
BAD 337403808619
BAD 337403808631
BAD 337403820517
BAD 337326840031
BAD 337241936897
BAD 337311687457
BAD 337311863363
BAD 337327890983
BAD 337444603253
BAD 337328462011
BAD 337243108063
BAD 337405499161
BAD 337405499177
BAD 337444920181
BAD 337405874809
BAD 337329272263
BAD 337371939979
BAD 337229985409
BAD 337445857193
BAD 337407425297
BAD 337397230771
BAD 337229985413
BAD 337397230787
BAD 337244808499
BAD 337397257583
BAD 337397257591
BAD 337230060863
BAD 337245595073
BAD 337245638287
BAD 337447566031
BAD 337448577541
BAD 337448577553
BAD 337376059073
BAD 337466010559
BAD 337413438433
BAD 337378166527
BAD 337414334473
BAD 337414339991
BAD 337414446001
BAD 337414724483
BAD 337469563661
BAD 337469641753
BAD 337469826019
BAD 337379965987
BAD 337380000283
BAD 337380972451
BAD 337471520833
BAD 337471520839
BAD 337381476571
BAD 337381476577
BAD 337472828659
BAD 337473562147
BAD 337473562159
BAD 337477594733
BAD 337477594739
BAD 337480045459
BAD 337480214663
BAD 337480214723
BAD 337480214759
BAD 337480214761
BAD 337491095947
BAD 337493088433
BAD 337493088497
BAD 337493269409
BAD 337493269411
BAD 337493759719
BAD 337495743899
BAD 337495743901
BAD 337496489173
BAD 337497001453
BAD 337499014351
BAD 337499023471
BAD 337517048641
BAD 337517226503
BAD 337518994249
BAD 337520831903
BAD 337521455731
BAD 337521455737
BAD 337521892067
BAD 337521892069
BAD 337521892073
BAD 337499611373
BAD 337499611391
BAD 337500412861
BAD 337501357073
BAD 337501357079
BAD 337501357087
BAD 337501357091
BAD 337501357103
BAD 337501469593
BAD 337501745993
BAD 337502114329
BAD 337534238087
BAD 337534238089
BAD 337502656457
BAD 337502656459
BAD 337503561323
BAD 337503561347
BAD 337503561349
BAD 337535876057
BAD 337536886823
BAD 337537779853
BAD 337505746957
BAD 337538305033
BAD 337538305043
BAD 337505857921
BAD 337526924087
BAD 337539139919
BAD 337539139921
BAD 337527161893
BAD 337508090753
BAD 337508090761
BAD 337529192887
BAD 337529192893
BAD 337542378053
BAD 337542430789
BAD 337542430793
BAD 337530318199
BAD 337530432023
BAD 337530673463
BAD 337543976213
BAD 337531158241
BAD 337531158271
BAD 337531229207
BAD 337531229209
BAD 337531229219
BAD 337532241587
BAD 337532241589
BAD 337546177391
BAD 337546177393
BAD 337546177421
BAD 337546177433
BAD 337546370461
BAD 337546785253
BAD 337546808077
BAD 337514637749
BAD 337514637751
BAD 337514667467
BAD 337514782399
BAD 337514782403
BAD 337548089441
BAD 337548089443
BAD 337548987271
BAD 337548987283
BAD 337551221167
BAD 337551377003
BAD 337551377029
BAD 337552868153
BAD 337552954253
BAD 337553951201
BAD 337556960879
BAD 337654314233
BAD 337564120051
BAD 337657261639
BAD 337583483879
BAD 337583597227
BAD 337657828273
BAD 337564895429
BAD 337564895431
BAD 337583891599
BAD 337565175469
BAD 337588866079
BAD 337589622067
BAD 337663474451
BAD 337663474453
BAD 337590941843
BAD 337591206727
BAD 337871706773
BAD 337872207781
BAD 337667157683
BAD 337872350051
BAD 337872350063
BAD 337874634287
BAD 337874634289
BAD 337874634319
BAD 337874634323
BAD 337874750929
BAD 337875187231
BAD 337875453379
BAD 337875704927
BAD 337875876917
BAD 337596836813
BAD 337877411041
BAD 337877877263
BAD 337877877307
BAD 337599474349
BAD 337599810701
BAD 337878802981
BAD 337879737133
BAD 337879737137
BAD 337883897521
BAD 337884267451
BAD 337884267463
BAD 337884267467
BAD 337884991589
BAD 337784652563
BAD 337617697997
BAD 337617697999
BAD 337618478033
BAD 337669684189
BAD 337788028673
BAD 337734419521
BAD 337734419527
BAD 337669936091
BAD 337734977191
BAD 337670230097
BAD 337718242471
BAD 337670455763
BAD 337619166139
BAD 337718501489
BAD 337619316709
BAD 337619316733
BAD 337735925213
BAD 337718806129
BAD 337670996501
BAD 337718806141
BAD 337670996503
BAD 337671105403
BAD 337684267651
BAD 337620241003
BAD 337684513949
BAD 337684513951
BAD 337791171373
BAD 337736997473
BAD 337791536227
BAD 337685402107
BAD 337720113721
BAD 337737582739
BAD 337737678413
BAD 337673426371
BAD 337625286469
BAD 337834960159
BAD 337687170019
BAD 337737833903
BAD 337725846503
BAD 337725846517
BAD 337819259543
BAD 337792076047
BAD 337687846043
BAD 337688554351
BAD 337836719729
BAD 337820108303
BAD 337751222827
BAD 337751222833
BAD 337675102549
BAD 337675102553
BAD 337752255901
BAD 337628126623
BAD 337691069581
BAD 337676178887
BAD 337768521221
BAD 337691240879
BAD 337691240881
BAD 337600775263
BAD 337753493183
BAD 337566642779
BAD 337676680087
BAD 337601457379
BAD 337701811309
BAD 337753931261
BAD 337677061873
BAD 337742456827
BAD 337702035511
BAD 337822213943
BAD 337742606353
BAD 337742663173
BAD 337742663183
BAD 337742663197
BAD 337822725913
BAD 337677786781
BAD 337840672753
BAD 337755231883
BAD 337822996691
BAD 337743826631
BAD 337743826633
BAD 337823032543
BAD 337678128607
BAD 337678128611
BAD 337743992953
BAD 337744035493
BAD 337744122077
BAD 337678401293
BAD 337678401299
BAD 337678401301
BAD 337693158239
BAD 337693158241
BAD 337693158247
BAD 337796968879
BAD 337756121249
BAD 337569210541
BAD 337631698351
BAD 337842432919
BAD 337744982447
BAD 337604548153
BAD 337756121251
BAD 337678823633
BAD 337854103949
BAD 337703570483
BAD 337745143759
BAD 337745143763
BAD 337604758217
BAD 337772834171
BAD 337772834173
BAD 337772834183
BAD 337756610837
BAD 337799311891
BAD 337854571069
BAD 337854571073
BAD 337569996229
BAD 337773322771
BAD 337570118101
BAD 337570118113
BAD 337632694769
BAD 337632694771
BAD 337704637289
BAD 337704637313
BAD 337704637321
BAD 337855029469
BAD 337843740023
BAD 337635953663
BAD 337746976883
BAD 337605978839
BAD 337705516831
BAD 337605978841
BAD 337635953671
BAD 337571248309
BAD 337705850233
BAD 337844195263
BAD 337844195267
BAD 337844304131
BAD 337856330899
BAD 337706191429
BAD 337826526563
BAD 337844870423
BAD 337637306483
BAD 337572578579
BAD 337572578587
BAD 337572578591
BAD 337572578593
BAD 337572695309
BAD 337572695311
BAD 337698670709
BAD 337698670711
BAD 337698828067
BAD 337857481613
BAD 337607839801
BAD 337573526237
BAD 337573526239
BAD 337573526261
BAD 337573526263
BAD 337682792599
BAD 337759955161
BAD 337699283693
BAD 337846091311
BAD 337707953173
BAD 337846091393
BAD 337707953179
BAD 337846091399
BAD 337707953183
BAD 337707968207
BAD 337846131697
BAD 337803627949
BAD 337803627961
BAD 337858873711
BAD 337858873733
BAD 337858873741
BAD 337708268153
BAD 337827920933
BAD 337638891529
BAD 337638891533
BAD 337683478651
BAD 337683664271
BAD 337803899833
BAD 337803899843
BAD 337803899857
BAD 337803959411
BAD 337777191001
BAD 337700441101
BAD 337708883027
BAD 337700542363
BAD 337847162629
BAD 337860044393
BAD 337860044413
BAD 337751033513
BAD 337574631703
BAD 337778348099
BAD 337778348119
BAD 337778348123
BAD 337778348129
BAD 337860960013
BAD 337778711603
BAD 337805888059
BAD 337710967163
BAD 337848598127
BAD 337806287431
BAD 337806287437
BAD 337611472153
BAD 337849132799
BAD 337849132801
BAD 337849327919
BAD 337863051787
BAD 337863051791
BAD 337863051793
BAD 337849494589
BAD 337830172213
BAD 337830181919
BAD 337764133561
BAD 337764147451
BAD 337807877423
BAD 337577723551
BAD 337713742477
BAD 337713908431
BAD 337713908437
BAD 337643599879
BAD 337830935623
BAD 337783041443
BAD 337614070711
BAD 337851274903
BAD 337851274907
BAD 337765738007
BAD 337765738043
BAD 337578828563
BAD 337578828583
BAD 337578931801
BAD 337579203067
BAD 337579203079
BAD 337579203083
BAD 337579564681
BAD 337645427017
BAD 337645427029
BAD 337645427033
BAD 337716451561
BAD 337716532381
BAD 337810598161
BAD 337810598183
BAD 337580022181
BAD 337645667329
BAD 337716689003
BAD 337767199421
BAD 337767199423
BAD 337580240189
BAD 337615915657
BAD 337580240191
BAD 337646539213
BAD 337811668979
BAD 337811668981
BAD 337832972131
BAD 337581001243
BAD 337833631561
BAD 337581779267
BAD 337581779281
BAD 337581779287
BAD 337581830239
BAD 337648100873
BAD 337648100879
BAD 337648100893
BAD 337813020511
BAD 337582211899
BAD 337813218947
BAD 337813218949
BAD 337582535209
BAD 337582535221
BAD 337649414209
BAD 337834847971
BAD 337649558929
BAD 337649558959
BAD 337649558963
BAD 337649558993
BAD 337649559001
BAD 337649559139
BAD 337814318977
BAD 337815055819
BAD 337815925819
BAD 337815925831
BAD 337815964777
BAD 337816764227
BAD 337885370707
BAD 337887282923
BAD 337888280069
BAD 337888280071
BAD 337889296903
BAD 337890351451
BAD 337893701953
BAD 337893701963
BAD 337894242533
BAD 337894709969
BAD 337895551013
BAD 337898884429
BAD 337899079279
BAD 337899079283
BAD 337900734121
BAD 337901621909
BAD 337936703653
BAD 337941328223
BAD 337942523129
BAD 337948559461
BAD 337949413223
BAD 337949449193
BAD 337949834041
BAD 337949844031
BAD 337950090349
BAD 337950090353
BAD 337950339721
BAD 337905232823
BAD 337907395913
BAD 337909866053
BAD 337910865769
BAD 337914967729
BAD 337915074137
BAD 337915074139
BAD 337915074143
BAD 337915265329
BAD 337916040757
BAD 337916932219
BAD 337918095677
BAD 337919016293
BAD 337921321313
BAD 337921321321
BAD 337921321351
BAD 337921385597
BAD 337924133453
BAD 337924333993
BAD 337924334003
BAD 337926473849
BAD 337926473851
BAD 337927940743
BAD 337927940747
BAD 337927940761
BAD 337928083279
BAD 337928251103
BAD 337928921453
BAD 337930649281
BAD 337930649299
BAD 337931056087
BAD 337932046201
BAD 337933568857
BAD 337933568873
BAD 337933824511
BAD 337986819019
BAD 337987644913
BAD 337987644919
BAD 337987644937
BAD 337989547711
BAD 337989782633
BAD 337991158793
BAD 337991213603
BAD 337991559649
BAD 337992053263
BAD 337992300781
BAD 337992300787
BAD 337992467081
BAD 337992571979
BAD 337992571981
BAD 337993882613
BAD 337994249041
BAD 337994921623
BAD 337994921629
BAD 337994921633
BAD 337994990089
BAD 337994990093
BAD 337995621181
BAD 337995693677
BAD 337997606773
BAD 337997606777
BAD 338001831163
BAD 338120886149
BAD 338120886151
BAD 338120886157
BAD 338122880243
BAD 338123270399
BAD 338125161097
BAD 338126358553
BAD 338126358611
BAD 338126358613
BAD 338237867119
BAD 338237933149
BAD 338237933161
BAD 338237933171
BAD 338126738897
BAD 338126738899
BAD 338238750391
BAD 338238750397
BAD 338238750401
BAD 338238750403
BAD 338238750407
BAD 338239228279
BAD 338239228321
BAD 338239228333
BAD 338239228337
BAD 338128056047
BAD 338255257441
BAD 338130058411
BAD 338257703059
BAD 338257703197
BAD 338130507259
BAD 337952834357
BAD 337952919181
BAD 338259498301
BAD 338239658641
BAD 337954796027
BAD 338260207721
BAD 338260207723
BAD 337955287921
BAD 338261419193
BAD 338261419213
BAD 338261428573
BAD 338261428579
BAD 338261428619
BAD 338261428621
BAD 338262125917
BAD 337957317809
BAD 337957317811
BAD 337957389727
BAD 337957770413
BAD 338262784261
BAD 338262784267
BAD 338262784273
BAD 338262784309
BAD 338262784313
BAD 338243506681
BAD 337958893201
BAD 338134749713
BAD 338266881991
BAD 338136073049
BAD 338136073057
BAD 337960558057
BAD 338244539131
BAD 338268544741
BAD 337961549777
BAD 337961549851
BAD 337961614013
BAD 338246275579
BAD 338246275589
BAD 338246275603
BAD 338270834821
BAD 338246433619
BAD 337965450469
BAD 337965450527
BAD 338250092153
BAD 338250158033
BAD 337966873807
BAD 337966873813
BAD 337967996089
BAD 337968312421
BAD 337968312433
BAD 338252386039
BAD 338253134003
BAD 338253672091
BAD 338253679201
BAD 337970714413
BAD 337970714423
BAD 337970929511
BAD 337971434329
BAD 337971434341
BAD 337973916901
BAD 337974288811
BAD 337975404353
BAD 337975404359
BAD 337976866103
BAD 337976866111
BAD 337977350329
BAD 337977460453
BAD 337981154369
BAD 337981154411
BAD 337981889447
BAD 337981889449
BAD 337982088121
BAD 338221605803
BAD 338189173313
BAD 338154348089
BAD 337984338787
BAD 337984338793
BAD 338191272091
BAD 337984707241
BAD 338192563309
BAD 338192885497
BAD 338155912711
BAD 338193672811
BAD 338227039903
BAD 338227039949
BAD 338194206239
BAD 338020353709
BAD 338053941653
BAD 338194206241
BAD 338054446099
BAD 338194850963
BAD 338022100921
BAD 338022510923
BAD 338022510929
BAD 338086891741
BAD 338022963679
BAD 338087526263
BAD 338161641739
BAD 338161641773
BAD 338232539693
BAD 338023579321
BAD 338023697359
BAD 338088073957
BAD 338162199541
BAD 338233588351
BAD 338056238041
BAD 338056703129
BAD 338196902861
BAD 338143069573
BAD 338143069577
BAD 338234490799
BAD 338234490809
BAD 338163233609
BAD 338143249799
BAD 338143249823
BAD 338090725747
BAD 338198155961
BAD 338198155963
BAD 338236016669
BAD 338164200469
BAD 338164398653
BAD 338164398661
BAD 338198556841
BAD 338027870737
BAD 338059355017
BAD 338199354263
BAD 338092898917
BAD 338060299207
BAD 338060299211
BAD 338271882827
BAD 338271882829
BAD 338271968917
BAD 338271968927
BAD 338271968929
BAD 338271968933
BAD 338165897533
BAD 338147180993
BAD 338029851701
BAD 338093747977
BAD 338093747989
BAD 338030041319
BAD 338272424533
BAD 338272424773
BAD 338272424783
BAD 338030317043
BAD 338148135103
BAD 338062070713
BAD 338200943029
BAD 338274411799
BAD 338166816961
BAD 338274411803
BAD 338200966291
BAD 338206323953
BAD 338171714137
BAD 338171714143
BAD 338201474629
BAD 338148567683
BAD 338202287161
BAD 338207528377
BAD 338275324679
BAD 338168562583
BAD 338202504707
BAD 338202504709
BAD 338202911329
BAD 338202911339
BAD 338275735723
BAD 338173791713
BAD 338064149083
BAD 338064149099
BAD 338208323003
BAD 338173885349
BAD 338104475003
BAD 338070038287
BAD 338065412173
BAD 338099113223
BAD 338065757863
BAD 338030448061
BAD 338030656057
BAD 338099803021
BAD 338151282121
BAD 338277468629
BAD 338277468631
BAD 338277468637
BAD 338277468673
BAD 338151450811
BAD 338210730113
BAD 338277592099
BAD 338031074443
BAD 338031074461
BAD 338066759627
BAD 338151656897
BAD 338100619333
BAD 338031633749
BAD 338031633763
BAD 338071613359
BAD 338211712213
BAD 338211750743
BAD 338071749839
BAD 338100908641
BAD 338100937099
BAD 338107971001
BAD 338101072411
BAD 338212290349
BAD 338072479757
BAD 338072479783
BAD 338279884997
BAD 338109010823
BAD 338033361557
BAD 338033419637
BAD 338033419639
BAD 338003754563
BAD 338214458401
BAD 338214458437
BAD 338214458441
BAD 338214458443
BAD 338102900539
BAD 338102900543
BAD 338110169129
BAD 338215105141
BAD 338281471169
BAD 338181118213
BAD 338281616437
BAD 338110669937
BAD 338282044043
BAD 338005528739
BAD 338005528741
BAD 338005528759
BAD 338305109521
BAD 338006079379
BAD 338007260291
BAD 338007260293
BAD 338007260299
BAD 338285122481
BAD 338285217467
BAD 338185022113
BAD 338308119091
BAD 338009499397
BAD 338308589953
BAD 338115052829
BAD 338115052831
BAD 338010239311
BAD 338287894223
BAD 338010596977
BAD 338079419477
BAD 338079419479
BAD 338079692077
BAD 338322169849
BAD 338322359701
BAD 338322359707
BAD 338322359759
BAD 338080331489
BAD 338080331497
BAD 338080331503
BAD 338311118953
BAD 338116776391
BAD 338080830833
BAD 338117080373
BAD 338311884737
BAD 338311884739
BAD 338117742121
BAD 338117798413
BAD 338323553263
BAD 338014046479
BAD 338014046483
BAD 338313567863
BAD 338083269803
BAD 338083269809
BAD 338324537561
BAD 338014794917
BAD 338324537563
BAD 338014794919
BAD 338083269817
BAD 338314088843
BAD 338083393201
BAD 338015374069
BAD 338036806427
BAD 338036806433
BAD 338315747911
BAD 338037266899
BAD 338037266909
BAD 338037266911
BAD 338037431663
BAD 338038068367
BAD 338038068371
BAD 338038068373
BAD 338326476659
BAD 338326476661
BAD 338017064309
BAD 338017064311
BAD 338039184913
BAD 338018321573
BAD 338039633213
BAD 338327759851
BAD 338327776531
BAD 338018884639
BAD 338329144639
BAD 338041984229
BAD 338320614923
BAD 338042218609
BAD 338042395069
BAD 338042436973
BAD 338042772631
BAD 338042772637
BAD 338042772653
BAD 338043687937
BAD 338043751159
BAD 338043751169
BAD 338044401979
BAD 338044401983
BAD 338291058563
BAD 338291058577
BAD 338046123659
BAD 338046123661
BAD 338291526413
BAD 338335030493
BAD 338047237883
BAD 338047248367
BAD 338047248389
BAD 338047248391
BAD 338047784807
BAD 338294214211
BAD 338294214221
BAD 338337961069
BAD 338295669599
BAD 338295674293
BAD 338051330671
BAD 338051330677
BAD 338296334437
BAD 338296372753
BAD 338296696999
BAD 338052745913
BAD 338052745963
BAD 338298021181
BAD 338298057871
BAD 338298213511
BAD 338298700837
BAD 338338300879
BAD 338338335079
BAD 338338360771
BAD 338339306869
BAD 338346253237
BAD 338346253253
BAD 338349797251
BAD 338351750089
BAD 338351969341
BAD 338352510571
BAD 338353489321
BAD 338390790781
BAD 338391812663
BAD 338392214077
BAD 338392496489
BAD 338392496501
BAD 338392496503
BAD 338395038769
BAD 338395038799
BAD 338395576591
BAD 338399142359
BAD 338399517023
BAD 338400247891
BAD 338400247919
BAD 338355599243
BAD 338356002379
BAD 338401547717
BAD 338356313137
BAD 338356313161
BAD 338402705239
BAD 338402935999
BAD 338357054257
BAD 338357054281
BAD 338357365603
BAD 338422292113
BAD 338422627027
BAD 338422627031
BAD 338422627033
BAD 338358100261
BAD 338423428949
BAD 338423428951
BAD 338358751673
BAD 338358751681
BAD 338425030861
BAD 338425030883
BAD 338373262369
BAD 338373262373
BAD 338373270143
BAD 338426177671
BAD 338375057477
BAD 338375057479
BAD 338360574743
BAD 338429327749
BAD 338361951547
BAD 338362350853
BAD 338362350869
BAD 338362350871
BAD 338363695099
BAD 338404765763
BAD 338364293237
BAD 338434358971
BAD 338435686873
BAD 338366149273
BAD 338366149309
BAD 338366149313
BAD 338366149339
BAD 338367085447
BAD 338368942229
BAD 338368942231
BAD 338379402083
BAD 338380651969
BAD 338369870957
BAD 338369870959
BAD 338370098239
BAD 338370334283
BAD 338370334333
BAD 338381765753
BAD 338371486829
BAD 338384150567
BAD 338384150569
BAD 338384227003
BAD 338386811473
BAD 338724374617
BAD 338725903673
BAD 338725903699
BAD 338728876669
BAD 338729937527
BAD 338729937529
BAD 338729937589
BAD 338733977611
BAD 338734204621
BAD 338736425273
BAD 338736779617
BAD 338736935881
BAD 338737292813
BAD 338691086759
BAD 338691086761
BAD 338739027007
BAD 338739792179
BAD 338740060129
BAD 338740060133
BAD 338695061183
BAD 338695061197
BAD 338695287521
BAD 338697368549
BAD 338697368551
BAD 338698621111
BAD 338699616691
BAD 338700574427
BAD 338700574441
BAD 338701403801
BAD 338703573499
BAD 338703573503
BAD 338405522047
BAD 338405522071
BAD 338406115237
BAD 338410266583
BAD 338410266587
BAD 338410266589
BAD 338704204477
BAD 338704277861
BAD 338704277869
BAD 338704688923
BAD 338704688939
BAD 338705234971
BAD 338705235067
BAD 338411139901
BAD 338411139907
BAD 338411712757
BAD 338412182753
BAD 338412182789
BAD 338412182821
BAD 338706861827
BAD 338706971963
BAD 338413488691
BAD 338413488703
BAD 338413488727
BAD 338413488739
BAD 338414969371
BAD 338415259333
BAD 338420672717
BAD 338522870603
BAD 338420672719
BAD 338420672731
BAD 338420672743
BAD 338523716033
BAD 338525398789
BAD 338525398793
BAD 338526148111
BAD 338439330421
BAD 338439330433
BAD 338439942307
BAD 338527258981
BAD 338573218831
BAD 338441761883
BAD 338574695009
BAD 338442345433
BAD 338575022183
BAD 338575022189
BAD 338624154007
BAD 338530382401
BAD 338530382423
BAD 338530382447
BAD 338530423009
BAD 338530423013
BAD 338530423019
BAD 338625274249
BAD 338576170663
BAD 338577033541
BAD 338577033559
BAD 338532780869
BAD 338627172739
BAD 338506611593
BAD 338506611601
BAD 338577733847
BAD 338577733849
BAD 338577733853
BAD 338533073807
BAD 338533204991
BAD 338533204993
BAD 338533282643
BAD 338533282649
BAD 338533282651
BAD 338578189141
BAD 338445433741
BAD 338445439939
BAD 338445511639
BAD 338445511643
BAD 338445563717
BAD 338445563719
BAD 338445563723
BAD 338578658969
BAD 338578658987
BAD 338628335431
BAD 338446649693
BAD 338628536671
BAD 338509525339
BAD 338628872551
BAD 338536456079
BAD 338536456117
BAD 338536828193
BAD 338510510837
BAD 338675075311
BAD 338585466049
BAD 338449102583
BAD 338632458581
BAD 338489384633
BAD 338537865121
BAD 338632458583
BAD 338449163839
BAD 338510621269
BAD 338510621377
BAD 338510673079
BAD 338632858853
BAD 338632858867
BAD 338633356307
BAD 338633356309
BAD 338586530791
BAD 338586530797
BAD 338633629603
BAD 338449779181
BAD 338490523643
BAD 338675568109
BAD 338675568113
BAD 338490679313
BAD 338539028339
BAD 338539028341
BAD 338511777649
BAD 338539281823
BAD 338512372657
BAD 338512372661
BAD 338512372663
BAD 338657576041
BAD 338491606603
BAD 338452012981
BAD 338512372669
BAD 338676594527
BAD 338556409703
BAD 338512638773
BAD 338606893553
BAD 338492279161
BAD 338707603303
BAD 338592812017
BAD 338592890527
BAD 338638350871
BAD 338457813643
BAD 338708021833
BAD 338492983193
BAD 338492983207
BAD 338492983219
BAD 338492983319
BAD 338492983321
BAD 338493175309
BAD 338493175313
BAD 338493190663
BAD 338658799123
BAD 338678930617
BAD 338639809159
BAD 338639809163
BAD 338679035719
BAD 338558859319
BAD 338679382313
BAD 338559387643
BAD 338459651689
BAD 338514925607
BAD 338514925613
BAD 338659787969
BAD 338659787971
BAD 338659846831
BAD 338659846853
BAD 338460297997
BAD 338610222721
BAD 338596035823
BAD 338640404101
BAD 338640404203
BAD 338640404213
BAD 338472932351
BAD 338472932353
BAD 338709835747
BAD 338640552641
BAD 338640552643
BAD 338460894601
BAD 338641023113
BAD 338641023121
BAD 338710354753
BAD 338710354757
BAD 338561089343
BAD 338561089429
BAD 338596911607
BAD 338515856909
BAD 338515856911
BAD 338611518677
BAD 338660814229
BAD 338539682867
BAD 338474407189
BAD 338711081881
BAD 338539682869
BAD 338461977863
BAD 338641551509
BAD 338682771773
BAD 338562047387
BAD 338641551511
BAD 338562047389
BAD 338562047393
BAD 338474471941
BAD 338462280361
BAD 338462316961
BAD 338711714071
BAD 338612194267
BAD 338562845659
BAD 338562845669
BAD 338540673661
BAD 338540673673
BAD 338612577781
BAD 338612577791
BAD 338612577803
BAD 338563184473
BAD 338517275743
BAD 338563258441
BAD 338517310331
BAD 338517310333
BAD 338541322013
BAD 338563645141
BAD 338685060871
BAD 338518250183
BAD 338713117027
BAD 338614260547
BAD 338541322033
BAD 338498466679
BAD 338563647379
BAD 338662421359
BAD 338713190953
BAD 338564436923
BAD 338542698337
BAD 338615807281
BAD 338686524739
BAD 338686524751
BAD 338565446987
BAD 338499331411
BAD 338715054157
BAD 338646460363
BAD 338646460367
BAD 338715271679
BAD 338715302803
BAD 338715302813
BAD 338543681059
BAD 338664823381
BAD 338499932893
BAD 338499932899
BAD 338499932933
BAD 338566355761
BAD 338500152803
BAD 338716845827
BAD 338665702021
BAD 338566436371
BAD 338544581779
BAD 338689005533
BAD 338716845829
BAD 338648317757
BAD 338544581783
BAD 338689005553
BAD 338500152821
BAD 338648317759
BAD 338716845833
BAD 338716845853
BAD 338544583933
BAD 338544583939
BAD 338665794121
BAD 338480977441
BAD 338567059189
BAD 338567059253
BAD 338666751139
BAD 338467709659
BAD 338467709663
BAD 338718173897
BAD 338718173903
BAD 338718264109
BAD 338718264113
BAD 338522140237
BAD 338649940859
BAD 338649940861
BAD 338650011899
BAD 338690390461
BAD 338568642023
BAD 338546377051
BAD 338690390483
BAD 338667675013
BAD 338690390491
BAD 338546377159
BAD 338546377171
BAD 338546377177
BAD 338650067029
BAD 338719413779
BAD 338603397133
BAD 338619703573
BAD 338619703577
BAD 338619703579
BAD 338650630957
BAD 338650630963
BAD 338668421743
BAD 338483044247
BAD 338569682197
BAD 338651069473
BAD 338620305559
BAD 338651232511
BAD 338570105483
BAD 338570198201
BAD 338570573381
BAD 338570573389
BAD 338651875123
BAD 338484168833
BAD 338484168863
BAD 338621418623
BAD 338652422677
BAD 338652422681
BAD 338621701741
BAD 338484548791
BAD 338622243863
BAD 338653370311
BAD 338572176419
BAD 338572176421
BAD 338572177369
BAD 338622855301
BAD 338572547699
BAD 338572547773
BAD 338671537733
BAD 338623177679
BAD 338605984813
BAD 338485948111
BAD 338654062099
BAD 338606036903
BAD 338572989683
BAD 338654218501
BAD 338472172469
BAD 338472172471
BAD 338472172477
BAD 338623453853
BAD 338623453859
BAD 338505953971
BAD 338505953977
BAD 338672900903
BAD 338672900921
BAD 338486950283
BAD 338552667667
BAD 338487932437
BAD 338553791143
BAD 338554244629
BAD 338554247287
BAD 338554247293
BAD 338742439801
BAD 338742712439
BAD 338744450911
BAD 338746085011
BAD 338748706889
BAD 338749169023
BAD 338749169029
BAD 338749475453
BAD 338749566823
BAD 338756358263
BAD 338775206821
BAD 338775969713
BAD 338775969761
BAD 338775983129
BAD 338775983131
BAD 338776258321
BAD 338776317247
BAD 338778483229
BAD 338785115491
BAD 338785115497
BAD 338785669867
BAD 338786422081
BAD 338786475007
BAD 338786475011
BAD 338786697889
BAD 338786697901
BAD 338787964457
BAD 338788408817
BAD 338788408823
BAD 338788408831
BAD 338788493423
BAD 338788493503
BAD 338788845749
BAD 338788845751
BAD 338788845757
BAD 338789811419
BAD 338789811421
BAD 338791146937
BAD 338825110021
BAD 338825110027
BAD 338825110031
BAD 338825110067
BAD 338825110069
BAD 338827653559
BAD 338828119741
BAD 338828900639
BAD 338829603821
BAD 338831860051
BAD 338831893733
BAD 338833384159
BAD 338833384243
BAD 338833723171
BAD 338833750433
BAD 338834092321
BAD 338834356943
BAD 338835699451
BAD 338836732309
BAD 338839813973
BAD 338839813979
BAD 338839813981
BAD 338840429597
BAD 338791926799
BAD 338758478503
BAD 338795081399
BAD 338795081407
BAD 338795443453
BAD 338795669659
BAD 338795966657
BAD 338795966671
BAD 338796603289
BAD 338796603293
BAD 338761617391
BAD 338762342777
BAD 338762342783
BAD 338799543557
BAD 338799543559
BAD 338799998219
BAD 338802810659
BAD 338803209991
BAD 338804751683
BAD 338804876959
BAD 338768076443
BAD 338805280943
BAD 338809245769
BAD 338770497313
BAD 338805923513
BAD 338806453889
BAD 338806453891
BAD 338809995919
BAD 338772186149
BAD 338773460359
BAD 338773460383
BAD 338773460393
BAD 338773577431
BAD 338773577437
BAD 338812984421
BAD 338812984423
BAD 338812984501
BAD 338813202227
BAD 338813202229
BAD 338813598059
BAD 338813598061
BAD 338814158201
BAD 338814158213
BAD 338814468079
BAD 338815490603
BAD 338817997321
BAD 338819711341
BAD 338820655673
BAD 338822547709
BAD 338822641823
BAD 338822641831
BAD 338822641841
BAD 338822641847
BAD 338822641849
BAD 338960865083
BAD 338962498759
BAD 338962974253
BAD 338963053511
BAD 338944889977
BAD 338964129083
BAD 338945294249
BAD 338945294251
BAD 338945343931
BAD 338965378069
BAD 338965675603
BAD 338966253973
BAD 338947428797
BAD 338947428811
BAD 338967965059
BAD 338948477831
BAD 338948859779
BAD 338969004263
BAD 338969662817
BAD 338969662819
BAD 338950376981
BAD 338950376983
BAD 338950376987
BAD 338950376993
BAD 338950965973
BAD 338950965979
BAD 338970662047
BAD 338951620019
BAD 338952539533
BAD 338892043363
BAD 338892378079
BAD 338954548133
BAD 338894524897
BAD 338894524909
BAD 338974359739
BAD 338974418689
BAD 338974418719
BAD 338974540847
BAD 338895080899
BAD 338895080911
BAD 338975268421
BAD 338975590537
BAD 338975590561
BAD 338975590573
BAD 338975747969
BAD 338975747993
BAD 338896521949
BAD 338897176043
BAD 338897176049
BAD 338897367593
BAD 338956669873
BAD 338958973403
BAD 338902820827
BAD 338905043479
BAD 338905043483
BAD 338905043489
BAD 338905470311
BAD 338906583583
BAD 338858792843
BAD 338907397273
BAD 338858792851
BAD 338858870813
BAD 338859696221
BAD 338859696223
BAD 338859696229
BAD 338860756363
BAD 338860756379
BAD 338860756391
BAD 338860756393
BAD 338862516983
BAD 338862885539
BAD 338863240283
BAD 338842946657
BAD 338926783189
BAD 338926783199
BAD 338926783201
BAD 338926783207
BAD 338864125609
BAD 338927156363
BAD 338864388241
BAD 338844391651
BAD 338866521319
BAD 338866521337
BAD 338866521341
BAD 338845847047
BAD 338866960891
BAD 338846220683
BAD 338847021329
BAD 338847041189
BAD 338847041191
BAD 338930905367
BAD 338847171431
BAD 338847171463
BAD 338847171479
BAD 338875152851
BAD 338875152853
BAD 338868403681
BAD 338875412873
BAD 338875412879
BAD 338875412881
BAD 338869110781
BAD 338869297121
BAD 338869492627
BAD 338869492631
BAD 338932468337
BAD 338932468339
BAD 339028244227
BAD 339110329193
BAD 338877016657
BAD 338877016661
BAD 338877016663
BAD 338932976101
BAD 339110712701
BAD 339110712727
BAD 338870280031
BAD 338870474209
BAD 339029898047
BAD 338877993599
BAD 338878071923
BAD 338910046231
BAD 339030382777
BAD 338870806733
BAD 338851243477
BAD 338934834919
BAD 338910046271
BAD 338910046273
BAD 338851243481
BAD 338851243483
BAD 338934834923
BAD 338934834943
BAD 338878088489
BAD 338878088491
BAD 338935353151
BAD 338879024569
BAD 338936564389
BAD 338936566973
BAD 338911258963
BAD 338911258969
BAD 338852799811
BAD 338853226081
BAD 338938016149
BAD 338938470527
BAD 338938583959
BAD 338881246453
BAD 338912529391
BAD 338912683699
BAD 338939428253
BAD 338913083659
BAD 338913083669
BAD 338913083671
BAD 338882082403
BAD 339035746831
BAD 339111601957
BAD 339111735203
BAD 339111735217
BAD 338975827789
BAD 338976250687
BAD 339112926011
BAD 338941985843
BAD 339113438347
BAD 339113438353
BAD 339038045477
BAD 338916081617
BAD 338916081619
BAD 338884822753
BAD 338884822777
BAD 339066644999
BAD 338857379083
BAD 339114080303
BAD 338978498581
BAD 338917094213
BAD 338978593579
BAD 339114448793
BAD 339043591459
BAD 339114571853
BAD 339114571867
BAD 339043735427
BAD 339129942167
BAD 339129942169
BAD 339043911607
BAD 338885840243
BAD 339039611657
BAD 339043911623
BAD 338979391909
BAD 338918084387
BAD 338918084389
BAD 339013154959
BAD 339040069831
BAD 339115851497
BAD 339115851499
BAD 339131304727
BAD 338919060653
BAD 339069043493
BAD 339131847811
BAD 338919543973
BAD 339014743399
BAD 339014743433
BAD 339014743447
BAD 339014743451
BAD 338887923769
BAD 338887923799
BAD 339132120143
BAD 339069938413
BAD 339069938461
BAD 338888517769
BAD 339042227569
BAD 338888617709
BAD 339046234529
BAD 339046234531
BAD 339015470281
BAD 338981937661
BAD 339117196853
BAD 338888851351
BAD 339117196867
BAD 339015486301
BAD 339015486323
BAD 339042669349
BAD 338982214957
BAD 338982319999
BAD 339077198093
BAD 339077198107
BAD 339077198111
BAD 339077198113
BAD 339070894163
BAD 339016455773
BAD 339133557253
BAD 339133557263
BAD 339133557271
BAD 339047134903
BAD 338922175699
BAD 338922175703
BAD 339118225741
BAD 339071829169
BAD 339077692451
BAD 339077692453
BAD 339077692463
BAD 339072122161
BAD 339072133867
BAD 339047558009
BAD 339047558011
BAD 339077797469
BAD 339072150779
BAD 339047558041
BAD 339119056361
BAD 339119056363
BAD 338923427509
BAD 339048328301
BAD 339048328303
BAD 339048328309
BAD 339073001899
BAD 339073001903
BAD 339073001909
BAD 338995419361
BAD 339048627053
BAD 338924555731
BAD 338924555737
BAD 338924555743
BAD 339120347789
BAD 339120347791
BAD 338924747789
BAD 339120454307
BAD 338924828839
BAD 338891879323
BAD 338925146701
BAD 338925194143
BAD 339079815299
BAD 339079815301
BAD 338925409751
BAD 338925433543
BAD 338925433577
BAD 339049304249
BAD 338985771097
BAD 338925433579
BAD 338996633389
BAD 339049468873
BAD 339074457853
BAD 339074457877
BAD 339074669317
BAD 339122360641
BAD 339122360663
BAD 339122360677
BAD 339122360683
BAD 339122519573
BAD 338986620971
BAD 338986621003
BAD 339081236363
BAD 339075299293
BAD 338997789379
BAD 339075631933
BAD 339051016771
BAD 339082356401
BAD 339082501997
BAD 339082501999
BAD 339123997171
BAD 339051528601
BAD 339051528611
BAD 339082572853
BAD 339082572859
BAD 339082572863
BAD 339139424509
BAD 339001369307
BAD 339053441933
BAD 338988112303
BAD 339083810701
BAD 339053441939
BAD 339001369309
BAD 339001369313
BAD 339139424513
BAD 339139424527
BAD 339139424531
BAD 339124591163
BAD 339053467513
BAD 339124737157
BAD 339125001473
BAD 339054080213
BAD 339140248597
BAD 339140248607
BAD 339140248609
BAD 339140248639
BAD 339054399613
BAD 339002249783
BAD 339002867053
BAD 339002867089
BAD 339141580177
BAD 339141580181
BAD 339142065121
BAD 339142177279
BAD 338990719087
BAD 338990719117
BAD 338990719121
BAD 339094849673
BAD 339088193539
BAD 338992275137
BAD 339059679601
BAD 339095706163
BAD 339089213821
BAD 339007462753
BAD 339007462757
BAD 339007462763
BAD 339007462793
BAD 339096894749
BAD 339096894751
BAD 339090463871
BAD 339090493397
BAD 339090657013
BAD 339090657023
BAD 339090909679
BAD 339090909691
BAD 339090909709
BAD 339090909719
BAD 339090909721
BAD 339101888833
BAD 339101888837
BAD 339102157747
BAD 339107631803
BAD 339145038901
BAD 339146977531
BAD 339147556043
BAD 339148659529
BAD 339148659541
BAD 339149311609
BAD 339151616269
BAD 339153414181
BAD 339153802219
BAD 339155000323
BAD 339155546183
BAD 339156835247
BAD 339158190409
BAD 339158985931
BAD 339177634051
BAD 339178059023
BAD 339178307243
BAD 339178307311
BAD 339178607659
BAD 339181254571
BAD 339181540003
BAD 339181540021
BAD 339181540039
BAD 339181540043
BAD 339183644731
BAD 339183646673
BAD 339185489869
BAD 339185489873
BAD 339185489879
BAD 339185489893
BAD 339185862749
BAD 339185862751
BAD 339186192529
BAD 339187516387
BAD 339187516403
BAD 339187614839
BAD 339160559137
BAD 339187614841
BAD 339189024709
BAD 339189095681
BAD 339189095683
BAD 339189095689
BAD 339162526519
BAD 339162526523
BAD 339190061263
BAD 339190061267
BAD 339190319779
BAD 339163681123
BAD 339163681193
BAD 339163681201
BAD 339163681211
BAD 339165174043
BAD 339193320773
BAD 339193523759
BAD 339193523761
BAD 339166426189
BAD 339167734441
BAD 339167734453
BAD 339167883533
BAD 339167883547
BAD 339168905443
BAD 339169701083
BAD 339171950389
BAD 339172972583
BAD 339175716097
BAD 339175716169
BAD 339176466749
BAD 339196520983
BAD 339212409079
BAD 339212409083
BAD 339212658503
BAD 339213147271
BAD 339213371093
BAD 339213371117
BAD 339213431203
BAD 339213431213
BAD 339214177921
BAD 339216129467
BAD 339216240443
BAD 339216400343
BAD 339216400357
BAD 339216400361
BAD 339216400363
BAD 339217303423
BAD 339200040097
BAD 339200040107
BAD 339217677319
BAD 339201673571
BAD 339201673579
BAD 339201673583
BAD 339220198663
BAD 339222577103
BAD 339223252411
BAD 339224094403
BAD 339224094421
BAD 339208385671
BAD 339208591963
BAD 339208635709
BAD 339208635713
BAD 339209931961
BAD 339209996899
BAD 339280386881
BAD 339280386883
BAD 339280386899
BAD 339280386901
BAD 339281014283
BAD 339282032381
BAD 339283052209
BAD 339283491299
BAD 339283512209
BAD 339283512263
BAD 339245447011
BAD 339245447017
BAD 339245447041
BAD 339284850143
BAD 339245644051
BAD 339246721459
BAD 339286959073
BAD 339286959079
BAD 339287346271
BAD 339288161963
BAD 339262748059
BAD 339249684313
BAD 339288906889
BAD 339288906893
BAD 339249861007
BAD 339264415949
BAD 339363542747
BAD 339363542753
BAD 339363676979
BAD 339265014343
BAD 339364515031
BAD 339364515037
BAD 339265366381
BAD 339266717227
BAD 339531327011
BAD 339531327013
BAD 339531327019
BAD 339252951229
BAD 339532483273
BAD 339268801309
BAD 339289155869
BAD 339289155871
BAD 339289529393
BAD 339368371739
BAD 339534025081
BAD 339368667733
BAD 339289866031
BAD 339289894123
BAD 339270204901
BAD 339534772231
BAD 339290761783
BAD 339291692587
BAD 339291692591
BAD 339291692599
BAD 339291889697
BAD 339370880257
BAD 339292145243
BAD 339292390477
BAD 339292390483
BAD 339537387887
BAD 339272890553
BAD 339293324107
BAD 339273178913
BAD 339273178921
BAD 339273178927
BAD 339293994877
BAD 339539008327
BAD 339294072473
BAD 339373625453
BAD 339294340313
BAD 339274708517
BAD 339274708519
BAD 339513863287
BAD 339513863347
BAD 339274716259
BAD 339539762677
BAD 339540407033
BAD 339540506299
BAD 339255148549
BAD 339255148591
BAD 339276356171
BAD 339276356173
BAD 339255455083
BAD 339255455087
BAD 339515827697
BAD 339276925159
BAD 339376028723
BAD 339515827699
BAD 339376512473
BAD 339376512493
BAD 339376512499
BAD 339277588759
BAD 339376658693
BAD 339376658701
BAD 339376658707
BAD 339376658711
BAD 339376658713
BAD 339376658717
BAD 339376658759
BAD 339516583969
BAD 339543489251
BAD 339543489253
BAD 339543526381
BAD 339544986301
BAD 339259666807
BAD 339519391073
BAD 339259980289
BAD 339519491963
BAD 339333001703
BAD 339260996539
BAD 339479449147
BAD 339334657877
BAD 339334979569
BAD 339334998719
BAD 339334998721
BAD 339334998727
BAD 339334998733
BAD 339481088641
BAD 339481088647
BAD 339481338719
BAD 339481542383
BAD 339481542409
BAD 339522693217
BAD 339481684379
BAD 339523714199
BAD 339523714223
BAD 339482894557
BAD 339483035713
BAD 339483035719
BAD 339483035753
BAD 339336232567
BAD 339483215089
BAD 339524674399
BAD 339484099573
BAD 339484099579
BAD 339484099583
BAD 339525935173
BAD 339337256059
BAD 339485206199
BAD 339485206201
BAD 339485206213
BAD 339337578883
BAD 339486195361
BAD 339486195403
BAD 339528603679
BAD 339528603683
BAD 339528603691
BAD 339528800491
BAD 339499140947
BAD 339499140949
BAD 339499140961
BAD 339339286487
BAD 339499182067
BAD 339499182083
BAD 339488643271
BAD 339488643283
BAD 339339581599
BAD 339339581629
BAD 339499788293
BAD 339499788323
BAD 339489750133
BAD 339490382401
BAD 339490867633
BAD 339490867637
BAD 339501178999
BAD 339501179009
BAD 339501179011
BAD 339341022697
BAD 339341022701
BAD 339491418983
BAD 339491418989
BAD 339491418991
BAD 339501952117
BAD 339341436727
BAD 339502329391
BAD 339493384859
BAD 339493384861
BAD 339493384883
BAD 339342458333
BAD 339493729891
BAD 339494485133
BAD 339503859983
BAD 339504087451
BAD 339504087457
BAD 339344053681
BAD 339344155877
BAD 339344346491
BAD 339344346493
BAD 339344449403
BAD 339344795989
BAD 339506537063
BAD 339507305231
BAD 339507305233
BAD 339237208957
BAD 339237208967
BAD 339237208969
BAD 339237467519
BAD 339237467521
BAD 339445627319
BAD 339445627321
BAD 339445627393
BAD 339445627427
BAD 339412810433
BAD 339510003743
BAD 339510003751
BAD 339414105031
BAD 339378681623
BAD 339241678949
BAD 339512048929
BAD 339241697131
BAD 339241697147
BAD 339242686163
BAD 339429971663
BAD 339395263877
BAD 339312201089
BAD 339429971693
BAD 339312201091
BAD 339429971701
BAD 339430115863
BAD 339430684393
BAD 339450051557
BAD 339416179033
BAD 339416179043
BAD 339243737947
BAD 339380971939
BAD 339297734431
BAD 339314070943
BAD 339432382283
BAD 339432525017
BAD 339432525031
BAD 339417929177
BAD 339417929183
BAD 339418136663
BAD 339418136669
BAD 339418136671
BAD 339451401943
BAD 339451402009
BAD 339433512589
BAD 339299520073
BAD 339299520103
BAD 339433810169
BAD 339433810171
BAD 339419308573
BAD 339452179411
BAD 339399090739
BAD 339399090743
BAD 339419569729
BAD 339419569733
BAD 339419569747
BAD 339434497757
BAD 339300299629
BAD 339420113917
BAD 339420310673
BAD 339435236383
BAD 339435236389
BAD 339435236479
BAD 339400122533
BAD 339453672031
BAD 339453907781
BAD 339453907801
BAD 339421493491
BAD 339301818319
BAD 339400891987
BAD 339436639079
BAD 339436639081
BAD 339436639121
BAD 339422339933
BAD 339436639123
BAD 339302147213
BAD 339401144353
BAD 339422339941
BAD 339436639127
BAD 339436639133
BAD 339436639141
BAD 339401144359
BAD 339401144363
BAD 339401144377
BAD 339401144387
BAD 339401144389
BAD 339401144393
BAD 339318371911
BAD 339302392843
BAD 339436935713
BAD 339437291033
BAD 339318822361
BAD 339423358969
BAD 339423358973
BAD 339423358979
BAD 339423358993
BAD 339303283411
BAD 339319136777
BAD 339319261759
BAD 339319261769
BAD 339319261777
BAD 339424067503
BAD 339387234317
BAD 339424265959
BAD 339424265993
BAD 339403161949
BAD 339387426769
BAD 339457318169
BAD 339457582637
BAD 339404154799
BAD 339458093917
BAD 339458093929
BAD 339389330053
BAD 339321838697
BAD 339321838699
BAD 339321838733
BAD 339405758663
BAD 339405758669
BAD 339405758701
BAD 339405758707
BAD 339405758711
BAD 339389990483
BAD 339442395923
BAD 339428725091
BAD 339428725093
BAD 339442952813
BAD 339323464483
BAD 339323464489
BAD 339460515323
BAD 339309509093
BAD 339309594683
BAD 339407583049
BAD 339309921287
BAD 339324205543
BAD 339309921289
BAD 339310002463
BAD 339310039141
BAD 339445339991
BAD 339445339993
BAD 339445339999
BAD 339461672551
BAD 339445555459
BAD 339310711819
BAD 339325077901
BAD 339325077907
BAD 339325077919
BAD 339462344423
BAD 339462344597
BAD 339311349581
BAD 339311349583
BAD 339311349589
BAD 339311349593
BAD 339394001083
BAD 339325685983
BAD 339410365337
BAD 339410365339
BAD 339410455357
BAD 339410455361
BAD 339410729353
BAD 339549280859
BAD 339549936811
BAD 339550265753
BAD 339550951219
BAD 339346599569
BAD 339462679883
BAD 339462679889
BAD 339462679891
BAD 339552639961
BAD 339347794327
BAD 339553136821
BAD 339463967993
BAD 339464355649
BAD 339348825191
BAD 339348825197
BAD 339348825199
BAD 339348933271
BAD 339348933277
BAD 339554226107
BAD 339464822317
BAD 339465079501
BAD 339554792581
BAD 339554833573
BAD 339555201179
BAD 339555201187
BAD 339465664103
BAD 339465664129
BAD 339558929641
BAD 339559564319
BAD 339354423871
BAD 339560115229
BAD 339470457793
BAD 339470506913
BAD 339561436063
BAD 339356616163
BAD 339356781227
BAD 339356956787
BAD 339472717043
BAD 339361009139
BAD 339361009147
BAD 339476001779
BAD 339476020493
BAD 339477342991
BAD 339477839573
BAD 339477985051
BAD 339478148629
BAD 339478148641
BAD 339478907951
BAD 339478907953
BAD 339478907969
BAD 339582236011
BAD 339582899443
BAD 339583748527
BAD 339583884751
BAD 339587299171
BAD 339587299189
BAD 339587888683
BAD 339588493729
BAD 339588694117
BAD 339588822029
BAD 339588822031
BAD 339588822113
BAD 339590156833
BAD 339564236393
BAD 339564674041
BAD 339565102273
BAD 339592308233
BAD 339592931989
BAD 339593203133
BAD 339594252499
BAD 339567333451
BAD 339594527017
BAD 339567527521
BAD 339567589523
BAD 339595992601
BAD 339595992607
BAD 339595992613
BAD 339568925653
BAD 339569291779
BAD 339571424029
BAD 339571566293
BAD 339572768963
BAD 339573938633
BAD 339574163443
BAD 339577117783
BAD 339577117787
BAD 339577117793
BAD 339577557733
BAD 339577966859
BAD 339577966873
BAD 339663911737
BAD 339665974789
BAD 339665974793
BAD 339667430941
BAD 339630692749
BAD 339697262341
BAD 339630911933
BAD 339631392283
BAD 339631392293
BAD 339699241213
BAD 339633178867
BAD 339614181763
BAD 339614181769
BAD 339633764671
BAD 339633764677
BAD 339614686603
BAD 339614686633
BAD 339634373839
BAD 339634500091
BAD 339615849613
BAD 339703216991
BAD 339703217003
BAD 339616405343
BAD 339704121943
BAD 339704270881
BAD 339669104821
BAD 339669599827
BAD 339669599837
BAD 339669788383
BAD 339705595499
BAD 339705595501
BAD 339617519981
BAD 339670554767
BAD 339706053613
BAD 339707006189
BAD 339671920087
BAD 339618891037
BAD 339618891049
BAD 339649730933
BAD 339619149283
BAD 339707669729
BAD 339650458297
BAD 339650838563
BAD 339673257241
BAD 339708407683
BAD 339673723919
BAD 339709065931
BAD 339652006781
BAD 339709477607
BAD 339621006253
BAD 339709477609
BAD 339621006259
BAD 339621006271
BAD 339709700293
BAD 339685764043
BAD 339674816717
BAD 339652624139
BAD 339652624141
BAD 339652624147
BAD 339654502619
BAD 339622818763
BAD 339637454293
BAD 339623162539
BAD 339623162561
BAD 339623162563
BAD 339797953619
BAD 339677723729
BAD 339687400553
BAD 339677723731
BAD 339687693607
BAD 339687693641
BAD 339713586811
BAD 339623415301
BAD 339688871051
BAD 339688871057
BAD 339716412811
BAD 339716536009
BAD 339716536013
BAD 339639686663
BAD 339657273289
BAD 339799855699
BAD 339799855709
BAD 339717045029
BAD 339717104323
BAD 339717104347
BAD 339640468639
BAD 339625864121
BAD 339718252849
BAD 339641794523
BAD 339718403161
BAD 339642002281
BAD 339658819691
BAD 339658819699
BAD 339802566473
BAD 339802566479
BAD 339718824859
BAD 339660521597
BAD 339660521723
BAD 339803120257
BAD 339628661971
BAD 339719348767
BAD 339803581603
BAD 339719651599
BAD 339719651603
BAD 339719651653
BAD 339643414291
BAD 339629162027
BAD 339629162029
BAD 339693206887
BAD 339720060907
BAD 339804087253
BAD 339693347953
BAD 339804613763
BAD 339805195021
BAD 339805195027
BAD 339663299161
BAD 339723041953
BAD 339645845753
BAD 339645845767
BAD 339646238933
BAD 339724080349
BAD 339808210591
BAD 339808210601
BAD 339808210603
BAD 339646540663
BAD 339808529147
BAD 339646540669
BAD 339808529149
BAD 339724661083
BAD 339646540703
BAD 339646666741
BAD 339646666771
BAD 339809238409
BAD 339809238413
BAD 339725722267
BAD 339810598583
BAD 339810598591
BAD 339726196427
BAD 339726196429
BAD 339811183619
BAD 339727199753
BAD 339812183129
BAD 339812183131
BAD 339729003049
BAD 339730003681
BAD 339730085633
BAD 339730468177
BAD 339813599813
BAD 339813601601
BAD 339596921843
BAD 339597444467
BAD 339597444469
BAD 339597910087
BAD 339597910097
BAD 339599166499
BAD 339600931367
BAD 339999981469
BAD 339605596973
BAD 339606665341
BAD 339609513169
BAD 339610036393
BAD 339610036397
BAD 339610036399
BAD 339612444187
BAD 339915514517
BAD 339915791549
BAD 339915791563
BAD 339916239899
BAD 339919165241
BAD 339919165247
BAD 339919238093
BAD 339920782321
BAD 339922845533
BAD 339923481787
BAD 339899794583
BAD 339924898073
BAD 339765652771
BAD 339747656821
BAD 339927311081
BAD 339927311083
BAD 339731223763
BAD 339731223773
BAD 339731223781
BAD 339767004779
BAD 339767004781
BAD 339849507563
BAD 339903063947
BAD 339903063991
BAD 339903064009
BAD 339748615447
BAD 339903520387
BAD 339903552397
BAD 339767621987
BAD 339767621989
BAD 339903992749
BAD 339903992759
BAD 339903992761
BAD 339951872503
BAD 339881817347
BAD 339881817397
BAD 339851390849
BAD 339851390863
BAD 339931058419
BAD 339882479549
BAD 339882479551
BAD 339952855819
BAD 339769777163
BAD 339769777247
BAD 339734497121
BAD 339734497129
BAD 339852622181
BAD 339734552281
BAD 339882985381
BAD 339953492849
BAD 339865387429
BAD 339883566889
BAD 339883566907
BAD 339954205411
BAD 339752043023
BAD 339954645857
BAD 339954645859
BAD 339752303071
BAD 339884133233
BAD 339908354341
BAD 339771767329
BAD 339854885393
BAD 339885093203
BAD 339867470791
BAD 339909454013
BAD 339855721267
BAD 339855721277
BAD 339855721279
BAD 339885783011
BAD 339885783019
BAD 339909951239
BAD 339856240411
BAD 339816400043
BAD 339816400061
BAD 339957494299
BAD 339868660799
BAD 339868660801
BAD 339868749593
BAD 339868799213
BAD 339886731433
BAD 339932256623
BAD 339857023157
BAD 339857023159
BAD 339857023189
BAD 339755411927
BAD 339755411929
BAD 339932483377
BAD 339932483381
BAD 339932483383
BAD 339911320057
BAD 339739502671
BAD 339774194377
BAD 339857398729
BAD 339932613809
BAD 339958534087
BAD 339857653217
BAD 339958696937
BAD 339857681623
BAD 339774729037
BAD 339888616453
BAD 339870392699
BAD 339870392711
BAD 339870392713
BAD 339775259563
BAD 339889358959
BAD 339870857813
BAD 339858947003
BAD 339741118313
BAD 339913066589
BAD 339820204981
BAD 339960345293
BAD 339960345301
BAD 339871546681
BAD 339960345379
BAD 339871557241
BAD 339890483243
BAD 339759176567
BAD 339759176611
BAD 339776659913
BAD 339831739997
BAD 339831739999
BAD 339742602671
BAD 339872466239
BAD 339821967229
BAD 339822320239
BAD 339822455107
BAD 339822455113
BAD 339760310257
BAD 339760549651
BAD 339760549669
BAD 339873101641
BAD 339760626067
BAD 339873137887
BAD 339873137893
BAD 339761046353
BAD 339761046397
BAD 339833401643
BAD 339833401793
BAD 339833401813
BAD 339777976639
BAD 339936447971
BAD 339936447973
BAD 339743854561
BAD 339833764603
BAD 339873959471
BAD 339834051913
BAD 339834051917
BAD 339834051919
BAD 339834051923
BAD 339762159721
BAD 339862627099
BAD 339862674131
BAD 339778894639
BAD 339894518153
BAD 339778894657
BAD 339762584897
BAD 339762584899
BAD 339762708889
BAD 339762708919
BAD 339762708937
BAD 339779038289
BAD 339875145481
BAD 339762890993
BAD 339824704711
BAD 339824704717
BAD 339963666197
BAD 339963666199
BAD 339963666233
BAD 339963666283
BAD 339875740493
BAD 339963837859
BAD 339963892633
BAD 339763593439
BAD 339763593443
BAD 339963892637
BAD 339779843363
BAD 339836254993
BAD 339863985037
BAD 339876698891
BAD 339876698893
BAD 339896953321
BAD 339837510599
BAD 339837510601
BAD 339965004557
BAD 339965004559
BAD 339939361961
BAD 339939361963
BAD 339897935693
BAD 339827602087
BAD 339940571371
BAD 339839316163
BAD 339839352571
BAD 339880002587
BAD 339880002589
BAD 339880491833
BAD 339828948469
BAD 339880915973
BAD 339829394753
BAD 339829394767
BAD 339829394777
BAD 339829428331
BAD 339829533559
BAD 339841464971
BAD 339841464973
BAD 339943265119
BAD 339829956967
BAD 339842101103
BAD 339830354999
BAD 339830355001
BAD 339944066359
BAD 339944066389
BAD 339944066393
BAD 339944066401
BAD 339842300647
BAD 339842300653
BAD 339842470661
BAD 339842470663
BAD 339944449699
BAD 339843255991
BAD 339843256003
BAD 339843763799
BAD 339843763801
BAD 339845031023
BAD 339845265961
BAD 339845754049
BAD 339947899793
BAD 339847304063
BAD 339848026759
BAD 339783436471
BAD 339783436481
BAD 339783436483
BAD 339783966943
BAD 339784794763
BAD 339784794799
BAD 339786305941
BAD 339786330623
BAD 339788530493
BAD 339790121329
BAD 339791312513
BAD 339791312527
BAD 339795218647
BAD 339982679089
BAD 339982679093
BAD 339983212997
BAD 339983212999
BAD 339983749019
BAD 339985379353
BAD 339986803771
BAD 339987019051
BAD 339989590483
BAD 339989590489
BAD 339990242219
BAD 339992340049
BAD 339992340073
BAD 339993989059
BAD 339994228103
BAD 339994228111
BAD 339996054361
BAD 339997147837
BAD 339997147913
BAD 339997499299
BAD 339997628953
BAD 339997628963
BAD 339998407433
BAD 339966900487
BAD 339967708403
BAD 339969865673
BAD 339976357579
BAD 339976357583
BAD 339980259449
RANGE 330000000000 340000000000 PRIMES 376824587 BAD 10670
