BAD 450304871707
BAD 450304871719
BAD 450018296711
BAD 450251994323
BAD 450307062763
BAD 450307590097
BAD 450308407723
BAD 450001974551
BAD 450020956321
BAD 450003384713
BAD 450004300079
BAD 450255087323
BAD 450255087329
BAD 450007101143
BAD 450007101157
BAD 450007101169
BAD 450025068631
BAD 450321911911
BAD 450321911917
BAD 450008359081
BAD 450026608403
BAD 450322881691
BAD 450028099799
BAD 450323824591
BAD 450206120911
BAD 450324459017
BAD 450312815891
BAD 450207884603
BAD 450262729339
BAD 450313630861
BAD 450013907383
BAD 450013907419
BAD 450315418537
BAD 450315418561
BAD 450014477779
BAD 450327884131
BAD 450327940723
BAD 450327940729
BAD 450015698843
BAD 450211918861
BAD 450211918873
BAD 450016608649
BAD 450212406421
BAD 450316792007
BAD 450317102177
BAD 450318228443
BAD 450318228449
BAD 450318228457
BAD 450318375449
BAD 450215122603
BAD 450215122607
BAD 450215624011
BAD 450215624029
BAD 450216347327
BAD 450216347353
BAD 450216347363
BAD 450216347369
BAD 450034091203
BAD 450169251463
BAD 450169392493
BAD 450169392503
BAD 450184773211
BAD 450037193107
BAD 450050578931
BAD 450050578933
BAD 450037193113
BAD 450050781689
BAD 450037495253
BAD 450170247077
BAD 450170247083
BAD 450170380721
BAD 450073803259
BAD 450073803301
BAD 450073803337
BAD 450074251273
BAD 450052027393
BAD 450074475821
BAD 450286043213
BAD 450171772879
BAD 450187810253
BAD 450039363931
BAD 450188429329
BAD 450188429443
BAD 450076448123
BAD 450053912281
BAD 450040175743
BAD 450076743397
BAD 450054276487
BAD 450337090123
BAD 450337090127
BAD 450337090129
BAD 450288196363
BAD 450337090193
BAD 450078225463
BAD 450173387371
BAD 450370799101
BAD 450173387383
BAD 450056552527
BAD 450042967481
BAD 450042967483
BAD 450042967499
BAD 450042967501
BAD 450173985533
BAD 450043459763
BAD 450043459769
BAD 450043459771
BAD 450192050201
BAD 450192050221
BAD 450339017213
BAD 450339017221
BAD 450339017237
BAD 450080136119
BAD 450080136157
BAD 450058394437
BAD 450339561323
BAD 450373285331
BAD 450373285343
BAD 450059493913
BAD 450194195779
BAD 450060417229
BAD 450177699919
BAD 450341625043
BAD 450047629561
BAD 450375549133
BAD 450341625047
BAD 450292940453
BAD 450341625049
BAD 450341625053
BAD 450292940473
BAD 450341827031
BAD 450196691107
BAD 450293130121
BAD 450293130127
BAD 450293343959
BAD 450293343961
BAD 450293427193
BAD 450048292703
BAD 450376471579
BAD 450049099987
BAD 450049414741
BAD 450049414747
BAD 450179816501
BAD 450179816503
BAD 450198892823
BAD 450378165703
BAD 450378491551
BAD 450378491557
BAD 450344932159
BAD 450296035187
BAD 450345597953
BAD 450345597971
BAD 450200550367
BAD 450181969487
BAD 450345597973
BAD 450200550383
BAD 450298162049
BAD 450298162051
BAD 450383258077
BAD 450383593069
BAD 450348858781
BAD 450384582931
BAD 450351153547
BAD 450351439673
BAD 450218256227
BAD 450220700627
BAD 450220854157
BAD 450352966253
BAD 450355530721
BAD 450233219803
BAD 450357175361
BAD 450357175363
BAD 450362818471
BAD 450364074913
BAD 450388716619
BAD 450392412997
BAD 450394260101
BAD 450394260103
BAD 450394260109
BAD 450237148507
BAD 450273934973
BAD 450085712149
BAD 450135266701
BAD 450275107487
BAD 450275107489
BAD 450396710107
BAD 450136889353
BAD 450136889357
BAD 450136889359
BAD 450137571487
BAD 450138070643
BAD 450239638973
BAD 450087793819
BAD 450087793823
BAD 450118032751
BAD 450278168671
BAD 450152705921
BAD 450152705923
BAD 450242409481
BAD 450153008323
BAD 450153008329
BAD 450278539903
BAD 450119546753
BAD 450279403201
BAD 450280879943
BAD 450280879957
BAD 450090091357
BAD 450090091369
BAD 450122140483
BAD 450122228779
BAD 450144730853
BAD 450156986333
BAD 450106925461
BAD 450246153821
BAD 450106925509
BAD 450156986339
BAD 450156986351
BAD 450156986353
BAD 450246153823
BAD 450124088221
BAD 450146862653
BAD 450246612623
BAD 450157548187
BAD 450157548193
BAD 450093549197
BAD 450157758901
BAD 450158179483
BAD 450158179489
BAD 450158179567
BAD 450158319671
BAD 450158319673
BAD 450094509919
BAD 450094688809
BAD 450109098893
BAD 450109098899
BAD 450127313809
BAD 450127313813
BAD 450160960339
BAD 450097196363
BAD 450097196377
BAD 450097196389
BAD 450161955293
BAD 450162267077
BAD 450098893159
BAD 450113104037
BAD 450163947523
BAD 450115141643
BAD 450166318001
BAD 450166318003
BAD 450133174643
BAD 450167552413
BAD 450167552423
BAD 450470002757
BAD 450440749771
BAD 450442084093
BAD 450471894449
BAD 450471894451
BAD 450471894469
BAD 450471894473
BAD 450442273531
BAD 450486884791
BAD 450473951467
BAD 450489158201
BAD 450492751493
BAD 450493323089
BAD 450494756617
BAD 450494756623
BAD 450494788651
BAD 450494788657
BAD 450494788661
BAD 450482005357
BAD 450498228043
BAD 450498393593
BAD 450498393599
BAD 450498393613
BAD 450486487123
BAD 450404725913
BAD 450404725919
BAD 450404725921
BAD 450502566431
BAD 450502566433
BAD 450409830917
BAD 450409830919
BAD 450410232799
BAD 450411370009
BAD 450411370021
BAD 450411605393
BAD 450412977907
BAD 450418380793
BAD 450638216603
BAD 450640517927
BAD 450641353243
BAD 450646405801
BAD 450648963931
BAD 450653253343
BAD 450421362791
BAD 450557572771
BAD 450558179177
BAD 450453295367
BAD 450423754327
BAD 450423754331
BAD 450505060661
BAD 450591924283
BAD 450591924353
BAD 450455952953
BAD 450521376793
BAD 450521541331
BAD 450521541343
BAD 450457003729
BAD 450457003771
BAD 450506885617
BAD 450424904563
BAD 450594101899
BAD 450606663053
BAD 450561976297
BAD 450561976301
BAD 450574431163
BAD 450574741963
BAD 450608373811
BAD 450525173521
BAD 450525173543
BAD 450525331813
BAD 450525331831
BAD 450525331843
BAD 450596764999
BAD 450426799891
BAD 450460565393
BAD 450576355883
BAD 450427124473
BAD 450427174297
BAD 450509185201
BAD 450526540183
BAD 450610781449
BAD 450428180317
BAD 450538053509
BAD 450428807083
BAD 450527877103
BAD 450527877119
BAD 450463295761
BAD 450511517153
BAD 450511517173
BAD 450511517179
BAD 450511517189
BAD 450511517191
BAD 450463352099
BAD 450538916371
BAD 450429425113
BAD 450539267687
BAD 450539267701
BAD 450529519879
BAD 450529519883
BAD 450613196653
BAD 450613284497
BAD 450613440383
BAD 450530033231
BAD 450613440391
BAD 450465108019
BAD 450465108031
BAD 450513490519
BAD 450513490523
BAD 450614176021
BAD 450541711573
BAD 450465993667
BAD 450465993673
BAD 450430969327
BAD 450430969333
BAD 450581966837
BAD 450581966839
BAD 450515103067
BAD 450532016573
BAD 450583552999
BAD 450616132441
BAD 450516694037
BAD 450516694039
BAD 450616867609
BAD 450533797433
BAD 450616964299
BAD 450585029827
BAD 450602185531
BAD 450602185541
BAD 450602185543
BAD 450517969973
BAD 450618072811
BAD 450535006939
BAD 450618308927
BAD 450518920583
BAD 450518920619
BAD 450535993291
BAD 450547146227
BAD 450547146229
BAD 450519837343
BAD 450620018389
BAD 450620018393
BAD 450547826119
BAD 450547826123
BAD 450436034107
BAD 450549879289
BAD 450550868771
BAD 450550868773
BAD 450551323099
BAD 450626442919
BAD 450742030051
BAD 450627799201
BAD 450552782003
BAD 450750069751
BAD 450753347609
BAD 450753991249
BAD 450753991253
BAD 450754093969
BAD 450754741849
BAD 450656728567
BAD 450664519609
BAD 450665505691
BAD 450771928883
BAD 450771928967
BAD 450771928969
BAD 450772142603
BAD 450667827241
BAD 450667827283
BAD 450667978171
BAD 450777148123
BAD 450688335301
BAD 450688335313
BAD 450688394671
BAD 450779042167
BAD 450779042183
BAD 450781465819
BAD 450691394893
BAD 450672637637
BAD 450672637643
BAD 450726766753
BAD 450783604651
BAD 450790021727
BAD 450790021729
BAD 450790021733
BAD 450790021741
BAD 450674966761
BAD 450728128099
BAD 450785393587
BAD 450676505647
BAD 450786748043
BAD 450788183243
BAD 450677890163
BAD 450692210341
BAD 450706235209
BAD 450732548159
BAD 450760994273
BAD 450794916361
BAD 450761048329
BAD 450761048333
BAD 450762186503
BAD 450680483273
BAD 450762575051
BAD 450708560251
BAD 450762575077
BAD 450762575101
BAD 450762575119
BAD 450797242631
BAD 450797242633
BAD 450797242639
BAD 450797242661
BAD 450797242733
BAD 450798175987
BAD 450764578777
BAD 450682521169
BAD 450682521173
BAD 450682521181
BAD 450682521187
BAD 450682879681
BAD 450682879687
BAD 450712013419
BAD 450712013447
BAD 450765995593
BAD 450765995597
BAD 450765995599
BAD 450799827229
BAD 450699171421
BAD 450685034693
BAD 450801698063
BAD 450801757291
BAD 450769984607
BAD 450716696453
BAD 450717067417
BAD 450804304969
BAD 450718054537
BAD 450718054541
BAD 450823288313
BAD 450824127877
BAD 450828968143
BAD 450828968147
BAD 450828968153
BAD 450830116579
BAD 450830770417
BAD 450832449751
BAD 450833099813
BAD 450833099831
BAD 450833099833
BAD 450833099837
BAD 450833099839
BAD 450833099881
BAD 450834196411
BAD 450835116643
BAD 450835538977
BAD 450838799141
BAD 450838799143
BAD 450806585171
BAD 450811123003
BAD 450860401909
BAD 450861873409
BAD 450861892489
BAD 450861892493
BAD 450862256153
BAD 450838974071
BAD 450838974073
BAD 450813528961
BAD 450814353191
BAD 450814353193
BAD 450840671389
BAD 450840671399
BAD 450869367107
BAD 450869367133
BAD 450869367139
BAD 450869367163
BAD 450869571253
BAD 450869571259
BAD 450869571263
BAD 450843673187
BAD 450843673193
BAD 450818561587
BAD 450845122207
BAD 450847463333
BAD 450847512649
BAD 450851513341
BAD 450855456943
BAD 450855456949
BAD 450973349381
BAD 450973349383
BAD 450975488267
BAD 450978241429
BAD 450979919063
BAD 450979989181
BAD 450980142149
BAD 450980221073
BAD 450984794179
BAD 450985728803
BAD 451023972473
BAD 451023972479
BAD 450986325863
BAD 450941154017
BAD 451029987943
BAD 451030126139
BAD 451030126153
BAD 451074090967
BAD 451032116939
BAD 450944132819
BAD 451076836087
BAD 450944993803
BAD 450944993809
BAD 450944993813
BAD 451077055733
BAD 451077392179
BAD 450945489937
BAD 450946495231
BAD 450946980719
BAD 450946980721
BAD 451079557681
BAD 450872919883
BAD 450874054399
BAD 451039291069
BAD 451039679743
BAD 451039679749
BAD 450876351449
BAD 450876351451
BAD 451191845339
BAD 451191845341
BAD 450878112809
BAD 450952936207
BAD 451193948519
BAD 451193948521
BAD 450954875843
BAD 451196716613
BAD 450880966519
BAD 451197087307
BAD 451197087311
BAD 451006875049
BAD 451089281821
BAD 450883289501
BAD 450883289503
BAD 451089762751
BAD 451089762779
BAD 450884273663
BAD 450884316587
BAD 450884316601
BAD 450884556853
BAD 450885028249
BAD 451010353403
BAD 451200449611
BAD 451011019489
BAD 450887196107
BAD 451202455621
BAD 451013403199
BAD 450888725401
BAD 450888725411
BAD 451204668857
BAD 451015690141
BAD 450893799443
BAD 451022140213
BAD 450896232893
BAD 450925832633
BAD 450925832639
BAD 450926186569
BAD 450926225447
BAD 450926225473
BAD 450926617517
BAD 450927006589
BAD 450928825163
BAD 450931841309
BAD 450931841329
BAD 450931841341
BAD 450994289761
BAD 450933708229
BAD 450903919897
BAD 450904420303
BAD 450996761129
BAD 450997885243
BAD 450997885253
BAD 450998375353
BAD 450998375357
BAD 450998582249
BAD 450906505561
BAD 451001157259
BAD 451001678563
BAD 451003205399
BAD 450908656501
BAD 450908903251
BAD 450908903311
BAD 451006426361
BAD 451006426363
BAD 450912292223
BAD 451094842217
BAD 450913846081
BAD 451096832587
BAD 451097275319
BAD 451097275327
BAD 451097275333
BAD 451097275337
BAD 451100022533
BAD 451100121391
BAD 451100226433
BAD 451040788619
BAD 451040788621
BAD 451042862899
BAD 451042862929
BAD 451105457923
BAD 451105457927
BAD 451105497383
BAD 451046381189
BAD 451160875283
BAD 451047639083
BAD 451163384677
BAD 451050717731
BAD 451052413423
BAD 451061245211
BAD 451061245213
BAD 451167763679
BAD 451175278181
BAD 451167763681
BAD 451061360863
BAD 451061645029
BAD 451062051499
BAD 451168825903
BAD 451124193931
BAD 451124193937
BAD 451124193953
BAD 451124193959
BAD 451126461503
BAD 451171437397
BAD 451065958669
BAD 451172555761
BAD 451174090793
BAD 451129016537
BAD 451129016539
BAD 451180775033
BAD 451069002001
BAD 451131842543
BAD 451185163153
BAD 451185518551
BAD 451185518569
BAD 451185518573
BAD 451073097203
BAD 451133942933
BAD 451186669753
BAD 451186669757
BAD 451139162869
BAD 451140964777
BAD 451140964783
BAD 451140964831
BAD 451140964837
BAD 451150141381
BAD 451150402037
BAD 451150402039
BAD 451151175389
BAD 451151225587
BAD 451151349839
BAD 451151349841
BAD 451151521297
BAD 451154847083
BAD 451155696301
BAD 450956473571
BAD 450956473573
BAD 450957036841
BAD 450957036863
BAD 450957882307
BAD 450958496581
BAD 450958788409
BAD 450959043373
BAD 450959655931
BAD 450962093597
BAD 450962093599
BAD 450966786511
BAD 450968497171
BAD 450969791711
BAD 450971868359
BAD 450972542179
BAD 450972593971
BAD 451108658911
BAD 451109783827
BAD 451110162541
BAD 451116212273
BAD 451117867327
BAD 451118714869
BAD 451209562387
BAD 451209562393
BAD 451215969983
BAD 451216721471
BAD 451218451087
BAD 451218451109
BAD 451218451111
BAD 451218803701
BAD 451222163011
BAD 451222163017
BAD 451260990769
BAD 451264437233
BAD 451265688331
BAD 451265978633
BAD 451265978641
BAD 451269961741
BAD 451270708673
BAD 451273329503
BAD 451224811931
BAD 451225079033
BAD 451225145407
BAD 451225145411
BAD 451230256651
BAD 451233088939
BAD 451234030283
BAD 451234030297
BAD 451234066489
BAD 451276836121
BAD 451238904527
BAD 451242207931
BAD 451242207953
BAD 451242222961
BAD 451242222973
BAD 451282193213
BAD 451242521593
BAD 451283586781
BAD 451244249867
BAD 451244686609
BAD 451244750659
BAD 451245234383
BAD 451285096201
BAD 451245396829
BAD 451285788859
BAD 451285788893
BAD 451247643863
BAD 451287117173
BAD 451287305057
BAD 451287337321
BAD 451325535383
BAD 451326815627
BAD 451328534179
BAD 451310181859
BAD 451310181863
BAD 451252388161
BAD 451331692699
BAD 451331813459
BAD 451331813461
BAD 451332139939
BAD 451311998413
BAD 451311998443
BAD 451333424329
BAD 451312363823
BAD 451255168649
BAD 451335724603
BAD 451314387383
BAD 451314387389
BAD 451314387421
BAD 451314387427
BAD 451315422269
BAD 451316511329
BAD 451337943157
BAD 451460682833
BAD 451460682839
BAD 451461594803
BAD 451461649831
BAD 451467304891
BAD 451467304901
BAD 451467304909
BAD 451471613969
BAD 451474079971
BAD 451292308793
BAD 451293233011
BAD 451297312819
BAD 451297524323
BAD 451300365427
BAD 451300365431
BAD 451300553567
BAD 451511956543
BAD 451517137231
BAD 451517137237
BAD 451517137241
BAD 451517137243
BAD 451517308223
BAD 451376785261
BAD 451376785267
BAD 451523000833
BAD 451523308409
BAD 451377906047
BAD 451377906053
BAD 451523910823
BAD 451378565461
BAD 451378898801
BAD 451378898833
BAD 451378898857
BAD 451379843543
BAD 451525524631
BAD 451381680721
BAD 451388571811
BAD 451390831279
BAD 451390853219
BAD 451390853237
BAD 451390853239
BAD 451391180059
BAD 451392122407
BAD 451426995269
BAD 451393694449
BAD 451345169047
BAD 451346018293
BAD 451428288833
BAD 451428288841
BAD 451428288853
BAD 451428288869
BAD 451395858547
BAD 451428961043
BAD 451430483941
BAD 451359447949
BAD 451359447953
BAD 451348979233
BAD 451401341257
BAD 451362170803
BAD 451350223913
BAD 451350223921
BAD 451350223931
BAD 451442891849
BAD 451350542017
BAD 451350542021
BAD 451350542023
BAD 451443240683
BAD 451443240691
BAD 451363268371
BAD 451402982029
BAD 451402982033
BAD 451402982077
BAD 451402982083
BAD 451443727649
BAD 451402982101
BAD 451351559111
BAD 451413976183
BAD 451413976201
BAD 451413976207
BAD 451438071541
BAD 451414301521
BAD 451438312783
BAD 451353183797
BAD 451404953239
BAD 451438728359
BAD 451414907791
BAD 451368936259
BAD 451368936287
BAD 451368936289
BAD 451368936313
BAD 451354461983
BAD 451415533241
BAD 451415533243
BAD 451415533253
BAD 451415533273
BAD 451415533277
BAD 451415533279
BAD 451439585573
BAD 451439585579
BAD 451439585581
BAD 451369371307
BAD 451369371311
BAD 451369440229
BAD 451544040457
BAD 451355816011
BAD 451406812447
BAD 451355816017
BAD 451355816027
BAD 451446949847
BAD 451369751629
BAD 451369751633
BAD 451418342377
BAD 451418342381
BAD 451418342383
BAD 451418342387
BAD 451370239433
BAD 451356998513
BAD 451448343473
BAD 451477316473
BAD 451408237561
BAD 451545310387
BAD 451419267967
BAD 451408940783
BAD 451450641739
BAD 451450641743
BAD 451479361303
BAD 451479691813
BAD 451451843881
BAD 451453206979
BAD 451454726893
BAD 451424470439
BAD 451425477799
BAD 451456730759
BAD 451456730761
BAD 451484700371
BAD 451484700397
BAD 451458604141
BAD 451553935891
BAD 451485750517
BAD 451485750523
BAD 451485750533
BAD 451487401097
BAD 451488141037
BAD 451489027579
BAD 451489027589
BAD 451489946933
BAD 451489961959
BAD 451491195679
BAD 451491522371
BAD 451491522373
BAD 451564216687
BAD 451565701801
BAD 451571144911
BAD 451572675581
BAD 451572675583
BAD 451576354459
BAD 451533524521
BAD 451493937911
BAD 451493937913
BAD 451493937919
BAD 451577177573
BAD 451577177581
BAD 451494605851
BAD 451494605857
BAD 451577882227
BAD 451577882233
BAD 451577882243
BAD 451580916541
BAD 451583128657
BAD 451540990751
BAD 451501017599
BAD 451501059109
BAD 451501678729
BAD 451542955189
BAD 451589561791
BAD 451590716543
BAD 451591726099
BAD 451505162687
BAD 451592400241
BAD 451592400247
BAD 451592400251
BAD 451592494687
BAD 451505921459
BAD 451508292247
BAD 451508292271
BAD 451611061523
BAD 451612535303
BAD 451613828723
BAD 451615389557
BAD 451615389559
BAD 451615797239
BAD 451616503669
BAD 451616503699
BAD 451618016807
BAD 451595960779
BAD 451598560969
BAD 451620129353
BAD 451602971371
BAD 451602971383
BAD 451602971387
BAD 451602971389
BAD 451610165459
BAD 451626332057
BAD 451629077539
BAD 451630425349
BAD 451634536621
BAD 451636687577
BAD 451638211741
BAD 451641421943
BAD 451641421951
BAD 451663655089
BAD 451666007743
BAD 451666859179
BAD 451667089703
BAD 451680946271
BAD 451672524859
BAD 451682937499
BAD 451682937721
BAD 451673476547
BAD 451673476549
BAD 451673488729
BAD 451683145751
BAD 451676796299
BAD 451676796301
BAD 451676796313
BAD 451688539369
BAD 451688539373
BAD 451691605639
BAD 451717986277
BAD 451719808627
BAD 451720257451
BAD 451720867421
BAD 451726799809
BAD 451729523743
BAD 451729523747
BAD 451729523753
BAD 451730704609
BAD 451648912331
BAD 451648912333
BAD 451649996449
BAD 451649996453
BAD 451652889691
BAD 451657318051
BAD 451738622611
BAD 451739391391
BAD 451658651377
BAD 451740076147
BAD 451658777467
BAD 451658777483
BAD 451696866769
BAD 451696866773
BAD 451696866779
BAD 451696866781
BAD 451660749301
BAD 451660908409
BAD 451742812819
BAD 451743298373
BAD 451699338697
BAD 451700529361
BAD 451701017563
BAD 451701065219
BAD 451701065269
BAD 451703537339
BAD 451704138007
BAD 451705687981
BAD 451705687987
BAD 451706985973
BAD 451707162391
BAD 451710885781
BAD 451747277659
BAD 451748003041
BAD 451771449491
BAD 451749551719
BAD 451749551723
BAD 451749762427
BAD 451749877949
BAD 451749877951
BAD 451751044343
BAD 451751850721
BAD 451776331613
BAD 451776331619
BAD 451776331621
BAD 451755173689
BAD 451776939043
BAD 451797595729
BAD 451759534873
BAD 451799347543
BAD 451799347577
BAD 451799347579
BAD 451801135243
BAD 451801135249
BAD 451802831539
BAD 451803396067
BAD 451803743431
BAD 451804743077
BAD 451804743079
BAD 451804743083
BAD 451804954673
BAD 451920318853
BAD 451920814393
BAD 451949827183
BAD 451955654539
BAD 451958239591
BAD 451962200749
BAD 451962334027
BAD 451962645019
BAD 451962645023
BAD 451880000087
BAD 451883752217
BAD 451884110779
BAD 451889891659
BAD 451890963371
BAD 451890963373
BAD 451892358271
BAD 451778799019
BAD 451815300187
BAD 451829089013
BAD 451829089039
BAD 451893186029
BAD 451847904841
BAD 451847904847
BAD 451847904853
BAD 451831608143
BAD 451831841213
BAD 451832196451
BAD 451848573479
BAD 451782593347
BAD 451782705001
BAD 451782705007
BAD 451782705019
BAD 451929396049
BAD 451929396067
BAD 451833786317
BAD 451833786319
BAD 451784795359
BAD 451784795369
BAD 451821877783
BAD 451822196359
BAD 451835536447
BAD 451835661163
BAD 451822734991
BAD 451852727413
BAD 451823502569
BAD 451932439297
BAD 451854293003
BAD 451854293017
BAD 451865887331
BAD 451837657261
BAD 451838062957
BAD 451788328811
BAD 451788328813
BAD 451855447891
BAD 451825278811
BAD 451789389911
BAD 451789389913
BAD 451789389943
BAD 451839619613
BAD 451839619639
BAD 451839619643
BAD 451839735143
BAD 451964599607
BAD 451965457213
BAD 451965464479
BAD 451965464501
BAD 451936670069
BAD 451936670071
BAD 451965939923
BAD 451828457813
BAD 451967539567
BAD 451859126993
BAD 451793731141
BAD 451793859217
BAD 451870910857
BAD 451794070969
BAD 451845043163
BAD 451968746239
BAD 451859997041
BAD 451871697913
BAD 451897783501
BAD 451968746323
BAD 451859997049
BAD 451871697931
BAD 451859997053
BAD 451897890449
BAD 451897890469
BAD 451897890473
BAD 451794335269
BAD 451941039829
BAD 451969772173
BAD 451861103609
BAD 451861103611
BAD 451899296423
BAD 451900232809
BAD 451900232813
BAD 451971839093
BAD 451971839101
BAD 451945772093
BAD 451905643459
BAD 451878037489
BAD 451878037511
BAD 451907034253
BAD 451907034263
BAD 451978575511
BAD 451909042121
BAD 451981042699
BAD 451981484417
BAD 451981484419
BAD 451982104963
BAD 451982104967
BAD 451982104969
BAD 451984527751
BAD 451985002793
BAD 451987646339
BAD 452000415323
BAD 452000634803
BAD 452001130891
BAD 451991540603
BAD 451991540617
BAD 451991540639
BAD 451991540641
BAD 452005359233
BAD 451992824219
BAD 451992824221
BAD 452005904891
BAD 452005904893
BAD 452005904899
BAD 452007896477
BAD 452008061807
BAD 452012903323
BAD 452012903339
BAD 452012903341
BAD 452012903347
BAD 452013009053
BAD 452019135479
BAD 452019135481
BAD 452019863839
BAD 452019863843
BAD 452019863899
BAD 452021647879
BAD 452021978539
BAD 452021985391
BAD 452025941977
BAD 452027084573
BAD 452027084581
BAD 452027084611
BAD 452028756359
BAD 452029201201
BAD 452029201207
BAD 452031195409
BAD 452031959389
BAD 452032372837
BAD 452032559623
BAD 452033034547
BAD 452033034553
BAD 452033034559
BAD 452033419639
BAD 452034145531
BAD 452036104763
BAD 452036104837
BAD 452038951549
BAD 452039778829
BAD 452040570061
BAD 452040570077
BAD 452043745477
BAD 452043812783
BAD 452063814157
BAD 452081923231
BAD 452066564461
BAD 452067743069
BAD 452068056529
BAD 452068303243
BAD 452068482161
BAD 452068482163
BAD 452068482199
BAD 452089552897
BAD 452089552903
BAD 452075504627
BAD 452091161213
BAD 452096915033
BAD 452049204427
BAD 452049204433
BAD 452049204461
BAD 452051702393
BAD 452054560651
BAD 452056561147
BAD 452057690933
BAD 452059303781
BAD 452059303783
BAD 452059303789
BAD 452061152131
BAD 452149960711
BAD 452164420093
BAD 452153431151
BAD 452153431153
BAD 452154228923
BAD 452168769061
BAD 452168778133
BAD 452154803119
BAD 452170458671
BAD 452170458673
BAD 452157220523
BAD 452172329533
BAD 452172329537
BAD 452172447499
BAD 452172936469
BAD 452172936473
BAD 452161259681
BAD 452161259689
BAD 452198703491
BAD 452198703493
BAD 452198703499
BAD 452198703503
BAD 452162108227
BAD 452162108239
BAD 452115570703
BAD 452099475361
BAD 452116681343
BAD 452100436441
BAD 452100436453
BAD 452185992007
BAD 452100771383
BAD 452118498427
BAD 452204647439
BAD 452204647441
BAD 452204647459
BAD 452120312747
BAD 452204647463
BAD 452103351871
BAD 452204647469
BAD 452204647471
BAD 452121684373
BAD 452121684379
BAD 452191462343
BAD 452206261387
BAD 452104788391
BAD 452192050501
BAD 452206555631
BAD 452192565833
BAD 452124781463
BAD 452124781481
BAD 452124781483
BAD 452208343231
BAD 452208876683
BAD 452107722893
BAD 452128422607
BAD 452197338683
BAD 452108835649
BAD 452108835653
BAD 452209800149
BAD 452209810333
BAD 452209810337
BAD 452210825959
BAD 452211204023
BAD 452131254689
BAD 452131254691
BAD 452139567833
BAD 452139567883
BAD 452139567889
BAD 452139907603
BAD 452140030141
BAD 452141246209
BAD 452143610221
BAD 452143648447
BAD 452366733289
BAD 452366733293
BAD 452282296423
BAD 452231582749
BAD 452231783239
BAD 452231783243
BAD 452217433939
BAD 452218273123
BAD 452376397111
BAD 452218842871
BAD 452284903417
BAD 452284903429
BAD 452284903453
BAD 452284979407
BAD 452234008817
BAD 452234008819
BAD 452285636609
BAD 452285636611
BAD 452236315171
BAD 452221101979
BAD 452221101991
BAD 452379596597
BAD 452237041601
BAD 452237041603
BAD 452222801467
BAD 452222801473
BAD 452222801477
BAD 452222801479
BAD 452288582689
BAD 452288946323
BAD 452289623971
BAD 452248838179
BAD 452248838221
BAD 452267068343
BAD 452249993599
BAD 452249993603
BAD 452243410921
BAD 452337314623
BAD 452293590493
BAD 452293590613
BAD 452293790161
BAD 452268940327
BAD 452294583031
BAD 452269915133
BAD 452245329037
BAD 452245329049
BAD 452339427949
BAD 452383029173
BAD 452270603557
BAD 452339949473
BAD 452401987253
BAD 452384280263
BAD 452229850951
BAD 452229850993
BAD 452229850999
BAD 452340995779
BAD 452340995783
BAD 452315866027
BAD 452255439137
BAD 452255439143
BAD 452255439151
BAD 452341622521
BAD 452385980723
BAD 452256438677
BAD 452248131053
BAD 452342476387
BAD 452317544743
BAD 452317544747
BAD 452317544753
BAD 452342713231
BAD 452272921117
BAD 452349348637
BAD 452387039281
BAD 452273001053
BAD 452351329321
BAD 452319311167
BAD 452319474517
BAD 452345935913
BAD 452320342973
BAD 452347679873
BAD 452261598211
BAD 452261606233
BAD 452261606281
BAD 452354882773
BAD 452323673539
BAD 452409386311
BAD 452324343019
BAD 452410479569
BAD 452410479571
BAD 452278957759
BAD 452278957763
BAD 452325836119
BAD 452328137689
BAD 452328137693
BAD 452328345863
BAD 452330054873
BAD 452330054881
BAD 452360268499
BAD 452360605933
BAD 452360605943
BAD 452415620689
BAD 452415620693
BAD 452361497201
BAD 452362127773
BAD 452363749003
BAD 452363749007
BAD 452363749009
BAD 452363749021
BAD 452364076211
BAD 452364514649
BAD 452365052603
BAD 452365298989
BAD 452365298999
BAD 452309111297
BAD 452311412701
BAD 452311649773
BAD 452312096683
BAD 452312096689
BAD 452313568771
BAD 452313568793
BAD 452313568799
BAD 452313568801
BAD 452313568807
BAD 452313622771
BAD 452416946941
BAD 452420491373
BAD 452422479479
BAD 452424819503
BAD 452426188897
BAD 452427529339
BAD 452427846407
BAD 452428331723
BAD 452428522003
BAD 452430288229
BAD 452430513853
BAD 452430513859
BAD 452430513869
BAD 452432294827
BAD 452434781107
BAD 452434781111
BAD 452434785017
BAD 452434785091
BAD 452437077263
BAD 452438787679
BAD 452438787683
BAD 452438787863
BAD 452438787869
BAD 452439426451
BAD 452441016661
BAD 452443278113
BAD 452445231961
BAD 452445231971
BAD 452448959933
BAD 452450061787
BAD 452450979521
BAD 452450979523
BAD 452454269857
BAD 452466376633
BAD 452467839689
BAD 452470608067
BAD 452462060599
BAD 452471485933
BAD 452471833843
BAD 452463448421
BAD 452463448427
BAD 452463702739
BAD 452465065373
BAD 452465065379
BAD 452475452987
BAD 452475759097
BAD 452475759119
BAD 452480828183
BAD 452482185677
BAD 452482185679
BAD 452484883831
BAD 452488953937
BAD 452491769273
BAD 452492607913
BAD 452493328649
BAD 452494926293
BAD 452495683337
BAD 452498988727
BAD 452501676113
BAD 452506015991
BAD 452506421669
BAD 452506421671
BAD 452508137083
BAD 452508137089
BAD 452508137101
BAD 452509054567
BAD 452509302059
BAD 452509302061
BAD 452512306861
BAD 452512306867
BAD 452513132119
BAD 452516637409
BAD 452516809471
BAD 452516809487
BAD 452514146501
BAD 452516989643
BAD 452516071613
BAD 452521749619
BAD 452521749623
BAD 452522392493
BAD 452525738611
BAD 452530559333
BAD 452530559347
BAD 452530932409
BAD 452531381719
BAD 452531381723
BAD 452600695411
BAD 452603069351
BAD 452603069353
BAD 452603069357
BAD 452605633801
BAD 452608951903
BAD 452608951913
BAD 452550251551
BAD 452550569179
BAD 452550569183
BAD 452613199373
BAD 452613277351
BAD 452614534459
BAD 452614957957
BAD 452614957961
BAD 452616798779
BAD 452617008971
BAD 452617008973
BAD 452557756691
BAD 452558056099
BAD 452558056103
BAD 452559544751
BAD 452559887939
BAD 452559887963
BAD 452562666613
BAD 452533397143
BAD 452534176631
BAD 452536263503
BAD 452564105603
BAD 452564832919
BAD 452540643631
BAD 452669471999
BAD 452669531813
BAD 452821017601
BAD 452821228213
BAD 452672039251
BAD 452673657017
BAD 452826510067
BAD 452827054123
BAD 452567055403
BAD 452567055407
BAD 452828072533
BAD 452828072537
BAD 452828072539
BAD 452567377321
BAD 452567501093
BAD 452677486771
BAD 452567590001
BAD 452828937467
BAD 452828937469
BAD 452828937503
BAD 452678627659
BAD 452681162539
BAD 452570231809
BAD 452681248951
BAD 452681248961
BAD 452832529883
BAD 452832529889
BAD 452701543691
BAD 452832810307
BAD 452832810319
BAD 452683416379
BAD 452637416509
BAD 452637416513
BAD 452637416527
BAD 452706683983
BAD 452574973099
BAD 452575732607
BAD 452709051343
BAD 452720093629
BAD 452720093633
BAD 452720106583
BAD 452578375757
BAD 452578375759
BAD 452578375763
BAD 452578375771
BAD 452579140303
BAD 452579140357
BAD 452579140361
BAD 452579140369
BAD 452579140373
BAD 452769746461
BAD 452721297541
BAD 452715456317
BAD 452773347757
BAD 452580865117
BAD 452773347773
BAD 452580865151
BAD 452648707831
BAD 452715744991
BAD 452715745043
BAD 452775252473
BAD 452776433903
BAD 452724281993
BAD 452725329997
BAD 452778990361
BAD 452779419091
BAD 452728516543
BAD 452728516547
BAD 452728516549
BAD 452728562893
BAD 452728562899
BAD 452781349877
BAD 452751827989
BAD 452751827993
BAD 452785876223
BAD 452755358903
BAD 452788876759
BAD 452734086089
BAD 452756523733
BAD 452734282339
BAD 452756877439
BAD 452595518057
BAD 452595518059
BAD 452790685289
BAD 452790685297
BAD 452759092021
BAD 452759658313
BAD 452597789663
BAD 452597789671
BAD 452597814931
BAD 452761592749
BAD 452761592753
BAD 452761592761
BAD 452652817717
BAD 452652817723
BAD 452794195079
BAD 452794195081
BAD 452688192017
BAD 452796229189
BAD 452654724817
BAD 452654724829
BAD 452654724833
BAD 452797631843
BAD 452797631861
BAD 452797631863
BAD 452797664573
BAD 452765456161
BAD 452765456167
BAD 452655521887
BAD 452655521891
BAD 452798770673
BAD 452656826309
BAD 452800442573
BAD 452656826311
BAD 452693879347
BAD 452801635639
BAD 452694933541
BAD 452695552117
BAD 452622381007
BAD 452660638973
BAD 452697999487
BAD 452697999493
BAD 452697999497
BAD 452697999499
BAD 452662597099
BAD 452625798353
BAD 452740646263
BAD 452740646269
BAD 452626432273
BAD 452663815619
BAD 452663815621
BAD 452742277627
BAD 452742277639
BAD 452742277643
BAD 452632855559
BAD 452632855561
BAD 452746352221
BAD 452746352269
BAD 452746880507
BAD 452747729989
BAD 452750362193
BAD 452750362223
BAD 452750362243
BAD 452803864159
BAD 452804162689
BAD 452804162693
BAD 452804214829
BAD 452807981929
BAD 452807981933
BAD 452807981939
BAD 452811006779
BAD 452811975467
BAD 452813467727
BAD 452816998709
BAD 452817178493
BAD 452817713611
BAD 452839544629
BAD 452842801111
BAD 452843904353
BAD 452845812649
BAD 452847581587
BAD 452853330653
BAD 452853330661
BAD 452854823297
BAD 452854823299
BAD 452854823303
BAD 452855167049
BAD 452857406957
BAD 452857406959
BAD 452860527349
BAD 452861625817
BAD 452862035341
BAD 452862199327
BAD 452864495903
BAD 452864495921
BAD 452869648883
BAD 452871687773
BAD 452875734439
BAD 452919292351
BAD 452920709947
BAD 452924623163
BAD 452878956923
BAD 452878956997
BAD 452879558851
BAD 452880860599
BAD 452880860603
BAD 452882313691
BAD 452931731437
BAD 452884667597
BAD 452933603963
BAD 452886629603
BAD 452890572619
BAD 452891122997
BAD 452891123017
BAD 452892762761
BAD 452900181059
BAD 452900181061
BAD 452906498899
BAD 452906899051
BAD 452910705733
BAD 452910707113
BAD 452910707213
BAD 452911193197
BAD 452911193201
BAD 452911230847
BAD 452913443839
BAD 452917805953
BAD 452936489507
BAD 452940143753
BAD 452940454973
BAD 452940455087
BAD 452940455089
BAD 452940455203
BAD 452942246941
BAD 452942558329
BAD 452942558333
BAD 452944927861
BAD 452952232939
BAD 452970126083
BAD 452977126891
BAD 452977126897
BAD 452977126907
BAD 452977126909
BAD 452977126913
BAD 452978776423
BAD 452978776433
BAD 452980438513
BAD 452981229097
BAD 452985760547
BAD 452986005391
BAD 452986005401
BAD 452987135011
BAD 452989373959
BAD 453224609051
BAD 453224609053
BAD 452991051913
BAD 452992341941
BAD 452992341943
BAD 452992341947
BAD 453229963763
BAD 453172994191
BAD 453173116327
BAD 453232688093
BAD 453234601769
BAD 452995903343
BAD 453072692731
BAD 453176253811
BAD 453236773069
BAD 453237123659
BAD 453073638659
BAD 453240830927
BAD 453240830929
BAD 453240830941
BAD 453240830969
BAD 453240830971
BAD 453240830981
BAD 453240830983
BAD 453178565899
BAD 453054347671
BAD 453054347701
BAD 453054468389
BAD 453179192093
BAD 453179726191
BAD 453076663009
BAD 453242747249
BAD 453242762827
BAD 453056168497
BAD 453180686479
BAD 453078134329
BAD 453057411113
BAD 453057411127
BAD 453057411137
BAD 453057411139
BAD 453057411143
BAD 453078439531
BAD 453078439537
BAD 453001609471
BAD 453001609477
BAD 453079086841
BAD 453245334103
BAD 453079224197
BAD 453079230223
BAD 453079230229
BAD 453002825971
BAD 453002826013
BAD 453184164163
BAD 452953177951
BAD 453156813223
BAD 453038568601
BAD 453062592737
BAD 452954834821
BAD 452955272219
BAD 452955272221
BAD 453040030813
BAD 453250245187
BAD 453159639743
BAD 453040737529
BAD 453040737661
BAD 452956489763
BAD 452956557731
BAD 452956557733
BAD 452956557737
BAD 453041583613
BAD 453041583619
BAD 453066108059
BAD 453066816781
BAD 453067294879
BAD 453252154501
BAD 453043418461
BAD 453252597073
BAD 453252597079
BAD 453252597121
BAD 453044472311
BAD 453044472313
BAD 453069794929
BAD 453254404261
BAD 453046731391
BAD 452960126011
BAD 453047257129
BAD 452961212203
BAD 452961213259
BAD 452961575641
BAD 452962406563
BAD 453107609701
BAD 453107609707
BAD 452962406569
BAD 453049989551
BAD 452963166619
BAD 453050390593
BAD 453168092281
BAD 453088061359
BAD 453188960017
BAD 453088208821
BAD 453088303621
BAD 453168783679
BAD 453168783713
BAD 453168783719
BAD 453168783721
BAD 453121422631
BAD 453169008731
BAD 453169996771
BAD 453052338757
BAD 453170859371
BAD 453123391351
BAD 453092475457
BAD 453092475461
BAD 453092475463
BAD 453194122669
BAD 453194122673
BAD 453194266429
BAD 453194266433
BAD 453118817813
BAD 453118995443
BAD 453195230933
BAD 453125849857
BAD 453125849873
BAD 453125965849
BAD 453205959659
BAD 453205959721
BAD 453026566171
BAD 453026566183
BAD 453098132471
BAD 453128984881
BAD 453199367941
BAD 453098995373
BAD 453208202507
BAD 453208304779
BAD 453208304797
BAD 453208304803
BAD 453129796219
BAD 453199884271
BAD 453200960701
BAD 453031149121
BAD 453101252179
BAD 453101252183
BAD 453137552089
BAD 453031509299
BAD 453210498833
BAD 453201905993
BAD 453032007629
BAD 453138014999
BAD 453138015007
BAD 453138063361
BAD 453211337269
BAD 453211410149
BAD 453211410151
BAD 453032807309
BAD 453102812473
BAD 453139069223
BAD 453139471199
BAD 453133595323
BAD 453133595329
BAD 453133595333
BAD 453213242047
BAD 453213242057
BAD 453008554871
BAD 453134903161
BAD 453134903173
BAD 453134903209
BAD 453134903269
BAD 453217108583
BAD 453011666221
BAD 453143131223
BAD 453143131229
BAD 453014318521
BAD 453014318527
BAD 453015277579
BAD 453017186551
BAD 453017186603
BAD 453147775441
BAD 453151844137
BAD 453151973557
BAD 453153618263
BAD 453153950383
BAD 453288501023
BAD 453288501037
BAD 453288649819
BAD 453294507847
BAD 453294540269
BAD 453294540271
BAD 453255431747
BAD 453255431749
BAD 453295079989
BAD 453257528539
BAD 453257528561
BAD 453297516083
BAD 453258586223
BAD 453298747999
BAD 453298771283
BAD 453260594309
BAD 453300318941
BAD 453300318943
BAD 453260728981
BAD 453300909289
BAD 453300909293
BAD 453263065693
BAD 453263616623
BAD 453304238861
BAD 453265024133
BAD 453304900817
BAD 453304900819
BAD 453304900823
BAD 453304900831
BAD 453268759513
BAD 453268759523
BAD 453268759529
BAD 453271647293
BAD 453271647319
BAD 453273785957
BAD 453273785959
BAD 453275722951
BAD 453276148727
BAD 453276148729
BAD 453276417571
BAD 453281863891
BAD 453283618897
BAD 453285302867
BAD 453285302891
BAD 453285302893
BAD 453322824883
BAD 453328629217
BAD 453328629233
BAD 453339151063
BAD 453339895667
BAD 453339895669
BAD 453341408813
BAD 453342069751
BAD 453342069757
BAD 453342674321
BAD 453342674341
BAD 453336088193
BAD 453336597029
BAD 453336597031
BAD 453344177159
BAD 453344177161
BAD 453352295849
BAD 453309668687
BAD 453312950627
BAD 453312950633
BAD 453312950639
BAD 453313996987
BAD 453314801029
BAD 453317376157
BAD 453319272113
BAD 453527700541
BAD 453527700559
BAD 453528535979
BAD 453528535981
BAD 453529512287
BAD 453529512299
BAD 453529512301
BAD 453529713607
BAD 453532685317
BAD 453532685321
BAD 453532685323
BAD 453532685329
BAD 453534090343
BAD 453534090349
BAD 453534090353
BAD 453446137321
BAD 453534456187
BAD 453534456211
BAD 453534456217
BAD 453534680917
BAD 453574500601
BAD 453574571819
BAD 453535512277
BAD 453575780257
BAD 453538009087
BAD 453578160263
BAD 453579587423
BAD 453579641429
BAD 453579641453
BAD 453579641461
BAD 453579641467
BAD 453579641693
BAD 453580121483
BAD 453449630443
BAD 453582165173
BAD 453582471709
BAD 453407386321
BAD 453502684423
BAD 453408956983
BAD 453409105321
BAD 453503720851
BAD 453586586549
BAD 453586586581
BAD 453586586611
BAD 453587101873
BAD 453587101883
BAD 453588801907
BAD 453588801923
BAD 453588941017
BAD 453589885157
BAD 453589885159
BAD 453589885163
BAD 453417437287
BAD 453417698557
BAD 453418483831
BAD 453420806653
BAD 453422125931
BAD 453422125943
BAD 453422125951
BAD 453390447667
BAD 453356416333
BAD 453392858519
BAD 453392858521
BAD 453393105967
BAD 453393105983
BAD 453393105989
BAD 453394063981
BAD 453396589007
BAD 453359293711
BAD 453359391743
BAD 453359391757
BAD 453359403173
BAD 453457247153
BAD 453458195581
BAD 453398007173
BAD 453362283653
BAD 453362299399
BAD 453459678047
BAD 453363380711
BAD 453363380713
BAD 453463455481
BAD 453422707807
BAD 453402788731
BAD 453402788737
BAD 453467487841
BAD 453366961643
BAD 453473347897
BAD 453368122703
BAD 453474666391
BAD 453474666451
BAD 453474666461
BAD 453474666487
BAD 453368786953
BAD 453475201801
BAD 453429879131
BAD 453477586829
BAD 453432872407
BAD 453432872411
BAD 453432872413
BAD 453432872423
BAD 453432872449
BAD 453433640663
BAD 453433963193
BAD 453481777843
BAD 453482575391
BAD 453482575393
BAD 453482575397
BAD 453482599793
BAD 453618575281
BAD 453618575287
BAD 453375050299
BAD 453375050309
BAD 453375050311
BAD 453435975719
BAD 453435975721
BAD 453620172721
BAD 453620416189
BAD 453541576381
BAD 453541651183
BAD 453486486161
BAD 453486486163
BAD 453487280639
BAD 453487280641
BAD 453487280689
BAD 453377542627
BAD 453487596671
BAD 453487596673
BAD 453557640233
BAD 453557661653
BAD 453383124919
BAD 453383124923
BAD 453384347809
BAD 453384347813
BAD 453550228969
BAD 453550228973
BAD 453550228991
BAD 453550228993
BAD 453560609869
BAD 453560609881
BAD 453560651827
BAD 453385552831
BAD 453550810423
BAD 453561405029
BAD 453561405053
BAD 453561405071
BAD 453552796159
BAD 453552796163
BAD 453627116071
BAD 453506934809
BAD 453628408703
BAD 453508805527
BAD 453508805531
BAD 453629375371
BAD 453629474447
BAD 453629474449
BAD 453629474453
BAD 453565402657
BAD 453512296931
BAD 453512296933
BAD 453632367211
BAD 453513064247
BAD 453633421537
BAD 453569096119
BAD 453569096137
BAD 453516873863
BAD 453518194351
BAD 453571532263
BAD 453519875909
BAD 453519875933
BAD 453519875957
BAD 453638674009
BAD 453519875959
BAD 453521939371
BAD 453593587123
BAD 453594571337
BAD 453644492551
BAD 453645240343
BAD 453596954011
BAD 453646360183
BAD 453682211473
BAD 453602710741
BAD 453684033391
BAD 453684744371
BAD 453652553071
BAD 453605001637
BAD 453606105767
BAD 453606105769
BAD 453654145103
BAD 453655992263
BAD 453690332917
BAD 453659612993
BAD 453659613007
BAD 453661261121
BAD 453661356527
BAD 453662247859
BAD 453664291321
BAD 453665679547
BAD 453666295681
BAD 453670843547
BAD 453692106173
BAD 453694705847
BAD 453699969571
BAD 453700373999
BAD 453700801867
BAD 453702453473
BAD 453702624983
BAD 453744140767
BAD 453744140771
BAD 453744140779
BAD 453703416169
BAD 453745012733
BAD 453746501147
BAD 453746501149
BAD 453752190119
BAD 453752190121
BAD 453708168943
BAD 453708323069
BAD 453708323071
BAD 453718629887
BAD 453718667203
BAD 453725311331
BAD 453725358809
BAD 453725358811
BAD 453721362023
BAD 453723136067
BAD 453723136081
BAD 453723513263
BAD 453723987733
BAD 453724485923
BAD 453724485953
BAD 453730034899
BAD 453730034903
BAD 453736686451
BAD 453737249813
BAD 453738223207
BAD 453738223217
BAD 453826780579
BAD 453826780601
BAD 453827159017
BAD 453809012791
BAD 453809536813
BAD 453810295681
BAD 453831932987
BAD 453812136023
BAD 453812136031
BAD 453813630467
BAD 453813630469
BAD 453841991677
BAD 453842429801
BAD 453843055123
BAD 453816001673
BAD 453816077909
BAD 453816518789
BAD 453816518791
BAD 453838839767
BAD 453838839799
BAD 453845009413
BAD 453839860501
BAD 453840275983
BAD 453840388319
BAD 453840388321
BAD 453819913733
BAD 453820041617
BAD 453820328617
BAD 453840976811
BAD 453822473417
BAD 453822473431
BAD 453822473443
BAD 453822633997
BAD 453926219783
BAD 453846275941
BAD 453847109999
BAD 453774941471
BAD 453929362123
BAD 453775215601
BAD 453929965949
BAD 453849104671
BAD 453850377269
BAD 453850377271
BAD 453777699173
BAD 453851101321
BAD 453778848241
BAD 453778848247
BAD 453851915249
BAD 453779537363
BAD 453934317503
BAD 453934317541
BAD 453934317547
BAD 453934317559
BAD 453934317563
BAD 453779934409
BAD 453856476133
BAD 453780263647
BAD 453941026939
BAD 453941269163
BAD 453784624717
BAD 453786246413
BAD 453786916129
BAD 453786916133
BAD 454030127849
BAD 454030127851
BAD 454030127857
BAD 453789807733
BAD 453789807739
BAD 454030549883
BAD 454030717691
BAD 454033195309
BAD 454033479967
BAD 454033479973
BAD 454033864549
BAD 453792041803
BAD 453792682037
BAD 453792682039
BAD 454036583173
BAD 453793231193
BAD 454037586889
BAD 454079360551
BAD 454079686493
BAD 454079686561
BAD 454079686609
BAD 454080563371
BAD 454080648271
BAD 454080846631
BAD 454080846673
BAD 454040531327
BAD 453796820233
BAD 453796820237
BAD 454082896703
BAD 454082896711
BAD 454082896717
BAD 453798344479
BAD 454085877701
BAD 454085877703
BAD 453761280631
BAD 453761681587
BAD 454067366761
BAD 453762469087
BAD 453762469109
BAD 453944968703
BAD 454069441783
BAD 453803861773
BAD 453766035181
BAD 453766035187
BAD 453766035287
BAD 454092630169
BAD 454073695519
BAD 454073702989
BAD 453769948043
BAD 453770048539
BAD 453770048551
BAD 453770048569
BAD 453770048573
BAD 453896636929
BAD 453896636933
BAD 453953127743
BAD 453953127751
BAD 453953224733
BAD 453771560743
BAD 453858807923
BAD 453858807931
BAD 453771985397
BAD 453771985399
BAD 453772186583
BAD 453859363849
BAD 453898441553
BAD 453954823271
BAD 453860262139
BAD 453773025583
BAD 453773025593
BAD 453773732843
BAD 453773732849
BAD 453773732851
BAD 453862356901
BAD 453961637203
BAD 453902579861
BAD 453864258209
BAD 453864258271
BAD 453864258277
BAD 453963491959
BAD 453963491963
BAD 453963491981
BAD 453866523293
BAD 453868793369
BAD 453868856893
BAD 453868856897
BAD 453868856899
BAD 453907615219
BAD 453907615223
BAD 453870244327
BAD 453982630097
BAD 453982630099
BAD 453970207793
BAD 453879280747
BAD 453986068181
BAD 453987072103
BAD 453987072107
BAD 453987072109
BAD 453880714891
BAD 453881125463
BAD 454044346339
BAD 453988415477
BAD 453881781679
BAD 453989533609
BAD 453992891353
BAD 453886066729
BAD 453886066831
BAD 454013865313
BAD 454013865317
BAD 454013865323
BAD 454051020053
BAD 454051102403
BAD 453888214193
BAD 453888214243
BAD 453993285479
BAD 453993285481
BAD 453997004663
BAD 454055491133
BAD 454020744277
BAD 454020744283
BAD 453998368729
BAD 453998477539
BAD 454001564567
BAD 454024329079
BAD 454002190333
BAD 454024991809
BAD 454059352783
BAD 454003909643
BAD 454003909657
BAD 454003909663
BAD 454006892333
BAD 454006892377
BAD 453909170027
BAD 453909482423
BAD 453912357133
BAD 453912357137
BAD 453912357139
BAD 453918536053
BAD 453919224859
BAD 453924740611
BAD 454144609453
BAD 454155466153
BAD 454155869449
BAD 454157823503
BAD 454158184261
BAD 454159126867
BAD 454160250031
BAD 454160250043
BAD 454160250053
BAD 454098160913
BAD 454110421913
BAD 454113641659
BAD 454113850793
BAD 454106317607
BAD 454107600697
BAD 454107600799
BAD 454108143691
BAD 454115400979
BAD 454123239979
BAD 454133049593
BAD 454133600953
BAD 454134129803
BAD 454137845003
BAD 454138119949
BAD 454139106571
BAD 454140755647
BAD 454141739329
BAD 454141904873
BAD 454143392513
BAD 454214457013
BAD 454214894867
BAD 454215832019
BAD 454215832043
BAD 454215913013
BAD 454217504287
BAD 454217504333
BAD 454194777251
BAD 454196274073
BAD 454200258101
BAD 454200258103
BAD 454220596003
BAD 454220596007
BAD 454220596009
BAD 454222610861
BAD 454222932379
BAD 454223894363
BAD 454223894389
BAD 454223894393
BAD 454207080359
BAD 454209908557
BAD 454224291263
BAD 454232189731
BAD 454232189737
BAD 454296731701
BAD 454296830027
BAD 454296830033
BAD 454296830041
BAD 454225582429
BAD 454298867261
BAD 454298867263
BAD 454299025519
BAD 454234903373
BAD 454234903379
BAD 454234903433
BAD 454300015759
BAD 454235265629
BAD 454414504499
BAD 454301206897
BAD 454301206913
BAD 454301407979
BAD 454301407981
BAD 454266282427
BAD 454238386643
BAD 454238460527
BAD 454303121411
BAD 454417073381
BAD 454417379659
BAD 454417795567
BAD 454267258343
BAD 454242102403
BAD 454242102409
BAD 454421696513
BAD 454308855001
BAD 454309368307
BAD 454311262849
BAD 454311262877
BAD 454311262879
BAD 454243407389
BAD 454243650323
BAD 454274156593
BAD 454274156597
BAD 454274156599
BAD 454426780127
BAD 454178663101
BAD 454179621691
BAD 454181754847
BAD 454279763167
BAD 454279763183
BAD 454282678831
BAD 454347003433
BAD 454347003437
BAD 454185716029
BAD 454185801107
BAD 454285493539
BAD 454348462453
BAD 454288009061
BAD 454288130783
BAD 454288130797
BAD 454313441899
BAD 454313441903
BAD 454313533259
BAD 454288628821
BAD 454288750549
BAD 454289152399
BAD 454353353873
BAD 454187344687
BAD 454355374673
BAD 454355374723
BAD 454355374727
BAD 454160772679
BAD 454160772683
BAD 454188668701
BAD 454188668723
BAD 454189345339
BAD 454189345349
BAD 454355811743
BAD 454355811751
BAD 454355855581
BAD 454355855587
BAD 454317722093
BAD 454189947863
BAD 454319483521
BAD 454294397833
BAD 454294397839
BAD 454294397849
BAD 454192235333
BAD 454381247017
BAD 454359028897
BAD 454359028913
BAD 454463787593
BAD 454193234569
BAD 454381866487
BAD 454328907451
BAD 454328964547
BAD 454480747009
BAD 454481252047
BAD 454481252063
BAD 454382884003
BAD 454323641641
BAD 454170109559
BAD 454383900757
BAD 454247569003
BAD 454325524837
BAD 454247955017
BAD 454468494463
BAD 454325653829
BAD 454333672631
BAD 454333672633
BAD 454399623499
BAD 454399623529
BAD 454248716791
BAD 454248716797
BAD 454248716809
BAD 454248716813
BAD 454327377293
BAD 454487005337
BAD 454487005339
BAD 454446542491
BAD 454400851277
BAD 454400851279
BAD 454400851283
BAD 454251708661
BAD 454251708671
BAD 454447239419
BAD 454472283757
BAD 454472283761
BAD 454472283763
BAD 454472307563
BAD 454386328489
BAD 454386328493
BAD 454252530019
BAD 454252530029
BAD 454252530049
BAD 454403393627
BAD 454490547083
BAD 454403393629
BAD 454449479513
BAD 454403678299
BAD 454403678303
BAD 454253362273
BAD 454253362279
BAD 454475376941
BAD 454253648683
BAD 454404881423
BAD 454254382727
BAD 454492610083
BAD 454492610087
BAD 454492610093
BAD 454390849639
BAD 454477276343
BAD 454342562599
BAD 454255930789
BAD 454343258659
BAD 454343653391
BAD 454256922443
BAD 454256922451
BAD 454495304077
BAD 454257182447
BAD 454257678731
BAD 454257678733
BAD 454454905511
BAD 454408240243
BAD 454345191323
BAD 454409717903
BAD 454409717941
BAD 454409717947
BAD 454411757861
BAD 454429361083
BAD 454430069293
BAD 454431650683
BAD 454434359761
BAD 454434490831
BAD 454435035013
BAD 454435035017
BAD 454435100311
BAD 454439755193
BAD 454439755199
BAD 454444798307
BAD 454444798309
BAD 454445299403
BAD 454445299409
BAD 454445299411
BAD 454445299423
BAD 454445702647
BAD 454363101523
BAD 454364192771
BAD 454364192773
BAD 454365086551
BAD 454365086557
BAD 454365647851
BAD 454366129471
BAD 454366440659
BAD 454367526829
BAD 454369946941
BAD 454374334307
BAD 454376902403
BAD 454376902439
BAD 454546651133
BAD 454547844683
BAD 454499803889
BAD 454503731333
BAD 454552078789
BAD 454504869457
BAD 454532004331
BAD 454532004361
BAD 454553302139
BAD 454553302141
BAD 454553768761
BAD 454534364003
BAD 454507491871
BAD 454535121289
BAD 454535121319
BAD 454555348913
BAD 454535338951
BAD 454555971307
BAD 454535964097
BAD 454508265209
BAD 454508508637
BAD 454537177771
BAD 454537177777
BAD 454557850517
BAD 454540544023
BAD 454515345841
BAD 454516250707
BAD 454516250711
BAD 454516250717
BAD 454517197243
BAD 454517197247
BAD 454517197249
BAD 454518981289
BAD 454520780839
BAD 454524392041
BAD 454525669009
BAD 454529698523
BAD 454652413511
BAD 454652413513
BAD 454641159143
BAD 454641159151
BAD 454656371447
BAD 454664928493
BAD 454659104623
BAD 454661820061
BAD 454669164023
BAD 454836876569
BAD 454672227083
BAD 454839750601
BAD 454672960253
BAD 454673356021
BAD 454673811883
BAD 454676430671
BAD 454677227911
BAD 454678437781
BAD 454850253973
BAD 454850253983
BAD 454679129623
BAD 454851048481
BAD 454600745189
BAD 454600745257
BAD 454604158093
BAD 454604158097
BAD 454606149743
BAD 454606298249
BAD 454606298401
BAD 454857884731
BAD 454607433523
BAD 454609625531
BAD 454609855627
BAD 454860813193
BAD 454610461247
BAD 454863523273
BAD 454612648213
BAD 454612648219
BAD 454612648249
BAD 454612900943
BAD 454565921011
BAD 454566205267
BAD 454566205271
BAD 454566205273
BAD 454570372247
BAD 454570372261
BAD 454570372283
BAD 454571248699
BAD 454572148783
BAD 454573572503
BAD 454716534379
BAD 454766486789
BAD 454766486791
BAD 454716981371
BAD 454716981391
BAD 454683495047
BAD 454574594003
BAD 454590351967
BAD 454590351977
BAD 454590351979
BAD 454591047653
BAD 454575207223
BAD 454591336063
BAD 454591336079
BAD 454591336081
BAD 454591411349
BAD 454575529951
BAD 454719549343
BAD 454719549353
BAD 454768383403
BAD 454768418749
BAD 454592409023
BAD 454685574001
BAD 454685574121
BAD 454614173131
BAD 454593789161
BAD 454593789163
BAD 454593789179
BAD 454686877097
BAD 454798417517
BAD 454687611761
BAD 454798417519
BAD 454594508239
BAD 454616179421
BAD 454616179429
BAD 454578556543
BAD 454688475001
BAD 454578951889
BAD 454579061639
BAD 454579061641
BAD 454688837929
BAD 454596110401
BAD 454596110411
BAD 454800643573
BAD 454800643589
BAD 454800643597
BAD 454579242983
BAD 454579415023
BAD 454724195881
BAD 454801403269
BAD 454801403281
BAD 454802515711
BAD 454726690207
BAD 454726969759
BAD 454803795379
BAD 454803825589
BAD 454732314539
BAD 454732314541
BAD 454733136049
BAD 454693855897
BAD 454806480853
BAD 454734554971
BAD 454622246621
BAD 454693855901
BAD 454806480859
BAD 454622246623
BAD 454622246627
BAD 454622246629
BAD 454778606791
BAD 454778606813
BAD 454694302903
BAD 454622610797
BAD 454694526991
BAD 454694617513
BAD 454736062831
BAD 454736062861
BAD 454867947103
BAD 454867947109
BAD 454738370953
BAD 454738370959
BAD 454869371239
BAD 454869371323
BAD 454869371329
BAD 454703319487
BAD 454703319491
BAD 454812247741
BAD 454812247759
BAD 454812247763
BAD 454812247789
BAD 454812247793
BAD 454812247921
BAD 454703732083
BAD 454742565143
BAD 454872180031
BAD 454748559739
BAD 454873438891
BAD 454744408673
BAD 454706129047
BAD 454630260289
BAD 454745188493
BAD 454750381711
BAD 454750381717
BAD 454706330657
BAD 454745388859
BAD 454745388863
BAD 454745388871
BAD 454750697183
BAD 454750751971
BAD 454745775413
BAD 454707161483
BAD 454875287627
BAD 454745940811
BAD 454747224443
BAD 454747306339
BAD 454708745989
BAD 454708745993
BAD 454747696463
BAD 454709794261
BAD 454878634673
BAD 454710756683
BAD 454880150677
BAD 454884569497
BAD 454884569507
BAD 454884569509
BAD 454712437273
BAD 454885573633
BAD 454756951223
BAD 454713186931
BAD 454886108779
BAD 454826417281
BAD 454714323157
BAD 454758334757
BAD 454758334759
BAD 454758334861
BAD 454888194569
BAD 454888194571
BAD 454888434083
BAD 454889296643
BAD 454760341003
BAD 454761480169
BAD 454786465381
BAD 454786638181
BAD 454893343039
BAD 454894090297
BAD 454895862529
BAD 454895862539
BAD 454895862541
BAD 454789448489
BAD 454896278413
BAD 454896278423
BAD 454897290773
BAD 454897290779
BAD 454897814797
BAD 454794140329
BAD 454794283133
BAD 454916134951
BAD 454916134963
BAD 454918052957
BAD 454918052959
BAD 454920724043
BAD 454921839401
BAD 454929823669
BAD 454929949423
BAD 454938733471
BAD 454946902819
BAD 454948062031
BAD 454948062143
BAD 454907386903
BAD 454907386907
BAD 454907386909
BAD 454910481031
BAD 454910648221
BAD 454950318269
BAD 454950318271
BAD 454958970553
BAD 454958970589
BAD 454958970593
BAD 454964143877
BAD 454965349687
BAD 454966122077
BAD 454968727133
BAD 454970543297
BAD 454970543299
BAD 454970543303
BAD 454971926197
BAD 454971971383
BAD 454972383133
BAD 454972887253
BAD 454972969223
BAD 455001973291
BAD 455001973297
BAD 454976053613
BAD 454976209669
BAD 455004786227
BAD 455004786241
BAD 455005037479
BAD 455005037483
BAD 455005050593
BAD 455050034779
BAD 455050034821
BAD 454980364973
BAD 455050960009
BAD 455054464607
BAD 455054464609
BAD 455055409847
BAD 455055409849
BAD 455056573091
BAD 455056573093
BAD 455011980139
BAD 455062025129
BAD 455062617353
BAD 454987457867
BAD 454989188869
BAD 455016697703
BAD 455017376977
BAD 455017862587
BAD 454991763773
BAD 454991763797
BAD 454991763799
BAD 454991763857
BAD 454992661657
BAD 454993292297
BAD 454996593853
BAD 454997036309
BAD 454997036311
BAD 455023571669
BAD 454998957379
BAD 454999448311
BAD 454999492501
BAD 455026737199
BAD 455026860859
BAD 455026860863
BAD 455027399483
BAD 455028309199
BAD 455029300577
BAD 455029300601
BAD 455029300603
BAD 455030874841
BAD 455030874853
BAD 455270280763
BAD 455271052199
BAD 455273326681
BAD 455273926453
BAD 455275912463
BAD 455276388607
BAD 455278476517
BAD 455290475881
BAD 455291413793
BAD 455291990731
BAD 455291990737
BAD 455292277547
BAD 455293198421
BAD 455297656321
BAD 455298778177
BAD 455300755583
BAD 455034282869
BAD 455034366793
BAD 455034366797
BAD 455035464287
BAD 455035464293
BAD 455035807973
BAD 455221387561
BAD 455151859067
BAD 455223178609
BAD 455223178621
BAD 455223178649
BAD 455223178651
BAD 455152976701
BAD 455042132603
BAD 455042678249
BAD 455224744693
BAD 455135646047
BAD 455224744697
BAD 455135646061
BAD 455156212219
BAD 455044539293
BAD 455044539337
BAD 455044579399
BAD 455044759927
BAD 455045372147
BAD 455045372149
BAD 455045372153
BAD 455137670861
BAD 455137670863
BAD 455226808601
BAD 455046622909
BAD 455046622913
BAD 455138110177
BAD 455138110181
BAD 455138110183
BAD 455227391933
BAD 455047550863
BAD 455139924007
BAD 455161804351
BAD 455162012387
BAD 455162012401
BAD 455162796763
BAD 455162796811
BAD 455067407843
BAD 455162940823
BAD 455162940833
BAD 455067891647
BAD 455162940839
BAD 455231392477
BAD 455201407963
BAD 455231392481
BAD 455143567471
BAD 455169598193
BAD 455169598201
BAD 455169598207
BAD 455069321527
BAD 455202836839
BAD 455202836843
BAD 455164665577
BAD 455186490991
BAD 455186759821
BAD 455172098071
BAD 455165706427
BAD 455203466051
BAD 455234332939
BAD 455085162349
BAD 455187688661
BAD 455187688663
BAD 455187688667
BAD 455187688673
BAD 455187688691
BAD 455187688693
BAD 455188165681
BAD 455188165687
BAD 455173294259
BAD 455071997249
BAD 455205575003
BAD 455087879509
BAD 455087879513
BAD 455087879531
BAD 455087879551
BAD 455175633839
BAD 455175633841
BAD 455190851509
BAD 455190851513
BAD 455176390321
BAD 455192721443
BAD 455075136443
BAD 455209204939
BAD 455209204943
BAD 455106541139
BAD 455106731593
BAD 455193534889
BAD 455193534893
BAD 455210701417
BAD 455107695043
BAD 455107714531
BAD 455107814089
BAD 455194410247
BAD 455078545549
BAD 455109271817
BAD 455109271819
BAD 455109271823
BAD 455079059767
BAD 455079265189
BAD 455093293849
BAD 455094553981
BAD 455125009363
BAD 455112705503
BAD 455096527493
BAD 455082837533
BAD 455082837553
BAD 455082837557
BAD 455082837571
BAD 455199032641
BAD 455127610739
BAD 455128023241
BAD 455128027279
BAD 455128603883
BAD 455128640137
BAD 455251601159
BAD 455246030431
BAD 455246030443
BAD 455246111149
BAD 455246111161
BAD 455247029851
BAD 455257876571
BAD 455257876573
BAD 455247775211
BAD 455247975937
BAD 455248016057
BAD 455248779683
BAD 455259642841
BAD 455250522203
BAD 455250605633
BAD 455250711037
BAD 455261150699
BAD 455261287711
BAD 455251190137
BAD 455251190143
BAD 455262685879
BAD 455306350441
BAD 455307940387
BAD 455265983701
BAD 455310098927
BAD 455266823257
BAD 455313020209
BAD 455313720871
BAD 455313720889
BAD 455314188023
BAD 455314188029
BAD 455314539371
BAD 455314967467
BAD 455315568319
BAD 455316787753
BAD 455318328211
BAD 455319117961
BAD 455324353349
BAD 455326171373
BAD 455326171393
BAD 455340017617
BAD 455344252973
BAD 455354781073
BAD 455354781083
BAD 455349844163
BAD 455359771423
BAD 455359771441
BAD 455360259391
BAD 455360307583
BAD 455363002321
BAD 455364621871
BAD 455366651951
BAD 455366652011
BAD 455385518573
BAD 455385911093
BAD 455385911117
BAD 455385911119
BAD 455387570791
BAD 455392389889
BAD 455393053697
BAD 455393053699
BAD 455393430649
BAD 455393430733
BAD 455394015421
BAD 455394015613
BAD 455394015617
BAD 455394015619
BAD 455394409927
BAD 455394409931
BAD 455394409933
BAD 455394409937
BAD 455394853897
BAD 455396553481
BAD 455398497823
BAD 455399749667
BAD 455399749669
BAD 455402025607
BAD 455420176333
BAD 455421783589
BAD 455422548037
BAD 455422548041
BAD 455422548079
BAD 455422548083
BAD 455422548089
BAD 455422597243
BAD 455422597249
BAD 455422597261
BAD 455422597271
BAD 455424628181
BAD 455426245819
BAD 455426245823
BAD 455427466493
BAD 455427466499
BAD 455432951903
BAD 455432951933
BAD 455433297287
BAD 455433297289
BAD 455434253513
BAD 455434253531
BAD 455434503089
BAD 455434503091
BAD 455434749179
BAD 455434749181
BAD 455435616743
BAD 455435660681
BAD 455435765249
BAD 455435765251
BAD 455440541693
BAD 455441581603
BAD 455443975757
BAD 455443975759
BAD 455443975769
BAD 455443975771
BAD 455443975843
BAD 455443975859
BAD 455447183993
BAD 455447184001
BAD 455406225031
BAD 455406225037
BAD 455406948823
BAD 455406948827
BAD 455408444581
BAD 455408444587
BAD 455408444591
BAD 455415636127
BAD 455417692369
BAD 455418120889
BAD 455452691593
BAD 455452957243
BAD 455453642797
BAD 455455009067
BAD 455455009069
BAD 455455009081
BAD 455456718337
BAD 455458830863
BAD 455460205273
BAD 455460205279
BAD 455675041681
BAD 455675041733
BAD 455704261949
BAD 455704261951
BAD 455704855219
BAD 455704855223
BAD 455677586537
BAD 455677586543
BAD 455677586569
BAD 455706793489
BAD 455678635681
BAD 455678635697
BAD 455678635759
BAD 455708098423
BAD 455680770773
BAD 455711423021
BAD 455711423023
BAD 455711423033
BAD 455711796877
BAD 455712378193
BAD 455712846209
BAD 455684275063
BAD 455684275073
BAD 455684636909
BAD 455684911079
BAD 455713635077
BAD 455713635079
BAD 455685309073
BAD 455685803759
BAD 455685803761
BAD 455714764891
BAD 455716720357
BAD 455716720363
BAD 455716720367
BAD 455717113129
BAD 455717305259
BAD 455717305261
BAD 455717305297
BAD 455369117677
BAD 455717769979
BAD 455717770009
BAD 455369721223
BAD 455372113129
BAD 455379554437
BAD 455379874603
BAD 455384900813
BAD 455621017997
BAD 455621348953
BAD 455621733289
BAD 455621733299
BAD 455486220691
BAD 455486268751
BAD 455486559383
BAD 455504716141
BAD 455505230617
BAD 455588179913
BAD 455588253353
BAD 455588253361
BAD 455625225113
BAD 455605169807
BAD 455588411449
BAD 455588411461
BAD 455637400177
BAD 455637400189
BAD 455637400193
BAD 455637400199
BAD 455637400201
BAD 455637634433
BAD 455538070387
BAD 455554290743
BAD 455654406989
BAD 455654421623
BAD 455554501939
BAD 455539120579
BAD 455607537277
BAD 455493509983
BAD 455493509987
BAD 455628826693
BAD 455641607723
BAD 455657223121
BAD 455608965283
BAD 455511470683
BAD 455658085979
BAD 455609492357
BAD 455558813419
BAD 455496020869
BAD 455496020873
BAD 455592064027
BAD 455592217219
BAD 455658578833
BAD 455722944181
BAD 455514487669
BAD 455722944253
BAD 455611807867
BAD 455632303001
BAD 455560884283
BAD 455691377821
BAD 455611807873
BAD 455643484007
BAD 455632303003
BAD 455499431089
BAD 455643505027
BAD 455514693727
BAD 455514693737
BAD 455514693761
BAD 455521731241
BAD 455598689761
BAD 455723690941
BAD 455561813327
BAD 455561813339
BAD 455561813341
BAD 455659059733
BAD 455599054787
BAD 455562045017
BAD 455562045019
BAD 455562045023
BAD 455600243731
BAD 455516655073
BAD 455614935343
BAD 455477125399
BAD 455550346297
BAD 455550664609
BAD 455564483581
BAD 455647901029
BAD 455727611683
BAD 455525716553
BAD 455603265059
BAD 455617400527
BAD 455695956511
BAD 455552994601
BAD 455696473403
BAD 455696473417
BAD 455650598737
BAD 455730518123
BAD 455567105183
BAD 455665919603
BAD 455699877649
BAD 455667745243
BAD 455667745249
BAD 455668651597
BAD 455653671061
BAD 455482766471
BAD 455482766483
BAD 455482766491
BAD 455736643009
BAD 455532603389
BAD 455532603391
BAD 455533642079
BAD 455535732251
BAD 455536038211
BAD 455485832531
BAD 455485832533
BAD 455570594929
BAD 455571097141
BAD 455571272773
BAD 455575427149
BAD 455575721599
BAD 455576475889
BAD 455577210763
BAD 455577210773
BAD 455577210779
BAD 455578042573
BAD 455578042597
BAD 455578042603
BAD 455757431183
BAD 455758278091
BAD 455758278103
BAD 455758931851
BAD 455760273509
BAD 455760273511
BAD 455737920461
BAD 455737920529
BAD 455744942581
BAD 455746447073
BAD 455747275883
BAD 455750274359
BAD 455752271147
BAD 455753737939
BAD 455771446331
BAD 455773872739
BAD 455774189953
BAD 455774189963
BAD 455774189971
BAD 455778209671
BAD 455778209693
BAD 455779461793
BAD 455779461803
BAD 455779694417
BAD 455783893249
BAD 455783893261
BAD 455786544173
BAD 455786544181
BAD 455804928053
BAD 455806619701
BAD 455807101073
BAD 455807101091
BAD 455807101093
BAD 455811156893
BAD 455811890623
BAD 455813664247
BAD 455814286729
BAD 455815809751
BAD 455815977223
BAD 455815977233
BAD 455815977271
BAD 455815977277
BAD 455815977283
BAD 455816381987
BAD 455816381989
BAD 455816827901
BAD 455816827903
BAD 455827356013
BAD 455829211183
BAD 455833210307
BAD 455788521691
BAD 455790630187
BAD 455790630193
BAD 455796742981
BAD 455796742993
BAD 455796743011
BAD 455797410833
BAD 455799880147
BAD 455799880153
BAD 455802672683
BAD 455803856327
BAD 455803856329
BAD 455857353619
BAD 455859478187
BAD 455859478189
BAD 455859478211
BAD 455859478213
BAD 455859971003
BAD 455859971011
BAD 455860563901
BAD 455872376951
BAD 455873204561
BAD 455873204593
BAD 455873508757
BAD 455873508763
BAD 455873738767
BAD 455873738773
BAD 455870240503
BAD 455871292549
BAD 455875019911
BAD 455877660989
BAD 455877660991
BAD 455877661037
BAD 455877661039
BAD 455990366651
BAD 455990366653
BAD 455879154683
BAD 455879167187
BAD 455879167189
BAD 455879167193
BAD 456074444323
BAD 456074543713
BAD 455880634141
BAD 455881993081
BAD 455993263073
BAD 455882990293
BAD 455882990309
BAD 456078269407
BAD 456078269419
BAD 455890615031
BAD 455890634299
BAD 456079787677
BAD 456079787693
BAD 455892665821
BAD 455996422801
BAD 456081227881
BAD 456081325039
BAD 455999498263
BAD 455973011383
BAD 455895560149
BAD 455999498377
BAD 455973011387
BAD 456081325043
BAD 456000530837
BAD 455896459729
BAD 456082450339
BAD 456002112901
BAD 456083369947
BAD 456003336491
BAD 456003336493
BAD 456003336563
BAD 455884392263
BAD 455898907411
BAD 455898907417
BAD 455898907433
BAD 455841449773
BAD 455841449779
BAD 455841449783
BAD 455976937621
BAD 455976937627
BAD 456005516069
BAD 455900713141
BAD 456005929373
BAD 456085770677
BAD 456085770683
BAD 455845963171
BAD 456088627823
BAD 456088627829
BAD 456088627831
BAD 456089701157
BAD 456089701159
BAD 456124207433
BAD 456124207439
BAD 456126162997
BAD 455988800647
BAD 455988800651
BAD 455988800653
BAD 456127255403
BAD 455854228957
BAD 455854228969
BAD 456131570449
BAD 456131824297
BAD 456131824301
BAD 456131824303
BAD 456131824307
BAD 456023679053
BAD 456025159253
BAD 456025159259
BAD 456025159267
BAD 455906174989
BAD 455906174993
BAD 456026078359
BAD 456135596333
BAD 456135596351
BAD 455908289209
BAD 455908289219
BAD 456135698453
BAD 456026900947
BAD 455909301269
BAD 456041123683
BAD 456041123693
BAD 455912763113
BAD 456044802701
BAD 456045063343
BAD 456092899069
BAD 456006792817
BAD 456007062113
BAD 456007062131
BAD 456007062139
BAD 456046344293
BAD 456059382871
BAD 456114468991
BAD 456008705989
BAD 456008706011
BAD 455917280369
BAD 456033552067
BAD 455917595191
BAD 455940789397
BAD 456048458287
BAD 456048458291
BAD 455941020061
BAD 456034316483
BAD 455956465681
BAD 455941779463
BAD 455941779481
BAD 455941779499
BAD 456035140703
BAD 455919549271
BAD 456035140711
BAD 456097492603
BAD 456053259443
BAD 456117111691
BAD 456011576809
BAD 456064964281
BAD 455957004379
BAD 456064964317
BAD 455957004383
BAD 456035140793
BAD 456011705783
BAD 455946231613
BAD 455946231617
BAD 455946231619
BAD 455920249033
BAD 456036252811
BAD 456036252821
BAD 456013905959
BAD 456013905961
BAD 456056032951
BAD 456014395693
BAD 456014395699
BAD 456014395703
BAD 456014395709
BAD 456056444989
BAD 456056444993
BAD 456014756447
BAD 456036979537
BAD 455949747301
BAD 456037826479
BAD 456037841671
BAD 455961174293
BAD 455961174301
BAD 455961282493
BAD 455961282499
BAD 455961282509
BAD 456038415401
BAD 456038415403
BAD 456038415407
BAD 456038415409
BAD 456016585601
BAD 456016585603
BAD 456038762449
BAD 456017496841
BAD 456039795529
BAD 456018346831
BAD 456018346853
BAD 455964386629
BAD 455964683749
BAD 455964683753
BAD 455965081939
BAD 455954274229
BAD 455954274233
BAD 455954286121
BAD 455965866319
BAD 455954880413
BAD 455954880421
BAD 456141767251
BAD 456141816421
BAD 456143328689
BAD 456143328691
BAD 456143328703
BAD 456143328709
BAD 456143328713
BAD 456143625601
BAD 456143625607
BAD 455936667619
BAD 455972276033
BAD 455972276063
BAD 455972596759
BAD 455972596763
BAD 456148212769
BAD 456149151217
BAD 456149948819
BAD 456150593629
BAD 456153976517
BAD 456154598243
BAD 456157000073
BAD 456157512901
BAD 456167663773
BAD 456172899901
BAD 456173250199
BAD 456213939347
BAD 456215667931
BAD 456216348671
BAD 456216348673
BAD 456216348677
BAD 456218351473
BAD 456218351551
BAD 456191670139
BAD 456191670149
BAD 456192052949
BAD 456192052951
BAD 456192052957
BAD 456195642607
BAD 456195908197
BAD 456196440103
BAD 456197312947
BAD 456199432333
BAD 456200798177
BAD 456200798281
BAD 456179678453
BAD 456181168747
BAD 456181168777
BAD 456203370089
BAD 456182883323
BAD 456184108607
BAD 456184702703
BAD 456185455897
BAD 456187985521
BAD 456190700143
BAD 456226064773
BAD 456226064779
BAD 456226064783
BAD 456230200823
BAD 456230200831
BAD 456231250093
BAD 456231250109
BAD 456231743189
BAD 456237930377
BAD 456239159527
BAD 456241436303
BAD 456245356271
BAD 456245968379
BAD 456245968393
BAD 456249451243
BAD 456249451253
BAD 456254047141
BAD 456254047147
BAD 456254717299
BAD 456254742577
BAD 456326293823
BAD 456327327691
BAD 456329439323
BAD 456330911513
BAD 456336101303
BAD 456308412887
BAD 456308412893
BAD 456336994237
BAD 456338205049
BAD 456338205053
BAD 456262966157
BAD 456263356753
BAD 456279876413
BAD 456375411169
BAD 456280169669
BAD 456280169671
BAD 456280417997
BAD 456281392213
BAD 456546422701
BAD 456269884801
BAD 456320064173
BAD 456320163083
BAD 456270988787
BAD 456321687889
BAD 456272306143
BAD 456322791677
BAD 456385950389
BAD 456323636317
BAD 456283422299
BAD 456386878901
BAD 456285954169
BAD 456390741229
BAD 456391805803
BAD 456553058993
BAD 456291210311
BAD 456291210313
BAD 456291210317
BAD 456555486113
BAD 456557233117
BAD 456557233133
BAD 456558233797
BAD 456558233801
BAD 456558233809
BAD 456559582441
BAD 456559582447
BAD 456510209041
BAD 456511522559
BAD 456511522561
BAD 456514849891
BAD 456393188903
BAD 456393238373
BAD 456515426371
BAD 456517160213
BAD 456517160237
BAD 456517227233
BAD 456395941471
BAD 456395941501
BAD 456396588943
BAD 456396588953
BAD 456519518867
BAD 456476640541
BAD 456477153683
BAD 456400562263
BAD 456400565431
BAD 456401367601
BAD 456402674423
BAD 456348119509
BAD 456481879697
BAD 456481879723
BAD 456482749291
BAD 456482749297
BAD 456482749301
BAD 456404754503
BAD 456485164613
BAD 456485165131
BAD 456351781519
BAD 456486654209
BAD 456408371227
BAD 456524349599
BAD 456488519197
BAD 456488519329
BAD 456488829631
BAD 456355371827
BAD 456355371833
BAD 456355371841
BAD 456355371847
BAD 456411152713
BAD 456490842083
BAD 456357012151
BAD 456414142673
BAD 456496052149
BAD 456496052153
BAD 456496052161
BAD 456497366071
BAD 456497366077
BAD 456497366093
BAD 456497366153
BAD 456418437271
BAD 456418437281
BAD 456418437289
BAD 456421050031
BAD 456530765153
BAD 456423617401
BAD 456423617449
BAD 456532984381
BAD 456507265873
BAD 456508136743
BAD 456537742711
BAD 456537742721
BAD 456537742723
BAD 456537742733
BAD 456540586913
BAD 456542954143
BAD 456291839057
BAD 456292899389
BAD 456293742791
BAD 456462987863
BAD 456295012969
BAD 456565822331
BAD 456565822333
BAD 456464097457
BAD 456464600743
BAD 456297358537
BAD 456569214173
BAD 456569331649
BAD 456569331671
BAD 456361838827
BAD 456569596543
BAD 456570030649
BAD 456570030691
BAD 456570030703
BAD 456570045989
BAD 456570045991
BAD 456570319633
BAD 456299959823
BAD 456299959831
BAD 456299959837
BAD 456364233151
BAD 456364703453
BAD 456426650237
BAD 456303845341
BAD 456364865219
BAD 456364865221
BAD 456426936709
BAD 456365360333
BAD 456365360351
BAD 456474658153
BAD 456366452303
BAD 456576063599
BAD 456576063631
BAD 456576063637
BAD 456306615997
BAD 456429019771
BAD 456429489727
BAD 456429489731
BAD 456430523239
BAD 456444072793
BAD 456444072829
BAD 456370874447
BAD 456370874489
BAD 456371163953
BAD 456371163961
BAD 456432549949
BAD 456434366519
BAD 456434366527
BAD 456373642951
BAD 456373642957
BAD 456447554461
BAD 456373950931
BAD 456438389467
BAD 456452065283
BAD 456458841521
BAD 456611919061
BAD 456611919173
BAD 456615637391
BAD 456615637393
BAD 456615637397
BAD 456616031461
BAD 456616534993
BAD 456616534999
BAD 456616535003
BAD 456616535051
BAD 456616535059
BAD 456618744353
BAD 456623113049
BAD 456625284421
BAD 456625284439
BAD 456578123269
BAD 456578140763
BAD 456578299579
BAD 456578299601
BAD 456578299603
BAD 456578299607
BAD 456579792553
BAD 456594452359
BAD 456594452371
BAD 456648361231
BAD 456598749389
BAD 456651755639
BAD 456651755641
BAD 456652001101
BAD 456652001107
BAD 456652001111
BAD 456602151583
BAD 456656126803
BAD 456656842097
BAD 456658146103
BAD 456658146121
BAD 456608556049
BAD 456608556121
BAD 456608556143
BAD 456609053419
BAD 456609053423
BAD 456609053429
BAD 456609053431
BAD 456660129649
BAD 456660129661
BAD 456662974849
BAD 456662974853
BAD 456664620289
BAD 456664620301
BAD 456666339299
BAD 456668705419
BAD 456671086961
BAD 456673474861
BAD 456676788769
BAD 456676788773
BAD 456678159481
BAD 456678159493
BAD 456678159503
BAD 456748163639
BAD 456748163647
BAD 456748163659
BAD 456729901757
BAD 456730047889
BAD 456679759799
BAD 456679759801
BAD 456730214273
BAD 456748644959
BAD 456748896353
BAD 456748896427
BAD 456750975137
BAD 456734088709
BAD 456734504777
BAD 456734504783
BAD 456756941383
BAD 456756941387
BAD 456758643559
BAD 456758643563
BAD 456682961263
BAD 456759493847
BAD 456682961281
BAD 456713276581
BAD 456713302963
BAD 456689102567
BAD 456689514299
BAD 456689514301
BAD 456689514367
BAD 456689514371
BAD 456689514373
BAD 456630969731
BAD 456689514473
BAD 456630969733
BAD 456630969737
BAD 456632983531
BAD 456635369459
BAD 456635369461
BAD 456635369483
BAD 456636879343
BAD 456727366549
BAD 456727366553
BAD 456727366559
BAD 456727366561
BAD 456637443091
BAD 456638332289
BAD 456638332291
BAD 456796660987
BAD 456797419277
BAD 456797419279
BAD 456802381909
BAD 456802770379
BAD 456803175001
BAD 456806187391
BAD 456810611923
BAD 456810611927
BAD 456810611941
BAD 456695271871
BAD 456695529061
BAD 456695936393
BAD 456697807459
BAD 456697807463
BAD 456697807493
BAD 456697972369
BAD 456697972373
BAD 456699631613
BAD 456818965541
BAD 456761385811
BAD 456761385961
BAD 456912698743
BAD 456912698761
BAD 456913003861
BAD 456826278683
BAD 456704620261
BAD 456826932917
BAD 456915120481
BAD 456705307637
BAD 456916512653
BAD 456916512683
BAD 456917655893
BAD 456917893181
BAD 456917985157
BAD 456772994011
BAD 456773366327
BAD 456773366339
BAD 456773366341
BAD 456920737201
BAD 456922284703
BAD 456923649547
BAD 456923649551
BAD 456925079269
BAD 456925512079
BAD 456925512091
BAD 456707241763
BAD 456831328999
BAD 456832255639
BAD 456832255643
BAD 456832447339
BAD 456709200617
BAD 456840168833
BAD 456843827977
BAD 456898933669
BAD 456901579577
BAD 456901579579
BAD 456847384073
BAD 456847384087
BAD 456847384093
BAD 456781552729
BAD 456904105223
BAD 456904509403
BAD 456851054603
BAD 456785264267
BAD 456785264269
BAD 456853810649
BAD 456853863593
BAD 456787860443
BAD 456787860467
BAD 456787860469
BAD 456789635347
BAD 456860576377
BAD 456860576413
BAD 456793937893
BAD 456965313157
BAD 456794559323
BAD 456863111899
BAD 456969148981
BAD 456969148991
BAD 456969791153
BAD 456866252081
BAD 456866252083
BAD 456970903489
BAD 456971436853
BAD 456971943143
BAD 456971943149
BAD 456971943151
BAD 456971943193
BAD 456867304471
BAD 456867304489
BAD 456867304493
BAD 456867304499
BAD 456867304501
BAD 456972892877
BAD 456972892879
BAD 456931381523
BAD 456975333889
BAD 456975333901
BAD 456932458471
BAD 456880047653
BAD 456947666807
BAD 456947666809
BAD 456978609433
BAD 456948534589
BAD 456881564011
BAD 456881564017
BAD 456933459907
BAD 456873263411
BAD 456933961193
BAD 456934283933
BAD 456883513081
BAD 456875427137
BAD 456885300983
BAD 456954777031
BAD 456938067143
BAD 456877553459
BAD 456939323749
BAD 456957046261
BAD 456957292081
BAD 456890349917
BAD 456890349919
BAD 456943893283
BAD 456944559083
BAD 456895360793
BAD 456999016063
BAD 457005717323
BAD 457009482931
BAD 457012730101
BAD 456980343299
BAD 456980343301
BAD 456984355313
BAD 456987480589
BAD 456988066279
BAD 456990231193
BAD 456990231197
BAD 456990231199
BAD 456990598979
BAD 456991958519
BAD 457030529303
BAD 457034041301
BAD 457034246509
BAD 457034309201
BAD 457035106273
BAD 457035735577
BAD 457036209739
BAD 457036209743
BAD 457039695589
BAD 457039695611
BAD 457039695613
BAD 457039774273
BAD 457040464879
BAD 457040464883
BAD 457040464891
BAD 457040464913
BAD 457040464919
BAD 457040464921
BAD 457043660611
BAD 457043660617
BAD 457066321351
BAD 457066446283
BAD 457066446293
BAD 457067058781
BAD 457072173773
BAD 457081370177
BAD 457075188139
BAD 457075301119
BAD 457082803823
BAD 457075347931
BAD 457082888209
BAD 457047523013
BAD 457076245111
BAD 457047904723
BAD 457048148153
BAD 457077490699
BAD 457077726409
BAD 457085609237
BAD 457086184213
BAD 457089546559
BAD 457089546569
BAD 457090888459
BAD 457090888469
BAD 457114640299
BAD 457114640303
BAD 457114640309
BAD 457058184329
BAD 457094728969
BAD 457094728973
BAD 457059432217
BAD 457059432223
BAD 457059803363
BAD 457118839613
BAD 457120818787
BAD 457123580873
BAD 457127666423
BAD 457127666441
BAD 457128626089
BAD 457128626093
BAD 457128626099
BAD 457016569663
BAD 457019620403
BAD 457021824719
BAD 457022081363
BAD 457023935243
BAD 457023935353
BAD 457027481557
BAD 457027699937
BAD 457027699939
BAD 457027699943
BAD 457097138291
BAD 457097138293
BAD 457098347567
BAD 457098347569
BAD 457099432367
BAD 457099432369
BAD 457099432373
BAD 457099432393
BAD 457101344423
BAD 457101344437
BAD 457101344473
BAD 457101963137
BAD 457101963139
BAD 457101963151
BAD 457102715653
BAD 457102988543
BAD 457102988557
BAD 457102988567
BAD 457103451953
BAD 457106923813
BAD 457130795449
BAD 457109597561
BAD 457111147589
BAD 457141812763
BAD 457141812767
BAD 457141812769
BAD 457141921367
BAD 457145713873
BAD 457145767973
BAD 457145767979
BAD 457145768003
BAD 457146624173
BAD 457264707833
BAD 457331914657
BAD 457331914673
BAD 457334479477
BAD 457336437403
BAD 457272690379
BAD 457274992297
BAD 457275805529
BAD 457275805531
BAD 457348626949
BAD 457339952063
BAD 457339952071
BAD 457339952081
BAD 457348859281
BAD 457276796783
BAD 457278628679
BAD 457278628687
BAD 457231141531
BAD 457347052093
BAD 457254273137
BAD 457254273139
BAD 457254273143
BAD 457234203001
BAD 457234203043
BAD 457348381837
BAD 457255757753
BAD 457255757809
BAD 457255757813
BAD 457256744123
BAD 457352206589
BAD 457367070137
BAD 457367070143
BAD 457260242479
BAD 457367824261
BAD 457237371263
BAD 457261387159
BAD 457261714577
BAD 457261714579
BAD 457261714583
BAD 457282286821
BAD 457282286827
BAD 457369837669
BAD 457369837709
BAD 457369837711
BAD 457238502923
BAD 457263807109
BAD 457263807113
BAD 457183187053
BAD 457319894519
BAD 457320362087
BAD 457320362089
BAD 457359506179
BAD 457359506189
BAD 457242760129
BAD 457375911457
BAD 457375911463
BAD 457375911469
BAD 457375922977
BAD 457360810279
BAD 457360810289
BAD 457243274287
BAD 457376586287
BAD 457244274439
BAD 457244435209
BAD 457244435243
BAD 457244435257
BAD 457244435261
BAD 457244512273
BAD 457287287887
BAD 457245620437
BAD 457325542459
BAD 457325542463
BAD 457325542469
BAD 457325688023
BAD 457378654259
BAD 457198058593
BAD 457378654283
BAD 457378654321
BAD 457378953683
BAD 457378953697
BAD 457378953701
BAD 457290315871
BAD 457326358693
BAD 457379649151
BAD 457380092513
BAD 457199766899
BAD 457199766901
BAD 457291311523
BAD 457291311583
BAD 457327286881
BAD 457192337743
BAD 457192337747
BAD 457192960073
BAD 457301135689
BAD 457201852609
BAD 457194447109
BAD 457331406547
BAD 457304095363
BAD 457296185791
BAD 457204156247
BAD 457204156249
BAD 457204156273
BAD 457305402803
BAD 457305402839
BAD 457206577403
BAD 457219039051
BAD 457207343377
BAD 457307851043
BAD 457207979677
BAD 457208345483
BAD 457308503389
BAD 457308919103
BAD 457220302969
BAD 457222257979
BAD 457222480283
BAD 457210997497
BAD 457312071877
BAD 457166423347
BAD 457223833379
BAD 457150276591
BAD 457166669273
BAD 457166669279
BAD 457212892327
BAD 457212971717
BAD 457167582943
BAD 457167582947
BAD 457167582953
BAD 457313786417
BAD 457314101971
BAD 457314101977
BAD 457314101999
BAD 457314102001
BAD 457314204593
BAD 457168347473
BAD 457214168503
BAD 457214168507
BAD 457214168611
BAD 457152489029
BAD 457170262039
BAD 457155774721
BAD 457171592261
BAD 457171592263
BAD 457158443671
BAD 457158443747
BAD 457173433831
BAD 457159887773
BAD 457175820181
BAD 457175990303
BAD 457175990311
BAD 457175990317
BAD 457176927853
BAD 457163619329
BAD 457163619331
BAD 457178876381
BAD 457178876383
BAD 457399923259
BAD 457400262523
BAD 457402201549
BAD 457402829041
BAD 457402829047
BAD 457406704891
BAD 457413809401
BAD 457382530853
BAD 457384666183
BAD 457385813771
BAD 457385965831
BAD 457388067601
BAD 457394116499
BAD 457397774473
BAD 457398139243
BAD 457416996151
BAD 457417220213
BAD 457417786439
BAD 457436730229
BAD 457436730271
BAD 457418793683
BAD 457437934537
BAD 457439808169
BAD 457439808173
BAD 457421536823
BAD 457421536829
BAD 457421928841
BAD 457440412157
BAD 457421928853
BAD 457422004811
BAD 457422004813
BAD 457422004843
BAD 457441549393
BAD 457422988493
BAD 457443222727
BAD 457445070499
BAD 457426866709
BAD 457427417599
BAD 457448297717
BAD 457486167433
BAD 457487528299
BAD 457489060493
BAD 457494831151
BAD 457494831187
BAD 457497630871
BAD 457497806707
BAD 457498040281
BAD 457498220657
BAD 457498220659
BAD 457468198997
BAD 457470384271
BAD 457470384277
BAD 457471474099
BAD 457472584207
BAD 457477856821
BAD 457482491051
BAD 457482636509
BAD 457482636511
BAD 457503136081
BAD 457503942661
BAD 457504780133
BAD 457504780141
BAD 457505534659
BAD 457506652483
BAD 457506652487
BAD 457506652489
BAD 457507585127
BAD 457507585141
BAD 457508604121
BAD 457511184679
BAD 457513671091
BAD 457518572579
BAD 457518572683
BAD 457521020953
BAD 457523301901
BAD 457534032119
BAD 457534032121
BAD 457527223889
BAD 457450903853
BAD 457530749623
BAD 457453245131
BAD 457453844093
BAD 457532010179
BAD 457532010181
BAD 457454589443
BAD 457455496793
BAD 457455516863
BAD 457458822101
BAD 457458822103
BAD 457460868923
BAD 457543349213
BAD 457543349227
BAD 457543372141
BAD 457462294369
BAD 457463595079
BAD 457463595091
BAD 457463595109
BAD 457547402177
BAD 457548563767
BAD 457668787757
BAD 457668787759
BAD 457669593559
BAD 457617856321
BAD 457677190829
BAD 457619092043
BAD 457619092061
BAD 457620837953
BAD 457621288939
BAD 457624123519
BAD 457625576731
BAD 457626064793
BAD 457627897733
BAD 457627897739
BAD 457632054157
BAD 457632054161
BAD 457632054163
BAD 457769111017
BAD 457769190353
BAD 457774028903
BAD 457774028909
BAD 457774028911
BAD 457774028953
BAD 457775013673
BAD 457775013701
BAD 457777501043
BAD 457782151747
BAD 457684198343
BAD 457686210253
BAD 457686210263
BAD 457635971161
BAD 457635971167
BAD 457635999193
BAD 457785175301
BAD 457687650229
BAD 457688694523
BAD 457637326477
BAD 457637326481
BAD 457637326483
BAD 457637326519
BAD 457690396463
BAD 457690396469
BAD 457690396477
BAD 457690396489
BAD 457639411609
BAD 457640250931
BAD 457583599283
BAD 457751486539
BAD 457751941147
BAD 457641819031
BAD 457790331707
BAD 457790331709
BAD 457753021951
BAD 457697739991
BAD 457753938023
BAD 457754023943
BAD 457698608219
BAD 457754068591
BAD 457754826259
BAD 457588165933
BAD 457700035889
BAD 457736903837
BAD 457593616807
BAD 457700035927
BAD 457602542239
BAD 457736903863
BAD 457736903881
BAD 457756140241
BAD 457602757723
BAD 457594810693
BAD 457604081633
BAD 457604143747
BAD 457604663231
BAD 457739393149
BAD 457739393173
BAD 457646000179
BAD 457646000183
BAD 457740433883
BAD 457606368299
BAD 457606368301
BAD 457760041103
BAD 457608015143
BAD 457761797347
BAD 457761797351
BAD 457761797357
BAD 457761797359
BAD 457761797371
BAD 457742884567
BAD 457744865107
BAD 457763776937
BAD 457719556843
BAD 457611091921
BAD 457719556849
BAD 457650816541
BAD 457550279741
BAD 457747298933
BAD 457550279743
BAD 457651433191
BAD 457612004371
BAD 457705542341
BAD 457721400569
BAD 457721400571
BAD 457749275351
BAD 457749275353
BAD 457749275363
BAD 457653222307
BAD 457653222331
BAD 457722800551
BAD 457722800569
BAD 457750821301
BAD 457707597989
BAD 457655311753
BAD 457655311907
BAD 457655311909
BAD 457709005861
BAD 457709005879
BAD 457616762107
BAD 457616762111
BAD 457724526313
BAD 457710642901
BAD 457726551181
BAD 457726551187
BAD 457726551211
BAD 457658024209
BAD 457658042753
BAD 457658131057
BAD 457727387927
BAD 457713776033
BAD 457714260109
BAD 457714493713
BAD 457556282401
BAD 457660062781
BAD 457730980459
BAD 457730980463
BAD 457732279159
BAD 457663385941
BAD 457663751453
BAD 457664038973
BAD 457665390529
BAD 457562828819
BAD 457803335503
BAD 457566638393
BAD 457566638401
BAD 457568815309
BAD 457569529699
BAD 457808904961
BAD 457570755769
BAD 457811686907
BAD 457811686909
BAD 457574273201
BAD 457812336077
BAD 457812336083
BAD 457575425233
BAD 457575629767
BAD 457813709159
BAD 457813709161
BAD 457814425417
BAD 457577422493
BAD 457817274379
BAD 457581919489
BAD 457581919493
BAD 457818473821
BAD 457820488277
BAD 457822588309
BAD 457822588343
BAD 457822693127
BAD 457822693129
BAD 457827398783
BAD 457827398789
BAD 457832515471
BAD 457869911713
BAD 457870756237
BAD 457870756253
BAD 457870756279
BAD 457871061391
BAD 457872806431
BAD 457880510473
BAD 457883908063
BAD 457883908067
BAD 457884686713
BAD 457884686723
BAD 457837840177
BAD 457854317587
BAD 457839906289
BAD 457840994129
BAD 457840994131
BAD 457856648839
BAD 457841823713
BAD 457841823721
BAD 457862034151
BAD 457848587017
BAD 457864982363
BAD 457850297189
BAD 457886345491
BAD 457892958781
BAD 457895962273
BAD 457901959441
BAD 457901959457
BAD 457903418881
BAD 457913780419
BAD 457915774031
BAD 457920109897
BAD 457920109903
BAD 457920109909
BAD 457937489813
BAD 457937489819
BAD 457917645329
BAD 457917645331
BAD 457922421727
BAD 457922421739
BAD 457939685089
BAD 457918498523
BAD 457941276293
BAD 457941276323
BAD 457941733477
BAD 457925871679
BAD 457926431597
BAD 457943840363
BAD 457927137281
BAD 457946994301
BAD 457948619773
BAD 457935323249
BAD 458154531293
BAD 458156764133
BAD 458159021717
BAD 458159021743
BAD 458160721979
BAD 458160721981
BAD 458137474523
BAD 458137928029
BAD 458137928033
BAD 458223342559
BAD 458224105621
BAD 458224888159
BAD 458165008837
BAD 458226218101
BAD 458227388419
BAD 458227506739
BAD 458188788703
BAD 458188788727
BAD 458188788763
BAD 458188788767
BAD 458169219107
BAD 458188788769
BAD 458188788773
BAD 458188871821
BAD 458188871827
BAD 458230484221
BAD 458189314367
BAD 458145358123
BAD 458145358127
BAD 458145358129
BAD 458231495461
BAD 458231495471
BAD 458231495473
BAD 458231545423
BAD 458233459183
BAD 458148058271
BAD 458193395483
BAD 458235583699
BAD 458235583703
BAD 458235719177
BAD 458149665041
BAD 458149753871
BAD 458150545973
BAD 458196495643
BAD 458196495649
BAD 458151934369
BAD 458196913991
BAD 458198785081
BAD 458199175127
BAD 458199175129
BAD 458200387823
BAD 458201306687
BAD 458201756183
BAD 458201901173
BAD 457971043757
BAD 457971043759
BAD 457975414769
BAD 457976825413
BAD 457976825419
BAD 457984599187
BAD 457984599199
BAD 458070292103
BAD 458071033423
BAD 458071033429
BAD 457957434139
BAD 457957434173
BAD 457958010893
BAD 457958010899
BAD 458072170603
BAD 458072431627
BAD 458072431633
BAD 458072763259
BAD 458002852009
BAD 458073359353
BAD 458073359357
BAD 458073359377
BAD 458087666051
BAD 458087666053
BAD 457959780017
BAD 458073840883
BAD 457959873673
BAD 458008501351
BAD 458088300253
BAD 457959873677
BAD 457961100889
BAD 457961100893
BAD 457961100901
BAD 458074598599
BAD 458074598603
BAD 458074598617
BAD 458074598621
BAD 458010171701
BAD 458010894001
BAD 457962384227
BAD 457962384233
BAD 457962384241
BAD 458090569957
BAD 458075875819
BAD 458075875823
BAD 458103630007
BAD 457986906583
BAD 458172849331
BAD 458104223149
BAD 458094926449
BAD 457987785469
BAD 458016736147
BAD 458120832739
BAD 458121686819
BAD 458019848483
BAD 458019897343
BAD 458097243433
BAD 458176754701
BAD 458085242897
BAD 458085242899
BAD 458085936331
BAD 458125874971
BAD 457993179613
BAD 457993179617
BAD 458109396097
BAD 458101012643
BAD 458038057207
BAD 458101056019
BAD 458024727781
BAD 458024727829
BAD 458038448603
BAD 458127195289
BAD 458054765989
BAD 458054813941
BAD 458110139621
BAD 458038652857
BAD 458038652879
BAD 458038652881
BAD 458039023777
BAD 458127697133
BAD 458127697151
BAD 458102160431
BAD 458102160433
BAD 458102160443
BAD 458039484569
BAD 458039484571
BAD 458026622437
BAD 458057096999
BAD 458040526609
BAD 458058342653
BAD 458113990493
BAD 458182432723
BAD 457997071339
BAD 457997071351
BAD 457997130379
BAD 458041770169
BAD 458059606583
BAD 458059606591
BAD 458059647407
BAD 458059647413
BAD 458028903439
BAD 458028903443
BAD 458042079073
BAD 458131576457
BAD 458131576459
BAD 458029662991
BAD 458116809001
BAD 458116809077
BAD 458030491021
BAD 458117120917
BAD 458117121023
BAD 458030821331
BAD 458118952231
BAD 458135739247
BAD 458135739253
BAD 458135739263
BAD 458032617677
BAD 458032617683
BAD 458033358353
BAD 458047068601
BAD 458136613411
BAD 458136613667
BAD 458204208727
BAD 458035384771
BAD 458205631111
BAD 458205631127
BAD 458050707319
BAD 458208897247
BAD 458254500883
BAD 458218289623
BAD 458219856151
BAD 458267857969
BAD 458267857973
BAD 458238401849
BAD 458238401851
BAD 458239297441
BAD 458239468327
BAD 458240599021
BAD 458305191829
BAD 458306756669
BAD 458306756671
BAD 458306756717
BAD 458245683913
BAD 458245683919
BAD 458246369437
BAD 458246369443
BAD 458246369453
BAD 458246369473
BAD 458308924681
BAD 458308924693
BAD 458248549193
BAD 458248662041
BAD 458248662043
BAD 458313138533
BAD 458252723759
BAD 458252723767
BAD 458252723777
BAD 458252723779
BAD 458252723783
BAD 458253069851
BAD 458318581793
BAD 458339354843
BAD 458339354873
BAD 458342507939
BAD 458342507941
BAD 458347428073
BAD 458276677889
BAD 458276677891
BAD 458276677927
BAD 458277032513
BAD 458277032519
BAD 458351827489
BAD 458351827501
BAD 458277708907
BAD 458278230049
BAD 458278310449
BAD 458278310453
BAD 458279122373
BAD 458279753167
BAD 458285178409
BAD 458285178413
BAD 458286655069
BAD 458291686549
BAD 458291686553
BAD 458293552219
BAD 458295833629
BAD 458297309303
BAD 458297691713
BAD 458298054059
BAD 458298054061
BAD 458298514561
BAD 458298514573
BAD 458300532631
BAD 458301562489
BAD 458303421749
BAD 458324643353
BAD 458327862353
BAD 458327862359
BAD 458327862361
BAD 458328137303
BAD 458333629081
BAD 458334528409
BAD 458334528413
BAD 458335185023
BAD 458337161441
BAD 458376637687
BAD 458377014847
BAD 458378602673
BAD 458382253369
BAD 458382253397
BAD 458382253403
BAD 458386283743
BAD 458355214441
BAD 458356084723
BAD 458356832051
BAD 458356832053
BAD 458358391507
BAD 458361217277
BAD 458364352729
BAD 458370816899
BAD 458370816913
BAD 458408968733
BAD 458408968739
BAD 458424296959
BAD 458424923687
BAD 458424923689
BAD 458410560961
BAD 458426817577
BAD 458412580477
BAD 458412580489
BAD 458412886853
BAD 458429201569
BAD 458414829739
BAD 458414829751
BAD 458415234163
BAD 458416113823
BAD 458416113833
BAD 458416113893
BAD 458418617491
BAD 458437897081
BAD 458421018073
BAD 458421018079
BAD 458421432517
BAD 458641714009
BAD 458645117431
BAD 458649966713
BAD 458650536871
BAD 458389982059
BAD 458654125931
BAD 458392141511
BAD 458392141513
BAD 458392264423
BAD 458392906207
BAD 458392906219
BAD 458393304937
BAD 458393504389
BAD 458396495047
BAD 458398699663
BAD 458398777313
BAD 458399429363
BAD 458625197153
BAD 458626458841
BAD 458626864621
BAD 458539828729
BAD 458540292607
BAD 458540292619
BAD 458627894071
BAD 458541328549
BAD 458541965543
BAD 458629882163
BAD 458508157733
BAD 458508277993
BAD 458509302091
BAD 458509302113
BAD 458509682377
BAD 458544540371
BAD 458544540373
BAD 458511414073
BAD 458547940247
BAD 458636621843
BAD 458440515727
BAD 458440515739
BAD 458573774287
BAD 458573774303
BAD 458518140679
BAD 458442397177
BAD 458640066901
BAD 458640066917
BAD 458554505119
BAD 458576350789
BAD 458589996413
BAD 458577235063
BAD 458555706691
BAD 458555706703
BAD 458555706709
BAD 458490540929
BAD 458490540931
BAD 458490540953
BAD 458578289069
BAD 458446420171
BAD 458593980749
BAD 458593980751
BAD 458447261653
BAD 458447261659
BAD 458447261717
BAD 458447261719
BAD 458447261737
BAD 458447261747
BAD 458581166611
BAD 458581780537
BAD 458581780541
BAD 458581780543
BAD 458581780561
BAD 458582409893
BAD 458582409899
BAD 458582409911
BAD 458582409913
BAD 458582409931
BAD 458527738433
BAD 458584242617
BAD 458584242619
BAD 458597390063
BAD 458528493959
BAD 458528493961
BAD 458450292593
BAD 458496908213
BAD 458496908227
BAD 458451856873
BAD 458496908231
BAD 458451856883
BAD 458610070573
BAD 458452084001
BAD 458452084003
BAD 458452084009
BAD 458614162273
BAD 458535103813
BAD 458501512981
BAD 458616355963
BAD 458616831403
BAD 458538329243
BAD 458618376901
BAD 458620798063
BAD 458620798067
BAD 458620850437
BAD 458621131429
BAD 458557167751
BAD 458557167821
BAD 458557167823
BAD 458557167829
BAD 458558131051
BAD 458559526679
BAD 458559526681
BAD 458560447021
BAD 458560447039
BAD 458560524943
BAD 458455851941
BAD 458455851943
BAD 458458233503
BAD 458459642863
BAD 458566520623
BAD 458473445399
BAD 458473445401
BAD 458570747923
BAD 458570747927
BAD 458481467179
BAD 458481773639
BAD 458481773641
BAD 458488587257
BAD 458488587259
BAD 458676525961
BAD 458677965947
BAD 458677965953
BAD 458677965959
BAD 458677965961
BAD 458680619951
BAD 458680619953
BAD 458681578309
BAD 458682854417
BAD 458682854419
BAD 458691157499
BAD 458691157501
BAD 458691457753
BAD 458691457759
BAD 458691902939
BAD 458693931259
BAD 458693931263
BAD 458694112007
BAD 458694112043
BAD 458657770313
BAD 458657770327
BAD 458660040533
BAD 458660855647
BAD 458660855651
BAD 458702304191
BAD 458702304223
BAD 458666483609
BAD 458666483629
BAD 458666483633
BAD 458667261989
BAD 458703383483
BAD 458703929701
BAD 458673750421
BAD 458673750427
BAD 458709688279
BAD 458705405539
BAD 458705405551
BAD 458705943863
BAD 458705943869
BAD 458715133049
BAD 458715225959
BAD 458715225961
BAD 458715225967
BAD 458715225971
BAD 458715416963
BAD 458716030741
BAD 458717010151
BAD 458723336129
BAD 458723336131
BAD 458746480261
BAD 458748060317
BAD 458748060319
BAD 458748742433
BAD 458749753883
BAD 458752858541
BAD 458755696613
BAD 458755696771
BAD 458756664287
BAD 458726569489
BAD 458726569493
BAD 458728752653
BAD 458729534381
BAD 458730148607
BAD 458730148609
BAD 458730148621
BAD 458730980509
BAD 458732997397
BAD 458733385973
BAD 458734855783
BAD 458734855793
BAD 458736422003
BAD 458759861971
BAD 458761510013
BAD 458764059473
BAD 458764527863
BAD 458766270923
BAD 458766270929
BAD 458768145263
BAD 458768145271
BAD 458768145307
BAD 458770283911
BAD 458773996591
BAD 458799021997
BAD 458799022001
BAD 458799926471
BAD 458800771943
BAD 458801472559
BAD 458803632409
BAD 458803632421
BAD 458805613639
BAD 458811880217
BAD 458813674013
BAD 458815086701
BAD 458815086703
BAD 458815086707
BAD 458816029039
BAD 458816648419
BAD 458816975479
BAD 458818041443
BAD 458819810027
BAD 458820519307
BAD 458821553303
BAD 458827783993
BAD 458828486581
BAD 458829748697
BAD 458829748711
BAD 458831086463
BAD 458831976997
BAD 458836853437
BAD 458858871571
BAD 458858897689
BAD 458858897699
BAD 458858897701
BAD 458858897713
BAD 458858897723
BAD 458860215223
BAD 458862514157
BAD 458862514163
BAD 458862689743
BAD 458863877939
BAD 458863877959
BAD 458870208161
BAD 459061037723
BAD 459062308909
BAD 458874164491
BAD 459064185077
BAD 459064185079
BAD 459065519623
BAD 459065519629
BAD 459065733289
BAD 459066500749
BAD 459067192783
BAD 459071892173
BAD 459072542683
BAD 459074217509
BAD 459075574319
BAD 459075951973
BAD 458776694153
BAD 458777433151
BAD 458777433157
BAD 458777872901
BAD 458779161683
BAD 458780185579
BAD 458780185627
BAD 458782564637
BAD 458784106247
BAD 458786102273
BAD 458786872133
BAD 458847816523
BAD 458789566243
BAD 458852273461
BAD 458852273497
BAD 458852273507
BAD 458852273513
BAD 458790876101
BAD 458853707453
BAD 458854367327
BAD 458854367329
BAD 458854367333
BAD 458857859611
BAD 458979903827
BAD 458927353021
BAD 458927353043
BAD 458927631109
BAD 458984517241
BAD 458928154471
BAD 458985831973
BAD 458943806081
BAD 458987023549
BAD 458946392389
BAD 458946650237
BAD 458895846349
BAD 458938898027
BAD 458949617153
BAD 458899451189
BAD 458899451191
BAD 458899499029
BAD 458989676779
BAD 458951221523
BAD 458877534421
BAD 458992738201
BAD 458952049561
BAD 458878853371
BAD 458878853423
BAD 458902705111
BAD 458994575461
BAD 458994575467
BAD 458995379813
BAD 458904296533
BAD 458904572143
BAD 458992449211
BAD 458992449217
BAD 458997713341
BAD 458997713359
BAD 458907096979
BAD 458907096983
BAD 459003332113
BAD 459028373269
BAD 459011085023
BAD 458888983913
BAD 459030581371
BAD 459005738357
BAD 458888983921
BAD 458889481741
BAD 458889594643
BAD 459006722611
BAD 459007824439
BAD 459032637439
BAD 459008298467
BAD 459008461183
BAD 459013750219
BAD 459035712931
BAD 459016172959
BAD 458912024243
BAD 459037570253
BAD 459039103387
BAD 459040824503
BAD 459043257007
BAD 459019723997
BAD 459019723999
BAD 459019724003
BAD 459019724183
BAD 459020086531
BAD 459043768831
BAD 459043768837
BAD 459043920463
BAD 458916414427
BAD 458916414431
BAD 458916414433
BAD 459045418639
BAD 458962043809
BAD 459024302383
BAD 459025371601
BAD 459047707823
BAD 459047951143
BAD 458921033093
BAD 459051556763
BAD 459051556771
BAD 458973920813
BAD 459077341049
BAD 459082025557
BAD 459082331137
BAD 459082613953
BAD 459082613993
BAD 459082944277
BAD 459082944283
BAD 459091606951
BAD 459091606969
BAD 459092104637
BAD 459092104643
BAD 459092884763
BAD 459096961249
BAD 459097641169
BAD 459097641187
BAD 459097641203
BAD 459110221831
BAD 459112339627
BAD 459112339639
BAD 459112339643
BAD 459100521293
BAD 459101353481
BAD 459101353483
BAD 459116735179
BAD 459116735183
BAD 459103145251
BAD 459103145257
BAD 459103145261
BAD 459116905981
BAD 459116905987
BAD 459118101373
BAD 459120159529
BAD 459120159569
BAD 459120159571
BAD 459120159577
BAD 459120159581
BAD 459120159583
BAD 459120159601
BAD 459120159607
BAD 459120159781
BAD 459120159787
BAD 459120159793
BAD 459186591583
BAD 459187662151
BAD 459187662217
BAD 459192848299
BAD 459128254913
BAD 459131098057
BAD 459134356553
BAD 459134356561
BAD 459134845591
BAD 459135100609
BAD 459135422453
BAD 459137487023
BAD 459138688769
BAD 459139627789
BAD 459139627801
BAD 459139811551
BAD 459145117133
BAD 459145532917
BAD 459145532959
BAD 459193992053
BAD 459147247243
BAD 459147247253
BAD 459147253493
BAD 459147253517
BAD 459147253519
BAD 459196509781
BAD 459196509787
BAD 459196509791
BAD 459142542931
BAD 459199107221
BAD 459199107223
BAD 459200842283
BAD 459155573003
BAD 459156539201
BAD 459203714707
BAD 459157690093
BAD 459157690097
BAD 459157690099
BAD 459210200693
BAD 459253039771
BAD 459256543313
BAD 459258237413
BAD 459258237421
BAD 459258404333
BAD 459258404351
BAD 459258404393
BAD 459260784329
BAD 459260995573
BAD 459260995619
BAD 459260995621
BAD 459211485463
BAD 459162074671
BAD 459162479911
BAD 459168648787
BAD 459170742539
BAD 459171290003
BAD 459171290009
BAD 459171290021
BAD 459171290023
BAD 459171290027
BAD 459171290029
BAD 459171290033
BAD 459171290041
BAD 459171290047
BAD 459171290051
BAD 459176507693
BAD 459176953309
BAD 459232123123
BAD 459233012851
BAD 459279857027
BAD 459238719263
BAD 459238794143
BAD 459282675601
BAD 459241542587
BAD 459241542589
BAD 459285845371
BAD 459286230889
BAD 459286268159
BAD 459287118863
BAD 459287118869
BAD 459287893223
BAD 459242040689
BAD 459242040709
BAD 459242040721
BAD 459242040743
BAD 459243930293
BAD 459291272933
BAD 459291272941
BAD 459292237517
BAD 459292237519
BAD 459294100999
BAD 459294101011
BAD 459362634751
BAD 459362634781
BAD 459367058443
BAD 459368020957
BAD 459369702997
BAD 459371644493
BAD 459371644499
BAD 459353485243
BAD 459355174247
BAD 459355269103
BAD 459373611061
BAD 459373611079
BAD 459479865937
BAD 459360745873
BAD 459263871371
BAD 459263871373
BAD 459263871377
BAD 459264243241
BAD 459414532589
BAD 459414983663
BAD 459414983669
BAD 459266556271
BAD 459298810703
BAD 459299830981
BAD 459300100351
BAD 459486564083
BAD 459329130983
BAD 459329130989
BAD 459301310627
BAD 459487499791
BAD 459330634859
BAD 459270579263
BAD 459303371453
BAD 459303687559
BAD 459303687569
BAD 459303687571
BAD 459303687653
BAD 459271371101
BAD 459271371103
BAD 459303719767
BAD 459272412653
BAD 459272412659
BAD 459272412661
BAD 459272462993
BAD 459421534393
BAD 459490248337
BAD 459314637931
BAD 459274413253
BAD 459336464033
BAD 459309403747
BAD 459316361633
BAD 459316782629
BAD 459316782643
BAD 459426236119
BAD 459276697723
BAD 459310418647
BAD 459317939419
BAD 459338966971
BAD 459338966987
BAD 459311252767
BAD 459339895733
BAD 459340762883
BAD 459321026653
BAD 459324284149
BAD 459379157183
BAD 459429066203
BAD 459430780253
BAD 459382447903
BAD 459382499011
BAD 459433414423
BAD 459386933899
BAD 459386933903
BAD 459386995877
BAD 459387298171
BAD 459463348349
BAD 459388671061
BAD 459390300647
BAD 459390300653
BAD 459390300661
BAD 459391126981
BAD 459391126991
BAD 459466915763
BAD 459391810547
BAD 459445696867
BAD 459445696901
BAD 459445696909
BAD 459468850507
BAD 459440755349
BAD 459441271411
BAD 459441271417
BAD 459393315421
BAD 459393315427
BAD 459393375677
BAD 459393599713
BAD 459393968549
BAD 459393968567
BAD 459393968569
BAD 459393968573
BAD 459448154177
BAD 459443530243
BAD 459448585223
BAD 459473997989
BAD 459473997991
BAD 459445002031
BAD 459475377737
BAD 459397170413
BAD 459397340047
BAD 459397340057
BAD 459397340063
BAD 459397340069
BAD 459397340071
BAD 459453439343
BAD 459478171021
BAD 459478584311
BAD 459454888391
BAD 459454888393
BAD 459455470703
BAD 459400261501
BAD 459400261511
BAD 459400261513
BAD 459400261517
BAD 459457427899
BAD 459457427903
BAD 459401994049
BAD 459402771151
BAD 459459773923
BAD 459459773933
BAD 459459773939
BAD 459403276487
BAD 459403276489
BAD 459460651519
BAD 459460651523
BAD 459460651537
BAD 459460742077
BAD 459461374013
BAD 459406424863
BAD 459407205857
BAD 459408368311
BAD 459410018611
BAD 459499186277
BAD 459499186309
BAD 459511181257
BAD 459512631607
BAD 459516772489
BAD 459516772501
BAD 459517772773
BAD 459517772809
BAD 459522056183
BAD 459526364893
BAD 459527250863
BAD 459528282683
BAD 459531423811
BAD 459533031077
BAD 459533031079
BAD 459533386733
BAD 459535915921
BAD 459536565647
BAD 459546469069
BAD 459547670599
BAD 459549732233
BAD 459542007713
BAD 459542014969
BAD 459542014973
BAD 459551754349
BAD 459551754353
BAD 459551754359
BAD 459543107077
BAD 459543107081
BAD 459553992683
BAD 459555310549
BAD 459555310553
BAD 459555575651
BAD 459555575653
BAD 459557414363
BAD 459560409739
BAD 459561823547
BAD 459561823549
BAD 459561907093
BAD 459564913373
BAD 459564919199
BAD 459567948211
BAD 459570850279
BAD 459570850283
BAD 459571537769
BAD 459575518433
BAD 459575518489
BAD 459577232383
BAD 459577232393
BAD 459578085121
BAD 459598336321
BAD 459598912909
BAD 459600675367
BAD 459603081083
BAD 459603081089
BAD 459604417807
BAD 459605925049
BAD 459610496497
BAD 459610932301
BAD 459610932307
BAD 459613213403
BAD 459667213339
BAD 459668436901
BAD 459670544569
BAD 459670544581
BAD 459673886449
BAD 459673886453
BAD 459674539099
BAD 459674878219
BAD 459674878321
BAD 459674878361
BAD 459652106701
BAD 459631161053
BAD 459631161083
BAD 459676302359
BAD 459676302361
BAD 459653203453
BAD 459653203487
BAD 459632543779
BAD 459653203489
BAD 459586756147
BAD 459653203519
BAD 459653203523
BAD 459586756151
BAD 459587533133
BAD 459633867467
BAD 459635076437
BAD 459635076451
BAD 459589756609
BAD 459590614633
BAD 459637385041
BAD 459637385047
BAD 459637385173
BAD 459637385177
BAD 459637385183
BAD 459637385189
BAD 459637385191
BAD 459656819243
BAD 459638314621
BAD 459658517273
BAD 459658517281
BAD 459659061787
BAD 459659061791
BAD 459659061793
BAD 459661107173
BAD 459642993113
BAD 459643987681
BAD 459662980253
BAD 459644691229
BAD 459645513083
BAD 459645869539
BAD 459645946247
BAD 459999939613
BAD 459737229617
BAD 459737229619
BAD 459737229649
BAD 459740372027
BAD 459741628343
BAD 459743369513
BAD 459743369573
BAD 459743369581
BAD 459743806961
BAD 459744079079
BAD 459614340751
BAD 459615176693
BAD 459616836781
BAD 459616836799
BAD 459748040981
BAD 459748040989
BAD 459617386253
BAD 459617996909
BAD 459617996911
BAD 459748427969
BAD 459748597817
BAD 459618685979
BAD 459749440261
BAD 459749440279
BAD 459749893829
BAD 459749893831
BAD 459751821499
BAD 459752249287
BAD 459752249291
BAD 459753458123
BAD 459753490309
BAD 459754920529
BAD 459755533487
BAD 459627675943
BAD 459627675971
BAD 459627675973
BAD 459757177519
BAD 459757674503
BAD 459629666033
BAD 459629666071
BAD 459758895919
BAD 459758895923
BAD 459760091137
BAD 459760091143
BAD 459716497171
BAD 459716497217
BAD 459717163291
BAD 459762190469
BAD 459762837263
BAD 459763172629
BAD 459721408711
BAD 459721457003
BAD 459721457009
BAD 459721457011
BAD 459721457017
BAD 459817132823
BAD 459781882939
BAD 459781882943
BAD 459725899519
BAD 459783400807
BAD 459783400831
BAD 459727474949
BAD 459727474951
BAD 459727474993
BAD 459682035389
BAD 459682035391
BAD 459682488481
BAD 459682488487
BAD 459682488491
BAD 459785518921
BAD 459822797881
BAD 459822797887
BAD 459823217599
BAD 459823217603
BAD 459684657353
BAD 459824141797
BAD 459787920773
BAD 459686185753
BAD 459799383293
BAD 459687392851
BAD 459826289729
BAD 459826289731
BAD 459826584559
BAD 459789841829
BAD 459789841831
BAD 459789841837
BAD 459801493189
BAD 459789841843
BAD 459828760619
BAD 459828760621
BAD 459828760627
BAD 459689823451
BAD 459689823457
BAD 459804574357
BAD 459806147083
BAD 459795383963
BAD 459695285393
BAD 459795792439
BAD 459797869903
BAD 459797869931
BAD 459696243707
BAD 459696243709
BAD 459813788191
BAD 459900952601
BAD 459900952603
BAD 459901380413
BAD 459904381843
BAD 459765714719
BAD 459765714721
BAD 459766640219
BAD 459767040721
BAD 459850061989
BAD 459909461203
BAD 459910407469
BAD 459910496237
BAD 459910496239
BAD 459853732913
BAD 459853856359
BAD 459853856369
BAD 459855218639
BAD 459698948573
BAD 459698987401
BAD 459698987459
BAD 459771761741
BAD 459771761773
BAD 459773391403
BAD 459773391409
BAD 459702788827
BAD 459858437561
BAD 459832222417
BAD 459774532339
BAD 459775439303
BAD 459704250233
BAD 459860715233
BAD 459776157499
BAD 459704924179
BAD 459704924183
BAD 459777888391
BAD 459834947777
BAD 459834947779
BAD 459835622819
BAD 459863136253
BAD 459836876581
BAD 459836920729
BAD 459708730751
BAD 459708730753
BAD 459708730757
BAD 459708730759
BAD 459708730763
BAD 459838337419
BAD 459838337423
BAD 459838995533
BAD 459839393149
BAD 459844096193
BAD 459844096199
BAD 459846508763
BAD 459882810091
BAD 459890181181
BAD 459890181193
BAD 459891688657
BAD 459891688681
BAD 459891688687
BAD 459892193087
BAD 459892193093
BAD 459894169489
BAD 459894574351
BAD 459894574361
BAD 459894574369
BAD 459865413233
BAD 459865581289
BAD 459866703869
BAD 459866703871
BAD 459866732581
BAD 459866732587
BAD 459866732593
BAD 459897008161
BAD 459897662579
BAD 459872292157
BAD 459873807793
BAD 459873807797
BAD 459874527197
BAD 459874527199
BAD 459874531591
BAD 459876354373
BAD 459878194673
BAD 459878194693
BAD 459880292329
BAD 459880292341
BAD 459880292363
BAD 459967653349
BAD 459967653367
BAD 459968332861
BAD 459969428419
BAD 459915342151
BAD 459916129867
BAD 459973005607
BAD 459973005623
BAD 459973005629
BAD 459973005631
BAD 459973591747
BAD 459918833027
BAD 459918833029
BAD 459918833039
BAD 459919866541
BAD 459933747503
BAD 459933747551
BAD 459921861559
BAD 459975625283
BAD 459976162067
BAD 459976162069
BAD 459976162073
BAD 459935810869
BAD 459922646263
BAD 459922646269
BAD 459922981369
BAD 459922981373
BAD 459922981381
BAD 459938085499
BAD 459978541303
BAD 459978585439
BAD 459979811873
BAD 459941763233
BAD 459980764643
BAD 459981544621
BAD 459930313021
BAD 459947751143
BAD 459952531747
BAD 459952531769
BAD 459952531771
BAD 459953458597
BAD 459953768389
BAD 459959483029
BAD 459959483033
BAD 459962260279
BAD 459964499633
BAD 459982620803
BAD 459984475859
BAD 459985248659
BAD 459985248661
BAD 459986669731
BAD 459988942711
BAD 459989756899
BAD 459989756903
BAD 459990654007
BAD 459992232617
BAD 459992533453
BAD 459994087741
BAD 459994656241
RANGE 450000000000 460000000000 PRIMES 372527860 BAD 6156
