BAD 160318932251
BAD 160369426597
BAD 160168493189
BAD 160318932253
BAD 160168493201
BAD 160168493203
BAD 160168493209
BAD 160369480423
BAD 160369569013
BAD 160168831411
BAD 160168831421
BAD 160168831423
BAD 160168831429
BAD 160168831441
BAD 160168831447
BAD 160168831453
BAD 160169015207
BAD 160319276213
BAD 160169328667
BAD 160370188639
BAD 160370188661
BAD 160169352289
BAD 160370202721
BAD 160169396887
BAD 160169396897
BAD 160169396911
BAD 160370246303
BAD 160370276057
BAD 160169489839
BAD 160370383021
BAD 160169595269
BAD 160370606639
BAD 160370606663
BAD 160169595293
BAD 160370617727
BAD 160285953199
BAD 160169859133
BAD 160320139879
BAD 160320139883
BAD 160320139891
BAD 160286181073
BAD 160286499103
BAD 160320563993
BAD 160320564031
BAD 160320564043
BAD 160320564049
BAD 160371393451
BAD 160286554123
BAD 160386250523
BAD 160286715307
BAD 160371573757
BAD 160170743323
BAD 160371739961
BAD 160371739963
BAD 160170895021
BAD 160170977017
BAD 160287059071
BAD 160386643423
BAD 160171036343
BAD 160171036349
BAD 160171036351
BAD 160321367329
BAD 160171036357
BAD 160372549801
BAD 160302195541
BAD 160387405699
BAD 160372549807
BAD 160372595641
BAD 160302275603
BAD 160387515949
BAD 160387515961
BAD 160321539803
BAD 160321539841
BAD 160302463273
BAD 160287896423
BAD 160372955443
BAD 160372955447
BAD 160372955453
BAD 160171510913
BAD 160373018977
BAD 160373019013
BAD 160373019019
BAD 160373019029
BAD 160373019031
BAD 160321815397
BAD 160288607197
BAD 160373819911
BAD 160388246153
BAD 160388260913
BAD 160303717439
BAD 160322478181
BAD 160390019759
BAD 160173014779
BAD 160304526079
BAD 160390019761
BAD 160390019767
BAD 160390019819
BAD 160390019821
BAD 160289281367
BAD 160173093061
BAD 160304634109
BAD 160374323633
BAD 160390446323
BAD 160390455961
BAD 160304899253
BAD 160390655653
BAD 160390655693
BAD 160390672843
BAD 160390709077
BAD 160289894701
BAD 160289894719
BAD 160305172519
BAD 160305172523
BAD 160289975753
BAD 160289975779
BAD 160289975843
BAD 160391003303
BAD 160391003347
BAD 160290152833
BAD 160290152851
BAD 160375271149
BAD 160391298349
BAD 160290447787
BAD 160290447791
BAD 160375527523
BAD 160391674879
BAD 160305714493
BAD 160305714497
BAD 160290670669
BAD 160375681483
BAD 160305736333
BAD 160290860473
BAD 160392107633
BAD 160174794763
BAD 160306113767
BAD 160306113769
BAD 160306300901
BAD 160376726789
BAD 160376726791
BAD 160325597743
BAD 160325749711
BAD 160325749723
BAD 160291720349
BAD 160291738637
BAD 160291738639
BAD 160377424079
BAD 160175754421
BAD 160326263243
BAD 160307013193
BAD 160292140321
BAD 160292240663
BAD 160326725341
BAD 160378013179
BAD 160307152657
BAD 160378013183
BAD 160292343403
BAD 160378198553
BAD 160378198571
BAD 160378198573
BAD 160326945979
BAD 160326945983
BAD 160378322059
BAD 160378322063
BAD 160292615183
BAD 160292877011
BAD 160292877013
BAD 160327484299
BAD 160176813557
BAD 160394198141
BAD 160293380503
BAD 160308104303
BAD 160308104309
BAD 160308122881
BAD 160177193933
BAD 160328345123
BAD 160328345153
BAD 160328345179
BAD 160308414953
BAD 160308414967
BAD 160308414977
BAD 160177611851
BAD 160293879233
BAD 160177611857
BAD 160394637341
BAD 160394637353
BAD 160394637383
BAD 160380099799
BAD 160308940513
BAD 160394895511
BAD 160328907733
BAD 160394993569
BAD 160294208311
BAD 160309168111
BAD 160178348513
BAD 160294415341
BAD 160395279073
BAD 160294573939
BAD 160294634047
BAD 160395445229
BAD 160329501949
BAD 160309599817
BAD 160309599841
BAD 160329706189
BAD 160329706223
BAD 160329767123
BAD 160329921901
BAD 160295191261
BAD 160295191267
BAD 160295191271
BAD 160396027549
BAD 160295464013
BAD 160396446019
BAD 160330291367
BAD 160179490171
BAD 160179490193
BAD 160179621919
BAD 160179960613
BAD 160179960623
BAD 160330862521
BAD 160397017801
BAD 160397068463
BAD 160310682743
BAD 160331033003
BAD 160397098193
BAD 160397106719
BAD 160397106721
BAD 160295953421
BAD 160180337749
BAD 160397322851
BAD 160310880181
BAD 160296257057
BAD 160296257059
BAD 160331442919
BAD 160311038357
BAD 160311038359
BAD 160180982369
BAD 160181066477
BAD 160311450743
BAD 160181655989
BAD 160182330823
BAD 160333090793
BAD 160183248811
BAD 160297711591
BAD 160381433503
BAD 160312220569
BAD 160312220573
BAD 160312220597
BAD 160381783459
BAD 160312440331
BAD 160298053907
BAD 160298175383
BAD 160312648709
BAD 160312648711
BAD 160183867903
BAD 160183867913
BAD 160183867919
BAD 160183867927
BAD 160298363153
BAD 160381975109
BAD 160381975111
BAD 160381975121
BAD 160381975123
BAD 160381975129
BAD 160381975133
BAD 160312880579
BAD 160312880593
BAD 160312921567
BAD 160298712757
BAD 160313160967
BAD 160313322233
BAD 160382419999
BAD 160382523473
BAD 160300263973
BAD 160314004771
BAD 160398971671
BAD 160382523481
BAD 160300263983
BAD 160382523487
BAD 160034542313
BAD 160382523527
BAD 160382523529
BAD 160382523533
BAD 160399049053
BAD 160399049059
BAD 160300363651
BAD 160382606359
BAD 160399220687
BAD 160399220689
BAD 160034793119
BAD 160399412497
BAD 160300823387
BAD 160314136027
BAD 160314159583
BAD 160314159587
BAD 160301294003
BAD 160035539393
BAD 160035586441
BAD 160314676453
BAD 160314731179
BAD 160314731183
BAD 160301608903
BAD 160383937697
BAD 160301941981
BAD 160315355359
BAD 160400801023
BAD 160383937699
BAD 160400801027
BAD 160400801053
BAD 160301941991
BAD 160036043347
BAD 160036043357
BAD 160036043359
BAD 160400888743
BAD 160315563511
BAD 160315563533
BAD 160384174679
BAD 160384174681
BAD 160401072409
BAD 160036334993
BAD 160036492411
BAD 160036492417
BAD 160315831483
BAD 160315837777
BAD 160401478381
BAD 160401575297
BAD 160401575317
BAD 160384809997
BAD 160384814153
BAD 160316146831
BAD 160401692587
BAD 160401749033
BAD 160401749041
BAD 160385101823
BAD 160334686163
BAD 160037236651
BAD 160037272399
BAD 160401855413
BAD 160401855421
BAD 160401855451
BAD 160401855479
BAD 160334994377
BAD 160037815183
BAD 160037815187
BAD 160402286413
BAD 160335264317
BAD 160037981591
BAD 160316302387
BAD 160385219017
BAD 160385368573
BAD 160385368589
BAD 160385659573
BAD 160317056329
BAD 160039054481
BAD 160039064113
BAD 160317336019
BAD 160039385981
BAD 160039385983
BAD 160317628837
BAD 160317628843
BAD 160317677813
BAD 160039558531
BAD 160039583833
BAD 160050339109
BAD 160318082053
BAD 160039885639
BAD 160040018713
BAD 160040018717
BAD 160051036643
BAD 160051161799
BAD 160051161811
BAD 160051161817
BAD 160051677769
BAD 160041166171
BAD 160041232979
BAD 160041232993
BAD 160051955933
BAD 160041430621
BAD 160041430631
BAD 160041430643
BAD 160041430693
BAD 160041463471
BAD 160041551123
BAD 160052556931
BAD 160042483171
BAD 160053582173
BAD 160043209111
BAD 160043444027
BAD 160043447989
BAD 160043504561
BAD 160043504563
BAD 160043600933
BAD 160043600963
BAD 160054716929
BAD 160043600971
BAD 160054716953
BAD 160055068193
BAD 160055068249
BAD 160055068267
BAD 160055072077
BAD 160055214511
BAD 160044676307
BAD 160044810533
BAD 160056507019
BAD 160045228753
BAD 160045277701
BAD 160045361263
BAD 160057112333
BAD 160057157053
BAD 160057236743
BAD 160057532941
BAD 160057710913
BAD 160057912811
BAD 160057912813
BAD 160057912823
BAD 160058179583
BAD 160047281539
BAD 160058396483
BAD 160058474131
BAD 160058559121
BAD 160059607769
BAD 160059640471
BAD 160059640493
BAD 160060166447
BAD 160060166449
BAD 160060264291
BAD 160060264297
BAD 160060425013
BAD 160049701621
BAD 160049701673
BAD 160049822189
BAD 160050196597
BAD 160050313183
BAD 160061200193
BAD 160061437409
BAD 160061437411
BAD 160061523199
BAD 160061700173
BAD 160061767121
BAD 160061767123
BAD 160062018691
BAD 160062024931
BAD 160062072151
BAD 160062563209
BAD 160062757081
BAD 160062757087
BAD 160063104059
BAD 160063104083
BAD 160063104101
BAD 160063990703
BAD 160063990717
BAD 160064328001
BAD 160064603341
BAD 160064720401
BAD 160065538471
BAD 160065775621
BAD 160065928933
BAD 160065928937
BAD 160066567679
BAD 160066567681
BAD 160066587511
BAD 160066589407
BAD 160218732697
BAD 160218807607
BAD 160218807611
BAD 160218807613
BAD 160219679617
BAD 160219690051
BAD 160220168299
BAD 160220168419
BAD 160220798897
BAD 160220893801
BAD 160221985333
BAD 160222761599
BAD 160223129137
BAD 160223436383
BAD 160223836169
BAD 160223857697
BAD 160223857699
BAD 160223857711
BAD 160224902899
BAD 160225185817
BAD 160225325749
BAD 160353886949
BAD 160353886951
BAD 160225528373
BAD 160225535273
BAD 160225535297
BAD 160225535299
BAD 160225535303
BAD 160201708133
BAD 160201708141
BAD 160201708153
BAD 160201708159
BAD 160226435329
BAD 160226435333
BAD 160355155327
BAD 160355155333
BAD 160355155339
BAD 160355155343
BAD 160355155369
BAD 160355419519
BAD 160235320559
BAD 160235320561
BAD 160226908861
BAD 160355699513
BAD 160355699533
BAD 160227086023
BAD 160355774641
BAD 160202910877
BAD 160202910883
BAD 160202910887
BAD 160227657211
BAD 160227657221
BAD 160151008139
BAD 160227657223
BAD 160203074123
BAD 160151008141
BAD 160268483149
BAD 160227657259
BAD 160356701663
BAD 160268483153
BAD 160236405001
BAD 160268483203
BAD 160227659597
BAD 160227727787
BAD 160227727789
BAD 160236649231
BAD 160236763517
BAD 160357111807
BAD 160151565037
BAD 160228118563
BAD 160203352613
BAD 160357262641
BAD 160268875163
BAD 160268875223
BAD 160228218091
BAD 160228291651
BAD 160237186951
BAD 160237186957
BAD 160237186961
BAD 160269364771
BAD 160152124403
BAD 160152124409
BAD 160084339159
BAD 160204978907
BAD 160237579291
BAD 160117502687
BAD 160357936601
BAD 160152124411
BAD 160335806599
BAD 160067529767
BAD 160016852461
BAD 160117502689
BAD 160357936603
BAD 160204978909
BAD 160016852467
BAD 160152124501
BAD 160016852483
BAD 160067529773
BAD 160152124507
BAD 160228823771
BAD 160152124549
BAD 160228823773
BAD 160357961843
BAD 160357972613
BAD 160270544201
BAD 160000935439
BAD 160000935443
BAD 160000935449
BAD 160000965127
BAD 160000997509
BAD 160205147833
BAD 160336028521
BAD 160067811487
BAD 160358255179
BAD 160358255273
BAD 160358255279
BAD 160152457973
BAD 160152459743
BAD 160067848631
BAD 160358343349
BAD 160001206751
BAD 160001206753
BAD 160001206759
BAD 160084813243
BAD 160084813247
BAD 160084813249
BAD 160229402791
BAD 160358433919
BAD 160017200683
BAD 160117992499
BAD 160336392493
BAD 160085043691
BAD 160068156707
BAD 160068156709
BAD 160229642431
BAD 160229642437
BAD 160229642459
BAD 160017444833
BAD 160017538591
BAD 160085269727
BAD 160085269807
BAD 160238234977
BAD 160086039203
BAD 160017827051
BAD 160153250371
BAD 160271742847
BAD 160206614443
BAD 160017827063
BAD 160229995843
BAD 160359057109
BAD 160337084749
BAD 160118838059
BAD 160238234987
BAD 160068562967
BAD 160118838067
BAD 160153250419
BAD 160002100273
BAD 160229995847
BAD 160153250431
BAD 160337084753
BAD 160229995931
BAD 160229995999
BAD 160251671243
BAD 160337190527
BAD 160337190529
BAD 160238357011
BAD 160238357039
BAD 160086205463
BAD 160238421397
BAD 160002363193
BAD 160086306607
BAD 160230285443
BAD 160272008173
BAD 160359402871
BAD 160086378737
BAD 160018135583
BAD 160251930031
BAD 160086378799
BAD 160018135609
BAD 160086378841
BAD 160018167319
BAD 160238605301
BAD 160069013369
BAD 160086483343
BAD 160359539257
BAD 160359539261
BAD 160206882967
BAD 160069129523
BAD 160018327229
BAD 160018327253
BAD 160002783439
BAD 160002783443
BAD 160002783449
BAD 160337650423
BAD 160018450483
BAD 160359681991
BAD 160359722563
BAD 160238967529
BAD 160238967533
BAD 160238967547
BAD 160003068193
BAD 160018586513
BAD 160338061879
BAD 160119422423
BAD 160207414369
BAD 160338061913
BAD 160359917233
BAD 160119422431
BAD 160018586521
BAD 160119475669
BAD 160272923761
BAD 160003665643
BAD 160087123771
BAD 160087175587
BAD 160069941781
BAD 160273051727
BAD 160231504891
BAD 160003834457
BAD 160207755871
BAD 160070025197
BAD 160231650101
BAD 160360268051
BAD 160360268053
BAD 160019020219
BAD 160273239487
BAD 160273239493
BAD 160239778343
BAD 160239778351
BAD 160207982839
BAD 160070197733
BAD 160019180081
BAD 160004202907
BAD 160361383339
BAD 160154587897
BAD 160070226493
BAD 160004202913
BAD 160232288693
BAD 160240224383
BAD 160087976033
BAD 160273612013
BAD 160253318221
BAD 160120297853
BAD 160208335603
BAD 160019977069
BAD 160019995873
BAD 160120373131
BAD 160232377639
BAD 160101032713
BAD 160020203153
BAD 160253657671
BAD 160274020747
BAD 160208799151
BAD 160155098359
BAD 160240563079
BAD 160240563083
BAD 160240563149
BAD 160253867509
BAD 160004645707
BAD 160120858643
BAD 160361885659
BAD 160361897161
BAD 160101519229
BAD 160361977571
BAD 160004768591
BAD 160241516087
BAD 160121428223
BAD 160021212913
BAD 160241516089
BAD 160361977603
BAD 160241516093
BAD 160088398759
BAD 160071240257
BAD 160275118657
BAD 160157093923
BAD 160101519233
BAD 160088398763
BAD 160071240283
BAD 160101519271
BAD 160209061619
BAD 160157108269
BAD 160004872949
BAD 160101613999
BAD 160256659081
BAD 160004945543
BAD 160088714251
BAD 160275526189
BAD 160362261989
BAD 160275608459
BAD 160275608461
BAD 160256792281
BAD 160275640397
BAD 160275640403
BAD 160157932247
BAD 160088921063
BAD 160021680199
BAD 160121867533
BAD 160071773893
BAD 160021680239
BAD 160101984643
BAD 160021680241
BAD 160101984661
BAD 160021684663
BAD 160021684681
BAD 160021684687
BAD 160005447913
BAD 160121914879
BAD 160005447929
BAD 160121914943
BAD 160209507817
BAD 160233292007
BAD 160275810703
BAD 160209646283
BAD 160209646291
BAD 160209646301
BAD 160122000413
BAD 160275921173
BAD 160005690017
BAD 160362857959
BAD 160072140469
BAD 160209913693
BAD 160072317343
BAD 160072317347
BAD 160210073707
BAD 160257592493
BAD 160158597367
BAD 160257592501
BAD 160257593017
BAD 160257593113
BAD 160257593123
BAD 160006104593
BAD 160363177057
BAD 160363177069
BAD 160022326949
BAD 160022326951
BAD 160072462603
BAD 160072462609
BAD 160122580133
BAD 160122580139
BAD 160122580141
BAD 160276509331
BAD 160257793651
BAD 160022585383
BAD 160022585389
BAD 160122925037
BAD 160122925043
BAD 160122949543
BAD 160210549399
BAD 160006623727
BAD 160089852983
BAD 160102762069
BAD 160102762073
BAD 160258247243
BAD 160258247251
BAD 160103024911
BAD 160007844739
BAD 160073357491
BAD 160364836217
BAD 160234551623
BAD 160091493703
BAD 160210757951
BAD 160277020679
BAD 160243392013
BAD 160277020681
BAD 160234551629
BAD 160091493707
BAD 160022942731
BAD 160210757963
BAD 160234551649
BAD 160243392053
BAD 160234551709
BAD 160234551713
BAD 160258321703
BAD 160022995291
BAD 160073447843
BAD 160210812683
BAD 160258376119
BAD 160258376123
BAD 160234652531
BAD 160023057067
BAD 160091660479
BAD 160277209531
BAD 160277209643
BAD 160073607613
BAD 160008131711
BAD 160234801411
BAD 160008131713
BAD 160234801417
BAD 160234801421
BAD 160277394091
BAD 160234801423
BAD 160277394113
BAD 160234801427
BAD 160234801429
BAD 160123209529
BAD 160008211861
BAD 160258745483
BAD 160159297073
BAD 160365266239
BAD 160073813311
BAD 160365303503
BAD 160258974541
BAD 160258974563
BAD 160365376343
BAD 160008449449
BAD 160008449453
BAD 160008449459
BAD 160277727061
BAD 160159540949
BAD 160159540951
BAD 160159540963
BAD 160278156223
BAD 160103944943
BAD 160124041789
BAD 160093540667
BAD 160244699299
BAD 160212429103
BAD 160278221317
BAD 160260153707
BAD 160212429133
BAD 160024729013
BAD 160093540669
BAD 160365797257
BAD 160338677813
BAD 160160024851
BAD 160009621573
BAD 160074416731
BAD 160365797329
BAD 160260153709
BAD 160260153719
BAD 160260153721
BAD 160124074997
BAD 160124075017
BAD 160212429137
BAD 160104149071
BAD 160024820671
BAD 160024820719
BAD 160160124331
BAD 160160124337
BAD 160074514141
BAD 160009789733
BAD 160009789747
BAD 160074585043
BAD 160074585049
BAD 160260573541
BAD 160278467101
BAD 160124474101
BAD 160339504081
BAD 160212735721
BAD 160074585053
BAD 160245078979
BAD 160074585061
BAD 160093910863
BAD 160025116081
BAD 160010216627
BAD 160093910869
BAD 160025116087
BAD 160104530801
BAD 160160501663
BAD 160160501671
BAD 160185364903
BAD 160124542009
BAD 160124542013
BAD 160025179649
BAD 160025179651
BAD 160025179669
BAD 160025179711
BAD 160366096741
BAD 160094034833
BAD 160104672841
BAD 160104672863
BAD 160094128591
BAD 160124809813
BAD 160124809829
BAD 160339972399
BAD 160278773219
BAD 160010658523
BAD 160094349199
BAD 160366494593
BAD 160025624771
BAD 160025624789
BAD 160025624791
BAD 160025624813
BAD 160025660623
BAD 160025660633
BAD 160010759791
BAD 160366634677
BAD 160278944479
BAD 160186124123
BAD 160245950203
BAD 160261429987
BAD 160094787343
BAD 160125321157
BAD 160261675603
BAD 160075614901
BAD 160186645921
BAD 160095143027
BAD 160095143029
BAD 160095143051
BAD 160095143053
BAD 160125613729
BAD 160125613751
BAD 160125613757
BAD 160125613759
BAD 160340811341
BAD 160367527939
BAD 160075703023
BAD 160367527951
BAD 160026390011
BAD 160186735301
BAD 160279610723
BAD 160161455611
BAD 160340811353
BAD 160026390067
BAD 160367547523
BAD 160161518611
BAD 160279702579
BAD 160279702697
BAD 160279702699
BAD 160279702717
BAD 160262046257
BAD 160279778753
BAD 160279796297
BAD 160125823079
BAD 160105082003
BAD 160262205203
BAD 160213538399
BAD 160280000953
BAD 160105317301
BAD 160126042793
BAD 160213634003
BAD 160280088407
BAD 160213667903
BAD 160213667941
BAD 160126165291
BAD 160077797623
BAD 160341390841
BAD 160368208943
BAD 160027613891
BAD 160011890783
BAD 160126165379
BAD 160096190299
BAD 160027613897
BAD 160187361889
BAD 160011890791
BAD 160161930857
BAD 160126165387
BAD 160105644833
BAD 160262913907
BAD 160247617819
BAD 160105644841
BAD 160247617823
BAD 160213685353
BAD 160213685363
BAD 160105761623
BAD 160247719043
BAD 160105780987
BAD 160105780993
BAD 160077944479
BAD 160077944483
BAD 160105803043
BAD 160126324823
BAD 160126324837
BAD 160247803873
BAD 160077995239
BAD 160368514393
BAD 160105871819
BAD 160263166169
BAD 160027826617
BAD 160368514399
BAD 160134324983
BAD 160126514167
BAD 160263166171
BAD 160162972441
BAD 160213922059
BAD 160012348567
BAD 160248085741
BAD 160162972447
BAD 160097111087
BAD 160187635463
BAD 160342601317
BAD 160248085747
BAD 160097111089
BAD 160342601329
BAD 160097111093
BAD 160097111099
BAD 160263175799
BAD 160012352303
BAD 160213933519
BAD 160187665073
BAD 160097140309
BAD 160248136127
BAD 160263255953
BAD 160368613627
BAD 160187734061
BAD 160214104249
BAD 160342821061
BAD 160078207049
BAD 160078207063
BAD 160134571651
BAD 160134571657
BAD 160126640603
BAD 160263487661
BAD 160263487663
BAD 160342853779
BAD 160012579957
BAD 160248378223
BAD 160097516191
BAD 160134763807
BAD 160134815063
BAD 160280320667
BAD 160097767289
BAD 160012876819
BAD 160012876843
BAD 160012876847
BAD 160012876853
BAD 160012876867
BAD 160280483431
BAD 160280549243
BAD 160106624089
BAD 160106624101
BAD 160248603679
BAD 160343439829
BAD 160135114289
BAD 160135114291
BAD 160028854231
BAD 160098132083
BAD 160127300803
BAD 160343676379
BAD 160028854333
BAD 160280784151
BAD 160343676413
BAD 160214985751
BAD 160343676419
BAD 160248752203
BAD 160127300807
BAD 160106774497
BAD 160343683909
BAD 160248765151
BAD 160127423747
BAD 160127423749
BAD 160106950897
BAD 160264744723
BAD 160264744727
BAD 160343859883
BAD 160215208903
BAD 160135318513
BAD 160098445763
BAD 160343979101
BAD 160281166471
BAD 160107193747
BAD 160013139683
BAD 160344050611
BAD 160107225763
BAD 160107225769
BAD 160215753497
BAD 160013847299
BAD 160190146421
BAD 160080472339
BAD 160127882969
BAD 160029682081
BAD 160344126619
BAD 160249759331
BAD 160098545149
BAD 160215753499
BAD 160249759333
BAD 160135658653
BAD 160265134903
BAD 160249759337
BAD 160249759339
BAD 160029682117
BAD 160029682147
BAD 160029682157
BAD 160029682159
BAD 160344158383
BAD 160080507347
BAD 160080507383
BAD 160135692191
BAD 160135692193
BAD 160281376379
BAD 160029805577
BAD 160029805589
BAD 160029805591
BAD 160107356953
BAD 160013982889
BAD 160029990361
BAD 160344582877
BAD 160250965843
BAD 160164606031
BAD 160191203573
BAD 160080730223
BAD 160164606037
BAD 160098787973
BAD 160265348119
BAD 160135894703
BAD 160215909949
BAD 160128297713
BAD 160344593063
BAD 160281540073
BAD 160215922907
BAD 160098840157
BAD 160191307319
BAD 160191307321
BAD 160265515517
BAD 160216058449
BAD 160216058479
BAD 160344765653
BAD 160098935833
BAD 160344822433
BAD 160265610629
BAD 160136171581
BAD 160344868903
BAD 160344868907
BAD 160344868909
BAD 160164952967
BAD 160100505751
BAD 160015457647
BAD 160136238343
BAD 160081296259
BAD 160100505757
BAD 160107402671
BAD 160265950829
BAD 160216614757
BAD 160030437991
BAD 160282310633
BAD 160345146991
BAD 160191989609
BAD 160345147091
BAD 160345147093
BAD 160191989611
BAD 160191989627
BAD 160164967891
BAD 160216637131
BAD 160216637149
BAD 160282393079
BAD 160192074907
BAD 160192132313
BAD 160128940589
BAD 160128940591
BAD 160345371413
BAD 160107657769
BAD 160030807987
BAD 160282749257
BAD 160282749259
BAD 160129171801
BAD 160251295207
BAD 160031002969
BAD 160165650661
BAD 160137669613
BAD 160251295213
BAD 160266551617
BAD 160193738083
BAD 160165650709
BAD 160081828279
BAD 160108622519
BAD 160217044079
BAD 160345870621
BAD 160108622521
BAD 160193738099
BAD 160193738101
BAD 160345870627
BAD 160217044081
BAD 160217064257
BAD 160217064263
BAD 160031048773
BAD 160031048777
BAD 160031048789
BAD 160031048791
BAD 160031048813
BAD 160081878007
BAD 160165722151
BAD 160217175277
BAD 160108845989
BAD 160108845991
BAD 160108846081
BAD 160282880479
BAD 160267159411
BAD 160166201207
BAD 160015904393
BAD 160032081101
BAD 160194038539
BAD 160082553373
BAD 160137959741
BAD 160129814441
BAD 160346162869
BAD 160129814443
BAD 160137959743
BAD 160082553377
BAD 160129814461
BAD 160082553383
BAD 160082553409
BAD 160082553419
BAD 160015988089
BAD 160082657407
BAD 160082657411
BAD 160082672779
BAD 160346247713
BAD 160283082811
BAD 160283082821
BAD 160166389001
BAD 160166389003
BAD 160032382681
BAD 160032382723
BAD 160138372561
BAD 160138372567
BAD 160109272957
BAD 160283486689
BAD 160016506879
BAD 160267816193
BAD 160346499979
BAD 160083077647
BAD 160109306809
BAD 160016567413
BAD 160283611933
BAD 160032878251
BAD 160016705279
BAD 160016705281
BAD 160194918931
BAD 160194918941
BAD 160194918977
BAD 160194918997
BAD 160033092539
BAD 160033092563
BAD 160283986267
BAD 160283986297
BAD 160268344231
BAD 160033173983
BAD 160033251751
BAD 160083723391
BAD 160347021623
BAD 160083811313
BAD 160083811369
BAD 160083811373
BAD 160195364027
BAD 160195364029
BAD 160195364033
BAD 160167539687
BAD 160131172283
BAD 160167539689
BAD 160110152239
BAD 160033412999
BAD 160167574939
BAD 160167574943
BAD 160167574951
BAD 160131217963
BAD 160033455401
BAD 160167707683
BAD 160139577379
BAD 160110608821
BAD 160195781903
BAD 160195791451
BAD 160284750361
BAD 160131904441
BAD 160347964501
BAD 160140175939
BAD 160140206183
BAD 160140206189
BAD 160285156277
BAD 160285156279
BAD 160285156309
BAD 160285156313
BAD 160285156327
BAD 160285156331
BAD 160348214947
BAD 160348214959
BAD 160132562593
BAD 160196557289
BAD 160111502911
BAD 160132562599
BAD 160196557291
BAD 160348303793
BAD 160348368569
BAD 160348368571
BAD 160348462759
BAD 160348462793
BAD 160348462837
BAD 160140698323
BAD 160140698327
BAD 160140698329
BAD 160196905321
BAD 160133202143
BAD 160112243923
BAD 160112243957
BAD 160112243959
BAD 160133428201
BAD 160141116719
BAD 160133532193
BAD 160349109863
BAD 160141292359
BAD 160133724937
BAD 160133758601
BAD 160349213447
BAD 160349213449
BAD 160112753903
BAD 160349311909
BAD 160134075499
BAD 160141742869
BAD 160113018859
BAD 160141871299
BAD 160142029153
BAD 160142029163
BAD 160113420059
BAD 160198800953
BAD 160198800959
BAD 160198800961
BAD 160199124601
BAD 160199124619
BAD 160199144057
BAD 160199144059
BAD 160350812449
BAD 160114303007
BAD 160114303033
BAD 160142750531
BAD 160142750533
BAD 160114372927
BAD 160114372931
BAD 160114372933
BAD 160114372937
BAD 160114535059
BAD 160199632069
BAD 160351233283
BAD 160351233293
BAD 160351233337
BAD 160114932713
BAD 160199824801
BAD 160143183043
BAD 160351508693
BAD 160115023613
BAD 160200011549
BAD 160200011551
BAD 160115037949
BAD 160115051827
BAD 160200050201
BAD 160200050203
BAD 160351633769
BAD 160351633777
BAD 160143304213
BAD 160200176761
BAD 160200334237
BAD 160143588289
BAD 160143588299
BAD 160143588301
BAD 160143721561
BAD 160115949319
BAD 160116208361
BAD 160116225443
BAD 160144129669
BAD 160144129729
BAD 160144129777
BAD 160144129787
BAD 160116330901
BAD 160201093621
BAD 160116409339
BAD 160116687503
BAD 160116687529
BAD 160116757681
BAD 160144676213
BAD 160116757699
BAD 160117269161
BAD 160145143111
BAD 160117422251
BAD 160117422253
BAD 160145362243
BAD 160145362249
BAD 160145794597
BAD 160146032383
BAD 160146212441
BAD 160147543123
BAD 160147543141
BAD 160147543147
BAD 160147574903
BAD 160147652537
BAD 160147976047
BAD 160148167943
BAD 160148721853
BAD 160148721937
BAD 160148825311
BAD 160148855809
BAD 160149491087
BAD 160149809447
BAD 160150114591
BAD 160150635233
BAD 160403003381
BAD 160403378171
BAD 160403378173
BAD 160403883763
BAD 160404082873
BAD 160404324533
BAD 160405523303
BAD 160406120827
BAD 160406322623
BAD 160486693921
BAD 160486693931
BAD 160486693933
BAD 160486693951
BAD 160486693967
BAD 160486693973
BAD 160406497261
BAD 160406497267
BAD 160406575171
BAD 160487132599
BAD 160407051229
BAD 160487342459
BAD 160487342461
BAD 160487342467
BAD 160487342471
BAD 160487342473
BAD 160487342479
BAD 160407108529
BAD 160407373201
BAD 160487557579
BAD 160487900633
BAD 160487900663
BAD 160487900669
BAD 160408049587
BAD 160408049597
BAD 160503806941
BAD 160453185757
BAD 160408049629
BAD 160520096819
BAD 160520096827
BAD 160504228957
BAD 160453606399
BAD 160453606403
BAD 160520165093
BAD 160453913611
BAD 160520400637
BAD 160520613199
BAD 160504540507
BAD 160521009073
BAD 160504766299
BAD 160521019873
BAD 160504822823
BAD 160521313103
BAD 160454858591
BAD 160454858593
BAD 160409990357
BAD 160409990359
BAD 160409990371
BAD 160409990383
BAD 160521522769
BAD 160521582541
BAD 160455113983
BAD 160410416029
BAD 160505779493
BAD 160521811561
BAD 160455420173
BAD 160506275029
BAD 160455420179
BAD 160411090261
BAD 160411173599
BAD 160506514099
BAD 160522087519
BAD 160506603017
BAD 160506632617
BAD 160455801703
BAD 160411508237
BAD 160411508239
BAD 160411508261
BAD 160411508263
BAD 160411508293
BAD 160455913613
BAD 160411623067
BAD 160506919303
BAD 160522417189
BAD 160470427027
BAD 160411840429
BAD 160522515019
BAD 160456100153
BAD 160522908587
BAD 160522923139
BAD 160522923151
BAD 160522989061
BAD 160523038909
BAD 160523609933
BAD 160523609941
BAD 160523609971
BAD 160436243623
BAD 160508081791
BAD 160472036807
BAD 160412794237
BAD 160457411533
BAD 160412872819
BAD 160523726717
BAD 160412917979
BAD 160412917981
BAD 160457697859
BAD 160413156083
BAD 160436716087
BAD 160436716093
BAD 160413306721
BAD 160436966317
BAD 160524354689
BAD 160524354691
BAD 160437041077
BAD 160413570179
BAD 160413570181
BAD 160413620539
BAD 160413620573
BAD 160509118711
BAD 160458529981
BAD 160458529993
BAD 160509166963
BAD 160437256559
BAD 160437256561
BAD 160524689119
BAD 160472906689
BAD 160413974723
BAD 160509355739
BAD 160524689123
BAD 160458899023
BAD 160413974767
BAD 160458899057
BAD 160509355891
BAD 160509355907
BAD 160524756503
BAD 160509541669
BAD 160459048363
BAD 160459099159
BAD 160437713221
BAD 160509839239
BAD 160509839251
BAD 160525176953
BAD 160414250903
BAD 160510226963
BAD 160510487789
BAD 160510487791
BAD 160414713973
BAD 160459859143
BAD 160460135477
BAD 160511039783
BAD 160473918601
BAD 160473918611
BAD 160460367233
BAD 160460367257
BAD 160460367259
BAD 160460479609
BAD 160439198377
BAD 160488079681
BAD 160415754139
BAD 160512257933
BAD 160415754143
BAD 160474253131
BAD 160474253153
BAD 160474253161
BAD 160415783093
BAD 160439287243
BAD 160474353973
BAD 160512356243
BAD 160488206227
BAD 160474427573
BAD 160416008783
BAD 160416008807
BAD 160416008813
BAD 160439462509
BAD 160460685923
BAD 160474692649
BAD 160488429139
BAD 160488429221
BAD 160488429223
BAD 160488450643
BAD 160416065449
BAD 160488640397
BAD 160512885121
BAD 160512979189
BAD 160440061787
BAD 160475178901
BAD 160461719731
BAD 160440351811
BAD 160488886841
BAD 160416800639
BAD 160513240507
BAD 160416800641
BAD 160488886843
BAD 160416907163
BAD 160513381003
BAD 160513381009
BAD 160461891907
BAD 160462315639
BAD 160513951657
BAD 160462459141
BAD 160462459193
BAD 160514041867
BAD 160476163349
BAD 160417600333
BAD 160489788737
BAD 160489788751
BAD 160489788773
BAD 160489788803
BAD 160476204829
BAD 160489914379
BAD 160514630897
BAD 160441376551
BAD 160441412653
BAD 160514742709
BAD 160514742719
BAD 160514742721
BAD 160442211323
BAD 160526475919
BAD 160477670929
BAD 160490375657
BAD 160418355451
BAD 160490375659
BAD 160526477077
BAD 160526477179
BAD 160418366897
BAD 160418411191
BAD 160418445589
BAD 160526613857
BAD 160526613859
BAD 160418674211
BAD 160418674219
BAD 160442563709
BAD 160442563711
BAD 160442563717
BAD 160442569387
BAD 160442569393
BAD 160442747173
BAD 160526866153
BAD 160527020243
BAD 160490543407
BAD 160443070457
BAD 160443070499
BAD 160419283777
BAD 160419283793
BAD 160527177347
BAD 160527178597
BAD 160443527551
BAD 160478976979
BAD 160491112669
BAD 160443743953
BAD 160527374731
BAD 160479162973
BAD 160443910423
BAD 160491292103
BAD 160527523357
BAD 160444038413
BAD 160479457681
BAD 160444214663
BAD 160444251829
BAD 160527833449
BAD 160491597683
BAD 160527896479
BAD 160528683281
BAD 160528683283
BAD 160492160503
BAD 160445409049
BAD 160445409053
BAD 160445501371
BAD 160445501401
BAD 160445584009
BAD 160517451877
BAD 160517451883
BAD 160517451893
BAD 160517451911
BAD 160492709101
BAD 160517660573
BAD 160446042271
BAD 160530806347
BAD 160492915493
BAD 160480315433
BAD 160480315441
BAD 160480394257
BAD 160480394287
BAD 160446261193
BAD 160446417589
BAD 160446446873
BAD 160480678517
BAD 160480906009
BAD 160480906013
BAD 160480979123
BAD 160446931597
BAD 160518918199
BAD 160481381363
BAD 160481381383
BAD 160481381387
BAD 160481381413
BAD 160493988241
BAD 160481623459
BAD 160532026037
BAD 160447499257
BAD 160532360509
BAD 160447706233
BAD 160494687019
BAD 160519902979
BAD 160519902989
BAD 160519903021
BAD 160494749341
BAD 160482422603
BAD 160463322689
BAD 160482422627
BAD 160482422629
BAD 160463322709
BAD 160463322713
BAD 160494780617
BAD 160494780619
BAD 160532824693
BAD 160520058691
BAD 160520058697
BAD 160495054903
BAD 160482682621
BAD 160482682627
BAD 160482682631
BAD 160482843601
BAD 160482980089
BAD 160495526393
BAD 160464075001
BAD 160464075019
BAD 160483252739
BAD 160495734787
BAD 160495734799
BAD 160483277371
BAD 160464494653
BAD 160483578509
BAD 160483578511
BAD 160483578523
BAD 160483578533
BAD 160464913633
BAD 160464913643
BAD 160483956709
BAD 160483956713
BAD 160484002097
BAD 160484002193
BAD 160465175197
BAD 160465175207
BAD 160496867603
BAD 160496869163
BAD 160534418959
BAD 160465337951
BAD 160465337953
BAD 160497043177
BAD 160484664799
BAD 160465752947
BAD 160465752949
BAD 160484953991
BAD 160465825249
BAD 160465825259
BAD 160535247473
BAD 160447998779
BAD 160447998791
BAD 160447998793
BAD 160485757433
BAD 160448057453
BAD 160486426453
BAD 160536176477
BAD 160448856181
BAD 160498837571
BAD 160536650801
BAD 160449384373
BAD 160499077447
BAD 160536650803
BAD 160499077499
BAD 160499077523
BAD 160499077537
BAD 160499244091
BAD 160449506227
BAD 160536747923
BAD 160536747929
BAD 160467428819
BAD 160499533763
BAD 160467627503
BAD 160449914363
BAD 160450527557
BAD 160450527563
BAD 160468484401
BAD 160468484419
BAD 160468641979
BAD 160500957367
BAD 160451181749
BAD 160451181767
BAD 160469019421
BAD 160469019433
BAD 160451208319
BAD 160469307809
BAD 160469307811
BAD 160469307827
BAD 160469609791
BAD 160501342579
BAD 160501342583
BAD 160501342591
BAD 160501456963
BAD 160501456967
BAD 160501456993
BAD 160452116663
BAD 160452481703
BAD 160452536437
BAD 160502037109
BAD 160502037121
BAD 160452694561
BAD 160502255917
BAD 160502255923
BAD 160502255959
BAD 160452982069
BAD 160452982073
BAD 160502954533
BAD 160419930793
BAD 160420372163
BAD 160420448129
BAD 160420511681
BAD 160420647859
BAD 160420744543
BAD 160422962113
BAD 160423293893
BAD 160423772953
BAD 160423983451
BAD 160424127433
BAD 160424127439
BAD 160424133211
BAD 160424779103
BAD 160424787427
BAD 160424895233
BAD 160425407731
BAD 160425837631
BAD 160425880339
BAD 160425880343
BAD 160426014533
BAD 160426227757
BAD 160426585169
BAD 160426585171
BAD 160427199563
BAD 160427306293
BAD 160427582881
BAD 160428083303
BAD 160428608009
BAD 160428755843
BAD 160428755849
BAD 160428755873
BAD 160428820637
BAD 160428820639
BAD 160428968269
BAD 160429112027
BAD 160429112029
BAD 160429112033
BAD 160429458227
BAD 160429458229
BAD 160429458341
BAD 160429526333
BAD 160429557053
BAD 160430168851
BAD 160431098609
BAD 160431518189
BAD 160431778763
BAD 160431810757
BAD 160431810761
BAD 160431810767
BAD 160431810769
BAD 160431829147
BAD 160432148117
BAD 160432148119
BAD 160432243891
BAD 160432645171
BAD 160432898123
BAD 160433058769
BAD 160433348197
BAD 160433364803
BAD 160433616719
BAD 160433736689
BAD 160433736691
BAD 160433736707
BAD 160433736709
BAD 160434216311
BAD 160434482363
BAD 160435410439
BAD 160435626017
BAD 160435626019
BAD 160435895209
BAD 160435959379
BAD 160436020861
BAD 160436020867
BAD 160536991733
BAD 160537115077
BAD 160537453067
BAD 160538447021
BAD 160538447023
BAD 160539032491
BAD 160539532459
BAD 160539708971
BAD 160540109167
BAD 160540320307
BAD 160540320313
BAD 160540320319
BAD 160540320323
BAD 160540320331
BAD 160540581713
BAD 160541299703
BAD 160541413817
BAD 160541413819
BAD 160541707213
BAD 160542347611
BAD 160542357403
BAD 160542357407
BAD 160542357427
BAD 160542835837
BAD 160542983257
BAD 160542983269
BAD 160542983273
BAD 160543074977
BAD 160543074983
BAD 160543333987
BAD 160543349521
BAD 160543623173
BAD 160544386283
BAD 160544386291
BAD 160544386349
BAD 160544386369
BAD 160544386403
BAD 160544386433
BAD 160544386439
BAD 160544386441
BAD 160544397589
BAD 160544397593
BAD 160544397599
BAD 160544510741
BAD 160544615909
BAD 160544615911
BAD 160544630321
BAD 160545326677
BAD 160545326681
BAD 160545326693
BAD 160545326701
BAD 160545348451
BAD 160545631231
BAD 160546016909
BAD 160546016941
BAD 160547059487
BAD 160772425733
BAD 160547780639
BAD 160547780641
BAD 160774013641
BAD 160547837419
BAD 160547837423
BAD 160774329613
BAD 160775332129
BAD 160775420879
BAD 160775420881
BAD 160775583721
BAD 160549886227
BAD 160549886243
BAD 160550109563
BAD 160776333563
BAD 160776333569
BAD 160550181427
BAD 160776366119
BAD 160550294249
BAD 160550754263
BAD 160551434651
BAD 160551434653
BAD 160777538903
BAD 160551868801
BAD 160777924927
BAD 160551967999
BAD 160552225201
BAD 160552225217
BAD 160552225219
BAD 160552267489
BAD 160778907833
BAD 160778907851
BAD 160552920751
BAD 160671178579
BAD 160552920799
BAD 160637880607
BAD 160671490099
BAD 160553173861
BAD 160553173867
BAD 160637983861
BAD 160638077507
BAD 160638085609
BAD 160638085613
BAD 160553368531
BAD 160553368561
BAD 160671846133
BAD 160638189017
BAD 160672242629
BAD 160672242631
BAD 160672392371
BAD 160672392373
BAD 160672463323
BAD 160672463327
BAD 160672484131
BAD 160672699441
BAD 160672719173
BAD 160672719187
BAD 160672719199
BAD 160672719203
BAD 160638643843
BAD 160638654653
BAD 160638952993
BAD 160638952997
BAD 160639036427
BAD 160570654043
BAD 160673775349
BAD 160779150677
BAD 160721485163
BAD 160570735609
BAD 160639134457
BAD 160654366363
BAD 160779479591
BAD 160779479593
BAD 160674181237
BAD 160571075911
BAD 160639482023
BAD 160779646669
BAD 160779646681
BAD 160779646697
BAD 160655015251
BAD 160674397643
BAD 160674397649
BAD 160674397651
BAD 160639701511
BAD 160571375593
BAD 160571375597
BAD 160674463409
BAD 160780073633
BAD 160780237633
BAD 160780455301
BAD 160655642401
BAD 160655687417
BAD 160655687419
BAD 160640259763
BAD 160674960353
BAD 160572124277
BAD 160572154573
BAD 160640395919
BAD 160781128247
BAD 160675292363
BAD 160675362649
BAD 160656310363
BAD 160656310369
BAD 160640736469
BAD 160675824229
BAD 160675824233
BAD 160656565373
BAD 160640970733
BAD 160676056417
BAD 160676056421
BAD 160676056423
BAD 160572727171
BAD 160572727177
BAD 160723571179
BAD 160656939503
BAD 160656939511
BAD 160781945287
BAD 160641275911
BAD 160676660849
BAD 160676660861
BAD 160676660863
BAD 160782035903
BAD 160641362281
BAD 160782149051
BAD 160573892093
BAD 160677210271
BAD 160657541731
BAD 160641373591
BAD 160621113907
BAD 160573892099
BAD 160782149053
BAD 160790024579
BAD 160782149057
BAD 160782149063
BAD 160790024581
BAD 160724008013
BAD 160621158289
BAD 160790110373
BAD 160657664039
BAD 160790151439
BAD 160790151443
BAD 160782303419
BAD 160587303691
BAD 160657769243
BAD 160657769249
BAD 160621332103
BAD 160641373609
BAD 160657860799
BAD 160574096521
BAD 160587456023
BAD 160724194153
BAD 160724194157
BAD 160724194159
BAD 160641537373
BAD 160782729691
BAD 160738217603
BAD 160641542431
BAD 160641542443
BAD 160658217011
BAD 160621767799
BAD 160621789099
BAD 160621789103
BAD 160621789109
BAD 160621789117
BAD 160621789121
BAD 160621789123
BAD 160790518463
BAD 160677696379
BAD 160677704071
BAD 160587767677
BAD 160658368807
BAD 160724513017
BAD 160783016111
BAD 160783016123
BAD 160587916109
BAD 160677956479
BAD 160724661767
BAD 160622148697
BAD 160783183573
BAD 160622267599
BAD 160622356733
BAD 160738605593
BAD 160678330369
BAD 160658927423
BAD 160642300463
BAD 160576060069
BAD 160738649809
BAD 160622546827
BAD 160783871341
BAD 160678366087
BAD 160725106643
BAD 160622546831
BAD 160791218461
BAD 160553659549
BAD 160755152323
BAD 160755152333
BAD 160576084159
BAD 160576084181
BAD 160658955907
BAD 160678494469
BAD 160622705059
BAD 160622705071
BAD 160588391963
BAD 160622804261
BAD 160622804263
BAD 160738790731
BAD 160554060001
BAD 160576385191
BAD 160678810813
BAD 160588747541
BAD 160678930639
BAD 160623124477
BAD 160576505003
BAD 160576557727
BAD 160726338541
BAD 160590312719
BAD 160739268061
BAD 160642729153
BAD 160755800123
BAD 160726338547
BAD 160679465501
BAD 160784850229
BAD 160590312721
BAD 160576557731
BAD 160660146397
BAD 160679465503
BAD 160623559171
BAD 160576557733
BAD 160554831029
BAD 160623559177
BAD 160623559181
BAD 160623559183
BAD 160726391017
BAD 160660205417
BAD 160679522687
BAD 160726412941
BAD 160784934517
BAD 160679644519
BAD 160726528561
BAD 160679756473
BAD 160679801563
BAD 160679801573
BAD 160555134499
BAD 160643259817
BAD 160785381881
BAD 160576929377
BAD 160576929379
BAD 160727056129
BAD 160727056159
BAD 160727056163
BAD 160727095201
BAD 160643355931
BAD 160643355937
BAD 160591125473
BAD 160727289487
BAD 160727289491
BAD 160727289493
BAD 160739740957
BAD 160739740961
BAD 160739740963
BAD 160555632469
BAD 160785827443
BAD 160624817317
BAD 160591593587
BAD 160727670709
BAD 160727670713
BAD 160727670721
BAD 160643927077
BAD 160643927099
BAD 160680701123
BAD 160756539067
BAD 160660918771
BAD 160680873929
BAD 160556171207
BAD 160578280679
BAD 160728330947
BAD 160625630719
BAD 160644440197
BAD 160593235951
BAD 160728330949
BAD 160756675669
BAD 160728330953
BAD 160740533231
BAD 160604373889
BAD 160681268081
BAD 160786543013
BAD 160556183657
BAD 160556183659
BAD 160556183663
BAD 160756683953
BAD 160756683961
BAD 160786618933
BAD 160593311993
BAD 160593312097
BAD 160556324923
BAD 160728527807
BAD 160728527809
BAD 160728549139
BAD 160661151263
BAD 160556428393
BAD 160556428397
BAD 160556428399
BAD 160740847073
BAD 160681612123
BAD 160756956473
BAD 160661290331
BAD 160578746509
BAD 160728829069
BAD 160740912841
BAD 160556440579
BAD 160728829073
BAD 160681614761
BAD 160681614763
BAD 160626100597
BAD 160687971887
BAD 160688005201
BAD 160728970069
BAD 160626257767
BAD 160645030523
BAD 160593892819
BAD 160786874299
BAD 160605177413
BAD 160626356183
BAD 160593961963
BAD 160593961967
BAD 160556772487
BAD 160757500567
BAD 160594202089
BAD 160682342419
BAD 160688684551
BAD 160557065941
BAD 160757753161
BAD 160682510509
BAD 160662134557
BAD 160682510567
BAD 160579621201
BAD 160579731937
BAD 160594623263
BAD 160579827679
BAD 160579857821
BAD 160645968451
BAD 160645975487
BAD 160645975489
BAD 160788044701
BAD 160788044713
BAD 160689304781
BAD 160689304793
BAD 160606223161
BAD 160557592193
BAD 160662716849
BAD 160788135007
BAD 160788135031
BAD 160788135043
BAD 160788135049
BAD 160627165261
BAD 160646088677
BAD 160646088761
BAD 160627289279
BAD 160627289299
BAD 160557712193
BAD 160627334377
BAD 160594944623
BAD 160729932023
BAD 160663052443
BAD 160663075861
BAD 160580597053
BAD 160730219801
BAD 160646708041
BAD 160791916073
BAD 160689895579
BAD 160628238289
BAD 160742749403
BAD 160595113909
BAD 160791916081
BAD 160759498849
BAD 160683385103
BAD 160646708071
BAD 160559248753
BAD 160559248757
BAD 160559248793
BAD 160742774197
BAD 160759553113
BAD 160663233323
BAD 160607290253
BAD 160607290321
BAD 160607290331
BAD 160559452523
BAD 160559452541
BAD 160663349723
BAD 160580898739
BAD 160580898743
BAD 160730533309
BAD 160730582791
BAD 160690275443
BAD 160607511899
BAD 160580995639
BAD 160663807537
BAD 160683796939
BAD 160730624941
BAD 160690619539
BAD 160595383801
BAD 160607511901
BAD 160647164437
BAD 160792363037
BAD 160663807541
BAD 160690619543
BAD 160595383807
BAD 160580999701
BAD 160690619549
BAD 160595383813
BAD 160663807543
BAD 160690619569
BAD 160663807547
BAD 160559995889
BAD 160559995891
BAD 160730650169
BAD 160730650237
BAD 160792406419
BAD 160730756363
BAD 160792555481
BAD 160792555493
BAD 160760631043
BAD 160760631047
BAD 160792583011
BAD 160760659793
BAD 160608002701
BAD 160760659799
BAD 160595797309
BAD 160792841827
BAD 160731172529
BAD 160690964393
BAD 160744202011
BAD 160684317523
BAD 160731172531
BAD 160744202023
BAD 160581384763
BAD 160684317527
BAD 160731172561
BAD 160684317529
BAD 160744360351
BAD 160760848441
BAD 160664834989
BAD 160629924703
BAD 160744437467
BAD 160744437479
BAD 160744437481
BAD 160691187599
BAD 160608146563
BAD 160793106319
BAD 160648183093
BAD 160793118203
BAD 160793118401
BAD 160793118403
BAD 160793118407
BAD 160596105739
BAD 160691308171
BAD 160665121093
BAD 160731618977
BAD 160691308177
BAD 160793177269
BAD 160630219931
BAD 160630219933
BAD 160630219943
BAD 160630230391
BAD 160581975199
BAD 160648426487
BAD 160582004773
BAD 160608585763
BAD 160744939939
BAD 160561337791
BAD 160561337821
BAD 160561337837
BAD 160561337897
BAD 160582120627
BAD 160630438697
BAD 160630438699
BAD 160745017019
BAD 160745017021
BAD 160793441749
BAD 160630473643
BAD 160630473649
BAD 160665444419
BAD 160685215111
BAD 160630513501
BAD 160648691041
BAD 160761254261
BAD 160793602069
BAD 160665634351
BAD 160691835617
BAD 160761254263
BAD 160582610879
BAD 160596555751
BAD 160608881789
BAD 160665634357
BAD 160685414803
BAD 160745468581
BAD 160608881791
BAD 160630637213
BAD 160582610887
BAD 160561500139
BAD 160630747751
BAD 160630832209
BAD 160761254267
BAD 160648958027
BAD 160648958033
BAD 160648958069
BAD 160648958089
BAD 160761319819
BAD 160685715667
BAD 160630916851
BAD 160648998803
BAD 160685747087
BAD 160685747093
BAD 160561862059
BAD 160561862063
BAD 160747944323
BAD 160583011051
BAD 160561862081
BAD 160762399817
BAD 160794156241
BAD 160561862093
BAD 160609287931
BAD 160692537079
BAD 160631180543
BAD 160733570749
BAD 160597249963
BAD 160583011063
BAD 160666303751
BAD 160686680993
BAD 160666303753
BAD 160666378573
BAD 160686752483
BAD 160666378603
BAD 160686752491
BAD 160686752497
BAD 160686752509
BAD 160762461479
BAD 160762461481
BAD 160631352953
BAD 160631352961
BAD 160609486847
BAD 160649487683
BAD 160649487689
BAD 160748177341
BAD 160748177357
BAD 160562225183
BAD 160583347643
BAD 160609539263
BAD 160597513093
BAD 160649644523
BAD 160692808763
BAD 160609539271
BAD 160762597493
BAD 160609539289
BAD 160583382263
BAD 160562298067
BAD 160562298079
BAD 160748259257
BAD 160631678821
BAD 160609690921
BAD 160609707757
BAD 160609707761
BAD 160609735093
BAD 160609735123
BAD 160597843207
BAD 160734383311
BAD 160687492753
BAD 160667168353
BAD 160762892293
BAD 160693192147
BAD 160795009889
BAD 160795009891
BAD 160795009897
BAD 160734481883
BAD 160734481931
BAD 160734481933
BAD 160562541641
BAD 160748821157
BAD 160650174739
BAD 160748821159
BAD 160584089527
BAD 160584089531
BAD 160632411637
BAD 160632411649
BAD 160650267893
BAD 160650267901
BAD 160632585739
BAD 160667882993
BAD 160562837663
BAD 160584541367
BAD 160763642209
BAD 160763642219
BAD 160749299551
BAD 160584710023
BAD 160749417679
BAD 160598661437
BAD 160611012739
BAD 160611012773
BAD 160763853977
BAD 160563077093
BAD 160611031939
BAD 160611031943
BAD 160611032093
BAD 160693598123
BAD 160633113737
BAD 160693722001
BAD 160750550299
BAD 160599411803
BAD 160633664767
BAD 160764368641
BAD 160668626269
BAD 160735419197
BAD 160796927233
BAD 160650991309
BAD 160735419199
BAD 160585543249
BAD 160633664773
BAD 160563172291
BAD 160650991313
BAD 160585543253
BAD 160668626273
BAD 160633664777
BAD 160585543273
BAD 160585543297
BAD 160651001393
BAD 160764388793
BAD 160764421693
BAD 160668725251
BAD 160764470761
BAD 160693841953
BAD 160668798769
BAD 160797102043
BAD 160797102061
BAD 160585783937
BAD 160651219387
BAD 160735660321
BAD 160611211591
BAD 160563396871
BAD 160651356953
BAD 160669136449
BAD 160764888293
BAD 160563536641
BAD 160563536647
BAD 160764991351
BAD 160797508499
BAD 160611446221
BAD 160765217813
BAD 160765217827
BAD 160736074721
BAD 160736074727
BAD 160736074729
BAD 160563762647
BAD 160563762649
BAD 160586444281
BAD 160586444287
BAD 160586444303
BAD 160611668071
BAD 160611668093
BAD 160797755543
BAD 160634517413
BAD 160634564449
BAD 160694664653
BAD 160586585387
BAD 160765406723
BAD 160586585389
BAD 160600135939
BAD 160694782411
BAD 160736315759
BAD 160651989361
BAD 160586786029
BAD 160751782973
BAD 160751782993
BAD 160751791247
BAD 160751791253
BAD 160751791261
BAD 160798187387
BAD 160670160947
BAD 160751970601
BAD 160751970619
BAD 160751970623
BAD 160765886539
BAD 160600443071
BAD 160766049967
BAD 160766049979
BAD 160752263209
BAD 160564544251
BAD 160670611501
BAD 160766176913
BAD 160766176919
BAD 160766185231
BAD 160752343303
BAD 160612573351
BAD 160612573367
BAD 160798787593
BAD 160798787599
BAD 160798787603
BAD 160752399953
BAD 160737282553
BAD 160612705873
BAD 160737282557
BAD 160612705879
BAD 160798832237
BAD 160798832239
BAD 160737383243
BAD 160653026647
BAD 160737487021
BAD 160798965031
BAD 160752655633
BAD 160612959323
BAD 160612959349
BAD 160737602213
BAD 160799071261
BAD 160799071291
BAD 160799071297
BAD 160613232617
BAD 160613232629
BAD 160696111687
BAD 160696113607
BAD 160696113647
BAD 160753047397
BAD 160766961413
BAD 160601376163
BAD 160613519687
BAD 160738029293
BAD 160565508739
BAD 160565508743
BAD 160799465821
BAD 160696295303
BAD 160753161607
BAD 160653661813
BAD 160753161619
BAD 160565508751
BAD 160753161649
BAD 160653661823
BAD 160799561557
BAD 160614025153
BAD 160696448687
BAD 160753405489
BAD 160753405493
BAD 160636781101
BAD 160753540477
BAD 160601855803
BAD 160601855831
BAD 160753794391
BAD 160637040709
BAD 160566222463
BAD 160566222469
BAD 160566226663
BAD 160602080251
BAD 160767939601
BAD 160754068681
BAD 160754088113
BAD 160800317521
BAD 160696885873
BAD 160696885907
BAD 160696885927
BAD 160800651029
BAD 160566596699
BAD 160696885931
BAD 160800651031
BAD 160637446133
BAD 160800651049
BAD 160696885933
BAD 160768421453
BAD 160697005543
BAD 160800866921
BAD 160800866929
BAD 160768810283
BAD 160768810313
BAD 160801130401
BAD 160567144271
BAD 160567144273
BAD 160567144277
BAD 160567144279
BAD 160801300159
BAD 160801489183
BAD 160615536751
BAD 160802148863
BAD 160603334809
BAD 160603334819
BAD 160603334821
BAD 160698192563
BAD 160770022891
BAD 160616028641
BAD 160698447733
BAD 160603614953
BAD 160802747663
BAD 160616346311
BAD 160770430973
BAD 160603614959
BAD 160616346313
BAD 160616346323
BAD 160802946323
BAD 160616476103
BAD 160770688583
BAD 160802997857
BAD 160603755643
BAD 160603755647
BAD 160699056079
BAD 160616517079
BAD 160771153789
BAD 160616860823
BAD 160616860861
BAD 160771572187
BAD 160568532503
BAD 160616972713
BAD 160616972717
BAD 160803992989
BAD 160568578033
BAD 160568578039
BAD 160568578043
BAD 160617104639
BAD 160804448093
BAD 160804448131
BAD 160804448137
BAD 160804466659
BAD 160804466663
BAD 160700440133
BAD 160700440141
BAD 160700868499
BAD 160700946509
BAD 160805002339
BAD 160569363301
BAD 160569363307
BAD 160569363349
BAD 160805143573
BAD 160701185431
BAD 160701188449
BAD 160569488293
BAD 160701608569
BAD 160701608609
BAD 160701608611
BAD 160701608621
BAD 160701608623
BAD 160701608633
BAD 160701666061
BAD 160569934387
BAD 160618434679
BAD 160618631449
BAD 160618631461
BAD 160570367239
BAD 160570367249
BAD 160702711387
BAD 160702747871
BAD 160702747873
BAD 160702747883
BAD 160703477171
BAD 160703477203
BAD 160703477219
BAD 160703493103
BAD 160703493107
BAD 160703783843
BAD 160620301447
BAD 160620301451
BAD 160620301453
BAD 160620301483
BAD 160704122923
BAD 160704642457
BAD 160705195213
BAD 160705195219
BAD 160706042333
BAD 160706103211
BAD 160706103223
BAD 160706103227
BAD 160706103241
BAD 160707250453
BAD 160707572357
BAD 160707572359
BAD 160707642847
BAD 160707662903
BAD 160708043191
BAD 160708043207
BAD 160708043213
BAD 160708321171
BAD 160708406329
BAD 160708406333
BAD 160708601783
BAD 160708749379
BAD 160708779467
BAD 160710142633
BAD 160710397261
BAD 160710430301
BAD 160710430303
BAD 160710430327
BAD 160711492549
BAD 160711818067
BAD 160712315581
BAD 160712315587
BAD 160712506193
BAD 160712964337
BAD 160712964341
BAD 160712964343
BAD 160713023203
BAD 160713655499
BAD 160713780827
BAD 160713819199
BAD 160713832771
BAD 160713832777
BAD 160713832793
BAD 160713849953
BAD 160714441879
BAD 160714452137
BAD 160714857503
BAD 160715565979
BAD 160716933787
BAD 160717384523
BAD 160718196731
BAD 160718196733
BAD 160719608563
BAD 160719769481
BAD 160720025113
BAD 160720025119
BAD 160720320139
BAD 160720388053
BAD 160720865323
BAD 160720935481
BAD 160720935499
BAD 160721419003
BAD 160805436241
BAD 160805436293
BAD 160806173327
BAD 160806945899
BAD 160807028033
BAD 160807215229
BAD 160807215287
BAD 160807215353
BAD 160807808729
BAD 160807808731
BAD 160807808753
BAD 160807808761
BAD 160807808767
BAD 160807920451
BAD 160807920487
BAD 160808569373
BAD 160808964649
BAD 160808964653
BAD 160809659419
BAD 160810180313
BAD 160889213887
BAD 160889213893
BAD 160810780043
BAD 160889318533
BAD 160889318539
BAD 160889318543
BAD 160889563501
BAD 160890176659
BAD 160890309973
BAD 160890537127
BAD 160890669623
BAD 160890801397
BAD 160890801403
BAD 160890996751
BAD 160890996757
BAD 160890996769
BAD 160891008997
BAD 160891009009
BAD 160812771563
BAD 160891388309
BAD 160891388311
BAD 160812870331
BAD 160872657479
BAD 160872657481
BAD 160892324129
BAD 160872952403
BAD 160813846283
BAD 160813849747
BAD 160873297093
BAD 160873297097
BAD 160873297099
BAD 160893194123
BAD 160893533113
BAD 160874243381
BAD 160874243389
BAD 160894061281
BAD 160894183633
BAD 160894242623
BAD 160906468351
BAD 160906468357
BAD 160906468363
BAD 160894727033
BAD 160894727039
BAD 160894727041
BAD 160894727047
BAD 160906975447
BAD 160875137629
BAD 160895112949
BAD 160907323943
BAD 160907707643
BAD 160907707651
BAD 160907707657
BAD 160907761351
BAD 160907761373
BAD 160896178837
BAD 160896178847
BAD 160876001807
BAD 160876153987
BAD 160908531727
BAD 160814067539
BAD 160908531761
BAD 160896668923
BAD 160814067541
BAD 160814067551
BAD 160814067553
BAD 160896859031
BAD 160814372791
BAD 160814372801
BAD 160814555749
BAD 160908880219
BAD 160908998581
BAD 160815042329
BAD 160815042331
BAD 160815185059
BAD 160897683607
BAD 160897683613
BAD 160815271873
BAD 160897733993
BAD 160815417491
BAD 160815417493
BAD 160815421651
BAD 160909780033
BAD 160909787539
BAD 160909787543
BAD 160909787551
BAD 160898139473
BAD 160898139481
BAD 160910074987
BAD 160815990373
BAD 160910348153
BAD 160899003451
BAD 160910365969
BAD 160910366009
BAD 160910366011
BAD 160910366017
BAD 160910366063
BAD 160910366069
BAD 160910373863
BAD 160910373889
BAD 160910373901
BAD 160899147559
BAD 160899147571
BAD 160899147581
BAD 160899147583
BAD 160899147587
BAD 160816913797
BAD 160911558449
BAD 160911558539
BAD 160911558541
BAD 160900534909
BAD 160817275523
BAD 160817280343
BAD 160817445589
BAD 160901203633
BAD 160817767321
BAD 160817772811
BAD 160817863579
BAD 160817935279
BAD 160901408113
BAD 160818177677
BAD 160822117349
BAD 160911791057
BAD 160901408117
BAD 160901408119
BAD 160911791123
BAD 160822128829
BAD 160818198077
BAD 160818198113
BAD 160818198127
BAD 160818198137
BAD 160818198139
BAD 160818198143
BAD 160818198169
BAD 160901427721
BAD 160818227671
BAD 160822246667
BAD 160818419719
BAD 160822526833
BAD 160912228231
BAD 160901933119
BAD 160901933123
BAD 160901933161
BAD 160901971037
BAD 160901971039
BAD 160902070331
BAD 160822986859
BAD 160902642169
BAD 160913197381
BAD 160902788779
BAD 160902901723
BAD 160819770173
BAD 160914068509
BAD 160902901727
BAD 160902901729
BAD 160823603461
BAD 160823743463
BAD 160823743477
BAD 160903194307
BAD 160903334723
BAD 160824018109
BAD 160824018163
BAD 160820248313
BAD 160855836769
BAD 160824210377
BAD 160824319741
BAD 160820514109
BAD 160820514121
BAD 160820514133
BAD 160820514137
BAD 160820514139
BAD 160820649511
BAD 160904116591
BAD 160820834183
BAD 160820834191
BAD 160820834197
BAD 160856541011
BAD 160824773581
BAD 160824773597
BAD 160856604547
BAD 160915197799
BAD 160821193321
BAD 160857013193
BAD 160857013201
BAD 160876238069
BAD 160821193333
BAD 160904659739
BAD 160876359571
BAD 160857185659
BAD 160857185869
BAD 160876405561
BAD 160821338191
BAD 160915489199
BAD 160915489201
BAD 160915489213
BAD 160915553707
BAD 160905000211
BAD 160857363319
BAD 160905417527
BAD 160905417529
BAD 160905417557
BAD 160905417559
BAD 160857576419
BAD 160857576421
BAD 160905514501
BAD 160905514507
BAD 160905514513
BAD 160857680783
BAD 160905684263
BAD 160877266171
BAD 160915988147
BAD 160825022909
BAD 160877608669
BAD 160877608673
BAD 160877608679
BAD 160915995593
BAD 160877783933
BAD 160877853203
BAD 160877853211
BAD 160916228723
BAD 160916311351
BAD 160825747351
BAD 160825747367
BAD 160825747373
BAD 160825747427
BAD 160825747429
BAD 160859258741
BAD 160859258743
BAD 160859258759
BAD 160859258761
BAD 160825965031
BAD 160825965037
BAD 160826189473
BAD 160826433737
BAD 160826433739
BAD 160826433749
BAD 160859776109
BAD 160859776111
BAD 160859776117
BAD 160859778829
BAD 160859778853
BAD 160878644239
BAD 160878644243
BAD 160878644257
BAD 160878644261
BAD 160878644263
BAD 160878668449
BAD 160878668453
BAD 160878668459
BAD 160917100429
BAD 160860081727
BAD 160860081737
BAD 160917249019
BAD 160917249047
BAD 160917434539
BAD 160860393019
BAD 160917469463
BAD 160879350061
BAD 160879350131
BAD 160879368919
BAD 160860737029
BAD 160827924821
BAD 160880221657
BAD 160880221661
BAD 160880363249
BAD 160828405609
BAD 160828405631
BAD 160861790473
BAD 160881233237
BAD 160829517703
BAD 160829517707
BAD 160918240033
BAD 160829517769
BAD 160882490213
BAD 160882596241
BAD 160829612267
BAD 160863309491
BAD 160882923601
BAD 160882963211
BAD 160863574901
BAD 160863574903
BAD 160863574909
BAD 160863574957
BAD 160863576883
BAD 160863576889
BAD 160863576919
BAD 160829960947
BAD 160863606949
BAD 160863606979
BAD 160863720233
BAD 160883131327
BAD 160830327341
BAD 160864001539
BAD 160864201373
BAD 160864201391
BAD 160830710771
BAD 160830710773
BAD 160830710797
BAD 160830710801
BAD 160830710813
BAD 160830710837
BAD 160864670731
BAD 160883908597
BAD 160830710839
BAD 160883908609
BAD 160883908613
BAD 160830777931
BAD 160884001951
BAD 160864808123
BAD 160865106343
BAD 160884493061
BAD 160831158413
BAD 160865296489
BAD 160884736387
BAD 160884736393
BAD 160865473367
BAD 160865473369
BAD 160865473393
BAD 160884812971
BAD 160831701397
BAD 160831844783
BAD 160831925537
BAD 160831942081
BAD 160832024939
BAD 160885530373
BAD 160866166229
BAD 160866166231
BAD 160885776479
BAD 160885776481
BAD 160885776487
BAD 160866210829
BAD 160885958543
BAD 160918450313
BAD 160918450331
BAD 160918450333
BAD 160918450339
BAD 160918572889
BAD 160886352271
BAD 160918845911
BAD 160918845961
BAD 160886474303
BAD 160919024573
BAD 160919024579
BAD 160867026583
BAD 160867026587
BAD 160867053623
BAD 160886754793
BAD 160887232523
BAD 160919804833
BAD 160867835281
BAD 160867911443
BAD 160867911473
BAD 160887753623
BAD 160868220223
BAD 160868220283
BAD 160868220287
BAD 160920744143
BAD 160869201019
BAD 160921153837
BAD 160888563019
BAD 160921180897
BAD 160869978979
BAD 160888729051
BAD 160888868149
BAD 160889160413
BAD 160921575869
BAD 160921575889
BAD 160832275699
BAD 160921637783
BAD 160921637791
BAD 160921879429
BAD 160870744651
BAD 160871017507
BAD 160871017511
BAD 160871017513
BAD 160871017519
BAD 160871017523
BAD 160871174531
BAD 160871174533
BAD 160871454859
BAD 160871705591
BAD 160832624039
BAD 160832624041
BAD 160872114631
BAD 160872119347
BAD 160835053943
BAD 160835054011
BAD 160835220467
BAD 160835220473
BAD 160835224609
BAD 160835661703
BAD 160835956927
BAD 160836367733
BAD 160836367793
BAD 160836500551
BAD 160837036981
BAD 160837037003
BAD 160838188253
BAD 160838537653
BAD 160838653291
BAD 160838653343
BAD 160839003781
BAD 160839282323
BAD 160839503593
BAD 160839503597
BAD 160839503611
BAD 160839881407
BAD 160840084709
BAD 160840084711
BAD 160840376821
BAD 160840376831
BAD 160840376833
BAD 160840710559
BAD 160841797357
BAD 160842568141
BAD 160842584369
BAD 160842606247
BAD 160842606259
BAD 160843457591
BAD 160843457617
BAD 160844080609
BAD 160844900789
BAD 160845737231
BAD 160845737233
BAD 160845737251
BAD 160845953347
BAD 160846097563
BAD 160846097569
BAD 160846171861
BAD 160846450277
BAD 160848195323
BAD 160848195359
BAD 160848195371
BAD 160848195373
BAD 160848374663
BAD 160848500011
BAD 160848526609
BAD 160849159217
BAD 160849249147
BAD 160849249151
BAD 160849253867
BAD 160849399099
BAD 160922855311
BAD 160922855323
BAD 160923497941
BAD 160923497983
BAD 160923643423
BAD 160849645441
BAD 160849990177
BAD 160849990207
BAD 160850076391
BAD 160850166329
BAD 160924570913
BAD 160925005673
BAD 160851508907
BAD 160926097421
BAD 160926112717
BAD 160926406523
BAD 160926406541
BAD 160926440569
BAD 160852404623
BAD 160926821173
BAD 160926840967
BAD 160926840973
BAD 160852964303
BAD 160927108427
BAD 160927108429
BAD 160853319589
BAD 160853361457
BAD 160927348993
BAD 160853568619
BAD 160927508537
BAD 160927523761
BAD 160927523767
BAD 160853648653
BAD 160853826893
BAD 160854069773
BAD 160928248363
BAD 160928474659
BAD 160928757817
BAD 160929450067
BAD 160929450079
BAD 160854914783
BAD 160854914791
BAD 160929578083
BAD 160855287323
BAD 160929965389
BAD 160930051283
BAD 160930444421
BAD 160931255651
BAD 160931259221
BAD 160931755741
BAD 160931755759
BAD 160931755763
BAD 160931755783
BAD 160931755801
BAD 160931855963
BAD 160931904923
BAD 160932539279
BAD 160932539281
BAD 160932885439
BAD 160932885481
BAD 160933164263
BAD 160933164281
BAD 160933164283
BAD 160933184231
BAD 160933184233
BAD 160933184239
BAD 160933233037
BAD 160933233053
BAD 160933504399
BAD 160933529257
BAD 160933619621
BAD 160933673867
BAD 160933673869
BAD 160934048147
BAD 160855547317
BAD 160934710603
BAD 160934834803
BAD 160935548803
BAD 160936725811
BAD 160936922647
BAD 160937483221
BAD 160937535169
BAD 160937535173
BAD 160938160051
BAD 160938572849
BAD 160939224799
BAD 160939458629
BAD 160940248759
BAD 160940368163
BAD 160941093107
BAD 160941093109
BAD 160942006789
BAD 160942030103
BAD 160942893283
BAD 160942893361
BAD 160943055277
BAD 160943281181
BAD 160943281183
BAD 160943322091
BAD 160943626489
BAD 160943822381
BAD 160943822383
BAD 160943822387
BAD 160943822393
BAD 160944133159
BAD 160944357913
BAD 160944357919
BAD 160944453121
BAD 160945462927
BAD 160945504807
BAD 160945504813
BAD 160945897117
BAD 160945979653
BAD 160946271973
BAD 160946351821
BAD 160947446953
BAD 160947446993
BAD 160947671867
BAD 160947671903
BAD 160947679973
BAD 160947819421
BAD 160948865881
BAD 160949258807
BAD 160949258809
BAD 160949833973
BAD 160950447457
BAD 160950779081
BAD 160950825073
BAD 160950913693
BAD 160951344487
BAD 160951471313
BAD 160951506143
BAD 160952425069
BAD 160952730997
BAD 160953011057
BAD 160953011059
BAD 160953611491
BAD 160953654503
BAD 160953974989
BAD 160954161631
BAD 160954161653
BAD 160954168447
BAD 160954168523
BAD 160954232381
BAD 160954753307
BAD 160954753313
BAD 160954988101
BAD 160955292721
BAD 160955292733
BAD 160955522087
BAD 160956089123
BAD 161191227671
BAD 161191438531
BAD 161191623457
BAD 161191733123
BAD 161191733239
BAD 161191733243
BAD 161191907003
BAD 161191930663
BAD 161191930667
BAD 161191938907
BAD 161191964183
BAD 161192664653
BAD 161193207541
BAD 161193210271
BAD 161193936289
BAD 161194709833
BAD 161194720801
BAD 161194745911
BAD 161194745917
BAD 161195037203
BAD 161195114953
BAD 161195564317
BAD 161196055231
BAD 161196202789
BAD 161196202793
BAD 161196553121
BAD 161196553129
BAD 161196742229
BAD 161197217263
BAD 161198265923
BAD 161198265931
BAD 161198722169
BAD 161198722171
BAD 161198875931
BAD 161199097139
BAD 161199097141
BAD 161199164813
BAD 161199604063
BAD 161199645883
BAD 161200060849
BAD 161200740091
BAD 161200740097
BAD 161200781089
BAD 161200781101
BAD 161124308327
BAD 161124308329
BAD 161125226131
BAD 161125226137
BAD 161202409831
BAD 161202778427
BAD 161202836849
BAD 161202836857
BAD 161202969841
BAD 161203049537
BAD 161203049677
BAD 161203202617
BAD 161203202621
BAD 161203202623
BAD 161203261273
BAD 161203564399
BAD 160990274189
BAD 160990274191
BAD 160990274209
BAD 160990274219
BAD 161126304193
BAD 160990675009
BAD 160990681741
BAD 161126549663
BAD 160991042209
BAD 160991042227
BAD 161127083737
BAD 161127426301
BAD 161127426323
BAD 160992295627
BAD 160992452519
BAD 160992502807
BAD 160992502813
BAD 161128760101
BAD 160992818573
BAD 161129003309
BAD 161129109139
BAD 160993381139
BAD 160993381141
BAD 161129312257
BAD 161129557663
BAD 161130117703
BAD 160994102587
BAD 161130271231
BAD 161204044193
BAD 161130692689
BAD 161131072979
BAD 161131072981
BAD 161131086031
BAD 161131322227
BAD 161204736263
BAD 161132032189
BAD 161205485477
BAD 161132662993
BAD 161205524023
BAD 161205804433
BAD 161133029023
BAD 161205804439
BAD 161133029027
BAD 161205835981
BAD 161205915613
BAD 161205915617
BAD 161206256173
BAD 161206256177
BAD 161206256179
BAD 161206467203
BAD 161206467209
BAD 161206467211
BAD 161133664343
BAD 161133960293
BAD 161133970817
BAD 161133970819
BAD 161207266223
BAD 161134444787
BAD 161134444789
BAD 161207556383
BAD 161134878533
BAD 161135358157
BAD 160994491403
BAD 160994668327
BAD 160994668333
BAD 160994893337
BAD 160995384317
BAD 160995451501
BAD 161136339899
BAD 161136339901
BAD 160996710571
BAD 161136339907
BAD 160996739003
BAD 160996794263
BAD 160996795871
BAD 160996795873
BAD 160997194103
BAD 160997413253
BAD 161137571719
BAD 160997626463
BAD 160997708423
BAD 160997749373
BAD 160997809943
BAD 160997849491
BAD 161138097331
BAD 160998118549
BAD 161138464693
BAD 161138464699
BAD 161138464703
BAD 161138496097
BAD 161138496161
BAD 161138496163
BAD 160998533161
BAD 160998533173
BAD 160998976939
BAD 160999187143
BAD 160973166323
BAD 160973349319
BAD 160973349323
BAD 160973608981
BAD 161140597313
BAD 160999726697
BAD 160973926249
BAD 160973948803
BAD 160974036967
BAD 160974036973
BAD 160999816343
BAD 160999816357
BAD 160999816363
BAD 161040469873
BAD 161040487577
BAD 161040487579
BAD 161040508303
BAD 160974422879
BAD 160974422881
BAD 160974422897
BAD 160974422899
BAD 160974520081
BAD 160974709447
BAD 160974750647
BAD 160974750649
BAD 161000341861
BAD 161000373019
BAD 161000436533
BAD 161000547511
BAD 160975038713
BAD 160975108433
BAD 160975154269
BAD 161042016613
BAD 161001201013
BAD 161042411329
BAD 160975890259
BAD 161141053153
BAD 160976243453
BAD 161141513059
BAD 161042944063
BAD 161042944067
BAD 161042944099
BAD 161043046343
BAD 161043116713
BAD 161001758851
BAD 161043391819
BAD 161043400813
BAD 161142122437
BAD 160976929847
BAD 160976929933
BAD 161142368851
BAD 161043787771
BAD 161043895433
BAD 161142574781
BAD 161142682081
BAD 161142804547
BAD 161142804553
BAD 161007574633
BAD 161143070003
BAD 161143115479
BAD 161143219123
BAD 161044743283
BAD 161002618411
BAD 161044998019
BAD 160977599483
BAD 161157831283
BAD 161143519819
BAD 161008394489
BAD 161157831287
BAD 160977599491
BAD 161008431533
BAD 161008431539
BAD 161008431541
BAD 161008431557
BAD 161143553561
BAD 161143553563
BAD 161143553573
BAD 161157880867
BAD 161008446961
BAD 161158094737
BAD 161158094743
BAD 161158107511
BAD 161158168429
BAD 161158237469
BAD 161009169011
BAD 161158390891
BAD 161158412873
BAD 160978150903
BAD 160978150913
BAD 160978150919
BAD 161144129291
BAD 161144129299
BAD 160978235333
BAD 161144223811
BAD 161107477441
BAD 160979069899
BAD 161159000153
BAD 161002769311
BAD 161010045037
BAD 160979069903
BAD 161010045047
BAD 161002769341
BAD 160979093071
BAD 161144281289
BAD 161144316451
BAD 160979185463
BAD 161003017561
BAD 161159415187
BAD 161144514781
BAD 161003155283
BAD 161010632623
BAD 161159591029
BAD 161010698039
BAD 160956380941
BAD 160979416757
BAD 160979416789
BAD 161107889177
BAD 161107889179
BAD 161010906949
BAD 160956545179
BAD 161010989663
BAD 160979514853
BAD 160979514869
BAD 161107993471
BAD 161073988883
BAD 161090805451
BAD 160979622733
BAD 161107993477
BAD 161011386331
BAD 161090805457
BAD 160979622743
BAD 160957405673
BAD 161107994627
BAD 161057277013
BAD 161107994629
BAD 161003743951
BAD 160957405681
BAD 161160156317
BAD 161160156319
BAD 161045882761
BAD 161074034227
BAD 160979673227
BAD 160979673259
BAD 160979673263
BAD 160979673269
BAD 160979673271
BAD 160979673307
BAD 161003811613
BAD 161011495003
BAD 160957508287
BAD 161090915413
BAD 161090915423
BAD 161090915429
BAD 161090915431
BAD 161074344553
BAD 161145041461
BAD 161160450179
BAD 161074344559
BAD 160980035539
BAD 161058064969
BAD 161003864407
BAD 161058064987
BAD 161011764469
BAD 161045945663
BAD 160958016187
BAD 161011764541
BAD 161011764547
BAD 161160450181
BAD 161046015241
BAD 161046015253
BAD 161011840417
BAD 161011840421
BAD 161011892711
BAD 161091027289
BAD 160958166563
BAD 160958166571
BAD 161160620311
BAD 161160620321
BAD 161074444613
BAD 161074444639
BAD 161145153439
BAD 160958204521
BAD 161058251833
BAD 160958204527
BAD 161058251839
BAD 161074680133
BAD 161145192647
BAD 160958386657
BAD 161108213923
BAD 161174581369
BAD 161023462493
BAD 161012989103
BAD 160958386661
BAD 160980878581
BAD 161004124717
BAD 161074680139
BAD 161046465199
BAD 161160811711
BAD 160958386663
BAD 161013031679
BAD 161013031681
BAD 161058286343
BAD 161058286351
BAD 160958524219
BAD 160981045903
BAD 161174730061
BAD 161174730083
BAD 161108487937
BAD 161023812083
BAD 161145495881
BAD 161145495883
BAD 161145495887
BAD 161174983433
BAD 161174983439
BAD 161174983441
BAD 161004886351
BAD 161146047833
BAD 161013563533
BAD 161109065959
BAD 161023944727
BAD 160959389473
BAD 161075796179
BAD 161161523851
BAD 161091363373
BAD 160982300629
BAD 161091363379
BAD 161023944737
BAD 161047077227
BAD 160982300641
BAD 161091363413
BAD 161047077229
BAD 161091385243
BAD 161013752803
BAD 161075951731
BAD 161013752807
BAD 161013752819
BAD 161075951741
BAD 161013752821
BAD 161075952361
BAD 161005112809
BAD 161091564397
BAD 161091564419
BAD 161091564421
BAD 161024169017
BAD 161024169043
BAD 161047333957
BAD 161058608177
BAD 161014380529
BAD 161024169049
BAD 161076094351
BAD 160960710307
BAD 160982623987
BAD 161109794779
BAD 161091691769
BAD 160960710331
BAD 161005296527
BAD 160982623993
BAD 161146441333
BAD 160982623999
BAD 160960711393
BAD 161091691771
BAD 161162384869
BAD 161091711643
BAD 161091711653
BAD 161058661399
BAD 161005349441
BAD 161091761969
BAD 161091761993
BAD 161091762037
BAD 161047412221
BAD 161047412233
BAD 161047412237
BAD 161047412243
BAD 160960869263
BAD 160960869269
BAD 161092024733
BAD 161014833713
BAD 161146572649
BAD 161047590653
BAD 160982888221
BAD 161175686653
BAD 160960869271
BAD 161005921669
BAD 161110225831
BAD 161059099639
BAD 161162918263
BAD 161076828643
BAD 161076828667
BAD 161076828683
BAD 161146572683
BAD 161059112393
BAD 161059116697
BAD 161076856793
BAD 161076856799
BAD 161076856807
BAD 161175722299
BAD 161175722303
BAD 161092069291
BAD 161076902989
BAD 161076902993
BAD 161076903023
BAD 161146655251
BAD 161059207559
BAD 161175899629
BAD 161175927109
BAD 160983153691
BAD 161059799869
BAD 161092786979
BAD 161163477427
BAD 161059799881
BAD 161146959173
BAD 161015120059
BAD 161024550541
BAD 161077570273
BAD 161092823477
BAD 161175957773
BAD 161015172919
BAD 161015172931
BAD 160983265789
BAD 161092920853
BAD 161111146013
BAD 160983451813
BAD 161048171839
BAD 161015543701
BAD 161060123897
BAD 161060123899
BAD 161093192279
BAD 161111368079
BAD 161111368081
BAD 161111368087
BAD 160983719467
BAD 161025139091
BAD 161093410237
BAD 161093410243
BAD 161078162633
BAD 161015919773
BAD 160962095221
BAD 161060999909
BAD 161025230021
BAD 160962095227
BAD 161112885331
BAD 161025230059
BAD 161177054881
BAD 161147408183
BAD 161164655317
BAD 161049126151
BAD 161025230063
BAD 160984043887
BAD 161093486509
BAD 160962109057
BAD 161177075687
BAD 160984138397
BAD 161093633191
BAD 160984198951
BAD 161016089789
BAD 161025414083
BAD 160984299607
BAD 161061301789
BAD 161061301801
BAD 161049323161
BAD 161093860537
BAD 161078543947
BAD 161113306513
BAD 161113306537
BAD 161061445201
BAD 161113347919
BAD 161147668117
BAD 160984674379
BAD 161177610511
BAD 161165364517
BAD 161165364539
BAD 161165364541
BAD 161165364551
BAD 161165364553
BAD 161078925737
BAD 161177756059
BAD 161177756063
BAD 161061611773
BAD 161061611783
BAD 161061611791
BAD 161016746071
BAD 161147885401
BAD 161113566883
BAD 161147965597
BAD 160985087309
BAD 160985087311
BAD 160985087317
BAD 160985095253
BAD 160985095289
BAD 161113751263
BAD 161094638717
BAD 161050168849
BAD 161050168891
BAD 161148234187
BAD 161062045633
BAD 161178155153
BAD 161026190333
BAD 160985475947
BAD 160962935299
BAD 161050320173
BAD 160985475949
BAD 161094856931
BAD 161113995997
BAD 161094856933
BAD 161113996013
BAD 161062095781
BAD 161079687673
BAD 161079687677
BAD 161079687679
BAD 161094934171
BAD 160985569111
BAD 160985569117
BAD 160985569123
BAD 160985569127
BAD 161062253783
BAD 161114174569
BAD 160985758589
BAD 161017575083
BAD 161017575127
BAD 161148636083
BAD 161114308703
BAD 161017663171
BAD 160963175573
BAD 161026403983
BAD 161178246101
BAD 161026435807
BAD 161166343007
BAD 161178314579
BAD 161050884581
BAD 161080358269
BAD 161095304833
BAD 161063622037
BAD 161026435831
BAD 161018510501
BAD 160986259807
BAD 161149618009
BAD 161178314581
BAD 161095304837
BAD 161026435837
BAD 161116082773
BAD 161018510503
BAD 161018510507
BAD 161018510509
BAD 161116086661
BAD 161116086667
BAD 161095344401
BAD 161095370593
BAD 161018584007
BAD 161018584009
BAD 161063775331
BAD 161063775337
BAD 161063775413
BAD 161095560601
BAD 160986544507
BAD 161178450241
BAD 161064021887
BAD 160988689853
BAD 161118318353
BAD 161019021047
BAD 161095933993
BAD 161081111941
BAD 161118318359
BAD 161064021889
BAD 161019021049
BAD 161095933997
BAD 161118318373
BAD 160964003191
BAD 161178964013
BAD 161051981423
BAD 161150182201
BAD 161178964021
BAD 161051995519
BAD 161051995529
BAD 161166653603
BAD 161118357863
BAD 161118357877
BAD 161095991789
BAD 160988867267
BAD 161052165233
BAD 161096162629
BAD 161081354527
BAD 161081432909
BAD 161064213019
BAD 161064213029
BAD 161081499923
BAD 161150571739
BAD 161167271059
BAD 161096454949
BAD 161082115951
BAD 160989158599
BAD 160964641507
BAD 161119257983
BAD 161019286369
BAD 161052384151
BAD 161167271063
BAD 161179453459
BAD 161082156691
BAD 161082156709
BAD 161052461309
BAD 160964740127
BAD 160964740129
BAD 160964740133
BAD 160964740141
BAD 160964740147
BAD 160964740219
BAD 161167435703
BAD 161119328723
BAD 161119328737
BAD 161119328743
BAD 161019461651
BAD 161019461653
BAD 160989347117
BAD 161150699789
BAD 161179665901
BAD 161150703781
BAD 161150703787
BAD 161120848183
BAD 161082619339
BAD 161019700133
BAD 161167508329
BAD 161019700189
BAD 160965032707
BAD 161065113893
BAD 161052875629
BAD 160965032749
BAD 160989419221
BAD 161150703793
BAD 161082630647
BAD 161082656827
BAD 161082656831
BAD 161082656843
BAD 161180157731
BAD 160965211261
BAD 161053046953
BAD 161053046963
BAD 160989619823
BAD 161082878603
BAD 160965356743
BAD 161121043487
BAD 161121043493
BAD 161167924273
BAD 161167924277
BAD 161167924279
BAD 161167924283
BAD 161026827919
BAD 161026827953
BAD 161065473301
BAD 161083085899
BAD 161180599081
BAD 161020230533
BAD 160965909901
BAD 161065473307
BAD 161121191809
BAD 161065473311
BAD 160965909919
BAD 161065473313
BAD 161096771477
BAD 161121191821
BAD 161083085903
BAD 161168367169
BAD 161151170647
BAD 161083085923
BAD 161054554621
BAD 161054554631
BAD 161083097809
BAD 161168409253
BAD 161121267199
BAD 161121305461
BAD 161020334711
BAD 160966046393
BAD 161168502007
BAD 161180746633
BAD 161180746687
BAD 161180746691
BAD 161180746693
BAD 161065568773
BAD 161097037193
BAD 161026976993
BAD 161026977037
BAD 161026977043
BAD 161054794843
BAD 161054794909
BAD 161054794913
BAD 161151674807
BAD 161054811613
BAD 161054859409
BAD 161151898519
BAD 161065831733
BAD 161065831753
BAD 161083994299
BAD 161083994303
BAD 161083994339
BAD 161083994341
BAD 161169267367
BAD 161152147711
BAD 161122194529
BAD 161027285299
BAD 161027308723
BAD 161097751021
BAD 161066025413
BAD 161066025457
BAD 161055116939
BAD 161055116941
BAD 161169609533
BAD 161084380159
BAD 161152402711
BAD 161055324979
BAD 161170420771
BAD 161021978443
BAD 161085333889
BAD 161098191721
BAD 161181953993
BAD 161021990201
BAD 161085333953
BAD 161170420819
BAD 161021990203
BAD 161085333961
BAD 161085333967
BAD 161085333971
BAD 161085333973
BAD 161027584709
BAD 161027584733
BAD 161181965011
BAD 160967215309
BAD 161123531431
BAD 161182077409
BAD 161182077493
BAD 161085545573
BAD 161085545587
BAD 161085545591
BAD 161055587059
BAD 161123889691
BAD 161055790373
BAD 160967425163
BAD 161028014831
BAD 161170951649
BAD 160967614303
BAD 161067020311
BAD 161182653067
BAD 161028427979
BAD 160967614307
BAD 161152744471
BAD 160967614309
BAD 161170951651
BAD 161085922853
BAD 161028427981
BAD 161022597691
BAD 161028627223
BAD 161028627229
BAD 161028627283
BAD 161022692483
BAD 161182897177
BAD 161182897193
BAD 161182897501
BAD 161022715759
BAD 161099787493
BAD 161086467083
BAD 161029077607
BAD 161029077613
BAD 161183213419
BAD 161086725413
BAD 161086725419
BAD 161086725421
BAD 161100235969
BAD 161100249757
BAD 161153353883
BAD 161183648699
BAD 161029848841
BAD 161087357863
BAD 161100725033
BAD 161068546909
BAD 161068546913
BAD 161087474971
BAD 161183784589
BAD 161087528573
BAD 161087539381
BAD 161030163011
BAD 161100996191
BAD 161100996193
BAD 161030284301
BAD 161030284309
BAD 161030284313
BAD 161087857201
BAD 161030480591
BAD 161030480593
BAD 161088089401
BAD 161088122137
BAD 161184539869
BAD 161154257731
BAD 161184675811
BAD 161101702009
BAD 161173774163
BAD 160968784411
BAD 161089024861
BAD 161089024871
BAD 161031655033
BAD 161070191993
BAD 161155140301
BAD 161089235911
BAD 161031785951
BAD 161070191999
BAD 161102441141
BAD 161185672517
BAD 161070192001
BAD 161031785953
BAD 161089296317
BAD 161089296331
BAD 161102547967
BAD 161031828071
BAD 161031828073
BAD 161031828077
BAD 161031828079
BAD 161031828091
BAD 161031828157
BAD 161031828203
BAD 161070348739
BAD 161070377873
BAD 161102816983
BAD 161089738933
BAD 161102904101
BAD 161102904103
BAD 161102904107
BAD 161102940293
BAD 161032042219
BAD 161070840547
BAD 161070840551
BAD 161070864827
BAD 161186644943
BAD 161103047333
BAD 161070864859
BAD 161089960327
BAD 161089960331
BAD 161103047621
BAD 161089960333
BAD 161103047723
BAD 161089960379
BAD 161103047731
BAD 161089960387
BAD 161155724969
BAD 161155724971
BAD 160969554953
BAD 160969572091
BAD 160969572097
BAD 161103220937
BAD 161186911283
BAD 161155874533
BAD 161103360577
BAD 161187104077
BAD 161187104081
BAD 161187104101
BAD 161187104107
BAD 161090369393
BAD 161090378263
BAD 161090444323
BAD 161156011831
BAD 160969874803
BAD 161103698689
BAD 161187517669
BAD 161032714313
BAD 161032714321
BAD 161071571519
BAD 161071703137
BAD 161103927169
BAD 161103927181
BAD 160970296577
BAD 160970296579
BAD 161104044029
BAD 161104044037
BAD 161104044043
BAD 161071880407
BAD 161071880413
BAD 161156819633
BAD 161033134403
BAD 161071924201
BAD 161187976427
BAD 161187976429
BAD 161071991851
BAD 161033335783
BAD 161033335819
BAD 161188200001
BAD 161157178597
BAD 161104453219
BAD 161157249541
BAD 161157312703
BAD 161157312839
BAD 161104587121
BAD 161033881397
BAD 161072729953
BAD 160971182191
BAD 161188713331
BAD 161033881399
BAD 161104902247
BAD 161104927079
BAD 161104981243
BAD 161072892907
BAD 161072892913
BAD 161072892917
BAD 161072892931
BAD 161105131279
BAD 161105131283
BAD 161105142533
BAD 161072999713
BAD 161105330249
BAD 161105330251
BAD 161105330299
BAD 160971752839
BAD 160971958027
BAD 160971958031
BAD 160971958033
BAD 161189443333
BAD 161105955683
BAD 161105991713
BAD 161106218873
BAD 161106230213
BAD 161035254301
BAD 161035254307
BAD 161106565063
BAD 161035477331
BAD 161035477333
BAD 161190011557
BAD 161035501387
BAD 161106948581
BAD 161035894387
BAD 161190631799
BAD 161036362187
BAD 161036362189
BAD 161190754693
BAD 161036466637
BAD 161190987557
BAD 161190987563
BAD 161037781909
BAD 161037781913
BAD 161037781921
BAD 161037811321
BAD 161038007917
BAD 161038007959
BAD 161038007969
BAD 161038007971
BAD 161039182657
BAD 161039182789
BAD 161039205323
BAD 161039899243
BAD 161224923709
BAD 161225946073
BAD 161226204721
BAD 161226207143
BAD 161226915211
BAD 161227366637
BAD 161227366639
BAD 161227873459
BAD 161227873463
BAD 161228607049
BAD 161229223943
BAD 161229223963
BAD 161229223973
BAD 161229667237
BAD 161230108489
BAD 161230182401
BAD 161230266683
BAD 161231015663
BAD 161231278007
BAD 161231278009
BAD 161231278073
BAD 161231632231
BAD 161232116239
BAD 161232116249
BAD 161232116251
BAD 161233003123
BAD 161233003237
BAD 161233041553
BAD 161233058053
BAD 161233235819
BAD 161233556779
BAD 161233890001
BAD 161234533027
BAD 161234643433
BAD 161234697683
BAD 161208209341
BAD 161275354381
BAD 161275354403
BAD 161275354411
BAD 161275474793
BAD 161275566941
BAD 161275566943
BAD 161275631239
BAD 161275631243
BAD 161275631249
BAD 161275906021
BAD 161208768619
BAD 161291884829
BAD 161235579787
BAD 161292120061
BAD 161292120103
BAD 161292120113
BAD 161292257783
BAD 161276363221
BAD 161236070299
BAD 161236070357
BAD 161292682513
BAD 161292682517
BAD 161292682519
BAD 161236370599
BAD 161236370623
BAD 161236370627
BAD 161236370629
BAD 161236431901
BAD 161236431919
BAD 161276725381
BAD 161209549387
BAD 161292789089
BAD 161209549393
BAD 161276956279
BAD 161276956301
BAD 161276956303
BAD 161236806691
BAD 161293470661
BAD 161210308561
BAD 161237850583
BAD 161237850589
BAD 161237850593
BAD 161237850601
BAD 161237850611
BAD 161237850617
BAD 161238362183
BAD 161277564353
BAD 161238717593
BAD 161211387773
BAD 161211387781
BAD 161294597437
BAD 161294597489
BAD 161294597491
BAD 161238954601
BAD 161238954607
BAD 161294664031
BAD 161277826613
BAD 161239024489
BAD 161239507711
BAD 161278258417
BAD 161241830689
BAD 161239694197
BAD 161278258423
BAD 161295972911
BAD 161241830693
BAD 161241830699
BAD 161278299269
BAD 161278299271
BAD 161211990271
BAD 161242015861
BAD 161239899323
BAD 161242124413
BAD 161242154893
BAD 161240157671
BAD 161240171123
BAD 161242370761
BAD 161242370767
BAD 161242370777
BAD 161240208977
BAD 161240208979
BAD 161278699591
BAD 161240363959
BAD 161240363969
BAD 161240363971
BAD 161240364073
BAD 161240364079
BAD 161212471897
BAD 161242621261
BAD 161212628197
BAD 161242995541
BAD 161296815649
BAD 161240825323
BAD 161242995553
BAD 161240825371
BAD 161279140381
BAD 161212880173
BAD 161243175859
BAD 161243260363
BAD 161241226303
BAD 161241226361
BAD 161241226387
BAD 161241282247
BAD 161213221417
BAD 161243974831
BAD 161297365129
BAD 161244293813
BAD 161244293831
BAD 161244382633
BAD 161244382639
BAD 161244382643
BAD 161244391283
BAD 161244391289
BAD 161244391291
BAD 161244391303
BAD 161244391313
BAD 161213795737
BAD 161279962309
BAD 161279962313
BAD 161213945119
BAD 161213945141
BAD 161245929583
BAD 161298069071
BAD 161213945143
BAD 161298117221
BAD 161298117223
BAD 161246098219
BAD 161298188243
BAD 161214235397
BAD 161298530999
BAD 161298531001
BAD 161246921683
BAD 161246921687
BAD 161298664717
BAD 161298664721
BAD 161298795629
BAD 161298795631
BAD 161247314323
BAD 161214815539
BAD 161214815543
BAD 161247552811
BAD 161215021217
BAD 161247676127
BAD 161247676129
BAD 161247677453
BAD 161299680863
BAD 161248079609
BAD 161280102031
BAD 161299959287
BAD 161299972133
BAD 161299972139
BAD 161248369171
BAD 161215678123
BAD 161215736587
BAD 161215736593
BAD 161325623363
BAD 161215853131
BAD 161215853153
BAD 161215977563
BAD 161300292799
BAD 161216070419
BAD 161216144231
BAD 161216144233
BAD 161248952311
BAD 161216432063
BAD 161216453737
BAD 161216453743
BAD 161249084329
BAD 161249084333
BAD 161249084341
BAD 161249084351
BAD 161326532827
BAD 161326682609
BAD 161326682611
BAD 161326682633
BAD 161326682641
BAD 161249247043
BAD 161326771591
BAD 161326771597
BAD 161326771609
BAD 161326771693
BAD 161249396003
BAD 161249396053
BAD 161301310091
BAD 161249443283
BAD 161217042761
BAD 161301453043
BAD 161301453091
BAD 161301453293
BAD 161301453301
BAD 161301453307
BAD 161217259003
BAD 161217493219
BAD 161217493223
BAD 161217493231
BAD 161327578429
BAD 161217781609
BAD 161302112281
BAD 161218154269
BAD 161250637879
BAD 161250637883
BAD 161250638093
BAD 161250734153
BAD 161250800071
BAD 161250800083
BAD 161250802639
BAD 161250802651
BAD 161218539641
BAD 161302406729
BAD 161250917987
BAD 161302406731
BAD 161328642863
BAD 161259327241
BAD 161219207179
BAD 161250918029
BAD 161280304417
BAD 161259327941
BAD 161219207183
BAD 161280304421
BAD 161250923033
BAD 161280349213
BAD 161251024471
BAD 161251024483
BAD 161280432059
BAD 161280491041
BAD 161280516673
BAD 161280516679
BAD 161219537989
BAD 161219537993
BAD 161219538001
BAD 161259681391
BAD 161329417693
BAD 161329607171
BAD 161252055487
BAD 161260171981
BAD 161260172053
BAD 161220599539
BAD 161220599569
BAD 161329996897
BAD 161329996901
BAD 161329996903
BAD 161260503211
BAD 161220740399
BAD 161252557019
BAD 161252557021
BAD 161252557057
BAD 161252557171
BAD 161252557201
BAD 161252564611
BAD 161330064199
BAD 161252617403
BAD 161260634207
BAD 161260634209
BAD 161260804657
BAD 161253037769
BAD 161253061657
BAD 161253103567
BAD 161253234391
BAD 161260999901
BAD 161260999903
BAD 161330817743
BAD 161282090143
BAD 161261034953
BAD 161261122163
BAD 161261223553
BAD 161222138159
BAD 161254009403
BAD 161261633527
BAD 161254009429
BAD 161222138183
BAD 161261633539
BAD 161331909917
BAD 161254009463
BAD 161222138191
BAD 161331909919
BAD 161222138197
BAD 161222138201
BAD 161254115203
BAD 161254115237
BAD 161261739673
BAD 161261739703
BAD 161261739707
BAD 161254204759
BAD 161254250041
BAD 161282882279
BAD 161282882281
BAD 161282882287
BAD 161282882323
BAD 161332173083
BAD 161254331411
BAD 161332333453
BAD 161332333489
BAD 161222603917
BAD 161222603921
BAD 161222603923
BAD 161254628089
BAD 161254628099
BAD 161254628131
BAD 161254664371
BAD 161262192061
BAD 161283217387
BAD 161254728413
BAD 161283217393
BAD 161254729429
BAD 161254729501
BAD 161254729507
BAD 161223054661
BAD 161254805471
BAD 161262471757
BAD 161332894223
BAD 161332978643
BAD 161262871039
BAD 161262871043
BAD 161333172199
BAD 161255501371
BAD 161263015387
BAD 161263015399
BAD 161263143383
BAD 161263143389
BAD 161263143413
BAD 161224157467
BAD 161333830643
BAD 161263743031
BAD 161302529291
BAD 161302805033
BAD 161334762829
BAD 161334809989
BAD 161303192503
BAD 161257210733
BAD 161285251553
BAD 161285286167
BAD 161285314339
BAD 161257966703
BAD 161303915569
BAD 161264910371
BAD 161303915579
BAD 161285314343
BAD 161335509299
BAD 161285314349
BAD 161303915581
BAD 161285314357
BAD 161335509301
BAD 161335528843
BAD 161258078941
BAD 161258078959
BAD 161258079043
BAD 161265041527
BAD 161265041533
BAD 161304155161
BAD 161265211421
BAD 161265211423
BAD 161304223219
BAD 161304344273
BAD 161304405653
BAD 161336254243
BAD 161336326537
BAD 161285976743
BAD 161304806723
BAD 161304860581
BAD 161265899761
BAD 161266021141
BAD 161305131037
BAD 161266256329
BAD 161337062629
BAD 161286265303
BAD 161305173377
BAD 161305173383
BAD 161305173389
BAD 161305173391
BAD 161305173409
BAD 161337163133
BAD 161266418297
BAD 161266421917
BAD 161305293923
BAD 161337377723
BAD 161337495799
BAD 161266662329
BAD 161266662331
BAD 161286736213
BAD 161305763309
BAD 161305763317
BAD 161287045331
BAD 161287045333
BAD 161338285159
BAD 161338339633
BAD 161338344787
BAD 161287488871
BAD 161287488889
BAD 161287488893
BAD 161306292083
BAD 161267637061
BAD 161306558557
BAD 161339082287
BAD 161267740163
BAD 161287873477
BAD 161267777089
BAD 161306615959
BAD 161306615971
BAD 161267873243
BAD 161288045641
BAD 161288062223
BAD 161288226091
BAD 161339440553
BAD 161288353337
BAD 161288366423
BAD 161288446223
BAD 161339662039
BAD 161268485243
BAD 161288724613
BAD 161339845717
BAD 161339845721
BAD 161307357983
BAD 161307359233
BAD 161307406837
BAD 161289230779
BAD 161289230783
BAD 161269094383
BAD 161308001297
BAD 161340676223
BAD 161340779323
BAD 161269469563
BAD 161269469573
BAD 161289776917
BAD 161341331953
BAD 161341460041
BAD 161341474927
BAD 161270071913
BAD 161270073193
BAD 161290304719
BAD 161290304723
BAD 161290304729
BAD 161290304731
BAD 161290574639
BAD 161270546639
BAD 161270546641
BAD 161270833447
BAD 161271096079
BAD 161271617233
BAD 161291739607
BAD 161291739667
BAD 161291739671
BAD 161291739673
BAD 161291739677
BAD 161291739691
BAD 161272577783
BAD 161272596983
BAD 161272758629
BAD 161272758631
BAD 161272978369
BAD 161274481243
BAD 161275058731
BAD 161308657519
BAD 161308995691
BAD 161309178181
BAD 161309178211
BAD 161309537209
BAD 161310252011
BAD 161310416023
BAD 161310416039
BAD 161310416041
BAD 161310843319
BAD 161310902581
BAD 161311058921
BAD 161311579309
BAD 161312758993
BAD 161313253279
BAD 161313334991
BAD 161313335119
BAD 161313431033
BAD 161313505051
BAD 161313537563
BAD 161313874853
BAD 161313874937
BAD 161313874987
BAD 161314974151
BAD 161315251379
BAD 161315251381
BAD 161316077189
BAD 161316077191
BAD 161316160403
BAD 161316267061
BAD 161316478163
BAD 161317035293
BAD 161317035311
BAD 161317035367
BAD 161318055989
BAD 161318055991
BAD 161318064563
BAD 161318517751
BAD 161318517781
BAD 161318627611
BAD 161318674513
BAD 161319001897
BAD 161319001903
BAD 161319262603
BAD 161319539701
BAD 161319642233
BAD 161320569139
BAD 161320569143
BAD 161320682423
BAD 161320682507
BAD 161321929429
BAD 161321929591
BAD 161322983753
BAD 161323497301
BAD 161323497319
BAD 161323497343
BAD 161323848743
BAD 161324434993
BAD 161325017219
BAD 161343038917
BAD 161343263611
BAD 161343432413
BAD 161343432451
BAD 161343432461
BAD 161343694879
BAD 161343762973
BAD 161343762977
BAD 161344284487
BAD 161344289123
BAD 161344386053
BAD 161344386103
BAD 161344439453
BAD 161344439461
BAD 161344524947
BAD 161344524949
BAD 161344525063
BAD 161345012149
BAD 161345012197
BAD 161345344487
BAD 161345344543
BAD 161345785723
BAD 161345785729
BAD 161345785789
BAD 161346294763
BAD 161346502747
BAD 161346502831
BAD 161347124599
BAD 161347725563
BAD 161348118949
BAD 161348787997
BAD 161348818297
BAD 161349073219
BAD 161349379427
BAD 161349675299
BAD 161349675301
BAD 161349675343
BAD 161349675349
BAD 161349998941
BAD 161350225013
BAD 161350225021
BAD 161350296241
BAD 161350498681
BAD 161350794139
BAD 161350943539
BAD 161351114857
BAD 161351305903
BAD 161351305909
BAD 161351824531
BAD 161352795479
BAD 161352795481
BAD 161352795533
BAD 161353504973
BAD 161353760273
BAD 161353873871
BAD 161353873873
BAD 161354525119
BAD 161354766589
BAD 161354766593
BAD 161354916263
BAD 161355326597
BAD 161355326599
BAD 161355326603
BAD 161355648499
BAD 161355648917
BAD 161355648919
BAD 161355915841
BAD 161376637421
BAD 161376637423
BAD 161377138933
BAD 161356362991
BAD 161356437841
BAD 161356741817
BAD 161357051819
BAD 161357051899
BAD 161357051903
BAD 161378050921
BAD 161378125043
BAD 161378188459
BAD 161378188463
BAD 161357210593
BAD 161357857579
BAD 161379207323
BAD 161379274099
BAD 161379274103
BAD 161358457703
BAD 161358584983
BAD 161358584987
BAD 161379491629
BAD 161379710189
BAD 161379837719
BAD 161379837721
BAD 161380486213
BAD 161380851061
BAD 161381150933
BAD 161381808083
BAD 161382063253
BAD 161382063259
BAD 161382063263
BAD 161382252061
BAD 161382441893
BAD 161382441937
BAD 161382687031
BAD 161383125691
BAD 161383134623
BAD 161383736263
BAD 161383946453
BAD 161384341879
BAD 161384341883
BAD 161384811853
BAD 161384811883
BAD 161385540233
BAD 161386589873
BAD 161386984337
BAD 161386984379
BAD 161387227943
BAD 161387650433
BAD 161387675947
BAD 161389245533
BAD 161389424633
BAD 161389468553
BAD 161389468561
BAD 161389468579
BAD 161389468633
BAD 161389812223
BAD 161390087959
BAD 161359165663
BAD 161359538033
BAD 161359839167
BAD 161359839169
BAD 161391240139
BAD 161391284699
BAD 161391284701
BAD 161391735391
BAD 161360491441
BAD 161391987709
BAD 161392197487
BAD 161361334481
BAD 161361334483
BAD 161362140473
BAD 161362140479
BAD 161362140493
BAD 161362868573
BAD 161363077441
BAD 161363280553
BAD 161363369017
BAD 161363895181
BAD 161363895193
BAD 161363895211
BAD 161364148261
BAD 161364187643
BAD 161364239693
BAD 161364558659
BAD 161364558661
BAD 161365193713
BAD 161365917803
BAD 161366550623
BAD 161367960713
BAD 161368295723
BAD 161368360717
BAD 161368360729
BAD 161368870657
BAD 161368870853
BAD 161368980763
BAD 161369014117
BAD 161369522449
BAD 161369522453
BAD 161369809649
BAD 161370180563
BAD 161370180577
BAD 161370316847
BAD 161370579613
BAD 161370603937
BAD 161371293053
BAD 161372189731
BAD 161372235781
BAD 161372235793
BAD 161372342143
BAD 161372461993
BAD 161372890981
BAD 161373162967
BAD 161373649303
BAD 161373843661
BAD 161374286693
BAD 161374286719
BAD 161374286839
BAD 161375062663
BAD 161375113423
BAD 161375147677
BAD 161394001841
BAD 161394323369
BAD 161394323371
BAD 161394323381
BAD 161394323383
BAD 161395376383
BAD 161395376399
BAD 161395413313
BAD 161395413317
BAD 161395601833
BAD 161395601837
BAD 161395601839
BAD 161396008849
BAD 161396008853
BAD 161396848189
BAD 161396911171
BAD 161397180653
BAD 161397411619
BAD 161527138207
BAD 161397767981
BAD 161398221263
BAD 161398221269
BAD 161398282127
BAD 161527812401
BAD 161510046713
BAD 161527812403
BAD 161493182153
BAD 161398827937
BAD 161398827943
BAD 161398827949
BAD 161398936487
BAD 161527954831
BAD 161527954883
BAD 161528212501
BAD 161493552991
BAD 161399474011
BAD 161399474023
BAD 161399474029
BAD 161528301173
BAD 161510448641
BAD 161400198067
BAD 161400198079
BAD 161494122373
BAD 161494197511
BAD 161528752999
BAD 161511050821
BAD 161494379729
BAD 161494391147
BAD 161400584971
BAD 161511262951
BAD 161511288473
BAD 161511288481
BAD 161511389251
BAD 161529219151
BAD 161529219157
BAD 161529220129
BAD 161529220141
BAD 161529325831
BAD 161494960357
BAD 161401151159
BAD 161401182521
BAD 161401182533
BAD 161401245781
BAD 161529567361
BAD 161401391413
BAD 161495207417
BAD 161401453793
BAD 161401453831
BAD 161495629223
BAD 161401849423
BAD 161530234423
BAD 161512361833
BAD 161496080903
BAD 161496080917
BAD 161402469373
BAD 161530891517
BAD 161402553083
BAD 161402580127
BAD 161496445729
BAD 161402823671
BAD 161426168383
BAD 161426168389
BAD 161531337323
BAD 161513802001
BAD 161427267017
BAD 161404049509
BAD 161498569913
BAD 161513939333
BAD 161427581093
BAD 161404407389
BAD 161427683449
BAD 161404407391
BAD 161427683453
BAD 161404407407
BAD 161427683471
BAD 161428095571
BAD 161514685487
BAD 161514685489
BAD 161499316351
BAD 161499354967
BAD 161405363663
BAD 161429333119
BAD 161429333123
BAD 161405630453
BAD 161499837371
BAD 161405663833
BAD 161515139783
BAD 161499911663
BAD 161500203619
BAD 161406168403
BAD 161406168409
BAD 161406218221
BAD 161406225523
BAD 161406225527
BAD 161501711821
BAD 161544402023
BAD 161531515633
BAD 161430546883
BAD 161406225529
BAD 161430546917
BAD 161430546919
BAD 161430546923
BAD 161406275881
BAD 161406360781
BAD 161406557051
BAD 161502222667
BAD 161502345877
BAD 161431067509
BAD 161502871661
BAD 161502871667
BAD 161502871669
BAD 161459720713
BAD 161459720731
BAD 161503359151
BAD 161532183947
BAD 161532183949
BAD 161546048809
BAD 161532352939
BAD 161532502849
BAD 161503974589
BAD 161503988669
BAD 161503988671
BAD 161546657359
BAD 161407741741
BAD 161407842863
BAD 161432146723
BAD 161547435649
BAD 161442952603
BAD 161504584613
BAD 161460550553
BAD 161547435653
BAD 161547454069
BAD 161432228623
BAD 161533840781
BAD 161547661477
BAD 161504839721
BAD 161504839723
BAD 161504859961
BAD 161504859973
BAD 161504907131
BAD 161504907133
BAD 161504997751
BAD 161408236573
BAD 161432982343
BAD 161408343749
BAD 161408343751
BAD 161433095827
BAD 161433273739
BAD 161548073581
BAD 161433326851
BAD 161433326869
BAD 161505633853
BAD 161433326953
BAD 161505633871
BAD 161433380309
BAD 161548575379
BAD 161516925173
BAD 161505855713
BAD 161444555453
BAD 161461862689
BAD 161476838539
BAD 161534607473
BAD 161476838543
BAD 161444603569
BAD 161476975279
BAD 161548790797
BAD 161433617909
BAD 161477185981
BAD 161506162627
BAD 161506162637
BAD 161506162639
BAD 161433632611
BAD 161433632617
BAD 161477246663
BAD 161517174397
BAD 161477319961
BAD 161506324841
BAD 161506324843
BAD 161506354483
BAD 161506354487
BAD 161506354489
BAD 161549210243
BAD 161506451809
BAD 161445526531
BAD 161506624493
BAD 161517880739
BAD 161550205829
BAD 161478391939
BAD 161408744141
BAD 161506624501
BAD 161445566929
BAD 161593977653
BAD 161506624507
BAD 161408744143
BAD 161517880747
BAD 161535207751
BAD 161408744149
BAD 161594045957
BAD 161594045959
BAD 161594045969
BAD 161594045971
BAD 161594045983
BAD 161408814433
BAD 161408838973
BAD 161408839003
BAD 161550314383
BAD 161550314389
BAD 161478500699
BAD 161462697199
BAD 161478779197
BAD 161518354141
BAD 161518354147
BAD 161550706039
BAD 161478883939
BAD 161478883949
BAD 161518549693
BAD 161434240441
BAD 161446739183
BAD 161550921923
BAD 161594595251
BAD 161535459139
BAD 161535459143
BAD 161463431749
BAD 161535480349
BAD 161518764049
BAD 161594714003
BAD 161434347901
BAD 161434347953
BAD 161594842237
BAD 161518914703
BAD 161535728293
BAD 161535728309
BAD 161551256371
BAD 161551315441
BAD 161551396553
BAD 161551396561
BAD 161479173409
BAD 161479173413
BAD 161595119869
BAD 161447468359
BAD 161463913679
BAD 161463960079
BAD 161519555069
BAD 161519556127
BAD 161447755153
BAD 161596042073
BAD 161435225957
BAD 161519958317
BAD 161507120393
BAD 161519958319
BAD 161536634999
BAD 161409426883
BAD 161464198543
BAD 161551936643
BAD 161464198549
BAD 161552001353
BAD 161552001379
BAD 161552001383
BAD 161552066153
BAD 161596261949
BAD 161596261951
BAD 161464395401
BAD 161464395439
BAD 161552227943
BAD 161409772879
BAD 161409772883
BAD 161552441497
BAD 161552441503
BAD 161596643777
BAD 161448003811
BAD 161537006153
BAD 161448034303
BAD 161464745093
BAD 161561169109
BAD 161561184691
BAD 161448143683
BAD 161520757157
BAD 161561184703
BAD 161448143687
BAD 161520757159
BAD 161520757163
BAD 161561206879
BAD 161508178333
BAD 161508178339
BAD 161552987593
BAD 161553080461
BAD 161553080467
BAD 161553080473
BAD 161448260227
BAD 161553086803
BAD 161465077127
BAD 161436658387
BAD 161521091299
BAD 161521175689
BAD 161436848941
BAD 161508784651
BAD 161537590549
BAD 161537590559
BAD 161537590561
BAD 161411089501
BAD 161553600631
BAD 161553623983
BAD 161508946147
BAD 161508946153
BAD 161437242319
BAD 161554141219
BAD 161479599107
BAD 161521679359
BAD 161597876137
BAD 161562064613
BAD 161465768383
BAD 161509291819
BAD 161411952697
BAD 161479599109
BAD 161537806343
BAD 161554164727
BAD 161479632451
BAD 161479640897
BAD 161479640899
BAD 161412003083
BAD 161437293323
BAD 161597956787
BAD 161412053953
BAD 161509450247
BAD 161598068603
BAD 161538025171
BAD 161598093779
BAD 161598093781
BAD 161538171049
BAD 161522098081
BAD 161522154727
BAD 161522154733
BAD 161522154749
BAD 161522154751
BAD 161522154767
BAD 161555118721
BAD 161598257453
BAD 161522154769
BAD 161449624879
BAD 161562681151
BAD 161509864193
BAD 161413054819
BAD 161482275503
BAD 161466268031
BAD 161413054823
BAD 161598257461
BAD 161539456601
BAD 161598257479
BAD 161598259117
BAD 161562735263
BAD 161539577851
BAD 161413211747
BAD 161413211749
BAD 161482496191
BAD 161449840711
BAD 161522310437
BAD 161555438459
BAD 161555438461
BAD 161449998713
BAD 161598573439
BAD 161598573443
BAD 161598573449
BAD 161466562507
BAD 161466562531
BAD 161466562571
BAD 161450240519
BAD 161563288619
BAD 161540300993
BAD 161467383241
BAD 161413652131
BAD 161450240521
BAD 161556046753
BAD 161483060807
BAD 161413652137
BAD 161577096097
BAD 161540301001
BAD 161437691383
BAD 161598765967
BAD 161467441159
BAD 161598830059
BAD 161483215171
BAD 161540404807
BAD 161540404813
BAD 161467579391
BAD 161467579393
BAD 161467592813
BAD 161450481037
BAD 161467621129
BAD 161413908811
BAD 161450559527
BAD 161450561071
BAD 161556380599
BAD 161522504057
BAD 161483424679
BAD 161483424703
BAD 161483424719
BAD 161438195003
BAD 161540972239
BAD 161556868591
BAD 161483424721
BAD 161577426503
BAD 161564596103
BAD 161540972309
BAD 161415462029
BAD 161483424727
BAD 161600370653
BAD 161483424731
BAD 161467749539
BAD 161415462031
BAD 161483424733
BAD 161415462037
BAD 161450746423
BAD 161450746439
BAD 161541049739
BAD 161541049741
BAD 161467836223
BAD 161467836317
BAD 161467836319
BAD 161483516093
BAD 161483516167
BAD 161483516179
BAD 161564676781
BAD 161564723521
BAD 161600534401
BAD 161541190963
BAD 161564805001
BAD 161483717287
BAD 161600674553
BAD 161450980591
BAD 161438458697
BAD 161557175971
BAD 161564805019
BAD 161600674567
BAD 161564805023
BAD 161600674709
BAD 161468080003
BAD 161564860283
BAD 161451043433
BAD 161468167187
BAD 161564934767
BAD 161483895007
BAD 161565019879
BAD 161483929049
BAD 161483929051
BAD 161483983751
BAD 161483983763
BAD 161565177317
BAD 161416007461
BAD 161416007483
BAD 161416007497
BAD 161557642793
BAD 161416065403
BAD 161468651833
BAD 161468664571
BAD 161451604627
BAD 161578417183
BAD 161541264463
BAD 161484554603
BAD 161416185929
BAD 161522871467
BAD 161451873067
BAD 161468821279
BAD 161439774641
BAD 161484554629
BAD 161522871469
BAD 161565518827
BAD 161557945667
BAD 161451873071
BAD 161602078537
BAD 161451873073
BAD 161557945669
BAD 161484562949
BAD 161484562951
BAD 161557948969
BAD 161484563029
BAD 161484563033
BAD 161439855263
BAD 161565697973
BAD 161523076441
BAD 161452101661
BAD 161558182999
BAD 161602347121
BAD 161484824327
BAD 161484824329
BAD 161565826561
BAD 161469186091
BAD 161484992573
BAD 161452419001
BAD 161559476873
BAD 161566290661
BAD 161416575323
BAD 161602681481
BAD 161440070689
BAD 161602681483
BAD 161523496529
BAD 161661029461
BAD 161523496531
BAD 161541783391
BAD 161485032563
BAD 161452479983
BAD 161661095389
BAD 161566490027
BAD 161566490047
BAD 161566490051
BAD 161566490053
BAD 161485215379
BAD 161485215401
BAD 161523736553
BAD 161559772769
BAD 161566569277
BAD 161566569287
BAD 161566569289
BAD 161566569323
BAD 161559860843
BAD 161559872347
BAD 161559872359
BAD 161542105279
BAD 161578700303
BAD 161452814959
BAD 161440462763
BAD 161416863833
BAD 161524927807
BAD 161485379491
BAD 161542108789
BAD 161440462769
BAD 161661494479
BAD 161603127463
BAD 161603127467
BAD 161661494483
BAD 161566746293
BAD 161661506437
BAD 161524944803
BAD 161470337099
BAD 161470337101
BAD 161452993643
BAD 161661686743
BAD 161661686759
BAD 161661686761
BAD 161485594453
BAD 161470499579
BAD 161470499581
BAD 161470499587
BAD 161542427083
BAD 161542427089
BAD 161560108849
BAD 161542463363
BAD 161417177743
BAD 161470575863
BAD 161453224871
BAD 161694582479
BAD 161453224873
BAD 161542463377
BAD 161440959263
BAD 161485843979
BAD 161694582481
BAD 161440959271
BAD 161694584033
BAD 161453245571
BAD 161453245573
BAD 161485876193
BAD 161525682763
BAD 161694675497
BAD 161694675503
BAD 161694675511
BAD 161485940279
BAD 161485940281
BAD 161485950271
BAD 161485950277
BAD 161694692749
BAD 161579508833
BAD 161579508841
BAD 161542617337
BAD 161453384647
BAD 161694770527
BAD 161694770533
BAD 161603953193
BAD 161470850363
BAD 161441535197
BAD 161579606819
BAD 161610700663
BAD 161579606821
BAD 161417398339
BAD 161453477641
BAD 161470850383
BAD 161567206069
BAD 161694900247
BAD 161610700697
BAD 161694900251
BAD 161694900253
BAD 161694900259
BAD 161694900281
BAD 161486463361
BAD 161610769123
BAD 161610769129
BAD 161610839671
BAD 161610839723
BAD 161579847983
BAD 161543339543
BAD 161453858453
BAD 161453858459
BAD 161526175403
BAD 161486810423
BAD 161663062303
BAD 161417765723
BAD 161417765749
BAD 161442054773
BAD 161663126861
BAD 161486924593
BAD 161695421911
BAD 161486924597
BAD 161695421917
BAD 161471329403
BAD 161471329463
BAD 161471329477
BAD 161580307981
BAD 161604727657
BAD 161418110179
BAD 161454301783
BAD 161487224981
BAD 161604966713
BAD 161604974633
BAD 161418341569
BAD 161418341573
BAD 161611389421
BAD 161580759589
BAD 161442415733
BAD 161454790969
BAD 161487504443
BAD 161418605903
BAD 161605288679
BAD 161605288681
BAD 161605288703
BAD 161580902869
BAD 161663736847
BAD 161663736853
BAD 161663736859
BAD 161663736863
BAD 161696047003
BAD 161663736869
BAD 161418683443
BAD 161568100937
BAD 161418683473
BAD 161454905411
BAD 161696067649
BAD 161568180649
BAD 161605748873
BAD 161455178779
BAD 161455178783
BAD 161581575523
BAD 161605921307
BAD 161581575541
BAD 161455257811
BAD 161581666489
BAD 161696442689
BAD 161419176533
BAD 161696482193
BAD 161472277453
BAD 161581828103
BAD 161606294887
BAD 161419445269
BAD 161664183859
BAD 161664183871
BAD 161568795559
BAD 161472607999
BAD 161419629359
BAD 161696856029
BAD 161696856031
BAD 161472813949
BAD 161664345067
BAD 161612678033
BAD 161582555711
BAD 161664345071
BAD 161419812167
BAD 161472813979
BAD 161582555713
BAD 161419812179
BAD 161419812181
BAD 161419812187
BAD 161582636231
BAD 161582636233
BAD 161582636239
BAD 161612765407
BAD 161419959419
BAD 161473007567
BAD 161473007569
BAD 161473007573
BAD 161456265637
BAD 161582798147
BAD 161582798149
BAD 161473364779
BAD 161473364783
BAD 161489368793
BAD 161489368801
BAD 161489368823
BAD 161664682103
BAD 161613064973
BAD 161613064979
BAD 161607636499
BAD 161664740453
BAD 161569378879
BAD 161583318623
BAD 161697162439
BAD 161420603573
BAD 161613064981
BAD 161697162443
BAD 161697162733
BAD 161697167561
BAD 161697167563
BAD 161457014629
BAD 161607733387
BAD 161583413351
BAD 161583413359
BAD 161489668423
BAD 161420710681
BAD 161457321083
BAD 161664966007
BAD 161664966013
BAD 161457418313
BAD 161613468487
BAD 161613468491
BAD 161613468493
BAD 161583863741
BAD 161583863743
BAD 161608235791
BAD 161665118063
BAD 161569860653
BAD 161569868693
BAD 161421391771
BAD 161665179659
BAD 161613669541
BAD 161474264213
BAD 161613674279
BAD 161613674281
BAD 161457974003
BAD 161608667657
BAD 161608667659
BAD 161608667663
BAD 161570018101
BAD 161570018107
BAD 161421669793
BAD 161584499617
BAD 161608867183
BAD 161608867187
BAD 161608867193
BAD 161458285663
BAD 161458305719
BAD 161584689247
BAD 161584689293
BAD 161421858053
BAD 161421858067
BAD 161421858071
BAD 161421858079
BAD 161421858083
BAD 161421858097
BAD 161584721839
BAD 161584721843
BAD 161570427883
BAD 161609335207
BAD 161698214813
BAD 161584924051
BAD 161570427901
BAD 161614254563
BAD 161474943349
BAD 161585107531
BAD 161585107561
BAD 161609573813
BAD 161459130823
BAD 161459215441
BAD 161422591717
BAD 161698518757
BAD 161422739629
BAD 161422739633
BAD 161422756771
BAD 161609840851
BAD 161698638197
BAD 161698638203
BAD 161614687261
BAD 161614721479
BAD 161570940731
BAD 161570940733
BAD 161666169923
BAD 161666170103
BAD 161666170111
BAD 161666170117
BAD 161666170123
BAD 161459576779
BAD 161459576783
BAD 161475293783
BAD 161423120401
BAD 161698941863
BAD 161491702517
BAD 161475358609
BAD 161475358613
BAD 161615024603
BAD 161423231987
BAD 161423231989
BAD 161585981329
BAD 161475503003
BAD 161586054719
BAD 161586054739
BAD 161699221727
BAD 161699221729
BAD 161699221777
BAD 161699221787
BAD 161586154427
BAD 161586154711
BAD 161571507421
BAD 161615337491
BAD 161615337493
BAD 161615337497
BAD 161615337511
BAD 161615337529
BAD 161586338153
BAD 161699408099
BAD 161666773693
BAD 161666773699
BAD 161586456797
BAD 161666849027
BAD 161423836759
BAD 161699618309
BAD 161586456799
BAD 161492476829
BAD 161586456827
BAD 161476215091
BAD 161666884703
BAD 161666884711
BAD 161423953997
BAD 161571937003
BAD 161571937027
BAD 161667022591
BAD 161699748451
BAD 161699748533
BAD 161586618953
BAD 161492639281
BAD 161492639489
BAD 161492639491
BAD 161492639509
BAD 161586662161
BAD 161586683627
BAD 161424129793
BAD 161424258407
BAD 161424258409
BAD 161615935519
BAD 161492980687
BAD 161667553261
BAD 161572386491
BAD 161572386529
BAD 161587252927
BAD 161587252933
BAD 161616247697
BAD 161616247699
BAD 161668137233
BAD 161616342053
BAD 161616342061
BAD 161700884987
BAD 161700921673
BAD 161425202233
BAD 161616516211
BAD 161616516221
BAD 161616516223
BAD 161587761541
BAD 161701124173
BAD 161668729153
BAD 161701228343
BAD 161701327111
BAD 161616818411
BAD 161588224121
BAD 161588224123
BAD 161616980149
BAD 161616980153
BAD 161617049491
BAD 161425880101
BAD 161701740653
BAD 161669244773
BAD 161617152973
BAD 161617152979
BAD 161573455177
BAD 161669330267
BAD 161617381049
BAD 161588659313
BAD 161669330269
BAD 161588659319
BAD 161588659321
BAD 161588659327
BAD 161617404271
BAD 161617427197
BAD 161617501883
BAD 161702383993
BAD 161702525563
BAD 161617777381
BAD 161617836781
BAD 161669673833
BAD 161574053791
BAD 161617959271
BAD 161617959289
BAD 161617959301
BAD 161702837119
BAD 161574224411
BAD 161574224419
BAD 161618496779
BAD 161703441709
BAD 161590200323
BAD 161670441169
BAD 161703963439
BAD 161590681741
BAD 161704178683
BAD 161704178689
BAD 161704330943
BAD 161671020113
BAD 161704333129
BAD 161704333159
BAD 161704333187
BAD 161591156767
BAD 161671028417
BAD 161671028419
BAD 161671028423
BAD 161671125713
BAD 161671125719
BAD 161671125727
BAD 161704519937
BAD 161575713083
BAD 161704579891
BAD 161704579903
BAD 161704579969
BAD 161704610063
BAD 161575941529
BAD 161671523437
BAD 161671523441
BAD 161671523443
BAD 161671523501
BAD 161705147707
BAD 161671609343
BAD 161592062977
BAD 161592186113
BAD 161592279749
BAD 161705703011
BAD 161621199743
BAD 161576707493
BAD 161672232419
BAD 161672232427
BAD 161576736203
BAD 161672268743
BAD 161593154029
BAD 161706379319
BAD 161706379321
BAD 161706379343
BAD 161672488643
BAD 161672488723
BAD 161672488727
BAD 161672488729
BAD 161593490603
BAD 161593631993
BAD 161706864169
BAD 161593742053
BAD 161706952741
BAD 161707085027
BAD 161622587059
BAD 161622605401
BAD 161673101521
BAD 161707467601
BAD 161673259763
BAD 161673259771
BAD 161707767371
BAD 161707767373
BAD 161707796623
BAD 161673508163
BAD 161673538759
BAD 161627788501
BAD 161708011613
BAD 161708168497
BAD 161674067213
BAD 161624098109
BAD 161624098117
BAD 161624276731
BAD 161624276743
BAD 161624276761
BAD 161624295431
BAD 161624322161
BAD 161628433427
BAD 161674489793
BAD 161708659193
BAD 161708659201
BAD 161708694391
BAD 161711527069
BAD 161711879809
BAD 161711879827
BAD 161628807733
BAD 161628807737
BAD 161628815221
BAD 161628815233
BAD 161625293287
BAD 161711999327
BAD 161711999329
BAD 161625333119
BAD 161709132139
BAD 161675392873
BAD 161629133033
BAD 161626006133
BAD 161712859699
BAD 161626006141
BAD 161676320503
BAD 161709779989
BAD 161676587827
BAD 161710028003
BAD 161626342223
BAD 161676900967
BAD 161710264777
BAD 161713676801
BAD 161713676809
BAD 161677458511
BAD 161629961021
BAD 161710496477
BAD 161677590563
BAD 161714151229
BAD 161714151233
BAD 161714177047
BAD 161714177059
BAD 161644494103
BAD 161626929533
BAD 161626929539
BAD 161714277481
BAD 161630291593
BAD 161630291597
BAD 161644660711
BAD 161644660717
BAD 161710745513
BAD 161714938817
BAD 161714938823
BAD 161630746661
BAD 161630746663
BAD 161630749673
BAD 161630749691
BAD 161630749699
BAD 161645670553
BAD 161631091229
BAD 161631091231
BAD 161631110723
BAD 161645718461
BAD 161645718463
BAD 161645718469
BAD 161645814397
BAD 161645821747
BAD 161645823853
BAD 161646009859
BAD 161646153353
BAD 161646175703
BAD 161716289887
BAD 161716382629
BAD 161632012909
BAD 161646647059
BAD 161716864193
BAD 161716864219
BAD 161717059499
BAD 161717059501
BAD 161647448791
BAD 161633224117
BAD 161717736337
BAD 161648062883
BAD 161717957983
BAD 161717957993
BAD 161633763673
BAD 161633863229
BAD 161633863231
BAD 161677792561
BAD 161718239869
BAD 161718239873
BAD 161648382083
BAD 161677967377
BAD 161677967491
BAD 161634219451
BAD 161677995233
BAD 161718374627
BAD 161678074279
BAD 161718416309
BAD 161718416311
BAD 161634465437
BAD 161634465439
BAD 161678162101
BAD 161634548893
BAD 161718714607
BAD 161648881259
BAD 161678509337
BAD 161678509339
BAD 161634994643
BAD 161649016657
BAD 161649048443
BAD 161635158983
BAD 161635167013
BAD 161649225613
BAD 161635167019
BAD 161649263497
BAD 161679025139
BAD 161679025141
BAD 161679025153
BAD 161649541909
BAD 161679075721
BAD 161635572953
BAD 161719423531
BAD 161719423543
BAD 161635605839
BAD 161635605841
BAD 161719543417
BAD 161679244513
BAD 161649812983
BAD 161649813019
BAD 161635809457
BAD 161649888353
BAD 161649967729
BAD 161679367841
BAD 161679474469
BAD 161719871473
BAD 161719871479
BAD 161719871483
BAD 161719871491
BAD 161650416679
BAD 161650617619
BAD 161679893147
BAD 161679893149
BAD 161679894059
BAD 161650880623
BAD 161650900031
BAD 161636831731
BAD 161720758051
BAD 161651322887
BAD 161680293811
BAD 161651730011
BAD 161651914687
BAD 161651914693
BAD 161637875393
BAD 161652033259
BAD 161652130657
BAD 161680908451
BAD 161721683609
BAD 161721683611
BAD 161638233751
BAD 161652475711
BAD 161721971303
BAD 161652649139
BAD 161681405891
BAD 161638512493
BAD 161638582223
BAD 161722330093
BAD 161722653049
BAD 161639013203
BAD 161639083979
BAD 161682375163
BAD 161682385619
BAD 161682385621
BAD 161653456997
BAD 161682552769
BAD 161723353579
BAD 161639418571
BAD 161653478639
BAD 161682699643
BAD 161682699653
BAD 161653712377
BAD 161653944703
BAD 161653944713
BAD 161640085171
BAD 161683269389
BAD 161724508949
BAD 161724508969
BAD 161724508973
BAD 161683668943
BAD 161683736573
BAD 161683736579
BAD 161683736581
BAD 161683736587
BAD 161683736791
BAD 161683752121
BAD 161683752127
BAD 161724638639
BAD 161683832909
BAD 161683832911
BAD 161654559923
BAD 161654562493
BAD 161654562499
BAD 161640903301
BAD 161641005353
BAD 161684716057
BAD 161684791907
BAD 161726319809
BAD 161685578213
BAD 161685578221
BAD 161726482559
BAD 161685656233
BAD 161685715133
BAD 161726677669
BAD 161726677691
BAD 161726677699
BAD 161726677703
BAD 161655724039
BAD 161726892653
BAD 161686212097
BAD 161727207991
BAD 161727208001
BAD 161727208003
BAD 161656378889
BAD 161686820233
BAD 161686820237
BAD 161687132809
BAD 161656923731
BAD 161656923733
BAD 161642597969
BAD 161642597971
BAD 161642598001
BAD 161642598017
BAD 161687773297
BAD 161642881831
BAD 161688040793
BAD 161642881837
BAD 161688040799
BAD 161657686247
BAD 161657686249
BAD 161643351083
BAD 161688737033
BAD 161658636683
BAD 161689140469
BAD 161644130653
BAD 161644130671
BAD 161659046933
BAD 161689978393
BAD 161689978493
BAD 161690107339
BAD 161690107343
BAD 161659374313
BAD 161690199469
BAD 161659453729
BAD 161659453733
BAD 161659453741
BAD 161690350127
BAD 161690464267
BAD 161659726961
BAD 161690791343
BAD 161690791351
BAD 161660140039
BAD 161660465443
BAD 161660795903
BAD 161692516103
BAD 161728112419
BAD 161692593371
BAD 161693024723
BAD 161693094467
BAD 161693094469
BAD 161693095183
BAD 161693121439
BAD 161693193073
BAD 161728810909
BAD 161693445373
BAD 161693445391
BAD 161693456341
BAD 161729924563
BAD 161729924569
BAD 161694376639
BAD 161694376729
BAD 161694405113
BAD 161694405277
BAD 161694405287
BAD 161694405289
BAD 161730066503
BAD 161730320473
BAD 161730506911
BAD 161730528023
BAD 161731119073
BAD 161731406813
BAD 161731643429
BAD 161732731903
BAD 161732731933
BAD 161732731943
BAD 161732731949
BAD 161732822929
BAD 161732879603
BAD 161733137623
BAD 161733205483
BAD 161734071559
BAD 161734489019
BAD 161734790563
BAD 161734790573
BAD 161735271713
BAD 161735653853
BAD 161735868803
BAD 161736191063
BAD 161736191069
BAD 161736191077
BAD 161736325679
BAD 161736357589
BAD 161737433911
BAD 161737433927
BAD 161737433929
BAD 161737535369
BAD 161737535371
BAD 161737688773
BAD 161738257781
BAD 161738614657
BAD 161738730553
BAD 161738730557
BAD 161738849809
BAD 161738877103
BAD 161738877107
BAD 161738877109
BAD 161739401947
BAD 161739535021
BAD 161739684809
BAD 161739705331
BAD 161739958529
BAD 161739958531
BAD 161740343837
BAD 161740343839
BAD 161741458661
BAD 161741458663
BAD 161741959219
BAD 161742036187
BAD 161742231743
BAD 161742231751
BAD 161742533143
BAD 161742609887
BAD 161742653851
BAD 161742748043
BAD 161742748073
BAD 161743283903
BAD 161743283927
BAD 161743283929
BAD 161744001337
BAD 161744001343
BAD 161744103277
BAD 161744111953
BAD 161744381509
BAD 161744381521
BAD 161744381531
BAD 161744381567
BAD 161744381569
BAD 161745427939
BAD 161745637927
BAD 161745643237
BAD 161745643243
BAD 161745975829
BAD 161746135787
BAD 161746146713
BAD 161746170797
BAD 161746170799
BAD 161746680091
BAD 161746784267
BAD 161748075179
BAD 161748932209
BAD 161749233883
BAD 161749366223
BAD 161749366231
BAD 161749373213
BAD 161749634029
BAD 161749875031
BAD 161750080133
BAD 161751019763
BAD 161751211903
BAD 161751288833
BAD 161751651023
BAD 161751899723
BAD 161752312933
BAD 161752312937
BAD 161752484389
BAD 161752833259
BAD 161752833317
BAD 161753213803
BAD 161753213813
BAD 161753213837
BAD 161753261779
BAD 161753261783
BAD 161753779657
BAD 161753796047
BAD 161753796049
BAD 161754301873
BAD 161755118419
BAD 161755359331
BAD 161755397359
BAD 161755546189
BAD 161761610729
BAD 161761610737
BAD 161756178407
BAD 161761778341
BAD 161761778351
BAD 161761778383
BAD 161756245411
BAD 161761858789
BAD 161761870679
BAD 161756524159
BAD 161762155463
BAD 161756806979
BAD 161762384033
BAD 161762912431
BAD 161763244801
BAD 161763785723
BAD 161765096021
BAD 161765096029
BAD 161765096041
BAD 161765096047
BAD 161765933869
BAD 161766147197
BAD 161766477893
BAD 161766477913
BAD 161766477923
BAD 161766596899
BAD 161766596903
BAD 161766596909
BAD 161766596911
BAD 161766596917
BAD 161766677819
BAD 161766925973
BAD 161766925979
BAD 161766925981
BAD 161757151373
BAD 161758560043
BAD 161758570147
BAD 161758570163
BAD 161758570283
BAD 161758741789
BAD 161759215223
BAD 161759462701
BAD 161759737537
BAD 161760310601
BAD 161760928657
BAD 161767406519
BAD 161767406527
BAD 161767406531
BAD 161767406533
BAD 161767406539
BAD 161767408897
BAD 161767408909
BAD 161767862239
BAD 161768176001
BAD 161768420617
BAD 161769193219
BAD 161769193241
BAD 161769356393
BAD 161769573871
BAD 161769861973
BAD 161770062691
BAD 161770103213
BAD 161770387489
BAD 161770680431
BAD 161770680439
BAD 161770680451
BAD 161770919249
BAD 161771947163
BAD 161772039917
BAD 161772426113
BAD 161773040183
BAD 161773570513
BAD 161774409143
BAD 161774409169
BAD 161774670209
BAD 161774686531
BAD 161774686537
BAD 161774996521
BAD 161774996527
BAD 161774996531
BAD 161774996533
BAD 161775011161
BAD 161775011173
BAD 161775011179
BAD 161775011183
BAD 161775141769
BAD 161775756661
BAD 161776938541
BAD 161776960253
BAD 161777055337
BAD 161777055353
BAD 161777937803
BAD 161778292307
BAD 161779299301
BAD 161780279509
BAD 161781023881
BAD 161781117833
BAD 161781118073
BAD 161781181493
BAD 161781181501
BAD 161781539141
BAD 161781561763
BAD 161782275943
BAD 161783041039
BAD 161783534659
BAD 161784093539
BAD 161784154787
BAD 161785502467
BAD 161785677593
BAD 161786084507
BAD 161786800159
BAD 161786800163
BAD 161788168747
BAD 161788313993
BAD 161788841579
BAD 161788841581
BAD 161788880753
BAD 161788918937
BAD 161788918939
BAD 161788918943
BAD 161789231083
BAD 161789231089
BAD 161789592763
BAD 161789592793
BAD 161789592799
BAD 161789740613
BAD 161790399581
BAD 161790525991
BAD 161790575719
BAD 161790836033
BAD 161790836041
BAD 161791062649
BAD 161791229183
BAD 161791253737
BAD 161792057941
BAD 161792457889
BAD 161792457901
BAD 161792457907
BAD 161792647073
BAD 161792687957
BAD 161793198533
BAD 161794183627
BAD 161794551497
BAD 161795070083
BAD 161795070089
BAD 161795070091
BAD 161795388037
BAD 161795388043
BAD 161795579443
BAD 162097683757
BAD 162097683767
BAD 162097706941
BAD 162097743949
BAD 162097744519
BAD 161796077033
BAD 161796657859
BAD 161796657863
BAD 161796657889
BAD 162098898583
BAD 161797212349
BAD 161797331183
BAD 162099167017
BAD 162099613079
BAD 162099613111
BAD 162099714113
BAD 161996538763
BAD 161798103589
BAD 161996670263
BAD 161997154343
BAD 161997154357
BAD 161997579223
BAD 161997667991
BAD 161997890413
BAD 161998393901
BAD 161998393903
BAD 161998402463
BAD 162130863283
BAD 161800160051
BAD 161800337221
BAD 161999018383
BAD 162131421337
BAD 162131504519
BAD 161999099903
BAD 162131504551
BAD 161999099917
BAD 161999215837
BAD 162063944899
BAD 162131784343
BAD 161800805917
BAD 161800805921
BAD 161800805923
BAD 161800805951
BAD 161800805953
BAD 161999484781
BAD 161999484791
BAD 162131953201
BAD 162064196881
BAD 161800996429
BAD 161800996433
BAD 162132065701
BAD 162000011681
BAD 162000011683
BAD 162132161593
BAD 162132278863
BAD 162064536019
BAD 161801519107
BAD 162132433823
BAD 162000288893
BAD 162064968083
BAD 162064968151
BAD 162099960157
BAD 162132919103
BAD 161802032071
BAD 162100221659
BAD 162133119839
BAD 162065485039
BAD 162133513699
BAD 161802443533
BAD 162133625239
BAD 161802556739
BAD 162100891727
BAD 162065924173
BAD 161802859553
BAD 162066148523
BAD 162066148537
BAD 162134066623
BAD 162101308891
BAD 161803077893
BAD 162066312293
BAD 162134084689
BAD 162066433699
BAD 162066433703
BAD 162101438773
BAD 162101438777
BAD 162134368621
BAD 162066659437
BAD 162067015169
BAD 162067015171
BAD 162102030019
BAD 162102042383
BAD 161804317711
BAD 162102610519
BAD 162102610529
BAD 162102610531
BAD 162067707133
BAD 162067707181
BAD 162135476669
BAD 162067925209
BAD 162067925221
BAD 162135753893
BAD 162103089079
BAD 162135851263
BAD 162136033051
BAD 161805127877
BAD 161805127879
BAD 162068499269
BAD 162080443829
BAD 161805489019
BAD 162103907743
BAD 162103907753
BAD 161805489023
BAD 162080443831
BAD 162068499311
BAD 162136589627
BAD 161805616831
BAD 161929545643
BAD 161929545649
BAD 161929545653
BAD 161805641917
BAD 162136759193
BAD 162136759249
BAD 162080668369
BAD 161929636943
BAD 161929639741
BAD 161805731107
BAD 162080805983
BAD 161805915643
BAD 161805915647
BAD 161929867093
BAD 162068871983
BAD 162081046433
BAD 162081196427
BAD 162081196639
BAD 162137369789
BAD 162137369791
BAD 162069067759
BAD 161806176227
BAD 162069182381
BAD 162069182383
BAD 161806176229
BAD 162069210707
BAD 161930393731
BAD 162081569059
BAD 162081569063
BAD 162081669721
BAD 162081858803
BAD 161930778439
BAD 162081887063
BAD 162137710879
BAD 162082112333
BAD 161930990219
BAD 161930990233
BAD 162105351853
BAD 162082161089
BAD 162082161091
BAD 162069843251
BAD 162069843253
BAD 161807079191
BAD 161807079193
BAD 162082329707
BAD 161931254603
BAD 161807272967
BAD 161807384119
BAD 162070275643
BAD 162070275649
BAD 162105792533
BAD 161931625441
BAD 162139284793
BAD 162083186731
BAD 162107080711
BAD 162139284803
BAD 161808034021
BAD 161808034027
BAD 162139427479
BAD 162107222041
BAD 162107222051
BAD 161931818779
BAD 162000593233
BAD 162000593239
BAD 162000593243
BAD 162083488901
BAD 162000998779
BAD 162000998791
BAD 161808779851
BAD 161808915287
BAD 161808915293
BAD 162108061793
BAD 162001450007
BAD 162001450027
BAD 162001482967
BAD 161809217483
BAD 161809257977
BAD 162084276479
BAD 162084276481
BAD 162084276503
BAD 161932765471
BAD 161809362697
BAD 162140710777
BAD 162001829723
BAD 162109559947
BAD 162084555859
BAD 162070620379
BAD 162109559959
BAD 162109559971
BAD 162070620403
BAD 162070620409
BAD 162109617289
BAD 162001949513
BAD 162001992653
BAD 162002033513
BAD 162002033521
BAD 162109742363
BAD 161809841723
BAD 161809841729
BAD 161809841731
BAD 161963284433
BAD 162085082749
BAD 162071134681
BAD 162085130461
BAD 161963498131
BAD 161810300593
BAD 161810300923
BAD 161810343371
BAD 161810409829
BAD 161810409833
BAD 161810451221
BAD 161810451223
BAD 162110436413
BAD 162141959857
BAD 162002918873
BAD 161810451227
BAD 162085881151
BAD 162071902009
BAD 161963761373
BAD 162085881157
BAD 162085881161
BAD 161963761423
BAD 162085881163
BAD 162071936063
BAD 162071939521
BAD 162071939527
BAD 162086074571
BAD 162086074573
BAD 162003245977
BAD 161810915671
BAD 161810915689
BAD 162142583461
BAD 162142583467
BAD 162003401587
BAD 162142607009
BAD 162072372673
BAD 162086392249
BAD 162086392253
BAD 161964450757
BAD 162003557761
BAD 162003557803
BAD 162003557819
BAD 161964999061
BAD 162143411569
BAD 162072625823
BAD 162086492489
BAD 162086492509
BAD 161965075471
BAD 162143648423
BAD 162143648461
BAD 162143697137
BAD 162003794389
BAD 162110669449
BAD 162072891403
BAD 162110669453
BAD 162072891413
BAD 162072891427
BAD 162072891443
BAD 161965393529
BAD 161965393531
BAD 161965412831
BAD 162143911249
BAD 162143911253
BAD 162110757041
BAD 162110757043
BAD 162110757047
BAD 162110757049
BAD 162086881513
BAD 161965581553
BAD 161965581559
BAD 161965581563
BAD 161965581571
BAD 162087728461
BAD 162144267541
BAD 162087728477
BAD 162111151849
BAD 162004074263
BAD 162073152323
BAD 162004074289
BAD 162087786661
BAD 162087816437
BAD 162087816439
BAD 162111229177
BAD 162004197163
BAD 161965908877
BAD 161965908883
BAD 161965908931
BAD 162004354103
BAD 162004354111
BAD 162004354139
BAD 162004354177
BAD 162088022633
BAD 162088022641
BAD 162111508781
BAD 162073462319
BAD 162073462321
BAD 161966111033
BAD 161966111039
BAD 162111753407
BAD 162111753409
BAD 162111753413
BAD 162004591523
BAD 162073952707
BAD 162088282403
BAD 162145223243
BAD 162111833773
BAD 161932814689
BAD 162111833813
BAD 161932814707
BAD 162074025797
BAD 162074025803
BAD 162145434901
BAD 162004793149
BAD 162145496509
BAD 162145496521
BAD 162005074537
BAD 162005153393
BAD 161933359193
BAD 162088938593
BAD 162074468203
BAD 162146124421
BAD 162005492963
BAD 162005521723
BAD 162146277353
BAD 162146277361
BAD 162146277367
BAD 162146406577
BAD 162146409857
BAD 162005760953
BAD 162112328771
BAD 162112328773
BAD 162112328779
BAD 162074982499
BAD 161934144451
BAD 161966284433
BAD 162146987551
BAD 162006099001
BAD 162006099007
BAD 162146989673
BAD 161934211753
BAD 162075044641
BAD 162075050887
BAD 162112512019
BAD 162147170303
BAD 162147170309
BAD 162006320647
BAD 162006320653
BAD 162075139351
BAD 162147326491
BAD 162112685887
BAD 162112685939
BAD 162112685941
BAD 162112781023
BAD 161966659963
BAD 162006666527
BAD 162075341123
BAD 162075341137
BAD 162112945297
BAD 162112945303
BAD 162112945307
BAD 161934812371
BAD 162113127383
BAD 162113167891
BAD 161845636879
BAD 162075746059
BAD 161966942509
BAD 161845636891
BAD 162113167919
BAD 161935045807
BAD 161966942513
BAD 162089576993
BAD 161845655371
BAD 162089763217
BAD 161935430303
BAD 161846120479
BAD 161967210049
BAD 161846239703
BAD 162090129373
BAD 161846388511
BAD 161935820219
BAD 161935820227
BAD 162007049177
BAD 162007049179
BAD 162007119319
BAD 162090495517
BAD 162090495529
BAD 162076894051
BAD 162007222483
BAD 161936100113
BAD 161967629209
BAD 162090703783
BAD 161936298481
BAD 161847041911
BAD 162078463021
BAD 162091768921
BAD 161936408363
BAD 162091768933
BAD 162007784723
BAD 161968692671
BAD 161968692673
BAD 162078498493
BAD 162078498499
BAD 161847128903
BAD 161847183359
BAD 162007943039
BAD 162007943047
BAD 162078788429
BAD 162078788471
BAD 162078788479
BAD 162008081177
BAD 161936698883
BAD 161936708477
BAD 162092104063
BAD 162092232241
BAD 162092232259
BAD 162092234011
BAD 161969172949
BAD 161969198737
BAD 162079196581
BAD 161847745909
BAD 162008498401
BAD 161936991529
BAD 161936991631
BAD 162079391503
BAD 161969349683
BAD 161936991653
BAD 161969349691
BAD 161969412191
BAD 161969412203
BAD 161969412223
BAD 162079499899
BAD 162092926729
BAD 161969892883
BAD 162079885631
BAD 161937706999
BAD 162079920083
BAD 162079932283
BAD 162093517561
BAD 161969923279
BAD 162009154753
BAD 162009154793
BAD 161969942119
BAD 161969942137
BAD 161969942149
BAD 161969942153
BAD 161969948447
BAD 161969948467
BAD 161937917441
BAD 161937917443
BAD 161848980431
BAD 161938167119
BAD 161938167121
BAD 161970316643
BAD 161938404343
BAD 161849708563
BAD 161811993667
BAD 162009853787
BAD 162093687839
BAD 162093687841
BAD 161970449167
BAD 161938609309
BAD 162093905893
BAD 162093905903
BAD 161850369893
BAD 162010441223
BAD 161812678219
BAD 161850622429
BAD 161812706843
BAD 161812706849
BAD 161812706851
BAD 162094596809
BAD 161939342063
BAD 161850983491
BAD 162010815553
BAD 162010815557
BAD 162010815649
BAD 162095075119
BAD 161939841593
BAD 161939841653
BAD 162010910869
BAD 162010910923
BAD 161851550041
BAD 161851550051
BAD 161814035897
BAD 162011834357
BAD 161971407293
BAD 162095361487
BAD 162011834359
BAD 161851550071
BAD 162011834363
BAD 161971407307
BAD 161971407319
BAD 161814431617
BAD 161814491693
BAD 162095719879
BAD 162095719883
BAD 162095719889
BAD 162012210433
BAD 162012213707
BAD 162012213709
BAD 161814564259
BAD 162095840009
BAD 162095840017
BAD 161852114663
BAD 161814983017
BAD 161814983069
BAD 162012394157
BAD 162012394163
BAD 162012394177
BAD 161972125673
BAD 161972125681
BAD 161972125741
BAD 161972254453
BAD 161815399961
BAD 161852936389
BAD 161940044041
BAD 162012606053
BAD 161940044051
BAD 161940072037
BAD 161940072043
BAD 161940072059
BAD 161972290499
BAD 161815505041
BAD 161853116077
BAD 161972460841
BAD 161853254399
BAD 161853254401
BAD 161972581853
BAD 161853337577
BAD 161853337579
BAD 161940479227
BAD 161940553129
BAD 162096235043
BAD 161853829639
BAD 161973188263
BAD 161862324619
BAD 161862324667
BAD 161973290653
BAD 162096805999
BAD 161862588977
BAD 161862588997
BAD 161862589001
BAD 161862589003
BAD 161854298603
BAD 161974350823
BAD 161941839973
BAD 161979752581
BAD 161817764393
BAD 161974350833
BAD 161974350841
BAD 161974350851
BAD 161817828563
BAD 161974420807
BAD 161817999061
BAD 161974620187
BAD 161980074967
BAD 161942023609
BAD 161818181303
BAD 161862960991
BAD 161862963677
BAD 161818210793
BAD 161942251873
BAD 161980504463
BAD 161854863959
BAD 161818385933
BAD 161942356577
BAD 161942356579
BAD 161818412617
BAD 161818463879
BAD 161818463881
BAD 161818463887
BAD 161818463893
BAD 161975228603
BAD 161980990823
BAD 161863494539
BAD 162097083077
BAD 161818919477
BAD 162097083079
BAD 161863521773
BAD 161975272777
BAD 161855139631
BAD 161855139637
BAD 161942780107
BAD 161855242379
BAD 161975555323
BAD 161863832987
BAD 161863879007
BAD 161855348407
BAD 161863897339
BAD 161863897343
BAD 161981695573
BAD 161943155029
BAD 161943196309
BAD 161943300023
BAD 161943300091
BAD 161864238563
BAD 161855688691
BAD 161864239487
BAD 161864239489
BAD 161855735893
BAD 161819876923
BAD 161943795743
BAD 161855967529
BAD 161943894001
BAD 161820014693
BAD 161855967683
BAD 161855967697
BAD 161855967703
BAD 161864930407
BAD 161976420349
BAD 161865046597
BAD 161820227809
BAD 161820227813
BAD 161944175053
BAD 161865105343
BAD 161820446173
BAD 161879748713
BAD 161879748721
BAD 161879753143
BAD 161856089321
BAD 161856089341
BAD 161820599959
BAD 161976978607
BAD 161976978617
BAD 161944738313
BAD 161944813033
BAD 161944813039
BAD 161820687877
BAD 161879967349
BAD 161880031241
BAD 161820857941
BAD 161880223597
BAD 161880223601
BAD 161982790063
BAD 161880696713
BAD 161856828233
BAD 161880696727
BAD 161866060283
BAD 161866060297
BAD 161982880363
BAD 161982880369
BAD 161982880373
BAD 161982880379
BAD 161982880399
BAD 161982880403
BAD 161821573427
BAD 161821573429
BAD 161857231177
BAD 161857231189
BAD 161857231199
BAD 161857231201
BAD 161945721923
BAD 161945721953
BAD 161821616717
BAD 161945773357
BAD 161857347277
BAD 161857347347
BAD 161857347349
BAD 161978361823
BAD 161978387693
BAD 161857541633
BAD 161857541641
BAD 161983697279
BAD 161978459663
BAD 161983727869
BAD 161821884017
BAD 161821884053
BAD 161821945583
BAD 161822040473
BAD 161978634803
BAD 161978634809
BAD 161978634823
BAD 161822061061
BAD 161822061067
BAD 161978927527
BAD 161979058103
BAD 161858377171
BAD 161867417251
BAD 161881794889
BAD 161979376849
BAD 161822917063
BAD 161979457669
BAD 161823045259
BAD 161979544009
BAD 161979544043
BAD 161984558473
BAD 161984558479
BAD 161984575201
BAD 161984575211
BAD 161979667021
BAD 161867758639
BAD 161867758643
BAD 161823468481
BAD 161823473017
BAD 161823551993
BAD 161823551999
BAD 161823625687
BAD 161823696511
BAD 161823696523
BAD 161823696563
BAD 161823696569
BAD 161823696571
BAD 161985333893
BAD 161985362659
BAD 161985362663
BAD 161882627749
BAD 161868352223
BAD 162030527887
BAD 161868385909
BAD 161985509761
BAD 161985509767
BAD 161868467179
BAD 162030999551
BAD 161883103861
BAD 161883103937
BAD 161883103939
BAD 161860466239
BAD 162031459957
BAD 162031519079
BAD 161987042093
BAD 161987042099
BAD 161987042101
BAD 161869414429
BAD 161824860529
BAD 161861524189
BAD 162032352827
BAD 161895850717
BAD 162032352829
BAD 161883995843
BAD 161895850723
BAD 161883995849
BAD 161883995851
BAD 161883995857
BAD 161869480823
BAD 161861564341
BAD 161830395931
BAD 161825183833
BAD 161987859799
BAD 161987859809
BAD 161987859811
BAD 161825251433
BAD 161825251439
BAD 161825251459
BAD 161830554947
BAD 161862120367
BAD 161830884883
BAD 161830936627
BAD 162115099073
BAD 161870349661
BAD 161896799903
BAD 161870471201
BAD 161884881733
BAD 161988603223
BAD 161988666251
BAD 161826094421
BAD 162115614449
BAD 161988666253
BAD 161831410421
BAD 161831410423
BAD 161831456263
BAD 162034126223
BAD 161989221349
BAD 161989221353
BAD 161897767483
BAD 161989440737
BAD 161826935759
BAD 161826935761
BAD 161871483577
BAD 161871483581
BAD 162034578533
BAD 161871684217
BAD 161898127513
BAD 162116683643
BAD 161832696451
BAD 161989946329
BAD 161989946333
BAD 162034930261
BAD 161989987429
BAD 161886118747
BAD 161827583273
BAD 161872072567
BAD 162035186123
BAD 161990319173
BAD 161990319181
BAD 162035422013
BAD 161827853309
BAD 161833307413
BAD 161990319199
BAD 161833307417
BAD 161827853311
BAD 161990319203
BAD 161833307431
BAD 161990319209
BAD 161872429577
BAD 161872448753
BAD 161990349337
BAD 161990349347
BAD 161990349349
BAD 162117360623
BAD 162117360667
BAD 161898923387
BAD 161833409641
BAD 161833421929
BAD 161833421933
BAD 161899028387
BAD 161899035973
BAD 161872605023
BAD 161886744541
BAD 161872673461
BAD 162035796331
BAD 161872753213
BAD 161886999787
BAD 162036116311
BAD 161990904637
BAD 161913506609
BAD 161873451499
BAD 161913506611
BAD 162047670251
BAD 161828612149
BAD 162118101721
BAD 161899743781
BAD 162036570523
BAD 162118101727
BAD 161887164479
BAD 162118101731
BAD 161834212957
BAD 161834212961
BAD 161834212963
BAD 162036578027
BAD 162036578029
BAD 161834349583
BAD 161899920863
BAD 161899920913
BAD 162118264673
BAD 162047925659
BAD 162047925661
BAD 162047958113
BAD 162047999299
BAD 162047999303
BAD 162047999317
BAD 161834620921
BAD 161887585129
BAD 161887585133
BAD 161887585151
BAD 162118530331
BAD 162118530367
BAD 161834835653
BAD 161887621789
BAD 162048289411
BAD 161991630659
BAD 162048305873
BAD 162048305897
BAD 162048305899
BAD 162048373073
BAD 161900653729
BAD 162037403461
BAD 161888034683
BAD 161835249557
BAD 161835249559
BAD 161900909413
BAD 161900909437
BAD 161900909441
BAD 161914648967
BAD 161914648969
BAD 162118944679
BAD 162118944683
BAD 161874708361
BAD 161874708371
BAD 161992257247
BAD 161992257257
BAD 161888538563
BAD 161888602583
BAD 161901394103
BAD 161901394117
BAD 161901415877
BAD 162119508619
BAD 161992878241
BAD 161916682013
BAD 162038065643
BAD 161889429707
BAD 161836686953
BAD 161916682021
BAD 161875511531
BAD 161875511533
BAD 161916751069
BAD 161916751081
BAD 161836878811
BAD 161875616359
BAD 161836959803
BAD 161993189299
BAD 161993189317
BAD 161993189321
BAD 161901710143
BAD 161901710149
BAD 162038388991
BAD 161993303387
BAD 161993303429
BAD 161993303431
BAD 161901882859
BAD 162038602549
BAD 162038602553
BAD 162120138919
BAD 162038683007
BAD 162120138923
BAD 162120138941
BAD 161993631427
BAD 162013570387
BAD 161837480029
BAD 161876286647
BAD 161918095337
BAD 161890164419
BAD 162049135939
BAD 161890164421
BAD 162039086603
BAD 162049135943
BAD 161993631433
BAD 162039086611
BAD 161993670967
BAD 161993685109
BAD 162049229207
BAD 162049229213
BAD 161993765551
BAD 162049294111
BAD 162049294117
BAD 161837724289
BAD 162049418161
BAD 162049418191
BAD 162120432469
BAD 162120432473
BAD 161994043711
BAD 162049501927
BAD 161890641769
BAD 162049548559
BAD 161918586217
BAD 161946259159
BAD 162014603063
BAD 161890782953
BAD 161876868557
BAD 162049684343
BAD 162039589717
BAD 161946259177
BAD 161902272251
BAD 162049684351
BAD 161902272253
BAD 162049687003
BAD 161902275481
BAD 161919595993
BAD 161838182809
BAD 161890879169
BAD 161919736343
BAD 162049919441
BAD 162049919443
BAD 162039831367
BAD 162039831383
BAD 162039831391
BAD 162014865767
BAD 162014865769
BAD 162014865773
BAD 162014922383
BAD 161919966547
BAD 161919966553
BAD 161919966583
BAD 161946621079
BAD 162050355553
BAD 162050393423
BAD 161920939577
BAD 161839675969
BAD 161947665391
BAD 161877718637
BAD 161891392543
BAD 161994334219
BAD 161903172359
BAD 162040727689
BAD 161877718643
BAD 161839675981
BAD 161994334223
BAD 161877718657
BAD 161891392549
BAD 161877718669
BAD 161839676003
BAD 162040727701
BAD 161877761891
BAD 161877773857
BAD 161839763389
BAD 161839763401
BAD 161921068117
BAD 161994502381
BAD 161994502391
BAD 161994502393
BAD 161994502399
BAD 161994502403
BAD 161994502469
BAD 161903426647
BAD 161903426651
BAD 161903426653
BAD 161947956503
BAD 162041283923
BAD 161921289743
BAD 162041283931
BAD 161840411827
BAD 162120639001
BAD 162120656083
BAD 162051340237
BAD 161995076849
BAD 161995076851
BAD 161903522717
BAD 161891834509
BAD 161891834521
BAD 161891834527
BAD 161840681719
BAD 161840681729
BAD 161840681731
BAD 161878832681
BAD 161878832683
BAD 161878832693
BAD 162121002949
BAD 161878887481
BAD 161840807137
BAD 161840807147
BAD 161903750863
BAD 161903750881
BAD 161921552939
BAD 161921552941
BAD 161921552951
BAD 161903795749
BAD 161892224387
BAD 162051721651
BAD 161892224423
BAD 162121213523
BAD 161948232079
BAD 162015796939
BAD 161840881589
BAD 161840881591
BAD 162051729043
BAD 162015800189
BAD 162015800197
BAD 161840934757
BAD 162051805549
BAD 161892345583
BAD 162051869149
BAD 162051869171
BAD 162051869201
BAD 161892448063
BAD 161995827313
BAD 161995841047
BAD 161892547189
BAD 161892571591
BAD 162042430471
BAD 161892606017
BAD 161892606019
BAD 161892606023
BAD 161892637129
BAD 161995982413
BAD 161995982417
BAD 161948580407
BAD 161893491139
BAD 162042961051
BAD 162016676863
BAD 161922527561
BAD 161948580413
BAD 162121529191
BAD 162016676881
BAD 162042961057
BAD 161996251493
BAD 161922527563
BAD 162052565971
BAD 162016697719
BAD 161948667709
BAD 161904968503
BAD 161948727697
BAD 161948727701
BAD 161948727709
BAD 162043125557
BAD 161841470627
BAD 161841470647
BAD 162016975129
BAD 161922859823
BAD 161949010229
BAD 161949010231
BAD 162017101243
BAD 162043474429
BAD 162043474477
BAD 162052965367
BAD 161922987553
BAD 161922987559
BAD 161894123569
BAD 161841901643
BAD 162121890241
BAD 161949414173
BAD 161841905389
BAD 161894190683
BAD 162121950751
BAD 161949720781
BAD 161894443903
BAD 161894443913
BAD 161949825487
BAD 161894571439
BAD 161905882643
BAD 161905882651
BAD 161842286569
BAD 162044413501
BAD 162044413507
BAD 161894698717
BAD 161906042849
BAD 161950165339
BAD 161950165343
BAD 161950174651
BAD 161906103353
BAD 161906103379
BAD 161950217063
BAD 161895269717
BAD 161895269719
BAD 161842799089
BAD 161842799093
BAD 161895363863
BAD 161906464639
BAD 162045169843
BAD 161950813421
BAD 162045169849
BAD 162045169901
BAD 162045169903
BAD 162018798527
BAD 161906503883
BAD 162122899489
BAD 162122899493
BAD 162122899513
BAD 162054908599
BAD 162045405961
BAD 162045405967
BAD 161951048117
BAD 161895642803
BAD 162018998929
BAD 162045739703
BAD 162019224683
BAD 162019250317
BAD 161924546183
BAD 162045801383
BAD 161907035123
BAD 161907035149
BAD 161907035159
BAD 162019506773
BAD 162055641431
BAD 161924810899
BAD 161924810903
BAD 161952039049
BAD 161843956817
BAD 162056071123
BAD 162123815209
BAD 161843956819
BAD 162056071127
BAD 161907502091
BAD 161843956823
BAD 161907502093
BAD 161907502123
BAD 161907502129
BAD 162123976681
BAD 162056330053
BAD 162124032929
BAD 161907830683
BAD 161952682399
BAD 161952682403
BAD 161844270727
BAD 161925428629
BAD 161925665983
BAD 162124365217
BAD 161844560701
BAD 161925714499
BAD 161908322959
BAD 161908322963
BAD 161908325767
BAD 161908325809
BAD 162020924399
BAD 162020924413
BAD 162020988079
BAD 162020988083
BAD 161844711739
BAD 161925931571
BAD 161925931579
BAD 161953514311
BAD 161953652411
BAD 161953652437
BAD 161953652461
BAD 162021555401
BAD 162021555413
BAD 162021561271
BAD 162021656443
BAD 162021656449
BAD 162021656453
BAD 162021667063
BAD 162021678293
BAD 161909178133
BAD 162021811789
BAD 161954171417
BAD 161954171419
BAD 161954181569
BAD 161954224813
BAD 162022139063
BAD 161926690489
BAD 161909693989
BAD 161909693993
BAD 162022216723
BAD 161909736763
BAD 161909736773
BAD 161909736803
BAD 161909736823
BAD 161909736827
BAD 162022266943
BAD 161909736829
BAD 161909736853
BAD 162022321477
BAD 161954752579
BAD 162022679453
BAD 162022679459
BAD 162022679461
BAD 162058925629
BAD 161955184103
BAD 161927342041
BAD 161927398813
BAD 161927482891
BAD 161927482897
BAD 162126149039
BAD 162126149041
BAD 162126149057
BAD 162126149063
BAD 161955485683
BAD 161910671653
BAD 161955522277
BAD 162059381021
BAD 162023281333
BAD 161927742443
BAD 161927742451
BAD 162059702537
BAD 161911091143
BAD 161911091149
BAD 161911091183
BAD 161911091189
BAD 162059749363
BAD 161956061551
BAD 162059749373
BAD 162126679837
BAD 162126679859
BAD 162126679861
BAD 162059839267
BAD 162059839273
BAD 161911285687
BAD 161928202243
BAD 161928202279
BAD 162060034469
BAD 162060034471
BAD 162126873607
BAD 162126873611
BAD 162126873613
BAD 162060051841
BAD 162024205949
BAD 162024205951
BAD 161911442579
BAD 161911442593
BAD 161911442599
BAD 162060236389
BAD 162060236399
BAD 161928563413
BAD 161928563417
BAD 161928568129
BAD 161928568133
BAD 161956700923
BAD 161911595353
BAD 162060443449
BAD 162127115939
BAD 162127115947
BAD 161911639103
BAD 161928916439
BAD 162060642019
BAD 161929183121
BAD 161929253513
BAD 161929253531
BAD 161929253533
BAD 161929253537
BAD 161929253539
BAD 161929253543
BAD 161929253557
BAD 161929253561
BAD 162025176961
BAD 161912076133
BAD 161957546147
BAD 162025374083
BAD 162025374089
BAD 161957655173
BAD 162061217183
BAD 162061217191
BAD 161912229901
BAD 161957859379
BAD 161957864093
BAD 162061435673
BAD 162061435681
BAD 162025686379
BAD 162061546429
BAD 161958311587
BAD 162026228041
BAD 162026525333
BAD 162026525341
BAD 162128608613
BAD 161958982433
BAD 161959116383
BAD 162026917891
BAD 162062254051
BAD 161959139347
BAD 162128837971
BAD 162128837977
BAD 162062716009
BAD 161959947713
BAD 162027759811
BAD 162129511073
BAD 161960260117
BAD 162063411157
BAD 162129750841
BAD 162129750851
BAD 162129753451
BAD 161960812067
BAD 161960812103
BAD 161960902199
BAD 162029046107
BAD 161961340531
BAD 161961340537
BAD 162029194939
BAD 162029194963
BAD 162029194967
BAD 161961669227
BAD 161961669229
BAD 161961669251
BAD 161961669253
BAD 161961669269
BAD 161962120643
BAD 161962380683
BAD 162029907173
BAD 161962399153
BAD 162029975609
BAD 162029978521
BAD 162029978549
BAD 162029980051
BAD 162029980061
BAD 162029980067
BAD 161962851703
BAD 162147733273
BAD 162147733277
BAD 162148186637
BAD 162148186639
BAD 162148585657
BAD 162149107867
BAD 162149107933
BAD 162149646121
BAD 162150864053
BAD 162150864067
BAD 162150864079
BAD 162151056833
BAD 162151056839
BAD 162151109489
BAD 162165867761
BAD 162151138789
BAD 162165891929
BAD 162165891931
BAD 162151346537
BAD 162151530803
BAD 162166450687
BAD 162166555129
BAD 162166555181
BAD 162166555183
BAD 162166555189
BAD 162166555223
BAD 162151860991
BAD 162151879963
BAD 162151881637
BAD 162151881673
BAD 162151881679
BAD 162151881721
BAD 162166700287
BAD 162152034283
BAD 162152034287
BAD 162152034313
BAD 162152651603
BAD 162167687603
BAD 162167687609
BAD 162167761843
BAD 162167761849
BAD 162167982023
BAD 162168346073
BAD 162168558359
BAD 162168729487
BAD 162168904033
BAD 162168912473
BAD 162169150279
BAD 162169373851
BAD 162169690937
BAD 162169690939
BAD 162169902431
BAD 162170497999
BAD 162171139103
BAD 162171139111
BAD 162171139127
BAD 162171139129
BAD 162171139133
BAD 162154695667
BAD 162154724923
BAD 162154724929
BAD 162154812403
BAD 162154964623
BAD 162154964633
BAD 162155353447
BAD 162155559947
BAD 162155559949
BAD 162155559977
BAD 162155723479
BAD 162156441169
BAD 162156736669
BAD 162156879877
BAD 162156905473
BAD 162157064453
BAD 162157134533
BAD 162157519441
BAD 162157519499
BAD 162157519501
BAD 162157519507
BAD 162157629253
BAD 162157764919
BAD 162157994963
BAD 162157994969
BAD 162158883857
BAD 162158883863
BAD 162158883871
BAD 162181093441
BAD 162159192841
BAD 162159309133
BAD 162159420697
BAD 162159544201
BAD 162159549613
BAD 162159549619
BAD 162181604639
BAD 162159685819
BAD 162159685823
BAD 162159994999
BAD 162182128219
BAD 162182128223
BAD 162182128237
BAD 162182270779
BAD 162182281379
BAD 162182281381
BAD 162160582267
BAD 162172256749
BAD 162172267469
BAD 162172267471
BAD 162173657843
BAD 162186291901
BAD 162173980127
BAD 162174111971
BAD 162186711469
BAD 162174441773
BAD 162174683443
BAD 162187121911
BAD 162160685833
BAD 162187993511
BAD 162188079769
BAD 162188079773
BAD 162160862681
BAD 162188503523
BAD 162188584253
BAD 162189019351
BAD 162189019357
BAD 162161644361
BAD 162161644363
BAD 162189735403
BAD 162161983057
BAD 162190430491
BAD 162162250849
BAD 162162250853
BAD 162162627247
BAD 162191821433
BAD 162163354687
BAD 162163509139
BAD 162192646481
BAD 162163509143
BAD 162163509149
BAD 162163518401
BAD 162193169881
BAD 162163875361
BAD 162163993373
BAD 162164056237
BAD 162164131447
BAD 162193537679
BAD 162193714853
BAD 162193714861
BAD 162193718783
BAD 162193757311
BAD 162193812191
BAD 162194058181
BAD 162194060933
BAD 162194060947
BAD 162194060957
BAD 162194060969
BAD 162194060971
BAD 162194404921
BAD 162194407729
BAD 162194436127
BAD 162194974273
BAD 162195148133
BAD 162195413333
BAD 162196001893
BAD 162196152931
BAD 162196152961
BAD 162196340107
BAD 162196340113
BAD 162196860491
BAD 162196860493
BAD 162197186059
BAD 162175483111
BAD 162175483123
BAD 162175773173
BAD 162175773181
BAD 162175924793
BAD 162176036903
BAD 162176876761
BAD 162177542321
BAD 162177542323
BAD 162177742039
BAD 162178463833
BAD 162178754011
BAD 162178923317
BAD 162179356049
BAD 162179356051
BAD 162179871883
BAD 162179990683
BAD 162180008633
BAD 162180445243
BAD 162180675347
BAD 162180887839
BAD 162231933511
BAD 162231933533
BAD 162232335631
BAD 162232649573
BAD 162233880623
BAD 162234014581
BAD 162234300181
BAD 162234354043
BAD 162234354053
BAD 162234537559
BAD 162234566443
BAD 162234851879
BAD 162234851881
BAD 162235845469
BAD 162236002367
BAD 162236067841
BAD 162236067919
BAD 162236388113
BAD 162236538649
BAD 162236988839
BAD 162236988841
BAD 162237369563
BAD 162237550081
BAD 162237550093
BAD 162237702763
BAD 162237741271
BAD 162237807091
BAD 162237807103
BAD 162237835363
BAD 162238108237
BAD 162238140929
BAD 162238140931
BAD 162238431379
BAD 162238431391
BAD 162239348153
BAD 162239426581
BAD 162240442621
BAD 162240442699
BAD 162240442703
BAD 162240501679
BAD 162240501721
BAD 162240561409
BAD 162240993091
BAD 162241448339
BAD 162241496311
BAD 162241656683
BAD 162241712401
BAD 162241854473
BAD 162214613909
BAD 162214613917
BAD 162242851597
BAD 162242945443
BAD 162215201227
BAD 162215201231
BAD 162215201233
BAD 162215835443
BAD 162215982503
BAD 162216423461
BAD 162216423463
BAD 162315633619
BAD 162216896393
BAD 162216896399
BAD 162316695197
BAD 162316695199
BAD 162217379183
BAD 162217379189
BAD 162217379197
BAD 162332105737
BAD 162316821539
BAD 162332225423
BAD 162316960249
BAD 162217667011
BAD 162332405393
BAD 162332477977
BAD 162332494249
BAD 162317359601
BAD 162218080763
BAD 162317636909
BAD 162218190811
BAD 162218190829
BAD 162218190833
BAD 162317725421
BAD 162317725489
BAD 162218302399
BAD 162218302403
BAD 162218302417
BAD 162218348161
BAD 162333178039
BAD 162333178043
BAD 162466578293
BAD 162218771821
BAD 162466803151
BAD 162466803157
BAD 162466803181
BAD 162218979529
BAD 162333852649
BAD 162318568823
BAD 162318568829
BAD 162318568831
BAD 162318641161
BAD 162219307577
BAD 162334135267
BAD 162334178891
BAD 162334178893
BAD 162365671201
BAD 162365891929
BAD 162219534863
BAD 162366053543
BAD 162219679057
BAD 162219679067
BAD 162319317143
BAD 162467615551
BAD 162366379141
BAD 162319673119
BAD 162319673123
BAD 162335239993
BAD 162335240009
BAD 162468317029
BAD 162468466021
BAD 162468478819
BAD 162220160231
BAD 162320062453
BAD 162320062493
BAD 162320062501
BAD 162468756913
BAD 162198019141
BAD 162320501219
BAD 162244239673
BAD 162220374859
BAD 162198019259
BAD 162244239683
BAD 162198019279
BAD 162220374863
BAD 162244350943
BAD 162244457671
BAD 162244457681
BAD 162367504367
BAD 162367504379
BAD 162221022617
BAD 162221022619
BAD 162245102321
BAD 162245102323
BAD 162245102339
BAD 162245102381
BAD 162321174577
BAD 162321174581
BAD 162321174583
BAD 162367804699
BAD 162321174593
BAD 162367875053
BAD 162367876147
BAD 162367881241
BAD 162198580571
BAD 162198580573
BAD 162321606331
BAD 162221638063
BAD 162469747579
BAD 162245791163
BAD 162198991547
BAD 162321898111
BAD 162199322561
BAD 162199322573
BAD 162368490397
BAD 162368490421
BAD 162199402073
BAD 162368571899
BAD 162199632601
BAD 162368821883
BAD 162368821889
BAD 162368821891
BAD 162470615641
BAD 162322240699
BAD 162222502993
BAD 162322545691
BAD 162322545709
BAD 162322545713
BAD 162322545719
BAD 162322545733
BAD 162222953897
BAD 162322816771
BAD 162222970583
BAD 162247418191
BAD 162247418197
BAD 162200229161
BAD 162223173061
BAD 162335980481
BAD 162200368313
BAD 162471834367
BAD 162249062939
BAD 162471834373
BAD 162335980483
BAD 162369684683
BAD 162200382349
BAD 162369885709
BAD 162223383461
BAD 162223383463
BAD 162223383467
BAD 162369917993
BAD 162249384061
BAD 162249384067
BAD 162249384071
BAD 162472197793
BAD 162472197799
BAD 162472197803
BAD 162472197827
BAD 162472197829
BAD 162472197841
BAD 162472197863
BAD 162472197883
BAD 162200700173
BAD 162249557419
BAD 162472264439
BAD 162472264441
BAD 162223698443
BAD 162223964603
BAD 162337534159
BAD 162201564103
BAD 162250820629
BAD 162473682277
BAD 162250820639
BAD 162250820689
BAD 162250824331
BAD 162473705357
BAD 162223995511
BAD 162223995517
BAD 162223995523
BAD 162337680443
BAD 162337712573
BAD 162251127613
BAD 162251144707
BAD 162201731707
BAD 162251191483
BAD 162201731711
BAD 162251330561
BAD 162338192843
BAD 162224407463
BAD 162338274451
BAD 162338274499
BAD 162338274503
BAD 162371233337
BAD 162251724799
BAD 162338426353
BAD 162338453131
BAD 162338487029
BAD 162251833369
BAD 162475232993
BAD 162533517691
BAD 162323166769
BAD 162202202353
BAD 162338753011
BAD 162202245323
BAD 162202245329
BAD 162338876423
BAD 162225660413
BAD 162323417717
BAD 162323417719
BAD 162533846443
BAD 162225903913
BAD 162339316861
BAD 162339316883
BAD 162202511243
BAD 162252119233
BAD 162252119243
BAD 162252119251
BAD 162252119299
BAD 162252119303
BAD 162252176311
BAD 162202685377
BAD 162202685383
BAD 162534254557
BAD 162339725797
BAD 162252223253
BAD 162202715737
BAD 162475773469
BAD 162252283667
BAD 162226707133
BAD 162203136061
BAD 162324117127
BAD 162476369387
BAD 162340241347
BAD 162252283733
BAD 162324117149
BAD 162324117173
BAD 162324117181
BAD 162476369389
BAD 162371543963
BAD 162371543969
BAD 162203188607
BAD 162203188619
BAD 162203188621
BAD 162324201863
BAD 162203316917
BAD 162203443643
BAD 162203443657
BAD 162252536903
BAD 162252536911
BAD 162252641783
BAD 162371927413
BAD 162340865233
BAD 162340865243
BAD 162476874173
BAD 162476874181
BAD 162340920223
BAD 162476931481
BAD 162203967319
BAD 162372250039
BAD 162534733201
BAD 162341548709
BAD 162252919537
BAD 162265083989
BAD 162324700177
BAD 162227410207
BAD 162203967323
BAD 162265083991
BAD 162203967329
BAD 162324700201
BAD 162227410217
BAD 162265148993
BAD 162341690761
BAD 162227783699
BAD 162227783701
BAD 162204379747
BAD 162324982669
BAD 162535043039
BAD 162535043057
BAD 162372509953
BAD 162204617389
BAD 162325109423
BAD 162325109449
BAD 162325109491
BAD 162342226933
BAD 162204679387
BAD 162372746033
BAD 162372746101
BAD 162342444203
BAD 162265656247
BAD 162205541593
BAD 162254027927
BAD 162325784087
BAD 162228353333
BAD 162535976531
BAD 162325784123
BAD 162477228379
BAD 162228353407
BAD 162228353411
BAD 162228353509
BAD 162228353513
BAD 162254110237
BAD 162228467287
BAD 162325875311
BAD 162205718611
BAD 162228542989
BAD 162228543023
BAD 162228543031
BAD 162342786043
BAD 162342786049
BAD 162342786061
BAD 162342786083
BAD 162342786091
BAD 162265928989
BAD 162342836833
BAD 162342836837
BAD 162342836839
BAD 162266009839
BAD 162266009933
BAD 162536336671
BAD 162372855049
BAD 162266213311
BAD 162255002681
BAD 162477802523
BAD 162326229643
BAD 162228898639
BAD 162255002683
BAD 162206664713
BAD 162266258377
BAD 162266258381
BAD 162326329819
BAD 162326329831
BAD 162536458619
BAD 162536458621
BAD 162477945869
BAD 162477945871
BAD 162255215921
BAD 162255215923
BAD 162255215929
BAD 162373208243
BAD 162373208287
BAD 162206916121
BAD 162206916149
BAD 162206916259
BAD 162373340671
BAD 162266459527
BAD 162207066313
BAD 162478240663
BAD 162207080279
BAD 162207080281
BAD 162256041137
BAD 162478417589
BAD 162373590121
BAD 162537490169
BAD 162256041139
BAD 162343119187
BAD 162327440963
BAD 162256041149
BAD 162266663527
BAD 162327440969
BAD 162256041151
BAD 162327440971
BAD 162256041173
BAD 162207098639
BAD 162266694871
BAD 162478486249
BAD 162478486259
BAD 162256259707
BAD 162478599863
BAD 162478599869
BAD 162343366963
BAD 162343366967
BAD 162343366981
BAD 162373955059
BAD 162267054319
BAD 162267054371
BAD 162267054373
BAD 162256381171
BAD 162478705393
BAD 162382695883
BAD 162374322713
BAD 162478906573
BAD 162343761079
BAD 162343761091
BAD 162374516209
BAD 162374532217
BAD 162374539057
BAD 162374561543
BAD 162374561551
BAD 162343908829
BAD 162343908833
BAD 162256906291
BAD 162538374683
BAD 162343945727
BAD 162267498649
BAD 162267577583
BAD 162538599491
BAD 162344147993
BAD 162207475237
BAD 162329110441
BAD 162538698121
BAD 162538730933
BAD 162207555379
BAD 162479323133
BAD 162207635173
BAD 162207635179
BAD 162329341103
BAD 162383233093
BAD 162383233171
BAD 162267811973
BAD 162257461591
BAD 162479952671
BAD 162375750409
BAD 162208006783
BAD 162329511623
BAD 162229393061
BAD 162479952673
BAD 162383312633
BAD 162208006813
BAD 162229393063
BAD 162479958889
BAD 162479958947
BAD 162539035081
BAD 162539035093
BAD 162539035097
BAD 162539035103
BAD 162539108681
BAD 162480051113
BAD 162329804359
BAD 162539238623
BAD 162539238629
BAD 162208257527
BAD 162208257529
BAD 162257773291
BAD 162257773297
BAD 162383538901
BAD 162329994199
BAD 162376437733
BAD 162229777621
BAD 162376527883
BAD 162481146943
BAD 162516902189
BAD 162230877041
BAD 162383987023
BAD 162230877043
BAD 162539944351
BAD 162344484857
BAD 162258209723
BAD 162481146953
BAD 162344484859
BAD 162268348453
BAD 162268348457
BAD 162268348471
BAD 162344540689
BAD 162516973831
BAD 162539998501
BAD 162517012597
BAD 162517012621
BAD 162268460449
BAD 162330328907
BAD 162330354233
BAD 162258476881
BAD 162330462953
BAD 162268622179
BAD 162268622183
BAD 162268671293
BAD 162258585529
BAD 162517375381
BAD 162517375399
BAD 162517402919
BAD 162330889939
BAD 162208582709
BAD 162517402921
BAD 162481525673
BAD 162517407469
BAD 162517407473
BAD 162330904147
BAD 162517427213
BAD 162517427221
BAD 162301311589
BAD 162301311593
BAD 162540779521
BAD 162208647529
BAD 162208662887
BAD 162259180189
BAD 162259207601
BAD 162259207603
BAD 162259207633
BAD 162208774313
BAD 162208774339
BAD 162301671319
BAD 162331315717
BAD 162331315723
BAD 162301702279
BAD 162259375981
BAD 162345571187
BAD 162345571189
BAD 162345571207
BAD 162301806721
BAD 162301806727
BAD 162209004799
BAD 162482589833
BAD 162345757271
BAD 162269846153
BAD 162518005063
BAD 162259629439
BAD 162377604031
BAD 162541275989
BAD 162385063123
BAD 162541275991
BAD 162541374277
BAD 162377708659
BAD 162259750673
BAD 162346046893
BAD 162377850967
BAD 162541524017
BAD 162209339219
BAD 162209339221
BAD 162302306693
BAD 162302306701
BAD 162209415947
BAD 162209415959
BAD 162541694467
BAD 162270288079
BAD 162270288083
BAD 162518363011
BAD 162378139823
BAD 162378139831
BAD 162346437839
BAD 162270480041
BAD 162542023741
BAD 162302671021
BAD 162542023747
BAD 162346833707
BAD 162378251417
BAD 162302671067
BAD 162346833709
BAD 162378251419
BAD 162302671073
BAD 162302671081
BAD 162302671151
BAD 162302671159
BAD 162302671163
BAD 162270487807
BAD 162270487811
BAD 162385876589
BAD 162385876591
BAD 162270636083
BAD 162260709551
BAD 162260709553
BAD 162260709563
BAD 162210196243
BAD 162386030189
BAD 162270813517
BAD 162303086599
BAD 162303086677
BAD 162347308639
BAD 162519081497
BAD 162519081499
BAD 162519144199
BAD 162378877721
BAD 162271015729
BAD 162416078719
BAD 162271015733
BAD 162378877723
BAD 162542848859
BAD 162542848861
BAD 162303661603
BAD 162416227889
BAD 162416227891
BAD 162519480139
BAD 162519480143
BAD 162210985193
BAD 162210985201
BAD 162210985207
BAD 162210985283
BAD 162379209049
BAD 162211115419
BAD 162379318609
BAD 162348300913
BAD 162261677273
BAD 162304178929
BAD 162261704257
BAD 162348535087
BAD 162348535099
BAD 162348535109
BAD 162271850047
BAD 162348769417
BAD 162304562501
BAD 162304562503
BAD 162417149819
BAD 162304612343
BAD 162543669929
BAD 162417149821
BAD 162543669931
BAD 162520524277
BAD 162417312353
BAD 162417404491
BAD 162380250523
BAD 162212162557
BAD 162387719519
BAD 162387719521
BAD 162520983973
BAD 162272668609
BAD 162272668631
BAD 162544176799
BAD 162262723507
BAD 162417763951
BAD 162305378551
BAD 162262873081
BAD 162544320839
BAD 162417895589
BAD 162544320847
BAD 162417895597
BAD 162417895613
BAD 162417908383
BAD 162417908407
BAD 162417911963
BAD 162305471569
BAD 162399313807
BAD 162387977041
BAD 162348888131
BAD 162380853263
BAD 162212565337
BAD 162262931581
BAD 162272918623
BAD 162417951571
BAD 162272918627
BAD 162272918629
BAD 162262981123
BAD 162273110383
BAD 162273249077
BAD 162273249079
BAD 162545059297
BAD 162388418893
BAD 162388418911
BAD 162388418923
BAD 162388425263
BAD 162388425271
BAD 162521990453
BAD 162521990459
BAD 162521990461
BAD 162273447121
BAD 162418588147
BAD 162418588151
BAD 162418588153
BAD 162388566979
BAD 162388566983
BAD 162522074683
BAD 162522074723
BAD 162381499561
BAD 162263769541
BAD 162522103927
BAD 162263769553
BAD 162349480171
BAD 162545319389
BAD 162263769559
BAD 162388681363
BAD 162306625939
BAD 162418755703
BAD 162273699881
BAD 162273699883
BAD 162273699953
BAD 162283495513
BAD 162263836627
BAD 162263836633
BAD 162263836643
BAD 162522215293
BAD 162522215299
BAD 162306780301
BAD 162306780313
BAD 162306780331
BAD 162522248969
BAD 162522248971
BAD 162273881377
BAD 162273881401
BAD 162264082157
BAD 162264082159
BAD 162545602273
BAD 162349769389
BAD 162418971331
BAD 162522384877
BAD 162307114657
BAD 162418971343
BAD 162307114663
BAD 162307114667
BAD 162283921781
BAD 162283921783
BAD 162433447171
BAD 162382037443
BAD 162264478903
BAD 162400705853
BAD 162400705861
BAD 162400705867
BAD 162213991133
BAD 162389432701
BAD 162389432713
BAD 162545989061
BAD 162545989063
BAD 162214026329
BAD 162214032859
BAD 162389526121
BAD 162274419287
BAD 162274419289
BAD 162264909061
BAD 162264909073
BAD 162400975727
BAD 162264909077
BAD 162400975729
BAD 162264909109
BAD 162400975733
BAD 162274694597
BAD 162307737883
BAD 162389811083
BAD 162274694599
BAD 162522984863
BAD 162434088391
BAD 162434088457
BAD 162434112943
BAD 162434112947
BAD 162434112949
BAD 162389875267
BAD 162389875273
BAD 162434187373
BAD 162390162079
BAD 162275089981
BAD 162275089987
BAD 162390252769
BAD 162401448127
BAD 162401448133
BAD 162390290329
BAD 162285082891
BAD 162285082963
BAD 162308444237
BAD 162308444239
BAD 162308461967
BAD 162308461969
BAD 162275394961
BAD 162285321571
BAD 162285321577
BAD 162434942543
BAD 162420410627
BAD 162434942587
BAD 162420410629
BAD 162402007013
BAD 162523894163
BAD 162285396827
BAD 162285396829
BAD 162402027143
BAD 162308977783
BAD 162420513427
BAD 162524029981
BAD 162524029999
BAD 162391085743
BAD 162351660353
BAD 162285725647
BAD 162285725653
BAD 162285725689
BAD 162402468967
BAD 162402468997
BAD 162391374853
BAD 162285879907
BAD 162309578341
BAD 162309652261
BAD 162309652273
BAD 162309652289
BAD 162309652291
BAD 162309652411
BAD 162309690307
BAD 162351925513
BAD 162524828701
BAD 162309826429
BAD 162403002197
BAD 162403002199
BAD 162276825301
BAD 162276825307
BAD 162548873917
BAD 162548873923
BAD 162548874001
BAD 162392103833
BAD 162421502183
BAD 162286432421
BAD 162286432423
BAD 162525111319
BAD 162525111323
BAD 162352298453
BAD 162352298477
BAD 162549103163
BAD 162392551469
BAD 162392551471
BAD 162392551481
BAD 162392551483
BAD 162392551487
BAD 162286826633
BAD 162277242683
BAD 162421936189
BAD 162403579397
BAD 162421979639
BAD 162421979641
BAD 162421979653
BAD 162403680259
BAD 162277467841
BAD 162310630861
BAD 162422074453
BAD 162525966263
BAD 162422074457
BAD 162392897033
BAD 162549850583
BAD 162392897041
BAD 162392968459
BAD 162436843291
BAD 162277551283
BAD 162352823077
BAD 162277561661
BAD 162393062191
BAD 162393062213
BAD 162549991447
BAD 162549991453
BAD 162277591733
BAD 162277591759
BAD 162393094993
BAD 162310791403
BAD 162310827409
BAD 162352876801
BAD 162526530511
BAD 162353194099
BAD 162353194243
BAD 162526711223
BAD 162526711231
BAD 162393645721
BAD 162404207341
BAD 162404207353
BAD 162353359943
BAD 162278017003
BAD 162287897423
BAD 162278017007
BAD 162404207377
BAD 162278017009
BAD 162404207393
BAD 162404207401
BAD 162437497529
BAD 162437497531
BAD 162500351963
BAD 162500351969
BAD 162500351971
BAD 162311622391
BAD 162311622401
BAD 162394056049
BAD 162394056053
BAD 162394136383
BAD 162311871679
BAD 162288313909
BAD 162394405013
BAD 162527521313
BAD 162500768609
BAD 162288444869
BAD 162527661221
BAD 162437936917
BAD 162437936923
BAD 162394575713
BAD 162394575743
BAD 162353938211
BAD 162278619187
BAD 162353938213
BAD 162501059731
BAD 162423321299
BAD 162501059737
BAD 162423321301
BAD 162288761969
BAD 162354015631
BAD 162394956799
BAD 162501255359
BAD 162395152163
BAD 162501330949
BAD 162395174521
BAD 162395218789
BAD 162354326111
BAD 162354326117
BAD 162354326119
BAD 162438397999
BAD 162354429439
BAD 162289170067
BAD 162395346703
BAD 162312729107
BAD 162312729109
BAD 162312729121
BAD 162354589549
BAD 162483186799
BAD 162438695717
BAD 162438695719
BAD 162528821423
BAD 162528823553
BAD 162313069993
BAD 162289561051
BAD 162501815017
BAD 162501891977
BAD 162528931801
BAD 162528943823
BAD 162405827047
BAD 162502036913
BAD 162313336517
BAD 162313336519
BAD 162313336529
BAD 162313336531
BAD 162483860977
BAD 162483872413
BAD 162483872431
BAD 162406036889
BAD 162406036909
BAD 162396461519
BAD 162502293221
BAD 162502327517
BAD 162424563757
BAD 162424563761
BAD 162355740199
BAD 162396641437
BAD 162355840093
BAD 162529534253
BAD 162529534261
BAD 162529534267
BAD 162313810493
BAD 162529695313
BAD 162439715693
BAD 162529695319
BAD 162280145663
BAD 162397039703
BAD 162425038343
BAD 162529790953
BAD 162280245233
BAD 162529803361
BAD 162280289309
BAD 162356502559
BAD 162314335849
BAD 162425233021
BAD 162425233037
BAD 162314468549
BAD 162314468551
BAD 162290976751
BAD 162425365331
BAD 162425365351
BAD 162425373401
BAD 162425373403
BAD 162425421173
BAD 162503372923
BAD 162440238913
BAD 162440239081
BAD 162407064451
BAD 162291190849
BAD 162291190879
BAD 162291190883
BAD 162425542639
BAD 162397812229
BAD 162407082067
BAD 162503608103
BAD 162280831021
BAD 162397812233
BAD 162357286943
BAD 162425788891
BAD 162280899821
BAD 162280962143
BAD 162485517989
BAD 162485517991
BAD 162485686309
BAD 162530773849
BAD 162357729647
BAD 162530831387
BAD 162530831389
BAD 162398328667
BAD 162398328679
BAD 162357936007
BAD 162291988399
BAD 162291988403
BAD 162358046749
BAD 162358094653
BAD 162358094659
BAD 162441148073
BAD 162358247731
BAD 162281612513
BAD 162531264299
BAD 162531306499
BAD 162531306503
BAD 162531306517
BAD 162398715961
BAD 162292487509
BAD 162398716003
BAD 162426535577
BAD 162441366869
BAD 162292488247
BAD 162504498007
BAD 162292488251
BAD 162398763799
BAD 162408108589
BAD 162408108593
BAD 162486737011
BAD 162426658133
BAD 162486784819
BAD 162398936279
BAD 162398936281
BAD 162426721843
BAD 162426721859
BAD 162426721861
BAD 162358891579
BAD 162486948839
BAD 162486948893
BAD 162486948937
BAD 162408285691
BAD 162531651067
BAD 162399076351
BAD 162531691379
BAD 162531691381
BAD 162441771227
BAD 162359138041
BAD 162487357793
BAD 162293029909
BAD 162408572581
BAD 162487425601
BAD 162359219941
BAD 162359219947
BAD 162359219951
BAD 162408641443
BAD 162487554443
BAD 162427407529
BAD 162359630941
BAD 162532508563
BAD 162532508573
BAD 162442486523
BAD 162409066349
BAD 162359736703
BAD 162359736709
BAD 162359736713
BAD 162532672349
BAD 162505773011
BAD 162505773013
BAD 162409164173
BAD 162293780989
BAD 162488372083
BAD 162488372087
BAD 162505997221
BAD 162505997239
BAD 162428029459
BAD 162533173303
BAD 162506156719
BAD 162294148823
BAD 162443092913
BAD 162428554291
BAD 162409489159
BAD 162443140073
BAD 162294342547
BAD 162489382493
BAD 162409746971
BAD 162294526859
BAD 162294526861
BAD 162443532373
BAD 162294683963
BAD 162429174143
BAD 162410009219
BAD 162410009221
BAD 162410121847
BAD 162410121851
BAD 162489936467
BAD 162489936509
BAD 162489936517
BAD 162429451363
BAD 162429451369
BAD 162429456157
BAD 162361027561
BAD 162490039193
BAD 162361055603
BAD 162361055609
BAD 162361055611
BAD 162295138823
BAD 162295138883
BAD 162361150187
BAD 162507019453
BAD 162429876647
BAD 162429876649
BAD 162490399759
BAD 162490399763
BAD 162490399783
BAD 162444485521
BAD 162444485527
BAD 162490451449
BAD 162490451471
BAD 162410603989
BAD 162410604001
BAD 162410604011
BAD 162410604017
BAD 162295284287
BAD 162295284289
BAD 162295553401
BAD 162507385619
BAD 162490858729
BAD 162430412821
BAD 162430412827
BAD 162491024797
BAD 162430593233
BAD 162430593239
BAD 162445210171
BAD 162507637987
BAD 162507638003
BAD 162445276421
BAD 162296012491
BAD 162296012497
BAD 162491369779
BAD 162430822819
BAD 162296078149
BAD 162296078183
BAD 162362034643
BAD 162491650973
BAD 162449601371
BAD 162449601653
BAD 162449601709
BAD 162446081033
BAD 162411858311
BAD 162411858313
BAD 162411858319
BAD 162492083473
BAD 162508655059
BAD 162508655063
BAD 162431620447
BAD 162431620453
BAD 162431620457
BAD 162431620459
BAD 162431620471
BAD 162362475103
BAD 162492218857
BAD 162446550073
BAD 162450364409
BAD 162450364411
BAD 162450364421
BAD 162450364423
BAD 162432064877
BAD 162509148563
BAD 162432110251
BAD 162412398151
BAD 162492697951
BAD 162492697957
BAD 162297054331
BAD 162297054349
BAD 162412462427
BAD 162412462507
BAD 162450926951
BAD 162447289231
BAD 162450981227
BAD 162450981229
BAD 162447344141
BAD 162493147891
BAD 162509509069
BAD 162509509073
BAD 162509509139
BAD 162432652433
BAD 162432652439
BAD 162447631243
BAD 162447640489
BAD 162297439487
BAD 162297439489
BAD 162509706923
BAD 162509706943
BAD 162413204983
BAD 162448014373
BAD 162297638099
BAD 162297638101
BAD 162509987839
BAD 162448350143
BAD 162363807527
BAD 162451970731
BAD 162493869641
BAD 162363807533
BAD 162297952357
BAD 162363813461
BAD 162363813463
BAD 162363909713
BAD 162298162463
BAD 162298162483
BAD 162452177903
BAD 162452177917
BAD 162452177929
BAD 162452302483
BAD 162298350871
BAD 162414204347
BAD 162414204349
BAD 162414204353
BAD 162494318251
BAD 162494318299
BAD 162494414323
BAD 162494490317
BAD 162494491507
BAD 162494491513
BAD 162494491519
BAD 162364233113
BAD 162452616149
BAD 162414570457
BAD 162414629231
BAD 162494712287
BAD 162449383609
BAD 162414629233
BAD 162453111707
BAD 162453111713
BAD 162494904203
BAD 162453171983
BAD 162494927141
BAD 162494927143
BAD 162494927197
BAD 162510861449
BAD 162494927209
BAD 162510861451
BAD 162494927213
BAD 162364755499
BAD 162364755503
BAD 162453314983
BAD 162364857737
BAD 162495212959
BAD 162453471461
BAD 162453471463
BAD 162495251629
BAD 162511380833
BAD 162365151593
BAD 162365151601
BAD 162365246809
BAD 162365246821
BAD 162495712783
BAD 162453964963
BAD 162511579199
BAD 162454010203
BAD 162365409287
BAD 162365409289
BAD 162511579201
BAD 162496001519
BAD 162496001573
BAD 162511629001
BAD 162511708823
BAD 162496213307
BAD 162511820629
BAD 162511820633
BAD 162511820641
BAD 162415888783
BAD 162415888793
BAD 162511980713
BAD 162512002019
BAD 162512002021
BAD 162512002043
BAD 162455061151
BAD 162497054287
BAD 162497158939
BAD 162455189513
BAD 162455189521
BAD 162497205391
BAD 162497277091
BAD 162455306359
BAD 162497635403
BAD 162497732183
BAD 162497732213
BAD 162455890781
BAD 162455890789
BAD 162513640279
BAD 162498552247
BAD 162456547961
BAD 162456547963
BAD 162456547987
BAD 162456561143
BAD 162514698589
BAD 162514719803
BAD 162457027787
BAD 162457027793
BAD 162499690657
BAD 162457196311
BAD 162457196333
BAD 162457196357
BAD 162457264267
BAD 162515015027
BAD 162457286573
BAD 162515093047
BAD 162515093063
BAD 162457390237
BAD 162515184983
BAD 162457691647
BAD 162457727717
BAD 162458103991
BAD 162515872933
BAD 162515896877
BAD 162458893021
BAD 162459147679
BAD 162459147689
BAD 162459147691
BAD 162459147757
BAD 162459490579
BAD 162459772921
BAD 162460588489
BAD 162460768783
BAD 162461483167
BAD 162461491909
BAD 162461491939
BAD 162461601061
BAD 162461833883
BAD 162461833921
BAD 162461833927
BAD 162463119113
BAD 162463119121
BAD 162463119127
BAD 162463499753
BAD 162463499761
BAD 162463622161
BAD 162464259439
BAD 162464365549
BAD 162464365561
BAD 162464644453
BAD 162465861559
BAD 162465956381
BAD 162465956383
BAD 162566916623
BAD 162566946743
BAD 162567540139
BAD 162568072369
BAD 162568072409
BAD 162568072411
BAD 162568072423
BAD 162568072427
BAD 162568072451
BAD 162568072453
BAD 162568072463
BAD 162568075511
BAD 162568468103
BAD 162568644743
BAD 162569370973
BAD 162569371037
BAD 162569371039
BAD 162569790499
BAD 162570304021
BAD 162571240219
BAD 162571610923
BAD 162550888231
BAD 162551028817
BAD 162551028821
BAD 162551028823
BAD 162572625079
BAD 162551241499
BAD 162551355173
BAD 162573724939
BAD 162574165321
BAD 162574165339
BAD 162574165343
BAD 162574284023
BAD 162574284031
BAD 162574709419
BAD 162574709447
BAD 162552777421
BAD 162552836023
BAD 162552836029
BAD 162575075419
BAD 162575075437
BAD 162553325461
BAD 162575432609
BAD 162575432611
BAD 162553909129
BAD 162553909171
BAD 162576312047
BAD 162577071169
BAD 162555174107
BAD 162555174109
BAD 162555174113
BAD 162555249053
BAD 162555561319
BAD 162578413873
BAD 162578414927
BAD 162555852827
BAD 162555852829
BAD 162555980341
BAD 162556918729
BAD 162557145763
BAD 162557389921
BAD 162557500019
BAD 162557623843
BAD 162580511393
BAD 162557755237
BAD 162557755253
BAD 162557784713
BAD 162557995939
BAD 162558666409
BAD 162558666421
BAD 162558958823
BAD 162559118269
BAD 162559292111
BAD 162559292113
BAD 162559323151
BAD 162559323197
BAD 162559825159
BAD 162559825163
BAD 162560339309
BAD 162560339329
BAD 162560339341
BAD 162560501143
BAD 162560501161
BAD 162561051139
BAD 162561089443
BAD 162561191521
BAD 162580549613
BAD 162580628807
BAD 162582545353
BAD 162583366133
BAD 162562149847
BAD 162562802693
BAD 162563532919
BAD 162563562673
BAD 162563562691
BAD 162563839903
BAD 162564668689
BAD 162564921797
BAD 162565001003
BAD 162565003397
BAD 162565482109
BAD 162565482113
BAD 162565746053
BAD 162565746089
BAD 162565800053
BAD 162566032883
BAD 162566255783
BAD 162566490439
BAD 162566544871
BAD 162566893129
BAD 162583725511
BAD 162584119813
BAD 162584119823
BAD 162584987693
BAD 162585293723
BAD 162585322169
BAD 162585322171
BAD 162585335333
BAD 162585335359
BAD 162586441751
BAD 162586441753
BAD 162586441757
BAD 162588472261
BAD 162588472273
BAD 162588472279
BAD 162588648359
BAD 162588648361
BAD 162589074847
BAD 162589250567
BAD 162589250569
BAD 162589576327
BAD 162590526281
BAD 162590526283
BAD 162590526289
BAD 162590825171
BAD 162591600653
BAD 162591807113
BAD 162592230659
BAD 162592230667
BAD 162592617311
BAD 162592725241
BAD 162592725247
BAD 162592905899
BAD 162592905901
BAD 162593312813
BAD 162593674849
BAD 162593937139
BAD 162594107149
BAD 162594216833
BAD 162594301721
BAD 162594352153
BAD 162595192489
BAD 162595428433
BAD 162595470977
BAD 162595470979
BAD 162595471009
BAD 162596123561
BAD 162596241163
BAD 162596241167
BAD 162596522843
BAD 162596703211
BAD 162597662351
BAD 162598776409
BAD 162598776413
BAD 162598778191
BAD 162598836121
BAD 162598907269
BAD 162599072303
BAD 162599230513
BAD 162599498993
BAD 162599499001
BAD 162599621971
BAD 162600087977
BAD 162600087983
BAD 162600087997
BAD 162600110389
BAD 162600217201
BAD 162600217223
BAD 162600232939
BAD 162600267397
BAD 162684576017
BAD 162684576023
BAD 162769069391
BAD 162769113739
BAD 162685074917
BAD 162770179807
BAD 162685074919
BAD 162735226757
BAD 162735273719
BAD 162735273721
BAD 162735305599
BAD 162735305641
BAD 162735345041
BAD 162735878951
BAD 162771004177
BAD 162771087343
BAD 162771220819
BAD 162771338663
BAD 162686363423
BAD 162771517621
BAD 162701213783
BAD 162686481427
BAD 162771804661
BAD 162736903699
BAD 162701701741
BAD 162701701751
BAD 162701701753
BAD 162701701769
BAD 162686871331
BAD 162772167973
BAD 162772255313
BAD 162772258309
BAD 162772288561
BAD 162687138463
BAD 162687138469
BAD 162702905951
BAD 162772375373
BAD 162737750309
BAD 162687138473
BAD 162702906029
BAD 162772375379
BAD 162702906031
BAD 162702924389
BAD 162702931159
BAD 162772444363
BAD 162737865889
BAD 162687357529
BAD 162772650857
BAD 162772669261
BAD 162687443713
BAD 162738157609
BAD 162687675121
BAD 162687675127
BAD 162738249623
BAD 162773172487
BAD 162738543091
BAD 162738592411
BAD 162773412941
BAD 162738685801
BAD 162704045899
BAD 162688643147
BAD 162688643149
BAD 162688643153
BAD 162773958343
BAD 162773958349
BAD 162704775403
BAD 162689194147
BAD 162704775539
BAD 162739719773
BAD 162773958353
BAD 162773958383
BAD 162704860687
BAD 162739874359
BAD 162689623643
BAD 162774587687
BAD 162740407339
BAD 162774812449
BAD 162705837979
BAD 162690604339
BAD 162690815467
BAD 162706190797
BAD 162741218663
BAD 162706373303
BAD 162706378207
BAD 162706423603
BAD 162706423609
BAD 162706423619
BAD 162691368121
BAD 162706845739
BAD 162706845751
BAD 162706845757
BAD 162706845761
BAD 162776313487
BAD 162707118193
BAD 162707118199
BAD 162776778391
BAD 162692416141
BAD 162600569569
BAD 162742305799
BAD 162776834513
BAD 162707179787
BAD 162707179823
BAD 162600633901
BAD 162742374173
BAD 162692506591
BAD 162692517839
BAD 162600740257
BAD 162692626871
BAD 162777011077
BAD 162600877391
BAD 162707631349
BAD 162707631353
BAD 162742891693
BAD 162777221773
BAD 162777221777
BAD 162777221779
BAD 162777361853
BAD 162601204669
BAD 162601204673
BAD 162693112601
BAD 162693112607
BAD 162708213263
BAD 162601541281
BAD 162693537571
BAD 162693618509
BAD 162693618511
BAD 162651474151
BAD 162708643733
BAD 162602211997
BAD 162779287193
BAD 162693618523
BAD 162693898069
BAD 162651842501
BAD 162651842503
BAD 162602487823
BAD 162779367743
BAD 162779367749
BAD 162709104799
BAD 162652129597
BAD 162709442459
BAD 162709442461
BAD 162709442491
BAD 162779818349
BAD 162602830241
BAD 162652297609
BAD 162694301131
BAD 162694301137
BAD 162694301179
BAD 162694301191
BAD 162652344797
BAD 162780262507
BAD 162694724483
BAD 162780509561
BAD 162780533521
BAD 162780533527
BAD 162780533533
BAD 162694910479
BAD 162603288167
BAD 162653058619
BAD 162719032193
BAD 162719115397
BAD 162719435839
BAD 162695181647
BAD 162603727393
BAD 162695312677
BAD 162742979923
BAD 162719826097
BAD 162603909683
BAD 162603995539
BAD 162743168527
BAD 162604040177
BAD 162604072703
BAD 162695677531
BAD 162720136309
BAD 162720136321
BAD 162720160429
BAD 162720170579
BAD 162720170581
BAD 162743338427
BAD 162695785649
BAD 162695785673
BAD 162695835083
BAD 162781836901
BAD 162604350451
BAD 162782344937
BAD 162782344939
BAD 162655107893
BAD 162696755093
BAD 162604878661
BAD 162720522203
BAD 162782344943
BAD 162782344951
BAD 162720522233
BAD 162720522241
BAD 162604891663
BAD 162782452247
BAD 162782452249
BAD 162744092053
BAD 162744152849
BAD 162604990753
BAD 162697036111
BAD 162720796703
BAD 162697140283
BAD 162782742151
BAD 162655523161
BAD 162720806333
BAD 162720806351
BAD 162720806359
BAD 162783038633
BAD 162783038713
BAD 162655776589
BAD 162655776643
BAD 162744750073
BAD 162656024677
BAD 162783334243
BAD 162656201101
BAD 162745644799
BAD 162784208449
BAD 162606890527
BAD 162722444923
BAD 162606890627
BAD 162606890629
BAD 162697814353
BAD 162656305213
BAD 162784364933
BAD 162722626543
BAD 162656452513
BAD 162656452531
BAD 162698167831
BAD 162698167927
BAD 162698167943
BAD 162656579027
BAD 162607319131
BAD 162656686609
BAD 162607340813
BAD 162698544637
BAD 162698574391
BAD 162785080921
BAD 162722964233
BAD 162785216879
BAD 162785216887
BAD 162746895169
BAD 162746895173
BAD 162747133127
BAD 162723503273
BAD 162699048353
BAD 162747237833
BAD 162723974117
BAD 162609202823
BAD 162723974123
BAD 162785499209
BAD 162657743011
BAD 162657743023
BAD 162657743033
BAD 162699512557
BAD 162699558457
BAD 162724467383
BAD 162724467403
BAD 162609817807
BAD 162609997289
BAD 162658377887
BAD 162610038391
BAD 162658414999
BAD 162658415011
BAD 162610111207
BAD 162610111217
BAD 162610111219
BAD 162748007579
BAD 162610161277
BAD 162610161281
BAD 162610161283
BAD 162699859967
BAD 162699859969
BAD 162725243693
BAD 162786493403
BAD 162786634489
BAD 162748447369
BAD 162725732233
BAD 162748563583
BAD 162725925023
BAD 162725925031
BAD 162748758743
BAD 162700714907
BAD 162700714909
BAD 162611479523
BAD 162611479529
BAD 162611479531
BAD 162611548763
BAD 162611616019
BAD 162611616023
BAD 162611664713
BAD 162611664739
BAD 162611664751
BAD 162749157191
BAD 162659934113
BAD 162749205403
BAD 162749205433
BAD 162726167801
BAD 162726167827
BAD 162749322361
BAD 162660187667
BAD 162660187673
BAD 162612019201
BAD 162726388171
BAD 162886265341
BAD 162612244121
BAD 162749778949
BAD 162787860113
BAD 162660713543
BAD 162710159413
BAD 162787860119
BAD 162660713549
BAD 162787860121
BAD 162787860187
BAD 162612244253
BAD 162660781669
BAD 162660817471
BAD 162787921889
BAD 162660850931
BAD 162788010509
BAD 162788010523
BAD 162726584227
BAD 162726584231
BAD 162726584233
BAD 162661158791
BAD 162788174929
BAD 162661301149
BAD 162613220533
BAD 162711256163
BAD 162711528943
BAD 162711528949
BAD 162788923547
BAD 162727474463
BAD 162727474549
BAD 162750412697
BAD 162661988627
BAD 162712796123
BAD 162613783841
BAD 162728887141
BAD 162751939549
BAD 162613783909
BAD 162789174409
BAD 162789282169
BAD 162789282179
BAD 162789282181
BAD 162713030941
BAD 162713030989
BAD 162713030993
BAD 162662210461
BAD 162662210471
BAD 162729345959
BAD 162729361523
BAD 162729361537
BAD 162750971219
BAD 162729519263
BAD 162713488283
BAD 162614616503
BAD 162789864319
BAD 162886459501
BAD 162886459513
BAD 162614826109
BAD 162714132619
BAD 162714132629
BAD 162714132631
BAD 162663115283
BAD 162714167383
BAD 162790222051
BAD 162853316281
BAD 162714561601
BAD 162730466491
BAD 162663538577
BAD 162615396563
BAD 162663538579
BAD 162754332599
BAD 162887999401
BAD 162754332619
BAD 162754332623
BAD 162615514849
BAD 162888132623
BAD 162663669241
BAD 162790360951
BAD 162853592791
BAD 162888254491
BAD 162888254497
BAD 162714876091
BAD 162790516771
BAD 162888342751
BAD 162715015513
BAD 162715015523
BAD 162853910347
BAD 162615844099
BAD 162730970923
BAD 162888536879
BAD 162615923929
BAD 162615923933
BAD 162664101409
BAD 162664108183
BAD 162869340001
BAD 162902594509
BAD 162791249497
BAD 162889088927
BAD 162854093971
BAD 162754756127
BAD 162715336291
BAD 162731035253
BAD 162754756277
BAD 162754756279
BAD 162715373167
BAD 162664223551
BAD 162854240099
BAD 162731245711
BAD 162889267601
BAD 162889267603
BAD 162902887003
BAD 162731342509
BAD 162664357787
BAD 162664357789
BAD 162791555933
BAD 162854718787
BAD 162903184463
BAD 162889528951
BAD 162755198423
BAD 162755198429
BAD 162889682927
BAD 162732047663
BAD 162732047677
BAD 162617322961
BAD 162755844721
BAD 162904225843
BAD 162870044873
BAD 162665565991
BAD 162936204133
BAD 162616146983
BAD 162716110231
BAD 162889774013
BAD 162856090519
BAD 162904225849
BAD 162919260409
BAD 162904225853
BAD 162732239993
BAD 162616179181
BAD 162732241759
BAD 162904265191
BAD 162870098317
BAD 162936309421
BAD 162616257547
BAD 162616264537
BAD 162870185773
BAD 162716323613
BAD 162732445831
BAD 162616390133
BAD 162716371429
BAD 162616402231
BAD 162616402297
BAD 162616402309
BAD 162870286427
BAD 162870286429
BAD 162616448857
BAD 162792109867
BAD 162856404593
BAD 162733785559
BAD 162936893059
BAD 162904812661
BAD 162716565113
BAD 162936893071
BAD 162616448867
BAD 162666524029
BAD 162890104219
BAD 162920060599
BAD 162756189377
BAD 162666524063
BAD 162756189383
BAD 162920060603
BAD 162856413893
BAD 162856413911
BAD 162666530903
BAD 162733836689
BAD 162792165863
BAD 162890238661
BAD 162733954793
BAD 162937050901
BAD 162890289391
BAD 162937111669
BAD 162905043281
BAD 162716805803
BAD 162756463879
BAD 162870560819
BAD 162716985583
BAD 162757654981
BAD 162905546161
BAD 162856904603
BAD 162734202157
BAD 162616914847
BAD 162937536403
BAD 162792487223
BAD 162870560821
BAD 162920532451
BAD 162856904611
BAD 162905546171
BAD 162891027197
BAD 162920532469
BAD 162616950149
BAD 162616950151
BAD 162920571211
BAD 162920571217
BAD 162856947139
BAD 162905645599
BAD 162905645603
BAD 162617748001
BAD 162792623783
BAD 162757768081
BAD 162757768387
BAD 162905728673
BAD 162905728679
BAD 162905728681
BAD 162734436443
BAD 162937757629
BAD 162617930413
BAD 162717169561
BAD 162921009217
BAD 162793093921
BAD 162891500521
BAD 162905821501
BAD 162667225801
BAD 162857665741
BAD 162734584433
BAD 162937757693
BAD 162905821583
BAD 162891500543
BAD 162717169567
BAD 162871438463
BAD 162891537013
BAD 162891537019
BAD 162667310303
BAD 162793200923
BAD 162905971343
BAD 162905971351
BAD 162793357651
BAD 162793378603
BAD 162758488909
BAD 162758488913
BAD 162921332713
BAD 162921332723
BAD 162871660019
BAD 162906291577
BAD 162921439133
BAD 162858239029
BAD 162938174303
BAD 162892174057
BAD 162892174111
BAD 162892174117
BAD 162892174121
BAD 162892174127
BAD 162892174129
BAD 162938206411
BAD 162892256809
BAD 162618547417
BAD 162906828719
BAD 162758990243
BAD 162758990263
BAD 162794299411
BAD 162906935017
BAD 162906935021
BAD 162922227683
BAD 162759101137
BAD 162872143111
BAD 162922322071
BAD 162892696201
BAD 162892696207
BAD 162872255431
BAD 162922633597
BAD 162907247857
BAD 162907247873
BAD 162794795131
BAD 162619021757
BAD 162619021759
BAD 162794907433
BAD 162619241201
BAD 162818876581
BAD 162794907439
BAD 162759804121
BAD 162619241203
BAD 162794907479
BAD 162818876587
BAD 162939259837
BAD 162818915183
BAD 162759903517
BAD 162759903533
BAD 162859081321
BAD 162859081327
BAD 162939481301
BAD 162939481303
BAD 162859152217
BAD 162859152221
BAD 162893456657
BAD 162893456659
BAD 162760121543
BAD 162907967179
BAD 162907967213
BAD 162872864423
BAD 162859255387
BAD 162859255597
BAD 162859255639
BAD 162859285843
BAD 162859285871
BAD 162939786589
BAD 162939786601
BAD 162619864763
BAD 162619945801
BAD 162795799963
BAD 162908475293
BAD 162859769591
BAD 162859769593
BAD 162908492179
BAD 162893926141
BAD 162923846089
BAD 162923846093
BAD 162923846177
BAD 162940054891
BAD 162796145791
BAD 162796145803
BAD 162796151461
BAD 162796286209
BAD 162620392091
BAD 162620392093
BAD 162620475379
BAD 162620475383
BAD 162620616343
BAD 162620641627
BAD 162940413203
BAD 162940413211
BAD 162796847461
BAD 162874292311
BAD 162620944583
BAD 162797099417
BAD 162797099419
BAD 162874540531
BAD 162874540537
BAD 162940833001
BAD 162909542633
BAD 162924733319
BAD 162940833007
BAD 162924733343
BAD 162924733351
BAD 162621483229
BAD 162940882981
BAD 162924802637
BAD 162924802639
BAD 162924802643
BAD 162940926493
BAD 162820032307
BAD 162621669781
BAD 162621669787
BAD 162874752589
BAD 162941070923
BAD 162621889981
BAD 162621889987
BAD 162797785027
BAD 162797789701
BAD 162941194597
BAD 162621962693
BAD 162941315809
BAD 162895455031
BAD 162761833811
BAD 162761833813
BAD 162798040553
BAD 162925520651
BAD 162925553201
BAD 162910269677
BAD 162925553209
BAD 162820390879
BAD 162910269679
BAD 162925553213
BAD 162875480791
BAD 162895647469
BAD 162861114127
BAD 162861114131
BAD 162925572101
BAD 162925572503
BAD 162895682101
BAD 162762114563
BAD 162762114569
BAD 162762123193
BAD 162762184633
BAD 162910517243
BAD 162820563491
BAD 162820563509
BAD 162820563511
BAD 162820563541
BAD 162622898327
BAD 162622898329
BAD 162910729573
BAD 162910730623
BAD 162942104803
BAD 162942104813
BAD 162942104821
BAD 162926087021
BAD 162926087029
BAD 162926087033
BAD 162926087147
BAD 162942366599
BAD 162942366667
BAD 162799115771
BAD 162911063041
BAD 162861556723
BAD 162896510453
BAD 162896510473
BAD 162876456241
BAD 162876456247
BAD 162876567563
BAD 162876567589
BAD 162876567593
BAD 162942667733
BAD 162942689773
BAD 162942689783
BAD 162799402459
BAD 162896801003
BAD 162896801009
BAD 162896801033
BAD 162896801047
BAD 162896801051
BAD 162762845491
BAD 162926547713
BAD 162623821153
BAD 162799543043
BAD 162911537281
BAD 162897062351
BAD 162911687671
BAD 162897062369
BAD 162897062371
BAD 162799923757
BAD 162799923761
BAD 162799923763
BAD 162911759497
BAD 162897149189
BAD 162897318607
BAD 162897318611
BAD 162862080781
BAD 162897318613
BAD 162943419503
BAD 162821425103
BAD 162877478833
BAD 162912006319
BAD 162800241983
BAD 162897418433
BAD 162763416239
BAD 162624638717
BAD 162624638719
BAD 162927551203
BAD 162912203021
BAD 162912203023
BAD 162624772799
BAD 162624772801
BAD 162927640457
BAD 162927640459
BAD 162821546269
BAD 162624805171
BAD 162624805177
BAD 162877832773
BAD 162943788437
BAD 162877832783
BAD 162912294319
BAD 162877832791
BAD 162912294323
BAD 162912312853
BAD 162912312863
BAD 162943830499
BAD 162943830503
BAD 162821690599
BAD 162877971049
BAD 162862419133
BAD 162862419163
BAD 162862419169
BAD 162862419173
BAD 162912475811
BAD 162912475813
BAD 162912597493
BAD 162862514671
BAD 162898219819
BAD 162928463251
BAD 162944198077
BAD 162878278573
BAD 162764015443
BAD 162764016137
BAD 162764016139
BAD 162764016143
BAD 162928528583
BAD 162625262071
BAD 162928707001
BAD 162625262089
BAD 162625262101
BAD 162625262117
BAD 162625262119
BAD 162625262123
BAD 162801295343
BAD 162928778899
BAD 162801329903
BAD 162928907473
BAD 162928985299
BAD 162913127263
BAD 162862893709
BAD 162625610281
BAD 162879459517
BAD 162879537949
BAD 162879581003
BAD 162913817881
BAD 162913817887
BAD 162913817893
BAD 162930053179
BAD 162879727333
BAD 162879727337
BAD 162899504387
BAD 162899504389
BAD 162913914743
BAD 162945434149
BAD 162945434153
BAD 162945434191
BAD 162765051629
BAD 162626453377
BAD 162945814531
BAD 162914228839
BAD 162899813081
BAD 162899845967
BAD 162945891349
BAD 162765109103
BAD 162765110371
BAD 162930909949
BAD 162899949019
BAD 162823099973
BAD 162626640433
BAD 162626640811
BAD 162900011783
BAD 162835446317
BAD 162914521831
BAD 162946162793
BAD 162835567309
BAD 162835567313
BAD 162881079719
BAD 162626922203
BAD 162626929757
BAD 162931317953
BAD 162900325373
BAD 162900325381
BAD 162900325387
BAD 162900325397
BAD 162931421033
BAD 162823386883
BAD 162900516917
BAD 162914988737
BAD 162900556109
BAD 162900556111
BAD 162915061171
BAD 162946742503
BAD 162946742507
BAD 162915211703
BAD 162881863021
BAD 162864396991
BAD 162900783691
BAD 162627860687
BAD 162627860693
BAD 162947027611
BAD 162627925531
BAD 162932108419
BAD 162627968947
BAD 162823839049
BAD 162823839053
BAD 162882135433
BAD 162882135439
BAD 162627998759
BAD 162628099771
BAD 162766297333
BAD 162932521757
BAD 162901450951
BAD 162901450997
BAD 162882656311
BAD 162882656333
BAD 162916049071
BAD 162947740279
BAD 162824258221
BAD 162766563649
BAD 162836692111
BAD 162865068529
BAD 162628938781
BAD 162865204253
BAD 162766680019
BAD 162766680023
BAD 162948119927
BAD 162916470053
BAD 162916470061
BAD 162902219881
BAD 162902219971
BAD 162824454629
BAD 162824454631
BAD 162948254159
BAD 162933407893
BAD 162933407909
BAD 162933553907
BAD 162837108773
BAD 162883609223
BAD 162917010499
BAD 162824966509
BAD 162837205481
BAD 162933787829
BAD 162933787831
BAD 162883869571
BAD 162883869593
BAD 162948860281
BAD 162825092981
BAD 162837270373
BAD 162883906337
BAD 162629873509
BAD 162825174383
BAD 162917247193
BAD 162883906357
BAD 162837270377
BAD 162917247197
BAD 162883906373
BAD 162917247203
BAD 162825194479
BAD 162767605699
BAD 162934164259
BAD 162934164271
BAD 162934164389
BAD 162934164391
BAD 162866437493
BAD 162949537921
BAD 162630260731
BAD 162837542093
BAD 162825529411
BAD 162866681291
BAD 162866681293
BAD 162934636367
BAD 162949838399
BAD 162884450453
BAD 162884450459
BAD 162884450461
BAD 162866919041
BAD 162866919043
BAD 162630906547
BAD 162837822949
BAD 162630906551
BAD 162825843941
BAD 162837823033
BAD 162918415279
BAD 162630906553
BAD 162918561217
BAD 162918572659
BAD 162867286403
BAD 162884840117
BAD 162918622193
BAD 162918622199
BAD 162918622201
BAD 162935359423
BAD 162867353611
BAD 162918726811
BAD 162935482201
BAD 162826195603
BAD 162867475627
BAD 162867475643
BAD 162867475717
BAD 162867475721
BAD 162867475723
BAD 162935615057
BAD 162838089377
BAD 162950910223
BAD 162950910229
BAD 162950910233
BAD 162935651491
BAD 162935651497
BAD 162838154207
BAD 162826507013
BAD 162950958497
BAD 162826507033
BAD 162838154209
BAD 162885247439
BAD 162885247453
BAD 162885247673
BAD 162885255997
BAD 162631586461
BAD 162867852109
BAD 162867852127
BAD 162867852131
BAD 162867852269
BAD 162867852271
BAD 162951239653
BAD 162935975149
BAD 162951318479
BAD 162838376419
BAD 162951448531
BAD 162951448537
BAD 162827006611
BAD 162827125733
BAD 162827125739
BAD 162868285859
BAD 162868285861
BAD 162838673849
BAD 162951896603
BAD 162827370019
BAD 162868419841
BAD 162827444183
BAD 162838796641
BAD 162827444189
BAD 162827444191
BAD 162827444209
BAD 162838996643
BAD 162839128043
BAD 162839162329
BAD 162839162333
BAD 162828205643
BAD 162828205679
BAD 162828205681
BAD 162828205693
BAD 162633092801
BAD 162633092827
BAD 162633199789
BAD 162633199793
BAD 162828456017
BAD 162828506521
BAD 162828506527
BAD 162633986959
BAD 162633986971
BAD 162829228519
BAD 162829769681
BAD 162829769689
BAD 162830121451
BAD 162840749443
BAD 162840749447
BAD 162840872279
BAD 162840872281
BAD 162830587427
BAD 162830587429
BAD 162830591569
BAD 162841114091
BAD 162830890771
BAD 162841157093
BAD 162841209389
BAD 162841209413
BAD 162831358699
BAD 162841542271
BAD 162841769989
BAD 162831719273
BAD 162831719279
BAD 162842056907
BAD 162842179351
BAD 162842239177
BAD 162842440303
BAD 162842623921
BAD 162832823221
BAD 162832823233
BAD 162832823243
BAD 162832880149
BAD 162832880209
BAD 162842863003
BAD 162842863009
BAD 162634034933
BAD 162634034947
BAD 162843565567
BAD 162634837249
BAD 162833760647
BAD 162844421783
BAD 162844421791
BAD 162834448177
BAD 162834448193
BAD 162635717399
BAD 162635717401
BAD 162635885627
BAD 162834864853
BAD 162845053237
BAD 162835069399
BAD 162835069403
BAD 162636274799
BAD 162835157861
BAD 162835243037
BAD 162835243063
BAD 162636436163
BAD 162845803531
BAD 162636796417
BAD 162636796423
BAD 162637220267
BAD 162637220269
BAD 162637243633
BAD 162846512263
BAD 162846602389
BAD 162847332919
BAD 162638503931
BAD 162638503933
BAD 162638504089
BAD 162847683997
BAD 162639069191
BAD 162848474671
BAD 162848826467
BAD 162801893003
BAD 162801893027
BAD 162849710993
BAD 162801963197
BAD 162801963199
BAD 162640255597
BAD 162640255601
BAD 162954203941
BAD 162954203963
BAD 162954313967
BAD 162954313969
BAD 162640727033
BAD 162850420883
BAD 162850772899
BAD 162955207601
BAD 162955207603
BAD 162955207607
BAD 162851062211
BAD 162802923683
BAD 162802923691
BAD 162955627999
BAD 162955640891
BAD 162955640893
BAD 162851357819
BAD 162851357821
BAD 162851404381
BAD 162851405729
BAD 162955842253
BAD 162851517293
BAD 162641883473
BAD 162955853057
BAD 162851579663
BAD 162851903153
BAD 162851903161
BAD 162851903171
BAD 162851903173
BAD 162851925581
BAD 162851925583
BAD 162852106853
BAD 162956451143
BAD 162956485477
BAD 162956523563
BAD 162956523593
BAD 162956548597
BAD 162956548603
BAD 162667816483
BAD 162804046109
BAD 162667831429
BAD 162956872009
BAD 162956875463
BAD 162667973861
BAD 162667973863
BAD 162957061361
BAD 162957061363
BAD 162804370753
BAD 162643521869
BAD 162643521871
BAD 162643854869
BAD 162643854871
BAD 162957888161
BAD 162804945103
BAD 162668833603
BAD 162644000767
BAD 162644045521
BAD 162644045539
BAD 162644045747
BAD 162644045749
BAD 162805222219
BAD 162805267847
BAD 162805277329
BAD 162805278197
BAD 162805278199
BAD 162805278203
BAD 162805307419
BAD 162805324237
BAD 162805325393
BAD 162958434853
BAD 162669143803
BAD 162644437789
BAD 162644437919
BAD 162669297121
BAD 162669297143
BAD 162644701763
BAD 162644701771
BAD 162644701777
BAD 162669388033
BAD 162669388043
BAD 162669444043
BAD 162669463769
BAD 162958822933
BAD 162669463771
BAD 162644898653
BAD 162805829513
BAD 162669504331
BAD 162669504391
BAD 162806046889
BAD 162806289983
BAD 162645588487
BAD 162959674939
BAD 162670538257
BAD 162959806231
BAD 162959897453
BAD 162646052167
BAD 162646154227
BAD 162646154243
BAD 162646154249
BAD 162646154273
BAD 162646160659
BAD 162670988671
BAD 162960164099
BAD 162671151193
BAD 162960341527
BAD 162960379133
BAD 162646542083
BAD 162646693093
BAD 162807850063
BAD 162646782061
BAD 162807920213
BAD 162808026691
BAD 162671775751
BAD 162961015957
BAD 162671775757
BAD 162671901577
BAD 162672096173
BAD 162672096179
BAD 162647717543
BAD 162961571693
BAD 162672722087
BAD 162672722089
BAD 162808871509
BAD 162808871513
BAD 162673046791
BAD 162673046797
BAD 162809057603
BAD 162962300693
BAD 162962545687
BAD 162962545693
BAD 162809591687
BAD 162809591689
BAD 162673745207
BAD 162673745209
BAD 162810310643
BAD 162649429561
BAD 162649429577
BAD 162649445977
BAD 162674816663
BAD 162674825821
BAD 162674825827
BAD 162674825947
BAD 162650017841
BAD 162811372939
BAD 162650017843
BAD 162964911173
BAD 162811372943
BAD 162964918913
BAD 162674844931
BAD 162674944231
BAD 162674944241
BAD 162650157367
BAD 162675007357
BAD 162965161759
BAD 162811920941
BAD 162965811871
BAD 162965811881
BAD 162812446681
BAD 162966014699
BAD 162966014719
BAD 162966356363
BAD 162966356401
BAD 162676401271
BAD 162676534939
BAD 162813408449
BAD 162813408451
BAD 162676691041
BAD 162967021561
BAD 162676836983
BAD 162676892407
BAD 162967177459
BAD 162967177463
BAD 162814288421
BAD 162677308081
BAD 162814288423
BAD 162814288433
BAD 162677308091
BAD 162677308093
BAD 162677308099
BAD 162677308103
BAD 162814649069
BAD 162814649071
BAD 162814722199
BAD 162677723743
BAD 162967897951
BAD 162967897957
BAD 162967897993
BAD 162967897999
BAD 162967903853
BAD 162968076647
BAD 162968651179
BAD 162968651203
BAD 162968651207
BAD 162815778067
BAD 162815778091
BAD 162815862863
BAD 162816243539
BAD 162969122873
BAD 162969307289
BAD 162969353389
BAD 162816549113
BAD 162679449701
BAD 162816919169
BAD 162679449703
BAD 162816919171
BAD 162679449707
BAD 162817199359
BAD 162817241129
BAD 162817241131
BAD 162817241137
BAD 162817241273
BAD 162817321531
BAD 162818033537
BAD 162818207809
BAD 162680823803
BAD 162681148327
BAD 162681273661
BAD 162681273673
BAD 162681406141
BAD 162681543811
BAD 162681595553
BAD 162682450849
BAD 162682738891
BAD 162682969093
BAD 162683384077
BAD 162683613383
BAD 162683800481
BAD 162683800483
BAD 162969907231
BAD 162971353933
BAD 162971628803
BAD 162971667877
BAD 162986622319
BAD 162971969339
BAD 162971969341
BAD 162987131033
BAD 162972432677
BAD 162972485113
BAD 162972485119
BAD 162972899899
BAD 162972933049
BAD 162987943553
BAD 162973331179
BAD 162973331203
BAD 162988331327
BAD 162988331329
BAD 162988887241
BAD 162988887247
BAD 162990096029
BAD 162990096079
BAD 162990216553
BAD 162991435303
BAD 162991719749
BAD 162992272543
BAD 162992353367
BAD 162992916707
BAD 162992950427
BAD 162993435271
BAD 162993592669
BAD 162993727051
BAD 162974742841
BAD 162975144271
BAD 162994800457
BAD 162975507451
BAD 162975507463
BAD 162975507481
BAD 162976043407
BAD 162977139397
BAD 162977139407
BAD 162977275609
BAD 162977423207
BAD 162977423209
BAD 162977827499
BAD 162977908021
BAD 162997214927
BAD 162997214929
BAD 162997588163
BAD 162997798433
BAD 162997798441
BAD 162997804399
BAD 162998216999
BAD 162998217001
BAD 162998217007
BAD 162998284849
BAD 162998714029
BAD 162999035167
BAD 162999478471
BAD 162999541889
BAD 162999541891
BAD 162999541897
BAD 162999703159
BAD 162999785701
BAD 162999980753
BAD 163000305031
BAD 163000756579
BAD 163000756601
BAD 163000756603
BAD 163001208913
BAD 163001222239
BAD 163002045781
BAD 163002384893
BAD 163002384913
BAD 162978022861
BAD 162978022877
BAD 162978895283
BAD 162979025779
BAD 162979351501
BAD 162980987003
BAD 162981060433
BAD 162981789833
BAD 162981870959
BAD 162982584937
BAD 162982584949
BAD 162982653023
BAD 162983167357
BAD 162983167381
BAD 162983167393
BAD 162983470109
BAD 162983864209
BAD 162983864213
BAD 162984232207
BAD 162984232237
BAD 162984459713
BAD 162985534013
BAD 162985534027
BAD 162985647689
BAD 162985647691
BAD 162985647701
BAD 162985647703
BAD 162985976737
BAD 162986118349
BAD 163036923043
BAD 163036990411
BAD 163036990499
BAD 163036990583
BAD 163037201923
BAD 163037201927
BAD 163038080827
BAD 163038080833
BAD 163038457613
BAD 163038457741
BAD 163038457753
BAD 163038896003
BAD 163039353413
BAD 163040218531
BAD 163040218543
BAD 163040218553
BAD 163040725543
BAD 163041219773
BAD 163041271937
BAD 163042667153
BAD 163043567069
BAD 163043567077
BAD 163043567081
BAD 163043650249
BAD 163044585113
BAD 163044866983
BAD 163044866987
BAD 163045479481
BAD 163045736563
BAD 163046000483
BAD 163046279951
BAD 163046279953
BAD 163046279959
BAD 163046367251
BAD 163046367257
BAD 163046367259
BAD 163046367271
BAD 163046367299
BAD 163154504567
BAD 163154504573
BAD 163154604133
BAD 163154604139
BAD 163154604161
BAD 163047126997
BAD 163047201907
BAD 163047201913
BAD 163155031231
BAD 163155281327
BAD 163155281329
BAD 163155383669
BAD 163155510053
BAD 163155510061
BAD 163048158319
BAD 163048401811
BAD 163155982153
BAD 163155982201
BAD 163049054071
BAD 163049054101
BAD 163049350493
BAD 163049350501
BAD 163157105077
BAD 163157301787
BAD 163157301793
BAD 163157301917
BAD 163157301919
BAD 163050186227
BAD 163338927649
BAD 163050538463
BAD 163157707201
BAD 163339297909
BAD 163339866637
BAD 163339866649
BAD 163339866661
BAD 163339866673
BAD 163051074619
BAD 163051074623
BAD 163051112467
BAD 163051112473
BAD 163158889253
BAD 163158889261
BAD 163051634033
BAD 163051634071
BAD 163341193583
BAD 163137819469
BAD 163003218113
BAD 163341193597
BAD 163341193661
BAD 163341193663
BAD 163137819473
BAD 163341193669
BAD 163137819499
BAD 163003218121
BAD 163003218139
BAD 163137831097
BAD 163051894459
BAD 163003500277
BAD 163003506671
BAD 163003600163
BAD 163052447489
BAD 163052447491
BAD 163138808887
BAD 163342137559
BAD 163052836159
BAD 163138974877
BAD 163138974881
BAD 163138974883
BAD 163052840669
BAD 163052840677
BAD 163342196201
BAD 163342196221
BAD 163052914291
BAD 163053135307
BAD 163004743723
BAD 163140106589
BAD 163140106609
BAD 163342482487
BAD 163004806849
BAD 163342627649
BAD 163053335021
BAD 163053335023
BAD 163342699301
BAD 163342880783
BAD 163343038531
BAD 163141211587
BAD 163141211591
BAD 163141211593
BAD 163141317953
BAD 163141317959
BAD 163141317961
BAD 163005879557
BAD 163005879559
BAD 163005879563
BAD 163141712179
BAD 163070292197
BAD 163070292199
BAD 163344068551
BAD 163344231929
BAD 163344231931
BAD 163006080901
BAD 163344641963
BAD 163344642023
BAD 163344642079
BAD 163142676247
BAD 163006537933
BAD 163344659861
BAD 163344663901
BAD 163071127523
BAD 163142725703
BAD 163071165113
BAD 163071165149
BAD 163071165151
BAD 163142780131
BAD 163006826713
BAD 163142849161
BAD 163071349459
BAD 163142963063
BAD 163143205583
BAD 163071785671
BAD 163344973711
BAD 163344973721
BAD 163344973723
BAD 163143389063
BAD 163345103027
BAD 163345103029
BAD 163345132501
BAD 163143639823
BAD 163143679889
BAD 163143679891
BAD 163159598887
BAD 163143744791
BAD 163143744793
BAD 163143771409
BAD 163008112877
BAD 163159675141
BAD 163008314173
BAD 163345882753
BAD 163345882757
BAD 163345882759
BAD 163345882801
BAD 163345882807
BAD 163345911349
BAD 163072780883
BAD 163008625253
BAD 163008645139
BAD 163008645143
BAD 163073352307
BAD 163073352419
BAD 163073352427
BAD 163073352433
BAD 163073507749
BAD 163221687269
BAD 163073922961
BAD 163073923003
BAD 163073923021
BAD 163073923027
BAD 163074026839
BAD 163074026851
BAD 163009616437
BAD 163074107149
BAD 163074120373
BAD 163009908181
BAD 163009908221
BAD 163074587539
BAD 163160915089
BAD 163009908223
BAD 163222479073
BAD 163074623059
BAD 163347520733
BAD 163009929583
BAD 163074669379
BAD 163074669383
BAD 163347570209
BAD 163347623303
BAD 163347623311
BAD 163347623323
BAD 163347623333
BAD 163347623381
BAD 163347623407
BAD 163074804091
BAD 163074804097
BAD 163074804107
BAD 163347754651
BAD 163222729973
BAD 163010143861
BAD 163010143873
BAD 163222849613
BAD 163075027943
BAD 163075027957
BAD 163010241397
BAD 163348077359
BAD 163075289779
BAD 163348261189
BAD 163348261201
BAD 163075886531
BAD 163010425339
BAD 163161875131
BAD 163224124667
BAD 163171130813
BAD 163224124729
BAD 163010475161
BAD 163010475163
BAD 163010564033
BAD 163010564047
BAD 163010564071
BAD 163010670679
BAD 163348530011
BAD 163162127911
BAD 163348638511
BAD 163171500029
BAD 163171500031
BAD 163010960557
BAD 163348759381
BAD 163011073369
BAD 163224623101
BAD 163171683721
BAD 163011202903
BAD 163011202909
BAD 163162500559
BAD 163076854847
BAD 163076854849
BAD 163224848333
BAD 163077032681
BAD 163077032683
BAD 163225808761
BAD 163349634197
BAD 163164409039
BAD 163012982501
BAD 163349634199
BAD 163077032689
BAD 163077032711
BAD 163013070361
BAD 163349745799
BAD 163077173269
BAD 163164574777
BAD 163164574789
BAD 163164766183
BAD 163172091241
BAD 163172158013
BAD 163172158033
BAD 163013635339
BAD 163013745281
BAD 163013964583
BAD 163013964587
BAD 163014054967
BAD 163014055079
BAD 163014055081
BAD 163350696811
BAD 163226926613
BAD 163226926627
BAD 163350929899
BAD 163172992189
BAD 163014624049
BAD 163351158193
BAD 163166543207
BAD 163145609387
BAD 163078700273
BAD 163016058661
BAD 163166543209
BAD 163351158197
BAD 163078785853
BAD 163145706343
BAD 163145706349
BAD 163145859229
BAD 163145859241
BAD 163079062121
BAD 163351588501
BAD 163146234571
BAD 163146234577
BAD 163079326651
BAD 163016917381
BAD 163017077143
BAD 163017077147
BAD 163017077149
BAD 163017101567
BAD 163017101579
BAD 163017101581
BAD 163173396361
BAD 163173487549
BAD 163173487553
BAD 163017271537
BAD 163017271541
BAD 163017271561
BAD 163079710733
BAD 163017518869
BAD 163168032967
BAD 163173892129
BAD 163146979049
BAD 163168032977
BAD 163168032983
BAD 163147057309
BAD 163173971179
BAD 163173971183
BAD 163173971189
BAD 163147062979
BAD 163147062983
BAD 163173978631
BAD 163173978637
BAD 163017708743
BAD 163017708751
BAD 163017708769
BAD 163079892721
BAD 163079892727
BAD 163147183553
BAD 163168249529
BAD 163174303307
BAD 163174303309
BAD 163352898727
BAD 163080321331
BAD 163147596901
BAD 163352977231
BAD 163352977253
BAD 163018391551
BAD 163080610351
BAD 163018666543
BAD 163148206411
BAD 163353641719
BAD 163353641723
BAD 163018899419
BAD 163169763721
BAD 163148561453
BAD 163148593523
BAD 163148593529
BAD 163353996859
BAD 163148601887
BAD 163148601893
BAD 163175339927
BAD 163019154721
BAD 163354031909
BAD 163081333403
BAD 163175714213
BAD 163175865443
BAD 163175865451
BAD 163081771487
BAD 163227393929
BAD 163354553497
BAD 163149520909
BAD 163227664367
BAD 163227664373
BAD 163227668587
BAD 163227668627
BAD 163227668629
BAD 163227731987
BAD 163227850309
BAD 163149764873
BAD 163227923863
BAD 163082559931
BAD 163082586241
BAD 163082714479
BAD 163228226899
BAD 163150081673
BAD 163150081681
BAD 163228296661
BAD 163228296667
BAD 163082993263
BAD 163150233721
BAD 163150233737
BAD 163150233739
BAD 163176951407
BAD 163176951409
BAD 163176971843
BAD 163083165887
BAD 163083229691
BAD 163083287251
BAD 163177194533
BAD 163228667551
BAD 163150549043
BAD 163150549073
BAD 163150549099
BAD 163150549103
BAD 163177234733
BAD 163150580273
BAD 163150580309
BAD 163150580311
BAD 163177439533
BAD 163229059249
BAD 163229059291
BAD 163083772471
BAD 163177913233
BAD 163151216009
BAD 163229598347
BAD 163229655781
BAD 163229655791
BAD 163229655913
BAD 163229791213
BAD 163229791279
BAD 163084374953
BAD 163178582663
BAD 163084935163
BAD 163230193369
BAD 163178779349
BAD 163178779373
BAD 163151942383
BAD 163151942389
BAD 163230360983
BAD 163178936989
BAD 163179038311
BAD 163230741703
BAD 163179143767
BAD 163179163951
BAD 163179163981
BAD 163086379877
BAD 163230972301
BAD 163231131533
BAD 163086675151
BAD 163231131541
BAD 163179494287
BAD 163322079799
BAD 163231178093
BAD 163086718591
BAD 163179566861
BAD 163231221221
BAD 163086798001
BAD 163153377229
BAD 163153522339
BAD 163153594127
BAD 163153594159
BAD 163153594169
BAD 163153594171
BAD 163153594231
BAD 163231654933
BAD 163231654939
BAD 163231654951
BAD 163180156807
BAD 163180156819
BAD 163187853077
BAD 163323183181
BAD 163232230331
BAD 163232230333
BAD 163232327207
BAD 163232327213
BAD 163180610909
BAD 163180610911
BAD 163180610917
BAD 163324018079
BAD 163233226633
BAD 163233226643
BAD 163188628489
BAD 163188628543
BAD 163188640633
BAD 163324147111
BAD 163233458657
BAD 163233458659
BAD 163324251301
BAD 163233596359
BAD 163233596363
BAD 163233596371
BAD 163181304763
BAD 163233874721
BAD 163324761839
BAD 163324761841
BAD 163234163227
BAD 163234163237
BAD 163234248721
BAD 163234248733
BAD 163234248739
BAD 163234248743
BAD 163181591317
BAD 163325262497
BAD 163234565419
BAD 163234596923
BAD 163189425673
BAD 163234662991
BAD 163234685591
BAD 163325516449
BAD 163181979979
BAD 163234910857
BAD 163234910879
BAD 163325567693
BAD 163182295621
BAD 163182298151
BAD 163235496433
BAD 163235732221
BAD 163182800971
BAD 163182814693
BAD 163182814699
BAD 163182814703
BAD 163182814709
BAD 163183269211
BAD 163236937363
BAD 163190648129
BAD 163326930937
BAD 163326930947
BAD 163327084079
BAD 163327126519
BAD 163237373821
BAD 163190859751
BAD 163190887879
BAD 163190887883
BAD 163327241747
BAD 163183705991
BAD 163237622567
BAD 163183854683
BAD 163184018033
BAD 163191222379
BAD 163327774171
BAD 163191259537
BAD 163184667389
BAD 163184667391
BAD 163184875213
BAD 163191615253
BAD 163191744811
BAD 163185298141
BAD 163185298231
BAD 163328411959
BAD 163328458157
BAD 163328458159
BAD 163328458177
BAD 163328467243
BAD 163185677953
BAD 163186052891
BAD 163186052893
BAD 163186052899
BAD 163186052903
BAD 163186144447
BAD 163186144453
BAD 163186306859
BAD 163186306861
BAD 163187190811
BAD 163192883629
BAD 163330218019
BAD 163193354183
BAD 163193354213
BAD 163330342741
BAD 163330399711
BAD 163120775443
BAD 163330399717
BAD 163330445753
BAD 163121065537
BAD 163330688221
BAD 163121261873
BAD 163330973909
BAD 163194045041
BAD 163121575147
BAD 163121923177
BAD 163331368357
BAD 163331368363
BAD 163122334699
BAD 163331754049
BAD 163122764449
BAD 163122788467
BAD 163332414043
BAD 163332507139
BAD 163255326967
BAD 163123391623
BAD 163255355623
BAD 163195167241
BAD 163255563791
BAD 163255563797
BAD 163255563799
BAD 163123841609
BAD 163123961593
BAD 163124267521
BAD 163195577791
BAD 163256291633
BAD 163124532229
BAD 163256291647
BAD 163333956113
BAD 163238145853
BAD 163195875383
BAD 163238145883
BAD 163238145887
BAD 163334003383
BAD 163334003431
BAD 163334003641
BAD 163334033803
BAD 163195980329
BAD 163195980331
BAD 163238356459
BAD 163238469811
BAD 163238469817
BAD 163238813993
BAD 163238814007
BAD 163125048899
BAD 163125048901
BAD 163125048907
BAD 163125085009
BAD 163125085021
BAD 163334332009
BAD 163239174289
BAD 163239174299
BAD 163239174331
BAD 163239174337
BAD 163196498351
BAD 163334453461
BAD 163357267303
BAD 163125487573
BAD 163240115327
BAD 163196570011
BAD 163125487597
BAD 163334470643
BAD 163357336123
BAD 163334522933
BAD 163240210093
BAD 163240210103
BAD 163240316623
BAD 163240343641
BAD 163334644961
BAD 163125710989
BAD 163125711029
BAD 163125711031
BAD 163125711043
BAD 163125711053
BAD 163125711059
BAD 163125711061
BAD 163196773081
BAD 163125826691
BAD 163125826693
BAD 163125826771
BAD 163125897631
BAD 163125913523
BAD 163125953009
BAD 163240779523
BAD 163240779529
BAD 163126137443
BAD 163358739547
BAD 163204903009
BAD 163197892111
BAD 163241070829
BAD 163126137451
BAD 163257655181
BAD 163126137469
BAD 163197895061
BAD 163358871673
BAD 163358871677
BAD 163358871679
BAD 163205028793
BAD 163205028797
BAD 163126272251
BAD 163257804121
BAD 163241233349
BAD 163241233613
BAD 163205093663
BAD 163359103471
BAD 163359103477
BAD 163241486281
BAD 163205410441
BAD 163205616019
BAD 163198931167
BAD 163198931191
BAD 163198990679
BAD 163258727057
BAD 163205850991
BAD 163359891697
BAD 163258727059
BAD 163206297389
BAD 163199506633
BAD 163305826403
BAD 163335173569
BAD 163242086401
BAD 163206297391
BAD 163258727063
BAD 163242086537
BAD 163360309621
BAD 163360309691
BAD 163360309699
BAD 163199654593
BAD 163360463183
BAD 163360575619
BAD 163360624447
BAD 163242528331
BAD 163360697509
BAD 163335681703
BAD 163259157713
BAD 163306371323
BAD 163200083023
BAD 163200083027
BAD 163200083029
BAD 163200083087
BAD 163200083089
BAD 163200083213
BAD 163206757607
BAD 163259201689
BAD 163259218867
BAD 163259312459
BAD 163200288241
BAD 163307849483
BAD 163259312477
BAD 163242865883
BAD 163259312479
BAD 163336131337
BAD 163259312483
BAD 163307849489
BAD 163361019673
BAD 163307849491
BAD 163336244143
BAD 163206876073
BAD 163200428341
BAD 163259538473
BAD 163200613243
BAD 163243312181
BAD 163243312189
BAD 163259917259
BAD 163336377983
BAD 163336377991
BAD 163243472113
BAD 163243507351
BAD 163361706133
BAD 163243654381
BAD 163243654433
BAD 163308648079
BAD 163260299183
BAD 163207920413
BAD 163361972933
BAD 163361973013
BAD 163361973023
BAD 163260400453
BAD 163336890803
BAD 163201253063
BAD 163336890809
BAD 163201253069
BAD 163201253071
BAD 163208255911
BAD 163260589549
BAD 163337189311
BAD 163244311303
BAD 163244311309
BAD 163244311313
BAD 163244311327
BAD 163244311369
BAD 163337430677
BAD 163337436973
BAD 163337436979
BAD 163337450099
BAD 163362401429
BAD 163362401431
BAD 163362401437
BAD 163244590627
BAD 163309234159
BAD 163362456011
BAD 163261008283
BAD 163337620123
BAD 163201767163
BAD 163209242363
BAD 163209242369
BAD 163209242377
BAD 163261371529
BAD 163244901829
BAD 163272870851
BAD 163127542069
BAD 163309555733
BAD 163362689701
BAD 163272870853
BAD 163362689731
BAD 163127665823
BAD 163309654801
BAD 163309654819
BAD 163309654831
BAD 163309682663
BAD 163309682743
BAD 163309725121
BAD 163309725127
BAD 163309725133
BAD 163127815007
BAD 163127815009
BAD 163309762247
BAD 163309762249
BAD 163261609507
BAD 163245288959
BAD 163245288961
BAD 163245350813
BAD 163309928123
BAD 163128184291
BAD 163261935533
BAD 163261935559
BAD 163261935563
BAD 163363825441
BAD 163103867191
BAD 163273490213
BAD 163310888149
BAD 163128440947
BAD 163245864863
BAD 163273490227
BAD 163209780289
BAD 163288487339
BAD 163202476793
BAD 163363825459
BAD 163288512841
BAD 163310944681
BAD 163363886593
BAD 163245928999
BAD 163245929003
BAD 163246076113
BAD 163288759531
BAD 163128684553
BAD 163128684557
BAD 163128684559
BAD 163128684571
BAD 163288793851
BAD 163128684583
BAD 163128684613
BAD 163288814333
BAD 163311158419
BAD 163202738203
BAD 163202738213
BAD 163246175903
BAD 163202823127
BAD 163104280063
BAD 163246176103
BAD 163104280069
BAD 163364026361
BAD 163202877931
BAD 163202886887
BAD 163104367969
BAD 163104367973
BAD 163104367981
BAD 163289183053
BAD 163289183059
BAD 163289183063
BAD 163274107231
BAD 163274107237
BAD 163203050267
BAD 163203050303
BAD 163262646671
BAD 163210515973
BAD 163364287637
BAD 163246586231
BAD 163246586233
BAD 163289442973
BAD 163129229843
BAD 163129229849
BAD 163129229863
BAD 163104742711
BAD 163246720397
BAD 163210743121
BAD 163364663953
BAD 163263135887
BAD 163104956899
BAD 163364663963
BAD 163263135979
BAD 163263135983
BAD 163263151069
BAD 163129527037
BAD 163129527049
BAD 163129527053
BAD 163105075919
BAD 163129650329
BAD 163129650331
BAD 163129650337
BAD 163263359747
BAD 163263359761
BAD 163312120639
BAD 163263455431
BAD 163290282817
BAD 163290282821
BAD 163290282823
BAD 163211411689
BAD 163312302523
BAD 163312302529
BAD 163312302533
BAD 163211477311
BAD 163105274611
BAD 163365255143
BAD 163365255149
BAD 163365255173
BAD 163130046371
BAD 163263906593
BAD 163290355133
BAD 163263906599
BAD 163105449469
BAD 163263906601
BAD 163211756663
BAD 163105449473
BAD 163290380353
BAD 163130132317
BAD 163263980359
BAD 163211865647
BAD 163130322269
BAD 163290559141
BAD 163290559147
BAD 163248131089
BAD 163264316927
BAD 163248131107
BAD 163248155773
BAD 163130496553
BAD 163264361699
BAD 163264596059
BAD 163264596067
BAD 163248431729
BAD 163105964107
BAD 163130858357
BAD 163130888941
BAD 163313784653
BAD 163313784661
BAD 163248717791
BAD 163248717817
BAD 163020637951
BAD 163366849111
BAD 163314191059
BAD 163291256143
BAD 163314191063
BAD 163291256147
BAD 163291256173
BAD 163291262377
BAD 163291262383
BAD 163291262389
BAD 163366873913
BAD 163366964591
BAD 163131276887
BAD 163131367297
BAD 163314504083
BAD 163314504091
BAD 163314504097
BAD 163020929581
BAD 163291607131
BAD 163291607137
BAD 163367349731
BAD 163314714749
BAD 163314714769
BAD 163314729113
BAD 163106772419
BAD 163106772421
BAD 163277494537
BAD 163131418997
BAD 163131418999
BAD 163213639649
BAD 163213639651
BAD 163131550951
BAD 163131550963
BAD 163131550973
BAD 163314992419
BAD 163314992473
BAD 163021393573
BAD 163266095791
BAD 163266095801
BAD 163266095833
BAD 163367698133
BAD 163021606351
BAD 163021606361
BAD 163315243339
BAD 163266324391
BAD 163021724513
BAD 163315395041
BAD 163315395043
BAD 163315395083
BAD 163266459619
BAD 163266459623
BAD 163266459691
BAD 163368183073
BAD 163368183079
BAD 163132219891
BAD 163132219897
BAD 163315686473
BAD 163315704953
BAD 163368339707
BAD 163368339709
BAD 163368339713
BAD 163315998173
BAD 163132544191
BAD 163132544209
BAD 163250079143
BAD 163107850253
BAD 163107850261
BAD 163316182069
BAD 163316182093
BAD 163292924623
BAD 163292924629
BAD 163292935789
BAD 163022770879
BAD 163022770907
BAD 163278580763
BAD 163278580789
BAD 163278580793
BAD 163278580799
BAD 163250590933
BAD 163316434433
BAD 163267532123
BAD 163278745463
BAD 163278745471
BAD 163369058273
BAD 163278773311
BAD 163278852301
BAD 163278852313
BAD 163278852323
BAD 163278852329
BAD 163267838779
BAD 163267838791
BAD 163108234517
BAD 163316953099
BAD 163279073183
BAD 163316953103
BAD 163108234519
BAD 163293978149
BAD 163251738863
BAD 163134200407
BAD 163087995017
BAD 163369953259
BAD 163293978151
BAD 163087995019
BAD 163279073213
BAD 163279073233
BAD 163369953269
BAD 163215444793
BAD 163134355343
BAD 163370059351
BAD 163370059361
BAD 163215483551
BAD 163251912181
BAD 163108422691
BAD 163279258823
BAD 163279258847
BAD 163279258873
BAD 163134567523
BAD 163134567529
BAD 163252040267
BAD 163252040269
BAD 163317422273
BAD 163294446079
BAD 163108782691
BAD 163317422287
BAD 163279636253
BAD 163294446083
BAD 163252249453
BAD 163279636259
BAD 163252249471
BAD 163216271483
BAD 163216271489
BAD 163294498483
BAD 163294498487
BAD 163294498489
BAD 163279742389
BAD 163317510071
BAD 163317510073
BAD 163370450413
BAD 163370450429
BAD 163216430879
BAD 163216447057
BAD 163252549147
BAD 163252549157
BAD 163317655873
BAD 163089482477
BAD 163370757127
BAD 163370757139
BAD 163317842071
BAD 163109127253
BAD 163280244563
BAD 163253142253
BAD 163280765959
BAD 163023843217
BAD 163109934041
BAD 163371586387
BAD 163217030429
BAD 163253142257
BAD 163318878169
BAD 163295291671
BAD 163253142259
BAD 163136614583
BAD 163253142263
BAD 163136614673
BAD 163319003677
BAD 163090342463
BAD 163217165863
BAD 163253402581
BAD 163371961607
BAD 163371961609
BAD 163090667791
BAD 163253554643
BAD 163372036783
BAD 163253590193
BAD 163319471101
BAD 163319505553
BAD 163372136273
BAD 163372136287
BAD 163372136293
BAD 163269313873
BAD 163253673383
BAD 163253707621
BAD 163295904049
BAD 163217840839
BAD 163295904053
BAD 163024842301
BAD 163217840843
BAD 163295904059
BAD 163295904061
BAD 163319947423
BAD 163269648233
BAD 163024900037
BAD 163024900039
BAD 163024900067
BAD 163024900069
BAD 163110810803
BAD 163253841931
BAD 163253841937
BAD 163110883547
BAD 163320161993
BAD 163253911133
BAD 163269943147
BAD 163282087127
BAD 163254071683
BAD 163282161271
BAD 163296412711
BAD 163025437313
BAD 163025453309
BAD 163025485507
BAD 163091946307
BAD 163091946313
BAD 163091946379
BAD 163111733833
BAD 163091946383
BAD 163320996809
BAD 163296833783
BAD 163025593673
BAD 163320996829
BAD 163320996833
BAD 163270741597
BAD 163218918371
BAD 163218918383
BAD 163270858489
BAD 163270858493
BAD 163025856263
BAD 163112004353
BAD 163283081981
BAD 163271202053
BAD 163092486647
BAD 163297434767
BAD 163297434791
BAD 163297434793
BAD 163271361667
BAD 163092636613
BAD 163092636631
BAD 163026324467
BAD 163026324469
BAD 163092784549
BAD 163219853683
BAD 163092867559
BAD 163219853803
BAD 163092867571
BAD 163283859131
BAD 163219853813
BAD 163026618511
BAD 163297758227
BAD 163283859133
BAD 163297758229
BAD 163027402441
BAD 163027500067
BAD 163220561333
BAD 163298647937
BAD 163284861413
BAD 163093779229
BAD 163220821007
BAD 163220821009
BAD 163114073953
BAD 163114073963
BAD 163114073971
BAD 163299102973
BAD 163285305593
BAD 163028018359
BAD 163285483111
BAD 163285496513
BAD 163299483733
BAD 163299483751
BAD 163299598621
BAD 163114649041
BAD 163114855441
BAD 163028754743
BAD 163299912109
BAD 163299912187
BAD 163094538427
BAD 163299912203
BAD 163286156557
BAD 163029011281
BAD 163299947821
BAD 163115173283
BAD 163286430127
BAD 163029333547
BAD 163094814151
BAD 163029333601
BAD 163094814167
BAD 163115458463
BAD 163286734477
BAD 163286761123
BAD 163115705023
BAD 163115705029
BAD 163029654721
BAD 163115952193
BAD 163287201481
BAD 163300753817
BAD 163030091467
BAD 163030091473
BAD 163116137101
BAD 163116137143
BAD 163116174031
BAD 163300819433
BAD 163300844249
BAD 163300844251
BAD 163300885073
BAD 163030270631
BAD 163030270633
BAD 163030270639
BAD 163030270643
BAD 163030334251
BAD 163030334303
BAD 163301200613
BAD 163288122199
BAD 163095999203
BAD 163095999211
BAD 163288212193
BAD 163096147399
BAD 163096147411
BAD 163096224803
BAD 163096224857
BAD 163096224859
BAD 163301672357
BAD 163301672363
BAD 163117468531
BAD 163096510903
BAD 163302140893
BAD 163096791523
BAD 163302343511
BAD 163117888169
BAD 163117971917
BAD 163118042873
BAD 163302692039
BAD 163302692041
BAD 163031722853
BAD 163031722859
BAD 163118415223
BAD 163118415227
BAD 163097609201
BAD 163097609203
BAD 163097609209
BAD 163098149197
BAD 163098149213
BAD 163118810149
BAD 163118930243
BAD 163032614333
BAD 163303948169
BAD 163032634073
BAD 163032634081
BAD 163119032863
BAD 163119032971
BAD 163119032983
BAD 163098466579
BAD 163119203629
BAD 163119203633
BAD 163098679897
BAD 163098679943
BAD 163098719237
BAD 163304450731
BAD 163304450761
BAD 163098986077
BAD 163099026583
BAD 163099199041
BAD 163033363159
BAD 163033433221
BAD 163120014389
BAD 163120014391
BAD 163120014403
BAD 163099747093
BAD 163099747183
BAD 163120080379
BAD 163120080421
BAD 163099840171
BAD 163033913569
BAD 163033913573
BAD 163033913579
BAD 163034038291
BAD 163034490403
BAD 163100651083
BAD 163100723263
BAD 163100790599
BAD 163100829691
BAD 163035013459
BAD 163035137843
BAD 163035187853
BAD 163035395933
BAD 163101431299
BAD 163101431303
BAD 163035768947
BAD 163035768949
BAD 163035768953
BAD 163035768983
BAD 163035775717
BAD 163035775723
BAD 163035796613
BAD 163102135519
BAD 163102325017
BAD 163102561103
BAD 163103144993
BAD 163054137691
BAD 163054680289
BAD 163054680293
BAD 163054739863
BAD 163054739867
BAD 163054739909
BAD 163055011529
BAD 163055011531
BAD 163055135989
BAD 163055797231
BAD 163056369169
BAD 163056369181
BAD 163056695383
BAD 163056695387
BAD 163057488991
BAD 163057504711
BAD 163057504723
BAD 163057732921
BAD 163057773667
BAD 163057856197
BAD 163057862153
BAD 163058566291
BAD 163059108467
BAD 163059108469
BAD 163059108473
BAD 163059108481
BAD 163059108493
BAD 163059108497
BAD 163059108503
BAD 163059755801
BAD 163059976381
BAD 163060094881
BAD 163060800841
BAD 163060800853
BAD 163061312497
BAD 163062398119
BAD 163062398123
BAD 163063574171
BAD 163063574173
BAD 163063574197
BAD 163063587503
BAD 163063587523
BAD 163063899857
BAD 163063899863
BAD 163063899881
BAD 163063899883
BAD 163064149847
BAD 163064149849
BAD 163064149883
BAD 163064149891
BAD 163064149903
BAD 163064533279
BAD 163064533297
BAD 163065222037
BAD 163065617279
BAD 163065617321
BAD 163065730327
BAD 163065730339
BAD 163065730343
BAD 163066400227
BAD 163066522909
BAD 163066907149
BAD 163067262739
BAD 163067614649
BAD 163067877277
BAD 163067964251
BAD 163068442429
BAD 163069068361
BAD 163069068373
BAD 163069068377
BAD 163070177561
BAD 163070177563
BAD 163070177623
BAD 163372808003
BAD 163372883671
BAD 163373005099
BAD 163373371523
BAD 163373371561
BAD 163373513767
BAD 163373903267
BAD 163374021079
BAD 163374273203
BAD 163374545573
BAD 163374715129
BAD 163375145123
BAD 163375145137
BAD 163375145147
BAD 163376476903
BAD 163376505079
BAD 163376505109
BAD 163376647037
BAD 163376647039
BAD 163376903203
BAD 163377118921
BAD 163377118943
BAD 163377118951
BAD 163377688087
BAD 163377735733
BAD 163377735749
BAD 163377759409
BAD 163378486979
BAD 163378486981
BAD 163389119093
BAD 163378890289
BAD 163378890293
BAD 163379080541
BAD 163389734873
BAD 163389826741
BAD 163379295917
BAD 163379448469
BAD 163379448473
BAD 163379671321
BAD 163379949703
BAD 163391090011
BAD 163391874929
BAD 163391874931
BAD 163392167207
BAD 163392167209
BAD 163392189901
BAD 163392189907
BAD 163392504313
BAD 163392646909
BAD 163392646913
BAD 163392646919
BAD 163393085003
BAD 163393451363
BAD 163393672801
BAD 163393920829
BAD 163394419849
BAD 163394802937
BAD 163395282877
BAD 163395282881
BAD 163395542393
BAD 163395542399
BAD 163380581953
BAD 163380581957
BAD 163380669139
BAD 163380669143
BAD 163380755303
BAD 163381105969
BAD 163381105973
BAD 163381301693
BAD 163382117551
BAD 163382302019
BAD 163382302021
BAD 163382402179
BAD 163382548501
BAD 163383245827
BAD 163383245833
BAD 163383267079
BAD 163383267083
BAD 163383279443
BAD 163383345709
BAD 163383590921
BAD 163383677047
BAD 163384431347
BAD 163384431349
BAD 163384432693
BAD 163384552517
BAD 163385329651
BAD 163385476801
BAD 163385558603
BAD 163396507639
BAD 163396507643
BAD 163396919269
BAD 163397093207
BAD 163397967917
BAD 163397981569
BAD 163398239063
BAD 163398582533
BAD 163398598739
BAD 163399211431
BAD 163400021479
BAD 163400227741
BAD 163400227747
BAD 163400429683
BAD 163400429749
BAD 163400472353
BAD 163400612203
BAD 163400612209
BAD 163400612213
BAD 163400623021
BAD 163400926963
BAD 163400926973
BAD 163401046363
BAD 163401046411
BAD 163401180029
BAD 163401180031
BAD 163401180037
BAD 163401180043
BAD 163401180083
BAD 163401214189
BAD 163401599677
BAD 163401599681
BAD 163401599693
BAD 163401924701
BAD 163402111531
BAD 163402407299
BAD 163403096963
BAD 163403260591
BAD 163403282881
BAD 163403282893
BAD 163403282897
BAD 163403282899
BAD 163403735659
BAD 163403817529
BAD 163404179977
BAD 163404362057
BAD 163404362059
BAD 163386214711
BAD 163386214729
BAD 163386270031
BAD 163387089227
BAD 163387176299
BAD 163387318823
BAD 163387572001
BAD 163387855051
BAD 163388262421
BAD 163388624899
BAD 163388636753
BAD 163388636759
BAD 163405185583
BAD 163405185607
BAD 163405848877
BAD 163407058567
BAD 163407275099
BAD 163407275137
BAD 163407352291
BAD 163408458469
BAD 163408960051
BAD 163408960061
BAD 163409242981
BAD 163409505319
BAD 163410149033
BAD 163410377791
BAD 163410430531
BAD 163410508507
BAD 163410508543
BAD 163411024643
BAD 163411201913
BAD 163412561281
BAD 163412960287
BAD 163413013507
BAD 163413274933
BAD 163415066209
BAD 163415583061
BAD 163415748523
BAD 163416009233
BAD 163416307997
BAD 163416477673
BAD 163416638117
BAD 163416685573
BAD 163416685577
BAD 163417273699
BAD 163417772327
BAD 163418047691
BAD 163418047711
BAD 163418205919
BAD 163418205943
BAD 163418278643
BAD 163418278649
BAD 163418278651
BAD 163418278663
BAD 163418315923
BAD 163418471929
BAD 163418507831
BAD 163418563141
BAD 163418627179
BAD 163419556721
BAD 163419556723
BAD 163419894587
BAD 163420183279
BAD 163420183291
BAD 163420190911
BAD 163420190917
BAD 163420772899
BAD 163420772903
BAD 163421111327
BAD 163421111369
BAD 163421819867
BAD 163422376529
BAD 163422387949
BAD 163422523169
BAD 163489747481
BAD 163489747483
BAD 163490042101
BAD 163490042113
BAD 163490128687
BAD 163490141401
BAD 163490260033
BAD 163490857043
BAD 163491303847
BAD 163491303851
BAD 163491303853
BAD 163491492173
BAD 163491492187
BAD 163491574723
BAD 163491595381
BAD 163491595387
BAD 163491634387
BAD 163523309237
BAD 163523309239
BAD 163523459027
BAD 163491836749
BAD 163523750413
BAD 163523750419
BAD 163523786779
BAD 163523786861
BAD 163523786863
BAD 163523786869
BAD 163523786873
BAD 163492166323
BAD 163524320717
BAD 163492674133
BAD 163524629971
BAD 163492674139
BAD 163525038631
BAD 163493157691
BAD 163525229423
BAD 163525440349
BAD 163493340071
BAD 163525696361
BAD 163493535913
BAD 163525696363
BAD 163525938781
BAD 163493912299
BAD 163526254951
BAD 163526254967
BAD 163526512483
BAD 163526683189
BAD 163526770507
BAD 163527205591
BAD 163528333193
BAD 163529352983
BAD 163529544781
BAD 163494336337
BAD 163473640493
BAD 163494779689
BAD 163473967093
BAD 163474820749
BAD 163495794457
BAD 163495811519
BAD 163474917413
BAD 163475237623
BAD 163496693141
BAD 163475769049
BAD 163496793233
BAD 163476590227
BAD 163497542081
BAD 163497542083
BAD 163476658463
BAD 163476712463
BAD 163476712471
BAD 163476782269
BAD 163476867859
BAD 163497838789
BAD 163497856331
BAD 163476914813
BAD 163476958291
BAD 163477565399
BAD 163529903923
BAD 163530025961
BAD 163478049829
BAD 163478262529
BAD 163478262533
BAD 163530809503
BAD 163478371229
BAD 163478371253
BAD 163530977461
BAD 163531517623
BAD 163479203873
BAD 163479290959
BAD 163479290963
BAD 163479326123
BAD 163479869393
BAD 163479869401
BAD 163479869431
BAD 163479906523
BAD 163479906539
BAD 163479923129
BAD 163532377649
BAD 163532377651
BAD 163480056739
BAD 163422685343
BAD 163532795033
BAD 163532795039
BAD 163422712279
BAD 163422712283
BAD 163532832797
BAD 163532832803
BAD 163480692283
BAD 163423289999
BAD 163423290001
BAD 163423290007
BAD 163423290011
BAD 163423290013
BAD 163423290031
BAD 163423336507
BAD 163423336513
BAD 163423336567
BAD 163423336597
BAD 163480793017
BAD 163533006113
BAD 163533012871
BAD 163533045293
BAD 163481231401
BAD 163423937723
BAD 163533660019
BAD 163481528153
BAD 163533759463
BAD 163533950443
BAD 163534009883
BAD 163424456051
BAD 163481925259
BAD 163534286233
BAD 163424936791
BAD 163424936839
BAD 163482499459
BAD 163425226849
BAD 163534878847
BAD 163426316959
BAD 163483041103
BAD 163534938559
BAD 163535156203
BAD 163426748603
BAD 163426748677
BAD 163535563403
BAD 163535665133
BAD 163535665151
BAD 163427535643
BAD 163427535647
BAD 163427535653
BAD 163484397809
BAD 163428011333
BAD 163484783963
BAD 163484909941
BAD 163484909947
BAD 163485236821
BAD 163485265081
BAD 163485292021
BAD 163573834223
BAD 163573899823
BAD 163537720783
BAD 163537720789
BAD 163537772791
BAD 163428958801
BAD 163428987443
BAD 163428995869
BAD 163429342009
BAD 163538432111
BAD 163574635321
BAD 163486017557
BAD 163538520017
BAD 163574635351
BAD 163486017559
BAD 163574653219
BAD 163574653223
BAD 163574658421
BAD 163486073251
BAD 163486113299
BAD 163486113457
BAD 163574769349
BAD 163574769383
BAD 163486165889
BAD 163486165891
BAD 163486165903
BAD 163538755069
BAD 163486318399
BAD 163575746911
BAD 163431326659
BAD 163487417641
BAD 163431899129
BAD 163431899131
BAD 163431987991
BAD 163488108887
BAD 163488108893
BAD 163432100239
BAD 163432100243
BAD 163432100603
BAD 163576609271
BAD 163576785907
BAD 163432572419
BAD 163488527837
BAD 163488527843
BAD 163576785913
BAD 163576785971
BAD 163576785973
BAD 163432572421
BAD 163488623593
BAD 163576980997
BAD 163576981003
BAD 163577023999
BAD 163488785921
BAD 163577593301
BAD 163577593303
BAD 163577619511
BAD 163578095357
BAD 163578411203
BAD 163578469987
BAD 163434487459
BAD 163434515483
BAD 163578552343
BAD 163578552353
BAD 163578552359
BAD 163578619439
BAD 163578619441
BAD 163578619471
BAD 163578685493
BAD 163578685499
BAD 163578759767
BAD 163578759769
BAD 163434855679
BAD 163434895163
BAD 163578811787
BAD 163578811789
BAD 163435169629
BAD 163435169633
BAD 163435169641
BAD 163435169647
BAD 163579202123
BAD 163579438081
BAD 163579574933
BAD 163579574953
BAD 163435671199
BAD 163435744099
BAD 163435744103
BAD 163579896061
BAD 163436347777
BAD 163436347783
BAD 163580455151
BAD 163580455153
BAD 163437007663
BAD 163437007759
BAD 163581685849
BAD 163437728453
BAD 163581757909
BAD 163437829483
BAD 163437889861
BAD 163438069097
BAD 163438069099
BAD 163438206829
BAD 163582788359
BAD 163582788361
BAD 163582788367
BAD 163438469749
BAD 163583394547
BAD 163583394551
BAD 163583394553
BAD 163438962233
BAD 163438962241
BAD 163439068223
BAD 163498569823
BAD 163498586371
BAD 163584689551
BAD 163499353891
BAD 163584764071
BAD 163499447939
BAD 163499447941
BAD 163584938029
BAD 163499786783
BAD 163499786797
BAD 163585520677
BAD 163585923481
BAD 163500756389
BAD 163500756421
BAD 163586218199
BAD 163501102423
BAD 163586693807
BAD 163586921521
BAD 163586921543
BAD 163587168263
BAD 163587906319
BAD 163587913859
BAD 163587913861
BAD 163587913903
BAD 163657511629
BAD 163588927141
BAD 163588927147
BAD 163658011171
BAD 163658132191
BAD 163501284161
BAD 163501401403
BAD 163658846431
BAD 163502363639
BAD 163502363669
BAD 163502385413
BAD 163502385421
BAD 163659361291
BAD 163590159269
BAD 163660001413
BAD 163660019489
BAD 163660019491
BAD 163503128783
BAD 163503128813
BAD 163503234799
BAD 163503234803
BAD 163660228687
BAD 163503391669
BAD 163660368199
BAD 163660368203
BAD 163660505251
BAD 163506756529
BAD 163503729839
BAD 163506756533
BAD 163506756571
BAD 163503729841
BAD 163503754483
BAD 163503754517
BAD 163503754523
BAD 163503834323
BAD 163503834341
BAD 163503834343
BAD 163660806427
BAD 163507040003
BAD 163507130933
BAD 163507130989
BAD 163660974691
BAD 163439487797
BAD 163504572739
BAD 163661804107
BAD 163661804113
BAD 163508004263
BAD 163508004269
BAD 163508004271
BAD 163661937157
BAD 163661981993
BAD 163505119447
BAD 163505183213
BAD 163508552461
BAD 163439963293
BAD 163439963299
BAD 163662510967
BAD 163508648929
BAD 163508661661
BAD 163508661671
BAD 163508661683
BAD 163505600443
BAD 163508862697
BAD 163508862703
BAD 163505716373
BAD 163505839561
BAD 163505839591
BAD 163509228067
BAD 163662946561
BAD 163506028703
BAD 163440751451
BAD 163509569869
BAD 163506148879
BAD 163663290509
BAD 163510107199
BAD 163510107203
BAD 163441168127
BAD 163441168159
BAD 163510317769
BAD 163510317799
BAD 163663641403
BAD 163663641409
BAD 163663641413
BAD 163510446193
BAD 163441373177
BAD 163663692301
BAD 163511126509
BAD 163663702493
BAD 163511350237
BAD 163511517577
BAD 163511517581
BAD 163511678123
BAD 163441939051
BAD 163664650789
BAD 163664650801
BAD 163512973391
BAD 163442545999
BAD 163442803763
BAD 163513343359
BAD 163513343363
BAD 163513343369
BAD 163513343401
BAD 163443026503
BAD 163443026533
BAD 163443072439
BAD 163443072451
BAD 163443072473
BAD 163443282161
BAD 163514042999
BAD 163514043001
BAD 163443582193
BAD 163443582199
BAD 163514233837
BAD 163443653143
BAD 163665605783
BAD 163514274577
BAD 163514347753
BAD 163590738407
BAD 163456465387
BAD 163665763307
BAD 163590738413
BAD 163665763309
BAD 163665763321
BAD 163666079911
BAD 163666079947
BAD 163514657903
BAD 163514657983
BAD 163456861591
BAD 163666426699
BAD 163456946377
BAD 163456946399
BAD 163456946407
BAD 163666569799
BAD 163666598317
BAD 163666602793
BAD 163666602797
BAD 163457014969
BAD 163591264703
BAD 163591264723
BAD 163666775539
BAD 163591375279
BAD 163591375397
BAD 163591375421
BAD 163666880581
BAD 163515050269
BAD 163667100073
BAD 163457679601
BAD 163515729541
BAD 163668148783
BAD 163592054477
BAD 163725489971
BAD 163725489973
BAD 163725490013
BAD 163725550039
BAD 163668389309
BAD 163725593531
BAD 163668560023
BAD 163668560053
BAD 163516281169
BAD 163516326671
BAD 163516393471
BAD 163592515027
BAD 163592749823
BAD 163726637903
BAD 163726637959
BAD 163459192373
BAD 163726858807
BAD 163726858811
BAD 163726858819
BAD 163517064721
BAD 163593350209
BAD 163459864979
BAD 163727542441
BAD 163670181109
BAD 163670205443
BAD 163670205449
BAD 163670205451
BAD 163708311919
BAD 163670235571
BAD 163593733153
BAD 163593733157
BAD 163670872621
BAD 163518197963
BAD 163594130773
BAD 163594130779
BAD 163594130813
BAD 163671087199
BAD 163671087211
BAD 163728104161
BAD 163728104171
BAD 163728104173
BAD 163461438157
BAD 163594339981
BAD 163728352399
BAD 163461601027
BAD 163709192363
BAD 163728680413
BAD 163671841231
BAD 163594898239
BAD 163461960637
BAD 163519505509
BAD 163672240733
BAD 163709977289
BAD 163729670333
BAD 163595306993
BAD 163710253171
BAD 163595437937
BAD 163520301499
BAD 163673665723
BAD 163443823427
BAD 163595437939
BAD 163520301509
BAD 163463913427
BAD 163443823429
BAD 163729937809
BAD 163463957779
BAD 163463957791
BAD 163520578097
BAD 163595650357
BAD 163595650363
BAD 163595650369
BAD 163674137521
BAD 163674150973
BAD 163710501113
BAD 163595865271
BAD 163464483781
BAD 163595925049
BAD 163520956327
BAD 163730683723
BAD 163730683759
BAD 163730683811
BAD 163730683813
BAD 163730683817
BAD 163730683819
BAD 163730683843
BAD 163710994583
BAD 163710994589
BAD 163522471069
BAD 163730872847
BAD 163445489813
BAD 163596260287
BAD 163464931471
BAD 163445489821
BAD 163557120833
BAD 163730872849
BAD 163730872853
BAD 163711052839
BAD 163730902711
BAD 163730902729
BAD 163445583233
BAD 163522659871
BAD 163522689571
BAD 163522718659
BAD 163731096103
BAD 163731096127
BAD 163522774321
BAD 163596623401
BAD 163445842249
BAD 163445845951
BAD 163445845963
BAD 163445845973
BAD 163557563551
BAD 163557563557
BAD 163465320301
BAD 163465320313
BAD 163731494701
BAD 163731499147
BAD 163557707233
BAD 163523208841
BAD 163465763689
BAD 163598100847
BAD 163446955429
BAD 163731503063
BAD 163598100863
BAD 163446955433
BAD 163598125589
BAD 163598125591
BAD 163598237479
BAD 163598237483
BAD 163557885653
BAD 163557885661
BAD 163598281597
BAD 163598281601
BAD 163598281603
BAD 163598281607
BAD 163466047429
BAD 163598294303
BAD 163466199683
BAD 163447236353
BAD 163447236439
BAD 163447236443
BAD 163447259057
BAD 163447259147
BAD 163447259149
BAD 163447259153
BAD 163558025123
BAD 163558025131
BAD 163447412449
BAD 163466573873
BAD 163758948679
BAD 163558025153
BAD 163732903823
BAD 163711588343
BAD 163598903603
BAD 163598903617
BAD 163598929057
BAD 163598929061
BAD 163598929063
BAD 163598929073
BAD 163598990669
BAD 163599189079
BAD 163599189151
BAD 163759445939
BAD 163759535483
BAD 163607121137
BAD 163712208097
BAD 163712208103
BAD 163599597313
BAD 163467056573
BAD 163712258267
BAD 163467056579
BAD 163599597319
BAD 163599597323
BAD 163607244253
BAD 163607244263
BAD 163607485859
BAD 163607485861
BAD 163600425787
BAD 163448195213
BAD 163733923279
BAD 163712691449
BAD 163558593433
BAD 163448195219
BAD 163759904179
BAD 163540868809
BAD 163448195221
BAD 163607540443
BAD 163558750501
BAD 163558797803
BAD 163713085997
BAD 163713085999
BAD 163713167281
BAD 163448543911
BAD 163600935739
BAD 163691149133
BAD 163541238319
BAD 163541238323
BAD 163559215717
BAD 163559244077
BAD 163559461861
BAD 163559461867
BAD 163559461883
BAD 163559533609
BAD 163601329579
BAD 163608113731
BAD 163601385683
BAD 163601440279
BAD 163714108099
BAD 163760951833
BAD 163691656561
BAD 163467332341
BAD 163559757661
BAD 163608781913
BAD 163449102757
BAD 163734928309
BAD 163760957207
BAD 163714108109
BAD 163559757679
BAD 163714108111
BAD 163714108141
BAD 163734928439
BAD 163714108147
BAD 163601484107
BAD 163449193681
BAD 163467460223
BAD 163467460229
BAD 163467460231
BAD 163735019269
BAD 163467520303
BAD 163761174529
BAD 163691897393
BAD 163714381841
BAD 163714399399
BAD 163761346951
BAD 163692053563
BAD 163761364079
BAD 163609099561
BAD 163609099567
BAD 163602096811
BAD 163735597673
BAD 163692207691
BAD 163609099571
BAD 163715721671
BAD 163560314693
BAD 163450050623
BAD 163602096817
BAD 163715721797
BAD 163609099573
BAD 163761543559
BAD 163735597679
BAD 163602096829
BAD 163467937379
BAD 163560314699
BAD 163692207697
BAD 163467937393
BAD 163450050629
BAD 163735597681
BAD 163467937403
BAD 163735597693
BAD 163467937487
BAD 163692246121
BAD 163692246127
BAD 163602153373
BAD 163450269473
BAD 163692453053
BAD 163692520009
BAD 163450398121
BAD 163692600157
BAD 163450637393
BAD 163602639493
BAD 163560749167
BAD 163609331551
BAD 163560749171
BAD 163560749173
BAD 163450675519
BAD 163762346623
BAD 163716287551
BAD 163692665333
BAD 163450849343
BAD 163736390143
BAD 163736390149
BAD 163450887373
BAD 163762902019
BAD 163762902031
BAD 163762977953
BAD 163603323953
BAD 163451116547
BAD 163451120527
BAD 163451120531
BAD 163451120533
BAD 163451120563
BAD 163451120579
BAD 163451207923
BAD 163717018669
BAD 163451260109
BAD 163451260111
BAD 163693345043
BAD 163763686651
BAD 163736490919
BAD 163693532161
BAD 163561804867
BAD 163610334091
BAD 163717473937
BAD 163451437951
BAD 163736506771
BAD 163470299653
BAD 163717661609
BAD 163610512763
BAD 163610512777
BAD 163610552579
BAD 163693691327
BAD 163717816237
BAD 163717816261
BAD 163736920069
BAD 163736920073
BAD 163717915399
BAD 163562267741
BAD 163562267749
BAD 163764015169
BAD 163562472659
BAD 163718165227
BAD 163451872279
BAD 163604458327
BAD 163604458331
BAD 163604458333
BAD 163611148913
BAD 163611148933
BAD 163611148937
BAD 163471201871
BAD 163562798057
BAD 163451978647
BAD 163604527829
BAD 163737454843
BAD 163764484141
BAD 163604527831
BAD 163718835661
BAD 163741495261
BAD 163562798059
BAD 163694494063
BAD 163694494069
BAD 163694494087
BAD 163694506411
BAD 163764571849
BAD 163741617469
BAD 163764620119
BAD 163452073483
BAD 163604647909
BAD 163623919783
BAD 163737717029
BAD 163737796699
BAD 163611527243
BAD 163611527251
BAD 163764999161
BAD 163764999187
BAD 163738029211
BAD 163695111563
BAD 163695111571
BAD 163604965021
BAD 163738309619
BAD 163695263009
BAD 163624255303
BAD 163742368157
BAD 163742368159
BAD 163472196109
BAD 163472196113
BAD 163738677953
BAD 163738677967
BAD 163738677979
BAD 163738677989
BAD 163738678027
BAD 163695393271
BAD 163765883041
BAD 163605282163
BAD 163742671283
BAD 163742671291
BAD 163765907131
BAD 163472594359
BAD 163472669431
BAD 163472719913
BAD 163563872723
BAD 163605538907
BAD 163605538909
BAD 163605538913
BAD 163742991499
BAD 163739161373
BAD 163541923319
BAD 163541923327
BAD 163541923333
BAD 163452971797
BAD 163720528207
BAD 163744090357
BAD 163624947481
BAD 163640914867
BAD 163766320141
BAD 163739805871
BAD 163744090379
BAD 163674770813
BAD 163695796801
BAD 163606727371
BAD 163739805877
BAD 163564085983
BAD 163640920637
BAD 163614346513
BAD 163744090381
BAD 163744090387
BAD 163744090403
BAD 163614346549
BAD 163766385103
BAD 163606793453
BAD 163606793461
BAD 163766410217
BAD 163766410219
BAD 163614426863
BAD 163739893319
BAD 163739893321
BAD 163614436823
BAD 163695902723
BAD 163695902731
BAD 163564245683
BAD 163740047423
BAD 163542052679
BAD 163766454667
BAD 163740047437
BAD 163744196899
BAD 163641055673
BAD 163744198283
BAD 163542056389
BAD 163641055693
BAD 163641055703
BAD 163641055709
BAD 163675201411
BAD 163675201429
BAD 163675201433
BAD 163740105143
BAD 163721030633
BAD 163625346503
BAD 163766561929
BAD 163453221167
BAD 163564363999
BAD 163564364011
BAD 163744345733
BAD 163564385869
BAD 163564389077
BAD 163641165439
BAD 163641165449
BAD 163641165451
BAD 163721148197
BAD 163721148211
BAD 163564470371
BAD 163675441529
BAD 163542394711
BAD 163641327457
BAD 163614854801
BAD 163625628809
BAD 163625628811
BAD 163740594767
BAD 163740594769
BAD 163740594887
BAD 163740594889
BAD 163721317351
BAD 163721395231
BAD 163740661541
BAD 163740661543
BAD 163542605111
BAD 163740716537
BAD 163740716539
BAD 163740716543
BAD 163625848447
BAD 163625848471
BAD 163767218123
BAD 163767218161
BAD 163564817503
BAD 163745001619
BAD 163740834979
BAD 163740863603
BAD 163675766819
BAD 163625986487
BAD 163740987769
BAD 163641755993
BAD 163615387153
BAD 163741104383
BAD 163565155807
BAD 163745189039
BAD 163565155811
BAD 163626077843
BAD 163565155813
BAD 163453718471
BAD 163453718473
BAD 163745270341
BAD 163745270347
BAD 163626188333
BAD 163722041629
BAD 163767872153
BAD 163722041633
BAD 163767872189
BAD 163722041641
BAD 163767908671
BAD 163565337469
BAD 163676168449
BAD 163626326273
BAD 163615788223
BAD 163615788241
BAD 163615788277
BAD 163615788341
BAD 163615848083
BAD 163615848091
BAD 163722336163
BAD 163565528603
BAD 163616003737
BAD 163626604657
BAD 163768468181
BAD 163697188231
BAD 163543689013
BAD 163676417551
BAD 163745766791
BAD 163543689019
BAD 163768468183
BAD 163745766797
BAD 163543689031
BAD 163768468187
BAD 163745766799
BAD 163768468189
BAD 163626604663
BAD 163543725083
BAD 163543725097
BAD 163626648469
BAD 163626648481
BAD 163768561613
BAD 163745937253
BAD 163616236807
BAD 163768750823
BAD 163768750837
BAD 163676738257
BAD 163676738261
BAD 163676738263
BAD 163676738279
BAD 163676789789
BAD 163676789791
BAD 163676789797
BAD 163746101993
BAD 163697581403
BAD 163616403799
BAD 163544109697
BAD 163642832627
BAD 163544109709
BAD 163627046381
BAD 163642832629
BAD 163642860151
BAD 163723321207
BAD 163723321211
BAD 163616508533
BAD 163454525239
BAD 163454525243
BAD 163454525257
BAD 163454525261
BAD 163454525263
BAD 163566473963
BAD 163566488399
BAD 163566488401
BAD 163616690093
BAD 163643206417
BAD 163643257879
BAD 163746515929
BAD 163746515941
BAD 163677162949
BAD 163723779203
BAD 163769558299
BAD 163454772121
BAD 163454772127
BAD 163724025821
BAD 163769669669
BAD 163544632409
BAD 163454772139
BAD 163544632423
BAD 163769669671
BAD 163544632429
BAD 163617100351
BAD 163746981721
BAD 163544738603
BAD 163544738611
BAD 163567052791
BAD 163677873109
BAD 163677873113
BAD 163567192603
BAD 163544973259
BAD 163544973271
BAD 163617479341
BAD 163617479357
BAD 163617479359
BAD 163545096739
BAD 163770262343
BAD 163770262351
BAD 163770262373
BAD 163617583873
BAD 163678366679
BAD 163678366681
BAD 163747542823
BAD 163617746893
BAD 163644677569
BAD 163545552773
BAD 163678763477
BAD 163699025219
BAD 163567835209
BAD 163699025239
BAD 163455678613
BAD 163567835213
BAD 163644712883
BAD 163545584401
BAD 163545584407
BAD 163545584443
BAD 163678908359
BAD 163678908361
BAD 163545769661
BAD 163545769663
BAD 163618452323
BAD 163618452343
BAD 163748454173
BAD 163644948689
BAD 163699324013
BAD 163456029563
BAD 163679072203
BAD 163748590373
BAD 163618694557
BAD 163679146769
BAD 163568361139
BAD 163699461979
BAD 163568385839
BAD 163618744453
BAD 163645117267
BAD 163629394813
BAD 163748730181
BAD 163771541443
BAD 163568465341
BAD 163629394829
BAD 163568532847
BAD 163619226781
BAD 163699827583
BAD 163645279003
BAD 163699966907
BAD 163699966909
BAD 163629778703
BAD 163629778709
BAD 163629778891
BAD 163700159767
BAD 163700159801
BAD 163700159803
BAD 163700159807
BAD 163568971847
BAD 163568971849
BAD 163568971903
BAD 163569092377
BAD 163679881223
BAD 163679881231
BAD 163679881237
BAD 163679881241
BAD 163680019213
BAD 163680019219
BAD 163547040893
BAD 163749815183
BAD 163772321987
BAD 163620522851
BAD 163645649077
BAD 163547195753
BAD 163547223467
BAD 163772411183
BAD 163701016189
BAD 163749940483
BAD 163569987533
BAD 163569991393
BAD 163680556621
BAD 163620843577
BAD 163772693639
BAD 163547579971
BAD 163750238689
BAD 163750238693
BAD 163750242361
BAD 163570344331
BAD 163547620729
BAD 163772828269
BAD 163570516607
BAD 163631460407
BAD 163631460409
BAD 163631460439
BAD 163631460463
BAD 163631460467
BAD 163631460469
BAD 163547857939
BAD 163646176697
BAD 163681080137
BAD 163631828957
BAD 163621883899
BAD 163631828959
BAD 163571157899
BAD 163646176699
BAD 163571157901
BAD 163621883903
BAD 163701913057
BAD 163631828963
BAD 163681080139
BAD 163621883911
BAD 163773295549
BAD 163773295559
BAD 163773295561
BAD 163701971273
BAD 163646237509
BAD 163631984833
BAD 163631984837
BAD 163631984839
BAD 163631984843
BAD 163773417449
BAD 163571472443
BAD 163571472451
BAD 163571476891
BAD 163773525299
BAD 163773525301
BAD 163571561983
BAD 163571562019
BAD 163571562023
BAD 163773631037
BAD 163622404349
BAD 163548525113
BAD 163622404357
BAD 163773670703
BAD 163572070903
BAD 163548616711
BAD 163548616733
BAD 163548616747
BAD 163702672381
BAD 163751443783
BAD 163572289151
BAD 163572289159
BAD 163572289163
BAD 163572310859
BAD 163572310861
BAD 163633135661
BAD 163622975753
BAD 163774111043
BAD 163646842543
BAD 163646842549
BAD 163646842573
BAD 163751705329
BAD 163572740641
BAD 163572740753
BAD 163623122123
BAD 163623182869
BAD 163633444693
BAD 163549104907
BAD 163623255227
BAD 163572927481
BAD 163682409169
BAD 163703301413
BAD 163633564123
BAD 163573065083
BAD 163549291993
BAD 163682409173
BAD 163633564153
BAD 163633564163
BAD 163633635787
BAD 163633726741
BAD 163623794821
BAD 163623794827
BAD 163752326629
BAD 163752326641
BAD 163633817257
BAD 163633817261
BAD 163703702893
BAD 163633931723
BAD 163682841211
BAD 163682841271
BAD 163752509077
BAD 163752509083
BAD 163703798059
BAD 163634031793
BAD 163634049587
BAD 163634049589
BAD 163703891873
BAD 163549788943
BAD 163549788949
BAD 163549788953
BAD 163549788967
BAD 163704070921
BAD 163647590317
BAD 163704070939
BAD 163549788971
BAD 163704070949
BAD 163752669701
BAD 163704070951
BAD 163549788973
BAD 163704070963
BAD 163752669709
BAD 163752669713
BAD 163683327809
BAD 163683327811
BAD 163549885073
BAD 163683474349
BAD 163704345859
BAD 163704353389
BAD 163753015007
BAD 163753015009
BAD 163704526651
BAD 163634621413
BAD 163634621417
BAD 163634621419
BAD 163684104083
BAD 163704824849
BAD 163704824851
BAD 163634922743
BAD 163634922749
BAD 163634922751
BAD 163684221073
BAD 163550620309
BAD 163648225099
BAD 163648225121
BAD 163648225123
BAD 163684372897
BAD 163684372903
BAD 163684381909
BAD 163684381933
BAD 163753640059
BAD 163550880079
BAD 163550880089
BAD 163550880091
BAD 163684478611
BAD 163705400539
BAD 163705400543
BAD 163635405863
BAD 163753765489
BAD 163753765507
BAD 163753872641
BAD 163753911743
BAD 163753911749
BAD 163753911751
BAD 163753911793
BAD 163684705159
BAD 163684717643
BAD 163753964611
BAD 163635675419
BAD 163635675421
BAD 163705719283
BAD 163705804237
BAD 163551575183
BAD 163684924729
BAD 163754083561
BAD 163648847809
BAD 163649009753
BAD 163706118503
BAD 163636241357
BAD 163636241359
BAD 163685298451
BAD 163685298457
BAD 163685368111
BAD 163685382083
BAD 163552183733
BAD 163685442889
BAD 163706445767
BAD 163706445769
BAD 163636529191
BAD 163552306927
BAD 163552324457
BAD 163552324459
BAD 163685679013
BAD 163754767933
BAD 163754767963
BAD 163636693669
BAD 163706687899
BAD 163754795947
BAD 163706701967
BAD 163552539769
BAD 163552539889
BAD 163686391681
BAD 163553196589
BAD 163553196593
BAD 163707541381
BAD 163637460211
BAD 163637460241
BAD 163637521139
BAD 163637521141
BAD 163755600707
BAD 163755600709
BAD 163686605843
BAD 163637581049
BAD 163637735311
BAD 163686851921
BAD 163686851929
BAD 163650251003
BAD 163755897323
BAD 163554069961
BAD 163756097833
BAD 163756097849
BAD 163756097851
BAD 163638344599
BAD 163638344603
BAD 163650667241
BAD 163554449221
BAD 163554669923
BAD 163687707829
BAD 163638889039
BAD 163687810577
BAD 163687810579
BAD 163687822121
BAD 163554889391
BAD 163650898493
BAD 163756803341
BAD 163756803347
BAD 163756803349
BAD 163650985219
BAD 163651093051
BAD 163651093057
BAD 163651093061
BAD 163555344811
BAD 163555344871
BAD 163555373419
BAD 163639824641
BAD 163639824643
BAD 163757141173
BAD 163757141179
BAD 163757141183
BAD 163757141209
BAD 163555937033
BAD 163640359769
BAD 163757481551
BAD 163757481553
BAD 163757481557
BAD 163651568947
BAD 163651568953
BAD 163651568957
BAD 163640591461
BAD 163556606183
BAD 163556615611
BAD 163689502231
BAD 163689580069
BAD 163652325169
BAD 163689891487
BAD 163689934871
BAD 163689934873
BAD 163652637157
BAD 163652637163
BAD 163653517711
BAD 163653517717
BAD 163690971131
BAD 163655731333
BAD 163655731403
BAD 163655748989
BAD 163657395151
BAD 163791840959
BAD 163792778521
BAD 163793213537
BAD 163793624629
BAD 163793624633
BAD 163793624647
BAD 163794095749
BAD 163795006099
BAD 163795129037
BAD 163795129039
BAD 163795272503
BAD 163795664453
BAD 163795863713
BAD 163796333513
BAD 163796816279
BAD 163796944973
BAD 163796944981
BAD 163797257093
BAD 163797942773
BAD 163798055299
BAD 163798055303
BAD 163798301393
BAD 163798301399
BAD 163798796047
BAD 163798935301
BAD 163800138167
BAD 163800138169
BAD 163800178159
BAD 163800178163
BAD 163800704953
BAD 163800722101
BAD 163800956797
BAD 163801414867
BAD 163801414871
BAD 163801414873
BAD 163801414883
BAD 163801458937
BAD 163801458941
BAD 163801458943
BAD 163801793569
BAD 163801793579
BAD 163801857313
BAD 163801857319
BAD 163802112457
BAD 163802515651
BAD 163802639789
BAD 163802639807
BAD 163802639821
BAD 163802951539
BAD 163802951551
BAD 163802951569
BAD 163802951573
BAD 163803343603
BAD 163803436739
BAD 163803598081
BAD 163804135471
BAD 163804930943
BAD 163805007623
BAD 163805168341
BAD 163775350919
BAD 163805800243
BAD 163805800247
BAD 163806391747
BAD 163775856173
BAD 163776416389
BAD 163776416393
BAD 163776733763
BAD 163777006597
BAD 163777262087
BAD 163777437667
BAD 163777437671
BAD 163777437673
BAD 163777454803
BAD 163777454807
BAD 163777454809
BAD 163777553243
BAD 163778306059
BAD 163778577233
BAD 163779525253
BAD 163779773557
BAD 163779792133
BAD 163779792139
BAD 163780085983
BAD 163780197433
BAD 163780692923
BAD 163780692931
BAD 163780713893
BAD 163780825081
BAD 163780846553
BAD 163782466963
BAD 163782466973
BAD 163807472141
BAD 163807806587
BAD 163808180623
BAD 163808190209
BAD 163808190211
BAD 163808190241
BAD 163808326481
BAD 163808326483
BAD 163808326489
BAD 163808326499
BAD 163808326501
BAD 163782921607
BAD 163782964351
BAD 163783009723
BAD 163783009801
BAD 163783009811
BAD 163783009813
BAD 163783009879
BAD 163783399189
BAD 163783399193
BAD 163783399201
BAD 163783399207
BAD 163783948277
BAD 163784028559
BAD 163784028563
BAD 163784235977
BAD 163784590727
BAD 163784590729
BAD 163784590733
BAD 163784784083
BAD 163785452983
BAD 163785693763
BAD 163785693767
BAD 163785693769
BAD 163785837091
BAD 163786316867
BAD 163787095757
BAD 163787214583
BAD 163787292677
BAD 163787292679
BAD 163788356003
BAD 163788696443
BAD 163789212271
BAD 163789511341
BAD 163790895293
BAD 163809023401
BAD 163809023407
BAD 163809699379
BAD 163810315387
BAD 163810315397
BAD 163810323451
BAD 163810593533
BAD 163811135351
BAD 163811135353
BAD 163811135407
BAD 163811441153
BAD 163811791309
BAD 163811795041
BAD 163812024269
BAD 163812762103
BAD 163812762107
BAD 163812762109
BAD 163813473757
BAD 163813679303
BAD 163813979521
BAD 163814359637
BAD 163814855837
BAD 163814855839
BAD 163814855843
BAD 163815275447
BAD 163815275479
BAD 163815275483
BAD 163815410491
BAD 163815410501
BAD 163815410503
BAD 163816086257
BAD 163816089407
BAD 163816089413
BAD 163816328509
BAD 163816721969
BAD 163816721977
BAD 163816837579
BAD 163817783377
BAD 163818759211
BAD 163819415873
BAD 163819712059
BAD 163819827029
BAD 163820108041
BAD 163820453051
BAD 163820578787
BAD 163820628151
BAD 163821207499
BAD 163822527373
BAD 163823644189
BAD 163825081657
BAD 163825214429
BAD 163825214431
BAD 163825214437
BAD 163825273373
BAD 163825466281
BAD 163826156587
BAD 163826156677
BAD 163826735777
BAD 163826997163
BAD 163826997227
BAD 163826997233
BAD 163827552181
BAD 163827608599
BAD 163827608603
BAD 163827685771
BAD 163828053187
BAD 163828341371
BAD 163828341373
BAD 163829354659
BAD 163829450033
BAD 163829634713
BAD 163841996251
BAD 163842085249
BAD 163842085357
BAD 163830188749
BAD 163830247193
BAD 163830341047
BAD 163842604931
BAD 163843044403
BAD 163843044419
BAD 163830933307
BAD 163830945077
BAD 163830945079
BAD 163843128023
BAD 163843292813
BAD 163843292863
BAD 163831407151
BAD 163831407167
BAD 163831407169
BAD 163843835053
BAD 163844477297
BAD 163844615681
BAD 163844625829
BAD 163844809511
BAD 163844932673
BAD 163845517411
BAD 163845517417
BAD 163846303771
BAD 163846468013
BAD 163846468021
BAD 163846566563
BAD 163846566589
BAD 163847324153
BAD 163847392231
BAD 163848187717
BAD 163831804589
BAD 163831865221
BAD 163832591423
BAD 163832591431
BAD 163832805223
BAD 163832962697
BAD 163833382439
BAD 163833382441
BAD 163833382483
BAD 163833698543
BAD 163834118117
BAD 163834118131
BAD 163834118159
BAD 163834440113
BAD 163834810333
BAD 163835032747
BAD 163835032771
BAD 163835032789
BAD 163835367643
BAD 163835367649
BAD 163835501329
BAD 163835631023
BAD 163836161903
BAD 163836822973
BAD 163837258493
BAD 163837754057
BAD 163837919419
BAD 163837919431
BAD 163838005069
BAD 163838005073
BAD 163838635343
BAD 163838635351
BAD 163839927049
BAD 163839927077
BAD 163839927079
BAD 163839988981
BAD 163840196543
BAD 163840196549
BAD 163840196551
BAD 163840309051
BAD 163848552299
BAD 163849366231
BAD 163849934771
BAD 163850685091
BAD 163851616631
BAD 163852676593
BAD 163853697961
BAD 163853829169
BAD 163853829173
BAD 163853829179
BAD 163854226357
BAD 163855715767
BAD 163855715773
BAD 163856127377
BAD 163856257109
BAD 163856257111
BAD 163856300989
BAD 163856745977
BAD 163856745979
BAD 163841363689
BAD 163841613587
BAD 163841613589
BAD 163841613601
BAD 163841857343
BAD 163841913887
BAD 163841913889
BAD 163875959939
BAD 163875959941
BAD 163876165069
BAD 163876165073
BAD 163876417241
BAD 163876440527
BAD 163876440529
BAD 163877368531
BAD 163878176017
BAD 163878203857
BAD 163878203873
BAD 163878608303
BAD 163879588429
BAD 163879679191
BAD 163879858039
BAD 163880219323
BAD 163880944133
BAD 163858925539
BAD 163858925543
BAD 163859715673
BAD 163860329033
BAD 163860407281
BAD 163860407287
BAD 163860424729
BAD 163860424733
BAD 163860424759
BAD 163860424957
BAD 163860424961
BAD 163860424963
BAD 163860618391
BAD 163860706651
BAD 163861046779
BAD 163862827039
BAD 163862827049
BAD 163862887261
BAD 163863075269
BAD 163863803303
BAD 163863822979
BAD 163864072651
BAD 163864284281
BAD 163864284289
BAD 163892439163
BAD 163864284293
BAD 163892987117
BAD 163892987119
BAD 163892987123
BAD 163864872901
BAD 163893602963
BAD 163893790483
BAD 163865200129
BAD 163894362893
BAD 163894362899
BAD 163894362901
BAD 163865358809
BAD 163865417503
BAD 163865561357
BAD 163865561359
BAD 163865647819
BAD 163865647823
BAD 163865687981
BAD 163865687983
BAD 163865688001
BAD 163894811159
BAD 163894811161
BAD 163894828711
BAD 163866114163
BAD 163895086759
BAD 163895086763
BAD 163895086783
BAD 163895157247
BAD 163895900873
BAD 163896161623
BAD 163867460111
BAD 163867517927
BAD 163867517929
BAD 163896244363
BAD 163896321593
BAD 163896321599
BAD 163896321601
BAD 163867662781
BAD 163867804621
BAD 163896695243
BAD 163896785539
BAD 163896785603
BAD 163896799877
BAD 163896799879
BAD 163868112523
BAD 163868355401
BAD 163868355403
BAD 163897256953
BAD 163868473469
BAD 163868473471
BAD 163897612253
BAD 163881794719
BAD 163881970873
BAD 163897910971
BAD 163897910989
BAD 163882708007
BAD 163882708009
BAD 163882708021
BAD 163883024551
BAD 163898820031
BAD 163925950231
BAD 163926140041
BAD 163926317609
BAD 163883632163
BAD 163926716633
BAD 163884369899
BAD 163884403981
BAD 163899984181
BAD 163884609463
BAD 163884693293
BAD 163884693299
BAD 163884727759
BAD 163884727763
BAD 163900413979
BAD 163900413983
BAD 163885210763
BAD 163885327453
BAD 163885327457
BAD 163885349723
BAD 163885349731
BAD 163927641593
BAD 163900977091
BAD 163900992511
BAD 163901005207
BAD 163901074739
BAD 163901074741
BAD 163901654393
BAD 163928315963
BAD 164110714151
BAD 163901942557
BAD 163868855401
BAD 163868855413
BAD 163868855443
BAD 163901994049
BAD 163887948779
BAD 163887948781
BAD 163887948787
BAD 163902658993
BAD 163869582931
BAD 163903234381
BAD 163869696349
BAD 163869696391
BAD 163903377031
BAD 163888665833
BAD 163888665859
BAD 163869828503
BAD 163888777879
BAD 163888777883
BAD 163869982567
BAD 163904818711
BAD 163904818717
BAD 163904818723
BAD 163904836759
BAD 163905435367
BAD 163870836317
BAD 163905922423
BAD 163906063073
BAD 164112979637
BAD 164112979663
BAD 163890525937
BAD 163871539823
BAD 163906454447
BAD 164112979673
BAD 163906454449
BAD 164113015783
BAD 164113015789
BAD 164113078837
BAD 164113092361
BAD 163890768091
BAD 164113249409
BAD 164113249411
BAD 163906936561
BAD 163906936579
BAD 163891032367
BAD 163891032379
BAD 163891032401
BAD 163891032433
BAD 163907381333
BAD 163872224629
BAD 163872224653
BAD 164113642183
BAD 163891510967
BAD 163891510969
BAD 163891510973
BAD 163908234109
BAD 163908260141
BAD 163908260143
BAD 163908346793
BAD 163891778003
BAD 163872716437
BAD 163908560873
BAD 163928373473
BAD 163872716479
BAD 163908631657
BAD 163872814789
BAD 163872903463
BAD 163892009329
BAD 163873210913
BAD 163892299553
BAD 164114143289
BAD 163873350791
BAD 163873350793
BAD 163873350799
BAD 163873350803
BAD 163873350811
BAD 163873350847
BAD 163873350853
BAD 164114365673
BAD 163928971933
BAD 164114566417
BAD 163873737233
BAD 163873737263
BAD 163929437239
BAD 163874157143
BAD 163930016513
BAD 163930016521
BAD 163930016527
BAD 164115960637
BAD 163930650353
BAD 163930957733
BAD 163931109439
BAD 163931163313
BAD 163931163317
BAD 163931313181
BAD 163931370061
BAD 163931370067
BAD 163931401441
BAD 163931401453
BAD 163931594741
BAD 163932021881
BAD 163932176311
BAD 164116735949
BAD 164116735973
BAD 164127390313
BAD 164116907063
BAD 164117525197
BAD 164127979111
BAD 163933523491
BAD 164118303893
BAD 164128780493
BAD 163934001577
BAD 164128827077
BAD 164119191799
BAD 163934623351
BAD 163934623357
BAD 163934623379
BAD 163934623381
BAD 163934623393
BAD 163934634841
BAD 164129614409
BAD 164119967329
BAD 164120148173
BAD 163935350209
BAD 164130269153
BAD 164120420743
BAD 164130269167
BAD 164130415807
BAD 164130415811
BAD 164120727679
BAD 164121136009
BAD 164121136019
BAD 164121136021
BAD 164121155993
BAD 164121180803
BAD 163936042297
BAD 164131327211
BAD 164121847403
BAD 164121857533
BAD 163936285193
BAD 164121958193
BAD 164121958243
BAD 164131931863
BAD 164131931867
BAD 164131931869
BAD 164131972099
BAD 163936468279
BAD 164122213823
BAD 163936528177
BAD 163936528181
BAD 164132476267
BAD 163936923617
BAD 164132476271
BAD 164132476273
BAD 163936923637
BAD 163936923649
BAD 163936923653
BAD 164132529541
BAD 164132751229
BAD 163937385793
BAD 164132914879
BAD 164133369949
BAD 164133732047
BAD 164133732053
BAD 163938165089
BAD 163938165091
BAD 163938565829
BAD 163938565831
BAD 163938565883
BAD 164134361117
BAD 163938703147
BAD 163938841771
BAD 164122777171
BAD 164122777177
BAD 164122777249
BAD 164135269387
BAD 164135269393
BAD 164135441803
BAD 164122989817
BAD 164135605747
BAD 164135623063
BAD 164123692963
BAD 163939777087
BAD 164123692969
BAD 163939777091
BAD 163939777093
BAD 163939779589
BAD 164135770583
BAD 164123897281
BAD 164123952379
BAD 164123990669
BAD 164123990671
BAD 164123990677
BAD 164123990689
BAD 164135997563
BAD 164135997593
BAD 164135997601
BAD 164135997607
BAD 164124549649
BAD 164124549653
BAD 164124707119
BAD 164124707141
BAD 164124707143
BAD 164136440269
BAD 163941302753
BAD 164137129381
BAD 164137129399
BAD 164137362947
BAD 164137389023
BAD 164137389029
BAD 163941909181
BAD 164127058891
BAD 164137924283
BAD 164137924309
BAD 164138036071
BAD 164077108231
BAD 163942079383
BAD 164138590969
BAD 164138976583
BAD 164139267169
BAD 164139467641
BAD 164139467683
BAD 164139650149
BAD 164139750433
BAD 164139982561
BAD 164140114681
BAD 164140114687
BAD 164140214839
BAD 164140348103
BAD 164060337187
BAD 164078325413
BAD 164078446921
BAD 164140728671
BAD 164060658077
BAD 164060658079
BAD 164060658199
BAD 164078755033
BAD 164078755097
BAD 164060894983
BAD 164079157493
BAD 164079556099
BAD 164061329251
BAD 164141656501
BAD 164079556103
BAD 164079556111
BAD 164141662133
BAD 164141662141
BAD 164061362939
BAD 164061409559
BAD 164061409571
BAD 164061409573
BAD 164061463133
BAD 164142090199
BAD 164080213201
BAD 164080213207
BAD 164142653981
BAD 164142654001
BAD 164142898429
BAD 164142898433
BAD 164142898441
BAD 164143062361
BAD 164143062397
BAD 164143062409
BAD 164143342193
BAD 164143342199
BAD 164143342201
BAD 164143705729
BAD 164081815511
BAD 164081815523
BAD 164081857271
BAD 164081857273
BAD 164063771497
BAD 164063786101
BAD 164063786197
BAD 164063927039
BAD 164063927047
BAD 164063954947
BAD 164064113287
BAD 164082734663
BAD 164082866659
BAD 164064758863
BAD 164064802313
BAD 164064818017
BAD 164064821131
BAD 164064821149
BAD 164064983683
BAD 164065508533
BAD 164066656903
BAD 164066656909
BAD 163909337311
BAD 163909337327
BAD 163909778587
BAD 163909778597
BAD 163910646553
BAD 163910750489
BAD 163910750491
BAD 164083370533
BAD 164068703107
BAD 164068749469
BAD 164068749473
BAD 164068983367
BAD 164084900659
BAD 163993574761
BAD 164043317297
BAD 163993574777
BAD 163993574779
BAD 163993574783
BAD 163994011133
BAD 163994011141
BAD 163994011147
BAD 163994011151
BAD 164043720443
BAD 164043734797
BAD 164069822437
BAD 163976296441
BAD 164044172491
BAD 164044319947
BAD 164044319969
BAD 163976638351
BAD 163976638381
BAD 163976638417
BAD 163976638439
BAD 163976638457
BAD 163976638459
BAD 164044626379
BAD 164044626391
BAD 163977047539
BAD 164044959649
BAD 164070635299
BAD 164070635303
BAD 164087103643
BAD 164045762873
BAD 164026673303
BAD 163959491273
BAD 163911832879
BAD 163996593781
BAD 163977649123
BAD 164026673359
BAD 163911832883
BAD 164045814851
BAD 164045814853
BAD 164026721167
BAD 164026721171
BAD 163977735301
BAD 163911957661
BAD 163912032763
BAD 163959726467
BAD 163959726473
BAD 163959726487
BAD 163912231607
BAD 164087591911
BAD 163997449261
BAD 163997449271
BAD 163997449279
BAD 163978440293
BAD 163960239769
BAD 163960244881
BAD 164094495673
BAD 164094495679
BAD 164094495683
BAD 164094495689
BAD 163942780921
BAD 164047512793
BAD 163960410863
BAD 164071040321
BAD 163997711491
BAD 164094495713
BAD 164028860753
BAD 163997711513
BAD 164047512803
BAD 164009947919
BAD 163912821529
BAD 164094495743
BAD 163978606223
BAD 164047554403
BAD 163942923979
BAD 163942923983
BAD 163978674557
BAD 164047662953
BAD 164010204539
BAD 164010204541
BAD 164071329991
BAD 163913140933
BAD 163913140943
BAD 163913140949
BAD 163913140957
BAD 164094716593
BAD 164029270819
BAD 164094797599
BAD 164094797609
BAD 164094797611
BAD 163913255887
BAD 164095500271
BAD 164072153143
BAD 164010414797
BAD 163913255981
BAD 163943348381
BAD 163979190773
BAD 164029405171
BAD 164160921653
BAD 164048792783
BAD 163961090773
BAD 163998087863
BAD 164029412161
BAD 163943375599
BAD 163998142309
BAD 163998142313
BAD 163998142349
BAD 163998142351
BAD 164072258299
BAD 164072258303
BAD 164029507693
BAD 163979360497
BAD 163943488783
BAD 163913518829
BAD 164010730283
BAD 164161362419
BAD 164010798863
BAD 164161566397
BAD 163961621221
BAD 164011014721
BAD 163961658997
BAD 164049517769
BAD 163943864269
BAD 164011125647
BAD 164011167589
BAD 164161838089
BAD 163980233239
BAD 164011370539
BAD 164073281479
BAD 163980324097
BAD 163980324103
BAD 163961899291
BAD 164049807653
BAD 164096316037
BAD 164162112481
BAD 164162124461
BAD 164162124463
BAD 164162124499
BAD 164073435319
BAD 163962033601
BAD 164011661953
BAD 163962142177
BAD 164073647963
BAD 163944419033
BAD 163980721477
BAD 164073746171
BAD 164073746173
BAD 164073764761
BAD 164031041359
BAD 163914409543
BAD 164073943081
BAD 164031375931
BAD 164163170869
BAD 164050415831
BAD 164088200911
BAD 163981227913
BAD 163962543989
BAD 164097654923
BAD 164088200929
BAD 163945314061
BAD 164088200933
BAD 163962543991
BAD 164050415833
BAD 163999673197
BAD 163945314067
BAD 163999673273
BAD 164031375941
BAD 164012426063
BAD 163945379183
BAD 163945379207
BAD 163945379209
BAD 163962703789
BAD 163945500007
BAD 163945519789
BAD 163945519799
BAD 164031556573
BAD 164031556583
BAD 164088423871
BAD 164031616201
BAD 164163497093
BAD 164074071089
BAD 164032097479
BAD 164163733771
BAD 164051510269
BAD 164000270689
BAD 164088812387
BAD 163963005769
BAD 163946452627
BAD 163982012963
BAD 164097979403
BAD 164013012313
BAD 164032097483
BAD 163982012969
BAD 164088812389
BAD 164032100123
BAD 164013048571
BAD 164013059933
BAD 164013059941
BAD 163963061203
BAD 164032185643
BAD 163963238251
BAD 164098300061
BAD 164098300063
BAD 164144030539
BAD 164144030543
BAD 164144030549
BAD 164144030551
BAD 164000628557
BAD 163982365093
BAD 164051947783
BAD 163946957149
BAD 164032620683
BAD 163982513843
BAD 164164279127
BAD 164098626767
BAD 164000852891
BAD 164032622111
BAD 164032622113
BAD 164000852893
BAD 164089505837
BAD 164000921239
BAD 164000921243
BAD 164000921263
BAD 164074643443
BAD 164074643449
BAD 164074643461
BAD 163982695463
BAD 163982695469
BAD 164001186187
BAD 164164635001
BAD 164014093013
BAD 164052572153
BAD 164052572161
BAD 164052572179
BAD 164164700897
BAD 164164700899
BAD 163964022503
BAD 164089924879
BAD 164098959433
BAD 164001451909
BAD 164001471197
BAD 164053475969
BAD 163965619703
BAD 163947989131
BAD 164144829743
BAD 164014593863
BAD 164099686613
BAD 163983447751
BAD 163965619799
BAD 163947989147
BAD 163914467401
BAD 163947989263
BAD 164091166181
BAD 164033305493
BAD 163965619801
BAD 163914467407
BAD 163983447757
BAD 164144829749
BAD 163983447781
BAD 163983447787
BAD 164166561607
BAD 164166561683
BAD 164001534979
BAD 164001534997
BAD 164001535013
BAD 164091269509
BAD 164014766723
BAD 163948182967
BAD 163948182973
BAD 163948182977
BAD 163914489679
BAD 163984035827
BAD 164034031571
BAD 164075325553
BAD 163967094853
BAD 164091474037
BAD 164053880719
BAD 164145209117
BAD 164053880723
BAD 164075325559
BAD 164100167249
BAD 164015917579
BAD 164034031573
BAD 164053880761
BAD 164166800429
BAD 164145209119
BAD 163967094923
BAD 164075325587
BAD 164166800431
BAD 163967094931
BAD 164075325593
BAD 164034084343
BAD 164015971199
BAD 164015971201
BAD 164015971213
BAD 164015971369
BAD 164015971373
BAD 163967140679
BAD 163948866721
BAD 164016096157
BAD 164016096161
BAD 164091762749
BAD 164001920263
BAD 164167197731
BAD 164054399317
BAD 164035227709
BAD 163949946053
BAD 164076064157
BAD 164001920293
BAD 163984374571
BAD 163968661867
BAD 164001920297
BAD 164100567347
BAD 164100567377
BAD 163968661873
BAD 164016096163
BAD 164076123257
BAD 164076123259
BAD 164145886549
BAD 164167350961
BAD 163950068431
BAD 164100796177
BAD 164100796183
BAD 164002197473
BAD 163968900863
BAD 163968900877
BAD 164092179389
BAD 164092179401
BAD 164092179403
BAD 163950255113
BAD 164101004009
BAD 163950296053
BAD 164092385123
BAD 163915626661
BAD 164167910443
BAD 163969288943
BAD 164018012267
BAD 164003607203
BAD 164102213147
BAD 164035738201
BAD 164167910447
BAD 163985518727
BAD 164076738253
BAD 164167910449
BAD 164055026173
BAD 164167910483
BAD 164102220211
BAD 164102234143
BAD 164102234147
BAD 164167929313
BAD 164167929319
BAD 164076847111
BAD 164076847117
BAD 163915783127
BAD 163915783133
BAD 164146521199
BAD 164035994413
BAD 164035994461
BAD 163985781577
BAD 164036116697
BAD 163950625093
BAD 164055429739
BAD 163970524253
BAD 164018255447
BAD 164036422549
BAD 163916308921
BAD 164036422553
BAD 164168786533
BAD 163986161257
BAD 163950845431
BAD 163970524441
BAD 164146830013
BAD 164018255473
BAD 164092858297
BAD 163986161263
BAD 164102701397
BAD 164004085019
BAD 164055429743
BAD 164004136321
BAD 164036531639
BAD 164055555439
BAD 163951042573
BAD 164102947157
BAD 164102947159
BAD 164102947201
BAD 163951077727
BAD 163951180093
BAD 163951202447
BAD 164018566463
BAD 164004624409
BAD 164018581567
BAD 164018581609
BAD 163986860003
BAD 164169385553
BAD 163917021991
BAD 164103482471
BAD 163971189413
BAD 163917051499
BAD 163917051607
BAD 163917051611
BAD 163951541119
BAD 163951541123
BAD 163987007357
BAD 163987007363
BAD 163987007497
BAD 163987098563
BAD 163987116691
BAD 163917201061
BAD 163917201073
BAD 164147906669
BAD 164147906677
BAD 164147906683
BAD 164147906693
BAD 163971384223
BAD 164103833573
BAD 164169802513
BAD 164037724583
BAD 163987189579
BAD 164005493461
BAD 164169990799
BAD 163987292789
BAD 163987292803
BAD 163971936277
BAD 164105051017
BAD 164148492773
BAD 164105051021
BAD 164170347841
BAD 164005611571
BAD 164038541053
BAD 163952804243
BAD 164148492803
BAD 164056939639
BAD 164020010279
BAD 163987292809
BAD 163917717487
BAD 164038541057
BAD 163987292813
BAD 164038541059
BAD 164056939643
BAD 164020010281
BAD 164170347857
BAD 163917717511
BAD 163917717521
BAD 164057008909
BAD 164020100423
BAD 163987418437
BAD 164105187583
BAD 164020218629
BAD 164020218631
BAD 163952998621
BAD 164057204953
BAD 164057256877
BAD 164020512991
BAD 164105398927
BAD 164057256889
BAD 164057256893
BAD 163953262597
BAD 164020602553
BAD 164057384437
BAD 164105543893
BAD 164149150493
BAD 164020698473
BAD 164020698497
BAD 164170916453
BAD 164057484541
BAD 164020729693
BAD 164057488691
BAD 164006359579
BAD 164171040763
BAD 164171040769
BAD 164171040773
BAD 164020847723
BAD 164105768153
BAD 164006497223
BAD 164006497231
BAD 163988196859
BAD 163988196863
BAD 163918559303
BAD 164020956839
BAD 163972687699
BAD 164006648761
BAD 164021035771
BAD 164057898289
BAD 164150540179
BAD 164007674543
BAD 163973162893
BAD 164171537903
BAD 164021035777
BAD 163918930873
BAD 163988385731
BAD 164057898293
BAD 164039429947
BAD 164106348853
BAD 164039429951
BAD 164106393469
BAD 164007727099
BAD 164007831497
BAD 164007831499
BAD 164007831503
BAD 164058129283
BAD 164171751157
BAD 164171751167
BAD 164171751179
BAD 164171751181
BAD 164171751187
BAD 164150899543
BAD 164150899547
BAD 164150899553
BAD 163973542597
BAD 163919260867
BAD 164008141943
BAD 164008141951
BAD 164058413941
BAD 164171999371
BAD 163954209281
BAD 163989333623
BAD 164151296809
BAD 164171999377
BAD 164039803831
BAD 163954209283
BAD 163919347733
BAD 163989333631
BAD 164171999413
BAD 163975055833
BAD 164151296857
BAD 164107754689
BAD 163989333637
BAD 163975055837
BAD 163989333643
BAD 163989333649
BAD 163989333653
BAD 164151308471
BAD 164151308473
BAD 164151308479
BAD 164151308537
BAD 163919467741
BAD 164040081943
BAD 164040081949
BAD 163919764637
BAD 163919764639
BAD 163919764643
BAD 163919764651
BAD 163976001887
BAD 164040277237
BAD 164059673149
BAD 163955362297
BAD 164021967113
BAD 163990141193
BAD 164172811249
BAD 164152066471
BAD 163955362301
BAD 164108586617
BAD 163955362303
BAD 163955362699
BAD 164108586619
BAD 164108586623
BAD 164059699429
BAD 164172939289
BAD 164152219171
BAD 164108806877
BAD 164059880759
BAD 164008694123
BAD 163990289453
BAD 164108828893
BAD 163955634421
BAD 164173096753
BAD 164022263761
BAD 164152434241
BAD 164152434247
BAD 163955770723
BAD 164109240961
BAD 164173440311
BAD 163990703299
BAD 164009226487
BAD 164040932749
BAD 164152729219
BAD 163920226703
BAD 164040932753
BAD 164009271707
BAD 164009271709
BAD 164009271719
BAD 164009271721
BAD 164109735541
BAD 164109735551
BAD 163956594257
BAD 163956594259
BAD 163956660563
BAD 164041111379
BAD 163956790519
BAD 163956790523
BAD 164041194313
BAD 164023383263
BAD 164023383283
BAD 164153251201
BAD 164153251211
BAD 163991006219
BAD 164041375297
BAD 164041433323
BAD 164041433341
BAD 163991082407
BAD 163957410377
BAD 163920745763
BAD 163957482883
BAD 163991454811
BAD 164153861059
BAD 164153861063
BAD 163991543539
BAD 163991543543
BAD 164153973631
BAD 164154028823
BAD 164174376019
BAD 163957652303
BAD 164042014547
BAD 164042046739
BAD 164154097057
BAD 163957731557
BAD 163957731559
BAD 163957731563
BAD 163957731569
BAD 163957731589
BAD 163991738633
BAD 164174640173
BAD 163991884373
BAD 164174657671
BAD 164174713739
BAD 164174713741
BAD 163991973073
BAD 163958018369
BAD 163958018377
BAD 163958018407
BAD 164154511379
BAD 164154511757
BAD 164154528859
BAD 164174790187
BAD 164024662987
BAD 164174790191
BAD 164042547629
BAD 164042547631
BAD 164154587659
BAD 163958447453
BAD 164174989471
BAD 164174989477
BAD 163992557461
BAD 163992557489
BAD 164154893113
BAD 164154893117
BAD 164154893207
BAD 164154893209
BAD 164155070503
BAD 163922194769
BAD 163922194771
BAD 163958908517
BAD 163958908523
BAD 163958928667
BAD 164175551041
BAD 164175551047
BAD 163959166193
BAD 163959200239
BAD 163959200243
BAD 163959200257
BAD 163959205381
BAD 164025890983
BAD 164155676359
BAD 164176367671
BAD 164155872173
BAD 164155872211
BAD 164155872217
BAD 164156036929
BAD 164156278243
BAD 164156278249
BAD 163923282983
BAD 164177084153
BAD 163923419873
BAD 163923487337
BAD 163923487339
BAD 163923578107
BAD 163923578111
BAD 163923578113
BAD 164157051613
BAD 164157089543
BAD 163923898163
BAD 163923898241
BAD 164157325001
BAD 163924050853
BAD 164158231487
BAD 164158231493
BAD 164158231507
BAD 163925075813
BAD 164158628749
BAD 163925367301
BAD 163925624231
BAD 164196021469
BAD 164196073451
BAD 164196073453
BAD 164159424211
BAD 164159424217
BAD 164196584843
BAD 164160107131
BAD 164196812293
BAD 164160291499
BAD 164160475667
BAD 164160475669
BAD 164197134229
BAD 164160502963
BAD 164160503011
BAD 164160738883
BAD 164197560049
BAD 164197560053
BAD 164198022563
BAD 164198022581
BAD 164198985857
BAD 164198985859
BAD 164199355303
BAD 164199775391
BAD 164199775393
BAD 164200424587
BAD 164200424629
BAD 164200888343
BAD 164201210743
BAD 164201210749
BAD 164201210783
BAD 164201291909
BAD 164201291911
BAD 164201911763
BAD 164201929909
BAD 164202123203
BAD 164202295583
BAD 164202295643
BAD 164203233413
BAD 164203414891
BAD 164203414897
BAD 164203553753
BAD 164203553783
BAD 164203734061
BAD 164203899269
BAD 164203899271
BAD 164204215207
BAD 164204215213
BAD 164177925563
BAD 164177937961
BAD 164177978689
BAD 164204717249
BAD 164204717251
BAD 164204751889
BAD 164178818183
BAD 164205084233
BAD 164179186487
BAD 164179414159
BAD 164205554363
BAD 164206445269
BAD 164181326273
BAD 164181414799
BAD 164206953017
BAD 164206953019
BAD 164182349627
BAD 164182349629
BAD 164182349633
BAD 164182674157
BAD 164207744123
BAD 164207942837
BAD 164208132313
BAD 164208132323
BAD 164208132329
BAD 164208132331
BAD 164208628141
BAD 164184005333
BAD 164208762217
BAD 164209028723
BAD 164209517767
BAD 164185255537
BAD 164210804333
BAD 164186290643
BAD 164186759329
BAD 164186759393
BAD 164187695537
BAD 164188541317
BAD 164188980331
BAD 164189883527
BAD 164190221893
BAD 164190760807
BAD 164190965399
BAD 164191182923
BAD 164191182931
BAD 164192124931
BAD 164192175229
BAD 164192665643
BAD 164193026203
BAD 164193026213
BAD 164193267223
BAD 164193346883
BAD 164193539689
BAD 164211110369
BAD 164211540151
BAD 164212225847
BAD 164213534279
BAD 164214646811
BAD 164214716069
BAD 164214716087
BAD 164214943313
BAD 164214943339
BAD 164214955291
BAD 164215525729
BAD 164215687583
BAD 164215687619
BAD 164215687621
BAD 164215810981
BAD 164215834273
BAD 164215935661
BAD 164216171963
BAD 164216171969
BAD 164216171971
BAD 164216171981
BAD 164216171983
BAD 164216455141
BAD 164216455159
BAD 164216603951
BAD 164216603953
BAD 164217352009
BAD 164217379309
BAD 164217379321
BAD 164219603959
BAD 164221037723
BAD 164222621341
BAD 164222656789
BAD 164222700751
BAD 164223280453
BAD 164223280457
BAD 164223282259
BAD 164223282263
BAD 164223282271
BAD 164223282277
BAD 164223890827
BAD 164223914381
BAD 164223914383
BAD 164223914389
BAD 164223929299
BAD 164224077487
BAD 164224245337
BAD 164224284349
BAD 164225363051
BAD 164225440411
BAD 164225598983
BAD 164225802821
BAD 164225802823
BAD 164225924123
BAD 164225967623
BAD 164226134921
BAD 164226134923
BAD 164226188041
BAD 164227053313
BAD 164227424059
BAD 164227627583
BAD 164229091493
BAD 164229503707
BAD 164229503723
BAD 164229845011
BAD 164230264021
BAD 164230462489
BAD 164230929523
BAD 164230929571
BAD 164231378749
BAD 164245345039
BAD 164245392149
BAD 164245392151
BAD 164245620031
BAD 164245620047
BAD 164232532993
BAD 164232858313
BAD 164232858323
BAD 164233427069
BAD 164246630521
BAD 164233786069
BAD 164247308299
BAD 164234651743
BAD 164247390173
BAD 164234821279
BAD 164234853583
BAD 164248001303
BAD 164235636571
BAD 164235781379
BAD 164235781387
BAD 164235829553
BAD 164236507163
BAD 164236507181
BAD 164236507189
BAD 164248761967
BAD 164249002013
BAD 164236901513
BAD 164249163607
BAD 164249507731
BAD 164237397721
BAD 164237743589
BAD 164237743591
BAD 164237743643
BAD 164250347803
BAD 164250835439
BAD 164251145939
BAD 164251145941
BAD 164251145977
BAD 164251145987
BAD 164251183619
BAD 164251235779
BAD 164251758113
BAD 164252973463
BAD 164253611239
BAD 164253611243
BAD 164253611251
BAD 164253832373
BAD 164254021307
BAD 164254263379
BAD 164254342129
BAD 164254342141
BAD 164254359743
BAD 164254359749
BAD 164254359751
BAD 164254826851
BAD 164254826867
BAD 164254826873
BAD 164255517757
BAD 164255517761
BAD 164255517763
BAD 164255704247
BAD 164255704253
BAD 164255831297
BAD 164256242677
BAD 164239102501
BAD 164239322501
BAD 164240661503
BAD 164240664859
BAD 164240832991
BAD 164241091249
BAD 164241152533
BAD 164241584989
BAD 164242708327
BAD 164243655539
BAD 164243777743
BAD 164243989109
BAD 164243989111
BAD 164244182033
BAD 164244302869
BAD 164257194659
BAD 164257194667
BAD 164257990849
BAD 164258006791
BAD 164258142911
BAD 164258142913
BAD 164258146553
BAD 164258537393
BAD 164258868517
BAD 164259066091
BAD 164259145291
BAD 164259328423
BAD 164259789737
BAD 164260097861
BAD 164260097863
BAD 164260097867
BAD 164260855771
BAD 164260855783
BAD 164261169001
BAD 164312107789
BAD 164312107793
BAD 164312638019
BAD 164312638027
BAD 164313030391
BAD 164313178891
BAD 164313194083
BAD 164313316991
BAD 164314498531
BAD 164315953553
BAD 164315953597
BAD 164315953609
BAD 164316252497
BAD 164316832793
BAD 164316989971
BAD 164317374289
BAD 164317374293
BAD 164318292847
BAD 164318292871
BAD 164318292893
BAD 164319314197
BAD 164319461731
BAD 164319558259
BAD 164319991729
BAD 164319991733
BAD 164320171817
BAD 164320171819
BAD 164320822331
BAD 164320822333
BAD 164320822343
BAD 164321274517
BAD 164345620357
BAD 164345620363
BAD 164321385149
BAD 164322144409
BAD 164322710473
BAD 164347464889
BAD 164347464893
BAD 164347464899
BAD 164347796689
BAD 164347796693
BAD 164347963361
BAD 164347963363
BAD 164348357483
BAD 164323705943
BAD 164348357491
BAD 164323705951
BAD 164323759849
BAD 164348503489
BAD 164324538293
BAD 164324837023
BAD 164324973251
BAD 164325002689
BAD 164325002993
BAD 164325003001
BAD 164325003013
BAD 164348974159
BAD 164348988379
BAD 164349164141
BAD 164350034063
BAD 164350331881
BAD 164350902539
BAD 164351103361
BAD 164351514967
BAD 164351799397
BAD 164261489533
BAD 164351818387
BAD 164261919223
BAD 164352224833
BAD 164352359333
BAD 164352359419
BAD 164352475291
BAD 164262304699
BAD 164262304729
BAD 164262304733
BAD 164262304741
BAD 164325920137
BAD 164326381007
BAD 164353282741
BAD 164263247123
BAD 164263247149
BAD 164263247171
BAD 164326767271
BAD 164263386061
BAD 164353472281
BAD 164263532863
BAD 164263562017
BAD 164263596197
BAD 164263662911
BAD 164263716739
BAD 164327417041
BAD 164327417047
BAD 164264051537
BAD 164264107157
BAD 164264107159
BAD 164327632969
BAD 164327698399
BAD 164327723401
BAD 164327819893
BAD 164278269733
BAD 164278269739
BAD 164327881771
BAD 164353867319
BAD 164278503871
BAD 164278503877
BAD 164278627703
BAD 164264683993
BAD 164278910063
BAD 164278910069
BAD 164354673913
BAD 164354768507
BAD 164354768509
BAD 164354768761
BAD 164264948011
BAD 164264948047
BAD 164354962687
BAD 164354962691
BAD 164279316671
BAD 164279316673
BAD 164279316679
BAD 164279316683
BAD 164279490883
BAD 164265640897
BAD 164265640909
BAD 164265640919
BAD 164355962299
BAD 164265640921
BAD 164355973787
BAD 164355973799
BAD 164355973801
BAD 164355973843
BAD 164355973853
BAD 164355999559
BAD 164355999593
BAD 164355999601
BAD 164280713197
BAD 164280713203
BAD 164280713209
BAD 164296705231
BAD 164280741997
BAD 164356185839
BAD 164356185841
BAD 164265946673
BAD 164265946703
BAD 164280899743
BAD 164280899747
BAD 164280950611
BAD 164281101337
BAD 164266264249
BAD 164266396163
BAD 164281578367
BAD 164281711771
BAD 164297882317
BAD 164297882341
BAD 164357665261
BAD 164357791333
BAD 164267071261
BAD 164281883113
BAD 164298283153
BAD 164282044651
BAD 164282111221
BAD 164298548783
BAD 164282393221
BAD 164282393543
BAD 164358550123
BAD 164267947279
BAD 164282578927
BAD 164299227149
BAD 164299227151
BAD 164358923851
BAD 164358923857
BAD 164359086263
BAD 164359098413
BAD 164359098419
BAD 164299635067
BAD 164299635077
BAD 164283441143
BAD 164283441169
BAD 164299856629
BAD 164299856639
BAD 164283582317
BAD 164283582319
BAD 164283730157
BAD 164283730159
BAD 164283752561
BAD 164283757819
BAD 164359350539
BAD 164300851733
BAD 164283757823
BAD 164359350541
BAD 164283826717
BAD 164300997631
BAD 164301240559
BAD 164301240563
BAD 164301325213
BAD 164284321219
BAD 164284321231
BAD 164301670471
BAD 164301899873
BAD 164284859491
BAD 164302312063
BAD 164302312067
BAD 164302865513
BAD 164302865521
BAD 164285824411
BAD 164303055613
BAD 164303055619
BAD 164303464081
BAD 164303464109
BAD 164303464111
BAD 164361954571
BAD 164361954577
BAD 164361954583
BAD 164286259783
BAD 164362045247
BAD 164362045249
BAD 164269125901
BAD 164303900107
BAD 164269404799
BAD 164269404883
BAD 164304161479
BAD 164270575543
BAD 164271624851
BAD 164305800331
BAD 164305843787
BAD 164305843789
BAD 164272198969
BAD 164272198973
BAD 164306154239
BAD 164272446497
BAD 164272970299
BAD 164307469037
BAD 164307469043
BAD 164273585881
BAD 164273585897
BAD 164273585911
BAD 164307543373
BAD 164274496013
BAD 164274604759
BAD 164274604763
BAD 164274604777
BAD 164274628223
BAD 164308274983
BAD 164308883393
BAD 164308955359
BAD 164308975867
BAD 164275259431
BAD 164308975871
BAD 164275259443
BAD 164275330861
BAD 164275415743
BAD 164309133497
BAD 164275536121
BAD 164309278583
BAD 164309383159
BAD 164275830811
BAD 164309946029
BAD 164310706969
BAD 164310706981
BAD 164276712811
BAD 164277325909
BAD 164286396517
BAD 164278064869
BAD 164328911731
BAD 164328911737
BAD 164287639829
BAD 164287639837
BAD 164287976603
BAD 164288164043
BAD 164329826893
BAD 164329826897
BAD 164330084147
BAD 164288977507
BAD 164288977511
BAD 164330166463
BAD 164330166467
BAD 164330450099
BAD 164330450101
BAD 164330920183
BAD 164331323693
BAD 164331934387
BAD 164332319009
BAD 164289123709
BAD 164332497421
BAD 164289574159
BAD 164333039281
BAD 164333039287
BAD 164333039291
BAD 164333091509
BAD 164333091511
BAD 164333371207
BAD 164333694169
BAD 164290446139
BAD 164291402029
BAD 164291506579
BAD 164335179817
BAD 164335189729
BAD 164291917771
BAD 164335460189
BAD 164335473697
BAD 164335812131
BAD 164335865921
BAD 164335865933
BAD 164335865951
BAD 164336391941
BAD 164336391943
BAD 164292964249
BAD 164292964321
BAD 164293075099
BAD 164293075103
BAD 164293273037
BAD 164337135409
BAD 164337250397
BAD 164293850767
BAD 164294196083
BAD 164294196113
BAD 164340790013
BAD 164340872027
BAD 164340872029
BAD 164341716109
BAD 164343257107
BAD 164343845023
BAD 164343845063
BAD 164344079219
BAD 164344317799
BAD 164344621171
BAD 164344621321
BAD 164344777889
BAD 164345166697
BAD 164429377711
BAD 164429467801
BAD 164430431153
BAD 164430431183
BAD 164431084403
BAD 164431143739
BAD 164431143743
BAD 164431143761
BAD 164431143763
BAD 164431143769
BAD 164431198879
BAD 164431737781
BAD 164431737787
BAD 164433052237
BAD 164580355469
BAD 164580440251
BAD 164580537133
BAD 164580767269
BAD 164581153073
BAD 164581922891
BAD 164582393897
BAD 164582612443
BAD 164582612449
BAD 164582989171
BAD 164583699803
BAD 164584715983
BAD 164584715989
BAD 164584716077
BAD 164585721151
BAD 164586157159
BAD 164586157163
BAD 164434767073
BAD 164434767083
BAD 164434767089
BAD 164434767097
BAD 164586733177
BAD 164435509267
BAD 164435595151
BAD 164435595157
BAD 164435651161
BAD 164435651167
BAD 164587589597
BAD 164587589599
BAD 164587589603
BAD 164587589629
BAD 164587715407
BAD 164436420697
BAD 164436420713
BAD 164588362207
BAD 164588975051
BAD 164437053533
BAD 164437053541
BAD 164589297079
BAD 164437360393
BAD 164589839203
BAD 164589839207
BAD 164437457161
BAD 164437961617
BAD 164438051761
BAD 164438109151
BAD 164438204407
BAD 164438204429
BAD 164438204431
BAD 164591029769
BAD 164591166767
BAD 164463165557
BAD 164463165563
BAD 164593140541
BAD 164362249369
BAD 164439774353
BAD 164593140571
BAD 164593140577
BAD 164465014003
BAD 164362356773
BAD 164440416871
BAD 164440731887
BAD 164465985653
BAD 164441693953
BAD 164441790839
BAD 164363070301
BAD 164363070331
BAD 164363119819
BAD 164363142313
BAD 164442012323
BAD 164363246297
BAD 164363246303
BAD 164594580313
BAD 164594627969
BAD 164594627971
BAD 164364000683
BAD 164467303837
BAD 164443403941
BAD 164364529327
BAD 164364529331
BAD 164364529333
BAD 164364716423
BAD 164443768259
BAD 164443868723
BAD 164468697949
BAD 164596319231
BAD 164530162483
BAD 164530162487
BAD 164530162493
BAD 164596446983
BAD 164596508207
BAD 164596508213
BAD 164596508233
BAD 164596508287
BAD 164596508291
BAD 164530610227
BAD 164468919473
BAD 164530791697
BAD 164530842449
BAD 164530855043
BAD 164469363371
BAD 164444368943
BAD 164444368951
BAD 164469586691
BAD 164469586693
BAD 164444503471
BAD 164531355379
BAD 164469682673
BAD 164513220563
BAD 164513295061
BAD 164513295077
BAD 164513295083
BAD 164513295091
BAD 164444727661
BAD 164364978389
BAD 164531939059
BAD 164470285673
BAD 164446205117
BAD 164364978391
BAD 164531939063
BAD 164531939071
BAD 164446205137
BAD 164446252759
BAD 164446586279
BAD 164470717429
BAD 164365260149
BAD 164365260151
BAD 164365371353
BAD 164532357799
BAD 164365543913
BAD 164365543921
BAD 164471058571
BAD 164365572689
BAD 164365572691
BAD 164365572703
BAD 164445333233
BAD 164447418959
BAD 164447463473
BAD 164447463487
BAD 164447463547
BAD 164366272397
BAD 164445927631
BAD 164513407013
BAD 164471907013
BAD 164563408003
BAD 164447860463
BAD 164366599487
BAD 164366599489
BAD 164472047329
BAD 164563600573
BAD 164563600577
BAD 164472113107
BAD 164472240043
BAD 164367012283
BAD 164367012287
BAD 164448568477
BAD 164564058193
BAD 164367440701
BAD 164448949279
BAD 164368015639
BAD 164449354813
BAD 164368156831
BAD 164515152563
BAD 164515152569
BAD 164368397971
BAD 164449757663
BAD 164449757713
BAD 164368459033
BAD 164565007609
BAD 164449911433
BAD 164450034481
BAD 164368856941
BAD 164515668571
BAD 164450332001
BAD 164515806451
BAD 164450383399
BAD 164450388601
BAD 164369395321
BAD 164369395343
BAD 164450657753
BAD 164369435107
BAD 164474755331
BAD 164450877571
BAD 164565797887
BAD 164565797899
BAD 164565797911
BAD 164565797917
BAD 164565797933
BAD 164565797959
BAD 164475009217
BAD 164475009221
BAD 164475009241
BAD 164475009269
BAD 164475009271
BAD 164369754259
BAD 164369793403
BAD 164475136291
BAD 164475136297
BAD 164475136313
BAD 164475150577
BAD 164516539939
BAD 164516539949
BAD 164516539951
BAD 164516539963
BAD 164567218709
BAD 164535783439
BAD 164475483857
BAD 164451698783
BAD 164535783443
BAD 164370607021
BAD 164475483859
BAD 164475483863
BAD 164370607031
BAD 164370607033
BAD 164535896521
BAD 164516760673
BAD 164516760689
BAD 164516760691
BAD 164516760703
BAD 164475787013
BAD 164370853883
BAD 164475890503
BAD 164475890507
BAD 164371008031
BAD 164371008037
BAD 164476085231
BAD 164517482057
BAD 164517482071
BAD 164517585467
BAD 164536447099
BAD 164371665727
BAD 164476598003
BAD 164476654891
BAD 164476685861
BAD 164412413947
BAD 164568072923
BAD 164452081757
BAD 164371958633
BAD 164412413951
BAD 164452081763
BAD 164371958651
BAD 164412413953
BAD 164412413959
BAD 164372017177
BAD 164476818001
BAD 164476818007
BAD 164412686183
BAD 164372216873
BAD 164372287099
BAD 164372287103
BAD 164372287109
BAD 164372287111
BAD 164372287253
BAD 164372287259
BAD 164536737901
BAD 164412964823
BAD 164452503767
BAD 164452503791
BAD 164452503799
BAD 164452503811
BAD 164536749743
BAD 164536752307
BAD 164536752319
BAD 164536752323
BAD 164477449127
BAD 164452653461
BAD 164536752329
BAD 164372601209
BAD 164536752353
BAD 164414069011
BAD 164569652941
BAD 164536821289
BAD 164536821311
BAD 164536821313
BAD 164569732577
BAD 164536855963
BAD 164536855969
BAD 164372850073
BAD 164372850079
BAD 164537162417
BAD 164537162423
BAD 164477985157
BAD 164477985173
BAD 164537197073
BAD 164373126023
BAD 164373126031
BAD 164570422847
BAD 164478477743
BAD 164453621509
BAD 164453621551
BAD 164453674123
BAD 164373818899
BAD 164478643051
BAD 164538072427
BAD 164478803579
BAD 164374168669
BAD 164572505809
BAD 164415077483
BAD 164572505813
BAD 164453939989
BAD 164572505821
BAD 164478803581
BAD 164374172551
BAD 164415077509
BAD 164572518563
BAD 164454047761
BAD 164572645459
BAD 164572645463
BAD 164538225589
BAD 164479094713
BAD 164479094723
BAD 164479094737
BAD 164538308593
BAD 164454225323
BAD 164538321917
BAD 164538321919
BAD 164572795531
BAD 164538570617
BAD 164538570619
BAD 164454600647
BAD 164454600649
BAD 164454640423
BAD 164519588897
BAD 164454701701
BAD 164454701713
BAD 164415528379
BAD 164573429219
BAD 164454701717
BAD 164539261519
BAD 164454701743
BAD 164573429221
BAD 164415528383
BAD 164539261567
BAD 164415528401
BAD 164415589453
BAD 164539366223
BAD 164375035381
BAD 164415686069
BAD 164520853333
BAD 164375460593
BAD 164521032913
BAD 164521032967
BAD 164455164803
BAD 164539933871
BAD 164539933889
BAD 164539933891
BAD 164455268581
BAD 164416112963
BAD 164416162517
BAD 164574284983
BAD 164521325659
BAD 164455574923
BAD 164455574929
BAD 164455574939
BAD 164521414727
BAD 164416697993
BAD 164574494221
BAD 164455607053
BAD 164376116609
BAD 164376116629
BAD 164376116633
BAD 164455607059
BAD 164455607077
BAD 164574538873
BAD 164574538913
BAD 164455854791
BAD 164376393607
BAD 164376397189
BAD 164521647193
BAD 164574734029
BAD 164376523327
BAD 164456592319
BAD 164417299103
BAD 164377011121
BAD 164377076761
BAD 164456913833
BAD 164417515069
BAD 164377132033
BAD 164540328661
BAD 164522347777
BAD 164522347783
BAD 164522347789
BAD 164522347793
BAD 164522618861
BAD 164522618863
BAD 164457474091
BAD 164575812259
BAD 164417803373
BAD 164522618867
BAD 164540806657
BAD 164395711523
BAD 164457474119
BAD 164377619509
BAD 164575812263
BAD 164457474121
BAD 164377698811
BAD 164395846499
BAD 164395846501
BAD 164457672793
BAD 164576050153
BAD 164576071243
BAD 164576162369
BAD 164523125957
BAD 164523125959
BAD 164396105957
BAD 164396105959
BAD 164396105969
BAD 164396105971
BAD 164396203039
BAD 164378499323
BAD 164458233713
BAD 164396413697
BAD 164458390639
BAD 164396661491
BAD 164396661493
BAD 164396661497
BAD 164458796521
BAD 164496601343
BAD 164496625387
BAD 164524074919
BAD 164459083111
BAD 164419146349
BAD 164542394771
BAD 164542394773
BAD 164542394777
BAD 164524260839
BAD 164524260841
BAD 164497146661
BAD 164542502363
BAD 164577656713
BAD 164577656717
BAD 164419317679
BAD 164419317683
BAD 164459778811
BAD 164459804983
BAD 164459821343
BAD 164459821381
BAD 164459885467
BAD 164543030233
BAD 164543030237
BAD 164419601329
BAD 164419601341
BAD 164419601347
BAD 164419605187
BAD 164419605197
BAD 164543162947
BAD 164460016313
BAD 164525194189
BAD 164597335403
BAD 164498162603
BAD 164579077409
BAD 164498162623
BAD 164398198661
BAD 164419605199
BAD 164597335411
BAD 164480826707
BAD 164398198663
BAD 164480826709
BAD 164398289639
BAD 164398289641
BAD 164498413441
BAD 164498413447
BAD 164543349079
BAD 164398391429
BAD 164398391467
BAD 164481115969
BAD 164481115973
BAD 164498611789
BAD 164498730379
BAD 164498730391
BAD 164498730413
BAD 164525682289
BAD 164598064199
BAD 164598064201
BAD 164460594073
BAD 164525946373
BAD 164460594349
BAD 164460594367
BAD 164398926337
BAD 164398941257
BAD 164460743501
BAD 164598671291
BAD 164579791879
BAD 164482195819
BAD 164482260337
BAD 164482260353
BAD 164460894473
BAD 164420988757
BAD 164420988761
BAD 164499768233
BAD 164598926029
BAD 164461060937
BAD 164499938741
BAD 164499938761
BAD 164599196719
BAD 164461276789
BAD 164500075567
BAD 164500075573
BAD 164500075591
BAD 164500075609
BAD 164500075613
BAD 164421410653
BAD 164526555931
BAD 164599341653
BAD 164599341659
BAD 164526631993
BAD 164482865809
BAD 164544573989
BAD 164599341661
BAD 164461820779
BAD 164500673803
BAD 164421948893
BAD 164544709337
BAD 164544709339
BAD 164461995227
BAD 164526829513
BAD 164483170793
BAD 164526861959
BAD 164526866597
BAD 164526866599
BAD 164599630291
BAD 164422064203
BAD 164399946533
BAD 164501266691
BAD 164483642657
BAD 164527210769
BAD 164462445241
BAD 164462445253
BAD 164379439009
BAD 164600291929
BAD 164545242167
BAD 164501783783
BAD 164484066781
BAD 164462722693
BAD 164422684973
BAD 164527547641
BAD 164422684981
BAD 164400954857
BAD 164600451503
BAD 164484199409
BAD 164400954859
BAD 164484199447
BAD 164400954863
BAD 164422713139
BAD 164484271291
BAD 164401128973
BAD 164545627733
BAD 164422935451
BAD 164401537841
BAD 164527997539
BAD 164527997561
BAD 164527997563
BAD 164600871481
BAD 164401642673
BAD 164528172673
BAD 164423634841
BAD 164485120783
BAD 164401932287
BAD 164528394539
BAD 164528394559
BAD 164402035621
BAD 164423927771
BAD 164528556427
BAD 164424030013
BAD 164424030019
BAD 164485436933
BAD 164546584021
BAD 164381026291
BAD 164503535159
BAD 164485436939
BAD 164402311081
BAD 164528774107
BAD 164546892467
BAD 164546892469
BAD 164402395643
BAD 164402476981
BAD 164528938003
BAD 164503754491
BAD 164503754507
BAD 164503754509
BAD 164402578633
BAD 164503886713
BAD 164529082561
BAD 164529082567
BAD 164503980737
BAD 164503980743
BAD 164503980757
BAD 164381426723
BAD 164424864991
BAD 164547430477
BAD 164424986993
BAD 164424987007
BAD 164402981233
BAD 164547678187
BAD 164486025973
BAD 164381743181
BAD 164601807169
BAD 164548038607
BAD 164403415249
BAD 164548113733
BAD 164504849573
BAD 164381955559
BAD 164381955571
BAD 164381955677
BAD 164381955679
BAD 164486440009
BAD 164381996167
BAD 164381996173
BAD 164602402663
BAD 164602402673
BAD 164505405901
BAD 164486827343
BAD 164548945243
BAD 164548945261
BAD 164486901031
BAD 164505671021
BAD 164505671023
BAD 164383027327
BAD 164404604251
BAD 164603302421
BAD 164426352413
BAD 164426352437
BAD 164426352439
BAD 164487450643
BAD 164506668923
BAD 164603944537
BAD 164384331053
BAD 164426777969
BAD 164405596423
BAD 164506947349
BAD 164405596441
BAD 164426777971
BAD 164426777989
BAD 164550726451
BAD 164405598449
BAD 164405598451
BAD 164405598457
BAD 164405598463
BAD 164487841159
BAD 164405628991
BAD 164384389627
BAD 164384389633
BAD 164604077867
BAD 164507119229
BAD 164604212519
BAD 164427054721
BAD 164406074831
BAD 164604361267
BAD 164551473979
BAD 164551473991
BAD 164507673203
BAD 164488351589
BAD 164488351591
BAD 164406286739
BAD 164406286741
BAD 164507762359
BAD 164406404273
BAD 164488419713
BAD 164428116007
BAD 164507762371
BAD 164488419721
BAD 164428116019
BAD 164507762387
BAD 164604737753
BAD 164507762389
BAD 164385615311
BAD 164604737783
BAD 164507762399
BAD 164604737797
BAD 164507762401
BAD 164507762411
BAD 164507762413
BAD 164507766289
BAD 164507766391
BAD 164385738173
BAD 164428338953
BAD 164604918661
BAD 164604918679
BAD 164428418243
BAD 164488682179
BAD 164488693003
BAD 164428678573
BAD 164428678591
BAD 164386056649
BAD 164428890499
BAD 164428890503
BAD 164605389569
BAD 164386351193
BAD 164489055811
BAD 164508329879
BAD 164407341781
BAD 164489055827
BAD 164428890581
BAD 164428890583
BAD 164386356163
BAD 164386356179
BAD 164386356181
BAD 164489111497
BAD 164489111503
BAD 164489111561
BAD 164554575863
BAD 164554575901
BAD 164407553509
BAD 164554669009
BAD 164605732099
BAD 164489413951
BAD 164606054387
BAD 164606054407
BAD 164555326043
BAD 164606132153
BAD 164387004773
BAD 164555350171
BAD 164387053993
BAD 164387053997
BAD 164387153393
BAD 164606424407
BAD 164387274391
BAD 164408732347
BAD 164490050953
BAD 164387360437
BAD 164408935987
BAD 164408935991
BAD 164408935993
BAD 164606780357
BAD 164606780363
BAD 164387644501
BAD 164387644763
BAD 164387650373
BAD 164556724963
BAD 164556724973
BAD 164556724987
BAD 164556724993
BAD 164409430379
BAD 164607050809
BAD 164607080681
BAD 164556898669
BAD 164557111973
BAD 164557268879
BAD 164557268881
BAD 164510001769
BAD 164510031157
BAD 164607633143
BAD 164607705853
BAD 164510089553
BAD 164557756483
BAD 164557756487
BAD 164410534753
BAD 164607966037
BAD 164510268919
BAD 164607966041
BAD 164607966043
BAD 164608039597
BAD 164608082017
BAD 164608082021
BAD 164557880213
BAD 164510379479
BAD 164410781221
BAD 164410781233
BAD 164608408849
BAD 164491442483
BAD 164491458017
BAD 164491496111
BAD 164491496131
BAD 164510807501
BAD 164411652709
BAD 164558703409
BAD 164609187791
BAD 164609187793
BAD 164491963921
BAD 164491963927
BAD 164609225971
BAD 164389952581
BAD 164389952603
BAD 164412284611
BAD 164412284633
BAD 164412347731
BAD 164492155579
BAD 164390252087
BAD 164390270003
BAD 164511397163
BAD 164609756897
BAD 164559364951
BAD 164559410783
BAD 164492367049
BAD 164609988107
BAD 164609988113
BAD 164511683983
BAD 164610216973
BAD 164511793471
BAD 164511805699
BAD 164511862133
BAD 164560181341
BAD 164560400993
BAD 164560420757
BAD 164391268003
BAD 164391268007
BAD 164391268009
BAD 164391317333
BAD 164610867277
BAD 164610867293
BAD 164493056209
BAD 164391506843
BAD 164391542369
BAD 164391542387
BAD 164391542389
BAD 164391552769
BAD 164560929671
BAD 164560947059
BAD 164493382241
BAD 164493478753
BAD 164493478757
BAD 164493478759
BAD 164611569413
BAD 164391922763
BAD 164561302219
BAD 164561302223
BAD 164561656187
BAD 164611994579
BAD 164392534739
BAD 164392534741
BAD 164493911437
BAD 164493911473
BAD 164493942037
BAD 164392625993
BAD 164612239039
BAD 164392700221
BAD 164392808543
BAD 164612483681
BAD 164612483683
BAD 164562352891
BAD 164612497909
BAD 164612497913
BAD 164612734487
BAD 164562688957
BAD 164613025561
BAD 164613401809
BAD 164613401833
BAD 164394402637
BAD 164495247691
BAD 164495280919
BAD 164495280923
BAD 164495292323
BAD 164394998197
BAD 164394998203
BAD 164395182563
BAD 164495476367
BAD 164495476373
BAD 164495522341
BAD 164495549863
BAD 164496001309
BAD 164496158713
BAD 164496158719
BAD 164496214559
BAD 164647797901
BAD 164647978939
BAD 164647979039
BAD 164648289031
BAD 164648493733
BAD 164648493739
BAD 164648631023
BAD 164650187599
BAD 164651250319
BAD 164651387809
BAD 164651421113
BAD 164651430623
BAD 164651717273
BAD 164613940531
BAD 164652862571
BAD 164652862573
BAD 164613976279
BAD 164613976283
BAD 164614202593
BAD 164614430731
BAD 164614430741
BAD 164614589213
BAD 164614589443
BAD 164614923953
BAD 164615523497
BAD 164615677351
BAD 164655316069
BAD 164616336503
BAD 164655973543
BAD 164616772783
BAD 164656106651
BAD 164656106653
BAD 164617115617
BAD 164656602203
BAD 164656602217
BAD 164656739509
BAD 164656739519
BAD 164656739521
BAD 164656782679
BAD 164656825831
BAD 164657236657
BAD 164657236673
BAD 164657914843
BAD 164658021733
BAD 164658547561
BAD 164658681529
BAD 164658706193
BAD 164658889399
BAD 164658889411
BAD 164659411471
BAD 164659708337
BAD 164659833353
BAD 164660080667
BAD 164660207429
BAD 164660207431
BAD 164660427829
BAD 164660687813
BAD 164660687819
BAD 164661519367
BAD 164617412051
BAD 164617412053
BAD 164617412059
BAD 164617551743
BAD 164617596179
BAD 164617596181
BAD 164617767091
BAD 164618390203
BAD 164618815169
BAD 164618815171
BAD 164619016427
BAD 164619016451
BAD 164619016453
BAD 164619466631
BAD 164619466633
BAD 164619875509
BAD 164619890803
BAD 164619890821
BAD 164620041283
BAD 164620589957
BAD 164620996231
BAD 164621450977
BAD 164621462077
BAD 164662919299
BAD 164662919321
BAD 164662920427
BAD 164662920439
BAD 164663225213
BAD 164663537947
BAD 164622316477
BAD 164622746479
BAD 164623159559
BAD 164623159567
BAD 164624230307
BAD 164624874989
BAD 164624874991
BAD 164625341207
BAD 164625341227
BAD 164625599491
BAD 164625599497
BAD 164625765233
BAD 164626245227
BAD 164626869949
BAD 164627242237
BAD 164627329351
BAD 164627329357
BAD 164627534243
BAD 164627619769
BAD 164628644053
BAD 164629256423
BAD 164629769957
BAD 164630045581
BAD 164630284213
BAD 164630974531
BAD 164630974537
BAD 164631285047
BAD 164631285083
BAD 164631285089
BAD 164631463993
BAD 164631604651
BAD 164631604769
BAD 164631788701
BAD 164631788749
BAD 164632015819
BAD 164632093501
BAD 164632687369
BAD 164632913429
BAD 164632964779
BAD 164632993717
BAD 164633722313
BAD 164634741949
BAD 164634934889
BAD 164634963343
BAD 164634963379
BAD 164635399223
BAD 164636031743
BAD 164636615393
BAD 164637603413
BAD 164637694847
BAD 164637783601
BAD 164637987523
BAD 164637987529
BAD 164637987557
BAD 164637987559
BAD 164638269739
BAD 164639085917
BAD 164639109391
BAD 164639367553
BAD 164639668727
BAD 164639668729
BAD 164639668733
BAD 164639873791
BAD 164640015929
BAD 164640015931
BAD 164640016081
BAD 164640052279
BAD 164640960871
BAD 164642070599
BAD 164642070601
BAD 164642147653
BAD 164642809673
BAD 164643309167
BAD 164643309169
BAD 164643632641
BAD 164644374007
BAD 164644883483
BAD 164644969087
BAD 164645294293
BAD 164645294299
BAD 164645647849
BAD 164645655631
BAD 164645919469
BAD 164664410851
BAD 164665260401
BAD 164667066013
BAD 164668363969
BAD 164668869577
BAD 164668869583
BAD 164668869623
BAD 164669848171
BAD 164670058783
BAD 164670877183
BAD 164671004629
BAD 164671004633
BAD 164671010659
BAD 164671011019
BAD 164672191787
BAD 164672639407
BAD 164672743853
BAD 164672998381
BAD 164673547399
BAD 164674031449
BAD 164674031497
BAD 164674368421
BAD 164674368433
BAD 164681483371
BAD 164681874437
BAD 164674777649
BAD 164674777651
BAD 164674987943
BAD 164675304061
BAD 164675392813
BAD 164675438597
BAD 164675465807
BAD 164675465809
BAD 164675465813
BAD 164675547109
BAD 164682779881
BAD 164682779887
BAD 164682779893
BAD 164683037539
BAD 164683037543
BAD 164683057313
BAD 164676529489
BAD 164676614149
BAD 164676614153
BAD 164676621503
BAD 164683861129
BAD 164684021071
BAD 164676876883
BAD 164684251663
BAD 164684355679
BAD 164684355709
BAD 164684355713
BAD 164677197623
BAD 164677214693
BAD 164677214699
BAD 164677214701
BAD 164677300037
BAD 164677587661
BAD 164677977749
BAD 164685590131
BAD 164685590143
BAD 164685741631
BAD 164685741637
BAD 164685741641
BAD 164685741643
BAD 164678663731
BAD 164686000709
BAD 164678733469
BAD 164678733473
BAD 164686184237
BAD 164686184239
BAD 164686412083
BAD 164686412087
BAD 164686412089
BAD 164679512869
BAD 164679594293
BAD 164686887733
BAD 164680017673
BAD 164680017683
BAD 164680330973
BAD 164680331003
BAD 164688187189
BAD 164748305467
BAD 164748331609
BAD 164748331613
BAD 164748571789
BAD 164748752117
BAD 164748752123
BAD 164748752131
BAD 164748752141
BAD 164748752143
BAD 164749026931
BAD 164749685461
BAD 164749685467
BAD 164750407651
BAD 164750489483
BAD 164750724679
BAD 164750979691
BAD 164751327781
BAD 164751588829
BAD 164751588839
BAD 164751663589
BAD 164751663599
BAD 164688685957
BAD 164688955429
BAD 164688955433
BAD 164688985147
BAD 164688985151
BAD 164688985159
BAD 164689138973
BAD 164690357033
BAD 164690771723
BAD 164690818393
BAD 164690818399
BAD 164690818403
BAD 164692205101
BAD 164692333033
BAD 164692669723
BAD 164692669727
BAD 164692725227
BAD 164692725229
BAD 164692829311
BAD 164692829317
BAD 164692902349
BAD 164693345591
BAD 164693751847
BAD 164693751851
BAD 164693751853
BAD 164694050839
BAD 164694181819
BAD 164753549803
BAD 164753850661
BAD 164754004763
BAD 164754589513
BAD 164754722003
BAD 164755103879
BAD 164755549339
BAD 164755569623
BAD 164755930147
BAD 164756734073
BAD 164757186409
BAD 164757306331
BAD 164757554629
BAD 164757731363
BAD 164694756713
BAD 164694756727
BAD 164694831713
BAD 164695101299
BAD 164695101301
BAD 164695719343
BAD 164695789381
BAD 164696269613
BAD 164696556043
BAD 164697477821
BAD 164757913699
BAD 164757949129
BAD 164758337749
BAD 164758337753
BAD 164758337761
BAD 164758337773
BAD 164758454983
BAD 164758473809
BAD 164758473811
BAD 164758708273
BAD 164759178709
BAD 164759178713
BAD 164759178721
BAD 164759188291
BAD 164759600339
BAD 164759784949
BAD 164759992681
BAD 164759994319
BAD 164759994323
BAD 164759997629
BAD 164759997631
BAD 164760907231
BAD 164762289907
BAD 164762398127
BAD 164763043763
BAD 164763269029
BAD 164763511949
BAD 164763511951
BAD 164763734089
BAD 164763918373
BAD 164764440539
BAD 164714593201
BAD 164714618071
BAD 164714683339
BAD 164715052639
BAD 164715128209
BAD 164715390157
BAD 164715819517
BAD 164715819589
BAD 164715964429
BAD 164716018133
BAD 164716018141
BAD 164716442953
BAD 164716996967
BAD 164716997063
BAD 164717205643
BAD 164717205649
BAD 164717379527
BAD 164717379529
BAD 164717406367
BAD 164717498951
BAD 164717498963
BAD 164717744651
BAD 164717744707
BAD 164718705661
BAD 164719024207
BAD 164764663073
BAD 164719212643
BAD 164719550887
BAD 164720340409
BAD 164720355229
BAD 164720547889
BAD 164721767303
BAD 164722572673
BAD 164722875697
BAD 164722875719
BAD 164722875721
BAD 164723756423
BAD 164724252289
BAD 164724252613
BAD 164724252617
BAD 164724252619
BAD 164724559613
BAD 164724609233
BAD 164724609239
BAD 164724609241
BAD 164724754213
BAD 164725068121
BAD 164725071773
BAD 164725416983
BAD 164725980413
BAD 164726575337
BAD 164726575339
BAD 164731413629
BAD 164731413631
BAD 164726678951
BAD 164731501199
BAD 164731501201
BAD 164726714293
BAD 164726714297
BAD 164727371621
BAD 164727519893
BAD 164727519899
BAD 164727519907
BAD 164727827479
BAD 164727960469
BAD 164727960473
BAD 164727960479
BAD 164728065547
BAD 164729213371
BAD 164729401363
BAD 164729401393
BAD 164729401411
BAD 164733361267
BAD 164733361283
BAD 164733669203
BAD 164734021223
BAD 164730291371
BAD 164730547999
BAD 164730548039
BAD 164735493173
BAD 164730548041
BAD 164697998419
BAD 164730548051
BAD 164735493217
BAD 164730548077
BAD 164735493229
BAD 164730820603
BAD 164730820621
BAD 164698441819
BAD 164698441823
BAD 164731039549
BAD 164731039579
BAD 164736253673
BAD 164736438353
BAD 164698862843
BAD 164736552451
BAD 164699254061
BAD 164699254063
BAD 164737948189
BAD 164738065733
BAD 164738491493
BAD 164738636173
BAD 164699726437
BAD 164700047891
BAD 164739369101
BAD 164739912991
BAD 164740125637
BAD 164740125643
BAD 164740125661
BAD 164700542627
BAD 164700916069
BAD 164741711311
BAD 164701995113
BAD 164741928431
BAD 164741937071
BAD 164742401911
BAD 164742401917
BAD 164702788897
BAD 164742757447
BAD 164703848899
BAD 164703848909
BAD 164704234889
BAD 164743236409
BAD 164704914799
BAD 164743736743
BAD 164705265961
BAD 164705265973
BAD 164705590229
BAD 164744275769
BAD 164744275771
BAD 164705930071
BAD 164706121831
BAD 164706121849
BAD 164744820769
BAD 164744820901
BAD 164706632969
BAD 164706632971
BAD 164707121963
BAD 164707211573
BAD 164707237007
BAD 164745470039
BAD 164746110601
BAD 164708307451
BAD 164746818959
BAD 164746818961
BAD 164708708149
BAD 164747202173
BAD 164709084019
BAD 164747352467
BAD 164747377037
BAD 164747377087
BAD 164709280543
BAD 164709290597
BAD 164747499199
BAD 164747499211
BAD 164709619861
BAD 164709678779
BAD 164709678781
BAD 164747880743
BAD 164710259783
BAD 164710437271
BAD 164710943713
BAD 164711214743
BAD 164711214751
BAD 164711442131
BAD 164711662337
BAD 164711872531
BAD 164711984033
BAD 164712130831
BAD 164712651553
BAD 164712686819
BAD 164712686821
BAD 164712810373
BAD 164712862763
BAD 164712862771
BAD 164713002841
BAD 164713155001
BAD 164714038943
BAD 164714146943
BAD 164865729341
BAD 164866465483
BAD 164866580353
BAD 164782073689
BAD 164782073693
BAD 164782481869
BAD 164867392253
BAD 164783051551
BAD 164783051581
BAD 164783143103
BAD 164783732249
BAD 164783732251
BAD 164868084289
BAD 164868084299
BAD 164868115067
BAD 164783956583
BAD 164784091097
BAD 164784091099
BAD 164784163837
BAD 164784163879
BAD 164784163883
BAD 164784568073
BAD 164784623351
BAD 164868336109
BAD 164868704941
BAD 164868745681
BAD 164785359203
BAD 164868902923
BAD 164785591651
BAD 164869223843
BAD 164869223851
BAD 164869764427
BAD 164786241973
BAD 164786264243
BAD 164786264249
BAD 164786322487
BAD 164786848243
BAD 164786848267
BAD 164786848279
BAD 164786848283
BAD 164871034327
BAD 164871034331
BAD 164871216473
BAD 164871798661
BAD 164872431991
BAD 164872974667
BAD 164873157751
BAD 164873174623
BAD 164873196143
BAD 164873260837
BAD 164873555731
BAD 164873572291
BAD 164873607803
BAD 164873648021
BAD 164873683397
BAD 164873683399
BAD 164873683411
BAD 164873683421
BAD 164873794837
BAD 164873794843
BAD 164874177451
BAD 164874359261
BAD 164874359263
BAD 164874451493
BAD 164874936263
BAD 164875005209
BAD 164875885463
BAD 164875930423
BAD 164786970259
BAD 164787010033
BAD 164788277971
BAD 164788277981
BAD 164788925921
BAD 164788925923
BAD 164788925933
BAD 164788925941
BAD 164788925971
BAD 164788925989
BAD 164788925993
BAD 164789080387
BAD 164789370563
BAD 164789370569
BAD 164789428831
BAD 164789535847
BAD 164790132889
BAD 164790133699
BAD 164790398723
BAD 164790911633
BAD 164790960799
BAD 164791702813
BAD 164791763911
BAD 164791763933
BAD 164791795943
BAD 164791813777
BAD 164878286063
BAD 164878302773
BAD 164878489933
BAD 164878701523
BAD 164879063989
BAD 164879737619
BAD 164879737621
BAD 164879737643
BAD 164879737661
BAD 164880181913
BAD 164880432991
BAD 164880495893
BAD 164881153267
BAD 164881862941
BAD 164881866733
BAD 164882005103
BAD 164792732563
BAD 164793029539
BAD 164793029543
BAD 164793228671
BAD 164793357769
BAD 164793503269
BAD 164794480087
BAD 164794480093
BAD 164794617607
BAD 164794752511
BAD 164794973513
BAD 164795089621
BAD 164795089639
BAD 164795089643
BAD 164795221579
BAD 164848663321
BAD 164795695171
BAD 164850139913
BAD 164850654029
BAD 164850654103
BAD 164851045861
BAD 164816543077
BAD 164816552963
BAD 164816596271
BAD 164816612911
BAD 164816612927
BAD 164816612929
BAD 164852311471
BAD 164798598023
BAD 164817176543
BAD 164817176549
BAD 164852717431
BAD 164817176551
BAD 164817176569
BAD 164797058893
BAD 164797127251
BAD 164764829573
BAD 164797225267
BAD 164764835563
BAD 164853136039
BAD 164853136043
BAD 164853557431
BAD 164797348019
BAD 164797348021
BAD 164765427587
BAD 164797628189
BAD 164818140761
BAD 164818140763
BAD 164818140769
BAD 164765864701
BAD 164854126561
BAD 164854126589
BAD 164854126631
BAD 164854245821
BAD 164854245823
BAD 164854312921
BAD 164854312943
BAD 164854635797
BAD 164854679491
BAD 164766325771
BAD 164854836247
BAD 164800614799
BAD 164818804903
BAD 164800811333
BAD 164882650133
BAD 164855228453
BAD 164855349863
BAD 164855349871
BAD 164855349877
BAD 164855349979
BAD 164855349983
BAD 164855380733
BAD 164831943979
BAD 164831944007
BAD 164831944009
BAD 164883313979
BAD 164883313981
BAD 164883347659
BAD 164883432113
BAD 164883432127
BAD 164819350819
BAD 164819350867
BAD 164819350873
BAD 164801116433
BAD 164801116489
BAD 164855666359
BAD 164832187441
BAD 164855818471
BAD 164767694363
BAD 164883786653
BAD 164832390143
BAD 164832567481
BAD 164768731739
BAD 164820153041
BAD 164856573887
BAD 164884295413
BAD 164802101791
BAD 164884295419
BAD 164768731741
BAD 164884295423
BAD 164884295483
BAD 164802101803
BAD 164802101837
BAD 164802101839
BAD 164832580111
BAD 164802130921
BAD 164820245609
BAD 164856648329
BAD 164856648331
BAD 164802329357
BAD 164802329359
BAD 164820383269
BAD 164820383303
BAD 164916330463
BAD 164832771617
BAD 164916397973
BAD 164820677117
BAD 164916565909
BAD 164916565927
BAD 164802845003
BAD 164820898927
BAD 164820898933
BAD 164769162673
BAD 164857140341
BAD 164803070407
BAD 164833116179
BAD 164803070423
BAD 164821036703
BAD 164821036711
BAD 164833426493
BAD 164833427299
BAD 164833427329
BAD 164833427333
BAD 164857423099
BAD 164857434073
BAD 164821279037
BAD 164821347709
BAD 164769542011
BAD 164821597799
BAD 164821597807
BAD 164833944601
BAD 164857757809
BAD 164803967389
BAD 164821930717
BAD 164821930727
BAD 164821930729
BAD 164804121403
BAD 164899049047
BAD 164886445127
BAD 164886518039
BAD 164834283391
BAD 164886518063
BAD 164899203661
BAD 164770157729
BAD 164917842181
BAD 164804501513
BAD 164834904097
BAD 164886627187
BAD 164886627197
BAD 164804613227
BAD 164804613229
BAD 164822676397
BAD 164770299563
BAD 164822822093
BAD 164918176309
BAD 164918205821
BAD 164899702459
BAD 164886905333
BAD 164886905341
BAD 164823229033
BAD 164887092511
BAD 164835550309
BAD 164823330949
BAD 164900074489
BAD 164900074499
BAD 164835640523
BAD 164835640531
BAD 164805073799
BAD 164835782261
BAD 164835782263
BAD 164900264107
BAD 164918969791
BAD 164805431821
BAD 164823942469
BAD 164835883169
BAD 164900897747
BAD 164823942473
BAD 164805431827
BAD 164771300819
BAD 164771300821
BAD 164805442873
BAD 164805442877
BAD 164888222969
BAD 164900977973
BAD 164836002283
BAD 164901114293
BAD 164901176287
BAD 164901176291
BAD 164836312297
BAD 164919464659
BAD 164919464663
BAD 164919471413
BAD 164824468951
BAD 164888776021
BAD 164888776043
BAD 164888776049
BAD 164888776051
BAD 164888776127
BAD 164824500733
BAD 164836612337
BAD 164805592793
BAD 164805592799
BAD 164805592801
BAD 164889350869
BAD 164805668149
BAD 164920019533
BAD 164836738463
BAD 164805943321
BAD 164889833321
BAD 164889833323
BAD 164825293883
BAD 164825295169
BAD 164806097693
BAD 164902388641
BAD 164902451521
BAD 164902451537
BAD 164902451573
BAD 164902451579
BAD 164920364639
BAD 164920364641
BAD 164920364647
BAD 164920368343
BAD 164902495913
BAD 164772662779
BAD 164920516067
BAD 164772662783
BAD 164920516069
BAD 164920516073
BAD 164920663429
BAD 164920663433
BAD 164920733779
BAD 164826231253
BAD 164904460691
BAD 164806991101
BAD 164921055151
BAD 164772910339
BAD 164890506359
BAD 164837547913
BAD 164772910343
BAD 164772910349
BAD 164837547943
BAD 164826331223
BAD 164807122343
BAD 164904645779
BAD 164904645781
BAD 164837773823
BAD 164904747113
BAD 164904747121
BAD 164826919249
BAD 164826919253
BAD 164826922549
BAD 164905214107
BAD 164807334301
BAD 164807381969
BAD 164807381971
BAD 164807415559
BAD 164905363549
BAD 164807607631
BAD 164891221051
BAD 164838235129
BAD 164838254233
BAD 164838300691
BAD 164891506309
BAD 164827681867
BAD 164905670269
BAD 164774015713
BAD 164827766119
BAD 164774243497
BAD 164827902103
BAD 164906128259
BAD 164906128267
BAD 164906128273
BAD 164808593701
BAD 164808593707
BAD 164922253997
BAD 164922253999
BAD 164950517653
BAD 164839194073
BAD 164839247603
BAD 164839247609
BAD 165033666913
BAD 165033666923
BAD 164808933347
BAD 164808933349
BAD 164809105183
BAD 164839359829
BAD 164839429693
BAD 164775514003
BAD 165034253017
BAD 165000084283
BAD 164907254783
BAD 164839670257
BAD 164907479389
BAD 164922941873
BAD 164839670263
BAD 164839670273
BAD 165034599623
BAD 164810024747
BAD 164839830301
BAD 164839830307
BAD 164776078391
BAD 164776078393
BAD 164893662473
BAD 164839972351
BAD 165000744541
BAD 165034900523
BAD 164907936041
BAD 164907936043
BAD 164810335793
BAD 164952215123
BAD 164893904143
BAD 164893928209
BAD 164893930717
BAD 164952292763
BAD 164840291953
BAD 165001171123
BAD 164952546839
BAD 164952546841
BAD 164776646719
BAD 164952546859
BAD 164840515789
BAD 164840522723
BAD 164778266699
BAD 164932875761
BAD 164908428973
BAD 164778266701
BAD 164810736709
BAD 165001861459
BAD 164984125819
BAD 164858231543
BAD 164953621871
BAD 164932875763
BAD 164984125921
BAD 164923498037
BAD 164829784159
BAD 165001861463
BAD 164908428977
BAD 164908428983
BAD 164829847073
BAD 164908556233
BAD 164908556237
BAD 164858372867
BAD 164858372869
BAD 164858465383
BAD 164811036563
BAD 164966161363
BAD 164811036571
BAD 164894435999
BAD 164894436001
BAD 164811054823
BAD 164811054841
BAD 164811054853
BAD 164984469877
BAD 164858603347
BAD 164933264149
BAD 165035723491
BAD 164984469919
BAD 165002233351
BAD 164811610417
BAD 164926105471
BAD 164909136697
BAD 164894784811
BAD 164830275601
BAD 164778837547
BAD 164954312969
BAD 164933264161
BAD 164966505757
BAD 164966505761
BAD 164966505763
BAD 164966505773
BAD 164966505799
BAD 164909165051
BAD 164909165053
BAD 164926159973
BAD 164926160089
BAD 164858743129
BAD 164894933701
BAD 165035902687
BAD 165035902693
BAD 165035902697
BAD 165035902699
BAD 164894974219
BAD 164779030121
BAD 164954681257
BAD 165036090781
BAD 164967456097
BAD 164830486531
BAD 164859013769
BAD 164954681261
BAD 164830486537
BAD 165003063377
BAD 164954681263
BAD 164895841933
BAD 164779030123
BAD 164933853317
BAD 164841254551
BAD 164811991339
BAD 164933853319
BAD 164909457623
BAD 164811991343
BAD 164954681267
BAD 164926347167
BAD 164926347169
BAD 164926347259
BAD 164926347283
BAD 164830509461
BAD 164830509463
BAD 164895906299
BAD 164967536311
BAD 164830655261
BAD 164830655263
BAD 164830655273
BAD 164967626287
BAD 164926646413
BAD 164831022749
BAD 164967626297
BAD 164841432419
BAD 164926646419
BAD 164831022751
BAD 165003516347
BAD 164934256181
BAD 164909736931
BAD 164896292791
BAD 164934256189
BAD 164859473521
BAD 164909789633
BAD 164812536773
BAD 164812536781
BAD 164909797973
BAD 164812562539
BAD 164779408543
BAD 164954951207
BAD 164954951209
BAD 164954951219
BAD 165036803543
BAD 164859577919
BAD 164859577921
BAD 164859577937
BAD 164859577969
BAD 164909969353
BAD 164831276339
BAD 164831276341
BAD 164831276347
BAD 164910135479
BAD 164859970109
BAD 164984627879
BAD 164841760441
BAD 164968234219
BAD 164934440149
BAD 164927535403
BAD 165004301419
BAD 164955171659
BAD 165016455713
BAD 164984627881
BAD 164910135487
BAD 164927535413
BAD 164896742863
BAD 164859970111
BAD 164910167189
BAD 165037974289
BAD 165037974293
BAD 164927575339
BAD 164896793029
BAD 164910201661
BAD 164910201671
BAD 164910201679
BAD 164927610181
BAD 164927610187
BAD 164984727799
BAD 164984727811
BAD 164813132933
BAD 164896907303
BAD 164896907311
BAD 164955383291
BAD 164896907317
BAD 164831509841
BAD 164968390381
BAD 164955383293
BAD 164910334493
BAD 164896907321
BAD 164927877409
BAD 165016762861
BAD 164897004829
BAD 164910445883
BAD 164910445897
BAD 164985110209
BAD 164927996551
BAD 164927996591
BAD 164927996593
BAD 164927996599
BAD 164860401931
BAD 164813350003
BAD 164813350007
BAD 164910539293
BAD 164813393159
BAD 164813393161
BAD 164813393167
BAD 164813393179
BAD 164813393183
BAD 164813393189
BAD 164968637003
BAD 164910570221
BAD 164985261253
BAD 164813505223
BAD 164842920061
BAD 164928484351
BAD 164860666799
BAD 165017933909
BAD 164956278043
BAD 165017933911
BAD 164968863443
BAD 164842920113
BAD 165005080223
BAD 164842920163
BAD 164910607529
BAD 165038577173
BAD 164934968251
BAD 164910607531
BAD 165005080259
BAD 165038577181
BAD 164897709359
BAD 164910607553
BAD 165005080267
BAD 164897709367
BAD 164897709373
BAD 165017985061
BAD 164928575641
BAD 164897827637
BAD 164860798871
BAD 164860798873
BAD 164860798877
BAD 165005192543
BAD 164956454591
BAD 164985824519
BAD 165018160537
BAD 164780485217
BAD 164813776693
BAD 164843442689
BAD 164935913851
BAD 164969517991
BAD 164911210993
BAD 164862027823
BAD 165038976149
BAD 164843442691
BAD 164928791273
BAD 165005413943
BAD 164898253433
BAD 164969532361
BAD 164969532367
BAD 165005420659
BAD 165039023641
BAD 164813863009
BAD 164928918437
BAD 164928918439
BAD 164843658103
BAD 164969720863
BAD 164843662829
BAD 164843662831
BAD 164929024399
BAD 164936140913
BAD 164969768801
BAD 164929142453
BAD 164929142513
BAD 164969906753
BAD 165018575321
BAD 164929142747
BAD 164969906767
BAD 164936300129
BAD 164843837803
BAD 164969906779
BAD 164936300131
BAD 164843837813
BAD 165039501637
BAD 164969906791
BAD 164929142767
BAD 164969906797
BAD 164929142771
BAD 164814394411
BAD 164936345173
BAD 164936345177
BAD 164986213297
BAD 164814479527
BAD 164814512791
BAD 165039755059
BAD 165039755063
BAD 165039755071
BAD 164911833533
BAD 164936504881
BAD 164936504911
BAD 164970171763
BAD 164844272083
BAD 164862948181
BAD 165006139121
BAD 164863013453
BAD 165006229711
BAD 165040072711
BAD 164957337047
BAD 164781441137
BAD 164957337049
BAD 164957337053
BAD 164912313443
BAD 165006246817
BAD 165006246827
BAD 165006246919
BAD 165006246961
BAD 164844517853
BAD 164912363557
BAD 164912363563
BAD 164912363569
BAD 164986720291
BAD 164912570281
BAD 164912570287
BAD 165006492901
BAD 164936978329
BAD 164844797749
BAD 164936978341
BAD 164912605763
BAD 164930102963
BAD 164970822259
BAD 164970822271
BAD 164970822277
BAD 164957614771
BAD 164844903593
BAD 164844903599
BAD 165006648161
BAD 164863421777
BAD 164930160859
BAD 164863421783
BAD 164844903607
BAD 164957768971
BAD 164912884621
BAD 164912884627
BAD 165006686599
BAD 164986956109
BAD 164912925493
BAD 164912925497
BAD 164971036849
BAD 164987040709
BAD 165040692097
BAD 165040692101
BAD 164845402811
BAD 164845402823
BAD 164958252743
BAD 164913398423
BAD 165007146233
BAD 164987295139
BAD 165040793191
BAD 164930862101
BAD 164958380443
BAD 165040820407
BAD 164937549871
BAD 164937549877
BAD 164937633251
BAD 164913658759
BAD 164937950663
BAD 164971758739
BAD 164931198797
BAD 164845947677
BAD 165041003401
BAD 164864334533
BAD 165007666973
BAD 164931198799
BAD 164987497501
BAD 165007666987
BAD 165007808941
BAD 164846085959
BAD 165007811629
BAD 164846085961
BAD 164987673533
BAD 164987689513
BAD 164971947697
BAD 164846225041
BAD 164931480193
BAD 164959590361
BAD 165021247697
BAD 164972057717
BAD 164864626943
BAD 164931596567
BAD 165021352627
BAD 165021352633
BAD 165021352649
BAD 164931664253
BAD 165008333599
BAD 165008333617
BAD 165041689457
BAD 165041689459
BAD 164865037703
BAD 164960191811
BAD 164865037723
BAD 164960191813
BAD 164865037763
BAD 165008372239
BAD 165041749603
BAD 165008413501
BAD 164960235203
BAD 164960291173
BAD 164960291183
BAD 165022094917
BAD 164865204199
BAD 164988535631
BAD 164988535669
BAD 164988536369
BAD 164988536371
BAD 164972682131
BAD 164960445997
BAD 164960454103
BAD 164932403329
BAD 165008871829
BAD 164939186459
BAD 164972805983
BAD 165022426279
BAD 164914662323
BAD 165042223391
BAD 165042223393
BAD 165022683571
BAD 164988806261
BAD 164939364803
BAD 164972947109
BAD 164988813511
BAD 165022695637
BAD 164847583493
BAD 164914889509
BAD 164960940919
BAD 164960940923
BAD 165042402751
BAD 164939597923
BAD 164915049059
BAD 164915049067
BAD 164915049071
BAD 164915049073
BAD 164989148791
BAD 164847934739
BAD 164847960469
BAD 165023243969
BAD 165009954233
BAD 165042716431
BAD 164848031303
BAD 164915228497
BAD 164915228509
BAD 165010123051
BAD 165023427661
BAD 165043047919
BAD 164915471593
BAD 164973642797
BAD 165010612913
BAD 165024089983
BAD 164973674917
BAD 165024202963
BAD 165043493479
BAD 164990130181
BAD 164990130187
BAD 165010842379
BAD 165010842383
BAD 165010916363
BAD 164990233987
BAD 164973956929
BAD 164973956933
BAD 164973956947
BAD 165011107579
BAD 165011230247
BAD 164990438363
BAD 165011246381
BAD 165011284513
BAD 165011313559
BAD 164990563277
BAD 164990563279
BAD 165044061157
BAD 164962549909
BAD 164962549943
BAD 164941286437
BAD 164962593673
BAD 164962593683
BAD 164962593689
BAD 165011696833
BAD 164962742639
BAD 165025116469
BAD 164962742641
BAD 164974780613
BAD 164941687387
BAD 164941687403
BAD 164991186869
BAD 164991186889
BAD 164941826011
BAD 164963016109
BAD 164963016121
BAD 165044916343
BAD 165025826243
BAD 165044948771
BAD 165044948773
BAD 165044948777
BAD 165044948779
BAD 165044948791
BAD 164991628253
BAD 165012185419
BAD 165044983009
BAD 165044983013
BAD 165045095167
BAD 165045095177
BAD 165045095179
BAD 165026114543
BAD 164975392291
BAD 164975392327
BAD 164975392339
BAD 164975392343
BAD 165012536341
BAD 164963515279
BAD 164942523271
BAD 164975392349
BAD 165012536347
BAD 164992244281
BAD 164992244293
BAD 164942578279
BAD 164992312369
BAD 164975467313
BAD 165045745651
BAD 164963807513
BAD 164992656769
BAD 165027063601
BAD 165013061303
BAD 165013061309
BAD 164993214019
BAD 164976250403
BAD 165013296199
BAD 164964423887
BAD 164964423901
BAD 164964423907
BAD 164964423937
BAD 164943567199
BAD 165027839663
BAD 164976532991
BAD 164976532993
BAD 164993741273
BAD 165013587743
BAD 165013587751
BAD 165046656037
BAD 164964673309
BAD 165028156261
BAD 164964744481
BAD 164976931597
BAD 165046798789
BAD 165046798793
BAD 164964857077
BAD 164964857089
BAD 164964902393
BAD 164944283989
BAD 164994472991
BAD 165047032069
BAD 164965019333
BAD 164977236161
BAD 165014095097
BAD 164944527409
BAD 164944527413
BAD 164994840019
BAD 164994857903
BAD 164994857959
BAD 164965264381
BAD 164965264391
BAD 164965266143
BAD 165029178763
BAD 164995087399
BAD 164995087403
BAD 164965403843
BAD 164965403857
BAD 165047484743
BAD 165047484751
BAD 165014424139
BAD 164995334201
BAD 165014441797
BAD 165014441821
BAD 165029506871
BAD 165014545363
BAD 164965742663
BAD 164945173793
BAD 165029697319
BAD 165029697323
BAD 164965784689
BAD 165047685367
BAD 165047685637
BAD 165014628143
BAD 164945372993
BAD 164978261423
BAD 164996083639
BAD 164978444599
BAD 164978473537
BAD 164996372803
BAD 165048263147
BAD 164978581687
BAD 165030714923
BAD 165030714931
BAD 164978763251
BAD 165015540241
BAD 165031210283
BAD 165031274581
BAD 165015860047
BAD 164997312869
BAD 165049066309
BAD 165031621771
BAD 164997312871
BAD 164946617579
BAD 164946617581
BAD 164997453193
BAD 164997479951
BAD 164997479953
BAD 165016286893
BAD 165016286909
BAD 165032000479
BAD 164997671693
BAD 164979794543
BAD 165032160451
BAD 165049609007
BAD 165049609009
BAD 165049649603
BAD 164997985043
BAD 164998016633
BAD 164998027199
BAD 165049764263
BAD 165032717791
BAD 165049899361
BAD 165049912921
BAD 164998246493
BAD 164998246513
BAD 164980677649
BAD 164980705433
BAD 164980705441
BAD 164980705507
BAD 165033136727
BAD 164998427989
BAD 165033159443
BAD 164998512743
BAD 164998512761
BAD 164998725781
BAD 164998931897
BAD 164948671009
BAD 164948671037
BAD 164948671039
BAD 164981354413
BAD 164949050059
BAD 164949056257
BAD 165050802031
BAD 165051101029
BAD 165052150519
BAD 165052319503
BAD 165052319533
BAD 165052319539
BAD 165052319543
BAD 165052435921
BAD 165052435943
BAD 165052559983
BAD 165052582291
BAD 165052582297
BAD 165052649941
BAD 165052649959
BAD 165052764923
BAD 165054100873
BAD 165054100889
BAD 165054100891
BAD 165054356101
BAD 165054606427
BAD 165054784397
BAD 165055319983
BAD 165055319987
BAD 165056145679
BAD 165056145713
BAD 165056145743
BAD 165056486143
BAD 165057017471
BAD 165057017473
BAD 165057017479
BAD 165057017483
BAD 165057520777
BAD 165057802519
BAD 165057802523
BAD 165058117853
BAD 165058117877
BAD 165058404047
BAD 165058728661
BAD 165059992129
BAD 165060408077
BAD 165060408091
BAD 165061027819
BAD 165061563451
BAD 165061563619
BAD 165063000803
BAD 165063174071
BAD 165063398057
BAD 165064242887
BAD 165064874453
BAD 165064874459
BAD 165064874461
BAD 165065150351
BAD 165065150363
BAD 165065194103
BAD 165065324041
BAD 165065706893
BAD 165065706901
BAD 165065860273
BAD 165065877217
BAD 165066360007
BAD 165066360013
BAD 165066735319
BAD 165067125991
BAD 165067219003
BAD 165067482353
BAD 165067519891
BAD 165068068381
BAD 165068068391
BAD 165068068393
BAD 165069119903
BAD 165069305777
BAD 165069768671
BAD 165069768673
BAD 165069768683
BAD 165069989111
BAD 165069989113
BAD 165070022699
BAD 165070051103
BAD 165070519279
BAD 165070519283
BAD 165071078323
BAD 165071206403
BAD 165071278951
BAD 165071492581
BAD 165071492587
BAD 165072396919
BAD 165073002301
BAD 165074041369
BAD 165074041373
BAD 165074041381
BAD 165074450941
BAD 165075448427
BAD 165075448429
BAD 165075448441
BAD 165075651953
BAD 165075959863
BAD 165075959869
BAD 165075959879
BAD 165076116859
BAD 165076286033
BAD 165076459021
BAD 165076819577
BAD 165076819717
BAD 165076819723
BAD 165076819727
BAD 165076823011
BAD 165076904693
BAD 165077032243
BAD 165077397109
BAD 165077397187
BAD 165077636431
BAD 165077795353
BAD 165078737051
BAD 165078770749
BAD 165078997441
BAD 165079191191
BAD 165079480837
BAD 165079480843
BAD 165079504801
BAD 165080269537
BAD 165080426911
BAD 165080648779
BAD 165080947859
BAD 165080947861
BAD 165081347491
BAD 165082182983
BAD 165082865221
BAD 165084433589
BAD 165084433597
BAD 165084433601
BAD 165084433603
BAD 165085184911
BAD 165085276861
BAD 165085355053
BAD 165086410651
BAD 165086904601
BAD 165086905933
BAD 165087074627
BAD 165087732421
BAD 165088716361
BAD 165088716367
BAD 165088716391
BAD 165089767201
BAD 165090369421
BAD 165090547549
BAD 165090748987
BAD 165091420999
BAD 165092556113
BAD 165093597901
BAD 165093720443
BAD 165094106777
BAD 165094106783
BAD 165094346203
BAD 165094346213
BAD 165094892749
BAD 165094955393
BAD 165095748553
BAD 165096118897
BAD 165096118909
BAD 165096293293
BAD 165097163479
BAD 165097229533
BAD 165097229543
BAD 165097670347
BAD 165097670351
BAD 165097739797
BAD 165097793299
BAD 165097793303
BAD 165099128539
BAD 165099128543
BAD 165099185101
BAD 165118235071
BAD 165118782869
BAD 165120351139
BAD 165121154239
BAD 165121353829
BAD 165121353833
BAD 165121825447
BAD 165122346577
BAD 165122564617
BAD 165122564623
BAD 165122935699
BAD 165123385673
BAD 165123691751
BAD 165123691753
BAD 165124095337
BAD 165124095347
BAD 165124203151
BAD 165124412027
BAD 165124412029
BAD 165124412041
BAD 165125678119
BAD 165125730491
BAD 165125730493
BAD 165126082129
BAD 165127956023
BAD 165128372873
BAD 165129764071
BAD 165130109393
BAD 165130158527
BAD 165130158533
BAD 165130197571
BAD 165130197623
BAD 165130250983
BAD 165130392929
BAD 165100342117
BAD 165100342123
BAD 165130730593
BAD 165130786999
BAD 165130826633
BAD 165130922183
BAD 165100735279
BAD 165100735307
BAD 165100735309
BAD 165100735313
BAD 165100735321
BAD 165100910693
BAD 165101222983
BAD 165101411807
BAD 165101411809
BAD 165101411873
BAD 165131669569
BAD 165132034351
BAD 165102312293
BAD 165102312299
BAD 165102312301
BAD 165132310927
BAD 165132716093
BAD 165103300147
BAD 165132787277
BAD 165132787279
BAD 165132787283
BAD 165132998839
BAD 165132998843
BAD 165104044759
BAD 165104150389
BAD 165104327083
BAD 165133577491
BAD 165104600509
BAD 165104869949
BAD 165104873573
BAD 165105031241
BAD 165105031243
BAD 165105031249
BAD 165152190211
BAD 165105131329
BAD 165105517363
BAD 165152694503
BAD 165152765873
BAD 165152765891
BAD 165152765893
BAD 165105669629
BAD 165153177361
BAD 165153212891
BAD 165153212893
BAD 165153749977
BAD 165153749983
BAD 165153749993
BAD 165153753077
BAD 165106720547
BAD 165106720549
BAD 165106720553
BAD 165106881991
BAD 165153999889
BAD 165107006557
BAD 165107031007
BAD 165107031017
BAD 165107031311
BAD 165107031319
BAD 165107540099
BAD 165154545601
BAD 165154545623
BAD 165108018037
BAD 165108040763
BAD 165155105939
BAD 165108237167
BAD 165108237169
BAD 165155856743
BAD 165155922109
BAD 165109738253
BAD 165109873997
BAD 165109874003
BAD 165109874029
BAD 165156468809
BAD 165156468811
BAD 165109952701
BAD 165110168021
BAD 165110168023
BAD 165156699809
BAD 165156699811
BAD 165156706097
BAD 165156860809
BAD 165156991253
BAD 165110391109
BAD 165110391113
BAD 165110460673
BAD 165110460677
BAD 165157512983
BAD 165157701463
BAD 165157701469
BAD 165158127613
BAD 165158127727
BAD 165111408817
BAD 165111408829
BAD 165111430577
BAD 165111430579
BAD 165158344139
BAD 165158344163
BAD 165111842347
BAD 165111984959
BAD 165112205743
BAD 165112205749
BAD 165112365289
BAD 165112493803
BAD 165112493899
BAD 165158927029
BAD 165112692013
BAD 165112692037
BAD 165159086023
BAD 165113196049
BAD 165159539483
BAD 165113933531
BAD 165113933533
BAD 165113933539
BAD 165113933549
BAD 165113947111
BAD 165114196969
BAD 165160229813
BAD 165114580759
BAD 165160519757
BAD 165160519759
BAD 165160519763
BAD 165114867109
BAD 165160849747
BAD 165160849759
BAD 165115301149
BAD 165115301203
BAD 165115301213
BAD 165161116399
BAD 165115533857
BAD 165161331571
BAD 165115533859
BAD 165115806523
BAD 165162141049
BAD 165162182309
BAD 165162281269
BAD 165162281279
BAD 165162281281
BAD 165163229467
BAD 165163276429
BAD 165163276441
BAD 165163614191
BAD 165163614269
BAD 165163664671
BAD 165164403223
BAD 165164783191
BAD 165164783197
BAD 165134229191
BAD 165134229193
BAD 165134229203
BAD 165134310001
BAD 165134594593
BAD 165135404143
BAD 165135603991
BAD 165135742183
BAD 165135742201
BAD 165136102993
BAD 165136879651
BAD 165138318517
BAD 165138339143
BAD 165138574463
BAD 165166142447
BAD 165139001233
BAD 165139347031
BAD 165139415239
BAD 165139656559
BAD 165139656569
BAD 165139656571
BAD 165139691239
BAD 165139716787
BAD 165140258711
BAD 165140258713
BAD 165140797067
BAD 165140797069
BAD 165140798687
BAD 165140798689
BAD 165141207409
BAD 165141966709
BAD 165141966713
BAD 165141966739
BAD 165142155691
BAD 165142155709
BAD 165142155713
BAD 165142155727
BAD 165142522109
BAD 165143279797
BAD 165143279801
BAD 165143279803
BAD 165143802743
BAD 165143816323
BAD 165144286319
BAD 165144971291
BAD 165144971293
BAD 165144971297
BAD 165145343017
BAD 165145343023
BAD 165145474673
BAD 165145569637
BAD 165145728983
BAD 165145728989
BAD 165145728991
BAD 165146466949
BAD 165146466959
BAD 165146511877
BAD 165146870953
BAD 165147767581
BAD 165148464331
BAD 165148825637
BAD 165148825643
BAD 165149314723
BAD 165149314727
BAD 165185181019
BAD 165185181023
BAD 165185373277
BAD 165185373281
BAD 165185373289
BAD 165185951663
BAD 165187095943
BAD 165187277309
BAD 165187643659
BAD 165187831243
BAD 165187831247
BAD 165187865849
BAD 165187865851
BAD 165188089291
BAD 165188089301
BAD 165188246737
BAD 165188362553
BAD 165188412751
BAD 165188919773
BAD 165189383287
BAD 165191446337
BAD 165191446339
BAD 165191581967
BAD 165191581969
BAD 165191585567
BAD 165191585569
BAD 165191585599
BAD 165191585623
BAD 165191585627
BAD 165191585633
BAD 165191627483
BAD 165191663999
BAD 165191664007
BAD 165191939701
BAD 165192250159
BAD 165192250163
BAD 165192524281
BAD 165192524327
BAD 165192524333
BAD 165192977249
BAD 165192977251
BAD 165193290883
BAD 165193290923
BAD 165193421773
BAD 165193421777
BAD 165193421779
BAD 165193959551
BAD 165194018183
BAD 165194482403
BAD 165194502653
BAD 165194517259
BAD 165194546359
BAD 165194546389
BAD 165194546393
BAD 165194774911
BAD 165195547357
BAD 165195851239
BAD 165195851243
BAD 165195851251
BAD 165197130673
BAD 165197130677
BAD 165402422221
BAD 165402795889
BAD 165403031971
BAD 165198266029
BAD 165403922317
BAD 165403974397
BAD 165198534577
BAD 165404040317
BAD 165404040323
BAD 165198740297
BAD 165198740299
BAD 165404243269
BAD 165404508319
BAD 165404815643
BAD 165404815679
BAD 165405178051
BAD 165405425489
BAD 165200176847
BAD 165268271827
BAD 165167562149
BAD 165167562151
BAD 165268425613
BAD 165200379587
BAD 165201018469
BAD 165167840153
BAD 165167840191
BAD 165167840203
BAD 165200553719
BAD 165200553811
BAD 165200802797
BAD 165200802829
BAD 165200864149
BAD 165200864203
BAD 165200864243
BAD 165406067909
BAD 165406258613
BAD 165269057059
BAD 165201761071
BAD 165406640527
BAD 165406640629
BAD 165201944119
BAD 165201949519
BAD 165201949547
BAD 165168575227
BAD 165168575281
BAD 165168575287
BAD 165168575291
BAD 165269417827
BAD 165202746817
BAD 165168575293
BAD 165202746833
BAD 165269460319
BAD 165168644461
BAD 165168723457
BAD 165269586709
BAD 165269617913
BAD 165269617921
BAD 165203273597
BAD 165169129903
BAD 165169151513
BAD 165169151593
BAD 165203567251
BAD 165169424033
BAD 165270249379
BAD 165169642513
BAD 165169963169
BAD 165270750041
BAD 165270971017
BAD 165270971023
BAD 165170345423
BAD 165170555843
BAD 165204560467
BAD 165271475989
BAD 165271511101
BAD 165170768153
BAD 165204907193
BAD 165204917089
BAD 165171013703
BAD 165271807507
BAD 165271807511
BAD 165271807513
BAD 165271855913
BAD 165271855939
BAD 165171255133
BAD 165205170083
BAD 165171490399
BAD 165205460449
BAD 165272510807
BAD 165171726817
BAD 165171839563
BAD 165206156057
BAD 165273344549
BAD 165273344557
BAD 165273344567
BAD 165172537843
BAD 165172537861
BAD 165273629569
BAD 165273675299
BAD 165273714191
BAD 165273947753
BAD 165273947767
BAD 165173013233
BAD 165274080011
BAD 165173066243
BAD 165173066251
BAD 165206692009
BAD 165206770613
BAD 165173598413
BAD 165206770621
BAD 165206770637
BAD 165206770639
BAD 165206770643
BAD 165274577359
BAD 165173714933
BAD 165274763569
BAD 165173997953
BAD 165275279111
BAD 165208023961
BAD 165275584343
BAD 165275648387
BAD 165275648389
BAD 165276031651
BAD 165276042163
BAD 165276042167
BAD 165276042199
BAD 165276283259
BAD 165208550293
BAD 165208550303
BAD 165208591747
BAD 165175393261
BAD 165175393267
BAD 165209198437
BAD 165209198443
BAD 165209359439
BAD 165209359453
BAD 165209359457
BAD 165209359459
BAD 165277318783
BAD 165176201369
BAD 165209359463
BAD 165176357237
BAD 165176357239
BAD 165277678373
BAD 165209703749
BAD 165209703751
BAD 165278300599
BAD 165278471509
BAD 165278500483
BAD 165177559829
BAD 165177559831
BAD 165278754647
BAD 165278948777
BAD 165178008031
BAD 165279762353
BAD 165279876221
BAD 165210720473
BAD 165178730099
BAD 165210818489
BAD 165210818491
BAD 165178773593
BAD 165280098463
BAD 165210935971
BAD 165280222207
BAD 165280222213
BAD 165280222223
BAD 165211269721
BAD 165211417043
BAD 165280813639
BAD 165179348569
BAD 165211417061
BAD 165211546111
BAD 165211546117
BAD 165211978369
BAD 165211978507
BAD 165211978517
BAD 165281602831
BAD 165281611267
BAD 165281611273
BAD 165281611277
BAD 165281611279
BAD 165180271813
BAD 165180271819
BAD 165282298151
BAD 165180806419
BAD 165180806423
BAD 165180889933
BAD 165180966697
BAD 165212468947
BAD 165212468951
BAD 165282546943
BAD 165282546997
BAD 165181108003
BAD 165282636383
BAD 165181300213
BAD 165181300223
BAD 165181300231
BAD 165181300237
BAD 165181623931
BAD 165212956919
BAD 165283579147
BAD 165212956921
BAD 165283579151
BAD 165181623949
BAD 165283649057
BAD 165213128473
BAD 165213128519
BAD 165213128527
BAD 165283880813
BAD 165181909619
BAD 165181909621
BAD 165181909667
BAD 165284351389
BAD 165182454659
BAD 165284522243
BAD 165182881117
BAD 165407477177
BAD 165407477203
BAD 165213848719
BAD 165213867529
BAD 165183144499
BAD 165407526929
BAD 165407526931
BAD 165407526941
BAD 165407526943
BAD 165214132913
BAD 165183247417
BAD 165183247423
BAD 165183247571
BAD 165214278961
BAD 165408427883
BAD 165408613093
BAD 165408925489
BAD 165215567453
BAD 165409567951
BAD 165215676053
BAD 165215676061
BAD 165215687573
BAD 165216005341
BAD 165216005371
BAD 165216005377
BAD 165216104461
BAD 165216119851
BAD 165410066093
BAD 165216323669
BAD 165216585397
BAD 165216585409
BAD 165217032143
BAD 165234550213
BAD 165411734023
BAD 165234930257
BAD 165234930281
BAD 165234930283
BAD 165412061303
BAD 165412134133
BAD 165235384777
BAD 165369068731
BAD 165369068737
BAD 165235484573
BAD 165369247081
BAD 165412572499
BAD 165369267467
BAD 165235612783
BAD 165235838099
BAD 165235838101
BAD 165235838107
BAD 165369421013
BAD 165235988581
BAD 165412906627
BAD 165369615919
BAD 165369615967
BAD 165419951419
BAD 165419951447
BAD 165419951461
BAD 165369629569
BAD 165236263681
BAD 165436655411
BAD 165436655413
BAD 165436722901
BAD 165413368759
BAD 165413548771
BAD 165413548777
BAD 165413646457
BAD 165413793973
BAD 165236895079
BAD 165370664659
BAD 165370664663
BAD 165370664671
BAD 165437208919
BAD 165370860353
BAD 165238193213
BAD 165421418483
BAD 165421418489
BAD 165421418497
BAD 165421418557
BAD 165421418579
BAD 165421485403
BAD 165370891403
BAD 165437629771
BAD 165414243679
BAD 165414310363
BAD 165414459293
BAD 165438114511
BAD 165422078917
BAD 165438203941
BAD 165371495521
BAD 165371498491
BAD 165371727979
BAD 165438851267
BAD 165415547197
BAD 165423295337
BAD 165423295339
BAD 165423295363
BAD 165423295369
BAD 165423922943
BAD 165239787697
BAD 165239787701
BAD 165239787703
BAD 165239787707
BAD 165441502217
BAD 165416490703
BAD 165239787709
BAD 165425182369
BAD 165372517721
BAD 165441546007
BAD 165441599527
BAD 165442047833
BAD 165372761033
BAD 165372761053
BAD 165372791249
BAD 165442105099
BAD 165426120451
BAD 165426155483
BAD 165426155533
BAD 165426209219
BAD 165372989581
BAD 165426321371
BAD 165417310637
BAD 165417364883
BAD 165426477431
BAD 165426477451
BAD 165426494357
BAD 165426494393
BAD 165241106399
BAD 165426574741
BAD 165417654887
BAD 165373416293
BAD 165417654889
BAD 165373416301
BAD 165241458119
BAD 165426908221
BAD 165241458121
BAD 165426938527
BAD 165426938531
BAD 165426938533
BAD 165241593103
BAD 165241593109
BAD 165241593113
BAD 165241593131
BAD 165241593133
BAD 165241604557
BAD 165427168561
BAD 165373658993
BAD 165418176403
BAD 165418189403
BAD 165418189411
BAD 165373690763
BAD 165242004833
BAD 165427830479
BAD 165427830481
BAD 165242431441
BAD 165442923707
BAD 165442923769
BAD 165442923773
BAD 165442964447
BAD 165442973083
BAD 165442973093
BAD 165418797083
BAD 165442973167
BAD 165374085497
BAD 165243065263
BAD 165443123513
BAD 165428569883
BAD 165428649143
BAD 165443258063
BAD 165374173621
BAD 165243317581
BAD 165243348737
BAD 165443352803
BAD 165243441367
BAD 165374248241
BAD 165374248243
BAD 165443437519
BAD 165243568603
BAD 165243568703
BAD 165443557999
BAD 165443558003
BAD 165443558009
BAD 165443558011
BAD 165443558023
BAD 165243640633
BAD 165243640637
BAD 165243640643
BAD 165374383219
BAD 165243848183
BAD 165243848191
BAD 165429564961
BAD 165443925379
BAD 165244092163
BAD 165444401099
BAD 165374757731
BAD 165429752149
BAD 165374757733
BAD 165429752153
BAD 165429752161
BAD 165429752179
BAD 165429784561
BAD 165217934579
BAD 165444496351
BAD 165444583039
BAD 165444767311
BAD 165444767317
BAD 165375182117
BAD 165302085737
BAD 165302085769
BAD 165444864787
BAD 165445101449
BAD 165244902419
BAD 165244902421
BAD 165218422199
BAD 165244967299
BAD 165244967311
BAD 165302898251
BAD 165302898253
BAD 165302898269
BAD 165431243927
BAD 165218721469
BAD 165219033829
BAD 165431669603
BAD 165376129879
BAD 165219322159
BAD 165245359651
BAD 165335195747
BAD 165376129883
BAD 165303722713
BAD 165335195749
BAD 165303722719
BAD 165335416249
BAD 165432036323
BAD 165219730703
BAD 165219730831
BAD 165432120949
BAD 165335602823
BAD 165335617103
BAD 165335617243
BAD 165246057731
BAD 165246057733
BAD 165220036427
BAD 165304357217
BAD 165304357219
BAD 165220227173
BAD 165376846927
BAD 165376861333
BAD 165376941559
BAD 165376941563
BAD 165220409161
BAD 165220409227
BAD 165220409261
BAD 165220474819
BAD 165220474831
BAD 165304643107
BAD 165220474849
BAD 165304643111
BAD 165304684087
BAD 165246569483
BAD 165246569489
BAD 165246569491
BAD 165285422881
BAD 165433072339
BAD 165246689689
BAD 165285705199
BAD 165336939689
BAD 165247168663
BAD 165286095001
BAD 165378153053
BAD 165434033899
BAD 165434039663
BAD 165247241321
BAD 165247241323
BAD 165247243633
BAD 165247243639
BAD 165247243643
BAD 165378314539
BAD 165378314557
BAD 165222093583
BAD 165222093587
BAD 165337702003
BAD 165337723459
BAD 165222169933
BAD 165222296989
BAD 165307413961
BAD 165286402157
BAD 165247960069
BAD 165378522391
BAD 165445787293
BAD 165307413967
BAD 165435086123
BAD 165248011813
BAD 165248011849
BAD 165248011853
BAD 165435204799
BAD 165445972589
BAD 165378755371
BAD 165378755383
BAD 165286765447
BAD 165286765463
BAD 165222663811
BAD 165222663821
BAD 165286813591
BAD 165378824647
BAD 165222872569
BAD 165338358197
BAD 165446395043
BAD 165223439099
BAD 165287327593
BAD 165287327599
BAD 165287327603
BAD 165308023151
BAD 165287436599
BAD 165308201593
BAD 165338820547
BAD 165287582179
BAD 165223700923
BAD 165447030829
BAD 165351940931
BAD 165379524283
BAD 165351967309
BAD 165338849603
BAD 165287602693
BAD 165351985333
BAD 165351985367
BAD 165223811033
BAD 165447139201
BAD 165287802739
BAD 165250559869
BAD 165250563773
BAD 165339255181
BAD 165250947973
BAD 165250992007
BAD 165447795593
BAD 165288134131
BAD 165447807299
BAD 165447807313
BAD 165251120779
BAD 165339533911
BAD 165447819391
BAD 165447819403
BAD 165352786933
BAD 165352786967
BAD 165251181157
BAD 165352786969
BAD 165339677281
BAD 165380129149
BAD 165339677291
BAD 165251181163
BAD 165251181167
BAD 165251181169
BAD 165380129153
BAD 165380129171
BAD 165251223677
BAD 165251223679
BAD 165353107277
BAD 165353147879
BAD 165353147881
BAD 165380384599
BAD 165448274821
BAD 165448274843
BAD 165448274851
BAD 165353314471
BAD 165224977453
BAD 165309413183
BAD 165225111559
BAD 165225174349
BAD 165225174353
BAD 165448561493
BAD 165353860643
BAD 165309769301
BAD 165225297121
BAD 165353927671
BAD 165289224953
BAD 165341204549
BAD 165449928103
BAD 165381127501
BAD 165354415561
BAD 165225928123
BAD 165251304419
BAD 165311171287
BAD 165225928129
BAD 165449928109
BAD 165354415573
BAD 165289224959
BAD 165354415579
BAD 165311171303
BAD 165289225027
BAD 165289225037
BAD 165289225039
BAD 165318427741
BAD 165354473243
BAD 165289339939
BAD 165341335099
BAD 165341345383
BAD 165381407357
BAD 165381407369
BAD 165354768001
BAD 165381624119
BAD 165381624157
BAD 165381624179
BAD 165381624181
BAD 165289765189
BAD 165251895101
BAD 165450527513
BAD 165355018343
BAD 165251895103
BAD 165289926293
BAD 165289926311
BAD 165318814481
BAD 165226680559
BAD 165226729049
BAD 165226729051
BAD 165450684019
BAD 165226794619
BAD 165252179507
BAD 165252179509
BAD 165252179513
BAD 165252179657
BAD 165342063463
BAD 165355303853
BAD 165252261103
BAD 165252291181
BAD 165290437951
BAD 165290437957
BAD 165319166293
BAD 165319166317
BAD 165227362823
BAD 165227362831
BAD 165451341089
BAD 165451341091
BAD 165252885487
BAD 165355915913
BAD 165227470301
BAD 165386421803
BAD 165382789823
BAD 165320479369
BAD 165312014639
BAD 165290800313
BAD 165357469103
BAD 165312014641
BAD 165253160651
BAD 165290800319
BAD 165451795909
BAD 165290800321
BAD 165357469111
BAD 165290800399
BAD 165253216039
BAD 165253289287
BAD 165253289303
BAD 165386572457
BAD 165386572459
BAD 165386572469
BAD 165386572471
BAD 165227644727
BAD 165253356769
BAD 165253356773
BAD 165227669183
BAD 165253387399
BAD 165357685333
BAD 165357744317
BAD 165357744319
BAD 165357744323
BAD 165357760727
BAD 165320753749
BAD 165254488831
BAD 165292154303
BAD 165227941667
BAD 165357760747
BAD 165386757293
BAD 165343343827
BAD 165312687263
BAD 165383083321
BAD 165320753753
BAD 165292181077
BAD 165292206503
BAD 165292206517
BAD 165320843887
BAD 165320843899
BAD 165320843921
BAD 165320907377
BAD 165320907379
BAD 165320907383
BAD 165357937819
BAD 165358084589
BAD 165254844019
BAD 165254844023
BAD 165254844031
BAD 165254844059
BAD 165254844061
BAD 165358145243
BAD 165358145279
BAD 165358191301
BAD 165313065319
BAD 165313137503
BAD 165345356419
BAD 165229494061
BAD 165384031669
BAD 165321945037
BAD 165358605091
BAD 165255240181
BAD 165321945043
BAD 165384031691
BAD 165387959963
BAD 165292933973
BAD 165321945059
BAD 165255240259
BAD 165384031723
BAD 165358605187
BAD 165313137511
BAD 165255240263
BAD 165313137523
BAD 165255240277
BAD 165292933979
BAD 165321974149
BAD 165321977371
BAD 165321977377
BAD 165313172623
BAD 165229555441
BAD 165384112057
BAD 165345468091
BAD 165293124523
BAD 165255536557
BAD 165345637463
BAD 165322378187
BAD 165293349323
BAD 165345753829
BAD 165322378189
BAD 165346004749
BAD 165293781439
BAD 165388716349
BAD 165359322809
BAD 165359322811
BAD 165388866133
BAD 165256511843
BAD 165359398751
BAD 165323080081
BAD 165385057769
BAD 165385057771
BAD 165229819171
BAD 165294195769
BAD 165314423389
BAD 165389089559
BAD 165314547389
BAD 165256886681
BAD 165256886687
BAD 165230067677
BAD 165230067679
BAD 165230067683
BAD 165389249087
BAD 165389249089
BAD 165257032943
BAD 165314772349
BAD 165314835421
BAD 165257269861
BAD 165230467357
BAD 165294902527
BAD 165347035913
BAD 165360103087
BAD 165294902533
BAD 165315223169
BAD 165360103091
BAD 165347052523
BAD 165347218481
BAD 165347218483
BAD 165360480113
BAD 165360480119
BAD 165315840563
BAD 165257854897
BAD 165315906953
BAD 165315906961
BAD 165295502531
BAD 165360590303
BAD 165324624169
BAD 165324624173
BAD 165360686069
BAD 165316298647
BAD 165391086697
BAD 165316758169
BAD 165325362127
BAD 165316939087
BAD 165348457711
BAD 165348457759
BAD 165391508701
BAD 165325706303
BAD 165231723169
BAD 165317318503
BAD 165348921281
BAD 165258570403
BAD 165296384791
BAD 165391590983
BAD 165296384809
BAD 165348921307
BAD 165296384821
BAD 165361691063
BAD 165258570419
BAD 165361691123
BAD 165349002509
BAD 165349002551
BAD 165231816143
BAD 165296509639
BAD 165296509699
BAD 165296509753
BAD 165258756283
BAD 165349091483
BAD 165296596337
BAD 165296596343
BAD 165361971097
BAD 165361971101
BAD 165317462567
BAD 165296725513
BAD 165232010057
BAD 165232010059
BAD 165232010063
BAD 165326093071
BAD 165232063897
BAD 165259080113
BAD 165232063901
BAD 165232063903
BAD 165259092263
BAD 165296955259
BAD 165259136579
BAD 165317791937
BAD 165317791939
BAD 165317791943
BAD 165392175241
BAD 165362657833
BAD 165362777719
BAD 165297523561
BAD 165259768913
BAD 165350003051
BAD 165350003053
BAD 165350003057
BAD 165350003059
BAD 165326829001
BAD 165326881723
BAD 165259889359
BAD 165232881679
BAD 165297784913
BAD 165392476883
BAD 165362978023
BAD 165392575891
BAD 165350390167
BAD 165260299297
BAD 165260299339
BAD 165350637269
BAD 165350637271
BAD 165350709707
BAD 165350709709
BAD 165327661907
BAD 165363504851
BAD 165298421671
BAD 165363549203
BAD 165363557453
BAD 165363557467
BAD 165260640283
BAD 165363755761
BAD 165298673179
BAD 165298772869
BAD 165260869099
BAD 165328378883
BAD 165364139599
BAD 165364140133
BAD 165328579057
BAD 165328959251
BAD 165364467581
BAD 165328959253
BAD 165328959259
BAD 165233807813
BAD 165364518871
BAD 165299375183
BAD 165393762533
BAD 165329294341
BAD 165329294423
BAD 165299704943
BAD 165329648843
BAD 165261902173
BAD 165351908153
BAD 165299704951
BAD 165299704963
BAD 165299704967
BAD 165365114821
BAD 165329722249
BAD 165329722253
BAD 165329736511
BAD 165329894551
BAD 165329916173
BAD 165329996719
BAD 165329996723
BAD 165394734331
BAD 165300224363
BAD 165300410311
BAD 165394939799
BAD 165330627439
BAD 165330627443
BAD 165262948267
BAD 165262948273
BAD 165395466373
BAD 165395547091
BAD 165395547103
BAD 165395547113
BAD 165395602811
BAD 165263047951
BAD 165395641063
BAD 165331084231
BAD 165301382417
BAD 165366423227
BAD 165263506747
BAD 165331425499
BAD 165263566163
BAD 165366620597
BAD 165366620599
BAD 165331524203
BAD 165367357097
BAD 165367357171
BAD 165332322047
BAD 165332322049
BAD 165332322061
BAD 165397143391
BAD 165332469811
BAD 165332549797
BAD 165332549807
BAD 165264363223
BAD 165332763889
BAD 165332763899
BAD 165332763901
BAD 165367993403
BAD 165367993423
BAD 165332990749
BAD 165397930639
BAD 165368470517
BAD 165264882173
BAD 165333359101
BAD 165368497873
BAD 165368516611
BAD 165333552331
BAD 165265027399
BAD 165265027429
BAD 165398369911
BAD 165333733339
BAD 165398523163
BAD 165333866119
BAD 165333866123
BAD 165398771971
BAD 165398771977
BAD 165399049693
BAD 165399049709
BAD 165334423237
BAD 165334821929
BAD 165334821931
BAD 165399625723
BAD 165335097127
BAD 165399976019
BAD 165266539531
BAD 165400440839
BAD 165400440841
BAD 165401154019
BAD 165401952481
BAD 165267829897
BAD 165267829927
BAD 165402085109
BAD 165402085111
BAD 165267871963
BAD 165469494613
BAD 165469509053
BAD 165469577041
BAD 165469847513
BAD 165469971679
BAD 165469971683
BAD 165469971691
BAD 165470165719
BAD 165470165723
BAD 165470881967
BAD 165470881969
BAD 165470881973
BAD 165471543803
BAD 165472294877
BAD 165472294879
BAD 165472294891
BAD 165472294901
BAD 165472294903
BAD 165472294943
BAD 165472514267
BAD 165472514269
BAD 165473050151
BAD 165473050153
BAD 165474621373
BAD 165474878941
BAD 165475068049
BAD 165475068053
BAD 165475076807
BAD 165475076813
BAD 165475261673
BAD 165475261687
BAD 165475432247
BAD 165475432249
BAD 165476001569
BAD 165476163299
BAD 165476163301
BAD 165476163317
BAD 165476163319
BAD 165476331613
BAD 165476993393
BAD 165477794549
BAD 165477794551
BAD 165477794557
BAD 165477922591
BAD 165478110293
BAD 165478227133
BAD 165478509509
BAD 165478509517
BAD 165478509523
BAD 165478985957
BAD 165479683013
BAD 165479701243
BAD 165481394093
BAD 165482654839
BAD 165484661269
BAD 165484661273
BAD 165484859671
BAD 165485038141
BAD 165485038189
BAD 165485038193
BAD 165453394927
BAD 165453723313
BAD 165454039313
BAD 165454039319
BAD 165454301297
BAD 165454890973
BAD 165454940663
BAD 165454940669
BAD 165454940671
BAD 165455275603
BAD 165455352679
BAD 165455352697
BAD 165455410129
BAD 165455410163
BAD 165455410171
BAD 165455951251
BAD 165455951267
BAD 165455986321
BAD 165456290633
BAD 165456528431
BAD 165456838343
BAD 165456993329
BAD 165457075481
BAD 165457196869
BAD 165457635467
BAD 165459298357
BAD 165459480503
BAD 165459646411
BAD 165486515221
BAD 165486615013
BAD 165460354429
BAD 165460452361
BAD 165460555699
BAD 165460555703
BAD 165460555759
BAD 165460555763
BAD 165460555769
BAD 165460622893
BAD 165460890313
BAD 165462189691
BAD 165487376671
BAD 165487689403
BAD 165487689407
BAD 165487732099
BAD 165487732121
BAD 165487732127
BAD 165489235567
BAD 165489950623
BAD 165490339759
BAD 165490509661
BAD 165490678627
BAD 165490698119
BAD 165462823213
BAD 165463756853
BAD 165464117683
BAD 165464117743
BAD 165464117747
BAD 165464140669
BAD 165464591333
BAD 165464692163
BAD 165464692177
BAD 165465716929
BAD 165465777733
BAD 165466372741
BAD 165466381471
BAD 165466749011
BAD 165466749013
BAD 165467190997
BAD 165468295579
BAD 165468522127
BAD 165468522137
BAD 165468522139
BAD 165491554687
BAD 165491554717
BAD 165491679673
BAD 165492519977
BAD 165492519979
BAD 165493168051
BAD 165495185839
BAD 165495185851
BAD 165495633701
BAD 165495633703
BAD 165495633707
BAD 165495633713
BAD 165469043423
BAD 165496714267
BAD 165496714283
BAD 165496941019
BAD 165496941107
BAD 165496987309
BAD 165497097383
BAD 165497097407
BAD 165497097413
BAD 165497768641
BAD 165497768647
BAD 165497831407
BAD 165497850961
BAD 165497936587
BAD 165498144011
BAD 165498144013
BAD 165498346357
BAD 165498346381
BAD 165498882811
BAD 165499885813
BAD 165500204131
BAD 165500204137
BAD 165501411833
BAD 165501411853
BAD 165501887501
BAD 165501887503
BAD 165501887513
BAD 165501939739
BAD 165501983723
BAD 165553431623
BAD 165553431629
BAD 165555201829
BAD 165555341533
BAD 165556520453
BAD 165556739137
BAD 165557529331
BAD 165558510463
BAD 165559063367
BAD 165559361593
BAD 165559766429
BAD 165559766443
BAD 165559986623
BAD 165559986637
BAD 165560137921
BAD 165560807033
BAD 165560807039
BAD 165561184207
BAD 165561536431
BAD 165561619007
BAD 165561619009
BAD 165561619021
BAD 165561766823
BAD 165561766829
BAD 165561766831
BAD 165562178233
BAD 165562337797
BAD 165562641653
BAD 165562884343
BAD 165562977511
BAD 165563769323
BAD 165563969003
BAD 165564571013
BAD 165565241749
BAD 165565241753
BAD 165565241759
BAD 165565241761
BAD 165565703881
BAD 165565904303
BAD 165566079739
BAD 165566392601
BAD 165566392603
BAD 165566392609
BAD 165566456203
BAD 165566456207
BAD 165566691319
BAD 165567061279
BAD 165567061313
BAD 165567561473
BAD 165568002877
BAD 165568376483
BAD 165569039821
BAD 165569191187
BAD 165569212187
BAD 165569212189
BAD 165569603273
BAD 165569603279
BAD 165569603281
BAD 165569650643
BAD 165536700467
BAD 165519954991
BAD 165520234939
BAD 165520430857
BAD 165520430863
BAD 165520430869
BAD 165520706657
BAD 165537700597
BAD 165537769219
BAD 165537769223
BAD 165537769237
BAD 165521070899
BAD 165537993157
BAD 165521070901
BAD 165537993161
BAD 165538190491
BAD 165538190497
BAD 165522173119
BAD 165522395977
BAD 165522472573
BAD 165522474757
BAD 165539200117
BAD 165522837937
BAD 165539743309
BAD 165539774027
BAD 165539901577
BAD 165523229881
BAD 165523229891
BAD 165523299157
BAD 165523384673
BAD 165540433217
BAD 165540634201
BAD 165523622491
BAD 165523622507
BAD 165523622513
BAD 165540712723
BAD 165523710397
BAD 165523786657
BAD 165523849949
BAD 165541287323
BAD 165541709449
BAD 165542465423
BAD 165542465453
BAD 165542505397
BAD 165542505563
BAD 165542637571
BAD 165542780833
BAD 165543354259
BAD 165543612181
BAD 165543612217
BAD 165525389569
BAD 165525389573
BAD 165525389581
BAD 165525640607
BAD 165528243043
BAD 165503067293
BAD 165503339179
BAD 165529076527
BAD 165503919709
BAD 165529226273
BAD 165529226281
BAD 165529810639
BAD 165544834519
BAD 165544984399
BAD 165544984411
BAD 165545472751
BAD 165530612131
BAD 165545561683
BAD 165530682943
BAD 165530682959
BAD 165530791709
BAD 165545811097
BAD 165504814403
BAD 165504814417
BAD 165504814459
BAD 165546621343
BAD 165505567147
BAD 165546749009
BAD 165505672523
BAD 165546768487
BAD 165546768493
BAD 165546768503
BAD 165505702651
BAD 165506314837
BAD 165506314879
BAD 165547855813
BAD 165506625553
BAD 165547860713
BAD 165547860749
BAD 165548437003
BAD 165548437007
BAD 165548437009
BAD 165548500597
BAD 165548500609
BAD 165548500613
BAD 165507505649
BAD 165507505651
BAD 165507617843
BAD 165507617861
BAD 165507617881
BAD 165507617887
BAD 165549174691
BAD 165508431469
BAD 165508431481
BAD 165508938499
BAD 165549415903
BAD 165549682457
BAD 165549682469
BAD 165549682471
BAD 165549682483
BAD 165549682541
BAD 165549682549
BAD 165549682559
BAD 165509310797
BAD 165509823511
BAD 165550518631
BAD 165509871959
BAD 165550719799
BAD 165550846763
BAD 165551031427
BAD 165510363157
BAD 165551920381
BAD 165552831833
BAD 165552918283
BAD 165552980213
BAD 165531559313
BAD 165531559339
BAD 165531559343
BAD 165531837511
BAD 165531837517
BAD 165511873981
BAD 165532169861
BAD 165512224013
BAD 165512280361
BAD 165512471701
BAD 165512471753
BAD 165512471759
BAD 165512471797
BAD 165512482279
BAD 165512482283
BAD 165512482297
BAD 165532900523
BAD 165532900541
BAD 165533257999
BAD 165513886487
BAD 165534072643
BAD 165534434861
BAD 165534434873
BAD 165534434893
BAD 165535105933
BAD 165535105951
BAD 165535105963
BAD 165535307957
BAD 165516294313
BAD 165516369173
BAD 165516369181
BAD 165535907323
BAD 165535907333
BAD 165517040251
BAD 165517040281
BAD 165517088843
BAD 165517338871
BAD 165517338887
BAD 165518217673
BAD 165518218529
BAD 165518218531
BAD 165518245733
BAD 165518361263
BAD 165518658563
BAD 165518691451
BAD 165518711593
BAD 165518711597
BAD 165518938441
BAD 165518938489
BAD 165518938493
BAD 165518954033
BAD 165519111997
BAD 165519397391
BAD 165570092563
BAD 165570153323
BAD 165570293641
BAD 165571100509
BAD 165571962769
BAD 165571976599
BAD 165574275353
BAD 165574956203
BAD 165575520941
BAD 165575520953
BAD 165575618189
BAD 165575695423
BAD 165575827553
BAD 165576863479
BAD 165576948499
BAD 165576954247
BAD 165577572443
BAD 165577597777
BAD 165577956743
BAD 165577956763
BAD 165578050657
BAD 165578050667
BAD 165578050669
BAD 165603966679
BAD 165603966683
BAD 165604189831
BAD 165604189837
BAD 165587298521
BAD 165604721941
BAD 165587599613
BAD 165587599633
BAD 165604870961
BAD 165604870969
BAD 165604870973
BAD 165604870999
BAD 165587831923
BAD 165588040913
BAD 165589329337
BAD 165606291247
BAD 165606406003
BAD 165606406039
BAD 165589575533
BAD 165589625209
BAD 165589625219
BAD 165620559193
BAD 165620559197
BAD 165620559199
BAD 165620559211
BAD 165589625221
BAD 165589625239
BAD 165621065153
BAD 165590189473
BAD 165607001711
BAD 165607050083
BAD 165607458487
BAD 165621639793
BAD 165621639797
BAD 165621639811
BAD 165621651593
BAD 165621651599
BAD 165607562467
BAD 165607562489
BAD 165590763257
BAD 165608071523
BAD 165622147073
BAD 165622147079
BAD 165608144969
BAD 165608144971
BAD 165608161183
BAD 165608161189
BAD 165622321103
BAD 165622628263
BAD 165622628267
BAD 165591578609
BAD 165624138437
BAD 165591578611
BAD 165624357139
BAD 165591708181
BAD 165609978797
BAD 165609978799
BAD 165610043413
BAD 165610043419
BAD 165624492113
BAD 165610214087
BAD 165610214089
BAD 165624665543
BAD 165610450673
BAD 165610645561
BAD 165610666171
BAD 165625063403
BAD 165625063427
BAD 165625063433
BAD 165611169221
BAD 165611169223
BAD 165625369043
BAD 165592765031
BAD 165592765033
BAD 165592791941
BAD 165592791943
BAD 165611330089
BAD 165611330161
BAD 165612359123
BAD 165594069527
BAD 165594069533
BAD 165594232693
BAD 165627868369
BAD 165579600349
BAD 165594232697
BAD 165594264839
BAD 165594264841
BAD 165579896431
BAD 165579896437
BAD 165579896569
BAD 165579927229
BAD 165580135423
BAD 165628078753
BAD 165628363633
BAD 165595765337
BAD 165595765339
BAD 165595878067
BAD 165595985047
BAD 165595985063
BAD 165596045689
BAD 165581232727
BAD 165581317243
BAD 165596400803
BAD 165582018559
BAD 165582032677
BAD 165582032687
BAD 165582032689
BAD 165629722529
BAD 165596790949
BAD 165596983183
BAD 165612655463
BAD 165654016823
BAD 165582950633
BAD 165630817019
BAD 165630817021
BAD 165654367693
BAD 165583190659
BAD 165613426141
BAD 165583399613
BAD 165583485373
BAD 165631301723
BAD 165583769839
BAD 165655150981
BAD 165631613911
BAD 165631722943
BAD 165631722947
BAD 165631722953
BAD 165655351349
BAD 165655395721
BAD 165655395727
BAD 165614476633
BAD 165615017719
BAD 165632867779
BAD 165633024937
BAD 165656118391
BAD 165656147291
BAD 165656147309
BAD 165633263767
BAD 165633409553
BAD 165633409561
BAD 165656794493
BAD 165585530021
BAD 165657437173
BAD 165634386839
BAD 165617050561
BAD 165585530381
BAD 165617050609
BAD 165585578237
BAD 165617222627
BAD 165617222629
BAD 165617222633
BAD 165617222647
BAD 165585735089
BAD 165634665751
BAD 165586006129
BAD 165586027993
BAD 165617603293
BAD 165617603341
BAD 165586201111
BAD 165586201117
BAD 165586201133
BAD 165634827793
BAD 165634889813
BAD 165617859373
BAD 165617859377
BAD 165617900561
BAD 165658043029
BAD 165658043041
BAD 165586494167
BAD 165586494169
BAD 165586494173
BAD 165635324089
BAD 165658798667
BAD 165618490273
BAD 165635324093
BAD 165635494567
BAD 165618716453
BAD 165659289661
BAD 165619241761
BAD 165619241779
BAD 165659646653
BAD 165619305053
BAD 165636261257
BAD 165619551661
BAD 165660143573
BAD 165636561691
BAD 165619702169
BAD 165660328513
BAD 165660328523
BAD 165660328543
BAD 165636687343
BAD 165636687347
BAD 165636726823
BAD 165636818723
BAD 165619951957
BAD 165619975051
BAD 165637040773
BAD 165660875473
BAD 165597546349
BAD 165597546353
BAD 165597721073
BAD 165661276639
BAD 165598292177
BAD 165598340333
BAD 165598340339
BAD 165661375403
BAD 165661777163
BAD 165661958687
BAD 165661958689
BAD 165662388623
BAD 165662642059
BAD 165662642063
BAD 165599478299
BAD 165599478301
BAD 165599478307
BAD 165599504179
BAD 165599504183
BAD 165600107633
BAD 165600338333
BAD 165600338401
BAD 165600533767
BAD 165600624157
BAD 165601222183
BAD 165601229887
BAD 165601288973
BAD 165601536679
BAD 165601536703
BAD 165601538681
BAD 165601693199
BAD 165601941949
BAD 165601941961
BAD 165602188189
BAD 165663258499
BAD 165663511501
BAD 165663659281
BAD 165602604919
BAD 165602604929
BAD 165603386801
BAD 165665870983
BAD 165666146519
BAD 165666146521
BAD 165666505063
BAD 165666666553
BAD 165666840839
BAD 165666840841
BAD 165666840853
BAD 165667272839
BAD 165738346099
BAD 165739058473
BAD 165739205813
BAD 165739205837
BAD 165739205839
BAD 165739209283
BAD 165739209287
BAD 165739209289
BAD 165739234729
BAD 165739234751
BAD 165739234753
BAD 165670251631
BAD 165704455853
BAD 165704710891
BAD 165741456163
BAD 165741583927
BAD 165741594743
BAD 165741684191
BAD 165741684193
BAD 165741684197
BAD 165742012217
BAD 165742088231
BAD 165742088233
BAD 165742178299
BAD 165705454753
BAD 165705454807
BAD 165742714651
BAD 165743618333
BAD 165706304633
BAD 165706304639
BAD 165706304641
BAD 165706304651
BAD 165706304653
BAD 165706565443
BAD 165706754573
BAD 165707066411
BAD 165707155519
BAD 165707251223
BAD 165707930299
BAD 165707930303
BAD 165745205641
BAD 165708100351
BAD 165745586569
BAD 165708924263
BAD 165709103767
BAD 165746151611
BAD 165709103771
BAD 165746151617
BAD 165746212013
BAD 165709978003
BAD 165710137903
BAD 165746539117
BAD 165710638711
BAD 165710738797
BAD 165746992393
BAD 165746992409
BAD 165637370663
BAD 165637370693
BAD 165637372673
BAD 165637474097
BAD 165637474099
BAD 165637474103
BAD 165747349057
BAD 165711284993
BAD 165638407579
BAD 165748353049
BAD 165711936043
BAD 165712107619
BAD 165712107623
BAD 165748719197
BAD 165748719239
BAD 165712472161
BAD 165712472183
BAD 165712625497
BAD 165639215659
BAD 165639215701
BAD 165749260081
BAD 165855734041
BAD 165805050659
BAD 165687633869
BAD 165855734071
BAD 165749260097
BAD 165805050661
BAD 165805050667
BAD 165687633871
BAD 165855785881
BAD 165805104539
BAD 165805104541
BAD 165639337403
BAD 165639337411
BAD 165805272029
BAD 165805379161
BAD 165688102429
BAD 165856253701
BAD 165856253713
BAD 165805567853
BAD 165805567861
BAD 165640016713
BAD 165640016719
BAD 165749686579
BAD 165749686589
BAD 165749686591
BAD 165640148521
BAD 165688264253
BAD 165640397743
BAD 165750292117
BAD 165712924529
BAD 165788722859
BAD 165839012743
BAD 165688687909
BAD 165806831279
BAD 165688687981
BAD 165712924543
BAD 165640880527
BAD 165640880533
BAD 165750452851
BAD 165788867201
BAD 165788867203
BAD 165789034441
BAD 165789034451
BAD 165789034457
BAD 165789034459
BAD 165789034469
BAD 165789034471
BAD 165750855499
BAD 165750860089
BAD 165713562961
BAD 165807699949
BAD 165807699961
BAD 165751049447
BAD 165751049449
BAD 165713720429
BAD 165670801529
BAD 165670801531
BAD 165808197931
BAD 165641810449
BAD 165808458377
BAD 165714672923
BAD 165808458379
BAD 165671114771
BAD 165808458383
BAD 165789668717
BAD 165808458391
BAD 165714673129
BAD 165671114773
BAD 165808458397
BAD 165808458401
BAD 165789668719
BAD 165641818297
BAD 165789699431
BAD 165789699433
BAD 165671403439
BAD 165752050441
BAD 165671514509
BAD 165671514511
BAD 165808696091
BAD 165808696093
BAD 165808696103
BAD 165691163399
BAD 165691163401
BAD 165691171463
BAD 165691184429
BAD 165691184431
BAD 165691199041
BAD 165808828853
BAD 165671801689
BAD 165808909397
BAD 165752441753
BAD 165791169127
BAD 165671801693
BAD 165841493401
BAD 165857452681
BAD 165715251589
BAD 165841493501
BAD 165691834159
BAD 165715279501
BAD 165715279553
BAD 165752457907
BAD 165771586423
BAD 165771586433
BAD 165752524921
BAD 165771698303
BAD 165809041511
BAD 165809041513
BAD 165691990987
BAD 165809073037
BAD 165809073041
BAD 165809073049
BAD 165715550479
BAD 165715550491
BAD 165857769661
BAD 165721808363
BAD 165809149573
BAD 165721865399
BAD 165721865401
BAD 165857985973
BAD 165753494971
BAD 165822716753
BAD 165715896067
BAD 165842204707
BAD 165642384841
BAD 165842204761
BAD 165722158603
BAD 165772627183
BAD 165754769441
BAD 165692977139
BAD 165722158619
BAD 165722158621
BAD 165692977141
BAD 165722158631
BAD 165692977147
BAD 165754769443
BAD 165692977159
BAD 165754769447
BAD 165792206231
BAD 165792206233
BAD 165754810093
BAD 165858042019
BAD 165693039821
BAD 165809725933
BAD 165772728019
BAD 165754913449
BAD 165642548101
BAD 165722364097
BAD 165693205087
BAD 165753736249
BAD 165793522787
BAD 165810681859
BAD 165693398473
BAD 165773850113
BAD 165842344939
BAD 165755178397
BAD 165723487507
BAD 165693398491
BAD 165643813277
BAD 165723487511
BAD 165643813297
BAD 165643813319
BAD 165823553809
BAD 165716706083
BAD 165842382659
BAD 165842382661
BAD 165858575741
BAD 165716876683
BAD 165716876687
BAD 165716876693
BAD 165858608261
BAD 165716883421
BAD 165716883433
BAD 165858608263
BAD 165858608281
BAD 165858608287
BAD 165858630907
BAD 165842594009
BAD 165842594011
BAD 165842594017
BAD 165793823249
BAD 165842594023
BAD 165693792707
BAD 165693792709
BAD 165693792721
BAD 165858682607
BAD 165858682609
BAD 165823813097
BAD 165811121779
BAD 165755662223
BAD 165811206541
BAD 165644366761
BAD 165644366779
BAD 165774336493
BAD 165794044027
BAD 165794053981
BAD 165755746207
BAD 165755746213
BAD 165811272799
BAD 165644434343
BAD 165644692271
BAD 165644692273
BAD 165858926281
BAD 165672331549
BAD 165672331553
BAD 165644784199
BAD 165794426263
BAD 165794426311
BAD 165717554581
BAD 165717554593
BAD 165756263581
BAD 165843283763
BAD 165717554609
BAD 165824215463
BAD 165717554623
BAD 165717554647
BAD 165824215517
BAD 165824215519
BAD 165724352971
BAD 165794687053
BAD 165717647833
BAD 165717674053
BAD 165859338121
BAD 165645226099
BAD 165724596533
BAD 165724596539
BAD 165694459591
BAD 165672862723
BAD 165672872251
BAD 165724676569
BAD 165724688879
BAD 165859554811
BAD 165724754197
BAD 165724754227
BAD 165694664501
BAD 165694664503
BAD 165812414179
BAD 165812414197
BAD 165812414203
BAD 165756823189
BAD 165724893233
BAD 165860179423
BAD 165673371841
BAD 165795595793
BAD 165860179477
BAD 165824762507
BAD 165813047423
BAD 165844230841
BAD 165645719191
BAD 165673371847
BAD 165718723579
BAD 165775405597
BAD 165718723589
BAD 165694693079
BAD 165718723591
BAD 165724893277
BAD 165694693081
BAD 165775405603
BAD 165775405619
BAD 165724927877
BAD 165724927883
BAD 165724927889
BAD 165775533661
BAD 165813244307
BAD 165645839153
BAD 165813310279
BAD 165860477063
BAD 165673779253
BAD 165860502569
BAD 165860502571
BAD 165860502593
BAD 165813565171
BAD 165695168633
BAD 165719295689
BAD 165719295691
BAD 165775777621
BAD 165719295697
BAD 165825378871
BAD 165825378881
BAD 165825378883
BAD 165775800653
BAD 165757191727
BAD 165796315823
BAD 165719434513
BAD 165646345817
BAD 165646345819
BAD 165845005009
BAD 165725470373
BAD 165695601563
BAD 165796698811
BAD 165719864377
BAD 165725580347
BAD 165725580661
BAD 165845232271
BAD 165646706161
BAD 165646707601
BAD 165826044421
BAD 165826080247
BAD 165826080283
BAD 165826081573
BAD 165695927927
BAD 165674772181
BAD 165826213939
BAD 165696058589
BAD 165776615663
BAD 165814592311
BAD 165826374313
BAD 165826374323
BAD 165845607527
BAD 165845607533
BAD 165647071201
BAD 165674989723
BAD 165814689281
BAD 165696203237
BAD 165845692489
BAD 165797461897
BAD 165797461901
BAD 165797461903
BAD 165797462021
BAD 165845795419
BAD 165814871449
BAD 165797560609
BAD 165776903101
BAD 165696409457
BAD 165696409471
BAD 165776932901
BAD 165758043571
BAD 165777078017
BAD 165777078023
BAD 165826891331
BAD 165826891333
BAD 165861593509
BAD 165675651871
BAD 165798050903
BAD 165675674243
BAD 165675674303
BAD 165696799217
BAD 165861656827
BAD 165758217271
BAD 165696850951
BAD 165696850961
BAD 165675792949
BAD 165798211357
BAD 165815624399
BAD 165726524363
BAD 165726642569
BAD 165777740119
BAD 165758599639
BAD 165846538183
BAD 165827315483
BAD 165861954347
BAD 165676170229
BAD 165676211963
BAD 165676211969
BAD 165676257013
BAD 165676257017
BAD 165676257023
BAD 165648155797
BAD 165778193621
BAD 165846785089
BAD 165846804931
BAD 165758716709
BAD 165727471199
BAD 165798789353
BAD 165697764139
BAD 165778541941
BAD 165648585811
BAD 165827928199
BAD 165648585833
BAD 165816513463
BAD 165863306971
BAD 165846804961
BAD 165676492259
BAD 165727471211
BAD 165863306977
BAD 165727471213
BAD 165648700471
BAD 165676582769
BAD 165676582789
BAD 165798928387
BAD 165778753433
BAD 165727772579
BAD 165778813817
BAD 165863537647
BAD 165847173691
BAD 165847173703
BAD 165847173707
BAD 165828317537
BAD 165828317539
BAD 165799360949
BAD 165799368083
BAD 165649153381
BAD 165759284461
BAD 165817199363
BAD 165828628843
BAD 165847579243
BAD 165779265307
BAD 165779404039
BAD 165799579471
BAD 165828882187
BAD 165828918349
BAD 165649478803
BAD 165649478807
BAD 165649478809
BAD 165829024877
BAD 165817651991
BAD 165817651997
BAD 165779680433
BAD 165779688751
BAD 165779794907
BAD 165759818533
BAD 165847977431
BAD 165759888739
BAD 165698977597
BAD 165799927231
BAD 165829566677
BAD 165864667861
BAD 165864667879
BAD 165864667883
BAD 165677548853
BAD 165760165187
BAD 165729260803
BAD 165830317973
BAD 165780232381
BAD 165650359879
BAD 165677610233
BAD 165760165189
BAD 165819175283
BAD 165802519297
BAD 165650359883
BAD 165780252277
BAD 165650450813
BAD 165650450831
BAD 165650476111
BAD 165848297623
BAD 165760317301
BAD 165830530643
BAD 165830530651
BAD 165830530687
BAD 165819431653
BAD 165848480671
BAD 165848480687
BAD 165848480689
BAD 165760481449
BAD 165760481461
BAD 165650680981
BAD 165802913803
BAD 165830702311
BAD 165780654373
BAD 165729746803
BAD 165803021837
BAD 165761075023
BAD 165850478921
BAD 165781678423
BAD 165699385807
BAD 165820116643
BAD 165864706759
BAD 165831017477
BAD 165730093247
BAD 165678458761
BAD 165730093279
BAD 165730093283
BAD 165730093301
BAD 165730181347
BAD 165730187327
BAD 165730187377
BAD 165781775779
BAD 165831128329
BAD 165803134109
BAD 165803134111
BAD 165831156787
BAD 165831156797
BAD 165831156811
BAD 165831156817
BAD 165864842047
BAD 165730331993
BAD 165730332011
BAD 165730332013
BAD 165730332017
BAD 165831230659
BAD 165820358677
BAD 165762155333
BAD 165700025509
BAD 165851438131
BAD 165762155387
BAD 165678809333
BAD 165731397061
BAD 165782226301
BAD 165650878751
BAD 165831483721
BAD 165731397067
BAD 165650878753
BAD 165650878759
BAD 165865075763
BAD 165831533611
BAD 165700104637
BAD 165831543217
BAD 165831543223
BAD 165831615899
BAD 165831631717
BAD 165831631733
BAD 165700245563
BAD 165831673957
BAD 165831673981
BAD 165831673993
BAD 165782499083
BAD 165851555999
BAD 165851556001
BAD 165851556007
BAD 165678973549
BAD 165678973553
BAD 165851596307
BAD 165700538851
BAD 165762919219
BAD 165651409141
BAD 165832186477
BAD 165851596321
BAD 165679812533
BAD 165865579351
BAD 165782606161
BAD 165732408601
BAD 165865581919
BAD 165865581923
BAD 165762943823
BAD 165762943883
BAD 165762943903
BAD 165700585681
BAD 165782649169
BAD 165782743183
BAD 165782743187
BAD 165651526111
BAD 165700731673
BAD 165782912257
BAD 165832473773
BAD 165803255593
BAD 165866007913
BAD 165866007917
BAD 165866007919
BAD 165680080859
BAD 165680080861
BAD 165701057029
BAD 165763295899
BAD 165832709557
BAD 165852062153
BAD 165763295903
BAD 165701086183
BAD 165763295911
BAD 165763295917
BAD 165866180539
BAD 165701086193
BAD 165866180549
BAD 165866180551
BAD 165783369029
BAD 165783369053
BAD 165652003103
BAD 165783379771
BAD 165783402709
BAD 165783402749
BAD 165783402751
BAD 165652157521
BAD 165680328109
BAD 165680328113
BAD 165680328119
BAD 165680341039
BAD 165852299779
BAD 165832979573
BAD 165832979591
BAD 165832979593
BAD 165832979597
BAD 165701403661
BAD 165701403667
BAD 165680515181
BAD 165866595619
BAD 165804307111
BAD 165834245461
BAD 165701864161
BAD 165784232533
BAD 165680515183
BAD 165764257909
BAD 165701864173
BAD 165680515211
BAD 165866595623
BAD 165820748021
BAD 165701864191
BAD 165866595667
BAD 165652748587
BAD 165804346321
BAD 165820829563
BAD 165820829567
BAD 165820829569
BAD 165834331643
BAD 165820881019
BAD 165820906627
BAD 165820906631
BAD 165652937113
BAD 165804529973
BAD 165733816141
BAD 165733816147
BAD 165834527303
BAD 165834527317
BAD 165866802229
BAD 165804755401
BAD 165852567343
BAD 165785230519
BAD 165653466463
BAD 165765306023
BAD 165868353979
BAD 165835424723
BAD 165868353991
BAD 165703146251
BAD 165703146253
BAD 165868409569
BAD 165682176743
BAD 165703265479
BAD 165734500013
BAD 165835665577
BAD 165868713427
BAD 165868977229
BAD 165868977233
BAD 165703549423
BAD 165682615789
BAD 165703674529
BAD 165703674533
BAD 165836388103
BAD 165836454451
BAD 165683058181
BAD 165735666799
BAD 165786528569
BAD 165786528619
BAD 165786528623
BAD 165786528637
BAD 165786604183
BAD 165837760433
BAD 165684139813
BAD 165736374631
BAD 165853748453
BAD 165870578917
BAD 165766879879
BAD 165786605227
BAD 165736389607
BAD 165853755763
BAD 165786697771
BAD 165767015767
BAD 165870733981
BAD 165837978589
BAD 165837978613
BAD 165837978617
BAD 165853890277
BAD 165853890287
BAD 165853890289
BAD 165853890311
BAD 165838138981
BAD 165736769921
BAD 165838308157
BAD 165767420303
BAD 165767420327
BAD 165684732859
BAD 165684735259
BAD 165684735263
BAD 165737309467
BAD 165685038833
BAD 165685038839
BAD 165767892859
BAD 165767892889
BAD 165768085759
BAD 165768102763
BAD 165854950909
BAD 165854950913
BAD 165685495291
BAD 165685986383
BAD 165768911851
BAD 165769043039
BAD 165769219051
BAD 165769244383
BAD 165769244393
BAD 165769296661
BAD 165769574143
BAD 165769587523
BAD 165872566163
BAD 165872623927
BAD 165872662801
BAD 165873973763
BAD 165874239809
BAD 165874639397
BAD 165874915681
BAD 165875335853
BAD 165875697577
BAD 165875697583
BAD 165875727541
BAD 165875727617
BAD 165875818151
BAD 165875919049
BAD 165876141677
BAD 165876141679
BAD 165876146287
BAD 165876201797
BAD 165876224051
BAD 165876382351
BAD 165876382379
BAD 165876877241
BAD 165877335497
BAD 165877414051
BAD 165877641247
BAD 165878162987
BAD 165878176847
BAD 165879038261
BAD 165879038263
BAD 165879038267
BAD 165879200497
BAD 165880150301
BAD 165880150309
BAD 165881489791
BAD 165881894119
BAD 165882611029
BAD 165882611077
BAD 165882611093
BAD 165882752671
BAD 165882752699
BAD 165882752701
BAD 165882752713
BAD 165882752719
BAD 165882787963
BAD 165883730251
BAD 165883730273
BAD 165884014201
BAD 165884014207
BAD 165884409121
BAD 165889686901
BAD 165889686979
BAD 165885379367
BAD 165885379369
BAD 165885430189
BAD 165885646403
BAD 165885813593
BAD 165891650047
BAD 165891949441
BAD 165892007683
BAD 165887235329
BAD 165887235331
BAD 165892909891
BAD 165892909913
BAD 165893079263
BAD 165888496619
BAD 165888496621
BAD 165888597527
BAD 165888622871
BAD 165888622873
BAD 165894428071
BAD 165895048057
BAD 165895478929
BAD 165896510359
BAD 165896789213
BAD 165897249533
BAD 165897249559
BAD 165897249601
BAD 165897402329
BAD 165897567601
BAD 165897595399
BAD 165897595403
BAD 165898181303
BAD 165900640183
BAD 165900854783
BAD 165901066249
BAD 165901790759
BAD 165901790809
BAD 165902184023
BAD 165902629303
BAD 165903160103
BAD 165903599321
BAD 165903744767
BAD 165904993259
BAD 165905232007
BAD 165905823451
BAD 165906199819
BAD 165906594979
BAD 165906906743
BAD 165907153547
BAD 165909257929
BAD 165909843257
BAD 165910380799
BAD 165910380829
BAD 165910884883
BAD 165911358803
BAD 165911948737
BAD 165911948743
BAD 165911948753
BAD 165912427633
BAD 165912513413
BAD 165914135819
BAD 165914326771
BAD 165914409589
BAD 165914651977
BAD 165914652031
BAD 165915178057
BAD 165915178061
BAD 165915178063
BAD 165915204197
BAD 165915204199
BAD 165915204223
BAD 165915204227
BAD 165915204293
BAD 165915868387
BAD 165916261327
BAD 165917648731
BAD 165917648737
BAD 165917904253
BAD 165917994973
BAD 165918865069
BAD 165919701859
BAD 165920195521
BAD 165920515339
BAD 165920515381
BAD 165920515393
BAD 165920847661
BAD 165921224423
BAD 165921224431
BAD 165921585523
BAD 165921910087
BAD 165939983719
BAD 165940104409
BAD 165940104413
BAD 165940403221
BAD 165940656983
BAD 165941035657
BAD 165941035669
BAD 165941647147
BAD 165941782927
BAD 165942475133
BAD 165942475189
BAD 165942600247
BAD 165942600251
BAD 165942600253
BAD 165942604943
BAD 165942879397
BAD 165942879407
BAD 165942879409
BAD 165942879413
BAD 165942879577
BAD 165942959177
BAD 165942959179
BAD 165943062893
BAD 165943149377
BAD 165943149391
BAD 165956063131
BAD 165943149401
BAD 165943149403
BAD 165943149409
BAD 165956183971
BAD 165943249229
BAD 165956228093
BAD 165956228101
BAD 165956477251
BAD 165943568717
BAD 165956699989
BAD 165956700719
BAD 165943751119
BAD 165944065979
BAD 165944065981
BAD 165945300413
BAD 165945300509
BAD 165945499943
BAD 165945645791
BAD 165945645793
BAD 165945645797
BAD 165945645799
BAD 165958048961
BAD 165958048967
BAD 165958520327
BAD 165958520333
BAD 165946513981
BAD 165947185477
BAD 165947572859
BAD 165960352829
BAD 165948225871
BAD 165948335603
BAD 165948335611
BAD 165960673063
BAD 165960673079
BAD 165948788251
BAD 165961441447
BAD 165961441469
BAD 165961544563
BAD 165961806979
BAD 165962179039
BAD 165962179043
BAD 165950475253
BAD 165950825543
BAD 165950825549
BAD 165951216679
BAD 165963948391
BAD 165964169911
BAD 165964321657
BAD 165964321661
BAD 165964346231
BAD 165952275919
BAD 165965435693
BAD 165953888467
BAD 165954170111
BAD 165954305063
BAD 165955128407
BAD 165965775449
BAD 165966851977
BAD 165966852043
BAD 165966852049
BAD 165966852131
BAD 165966852133
BAD 165966852143
BAD 165967197679
BAD 165967545223
BAD 165968887849
BAD 165968887853
BAD 165968887859
BAD 165970105463
BAD 165970378817
BAD 165971730383
BAD 165923419339
BAD 165923825843
BAD 165923825861
BAD 165923825863
BAD 165923825869
BAD 165923825887
BAD 165924190673
BAD 165971940931
BAD 165924577831
BAD 165924577837
BAD 165924588301
BAD 165924627181
BAD 165972064003
BAD 165972602611
BAD 165925611899
BAD 165925611959
BAD 165925611961
BAD 165925611967
BAD 165925611977
BAD 165926521861
BAD 165926685839
BAD 165926756641
BAD 165927153631
BAD 165927894241
BAD 165928207567
BAD 165928429889
BAD 165928429897
BAD 165928429937
BAD 165928429939
BAD 165928429999
BAD 165928632409
BAD 165929447119
BAD 165929774291
BAD 165929774293
BAD 165930179603
BAD 165930884843
BAD 165930884849
BAD 165931455961
BAD 165931963633
BAD 165931963643
BAD 165932544121
BAD 165933159031
BAD 165933325853
BAD 165933325897
BAD 165933512621
BAD 165933513023
BAD 165934027513
BAD 165934027529
BAD 165934027531
BAD 165934454071
BAD 165934765781
BAD 165935006453
BAD 165935006459
BAD 165935006473
BAD 165935020567
BAD 165935245129
BAD 165935386021
BAD 165935537081
BAD 165935537083
BAD 165936018751
BAD 165939011573
BAD 165939011597
BAD 165939011599
BAD 165972860731
BAD 165973743601
BAD 165974140547
BAD 165974553139
BAD 165974770933
BAD 165975054073
BAD 165975188767
BAD 165975188791
BAD 165975279419
BAD 165975347207
BAD 165975347221
BAD 165975347227
BAD 165975347231
BAD 165975347233
BAD 165975347243
BAD 165975659491
BAD 165976276163
BAD 165976305463
BAD 165977081551
BAD 165977324263
BAD 166006472147
BAD 166006549483
BAD 166006549493
BAD 166006681187
BAD 166006681189
BAD 166007003087
BAD 166007003089
BAD 166007003143
BAD 166007364079
BAD 166023266093
BAD 166008372113
BAD 166023929053
BAD 166008975061
BAD 166009241243
BAD 166009241249
BAD 166009241257
BAD 166009274947
BAD 166009421099
BAD 166009421101
BAD 166009645973
BAD 166024806049
BAD 166009961539
BAD 166009988723
BAD 166010035591
BAD 166040103629
BAD 166040103631
BAD 166025271323
BAD 166010323321
BAD 166025271329
BAD 166025271331
BAD 166010323327
BAD 166010326759
BAD 166010477839
BAD 166010622773
BAD 166025481287
BAD 166025503141
BAD 166010743609
BAD 166040571611
BAD 166011087167
BAD 166011087169
BAD 166011087181
BAD 166011087197
BAD 166011087199
BAD 166040775517
BAD 165977775331
BAD 165977833613
BAD 165977833621
BAD 166027209589
BAD 166041731623
BAD 165978884033
BAD 166041935141
BAD 166042060703
BAD 166042060711
BAD 166027908661
BAD 165979182689
BAD 165979182701
BAD 166012053199
BAD 166042811959
BAD 166042815683
BAD 166043039101
BAD 166043216569
BAD 166043295709
BAD 166043513569
BAD 166012725631
BAD 166043771221
BAD 166043771227
BAD 166043963429
BAD 166044194647
BAD 165980516839
BAD 165980516843
BAD 166013769697
BAD 166013841871
BAD 166045368397
BAD 166045459051
BAD 166045681583
BAD 166045681589
BAD 166045681591
BAD 165981751267
BAD 166015147339
BAD 165981832931
BAD 165981832943
BAD 166046613703
BAD 166028237471
BAD 166028331121
BAD 166028571481
BAD 166028571487
BAD 166016382641
BAD 166047195373
BAD 166016382643
BAD 166028571497
BAD 166047195389
BAD 166016382841
BAD 166047195409
BAD 166016382871
BAD 166047195421
BAD 166047195427
BAD 166016415419
BAD 166016454727
BAD 166016454781
BAD 166047387497
BAD 166047387503
BAD 166016758013
BAD 166016904917
BAD 166016904919
BAD 166029155087
BAD 166029155093
BAD 166029155099
BAD 166016978731
BAD 166029193943
BAD 166029196493
BAD 166047964367
BAD 166029542603
BAD 166030058483
BAD 166018151669
BAD 166018151671
BAD 166018209829
BAD 165983258723
BAD 166030613239
BAD 166049397289
BAD 166018371997
BAD 165983724649
BAD 166018961753
BAD 166018978399
BAD 166050019171
BAD 165984323249
BAD 165984323251
BAD 165984372979
BAD 166031962183
BAD 166031962223
BAD 166031962231
BAD 166031962237
BAD 166031970301
BAD 166050449063
BAD 166032396851
BAD 166032396853
BAD 166032396863
BAD 166019773919
BAD 166019773921
BAD 165985278337
BAD 166020094237
BAD 166020094343
BAD 166020265583
BAD 166020265601
BAD 166020265603
BAD 166020474229
BAD 166020474241
BAD 166051721203
BAD 166033243403
BAD 166051885801
BAD 166020739799
BAD 166020828937
BAD 166020828949
BAD 166020880913
BAD 166020880951
BAD 166033704163
BAD 166052700397
BAD 166053303077
BAD 166034836213
BAD 166034836217
BAD 166022158343
BAD 166022158349
BAD 166022212529
BAD 166034976743
BAD 166034976749
BAD 166035018053
BAD 166035427643
BAD 166035436163
BAD 166035549151
BAD 166035549157
BAD 166054169513
BAD 166035816013
BAD 166054562251
BAD 166036300387
BAD 166054741093
BAD 166054741561
BAD 166054741583
BAD 166036575631
BAD 165986144899
BAD 166036575637
BAD 166036575643
BAD 165986144941
BAD 166054811569
BAD 165986283817
BAD 166054889263
BAD 166054889267
BAD 166054889269
BAD 166037112533
BAD 165987077119
BAD 166055802113
BAD 166055822183
BAD 166055822189
BAD 166055822203
BAD 166037412647
BAD 166037560097
BAD 166037841623
BAD 166037841667
BAD 165987904267
BAD 166038255073
BAD 166038972109
BAD 166038972131
BAD 166039477741
BAD 166039629083
BAD 165989501837
BAD 165989756941
BAD 165990510563
BAD 165991175491
BAD 165991329743
BAD 165991369163
BAD 165991369171
BAD 165991727249
BAD 165991727273
BAD 165993271597
BAD 165993877099
BAD 165994347991
BAD 165994369403
BAD 165994505077
BAD 165994700869
BAD 165995891233
BAD 165995916301
BAD 165995981479
BAD 165995998249
BAD 165996243097
BAD 165996374483
BAD 165997170491
BAD 165997833413
BAD 165998007283
BAD 165998521267
BAD 165998638747
BAD 165998944907
BAD 165999016943
BAD 165999238729
BAD 165999238733
BAD 166056896059
BAD 166056913073
BAD 166057081747
BAD 166058188277
BAD 166058188279
BAD 166058565863
BAD 166073598541
BAD 166073724473
BAD 166073968321
BAD 166074057031
BAD 166074131857
BAD 166074131863
BAD 166074131869
BAD 166059264487
BAD 166074534053
BAD 166074534061
BAD 166074534133
BAD 166074660757
BAD 166059420959
BAD 166059445193
BAD 166074901919
BAD 166074901921
BAD 166059895343
BAD 166059895349
BAD 166060002733
BAD 166075750579
BAD 166060870169
BAD 166060960069
BAD 166060960157
BAD 166060960159
BAD 166061094853
BAD 166061094893
BAD 166061143219
BAD 166061143223
BAD 166061265593
BAD 166061265649
BAD 166061265653
BAD 166061481757
BAD 166061607259
BAD 166061683133
BAD 166076970281
BAD 166061896223
BAD 166077315337
BAD 166062051929
BAD 166062331517
BAD 166062353671
BAD 166077870073
BAD 166078199491
BAD 166078199503
BAD 166078401439
BAD 166078429381
BAD 166062826849
BAD 166078685963
BAD 166063028563
BAD 166078781123
BAD 166078929727
BAD 166079394127
BAD 166001015273
BAD 166001108359
BAD 166001108363
BAD 166001108369
BAD 166001108509
BAD 166001182447
BAD 166001182453
BAD 166079947861
BAD 166001493179
BAD 166079947871
BAD 166079947879
BAD 166001493181
BAD 166080086131
BAD 166080463189
BAD 166080704063
BAD 166002140419
BAD 166002297757
BAD 166080926663
BAD 166003007593
BAD 166082434633
BAD 166003318631
BAD 166003318633
BAD 166003460897
BAD 166003460899
BAD 166003636349
BAD 166003697033
BAD 166083526019
BAD 166083573937
BAD 166083573941
BAD 166004092159
BAD 166004378273
BAD 166004378297
BAD 166004426143
BAD 166064306587
BAD 166064340571
BAD 166064342629
BAD 166064520091
BAD 166064538547
BAD 166064538551
BAD 166064538553
BAD 166064573681
BAD 166064573683
BAD 166005104779
BAD 166005135953
BAD 166065000091
BAD 166065073091
BAD 166065073093
BAD 166065724507
BAD 166065867439
BAD 166066064239
BAD 166066064243
BAD 166005900349
BAD 166005900353
BAD 166066484677
BAD 166066484693
BAD 166066513519
BAD 166067497261
BAD 166067497291
BAD 166068136979
BAD 166068136981
BAD 166068137017
BAD 166068205673
BAD 166068373591
BAD 166084147093
BAD 166084147111
BAD 166084147129
BAD 166085116969
BAD 166085116973
BAD 166085116979
BAD 166085396707
BAD 166190813911
BAD 166086057769
BAD 166086057773
BAD 166086057779
BAD 166086057791
BAD 166191454981
BAD 166086239161
BAD 166086239167
BAD 166191797809
BAD 166086505873
BAD 166086505877
BAD 166086505903
BAD 166086505909
BAD 166086505919
BAD 166086505933
BAD 166191836149
BAD 166087305113
BAD 166087305133
BAD 166087499731
BAD 166087499737
BAD 166087695251
BAD 166087695253
BAD 166192604261
BAD 166087881703
BAD 166087881709
BAD 166087911961
BAD 166087911971
BAD 166087911973
BAD 166193153527
BAD 166193153551
BAD 166193153563
BAD 166193196371
BAD 166193196373
BAD 166193196391
BAD 166088178233
BAD 166193377817
BAD 166193436637
BAD 166088617433
BAD 166193904353
BAD 166193904361
BAD 166089050971
BAD 166089130313
BAD 166089130321
BAD 166089130327
BAD 166089345437
BAD 166089345439
BAD 166194556267
BAD 166194581249
BAD 166194581251
BAD 166089498493
BAD 166194658559
BAD 166194658561
BAD 166089725393
BAD 166089725413
BAD 166194956407
BAD 166194956413
BAD 166195525319
BAD 166195550119
BAD 166195555051
BAD 166196294993
BAD 166068780659
BAD 166197439171
BAD 166197439229
BAD 166197439231
BAD 166197604091
BAD 166197604093
BAD 166197604109
BAD 166197604117
BAD 166197604127
BAD 166197604129
BAD 166197789683
BAD 166198353289
BAD 166198393499
BAD 166198393541
BAD 166199015687
BAD 166199015797
BAD 166199015803
BAD 166199109991
BAD 166199346961
BAD 166199607997
BAD 166200790123
BAD 166201111771
BAD 166201886581
BAD 166274820983
BAD 166275334573
BAD 166202543203
BAD 166202824253
BAD 166202824267
BAD 166207938179
BAD 166275880063
BAD 166207938181
BAD 166275977473
BAD 166276034053
BAD 166276075051
BAD 166208099039
BAD 166276136969
BAD 166276363751
BAD 166276363753
BAD 166203517429
BAD 166203517433
BAD 166276629763
BAD 166276738289
BAD 166276879633
BAD 166203937223
BAD 166203937231
BAD 166203937267
BAD 166204002091
BAD 166204234253
BAD 166209120349
BAD 166209120353
BAD 166209342043
BAD 166209342053
BAD 166277617871
BAD 166277617873
BAD 166204810259
BAD 166209902059
BAD 166204915703
BAD 166204915711
BAD 166210210193
BAD 166278038869
BAD 166278038893
BAD 166278038897
BAD 166278038903
BAD 166278038909
BAD 166278089077
BAD 166278089083
BAD 166210308191
BAD 166210308193
BAD 166278184103
BAD 166210531681
BAD 166210612937
BAD 166278375259
BAD 166278479683
BAD 166211062007
BAD 166211062009
BAD 166211062033
BAD 166278690541
BAD 166211186749
BAD 166211186753
BAD 166211288459
BAD 166211288461
BAD 166211288479
BAD 166205762533
BAD 166279045073
BAD 166206438157
BAD 166206438161
BAD 166206520069
BAD 166206520093
BAD 166212700607
BAD 166279746781
BAD 166206520099
BAD 166212700639
BAD 166279788923
BAD 166279788931
BAD 166279811279
BAD 166279811281
BAD 166280486737
BAD 166280486741
BAD 166280556301
BAD 166207356079
BAD 166213414291
BAD 166207490263
BAD 166069450583
BAD 166069450597
BAD 166069450601
BAD 166069472791
BAD 166069514467
BAD 166280901421
BAD 166280901623
BAD 166281617071
BAD 166281903553
BAD 166224943771
BAD 166225073761
BAD 166225265929
BAD 166282314301
BAD 166282314337
BAD 166225394161
BAD 166258893667
BAD 166282714069
BAD 166069654039
BAD 166259958461
BAD 166226221103
BAD 166260322549
BAD 166226831179
BAD 166283171953
BAD 166283171993
BAD 166283172001
BAD 166070295863
BAD 166260670663
BAD 166216624459
BAD 166140699407
BAD 166140777757
BAD 166140809581
BAD 166283557777
BAD 166283557837
BAD 166070711567
BAD 166283702681
BAD 166261174369
BAD 166261174379
BAD 166261174381
BAD 166261174393
BAD 166227862873
BAD 166217253361
BAD 166227914491
BAD 166227914497
BAD 166227914507
BAD 166070904619
BAD 166227952549
BAD 166261420009
BAD 166283968441
BAD 166071050713
BAD 166261431443
BAD 166228334651
BAD 166071134423
BAD 166284327269
BAD 166262103313
BAD 166218570871
BAD 166218570877
BAD 166284667981
BAD 166262418241
BAD 166218944351
BAD 166284975529
BAD 166285153981
BAD 166142252663
BAD 166262771537
BAD 166262771539
BAD 166262869573
BAD 166262869579
BAD 166285306861
BAD 166285343123
BAD 166285343153
BAD 166285439659
BAD 166072087567
BAD 166230040079
BAD 166072106033
BAD 166072129633
BAD 166142670877
BAD 166285834129
BAD 166142816369
BAD 166220575141
BAD 166230501491
BAD 166286413103
BAD 166264218167
BAD 166157252917
BAD 166286413109
BAD 166072971721
BAD 166072971731
BAD 166264272679
BAD 166073151709
BAD 166220823053
BAD 166073171993
BAD 166157424661
BAD 166143239191
BAD 166143239243
BAD 166286854381
BAD 166221298741
BAD 166221298787
BAD 166264993049
BAD 166264993051
BAD 166264993099
BAD 166221393913
BAD 166221393917
BAD 166231304149
BAD 166143428623
BAD 166231525349
BAD 166231525351
BAD 166265325053
BAD 166231617997
BAD 166143830441
BAD 166291554391
BAD 166223444393
BAD 166232232503
BAD 166143830443
BAD 166158347083
BAD 166287294007
BAD 166174285073
BAD 166223444399
BAD 166265552851
BAD 166124816983
BAD 166287294011
BAD 166287322997
BAD 166291666007
BAD 166292052169
BAD 166174864613
BAD 166232794733
BAD 166144333339
BAD 166144401347
BAD 166144401349
BAD 166159215889
BAD 166159216151
BAD 166266214207
BAD 166266214243
BAD 166159261823
BAD 166266236531
BAD 166266236533
BAD 166175302493
BAD 166292530387
BAD 166287920083
BAD 166266415201
BAD 166159501103
BAD 166125675949
BAD 166125675953
BAD 166125805361
BAD 166144914697
BAD 166125863741
BAD 166125863779
BAD 166292929609
BAD 166125969643
BAD 166176063379
BAD 166266787397
BAD 166266787399
BAD 166126147787
BAD 166266801049
BAD 166145181607
BAD 166145181611
BAD 166145181613
BAD 166176216743
BAD 166293148393
BAD 166293148397
BAD 166176424639
BAD 166288465477
BAD 166176565759
BAD 166145453213
BAD 166126591313
BAD 166293519967
BAD 166293519991
BAD 166160376779
BAD 166293537049
BAD 166293588287
BAD 166160866723
BAD 166293588289
BAD 166288709063
BAD 166146042991
BAD 166234605503
BAD 166177077721
BAD 166161150833
BAD 166177448263
BAD 166177448267
BAD 166294139491
BAD 166146405857
BAD 166146498961
BAD 166235111123
BAD 166161551839
BAD 166289262443
BAD 166289271691
BAD 166289271721
BAD 166128581351
BAD 166128625703
BAD 166128625711
BAD 166235308669
BAD 166177908461
BAD 166177908487
BAD 166128749639
BAD 166146806153
BAD 166146964043
BAD 166146964051
BAD 166295068033
BAD 166295068099
BAD 166295068103
BAD 166235659853
BAD 166267475519
BAD 166129102549
BAD 166146986927
BAD 166267475533
BAD 166146986933
BAD 166129102553
BAD 166146998323
BAD 166178401327
BAD 166295185549
BAD 166295185561
BAD 166147185143
BAD 166295362637
BAD 166235854013
BAD 166178602049
BAD 166178602069
BAD 166235896837
BAD 166235896843
BAD 166147426463
BAD 166129362739
BAD 166129362743
BAD 166178742901
BAD 166236048169
BAD 166290138689
BAD 166290138691
BAD 166290173059
BAD 166268189071
BAD 166295880119
BAD 166162818433
BAD 166129792043
BAD 166296445261
BAD 166269197519
BAD 166236703823
BAD 166241483503
BAD 166148669587
BAD 166179606707
BAD 166090264111
BAD 166290475369
BAD 166148669611
BAD 166179606709
BAD 166148721259
BAD 166290537409
BAD 166241592949
BAD 166241592953
BAD 166129903483
BAD 166090428551
BAD 166148810137
BAD 166148810141
BAD 166237084553
BAD 166180087651
BAD 166090741199
BAD 166296791677
BAD 166148998933
BAD 166130180569
BAD 166130180581
BAD 166180180183
BAD 166149074891
BAD 166149074893
BAD 166149074899
BAD 166090875641
BAD 166180877347
BAD 166164028967
BAD 166271203691
BAD 166237422457
BAD 166242103151
BAD 166296974737
BAD 166107209419
BAD 166296974741
BAD 166164028969
BAD 166290932737
BAD 166296974749
BAD 166149602083
BAD 166296974759
BAD 166290932749
BAD 166296974761
BAD 166164028973
BAD 166290932837
BAD 166290932839
BAD 166149633679
BAD 166291040749
BAD 166291040753
BAD 166291045133
BAD 166237676881
BAD 166271414951
BAD 166297234013
BAD 166291072313
BAD 166291102667
BAD 166291102669
BAD 166237800283
BAD 166149959293
BAD 166149959309
BAD 166297547653
BAD 166243271839
BAD 166107964579
BAD 166297547659
BAD 166164269707
BAD 166130534047
BAD 166238495497
BAD 166291137247
BAD 166271563459
BAD 166181455169
BAD 166181455171
BAD 166181455177
BAD 166181455183
BAD 166271563463
BAD 166271563673
BAD 166271563681
BAD 166150035043
BAD 166150035047
BAD 166150035049
BAD 166130632067
BAD 166130632069
BAD 166297778189
BAD 166164451433
BAD 166164589403
BAD 166298179309
BAD 166091422253
BAD 166243954739
BAD 166130817179
BAD 166243954741
BAD 166244020297
BAD 166131018373
BAD 166164923653
BAD 166244020303
BAD 166239020083
BAD 166244078447
BAD 166244078449
BAD 166298552843
BAD 166239067417
BAD 166239067429
BAD 166239067433
BAD 166239083977
BAD 166239083981
BAD 166239084001
BAD 166150672871
BAD 166150672873
BAD 166131250063
BAD 166239328789
BAD 166239328793
BAD 166109074381
BAD 166131325757
BAD 166109084671
BAD 166092106849
BAD 166165318223
BAD 166244464511
BAD 166131431383
BAD 166244570507
BAD 166244570509
BAD 166244570519
BAD 166244570521
BAD 166182599941
BAD 166166153009
BAD 166299100637
BAD 166092680423
BAD 166131734569
BAD 166151693053
BAD 166299100651
BAD 166244577979
BAD 166239636863
BAD 166109794009
BAD 166272865841
BAD 166299100657
BAD 166151705593
BAD 166239673889
BAD 166239673891
BAD 166182667291
BAD 166182667297
BAD 166092789571
BAD 166092789623
BAD 166131962713
BAD 166182987913
BAD 166273271449
BAD 166166588023
BAD 166166588033
BAD 166240083743
BAD 166166683519
BAD 166166683523
BAD 166240176149
BAD 166240205449
BAD 166110310493
BAD 166166832199
BAD 166132376911
BAD 166152603013
BAD 166110595969
BAD 166183531249
BAD 166273589107
BAD 166093354981
BAD 166245542341
BAD 166183531253
BAD 166300375133
BAD 166245542347
BAD 166166852387
BAD 166166852389
BAD 166110674299
BAD 166132491887
BAD 166132525733
BAD 166132525763
BAD 166132525771
BAD 166132548121
BAD 166183816507
BAD 166093614199
BAD 166093614259
BAD 166300649017
BAD 166167249893
BAD 166093682509
BAD 166300871467
BAD 166184093311
BAD 166093807597
BAD 166093807601
BAD 166111085993
BAD 166184149447
BAD 166301427049
BAD 166111419349
BAD 166132991137
BAD 166167941713
BAD 166274343913
BAD 166246730627
BAD 166094020643
BAD 166153607377
BAD 166153607467
BAD 166153607479
BAD 166153607483
BAD 166153607497
BAD 166246746053
BAD 166094041627
BAD 166111467217
BAD 166153739677
BAD 166133131337
BAD 166168105781
BAD 166153878353
BAD 166154066977
BAD 166133367209
BAD 166094445113
BAD 166168550497
BAD 166184605177
BAD 166302116249
BAD 166133511293
BAD 166133667709
BAD 166133667719
BAD 166247694061
BAD 166247694079
BAD 166185459721
BAD 166113611107
BAD 166302573329
BAD 166302573331
BAD 166169007353
BAD 166154731243
BAD 166185556951
BAD 166185592523
BAD 166185592541
BAD 166185592543
BAD 166154790443
BAD 166169177927
BAD 166155016639
BAD 166155026437
BAD 166169634041
BAD 166169634053
BAD 166134217313
BAD 166134217351
BAD 166134217397
BAD 166134217399
BAD 166169640709
BAD 166155537349
BAD 166114013183
BAD 166114013189
BAD 166155728083
BAD 166114151831
BAD 166114173853
BAD 166170235403
BAD 166114313273
BAD 166134631163
BAD 166186621921
BAD 166303684513
BAD 166095216883
BAD 166186621927
BAD 166095216893
BAD 166095293563
BAD 166095366139
BAD 166186799707
BAD 166170463313
BAD 166170489707
BAD 166303984849
BAD 166303984853
BAD 166303984859
BAD 166304062433
BAD 166304097833
BAD 166095734359
BAD 166095734369
BAD 166187239499
BAD 166187239501
BAD 166135196609
BAD 166135196611
BAD 166249132003
BAD 166115518141
BAD 166249168193
BAD 166249168207
BAD 166115638343
BAD 166096280333
BAD 166135596199
BAD 166187818991
BAD 166171699411
BAD 166305035213
BAD 166249607501
BAD 166171699417
BAD 166135978399
BAD 166135978403
BAD 166135978417
BAD 166249710103
BAD 166249710127
BAD 166116328429
BAD 166250048219
BAD 166250048221
BAD 166097404643
BAD 166250136863
BAD 166250136869
BAD 166305334939
BAD 166188458209
BAD 166188458213
BAD 166097621419
BAD 166097666753
BAD 166172436197
BAD 166172436211
BAD 166097873257
BAD 166188773207
BAD 166097987437
BAD 166188790199
BAD 166188965557
BAD 166188972277
BAD 166251008383
BAD 166173052967
BAD 166251113813
BAD 166189389001
BAD 166251725543
BAD 166117401529
BAD 166099264423
BAD 166251725551
BAD 166189389011
BAD 166306075171
BAD 166189389013
BAD 166189389017
BAD 166189389019
BAD 166117423819
BAD 166251847529
BAD 166251882571
BAD 166137419753
BAD 166306122361
BAD 166306140241
BAD 166137479539
BAD 166137479551
BAD 166306380613
BAD 166306380631
BAD 166306380637
BAD 166306398787
BAD 166306398809
BAD 166137756133
BAD 166099781179
BAD 166099954681
BAD 166173310423
BAD 166173310427
BAD 166118181751
BAD 166138267513
BAD 166307034083
BAD 166118471161
BAD 166190373379
BAD 166253146903
BAD 166100332729
BAD 166190373451
BAD 166253146921
BAD 166138803367
BAD 166253299249
BAD 166253308201
BAD 166253378537
BAD 166253378539
BAD 166139048093
BAD 166139048107
BAD 166307199323
BAD 166173603209
BAD 166118904299
BAD 166307469973
BAD 166253763553
BAD 166139708569
BAD 166139708573
BAD 166139752243
BAD 166139752249
BAD 166254199129
BAD 166254281419
BAD 166254281423
BAD 166307915533
BAD 166101562751
BAD 166119276217
BAD 166254586873
BAD 166254586879
BAD 166102080119
BAD 166102080121
BAD 166102535419
BAD 166119790079
BAD 166255275553
BAD 166255275569
BAD 166255275577
BAD 166255275601
BAD 166255275607
BAD 166255275611
BAD 166255275619
BAD 166255752613
BAD 166255752683
BAD 166103709647
BAD 166103709649
BAD 166256190127
BAD 166103994569
BAD 166104151043
BAD 166104163507
BAD 166120850383
BAD 166256555251
BAD 166256613659
BAD 166256613661
BAD 166104621359
BAD 166257040309
BAD 166104730717
BAD 166104773803
BAD 166105024249
BAD 166105179553
BAD 166121462281
BAD 166257787613
BAD 166105560857
BAD 166105581913
BAD 166121629889
BAD 166122089101
BAD 166122089113
BAD 166122123533
BAD 166122855053
BAD 166122930499
BAD 166106893231
BAD 166123304807
BAD 166308735977
BAD 166308735979
BAD 166309052317
BAD 166309079843
BAD 166309150333
BAD 166309150339
BAD 166309181263
BAD 166309181267
BAD 166310851543
BAD 166311211501
BAD 166311298801
BAD 166311587389
BAD 166311764419
BAD 166311764429
BAD 166311764431
BAD 166312007683
BAD 166312109059
BAD 166312109069
BAD 166313690203
BAD 166313690209
BAD 166313894599
BAD 166313894603
BAD 166313894609
BAD 166313894611
BAD 166313928433
BAD 166325205143
BAD 166314408781
BAD 166314424603
BAD 166325839177
BAD 166314756079
BAD 166326558499
BAD 166315233683
BAD 166326646279
BAD 166326715561
BAD 166326715571
BAD 166326715573
BAD 166315526371
BAD 166315781473
BAD 166327677293
BAD 166316044549
BAD 166316044553
BAD 166327957681
BAD 166316139631
BAD 166316139679
BAD 166316139683
BAD 166328362819
BAD 166328416883
BAD 166328531869
BAD 166316512961
BAD 166328691349
BAD 166316512963
BAD 166328722691
BAD 166328873869
BAD 166328987359
BAD 166316704097
BAD 166316704111
BAD 166329320281
BAD 166317021361
BAD 166330128683
BAD 166330304869
BAD 166330304873
BAD 166330433663
BAD 166330476391
BAD 166330636669
BAD 166330636673
BAD 166318814657
BAD 166331361961
BAD 166319280233
BAD 166332059239
BAD 166332100819
BAD 166319629913
BAD 166332972473
BAD 166320422977
BAD 166333070899
BAD 166333273241
BAD 166333273243
BAD 166333348163
BAD 166320891439
BAD 166333951033
BAD 166322419369
BAD 166322419387
BAD 166323452809
BAD 166335534107
BAD 166335534163
BAD 166335534173
BAD 166335534199
BAD 166335572477
BAD 166335572479
BAD 166335572483
BAD 166335648359
BAD 166335648361
BAD 166323997003
BAD 166324101907
BAD 166337124533
BAD 166324516151
BAD 166324516153
BAD 166337294791
BAD 166337315803
BAD 166337995891
BAD 166338193213
BAD 166338193253
BAD 166338268267
BAD 166338544171
BAD 166338544189
BAD 166338544193
BAD 166338683521
BAD 166338683527
BAD 166339243879
BAD 166339243883
BAD 166339327879
BAD 166339327883
BAD 166340967293
BAD 166341005983
BAD 166342435621
BAD 166341348571
BAD 166341348577
BAD 166342717507
BAD 166342774291
BAD 166342774303
BAD 166343013527
BAD 166343013539
BAD 166343013541
BAD 166343013547
BAD 166343231161
BAD 166343288107
BAD 166343564749
BAD 166343564753
BAD 166343564771
BAD 166343564773
BAD 166344017183
BAD 166344391403
BAD 166344391429
BAD 166344391483
BAD 166344391489
BAD 166345171591
BAD 166345228639
BAD 166345303933
BAD 166345303939
BAD 166345524017
BAD 166345706011
BAD 166346218133
BAD 166346270011
BAD 166346789929
BAD 166347149161
BAD 166347149167
BAD 166347149173
BAD 166347258691
BAD 166347258697
BAD 166347258703
BAD 166347395573
BAD 166347395611
BAD 166347436909
BAD 166347753773
BAD 166349244857
BAD 166349877007
BAD 166349950747
BAD 166350005791
BAD 166358858641
BAD 166359311669
BAD 166359349259
BAD 166359349279
BAD 166359398753
BAD 166350704609
BAD 166350784541
BAD 166350784543
BAD 166350784547
BAD 166350784549
BAD 166350784553
BAD 166359763403
BAD 166360322147
BAD 166361515673
BAD 166361515711
BAD 166361549377
BAD 166361549401
BAD 166362085223
BAD 166351813813
BAD 166352953883
BAD 166353227459
BAD 166353227461
BAD 166353561553
BAD 166353561559
BAD 166353840517
BAD 166353932791
BAD 166353939121
BAD 166354197743
BAD 166354197749
BAD 166354620437
BAD 166354746409
BAD 166354746413
BAD 166354746427
BAD 166354879087
BAD 166355073023
BAD 166355588897
BAD 166355588899
BAD 166356167437
BAD 166356167477
BAD 166356167479
BAD 166356337649
BAD 166356337687
BAD 166356337703
BAD 166356757213
BAD 166357036163
BAD 166357766273
BAD 166357997521
BAD 166358124043
BAD 166358463121
BAD 166358463127
BAD 166362481171
BAD 166362481177
BAD 166362908941
BAD 166362941581
BAD 166362958217
BAD 166363406243
BAD 166363659289
BAD 166363746617
BAD 166363930619
BAD 166363930643
BAD 166363930651
BAD 166365693017
BAD 166365693019
BAD 166365693037
BAD 166366665979
BAD 166366771163
BAD 166367678401
BAD 166367931239
BAD 166367931241
BAD 166368092197
BAD 166368092213
BAD 166368368503
BAD 166368907223
BAD 166369490003
BAD 166371171157
BAD 166372417231
BAD 166374138529
BAD 166374138547
BAD 166374138551
BAD 166374980279
BAD 166375054297
BAD 166375054301
BAD 166375214189
BAD 166375214191
BAD 166392358591
BAD 166392377941
BAD 166392783301
BAD 166392783331
BAD 166393002163
BAD 166393002173
BAD 166393228933
BAD 166393228951
BAD 166393731293
BAD 166394119301
BAD 166394119303
BAD 166394256503
BAD 166394355109
BAD 166394942599
BAD 166395065443
BAD 166395360193
BAD 166395360199
BAD 166395360259
BAD 166395513803
BAD 166375756633
BAD 166395514039
BAD 166376376487
BAD 166377184229
BAD 166377184231
BAD 166377184241
BAD 166377184243
BAD 166397373773
BAD 166377676489
BAD 166377734953
BAD 166397752337
BAD 166378326451
BAD 166398162563
BAD 166378365623
BAD 166378683481
BAD 166378683503
BAD 166378986049
BAD 166408926653
BAD 166408926661
BAD 166409162503
BAD 166409412359
BAD 166409412361
BAD 166409412373
BAD 166409412383
BAD 166379625067
BAD 166379828269
BAD 166379880593
BAD 166410016771
BAD 166399565659
BAD 166379988427
BAD 166379988433
BAD 166410249571
BAD 166380299521
BAD 166410535567
BAD 166410642623
BAD 166380703267
BAD 166380703441
BAD 166410814783
BAD 166380815303
BAD 166411035149
BAD 166411035151
BAD 166381108723
BAD 166381108739
BAD 166381108741
BAD 166381307453
BAD 166381349899
BAD 166381577039
BAD 166411781227
BAD 166381637869
BAD 166411874273
BAD 166382263939
BAD 166412657377
BAD 166399701079
BAD 166413072731
BAD 166399925299
BAD 166413179221
BAD 166400129263
BAD 166413528601
BAD 166413593089
BAD 166400396339
BAD 166400396341
BAD 166413952231
BAD 166414027789
BAD 166414053661
BAD 166414053667
BAD 166400600063
BAD 166414464641
BAD 166414464649
BAD 166414464653
BAD 166414817983
BAD 166414818001
BAD 166414818007
BAD 166414818013
BAD 166415421947
BAD 166415499647
BAD 166401200599
BAD 166415787721
BAD 166415904973
BAD 166415999179
BAD 166416220153
BAD 166416265033
BAD 166416404221
BAD 166416622811
BAD 166417069583
BAD 166417106893
BAD 166402331467
BAD 166417321921
BAD 166383025883
BAD 166383420821
BAD 166383964171
BAD 166403320231
BAD 166403561507
BAD 166403561509
BAD 166384368967
BAD 166426119679
BAD 166426119709
BAD 166384636687
BAD 166404139219
BAD 166384691723
BAD 166384691729
BAD 166384797889
BAD 166384863353
BAD 166385068139
BAD 166385068141
BAD 166385092277
BAD 166385095801
BAD 166426580867
BAD 166426580869
BAD 166385201123
BAD 166426704307
BAD 166385352583
BAD 166385352587
BAD 166385352589
BAD 166385352593
BAD 166385462149
BAD 166385481181
BAD 166385481253
BAD 166427112541
BAD 166427112587
BAD 166427112589
BAD 166418715319
BAD 166385754721
BAD 166386020873
BAD 166419206389
BAD 166419339577
BAD 166419754951
BAD 166387198279
BAD 166387198283
BAD 166387198291
BAD 166428171337
BAD 166419948517
BAD 166387614923
BAD 166387761949
BAD 166387766333
BAD 166420358519
BAD 166420358521
BAD 166387986241
BAD 166420555033
BAD 166420629653
BAD 166388277719
BAD 166388277721
BAD 166429360127
BAD 166429360129
BAD 166420962649
BAD 166420962661
BAD 166420962671
BAD 166429458413
BAD 166429458421
BAD 166421038391
BAD 166421038403
BAD 166421038423
BAD 166429509821
BAD 166389965281
BAD 166429509823
BAD 166390067101
BAD 166429794277
BAD 166429794301
BAD 166421465531
BAD 166390437691
BAD 166429944151
BAD 166430252239
BAD 166430252243
BAD 166390978519
BAD 166390987423
BAD 166430485973
BAD 166430550941
BAD 166422069287
BAD 166422118259
BAD 166391484923
BAD 166431065663
BAD 166422547561
BAD 166391745151
BAD 166431194299
BAD 166431194311
BAD 166405380049
BAD 166431555931
BAD 166431555937
BAD 166431555949
BAD 166423177783
BAD 166423315973
BAD 166405542167
BAD 166431973247
BAD 166431973249
BAD 166405542169
BAD 166423854469
BAD 166423854473
BAD 166405730221
BAD 166405801369
BAD 166424225197
BAD 166406127233
BAD 166406213797
BAD 166406229173
BAD 166406229179
BAD 166406573743
BAD 166433494013
BAD 166425026527
BAD 166433695609
BAD 166425152371
BAD 166433832473
BAD 166434078511
BAD 166434078523
BAD 166434078539
BAD 166434078541
BAD 166434154193
BAD 166407473641
BAD 166434386581
BAD 166407897017
BAD 166407948193
BAD 166434559943
BAD 166408177549
BAD 166408375039
BAD 166435076723
BAD 166435155977
BAD 166408600559
BAD 166436464463
BAD 166437096809
BAD 166437096811
BAD 166437387773
BAD 166437490411
BAD 166437774413
BAD 166438266391
BAD 166438282711
BAD 166438362641
BAD 166439874883
BAD 166440274397
BAD 166440749207
BAD 166440749213
BAD 166441092341
BAD 166441092343
BAD 166441092353
BAD 166441092361
BAD 166441616857
BAD 166441616863
BAD 166441800823
BAD 166441800827
BAD 166441931641
BAD 166441931683
BAD 166441931693
BAD 166442112673
BAD 166442235679
BAD 166442235683
BAD 166442272897
BAD 166442417821
BAD 166442429581
BAD 166459360813
BAD 166459752383
BAD 166460105311
BAD 166460265583
BAD 166460477483
BAD 166476981953
BAD 166460887823
BAD 166460912741
BAD 166460912743
BAD 166477420729
BAD 166477611593
BAD 166461118613
BAD 166477756561
BAD 166478014583
BAD 166478014589
BAD 166478014757
BAD 166478609029
BAD 166479563233
BAD 166479688247
BAD 166479769969
BAD 166462970593
BAD 166480196041
BAD 166463539399
BAD 166463978119
BAD 166464074131
BAD 166464112777
BAD 166480818709
BAD 166464289921
BAD 166464289933
BAD 166464289939
BAD 166480976143
BAD 166464812251
BAD 166481501201
BAD 166481501203
BAD 166481501213
BAD 166481683351
BAD 166481777603
BAD 166481777633
BAD 166481777639
BAD 166481777641
BAD 166482054569
BAD 166482080717
BAD 166482460433
BAD 166482496601
BAD 166482496603
BAD 166466091661
BAD 166442704583
BAD 166442704591
BAD 166442704739
BAD 166442704741
BAD 166442863219
BAD 166483868557
BAD 166483868659
BAD 166483968881
BAD 166484187061
BAD 166467362101
BAD 166467441607
BAD 166444079849
BAD 166467668467
BAD 166467668473
BAD 166445619091
BAD 166468628453
BAD 166468628461
BAD 166445910167
BAD 166445910173
BAD 166468963631
BAD 166446556519
BAD 166446723523
BAD 166470640481
BAD 166446978259
BAD 166484769271
BAD 166484769281
BAD 166484769307
BAD 166485170963
BAD 166447929259
BAD 166485598303
BAD 166448222891
BAD 166448222893
BAD 166448239499
BAD 166448475173
BAD 166486227709
BAD 166448874079
BAD 166486457509
BAD 166486457549
BAD 166486457551
BAD 166487045453
BAD 166487045479
BAD 166449530243
BAD 166487045521
BAD 166449530257
BAD 166449530293
BAD 166487270893
BAD 166487402143
BAD 166487724149
BAD 166450953047
BAD 166450953049
BAD 166451272459
BAD 166488712843
BAD 166451734901
BAD 166451734903
BAD 166451734907
BAD 166451734927
BAD 166489101439
BAD 166489184821
BAD 166489406059
BAD 166489406063
BAD 166452896321
BAD 166453453609
BAD 166453453613
BAD 166453453619
BAD 166453675733
BAD 166454038669
BAD 166490307169
BAD 166490307173
BAD 166490471053
BAD 166471137353
BAD 166455096901
BAD 166471268479
BAD 166455399323
BAD 166455442961
BAD 166455472369
BAD 166455756253
BAD 166456375471
BAD 166456822373
BAD 166457716993
BAD 166472278699
BAD 166472610233
BAD 166472764501
BAD 166472764573
BAD 166490741947
BAD 166491015871
BAD 166473686023
BAD 166473692603
BAD 166492252643
BAD 166492351247
BAD 166492351253
BAD 166473800629
BAD 166473800849
BAD 166473800851
BAD 166473800873
BAD 166473800881
BAD 166473800963
BAD 166473940807
BAD 166474535113
BAD 166475475863
BAD 166475651371
BAD 166459051543
BAD 166459051553
BAD 166526410207
BAD 166526474251
BAD 166526611219
BAD 166526632313
BAD 166526865259
BAD 166527375811
BAD 166527375829
BAD 166528315883
BAD 166528325549
BAD 166529403431
BAD 166529403433
BAD 166529407049
BAD 166529424571
BAD 166529514713
BAD 166529614591
BAD 166529652043
BAD 166529652049
BAD 166529652053
BAD 166529652061
BAD 166529652073
BAD 166529652077
BAD 166529652083
BAD 166530774307
BAD 166530774313
BAD 166530787561
BAD 166660705597
BAD 166660705753
BAD 166660920253
BAD 166660920259
BAD 166660920263
BAD 166660920271
BAD 166661336147
BAD 166661869657
BAD 166662409327
BAD 166662409337
BAD 166662532513
BAD 166662798871
BAD 166662798877
BAD 166663310623
BAD 166663478029
BAD 166663478089
BAD 166543532737
BAD 166543532741
BAD 166543549253
BAD 166531485353
BAD 166532314409
BAD 166532314411
BAD 166544424811
BAD 166533189637
BAD 166544480299
BAD 166544767351
BAD 166534054961
BAD 166534054963
BAD 166534054969
BAD 166534302083
BAD 166534302097
BAD 166534679293
BAD 166534679309
BAD 166545964073
BAD 166534693823
BAD 166547712193
BAD 166509565637
BAD 166694805281
BAD 166509565639
BAD 166694805293
BAD 166509782017
BAD 166548055873
BAD 166509955543
BAD 166510206749
BAD 166510206757
BAD 166510206763
BAD 166510206769
BAD 166548541543
BAD 166695493927
BAD 166535297393
BAD 166695747901
BAD 166510740421
BAD 166510740427
BAD 166510740433
BAD 166548984181
BAD 166548984191
BAD 166548984193
BAD 166549007461
BAD 166535613931
BAD 166696177429
BAD 166696177433
BAD 166510921127
BAD 166549338971
BAD 166549338973
BAD 166536104591
BAD 166511411491
BAD 166610803171
BAD 166511411497
BAD 166511411509
BAD 166511411513
BAD 166536109357
BAD 166610921179
BAD 166536237719
BAD 166611026027
BAD 166511703373
BAD 166696885583
BAD 166696885591
BAD 166696885603
BAD 166549827887
BAD 166549827889
BAD 166549827893
BAD 166549916971
BAD 166536543373
BAD 166536543377
BAD 166536543379
BAD 166550027419
BAD 166536659323
BAD 166536659329
BAD 166697127397
BAD 166536952579
BAD 166536952583
BAD 166697425651
BAD 166611763921
BAD 166550602357
BAD 166611952099
BAD 166537439093
BAD 166698528179
BAD 166512792949
BAD 166611952103
BAD 166698528181
BAD 166512792959
BAD 166551031061
BAD 166698633979
BAD 166612058863
BAD 166612058867
BAD 166612058869
BAD 166494011119
BAD 166494011149
BAD 166494011153
BAD 166612139963
BAD 166494096793
BAD 166551468067
BAD 166513182307
BAD 166612462931
BAD 166612516183
BAD 166612516271
BAD 166698733613
BAD 166698747121
BAD 166552056709
BAD 166613070713
BAD 166613070721
BAD 166699630921
BAD 166699630927
BAD 166699908083
BAD 166699908091
BAD 166627650253
BAD 166495644283
BAD 166552497049
BAD 166577113111
BAD 166613955527
BAD 166552497071
BAD 166627650257
BAD 166552497073
BAD 166577113201
BAD 166552497077
BAD 166627650263
BAD 166552497079
BAD 166577113207
BAD 166552497109
BAD 166577113211
BAD 166552497113
BAD 166552497127
BAD 166577113229
BAD 166627666693
BAD 166538452999
BAD 166552642057
BAD 166700088271
BAD 166700139883
BAD 166577338729
BAD 166577338751
BAD 166495809937
BAD 166552972973
BAD 166538643301
BAD 166538643319
BAD 166513370993
BAD 166614583183
BAD 166629192013
BAD 166578117661
BAD 166701763957
BAD 166560620453
BAD 166629192019
BAD 166664225977
BAD 166496283011
BAD 166701763961
BAD 166496283013
BAD 166560685981
BAD 166578202267
BAD 166496415739
BAD 166513579957
BAD 166513579961
BAD 166513579963
BAD 166578474001
BAD 166578474011
BAD 166578474031
BAD 166578474037
BAD 166578474103
BAD 166560956539
BAD 166560956543
BAD 166629404329
BAD 166496727937
BAD 166538745473
BAD 166561114717
BAD 166553035687
BAD 166553035801
BAD 166553035813
BAD 166578913651
BAD 166615109333
BAD 166561329773
BAD 166615109341
BAD 166538917561
BAD 166538917583
BAD 166561416971
BAD 166561416977
BAD 166561416979
BAD 166538972323
BAD 166497290873
BAD 166539006097
BAD 166664550781
BAD 166615248493
BAD 166615263457
BAD 166561540433
BAD 166561540531
BAD 166561616869
BAD 166702830563
BAD 166702830571
BAD 166702904393
BAD 166497690211
BAD 166664930251
BAD 166553484247
BAD 166561948687
BAD 166561948691
BAD 166630108313
BAD 166539480253
BAD 166562210813
BAD 166539654751
BAD 166562948053
BAD 166554222361
BAD 166615912193
BAD 166562948093
BAD 166579080319
BAD 166703400053
BAD 166666592881
BAD 166579080329
BAD 166630337491
BAD 166498604861
BAD 166679317339
BAD 166579088461
BAD 166498637713
BAD 166498637717
BAD 166498637719
BAD 166679397263
BAD 166539732563
BAD 166630473791
BAD 166666942951
BAD 166666996963
BAD 166667028223
BAD 166667058263
BAD 166554749107
BAD 166554749167
BAD 166630863323
BAD 166563527213
BAD 166563527219
BAD 166554811373
BAD 166554820969
BAD 166563554173
BAD 166554883237
BAD 166631051371
BAD 166667352101
BAD 166554955153
BAD 166540161919
BAD 166555041943
BAD 166667526373
BAD 166555078997
BAD 166555078999
BAD 166555079003
BAD 166631167369
BAD 166555271573
BAD 166540536223
BAD 166540536229
BAD 166540536233
BAD 166540536271
BAD 166631392099
BAD 166500037903
BAD 166616734883
BAD 166616734891
BAD 166616734897
BAD 166705120727
BAD 166680992251
BAD 166540853659
BAD 166540853671
BAD 166616883379
BAD 166500356461
BAD 166564533743
BAD 166564533749
BAD 166555539653
BAD 166555607717
BAD 166564791251
BAD 166555607719
BAD 166705393607
BAD 166705393609
BAD 166555802537
BAD 166617418273
BAD 166501070221
BAD 166565148947
BAD 166565148949
BAD 166565247271
BAD 166705648243
BAD 166705648247
BAD 166581611113
BAD 166565346643
BAD 166565367673
BAD 166565367677
BAD 166565367679
BAD 166682030461
BAD 166581706537
BAD 166565521711
BAD 166501450103
BAD 166705877347
BAD 166617678473
BAD 166617692453
BAD 166581972421
BAD 166682313719
BAD 166706024791
BAD 166706024813
BAD 166541750671
BAD 166541750677
BAD 166618292693
BAD 166683311761
BAD 166582554751
BAD 166644460891
BAD 166618292699
BAD 166565852309
BAD 166632750601
BAD 166593547979
BAD 166502153483
BAD 166582554797
BAD 166670526653
BAD 166582554799
BAD 166556740171
BAD 166593547993
BAD 166565852311
BAD 166644460903
BAD 166593547999
BAD 166565852329
BAD 166593548003
BAD 166541772259
BAD 166706711209
BAD 166706711299
BAD 166593569059
BAD 166593569063
BAD 166593569071
BAD 166593569083
BAD 166541789231
BAD 166556798249
BAD 166556798251
BAD 166670723123
BAD 166542024367
BAD 166502407171
BAD 166706904803
BAD 166683522961
BAD 166618429387
BAD 166670940313
BAD 166670940323
BAD 166557313729
BAD 166557313739
BAD 166671015619
BAD 166557386689
BAD 166707176821
BAD 166671025601
BAD 166671025637
BAD 166671025639
BAD 166671025657
BAD 166502763811
BAD 166557534271
BAD 166566638897
BAD 166566638899
BAD 166645193683
BAD 166502890027
BAD 166502890051
BAD 166683949793
BAD 166683949801
BAD 166671260513
BAD 166583125957
BAD 166671303349
BAD 166671303353
BAD 166645389377
BAD 166558299961
BAD 166567218211
BAD 166708029913
BAD 166594496083
BAD 166645389419
BAD 166514212567
BAD 166619137639
BAD 166558299967
BAD 166583384953
BAD 166633878821
BAD 166672630843
BAD 166514212573
BAD 166503214793
BAD 166633878823
BAD 166567218217
BAD 166684356991
BAD 166633878833
BAD 166672638631
BAD 166708054399
BAD 166503231077
BAD 166708054411
BAD 166503234979
BAD 166645422109
BAD 166645422121
BAD 166503298001
BAD 166594564361
BAD 166594564363
BAD 166619243573
BAD 166583467493
BAD 166567368997
BAD 166559764663
BAD 166516352033
BAD 166684726639
BAD 166634376133
BAD 166672886399
BAD 166559764673
BAD 166584574157
BAD 166634376211
BAD 166646112379
BAD 166594899287
BAD 166503727529
BAD 166584574159
BAD 166646112383
BAD 166542773407
BAD 166708297289
BAD 166503727531
BAD 166684726687
BAD 166708297291
BAD 166708297313
BAD 166567431143
BAD 166567431161
BAD 166567431169
BAD 166567431229
BAD 166567431241
BAD 166559888123
BAD 166542941293
BAD 166634547493
BAD 166634547509
BAD 166634547511
BAD 166634547823
BAD 166585032931
BAD 166542977011
BAD 166595666903
BAD 166567518547
BAD 166503944939
BAD 166619307863
BAD 166518907873
BAD 166567518553
BAD 166708990957
BAD 166673515727
BAD 166503944941
BAD 166685046071
BAD 166673515733
BAD 166595666911
BAD 166619321293
BAD 166685102371
BAD 166585110169
BAD 166634709203
BAD 166619478349
BAD 166567677751
BAD 166673763989
BAD 166634858683
BAD 166585419743
BAD 166585419773
BAD 166673859497
BAD 166673859523
BAD 166519392077
BAD 166519392079
BAD 166519392097
BAD 166673962009
BAD 166585735279
BAD 166519481173
BAD 166585735321
BAD 166673962033
BAD 166519481179
BAD 166619770081
BAD 166519481341
BAD 166673962043
BAD 166585737233
BAD 166635354049
BAD 166635354071
BAD 166585829119
BAD 166585832453
BAD 166568091203
BAD 166585867247
BAD 166585867249
BAD 166568112511
BAD 166709588053
BAD 166709588063
BAD 166709588083
BAD 166620044749
BAD 166620044753
BAD 166674242743
BAD 166674264907
BAD 166648689169
BAD 166596265343
BAD 166596265349
BAD 166596265351
BAD 166596265357
BAD 166635703769
BAD 166709844421
BAD 166586134241
BAD 166635703771
BAD 166648813711
BAD 166519874281
BAD 166709847817
BAD 166709847841
BAD 166709847859
BAD 166505403929
BAD 166505403931
BAD 166635796267
BAD 166596459979
BAD 166596459983
BAD 166674653051
BAD 166674653053
BAD 166674838643
BAD 166520354369
BAD 166568812103
BAD 166686394613
BAD 166674909893
BAD 166674922937
BAD 166506008219
BAD 166520416687
BAD 166568885519
BAD 166568885521
BAD 166506119453
BAD 166636135951
BAD 166686511499
BAD 166710504781
BAD 166596746783
BAD 166620962701
BAD 166596824041
BAD 166649495339
BAD 166686559423
BAD 166596824047
BAD 166520923369
BAD 166621164361
BAD 166621164433
BAD 166521011417
BAD 166636468333
BAD 166636468897
BAD 166675652939
BAD 166675653073
BAD 166569489347
BAD 166569489349
BAD 166596952463
BAD 166636511807
BAD 166636511809
BAD 166675693013
BAD 166675693031
BAD 166675693033
BAD 166649765329
BAD 166675814803
BAD 166621400483
BAD 166636627519
BAD 166675924189
BAD 166675924213
BAD 166675936477
BAD 166675936489
BAD 166650088609
BAD 166636791443
BAD 166588015067
BAD 166570012403
BAD 166676100139
BAD 166636791457
BAD 166621872817
BAD 166650093263
BAD 166686991489
BAD 166521738433
BAD 166650314513
BAD 166650314539
BAD 166676410577
BAD 166676410723
BAD 166676410727
BAD 166676410729
BAD 166676447299
BAD 166676447303
BAD 166522062337
BAD 166676510333
BAD 166522214941
BAD 166508249491
BAD 166597571557
BAD 166522318003
BAD 166622512831
BAD 166622512843
BAD 166622512853
BAD 166650678653
BAD 166597679033
BAD 166508589431
BAD 166508589433
BAD 166622741027
BAD 166637560091
BAD 166622741029
BAD 166637560093
BAD 166570954171
BAD 166650935419
BAD 166571047243
BAD 166637635849
BAD 166522753801
BAD 166522753807
BAD 166522753897
BAD 166509026819
BAD 166622959927
BAD 166622959931
BAD 166622959933
BAD 166622959939
BAD 166522863053
BAD 166522863071
BAD 166522863079
BAD 166522863083
BAD 166589431927
BAD 166522941527
BAD 166677066383
BAD 166509398989
BAD 166522988851
BAD 166589645753
BAD 166623264029
BAD 166638191827
BAD 166651416353
BAD 166523194249
BAD 166623384131
BAD 166589897497
BAD 166572016111
BAD 166589921033
BAD 166589921041
BAD 166572046499
BAD 166688380951
BAD 166523643067
BAD 166598777833
BAD 166652097593
BAD 166523692073
BAD 166688484353
BAD 166652229353
BAD 166638939689
BAD 166638990509
BAD 166652545777
BAD 166639162919
BAD 166590590963
BAD 166590596209
BAD 166639245323
BAD 166524186709
BAD 166599063187
BAD 166639335529
BAD 166524287263
BAD 166524291301
BAD 166524291383
BAD 166590697129
BAD 166639413559
BAD 166639413571
BAD 166652910317
BAD 166652910343
BAD 166688864521
BAD 166573068979
BAD 166652910383
BAD 166573068983
BAD 166591005751
BAD 166652982151
BAD 166524893897
BAD 166653087973
BAD 166653087977
BAD 166653219307
BAD 166525078403
BAD 166599475661
BAD 166599475663
BAD 166591318483
BAD 166591318513
BAD 166591318519
BAD 166591327823
BAD 166525157273
BAD 166573416487
BAD 166599548993
BAD 166525374361
BAD 166689191219
BAD 166573668463
BAD 166573668473
BAD 166573736059
BAD 166525777309
BAD 166591883989
BAD 166591884007
BAD 166591973963
BAD 166525924381
BAD 166640747003
BAD 166525924391
BAD 166654102361
BAD 166525924393
BAD 166640747281
BAD 166525924399
BAD 166654102367
BAD 166525962817
BAD 166574513881
BAD 166574513899
BAD 166625692561
BAD 166600259809
BAD 166574634631
BAD 166574702747
BAD 166600318411
BAD 166600402487
BAD 166600402489
BAD 166654799209
BAD 166600517359
BAD 166626143837
BAD 166592954309
BAD 166592954327
BAD 166592954329
BAD 166655290033
BAD 166655290051
BAD 166626559501
BAD 166626559511
BAD 166626559513
BAD 166626586891
BAD 166655684011
BAD 166600921609
BAD 166626828079
BAD 166641806783
BAD 166575823223
BAD 166626860773
BAD 166641841943
BAD 166655729761
BAD 166626990263
BAD 166575983971
BAD 166576145731
BAD 166655975503
BAD 166655975513
BAD 166601136859
BAD 166601271271
BAD 166656225041
BAD 166576576597
BAD 166576576603
BAD 166576576627
BAD 166576576631
BAD 166576576633
BAD 166690851731
BAD 166690851739
BAD 166601496577
BAD 166643096051
BAD 166601614441
BAD 166601614537
BAD 166656890753
BAD 166656980239
BAD 166643524057
BAD 166691315057
BAD 166691315059
BAD 166657513279
BAD 166657602289
BAD 166657705519
BAD 166691801141
BAD 166657984687
BAD 166691982943
BAD 166692033383
BAD 166692255319
BAD 166692411343
BAD 166602790513
BAD 166692571181
BAD 166692572153
BAD 166692572183
BAD 166658870179
BAD 166659272671
BAD 166693204373
BAD 166693297669
BAD 166693441933
BAD 166603518469
BAD 166659749741
BAD 166660126291
BAD 166694050597
BAD 166694050603
BAD 166603999897
BAD 166604265299
BAD 166604265301
BAD 166604424563
BAD 166604526877
BAD 166604526899
BAD 166604526901
BAD 166604550313
BAD 166604550319
BAD 166604550341
BAD 166605364603
BAD 166605601957
BAD 166605974963
BAD 166606052861
BAD 166606052863
BAD 166606052869
BAD 166606156253
BAD 166606366573
BAD 166606409381
BAD 166606409383
BAD 166606409407
BAD 166606457123
BAD 166606457131
BAD 166606571321
BAD 166606815901
BAD 166607547109
BAD 166607846233
BAD 166608864137
BAD 166608864139
BAD 166608864241
BAD 166608941363
BAD 166609388861
BAD 166609388863
BAD 166609404847
BAD 166609404851
BAD 166609404853
BAD 166711769401
BAD 166711857623
BAD 166711907023
BAD 166712217319
BAD 166712499323
BAD 166712532293
BAD 166712731183
BAD 166712731193
BAD 166713202351
BAD 166728254059
BAD 166728254071
BAD 166713629807
BAD 166713631663
BAD 166728515311
BAD 166728649279
BAD 166728649289
BAD 166728649291
BAD 166714600561
BAD 166714610281
BAD 166730122789
BAD 166730364481
BAD 166730404369
BAD 166730431103
BAD 166730431111
BAD 166730739739
BAD 166730922679
BAD 166730960791
BAD 166731029791
BAD 166731056143
BAD 166732024639
BAD 166732024643
BAD 166732024651
BAD 166732062157
BAD 166732062163
BAD 166732914017
BAD 166733174539
BAD 166733174633
BAD 166733201917
BAD 166733480941
BAD 166734017041
BAD 166734513353
BAD 166734513377
BAD 166734513383
BAD 166734631807
BAD 166736287153
BAD 166736287163
BAD 166736287169
BAD 166736625457
BAD 166736696543
BAD 166736733181
BAD 166736733187
BAD 166736733223
BAD 166736999509
BAD 166736999521
BAD 166737015793
BAD 166716242723
BAD 166716242761
BAD 166716606949
BAD 166717474229
BAD 166717494851
BAD 166718103967
BAD 166719007223
BAD 166719304343
BAD 166719304357
BAD 166719816047
BAD 166719816049
BAD 166720294571
BAD 166720938793
BAD 166721214227
BAD 166721214229
BAD 166721574209
BAD 166721574211
BAD 166722140173
BAD 166722140191
BAD 166737123107
BAD 166737123109
BAD 166737458939
BAD 166737458941
BAD 166738098689
BAD 166738098691
BAD 166738884289
BAD 166739031521
BAD 166739670259
BAD 166740868757
BAD 166723048279
BAD 166723048291
BAD 166723048313
BAD 166723060351
BAD 166723061851
BAD 166724350369
BAD 166724580859
BAD 166724770763
BAD 166725240481
BAD 166725854093
BAD 166725854101
BAD 166726096993
BAD 166726616531
BAD 166726616533
BAD 166726655839
BAD 166727006549
BAD 166761296189
BAD 166761369499
BAD 166762950397
BAD 166762950401
BAD 166741770631
BAD 166742636791
BAD 166763837833
BAD 166742771357
BAD 166742771359
BAD 166763952919
BAD 166763952923
BAD 166764046313
BAD 166764046321
BAD 166742985323
BAD 166764500137
BAD 166743119203
BAD 166764902047
BAD 166764902053
BAD 166764926249
BAD 166764989113
BAD 166743510607
BAD 166765488509
BAD 166765488511
BAD 166765488517
BAD 166765666883
BAD 166765666891
BAD 166765792471
BAD 166765792477
BAD 166744226041
BAD 166744226053
BAD 166744226087
BAD 166767331741
BAD 166767402257
BAD 166767402259
BAD 166767950693
BAD 166768471847
BAD 166769038217
BAD 166769731913
BAD 166770008557
BAD 166771151867
BAD 166771152061
BAD 166771650893
BAD 166771824257
BAD 166771824259
BAD 166772353523
BAD 166773257437
BAD 166773433207
BAD 166773433213
BAD 166773506633
BAD 166774508717
BAD 166774527847
BAD 166774527853
BAD 166774527877
BAD 166774583077
BAD 166774583083
BAD 166774583089
BAD 166775036509
BAD 166775640697
BAD 166775640701
BAD 166775703953
BAD 166776263777
BAD 166776263779
BAD 166776610789
BAD 166777352701
BAD 166778440883
BAD 166778440943
BAD 166778492899
BAD 166778492941
BAD 166778711249
BAD 166778711251
BAD 166778928889
BAD 166779144713
BAD 166779144733
BAD 166779144743
BAD 166779312503
BAD 166779312521
BAD 166779312523
BAD 166779312527
BAD 166779359599
BAD 166779359603
BAD 166779784063
BAD 166779784069
BAD 166780173893
BAD 166780173919
BAD 166780735427
BAD 166780735439
BAD 166780735441
BAD 166781085371
BAD 166781085379
BAD 166781778733
BAD 166782142963
BAD 166782636073
BAD 166782636077
BAD 166782636079
BAD 166828595057
BAD 166828697521
BAD 166828942717
BAD 166828953721
BAD 166828953727
BAD 166828991521
BAD 166829341829
BAD 166829341831
BAD 166829370863
BAD 166784251691
BAD 166784251693
BAD 166829504843
BAD 166829698267
BAD 166784824321
BAD 166830008077
BAD 166830531451
BAD 166830574489
BAD 166830574531
BAD 166830673979
BAD 166830673981
BAD 166785786289
BAD 166812598553
BAD 166812620809
BAD 166812622703
BAD 166831244893
BAD 166812771649
BAD 166786352771
BAD 166786352773
BAD 166786469167
BAD 166812944867
BAD 166812944869
BAD 166813114561
BAD 166831604089
BAD 166831694629
BAD 166831925263
BAD 166814009881
BAD 166814476589
BAD 166787795723
BAD 166787795737
BAD 166787795743
BAD 166787795747
BAD 166787795749
BAD 166787912003
BAD 166787912009
BAD 166832735183
BAD 166788180749
BAD 166788180751
BAD 166788180761
BAD 166814889487
BAD 166746864901
BAD 166833529339
BAD 166815001747
BAD 166815001751
BAD 166815001763
BAD 166815002917
BAD 166815079681
BAD 166815079687
BAD 166747420393
BAD 166747420397
BAD 166815455879
BAD 166815554897
BAD 166815554903
BAD 166815554959
BAD 166815617831
BAD 166815617833
BAD 166834113247
BAD 166789255289
BAD 166789255291
BAD 166789257253
BAD 166815897973
BAD 166815897979
BAD 166747757027
BAD 166834813763
BAD 166834813771
BAD 166789318079
BAD 166789318081
BAD 166748324863
BAD 166748324867
BAD 166789443941
BAD 166789443943
BAD 166789443949
BAD 166789443967
BAD 166789444051
BAD 166748333471
BAD 166748333473
BAD 166789553479
BAD 166749307511
BAD 166749307513
BAD 166749307519
BAD 166749307523
BAD 166749307553
BAD 166749307559
BAD 166816505483
BAD 166816523479
BAD 166835912923
BAD 166835912941
BAD 166816567051
BAD 166836017363
BAD 166749877171
BAD 166749877201
BAD 166749907969
BAD 166836278933
BAD 166836706013
BAD 166817710069
BAD 166817710151
BAD 166750448443
BAD 166791130679
BAD 166791171229
BAD 166837281197
BAD 166750792477
BAD 166837281199
BAD 166791634753
BAD 166751500273
BAD 166751500309
BAD 166751500327
BAD 166837985233
BAD 166791902639
BAD 166751795411
BAD 166751886811
BAD 166751886817
BAD 166838300449
BAD 166838340223
BAD 166751990063
BAD 166751990123
BAD 166751990129
BAD 166751990131
BAD 166752056167
BAD 166752090481
BAD 166752090487
BAD 166752090511
BAD 166792570981
BAD 166792602341
BAD 166792602451
BAD 166792891697
BAD 166792891717
BAD 166792891721
BAD 166792947199
BAD 166792947203
BAD 166839447647
BAD 166839447653
BAD 166793143133
BAD 166839761609
BAD 166839761611
BAD 166753324519
BAD 166753324523
BAD 166840061081
BAD 166753439803
BAD 166793662003
BAD 166793790481
BAD 166753673393
BAD 166753796719
BAD 166794220013
BAD 166840654447
BAD 166754260441
BAD 166754260447
BAD 166840927483
BAD 166840927489
BAD 166794552263
BAD 166794552283
BAD 166840971769
BAD 166817919409
BAD 166818390547
BAD 166755598511
BAD 166818663743
BAD 166842044599
BAD 166755996559
BAD 166755996577
BAD 166842226631
BAD 166819326943
BAD 166756275923
BAD 166842226633
BAD 166819326953
BAD 166756275929
BAD 166819370959
BAD 166819448611
BAD 166819630399
BAD 166819715917
BAD 166756604173
BAD 166819997297
BAD 166819997299
BAD 166756717823
BAD 166820398127
BAD 166820398139
BAD 166820398141
BAD 166820483701
BAD 166820483723
BAD 166820607509
BAD 166843862351
BAD 166757704283
BAD 166758099503
BAD 166820976109
BAD 166820976121
BAD 166758191927
BAD 166844485883
BAD 166758459863
BAD 166821301819
BAD 166821940471
BAD 166821940477
BAD 166759428239
BAD 166759515413
BAD 166760027323
BAD 166822968919
BAD 166822993489
BAD 166760220511
BAD 166760542231
BAD 166760877317
BAD 166760965121
BAD 166761012893
BAD 166824252061
BAD 166824405247
BAD 166824411217
BAD 166795209409
BAD 166824532921
BAD 166824542959
BAD 166795737421
BAD 166824927359
BAD 166796862163
BAD 166825666439
BAD 166797203513
BAD 166797305377
BAD 166797305509
BAD 166797305513
BAD 166797495289
BAD 166826256463
BAD 166826524763
BAD 166827501457
BAD 166827501481
BAD 166827824731
BAD 166800137221
BAD 166800305519
BAD 166800305521
BAD 166800320917
BAD 166828027507
BAD 166800730099
BAD 166800924793
BAD 166800924803
BAD 166800955393
BAD 166801755871
BAD 166801755917
BAD 166801985111
BAD 166801985113
BAD 166801985117
BAD 166801985123
BAD 166802381573
BAD 166804033579
BAD 166804558213
BAD 166804628047
BAD 166804628051
BAD 166805055397
BAD 166805208613
BAD 166806915841
BAD 166806915853
BAD 166807299443
BAD 166807450009
BAD 166807450013
BAD 166807479481
BAD 166807758583
BAD 166807816921
BAD 166807816927
BAD 166808521639
BAD 166808962169
BAD 166808962171
BAD 166809340447
BAD 166810307687
BAD 166810307689
BAD 166810307693
BAD 166810596317
BAD 166810596319
BAD 166811120857
BAD 166811156597
BAD 166811156599
BAD 166811332109
BAD 166811332111
BAD 166811510867
BAD 166811510869
BAD 166845408911
BAD 166846142693
BAD 166846167377
BAD 166846167379
BAD 166846419533
BAD 166847205001
BAD 166847235323
BAD 166848259231
BAD 166848416873
BAD 166848416879
BAD 166848416881
BAD 166848503821
BAD 166848625639
BAD 166849913273
BAD 166850706959
BAD 166850706961
BAD 166850763839
BAD 166850763841
BAD 166850763847
BAD 166850984147
BAD 166850984149
BAD 166851350821
BAD 166851960073
BAD 166852084261
BAD 166853070269
BAD 166853070271
BAD 166853070283
BAD 166853157019
BAD 166853311217
BAD 166853397253
BAD 166853999803
BAD 166854167479
BAD 166854167509
BAD 166854167521
BAD 166854217843
BAD 166854273583
BAD 166854652177
BAD 166855509049
BAD 166855509053
BAD 166855951373
BAD 166856301659
BAD 166857037181
BAD 166857037183
BAD 166857037187
BAD 166946205007
BAD 166946242171
BAD 166946242189
BAD 166946242193
BAD 166946409313
BAD 166946409317
BAD 166946409319
BAD 166947352111
BAD 166947537017
BAD 166859349373
BAD 166947658547
BAD 166948188487
BAD 166948188503
BAD 166860692309
BAD 166948972427
BAD 166948972429
BAD 166949594221
BAD 166949612033
BAD 166861679563
BAD 166951252753
BAD 166951252789
BAD 166951293191
BAD 166951293193
BAD 166878764209
BAD 166951587763
BAD 166951587767
BAD 166951587769
BAD 166879067989
BAD 166879068001
BAD 166952039081
BAD 166879669459
BAD 166952039083
BAD 166880658911
BAD 166880658913
BAD 166880729513
BAD 166880805241
BAD 166953119677
BAD 166881108001
BAD 166881108013
BAD 166881244363
BAD 166881244367
BAD 166881727321
BAD 166954356743
BAD 166954356749
BAD 166882350451
BAD 166882438279
BAD 166954597793
BAD 167046924623
BAD 166883510663
BAD 166883832967
BAD 166883832977
BAD 166883832979
BAD 166883880979
BAD 166883880991
BAD 167047892129
BAD 167047892131
BAD 166884212717
BAD 166884232903
BAD 166884294221
BAD 166884294223
BAD 166955176103
BAD 166884294229
BAD 166884694583
BAD 166884694591
BAD 166955980363
BAD 166955980381
BAD 166956263993
BAD 166886066623
BAD 166956545521
BAD 166956626633
BAD 166886709061
BAD 166886709071
BAD 166886956571
BAD 166886956573
BAD 166886989729
BAD 167049330169
BAD 167049934003
BAD 167049934013
BAD 167050026653
BAD 167050026659
BAD 166957720219
BAD 167050358491
BAD 167050438283
BAD 167050438297
BAD 167050438301
BAD 167050438309
BAD 166957951697
BAD 167050817893
BAD 167050817911
BAD 167051153029
BAD 166861981367
BAD 166958473621
BAD 167051153033
BAD 167051153057
BAD 167051153083
BAD 167051448079
BAD 166958879221
BAD 166959009127
BAD 166959009131
BAD 166959081353
BAD 166959174007
BAD 166959214561
BAD 166959214567
BAD 166959214579
BAD 166959312439
BAD 166959516193
BAD 166959528653
BAD 166862804371
BAD 167051720119
BAD 167051720123
BAD 166959834499
BAD 166863226459
BAD 167051925067
BAD 166863404767
BAD 166960360129
BAD 166960360159
BAD 166960363343
BAD 167052309937
BAD 167052309943
BAD 167052393463
BAD 166960832473
BAD 166864841887
BAD 167052462079
BAD 166960940303
BAD 166961108729
BAD 166961108731
BAD 166961134369
BAD 166961134381
BAD 166865062519
BAD 166865062523
BAD 166865062531
BAD 167052920269
BAD 167052926981
BAD 167052926983
BAD 167052926993
BAD 166961410129
BAD 167053162817
BAD 167053162849
BAD 167053162853
BAD 166865475467
BAD 166865475473
BAD 166865691959
BAD 166865691961
BAD 166961652593
BAD 166961814403
BAD 166962074443
BAD 166866151013
BAD 166866151037
BAD 166866151051
BAD 166866151063
BAD 166887346337
BAD 167053649489
BAD 166887346343
BAD 167053649491
BAD 166887828143
BAD 167053918673
BAD 167053932517
BAD 166866584873
BAD 167054092631
BAD 166888303139
BAD 166888938589
BAD 166889201057
BAD 166890266929
BAD 166868205089
BAD 166890939361
BAD 166890939367
BAD 166891166719
BAD 166891175293
BAD 166891175299
BAD 166891175309
BAD 167055777547
BAD 166891402651
BAD 167055804511
BAD 167055804607
BAD 167056107349
BAD 167056107353
BAD 167056107377
BAD 166891705391
BAD 166891847413
BAD 166892003063
BAD 166892284717
BAD 166869661583
BAD 166869827303
BAD 166870126639
BAD 167057573453
BAD 166893242161
BAD 166893281453
BAD 166893321241
BAD 166893321253
BAD 166893321269
BAD 166893321271
BAD 167057738593
BAD 166893431063
BAD 166893443779
BAD 166893525829
BAD 166893525833
BAD 166893594299
BAD 166893594407
BAD 166893594409
BAD 166893597683
BAD 166870799453
BAD 166893780049
BAD 167057785801
BAD 167057845151
BAD 167057845193
BAD 166894324913
BAD 166871308229
BAD 166871308231
BAD 166894716589
BAD 166871362759
BAD 166895107009
BAD 167058722989
BAD 166895107013
BAD 167058722993
BAD 166895112767
BAD 167058858859
BAD 167058858871
BAD 167058858877
BAD 166895338543
BAD 166871582107
BAD 166871582113
BAD 167059430719
BAD 167060229137
BAD 167060229139
BAD 166873092319
BAD 167060552609
BAD 167060552611
BAD 166873418251
BAD 166873445483
BAD 166873457609
BAD 166873457617
BAD 166873457623
BAD 167060951909
BAD 166873966333
BAD 166874162149
BAD 167061194101
BAD 166874390051
BAD 167061530431
BAD 166875302467
BAD 167062228483
BAD 167062714817
BAD 166875942169
BAD 166875942173
BAD 166876202903
BAD 167080165999
BAD 167080173019
BAD 167080173037
BAD 167080173047
BAD 167063078629
BAD 167063098133
BAD 167080473919
BAD 166876607861
BAD 167080690813
BAD 167080951099
BAD 167081315413
BAD 167082265859
BAD 167082541321
BAD 166877666873
BAD 167083413023
BAD 167083413043
BAD 167083663771
BAD 167083663777
BAD 167084218781
BAD 167084316499
BAD 167085426829
BAD 167086645199
BAD 167086799251
BAD 167086867193
BAD 167086867201
BAD 167087454649
BAD 167087733649
BAD 167088318097
BAD 167088816809
BAD 167089869253
BAD 167090639411
BAD 167090639413
BAD 167090661739
BAD 167064562633
BAD 167064909043
BAD 167065136989
BAD 167065186663
BAD 167065186667
BAD 167065186669
BAD 167065349623
BAD 167065410803
BAD 167065410817
BAD 167065474591
BAD 167065474999
BAD 167066048179
BAD 167066124661
BAD 167066351239
BAD 167066351251
BAD 167091358807
BAD 167091358813
BAD 167066623753
BAD 167092013477
BAD 166895605733
BAD 167092154869
BAD 167092297459
BAD 166895916289
BAD 166895916293
BAD 166896161963
BAD 166896161969
BAD 167092968481
BAD 167092968487
BAD 167067946127
BAD 167093188063
BAD 166896626041
BAD 166896626053
BAD 166896626093
BAD 166896626101
BAD 166896626111
BAD 167068203383
BAD 167068203391
BAD 167068203397
BAD 166896836839
BAD 167068450103
BAD 167068495303
BAD 167093722127
BAD 167093722129
BAD 167093792857
BAD 167068861429
BAD 167068861433
BAD 167094039443
BAD 166897471283
BAD 167069329729
BAD 167069329733
BAD 167094411863
BAD 167094411871
BAD 167094411877
BAD 167069609167
BAD 166898527603
BAD 167069609183
BAD 167069770369
BAD 167069770391
BAD 167069770393
BAD 166997813117
BAD 166997813119
BAD 166997813123
BAD 166912399613
BAD 167030610233
BAD 167030610247
BAD 167030610259
BAD 166912636771
BAD 166912636777
BAD 167030919481
BAD 166899267053
BAD 167070491551
BAD 167070491561
BAD 167070491563
BAD 167070491569
BAD 166912891577
BAD 166912891583
BAD 166899352463
BAD 166998550897
BAD 166998550919
BAD 166899454289
BAD 166899454291
BAD 166899454297
BAD 166899467587
BAD 167096814559
BAD 166913573257
BAD 166998928823
BAD 166899726211
BAD 167071001017
BAD 167033018137
BAD 166998928829
BAD 167033018143
BAD 167033018147
BAD 167033018149
BAD 167033018153
BAD 167033018161
BAD 166962796673
BAD 166962796681
BAD 167033362957
BAD 167033487463
BAD 166913890081
BAD 166913955679
BAD 166913955683
BAD 166913955697
BAD 167097351467
BAD 166914083461
BAD 166914162113
BAD 167097774631
BAD 167097779039
BAD 167097779041
BAD 167071902889
BAD 166963684387
BAD 167071936519
BAD 167071959961
BAD 167072058421
BAD 166914766801
BAD 167035511701
BAD 167098468937
BAD 166901019631
BAD 166964094263
BAD 167098468939
BAD 167000008363
BAD 167000008369
BAD 167072177323
BAD 167000127703
BAD 167072198023
BAD 167036079323
BAD 167072571871
BAD 166915220281
BAD 166964754833
BAD 167036260177
BAD 167099338253
BAD 167099338271
BAD 166915419571
BAD 167036426077
BAD 166915432993
BAD 167099401933
BAD 167099401939
BAD 167099401943
BAD 167000873339
BAD 166915608221
BAD 167000873341
BAD 167099594513
BAD 167036931557
BAD 167036931559
BAD 166966039171
BAD 167099997059
BAD 167073333001
BAD 167036931563
BAD 167099997061
BAD 167001281137
BAD 166901372461
BAD 166915962229
BAD 167001281149
BAD 166915962233
BAD 167100013919
BAD 166966170113
BAD 167037078581
BAD 167037078583
BAD 167037078599
BAD 167037078601
BAD 166916068681
BAD 167001463961
BAD 167001463963
BAD 167100176953
BAD 167037160921
BAD 167100273871
BAD 167037391321
BAD 167037391327
BAD 167037468593
BAD 167037477331
BAD 167100491783
BAD 166966299979
BAD 166966318447
BAD 167100611077
BAD 167095685663
BAD 167001888233
BAD 167100611081
BAD 167012934043
BAD 167038576357
BAD 166917328373
BAD 166902308843
BAD 167038576373
BAD 167001888301
BAD 167038576381
BAD 167001888307
BAD 167095693913
BAD 167095693943
BAD 166966881727
BAD 166967151151
BAD 167100818023
BAD 167100818029
BAD 167100818033
BAD 167039051533
BAD 167039051539
BAD 167002288963
BAD 167039323337
BAD 167039399101
BAD 167096128781
BAD 167096128783
BAD 166967736233
BAD 166967736241
BAD 166967865769
BAD 166967865773
BAD 167013567607
BAD 167013567613
BAD 166930103521
BAD 167040654463
BAD 166968961321
BAD 166903740023
BAD 167096677703
BAD 167002778939
BAD 167096677711
BAD 166903740043
BAD 166918192549
BAD 167002778941
BAD 167073937013
BAD 166918192561
BAD 167073937021
BAD 167073937027
BAD 167002861037
BAD 167101389233
BAD 166969099421
BAD 166930266143
BAD 166969128847
BAD 166903871237
BAD 166903964897
BAD 166918442753
BAD 166918442797
BAD 166918448707
BAD 167041289747
BAD 167041289749
BAD 166918590877
BAD 166969651663
BAD 167003250577
BAD 167003250587
BAD 166918943693
BAD 166979696089
BAD 167003250593
BAD 166904253731
BAD 167003250607
BAD 167074781543
BAD 167101953097
BAD 167041538749
BAD 166979749499
BAD 166979749501
BAD 166979749537
BAD 167003316593
BAD 166969859131
BAD 166969859141
BAD 166969859143
BAD 166930852489
BAD 167014241143
BAD 167003394227
BAD 166919043271
BAD 167014290449
BAD 167014290451
BAD 166980042169
BAD 166980050753
BAD 166904477833
BAD 166904477851
BAD 166904477947
BAD 166904477951
BAD 166904477953
BAD 167042015137
BAD 167042015251
BAD 167102550383
BAD 166932127619
BAD 166904706193
BAD 166970741293
BAD 167015448997
BAD 166919310923
BAD 166980279161
BAD 167042020799
BAD 166904706197
BAD 167075328263
BAD 166970743759
BAD 166980279163
BAD 166904706203
BAD 166970743763
BAD 166980279173
BAD 167102583103
BAD 166980344393
BAD 167015572049
BAD 167015597753
BAD 166970867731
BAD 166970867759
BAD 166970867761
BAD 166970867821
BAD 166970867839
BAD 167042173733
BAD 167015776313
BAD 167015776321
BAD 167015776363
BAD 167015777407
BAD 167015844949
BAD 166933949587
BAD 166971454313
BAD 166981168943
BAD 167102928661
BAD 166904916091
BAD 166933949597
BAD 167003713103
BAD 166971454319
BAD 166933949599
BAD 167075686301
BAD 166919896519
BAD 166933949603
BAD 167075686303
BAD 167075686307
BAD 167075686411
BAD 166919896523
BAD 166981214539
BAD 167015894767
BAD 167003776453
BAD 167003776463
BAD 166904979349
BAD 166905005599
BAD 167103063233
BAD 167103063247
BAD 166934178263
BAD 167003992039
BAD 166981460903
BAD 166981460911
BAD 166934249269
BAD 166934249281
BAD 167103860899
BAD 167017083367
BAD 167042304391
BAD 167004265793
BAD 167077238203
BAD 166981876613
BAD 167004265801
BAD 166920312877
BAD 167004271501
BAD 167017107017
BAD 167077365391
BAD 167077365397
BAD 166920388183
BAD 166920388189
BAD 167004418381
BAD 167004418403
BAD 166905413153
BAD 166905413159
BAD 166905545039
BAD 166905545041
BAD 166982239889
BAD 166982239891
BAD 166982319643
BAD 166982319649
BAD 167042681737
BAD 167104393163
BAD 167104393171
BAD 166905810713
BAD 167004920839
BAD 166920645029
BAD 167043038311
BAD 166971867883
BAD 167107074961
BAD 166982591219
BAD 167004920843
BAD 166971867889
BAD 166905863611
BAD 167078619151
BAD 166982591221
BAD 166971867899
BAD 167078619199
BAD 166971867901
BAD 167107084273
BAD 167078680667
BAD 167078680669
BAD 167078680673
BAD 167043182419
BAD 166906038017
BAD 167078826269
BAD 167107316107
BAD 166972087819
BAD 166972158281
BAD 167079054739
BAD 167079054743
BAD 166983055201
BAD 167107665623
BAD 167107665631
BAD 166983158527
BAD 166983158533
BAD 166972360253
BAD 166906525609
BAD 167043798001
BAD 167107713649
BAD 167017611433
BAD 166906525613
BAD 167043798007
BAD 166972360307
BAD 167043798011
BAD 166972360309
BAD 167043798013
BAD 167079446179
BAD 167079446213
BAD 167107736813
BAD 166972443679
BAD 167017839607
BAD 166984175093
BAD 166984175131
BAD 166984175153
BAD 166984246867
BAD 166984246873
BAD 166984263403
BAD 167108070097
BAD 166984379801
BAD 166972806443
BAD 166907054641
BAD 166907054779
BAD 166972849349
BAD 167079934127
BAD 166984614211
BAD 166984614217
BAD 167005887859
BAD 167018216347
BAD 167018216357
BAD 167018216359
BAD 167005887863
BAD 166984659811
BAD 166984659817
BAD 166934742841
BAD 167005995721
BAD 166973394079
BAD 166984857901
BAD 166973476613
BAD 166973476619
BAD 166935181471
BAD 167045251969
BAD 166985390893
BAD 167018705507
BAD 167018705521
BAD 167018705531
BAD 167018705533
BAD 166921857779
BAD 166973859889
BAD 166973859953
BAD 166973859979
BAD 167045481959
BAD 167045482013
BAD 166908751963
BAD 166985927371
BAD 167019239353
BAD 167019239371
BAD 167046160741
BAD 166974295801
BAD 166922886211
BAD 167007259591
BAD 166936828909
BAD 166922886217
BAD 166909134181
BAD 166936828913
BAD 167108624681
BAD 166936828921
BAD 167108624693
BAD 167108624791
BAD 166909389979
BAD 166909389989
BAD 166909389991
BAD 167007557413
BAD 166974499609
BAD 166909463411
BAD 167007701957
BAD 167007701963
BAD 166937260219
BAD 166937260223
BAD 167007825449
BAD 167007825451
BAD 167007905963
BAD 167108983669
BAD 166986073343
BAD 167008350373
BAD 167019725029
BAD 166923880159
BAD 166986343067
BAD 166924413083
BAD 167020109449
BAD 167008928137
BAD 166909853449
BAD 166937525413
BAD 166924413121
BAD 167020109453
BAD 166924413127
BAD 166909914151
BAD 166909914163
BAD 166909914203
BAD 166937593027
BAD 166937677411
BAD 166975006201
BAD 167109356809
BAD 166937729509
BAD 166975105643
BAD 166975114583
BAD 166910160401
BAD 166924644391
BAD 166910276993
BAD 166986785501
BAD 166986785509
BAD 166938010907
BAD 166938010909
BAD 166910383279
BAD 167020623499
BAD 167009537183
BAD 167020779727
BAD 167109481843
BAD 167020974823
BAD 166925734489
BAD 166938371647
BAD 166910829259
BAD 167109481849
BAD 167010298921
BAD 166975806587
BAD 166910829263
BAD 166975806589
BAD 166938434591
BAD 167010361033
BAD 166976049973
BAD 167109700493
BAD 167021265823
BAD 166911004657
BAD 167010774397
BAD 166926033011
BAD 166926033013
BAD 166926033041
BAD 166926140873
BAD 167010922237
BAD 166938936433
BAD 166938936449
BAD 166939009463
BAD 167021692283
BAD 166911986477
BAD 167011437181
BAD 167110669267
BAD 166926708713
BAD 167110753363
BAD 167022179881
BAD 166987199053
BAD 167011755593
BAD 166926794327
BAD 167110753373
BAD 166926794329
BAD 166978182127
BAD 166978182131
BAD 166978182139
BAD 166978182143
BAD 166978224451
BAD 167110798763
BAD 166939917083
BAD 166927074283
BAD 166927074287
BAD 166927074289
BAD 166927149821
BAD 166940099269
BAD 167110983899
BAD 167110983901
BAD 166927320563
BAD 167022604127
BAD 167022604129
BAD 167022633647
BAD 167022633649
BAD 167022633653
BAD 167022633709
BAD 166927422811
BAD 166927422817
BAD 166927723889
BAD 167022812881
BAD 166927723891
BAD 167111666149
BAD 167112064607
BAD 166941374273
BAD 166928804363
BAD 167023452203
BAD 167112543977
BAD 167112543979
BAD 166989202073
BAD 167023550809
BAD 167112622463
BAD 166989300113
BAD 167023714771
BAD 167112881899
BAD 167112881917
BAD 167112881927
BAD 167112881933
BAD 166942011563
BAD 167112943891
BAD 167112943909
BAD 167113014487
BAD 167113014709
BAD 167024108101
BAD 167024108131
BAD 166989937123
BAD 167113463287
BAD 166990292797
BAD 166990292803
BAD 166990292813
BAD 166990308811
BAD 166990931753
BAD 166990931759
BAD 166990931761
BAD 167025129487
BAD 167025129499
BAD 167025129521
BAD 166991264213
BAD 166991264221
BAD 166991269579
BAD 166991269583
BAD 166943327281
BAD 166943327293
BAD 167025537257
BAD 167025537271
BAD 167025537277
BAD 166991668583
BAD 166991853151
BAD 166943702333
BAD 166943801683
BAD 166992132269
BAD 166992132271
BAD 166992132289
BAD 167026279891
BAD 166992473491
BAD 166944168841
BAD 166944168847
BAD 167026958753
BAD 167026958789
BAD 166993359773
BAD 167027295223
BAD 166993449739
BAD 166993449743
BAD 166993449773
BAD 166993449859
BAD 166993449863
BAD 166944876211
BAD 166993608511
BAD 166945050409
BAD 167027839639
BAD 166945129069
BAD 167028171319
BAD 166994120861
BAD 166994120863
BAD 166945485041
BAD 166945547837
BAD 167028363713
BAD 167028883951
BAD 166994829439
BAD 167029018217
BAD 167029018237
BAD 167029018241
BAD 167029018243
BAD 166995145049
BAD 166995374339
BAD 166995374341
BAD 166995374347
BAD 166995572773
BAD 166995647537
BAD 167113737503
BAD 167113737509
BAD 167113737541
BAD 167113834711
BAD 167114922323
BAD 167114922329
BAD 167115151999
BAD 167115152033
BAD 167115152041
BAD 167116421011
BAD 167116439929
BAD 167116463473
BAD 167116925743
BAD 167117036297
BAD 167117036299
BAD 167117036311
BAD 167117593873
BAD 167117712793
BAD 167117712803
BAD 167117744393
BAD 167118452419
BAD 167118452429
BAD 167118648649
BAD 167118648737
BAD 167118648751
BAD 167118945443
BAD 167118945457
BAD 167118945463
BAD 167119435643
BAD 167119435657
BAD 167119513667
BAD 167119513669
BAD 167119807651
BAD 167119903529
BAD 167119926053
BAD 167120526119
BAD 167120526121
BAD 167120733727
BAD 167122141259
BAD 167122141261
BAD 167122581293
BAD 167122599467
BAD 167122599473
BAD 167123053609
BAD 167123053613
BAD 167123207897
BAD 167123207899
BAD 167123207903
BAD 167123379523
BAD 167123379547
BAD 167123476111
BAD 167123604601
BAD 167123987033
BAD 167124403871
BAD 167124661307
BAD 167124661309
BAD 167124661313
BAD 167125023319
BAD 167125023353
BAD 167125283987
BAD 167125283989
BAD 167126114677
BAD 167126387257
BAD 167126665637
BAD 167126665639
BAD 167126875283
BAD 167126929919
BAD 167126929939
BAD 167127396487
BAD 167127407453
BAD 167127845917
BAD 167127845993
BAD 167127952009
BAD 167128072169
BAD 167128072171
BAD 167128161601
BAD 167128636231
BAD 167128821803
BAD 167129095961
BAD 167129095963
BAD 167131176523
BAD 167131715983
BAD 167131758559
BAD 167132623859
BAD 167133142753
BAD 167133142777
BAD 167133142783
BAD 167133572239
BAD 167134857233
BAD 167135023907
BAD 167137171403
BAD 167137376389
BAD 167137569947
BAD 167137569953
BAD 167137569959
BAD 167137569961
BAD 167137943449
BAD 167138022923
BAD 167138022941
BAD 167138022943
BAD 167139179411
BAD 167139351173
BAD 167139778307
BAD 167140039991
BAD 167140039993
BAD 167140039999
BAD 167140244699
BAD 167140244701
BAD 167140300199
BAD 167140468939
BAD 167140922363
BAD 167141125777
BAD 167141133359
BAD 167141133361
BAD 167141786191
BAD 167147265541
BAD 167214325519
BAD 167142874271
BAD 167142874273
BAD 167215170439
BAD 167215170443
BAD 167215333339
BAD 167143326187
BAD 167143982611
BAD 167216452723
BAD 167216452729
BAD 167216452771
BAD 167144646637
BAD 167216703893
BAD 167145484901
BAD 167145484903
BAD 167145484927
BAD 167145748339
BAD 167146611823
BAD 167149912669
BAD 167164008181
BAD 167164008203
BAD 167151148981
BAD 167151365483
BAD 167165355061
BAD 167165355067
BAD 167165355073
BAD 167165508137
BAD 167151768331
BAD 167165923159
BAD 167165923163
BAD 167165943883
BAD 167152085677
BAD 167152085687
BAD 167152085689
BAD 167152174463
BAD 167166151133
BAD 167152624823
BAD 167166272333
BAD 167166272341
BAD 167152987307
BAD 167153020621
BAD 167153115683
BAD 167153400781
BAD 167166708613
BAD 167166870803
BAD 167166870809
BAD 167166978227
BAD 167166978229
BAD 167166978233
BAD 167166978241
BAD 167167183277
BAD 167167371953
BAD 167153505641
BAD 167167515637
BAD 167153652163
BAD 167153652167
BAD 167153652199
BAD 167167729997
BAD 167167729999
BAD 167167730003
BAD 167167815533
BAD 167168311993
BAD 167154495427
BAD 167154495439
BAD 167154635023
BAD 167168755231
BAD 167154954803
BAD 167180944253
BAD 167168855393
BAD 167168855407
BAD 167168855431
BAD 167169865999
BAD 167170058401
BAD 167182241351
BAD 167182241353
BAD 167182241357
BAD 167182241377
BAD 167156224901
BAD 167156224903
BAD 167170241011
BAD 167182388357
BAD 167156473219
BAD 167170473193
BAD 167182658693
BAD 167170991443
BAD 167170991447
BAD 167170991453
BAD 167182876253
BAD 167171641033
BAD 167183409623
BAD 167183409629
BAD 167231204401
BAD 167231253131
BAD 167157943243
BAD 167231477419
BAD 167172173713
BAD 167184090481
BAD 167218537069
BAD 167172173719
BAD 167172173723
BAD 167184098567
BAD 167184098569
BAD 167184245873
BAD 167172532627
BAD 167231795503
BAD 167219153611
BAD 167184594127
BAD 167184594133
BAD 167184594139
BAD 167184732667
BAD 167219415463
BAD 167219415469
BAD 167172947219
BAD 167184990173
BAD 167173189129
BAD 167173189889
BAD 167173239347
BAD 167173239349
BAD 167232723199
BAD 167232776119
BAD 167220198533
BAD 167220340283
BAD 167185789933
BAD 167185789937
BAD 167185789943
BAD 167185828613
BAD 167220766133
BAD 167220956941
BAD 167220956953
BAD 167221080833
BAD 167158537501
BAD 167221175551
BAD 167186281463
BAD 167233102133
BAD 167233102139
BAD 167233102147
BAD 167186397877
BAD 167221574843
BAD 167221630819
BAD 167233578181
BAD 167221972979
BAD 167233767443
BAD 167233767451
BAD 167186877469
BAD 167187003569
BAD 167234337079
BAD 167234373289
BAD 167159474263
BAD 167187515021
BAD 167187633103
BAD 167160008513
BAD 167160008531
BAD 167160008551
BAD 167187892411
BAD 167223164587
BAD 167188036957
BAD 167223462361
BAD 167235659909
BAD 167235659911
BAD 167235659933
BAD 167235659939
BAD 167223572071
BAD 167223572077
BAD 167223856013
BAD 167236213877
BAD 167236213883
BAD 167223945047
BAD 167160560321
BAD 167160560323
BAD 167223999643
BAD 167189017789
BAD 167224037093
BAD 167160775597
BAD 167160775601
BAD 167224466411
BAD 167224466413
BAD 167189498713
BAD 167237192461
BAD 167161145971
BAD 167237192467
BAD 167237192569
BAD 167224888819
BAD 167161382981
BAD 167161383229
BAD 167189936237
BAD 167189936239
BAD 167238833761
BAD 167225237449
BAD 167173424419
BAD 167173424423
BAD 167173515569
BAD 167239204597
BAD 167239240213
BAD 167239376897
BAD 167162028389
BAD 167162028391
BAD 167174048059
BAD 167174048081
BAD 167197496393
BAD 167174284351
BAD 167239758421
BAD 167174399803
BAD 167226310639
BAD 167162770573
BAD 167239879679
BAD 167174611729
BAD 167174611733
BAD 167240009413
BAD 167226533893
BAD 167226649321
BAD 167226679309
BAD 167240206187
BAD 167240206193
BAD 167240206207
BAD 167198226137
BAD 167226835723
BAD 167226835759
BAD 167240493631
BAD 167189963543
BAD 167198288911
BAD 167240493661
BAD 167190020113
BAD 167190097453
BAD 167175383077
BAD 167190197833
BAD 167227153673
BAD 167190326767
BAD 167198763799
BAD 167198763811
BAD 167198855129
BAD 167227470233
BAD 167241226037
BAD 167227501171
BAD 167227651477
BAD 167191011329
BAD 167191011331
BAD 167176155001
BAD 167176155011
BAD 167176155023
BAD 167176182559
BAD 167176488277
BAD 167176572781
BAD 167227881677
BAD 167227881679
BAD 167177074261
BAD 167191898947
BAD 167241546601
BAD 167177421667
BAD 167192614801
BAD 167200470407
BAD 167192614807
BAD 167192614811
BAD 167200507093
BAD 167177477813
BAD 167192780897
BAD 167192821429
BAD 167241888223
BAD 167241888271
BAD 167241924197
BAD 167193116999
BAD 167193117037
BAD 167193117043
BAD 167193250999
BAD 167193251003
BAD 167201197253
BAD 167201233819
BAD 167242586887
BAD 167201638699
BAD 167201677999
BAD 167228299429
BAD 167242949617
BAD 167202330319
BAD 167243669413
BAD 167202725479
BAD 167243918551
BAD 167202948397
BAD 167244073993
BAD 167230305611
BAD 167203628569
BAD 167179226743
BAD 167244074009
BAD 167203628573
BAD 167244100433
BAD 167244100609
BAD 167244100613
BAD 167230397239
BAD 167230463371
BAD 167230463381
BAD 167230463383
BAD 167230525859
BAD 167230542967
BAD 167230729639
BAD 167230729661
BAD 167230729663
BAD 167179670759
BAD 167179670761
BAD 167179670767
BAD 167179670771
BAD 167179670773
BAD 167244465413
BAD 167179779859
BAD 167195177483
BAD 167195177491
BAD 167179970479
BAD 167195574703
BAD 167245474861
BAD 167245476751
BAD 167205455639
BAD 167245591673
BAD 167245591679
BAD 167205591713
BAD 167205591743
BAD 167205860611
BAD 167245883767
BAD 167196677243
BAD 167196677251
BAD 167206167061
BAD 167206340659
BAD 167206340663
BAD 167246303723
BAD 167246303813
BAD 167246303827
BAD 167196891143
BAD 167196891149
BAD 167196891151
BAD 167246648357
BAD 167246934083
BAD 167246934097
BAD 167246995381
BAD 167197218481
BAD 167247243347
BAD 167247243349
BAD 167247243353
BAD 167197306831
BAD 167247445283
BAD 167207374801
BAD 167207600669
BAD 167207692021
BAD 167207977513
BAD 167208935669
BAD 167208935671
BAD 167209175641
BAD 167209175659
BAD 167209175677
BAD 167209347413
BAD 167209409023
BAD 167209814843
BAD 167210238893
BAD 167210276647
BAD 167210485943
BAD 167210850229
BAD 167210987311
BAD 167212033207
BAD 167212033229
BAD 167212385341
BAD 167212385363
BAD 167212480741
BAD 167212546009
BAD 167212794401
BAD 167212794403
BAD 167212794407
BAD 167212794409
BAD 167212794421
BAD 167212794433
BAD 167213101247
BAD 167213101249
BAD 167213101291
BAD 167213113997
BAD 167213113999
BAD 167314961123
BAD 167314997089
BAD 167314997099
BAD 167315053231
BAD 167315342431
BAD 167315513899
BAD 167316192179
BAD 167316192181
BAD 167316822271
BAD 167317060109
BAD 167317060111
BAD 167317060129
BAD 167317199393
BAD 167317483559
BAD 167317483561
BAD 167317521229
BAD 167317521233
BAD 167249333851
BAD 167249333857
BAD 167249333863
BAD 167249333869
BAD 167249333873
BAD 167249448169
BAD 167249448173
BAD 167317804513
BAD 167317814107
BAD 167249570933
BAD 167249608349
BAD 167250124277
BAD 167250144601
BAD 167251901821
BAD 167251901857
BAD 167253547849
BAD 167253868763
BAD 167318272403
BAD 167318272409
BAD 167318564159
BAD 167318573491
BAD 167319039413
BAD 167319085837
BAD 167319085841
BAD 167319085861
BAD 167319085867
BAD 167319540139
BAD 167319544663
BAD 167319544681
BAD 167319544687
BAD 167320522081
BAD 167321380943
BAD 167321502893
BAD 167321867431
BAD 167321932601
BAD 167322609229
BAD 167322876811
BAD 167322876829
BAD 167323143857
BAD 167323143859
BAD 167323143863
BAD 167323703231
BAD 167323703233
BAD 167323941679
BAD 167323941683
BAD 167323941689
BAD 167323941691
BAD 167324342123
BAD 167324386951
BAD 167324414911
BAD 167324414921
BAD 167325056471
BAD 167325056473
BAD 167325781669
BAD 167325821297
BAD 167326103143
BAD 167326349809
BAD 167326684927
BAD 167326750111
BAD 167326750117
BAD 167326783861
BAD 167326783867
BAD 167253939247
BAD 167254078729
BAD 167254356827
BAD 167254356833
BAD 167254608259
BAD 167254608263
BAD 167254608319
BAD 167254737283
BAD 167254737289
BAD 167254894309
BAD 167255967233
BAD 167256197767
BAD 167256508357
BAD 167256698467
BAD 167256698513
BAD 167256854839
BAD 167257189193
BAD 167257364509
BAD 167257364513
BAD 167257796291
BAD 167257796311
BAD 167327324897
BAD 167328855079
BAD 167329433143
BAD 167329743719
BAD 167329872707
BAD 167329872709
BAD 167329914413
BAD 167330365627
BAD 167331145747
BAD 167258551261
BAD 167331318703
BAD 167258940151
BAD 167259036757
BAD 167259036787
BAD 167259136201
BAD 167259214427
BAD 167260578361
BAD 167260578409
BAD 167261224621
BAD 167282146583
BAD 167261297737
BAD 167282377861
BAD 167282435483
BAD 167282603359
BAD 167261490173
BAD 167282663147
BAD 167262028903
BAD 167283217711
BAD 167262800401
BAD 167262800407
BAD 167262800449
BAD 167262810367
BAD 167262810391
BAD 167262877741
BAD 167262981659
BAD 167262981661
BAD 167263411229
BAD 167263480939
BAD 167264758057
BAD 167264809013
BAD 167264809043
BAD 167284629739
BAD 167284629751
BAD 167263771621
BAD 167285134351
BAD 167285134369
BAD 167264393311
BAD 167265398753
BAD 167285459213
BAD 167268091751
BAD 167285459221
BAD 167268091759
BAD 167285548361
BAD 167285548363
BAD 167285655899
BAD 167285656003
BAD 167286166043
BAD 167286166111
BAD 167286166127
BAD 167286166129
BAD 167269235293
BAD 167269235299
BAD 167269235303
BAD 167269267751
BAD 167286193819
BAD 167286297281
BAD 167286446153
BAD 167286446161
BAD 167270071789
BAD 167287111009
BAD 167270512441
BAD 167270512447
BAD 167270593771
BAD 167298809749
BAD 167299001663
BAD 167299001671
BAD 167271465373
BAD 167271465377
BAD 167271465379
BAD 167299239329
BAD 167299239353
BAD 167271787961
BAD 167299476907
BAD 167299476943
BAD 167299680343
BAD 167299724243
BAD 167289212119
BAD 167289654473
BAD 167272400023
BAD 167272550603
BAD 167272610867
BAD 167289985033
BAD 167300142091
BAD 167272989463
BAD 167290265089
BAD 167290396859
BAD 167290411129
BAD 167290436783
BAD 167290436791
BAD 167290446377
BAD 167290446397
BAD 167290457863
BAD 167301004547
BAD 167301618041
BAD 167273925061
BAD 167291642759
BAD 167291642789
BAD 167291642839
BAD 167291642849
BAD 167301934861
BAD 167274255529
BAD 167291642851
BAD 167291642857
BAD 167302029443
BAD 167302029451
BAD 167302029457
BAD 167302039159
BAD 167302039211
BAD 167302039213
BAD 167302039217
BAD 167302195877
BAD 167302267703
BAD 167274806929
BAD 167274856759
BAD 167292418703
BAD 167302695409
BAD 167302695419
BAD 167302695421
BAD 167274979007
BAD 167275094747
BAD 167292852367
BAD 167275189387
BAD 167275189399
BAD 167293158559
BAD 167293158611
BAD 167293224751
BAD 167293224757
BAD 167275543163
BAD 167293590203
BAD 167304033473
BAD 167294005303
BAD 167304739051
BAD 167304783853
BAD 167304783857
BAD 167304783859
BAD 167276494613
BAD 167294572129
BAD 167294593339
BAD 167294593357
BAD 167294593363
BAD 167294593369
BAD 167294593373
BAD 167305141583
BAD 167295238819
BAD 167295243139
BAD 167295592001
BAD 167295629639
BAD 167306119459
BAD 167277435973
BAD 167277435979
BAD 167277435991
BAD 167277436003
BAD 167296223293
BAD 167296223299
BAD 167296444229
BAD 167296444241
BAD 167296444243
BAD 167306761637
BAD 167277676913
BAD 167297119117
BAD 167277676927
BAD 167307467533
BAD 167297119123
BAD 167307596647
BAD 167307596681
BAD 167307714619
BAD 167278347529
BAD 167278472201
BAD 167278472203
BAD 167297744611
BAD 167297744639
BAD 167297744641
BAD 167278600201
BAD 167297758367
BAD 167278642507
BAD 167308092001
BAD 167308667047
BAD 167279739359
BAD 167279739383
BAD 167280267247
BAD 167280479713
BAD 167280479719
BAD 167280480013
BAD 167280480019
BAD 167280480023
BAD 167280714499
BAD 167280736927
BAD 167280814873
BAD 167311396249
BAD 167311410323
BAD 167311857481
BAD 167312083313
BAD 167312601901
BAD 167314489781
BAD 167314489831
BAD 167382027797
BAD 167382038609
BAD 167382038611
BAD 167383444279
BAD 167383444289
BAD 167383918007
BAD 167383918027
BAD 167384027431
BAD 167384186143
BAD 167384230967
BAD 167384287769
BAD 167384287771
BAD 167384340931
BAD 167384340947
BAD 167384340973
BAD 167384587297
BAD 167384622661
BAD 167384807641
BAD 167385453259
BAD 167385687751
BAD 167386136453
BAD 167386472371
BAD 167386511221
BAD 167386783373
BAD 167386783387
BAD 167387014523
BAD 167387379253
BAD 167388181469
BAD 167388344209
BAD 167388344219
BAD 167365649093
BAD 167365861213
BAD 167388625643
BAD 167365933621
BAD 167365992421
BAD 167365992427
BAD 167366100323
BAD 167366380691
BAD 167366380693
BAD 167366380697
BAD 167389577221
BAD 167367164417
BAD 167367215111
BAD 167367655327
BAD 167367655331
BAD 167367655381
BAD 167367655397
BAD 167367806371
BAD 167390726821
BAD 167368691089
BAD 167368691093
BAD 167369116073
BAD 167369240419
BAD 167369543371
BAD 167369543377
BAD 167369624047
BAD 167369674819
BAD 167369774879
BAD 167369774881
BAD 167369815861
BAD 167369994899
BAD 167369994901
BAD 167369994907
BAD 167370453853
BAD 167370798229
BAD 167370798233
BAD 167371168073
BAD 167371192741
BAD 167371193581
BAD 167371371599
BAD 167371524877
BAD 167371660387
BAD 167372089279
BAD 167372122601
BAD 167372140387
BAD 167372535509
BAD 167372535511
BAD 167391032531
BAD 167391629423
BAD 167391748009
BAD 167392044667
BAD 167392186193
BAD 167392713413
BAD 167392815787
BAD 167393051389
BAD 167393051393
BAD 167393051401
BAD 167393051407
BAD 167393450011
BAD 167393450017
BAD 167393450023
BAD 167393648099
BAD 167393731591
BAD 167393854699
BAD 167393854703
BAD 167393854711
BAD 167393854717
BAD 167394154471
BAD 167394908047
BAD 167395399217
BAD 167395399219
BAD 167395451243
BAD 167395817389
BAD 167396143223
BAD 167396143231
BAD 167396217143
BAD 167397717143
BAD 167397717167
BAD 167397717169
BAD 167331652309
BAD 167374981061
BAD 167374981063
BAD 167332071637
BAD 167332336837
BAD 167332336841
BAD 167332336879
BAD 167332354229
BAD 167332568167
BAD 167375575487
BAD 167375575489
BAD 167333247413
BAD 167375851081
BAD 167333942389
BAD 167333942393
BAD 167376114613
BAD 167334957773
BAD 167335822613
BAD 167336652187
BAD 167378271037
BAD 167378271041
BAD 167378271043
BAD 167336846527
BAD 167378371291
BAD 167337218099
BAD 167337218101
BAD 167378617597
BAD 167398262611
BAD 167398545631
BAD 167398738373
BAD 167398738379
BAD 167379621151
BAD 167380354189
BAD 167380354199
BAD 167380354201
BAD 167380651369
BAD 167483165833
BAD 167337984391
BAD 167380664461
BAD 167338065137
BAD 167338085581
BAD 167338129303
BAD 167338156651
BAD 167338156751
BAD 167338156753
BAD 167483546873
BAD 167483808313
BAD 167338627387
BAD 167338663553
BAD 167338663669
BAD 167338663673
BAD 167338683331
BAD 167338683349
BAD 167338683353
BAD 167338683359
BAD 167338683361
BAD 167338756201
BAD 167484393301
BAD 167484393337
BAD 167484393341
BAD 167381911063
BAD 167339374141
BAD 167339374151
BAD 167339374157
BAD 167339374159
BAD 167339796739
BAD 167485489777
BAD 167466595301
BAD 167466696443
BAD 167466696451
BAD 167466696457
BAD 167432533921
BAD 167485886221
BAD 167432564063
BAD 167340054139
BAD 167340054143
BAD 167340097579
BAD 167340196073
BAD 167432739091
BAD 167432807981
BAD 167486697661
BAD 167486697691
BAD 167340508789
BAD 167486886067
BAD 167486886103
BAD 167486886137
BAD 167487144091
BAD 167487224153
BAD 167487461803
BAD 167487629633
BAD 167341132843
BAD 167468735023
BAD 167433549193
BAD 167433549203
BAD 167433606037
BAD 167469146393
BAD 167342257699
BAD 167434607783
BAD 167488001333
BAD 167499771983
BAD 167469146401
BAD 167488001347
BAD 167488164457
BAD 167435116447
BAD 167435116493
BAD 167435349743
BAD 167500661737
BAD 167470022491
BAD 167470022497
BAD 167470022501
BAD 167470176173
BAD 167470206823
BAD 167470206901
BAD 167470206907
BAD 167470206919
BAD 167435598487
BAD 167500874603
BAD 167500874609
BAD 167435829563
BAD 167435867329
BAD 167470537823
BAD 167470537847
BAD 167470537849
BAD 167343278483
BAD 167436016261
BAD 167470804877
BAD 167416337461
BAD 167436468593
BAD 167490139913
BAD 167501444029
BAD 167501444041
BAD 167501469151
BAD 167471170021
BAD 167471213683
BAD 167416749979
BAD 167348433467
BAD 167348454233
BAD 167471335831
BAD 167471335861
BAD 167437314391
BAD 167437314409
BAD 167416898809
BAD 167348564431
BAD 167491202539
BAD 167416969373
BAD 167416969381
BAD 167437514359
BAD 167437612549
BAD 167437612553
BAD 167491440553
BAD 167491440559
BAD 167491440569
BAD 167437771817
BAD 167491589341
BAD 167491589413
BAD 167437814941
BAD 167417193547
BAD 167449093529
BAD 167516297071
BAD 167344203757
BAD 167348934691
BAD 167449093531
BAD 167502321271
BAD 167516297083
BAD 167344337071
BAD 167493004439
BAD 167493004477
BAD 167493004507
BAD 167349019703
BAD 167344441309
BAD 167516573561
BAD 167516573563
BAD 167516573569
BAD 167516573579
BAD 167437998037
BAD 167437998041
BAD 167437998043
BAD 167502754457
BAD 167502754459
BAD 167438209321
BAD 167417754643
BAD 167516944459
BAD 167502952823
BAD 167502952831
BAD 167417827013
BAD 167417827019
BAD 167417883847
BAD 167493539519
BAD 167517073133
BAD 167471681471
BAD 167345384981
BAD 167350522609
BAD 167417883859
BAD 167471681483
BAD 167503367209
BAD 167449527991
BAD 167449527997
BAD 167449528039
BAD 167493695077
BAD 167418091627
BAD 167449956743
BAD 167449956749
BAD 167449956757
BAD 167449968043
BAD 167351015641
BAD 167418286513
BAD 167418346819
BAD 167398848983
BAD 167450373319
BAD 167450373323
BAD 167351374937
BAD 167450431861
BAD 167450431879
BAD 167351460473
BAD 167351460491
BAD 167399019583
BAD 167504277701
BAD 167533216693
BAD 167519292233
BAD 167451429967
BAD 167399144933
BAD 167504277713
BAD 167494282877
BAD 167351976073
BAD 167472955921
BAD 167347491097
BAD 167439884603
BAD 167351976091
BAD 167347491109
BAD 167533243799
BAD 167352111769
BAD 167399398171
BAD 167399398253
BAD 167347777417
BAD 167533406659
BAD 167473284137
BAD 167504530673
BAD 167504530681
BAD 167519759419
BAD 167473410919
BAD 167494602533
BAD 167494602551
BAD 167494602553
BAD 167494602557
BAD 167494602559
BAD 167494602563
BAD 167473700743
BAD 167495759779
BAD 167505248387
BAD 167452158661
BAD 167440481911
BAD 167520603683
BAD 167399577089
BAD 167348415281
BAD 167473700923
BAD 167505248389
BAD 167353681853
BAD 167473700929
BAD 167399577091
BAD 167399577097
BAD 167399577113
BAD 167418523343
BAD 167418583417
BAD 167418583421
BAD 167418583433
BAD 167452385213
BAD 167495992459
BAD 167473882913
BAD 167533779481
BAD 167521049963
BAD 167452574057
BAD 167452574059
BAD 167521150451
BAD 167521150453
BAD 167521150477
BAD 167452782907
BAD 167441073407
BAD 167354448803
BAD 167497496407
BAD 167419766221
BAD 167453587883
BAD 167474293549
BAD 167505744463
BAD 167401170491
BAD 167354448829
BAD 167534154679
BAD 167401170493
BAD 167521388413
BAD 167521460003
BAD 167521460153
BAD 167505866543
BAD 167505866551
BAD 167474379889
BAD 167474379899
BAD 167419940087
BAD 167419940089
BAD 167521546501
BAD 167521635913
BAD 167453899219
BAD 167401470043
BAD 167534538053
BAD 167534555291
BAD 167354688187
BAD 167497987463
BAD 167534758981
BAD 167534758987
BAD 167521993763
BAD 167454340483
BAD 167354809763
BAD 167441712499
BAD 167535036079
BAD 167441712539
BAD 167535036083
BAD 167441712541
BAD 167402115509
BAD 167402115511
BAD 167402115523
BAD 167506538029
BAD 167506538033
BAD 167506538131
BAD 167506538137
BAD 167454493901
BAD 167454493903
BAD 167454552679
BAD 167522284399
BAD 167522336503
BAD 167535465337
BAD 167535465353
BAD 167506769723
BAD 167442143599
BAD 167454882733
BAD 167454882743
BAD 167522501143
BAD 167522501147
BAD 167522501149
BAD 167522501197
BAD 167421192079
BAD 167535693911
BAD 167522600099
BAD 167355143881
BAD 167455354771
BAD 167402665883
BAD 167442605461
BAD 167355143887
BAD 167507229103
BAD 167522600101
BAD 167421192083
BAD 167499339113
BAD 167499339127
BAD 167499339131
BAD 167499339143
BAD 167499339157
BAD 167535716009
BAD 167535716011
BAD 167535716017
BAD 167522701531
BAD 167455491253
BAD 167475318091
BAD 167535859373
BAD 167475318097
BAD 167475318103
BAD 167475318119
BAD 167475318121
BAD 167507362769
BAD 167421411449
BAD 167421411473
BAD 167475619327
BAD 167455960073
BAD 167355620269
BAD 167508305059
BAD 167523335053
BAD 167455960129
BAD 167536579423
BAD 167443787947
BAD 167403545369
BAD 167536579429
BAD 167443787957
BAD 167403545371
BAD 167455986199
BAD 167455986209
BAD 167455998713
BAD 167536674421
BAD 167536674427
BAD 167536674457
BAD 167421731447
BAD 167355754897
BAD 167355754901
BAD 167456085799
BAD 167456085803
BAD 167456085827
BAD 167355977717
BAD 167355977729
BAD 167355977731
BAD 167355977749
BAD 167523800513
BAD 167444231239
BAD 167403863831
BAD 167356400623
BAD 167422325269
BAD 167456320613
BAD 167356400719
BAD 167508982559
BAD 167523851119
BAD 167403863833
BAD 167444325599
BAD 167403863843
BAD 167422325281
BAD 167422325293
BAD 167422325311
BAD 167356405553
BAD 167356425059
BAD 167456331319
BAD 167456331323
BAD 167456331353
BAD 167444416199
BAD 167444416201
BAD 167444418811
BAD 167356558129
BAD 167356558133
BAD 167476754723
BAD 167476754737
BAD 167476754743
BAD 167538053231
BAD 167509109899
BAD 167509109903
BAD 167524272919
BAD 167524272931
BAD 167476975279
BAD 167356833929
BAD 167476975291
BAD 167404239599
BAD 167404239601
BAD 167444723521
BAD 167444723603
BAD 167404451813
BAD 167445053827
BAD 167538742253
BAD 167477410609
BAD 167357436307
BAD 167445297473
BAD 167525042731
BAD 167405002231
BAD 167405002279
BAD 167405002283
BAD 167405192897
BAD 167539160029
BAD 167525347783
BAD 167525347789
BAD 167525347793
BAD 167405284381
BAD 167405284391
BAD 167405284393
BAD 167405284399
BAD 167405284411
BAD 167510430349
BAD 167358136349
BAD 167358136357
BAD 167525828513
BAD 167457558031
BAD 167510719553
BAD 167539786021
BAD 167423435581
BAD 167358652009
BAD 167405964263
BAD 167457597977
BAD 167539910191
BAD 167539946837
BAD 167457718873
BAD 167446358021
BAD 167446358041
BAD 167457836281
BAD 167540066723
BAD 167540066741
BAD 167540087683
BAD 167526224507
BAD 167446595593
BAD 167446715393
BAD 167458245503
BAD 167458245517
BAD 167458384039
BAD 167446948489
BAD 167446948499
BAD 167511470851
BAD 167458674671
BAD 167359441063
BAD 167424313339
BAD 167447327659
BAD 167447327717
BAD 167424463421
BAD 167478052151
BAD 167540982709
BAD 167360003357
BAD 167424463429
BAD 167478052153
BAD 167407041181
BAD 167459133053
BAD 167424463441
BAD 167360003359
BAD 167459133073
BAD 167360022443
BAD 167447365369
BAD 167447365373
BAD 167360033723
BAD 167478132463
BAD 167360093779
BAD 167360093833
BAD 167360093839
BAD 167360093843
BAD 167511879497
BAD 167511928853
BAD 167541388633
BAD 167478517771
BAD 167541450721
BAD 167541450731
BAD 167459695289
BAD 167459788183
BAD 167407572751
BAD 167512263739
BAD 167360624671
BAD 167425144241
BAD 167512263757
BAD 167407589197
BAD 167460090047
BAD 167512263791
BAD 167542572853
BAD 167512263799
BAD 167448010699
BAD 167460090053
BAD 167425144253
BAD 167542572877
BAD 167425144259
BAD 167425144261
BAD 167425144267
BAD 167448010703
BAD 167425205249
BAD 167425205251
BAD 167425205267
BAD 167479014173
BAD 167460318631
BAD 167460363529
BAD 167360810369
BAD 167360810371
BAD 167407899811
BAD 167408010199
BAD 167460638537
BAD 167460638539
BAD 167460638551
BAD 167460669223
BAD 167361039179
BAD 167512899751
BAD 167408320153
BAD 167448466411
BAD 167408320193
BAD 167448473123
BAD 167461010419
BAD 167479973729
BAD 167480099287
BAD 167480099533
BAD 167480099543
BAD 167480264813
BAD 167427150323
BAD 167427157883
BAD 167449026193
BAD 167526806047
BAD 167480529131
BAD 167480529133
BAD 167427493379
BAD 167427493381
BAD 167526850879
BAD 167427632269
BAD 167513352187
BAD 167513352203
BAD 167513352247
BAD 167480826743
BAD 167362056137
BAD 167362056139
BAD 167362056143
BAD 167544741293
BAD 167462343977
BAD 167481353761
BAD 167527357663
BAD 167427996037
BAD 167409754717
BAD 167513498947
BAD 167462344073
BAD 167462344087
BAD 167363158673
BAD 167363190781
BAD 167363190793
BAD 167409892423
BAD 167428273193
BAD 167410232203
BAD 167545038659
BAD 167363546033
BAD 167462867617
BAD 167462901563
BAD 167410301197
BAD 167410301213
BAD 167462967083
BAD 167513954521
BAD 167545278311
BAD 167428548271
BAD 167428569397
BAD 167428569401
BAD 167428569403
BAD 167545373777
BAD 167545373783
BAD 167364150881
BAD 167428924463
BAD 167528266681
BAD 167411030431
BAD 167545408643
BAD 167364199853
BAD 167364294749
BAD 167364294751
BAD 167528446973
BAD 167528446979
BAD 167429249677
BAD 167411243833
BAD 167411243837
BAD 167528582281
BAD 167464003181
BAD 167464003183
BAD 167514549157
BAD 167481876713
BAD 167411396843
BAD 167411396849
BAD 167411396851
BAD 167464106779
BAD 167411560123
BAD 167411560163
BAD 167429746951
BAD 167364503899
BAD 167464586881
BAD 167429979257
BAD 167364742099
BAD 167364750911
BAD 167364750913
BAD 167430961849
BAD 167412497851
BAD 167514814637
BAD 167529195277
BAD 167546166583
BAD 167412497873
BAD 167465115913
BAD 167546166587
BAD 167364750937
BAD 167546166589
BAD 167465134909
BAD 167529277723
BAD 167364869569
BAD 167364869579
BAD 167514955831
BAD 167514955847
BAD 167514955849
BAD 167412761953
BAD 167482548083
BAD 167465661091
BAD 167465713531
BAD 167530001959
BAD 167530172599
BAD 167530172617
BAD 167546948903
BAD 167546948917
BAD 167431772329
BAD 167530453171
BAD 167530453183
BAD 167530453313
BAD 167547204289
BAD 167413898959
BAD 167547204299
BAD 167547204301
BAD 167431999783
BAD 167432112823
BAD 167432122141
BAD 167530643593
BAD 167530673593
BAD 167530673621
BAD 167530673623
BAD 167530864693
BAD 167547788123
BAD 167516090899
BAD 167531337697
BAD 167531459177
BAD 167531472973
BAD 167531548957
BAD 167531548963
BAD 167531548967
BAD 167531548969
BAD 167548661719
BAD 167415508291
BAD 167531719429
BAD 167549058857
BAD 167549173723
BAD 167549193751
BAD 167549487841
BAD 167549506939
BAD 167549616977
BAD 167549616979
BAD 167532846079
BAD 167568072593
BAD 167569855207
BAD 167569855213
BAD 167569855223
BAD 167618252167
BAD 167618252423
BAD 167618457553
BAD 167618556739
BAD 167618660683
BAD 167619109663
BAD 167619247429
BAD 167570458127
BAD 167570458129
BAD 167619598093
BAD 167570899253
BAD 167620008011
BAD 167620008013
BAD 167571082537
BAD 167620339333
BAD 167571411961
BAD 167571411967
BAD 167571411971
BAD 167620496969
BAD 167620496971
BAD 167571549923
BAD 167571896761
BAD 167571896773
BAD 167571896777
BAD 167572175437
BAD 167621796743
BAD 167621796757
BAD 167621801663
BAD 167621821021
BAD 167621941309
BAD 167621941313
BAD 167572516483
BAD 167622552289
BAD 167622552323
BAD 167573172469
BAD 167573407349
BAD 167623451717
BAD 167623451719
BAD 167573427523
BAD 167624099459
BAD 167624531677
BAD 167624571337
BAD 167624846419
BAD 167574676639
BAD 167574676649
BAD 167574676651
BAD 167624870983
BAD 167625784229
BAD 167625784231
BAD 167625784247
BAD 167576878099
BAD 167629543451
BAD 167629543463
BAD 167629543489
BAD 167629543493
BAD 167630179477
BAD 167630583319
BAD 167631422513
BAD 167583621019
BAD 167632137301
BAD 167632224841
BAD 167583790337
BAD 167632413679
BAD 167632413691
BAD 167632413701
BAD 167632677827
BAD 167632677829
BAD 167632677833
BAD 167632677871
BAD 167633337803
BAD 167633337811
BAD 167633388631
BAD 167584834603
BAD 167584834609
BAD 167577166753
BAD 167577742729
BAD 167577742733
BAD 167577859483
BAD 167577859597
BAD 167578030793
BAD 167578030831
BAD 167578122143
BAD 167578194283
BAD 167585659237
BAD 167578826267
BAD 167586232061
BAD 167586232063
BAD 167586232069
BAD 167579097107
BAD 167579097109
BAD 167579097113
BAD 167586772393
BAD 167587541189
BAD 167580014431
BAD 167580014443
BAD 167580014447
BAD 167580014449
BAD 167581153609
BAD 167581153613
BAD 167588123719
BAD 167588123723
BAD 167550348379
BAD 167588335561
BAD 167588465489
BAD 167588465491
BAD 167588465497
BAD 167588465501
BAD 167588465503
BAD 167588465521
BAD 167600085053
BAD 167600086799
BAD 167588785711
BAD 167600234119
BAD 167600456843
BAD 167581870033
BAD 167581870039
BAD 167589786887
BAD 167589786893
BAD 167582070121
BAD 167551822561
BAD 167582624063
BAD 167590663021
BAD 167590663073
BAD 167590705057
BAD 167600932013
BAD 167600932021
BAD 167600932027
BAD 167583179149
BAD 167552692379
BAD 167552692381
BAD 167591069389
BAD 167601382079
BAD 167553017231
BAD 167601552961
BAD 167601552967
BAD 167601713879
BAD 167591862589
BAD 167553759647
BAD 167592321199
BAD 167592321209
BAD 167592321217
BAD 167592321223
BAD 167602238273
BAD 167602249987
BAD 167554102021
BAD 167602683277
BAD 167592554629
BAD 167554120403
BAD 167592616511
BAD 167554306483
BAD 167554306487
BAD 167554306489
BAD 167554306501
BAD 167603156761
BAD 167554542019
BAD 167603301059
BAD 167593068397
BAD 167603873123
BAD 167604081553
BAD 167593632551
BAD 167555728633
BAD 167593887793
BAD 167593887817
BAD 167593887821
BAD 167593887823
BAD 167593887827
BAD 167593887829
BAD 167593887833
BAD 167604869189
BAD 167604869191
BAD 167605268063
BAD 167605268069
BAD 167605268071
BAD 167556496501
BAD 167605436773
BAD 167557796401
BAD 167594678899
BAD 167594678903
BAD 167557801693
BAD 167557801703
BAD 167557918147
BAD 167606209501
BAD 167558097871
BAD 167558106743
BAD 167558161867
BAD 167558191189
BAD 167606623643
BAD 167606623673
BAD 167558517563
BAD 167596021493
BAD 167596021499
BAD 167596021501
BAD 167559033703
BAD 167559033713
BAD 167596491743
BAD 167607230029
BAD 167607631249
BAD 167607631253
BAD 167597117861
BAD 167597133133
BAD 167560004503
BAD 167597418103
BAD 167560294637
BAD 167560294639
BAD 167597679181
BAD 167608434053
BAD 167608536223
BAD 167608536229
BAD 167597828089
BAD 167560670203
BAD 167560670209
BAD 167560670219
BAD 167560744787
BAD 167560744789
BAD 167608624237
BAD 167561177269
BAD 167609104459
BAD 167609104463
BAD 167598490399
BAD 167598490403
BAD 167609198551
BAD 167598750829
BAD 167561443741
BAD 167598896687
BAD 167598994429
BAD 167561760923
BAD 167599115953
BAD 167609382079
BAD 167599498699
BAD 167599814443
BAD 167610008873
BAD 167599937437
BAD 167610322571
BAD 167610322573
BAD 167610322577
BAD 167562654901
BAD 167562654913
BAD 167610439681
BAD 167610916799
BAD 167610916801
BAD 167563345823
BAD 167611111321
BAD 167611111337
BAD 167563410593
BAD 167563502023
BAD 167563502027
BAD 167563502033
BAD 167563537027
BAD 167611626841
BAD 167611996429
BAD 167611996441
BAD 167564681941
BAD 167564821057
BAD 167564821063
BAD 167564837963
BAD 167564837987
BAD 167564837989
BAD 167633715737
BAD 167633715763
BAD 167634067099
BAD 167613008713
BAD 167565506371
BAD 167634349231
BAD 167634349237
BAD 167634349247
BAD 167634349249
BAD 167634349261
BAD 167634360757
BAD 167613114143
BAD 167613185983
BAD 167565971743
BAD 167613510541
BAD 167613563113
BAD 167613619183
BAD 167613725603
BAD 167635063523
BAD 167566379069
BAD 167635126943
BAD 167635126969
BAD 167635126973
BAD 167635126993
BAD 167635127003
BAD 167635127029
BAD 167635127039
BAD 167613904253
BAD 167614343989
BAD 167614343993
BAD 167614823251
BAD 167637010091
BAD 167637512747
BAD 167637547229
BAD 167616345173
BAD 167616385973
BAD 167616472433
BAD 167638360639
BAD 167638862233
BAD 167638862239
BAD 167638862243
BAD 167639144083
BAD 167639480599
BAD 167640568273
BAD 167641473823
BAD 167641473827
BAD 167641523747
BAD 167641563113
BAD 167641691149
BAD 167641691153
BAD 167642402597
BAD 167642406223
BAD 167642772463
BAD 167642861741
BAD 167643597713
BAD 167643937697
BAD 167644016153
BAD 167644732193
BAD 167645042353
BAD 167645285779
BAD 167645285789
BAD 167645285791
BAD 167645285803
BAD 167645436617
BAD 167645436619
BAD 167645436631
BAD 167645887051
BAD 167646126133
BAD 167646369029
BAD 167646369031
BAD 167646545953
BAD 167647643027
BAD 167647643047
BAD 167648066959
BAD 167648527621
BAD 167649357461
BAD 167649618529
BAD 167649618533
BAD 167649618589
BAD 167649618593
BAD 167649618613
BAD 167650028899
BAD 167650028911
BAD 167650292671
BAD 167650408469
BAD 167650569739
BAD 167651510779
BAD 167667757099
BAD 167651704211
BAD 167668314329
BAD 167668556833
BAD 167668556837
BAD 167669140909
BAD 167669332643
BAD 167669332669
BAD 167669333033
BAD 167669372933
BAD 167669372939
BAD 167669372953
BAD 167684000423
BAD 167669594929
BAD 167670640937
BAD 167670640939
BAD 167685412463
BAD 167670850219
BAD 167670850223
BAD 167670850231
BAD 167685534469
BAD 167685707353
BAD 167685833897
BAD 167685833899
BAD 167671257121
BAD 167671274861
BAD 167671274863
BAD 167671567853
BAD 167671567867
BAD 167671567871
BAD 167686484363
BAD 167671759369
BAD 167672026523
BAD 167672387227
BAD 167687188349
BAD 167687188351
BAD 167652829727
BAD 167652829733
BAD 167653330597
BAD 167653330619
BAD 167653415929
BAD 167653477399
BAD 167688406673
BAD 167688406681
BAD 167653813433
BAD 167654216857
BAD 167654216861
BAD 167654303717
BAD 167654396311
BAD 167654918617
BAD 167654918621
BAD 167654918623
BAD 167689775303
BAD 167689887931
BAD 167654966503
BAD 167690086783
BAD 167690176039
BAD 167690244541
BAD 167690346683
BAD 167690346689
BAD 167655515663
BAD 167655515689
BAD 167655515693
BAD 167655811949
BAD 167655811951
BAD 167691034051
BAD 167656149679
BAD 167692026767
BAD 167692026769
BAD 167672460259
BAD 167672598349
BAD 167672598361
BAD 167692570207
BAD 167692702873
BAD 167673144983
BAD 167692967153
BAD 167700791903
BAD 167700999511
BAD 167673650611
BAD 167673650633
BAD 167673650647
BAD 167701089841
BAD 167693585251
BAD 167674025941
BAD 167694019351
BAD 167674429001
BAD 167674429003
BAD 167674429007
BAD 167674429009
BAD 167694262733
BAD 167701625419
BAD 167701625423
BAD 167674601453
BAD 167694461287
BAD 167694461293
BAD 167694461303
BAD 167674913647
BAD 167694760801
BAD 167702144513
BAD 167675265649
BAD 167695066333
BAD 167702402663
BAD 167676930793
BAD 167717754181
BAD 167657313277
BAD 167676930803
BAD 167717910827
BAD 167718687449
BAD 167718687473
BAD 167718719353
BAD 167677563439
BAD 167703049543
BAD 167718870233
BAD 167703220147
BAD 167703232927
BAD 167658097603
BAD 167703478843
BAD 167658308053
BAD 167678022781
BAD 167719448471
BAD 167719448473
BAD 167719448483
BAD 167703710929
BAD 167658533561
BAD 167719745539
BAD 167719787327
BAD 167719787329
BAD 167719828261
BAD 167678428501
BAD 167704062623
BAD 167704062629
BAD 167704062653
BAD 167695366529
BAD 167720209343
BAD 167704062661
BAD 167704062667
BAD 167660531917
BAD 167660531921
BAD 167660531923
BAD 167720513069
BAD 167720513071
BAD 167704217257
BAD 167720581519
BAD 167720899219
BAD 167720899223
BAD 167720903641
BAD 167704606187
BAD 167721414953
BAD 167721414961
BAD 167661103283
BAD 167705207011
BAD 167721567031
BAD 167722284349
BAD 167696232043
BAD 167696232047
BAD 167696232049
BAD 167696246929
BAD 167705982683
BAD 167696564179
BAD 167706262439
BAD 167706262441
BAD 167706519581
BAD 167706585953
BAD 167697091103
BAD 167722534417
BAD 167662268243
BAD 167706806389
BAD 167662415513
BAD 167662457801
BAD 167706905497
BAD 167706905537
BAD 167706905539
BAD 167706981751
BAD 167707332467
BAD 167663323523
BAD 167663471011
BAD 167663947603
BAD 167663947613
BAD 167663988799
BAD 167697758671
BAD 167698011661
BAD 167698011667
BAD 167723848363
BAD 167723848367
BAD 167723848381
BAD 167723848387
BAD 167664424321
BAD 167724037847
BAD 167724037849
BAD 167724037853
BAD 167708569849
BAD 167664542729
BAD 167708786701
BAD 167698671901
BAD 167664653483
BAD 167724277807
BAD 167724277817
BAD 167698759661
BAD 167698759663
BAD 167698868069
BAD 167699035853
BAD 167699035859
BAD 167699102339
BAD 167699102341
BAD 167699293103
BAD 167699293109
BAD 167664965371
BAD 167724847579
BAD 167724847603
BAD 167724847643
BAD 167665208063
BAD 167665208077
BAD 167699782759
BAD 167699782763
BAD 167699784677
BAD 167665529149
BAD 167665529153
BAD 167710059511
BAD 167665855543
BAD 167665855571
BAD 167665855573
BAD 167726195893
BAD 167665921309
BAD 167727445519
BAD 167700357967
BAD 167700357971
BAD 167700433261
BAD 167700433357
BAD 167727619699
BAD 167710664663
BAD 167727876193
BAD 167727947183
BAD 167666156407
BAD 167666156419
BAD 167666156423
BAD 167666156443
BAD 167666156453
BAD 167728156249
BAD 167728252759
BAD 167666325163
BAD 167751214513
BAD 167728411919
BAD 167728411931
BAD 167728411933
BAD 167728525121
BAD 167728525123
BAD 167711443201
BAD 167728792223
BAD 167728792303
BAD 167711526173
BAD 167728871833
BAD 167751501703
BAD 167666840641
BAD 167729247319
BAD 167729247331
BAD 167729252479
BAD 167729252503
BAD 167729252507
BAD 167729374537
BAD 167667077917
BAD 167667157249
BAD 167667157253
BAD 167712091303
BAD 167678617289
BAD 167678649709
BAD 167730080159
BAD 167712447113
BAD 167752414043
BAD 167752475213
BAD 167730599819
BAD 167730599821
BAD 167679073633
BAD 167730709343
BAD 167679228427
BAD 167679228433
BAD 167752761773
BAD 167679368357
BAD 167679368359
BAD 167679368371
BAD 167712883633
BAD 167731381933
BAD 167679883433
BAD 167679883447
BAD 167713684459
BAD 167679883471
BAD 167732895403
BAD 167732895469
BAD 167732928983
BAD 167713787599
BAD 167713787603
BAD 167713870283
BAD 167680160899
BAD 167680160903
BAD 167714116181
BAD 167714116189
BAD 167680856689
BAD 167753414809
BAD 167753476321
BAD 167753476337
BAD 167753476351
BAD 167753702947
BAD 167753852807
BAD 167715274801
BAD 167715274807
BAD 167754368083
BAD 167681772889
BAD 167754582703
BAD 167754604613
BAD 167715870337
BAD 167716051319
BAD 167716051333
BAD 167716051337
BAD 167716051339
BAD 167755051879
BAD 167755228763
BAD 167717348101
BAD 167717348111
BAD 167683665529
BAD 167683961707
BAD 167755839767
BAD 167755886203
BAD 167755886213
BAD 167757066493
BAD 167757137203
BAD 167757937637
BAD 167757937639
BAD 167758080109
BAD 167758508563
BAD 167758508569
BAD 167758785653
BAD 167759338829
BAD 167759978933
BAD 167760376759
BAD 167760471113
BAD 167760808627
BAD 167760808639
BAD 167760808643
BAD 167761208779
BAD 167761644889
BAD 167761714741
BAD 167761714753
BAD 167762208673
BAD 167762523853
BAD 167762523857
BAD 167762811001
BAD 167763422347
BAD 167763504949
BAD 167763577913
BAD 167763577921
BAD 167764014589
BAD 167764112969
BAD 167764115329
BAD 167764313573
BAD 167764313617
BAD 167764924897
BAD 167736935851
BAD 167737015363
BAD 167765600803
BAD 167766167747
BAD 167766367367
BAD 167766367369
BAD 167737559393
BAD 167767612027
BAD 167767612031
BAD 167738603423
BAD 167738603429
BAD 167738603447
BAD 167740078873
BAD 167740193107
BAD 167741062553
BAD 167741107493
BAD 167741581547
BAD 167741581549
BAD 167741622833
BAD 167741635643
BAD 167741841079
BAD 167741892949
BAD 167741892953
BAD 167741910619
BAD 167742260251
BAD 167742572749
BAD 167742659353
BAD 167742659363
BAD 167743025183
BAD 167743443323
BAD 167744147611
BAD 167744688493
BAD 167744688497
BAD 167885917819
BAD 167886289643
BAD 167886289657
BAD 167886289661
BAD 167886289663
BAD 167886433669
BAD 167887200709
BAD 167747326237
BAD 167747619293
BAD 167747681483
BAD 167747832997
BAD 167747893171
BAD 167747985283
BAD 167748466999
BAD 167748703921
BAD 167748887821
BAD 167748887843
BAD 167748946723
BAD 167749415423
BAD 167749502161
BAD 167749936531
BAD 167749936537
BAD 167750160541
BAD 167750160547
BAD 167818206229
BAD 167750320369
BAD 167750320373
BAD 167750320379
BAD 167750337031
BAD 167750337037
BAD 167818415491
BAD 167818444609
BAD 167818444613
BAD 167750910521
BAD 167889218423
BAD 167889218437
BAD 167889218449
BAD 167889862193
BAD 167819835181
BAD 167890106023
BAD 167890310773
BAD 167768122079
BAD 167820637477
BAD 167820637483
BAD 167768604967
BAD 167891044999
BAD 167769088381
BAD 167769340523
BAD 167769631441
BAD 167769633979
BAD 167769633989
BAD 167769633991
BAD 167891413633
BAD 167769658607
BAD 167891625301
BAD 167770222757
BAD 167770222759
BAD 167770222769
BAD 167770222771
BAD 167770544261
BAD 167820820549
BAD 167820820553
BAD 167771753659
BAD 167893309117
BAD 167893309127
BAD 167821628171
BAD 167821628173
BAD 167893654087
BAD 167772291019
BAD 167822044787
BAD 167894032477
BAD 167894032483
BAD 167773129313
BAD 167773129327
BAD 167773318487
BAD 167895316297
BAD 167773827863
BAD 167823756631
BAD 167823756673
BAD 167774083069
BAD 167774912209
BAD 167774912213
BAD 167896010753
BAD 167896054583
BAD 167896054597
BAD 167775485263
BAD 167775582277
BAD 167824853429
BAD 167824853431
BAD 167785774843
BAD 167776144709
BAD 167825069987
BAD 167825069989
BAD 167786025709
BAD 167786025713
BAD 167776399897
BAD 167776400101
BAD 167776400107
BAD 167776400111
BAD 167776437011
BAD 167776437013
BAD 167776437019
BAD 167776523459
BAD 167786251219
BAD 167897295931
BAD 167825452651
BAD 167897424601
BAD 167776942913
BAD 167825461421
BAD 167825461423
BAD 167825461429
BAD 167825605639
BAD 167777296517
BAD 167777296523
BAD 167777296537
BAD 167897902903
BAD 167897902919
BAD 167898082909
BAD 167787287257
BAD 167787287273
BAD 167826076997
BAD 167898464443
BAD 167898464449
BAD 167898512783
BAD 167801482507
BAD 167801489839
BAD 167787744577
BAD 167787749473
BAD 167778843181
BAD 167778930383
BAD 167778930401
BAD 167801904601
BAD 167802174653
BAD 167788072889
BAD 167788072891
BAD 167802223321
BAD 167827018253
BAD 167779975921
BAD 167788569341
BAD 167779975927
BAD 167788569343
BAD 167788569349
BAD 167788569353
BAD 167788569359
BAD 167779980469
BAD 167802351007
BAD 167802456949
BAD 167802456953
BAD 167802456979
BAD 167780323603
BAD 167780323609
BAD 167802644333
BAD 167780576981
BAD 167827476853
BAD 167827564013
BAD 167827564837
BAD 167827564841
BAD 167780897521
BAD 167827690469
BAD 167827690483
BAD 167781303427
BAD 167827904423
BAD 167789463773
BAD 167803110061
BAD 167803110071
BAD 167803110073
BAD 167828012903
BAD 167790320549
BAD 167781980413
BAD 167782087747
BAD 167782087751
BAD 167790568501
BAD 167790682531
BAD 167790682537
BAD 167790708433
BAD 167790880021
BAD 167828360983
BAD 167791042007
BAD 167828462173
BAD 167828678041
BAD 167828678063
BAD 167791662383
BAD 167791787161
BAD 167803974953
BAD 167803974959
BAD 167782976521
BAD 167782976527
BAD 167782976531
BAD 167792300359
BAD 167792300363
BAD 167792407969
BAD 167792408437
BAD 167783283067
BAD 167783296763
BAD 167783296831
BAD 167783334923
BAD 167899108519
BAD 167793006151
BAD 167783334949
BAD 167829676747
BAD 167793150361
BAD 167971036327
BAD 167783528459
BAD 167971558933
BAD 167784395041
BAD 167830332037
BAD 167784500567
BAD 167784505673
BAD 167804894513
BAD 167794614523
BAD 167794614541
BAD 167830538053
BAD 167794774253
BAD 167805299873
BAD 167805384323
BAD 167805580051
BAD 167795284693
BAD 167795284697
BAD 167805741391
BAD 167831003597
BAD 167972431069
BAD 167900396693
BAD 167900396701
BAD 167831139871
BAD 167806344151
BAD 167831533073
BAD 167901344333
BAD 167806799627
BAD 167796167437
BAD 167868936953
BAD 167796167449
BAD 167796167453
BAD 167796220433
BAD 167796220439
BAD 167796220441
BAD 167796220447
BAD 167831628953
BAD 167831628959
BAD 167831628961
BAD 167831628983
BAD 167806922761
BAD 167901662167
BAD 167831712343
BAD 167869287923
BAD 167831825807
BAD 167831825809
BAD 167831825813
BAD 167902005283
BAD 167973055531
BAD 167973055543
BAD 167832043081
BAD 167832043087
BAD 167869784581
BAD 167797014887
BAD 167797014893
BAD 167797014943
BAD 167869988441
BAD 167973474593
BAD 167869988443
BAD 167973474601
BAD 167807752633
BAD 167807853823
BAD 167832397367
BAD 167807853827
BAD 167832397373
BAD 167973612679
BAD 167807916481
BAD 167832468187
BAD 167870279123
BAD 167870288659
BAD 167870435609
BAD 167974158769
BAD 167832790759
BAD 167832892639
BAD 167974503343
BAD 167974503349
BAD 167974525031
BAD 167974525039
BAD 167833091693
BAD 167797713901
BAD 167808617087
BAD 167808617089
BAD 167797905469
BAD 167797905503
BAD 167797905511
BAD 167797905619
BAD 167870853847
BAD 167974788649
BAD 167808728179
BAD 167851810507
BAD 167808728183
BAD 167851870859
BAD 167851870861
BAD 167808789877
BAD 167808789881
BAD 167975069797
BAD 167975069849
BAD 167975069851
BAD 167833652747
BAD 167833652759
BAD 167833652761
BAD 167809252001
BAD 167809252003
BAD 167852441077
BAD 167975218291
BAD 167852607653
BAD 167852638381
BAD 167975576299
BAD 167835765113
BAD 167809692431
BAD 167809692433
BAD 167809692437
BAD 167809692439
BAD 167835807577
BAD 167853150301
BAD 167853150307
BAD 167975801971
BAD 167810061967
BAD 167836034393
BAD 167871998989
BAD 167853258511
BAD 167798039683
BAD 167871999037
BAD 167810139257
BAD 167975943791
BAD 167975943833
BAD 167975943847
BAD 167975943851
BAD 167834863403
BAD 167834863409
BAD 167872101589
BAD 167853403477
BAD 167872101601
BAD 167853403499
BAD 167853403507
BAD 167798230813
BAD 167798230823
BAD 167836321231
BAD 167853659903
BAD 167853706441
BAD 167810309813
BAD 167810309873
BAD 167810309879
BAD 167810309881
BAD 167798535703
BAD 167836553551
BAD 167836553567
BAD 167976533281
BAD 167873111587
BAD 167853999073
BAD 167836553569
BAD 167836553579
BAD 167836553581
BAD 167836553587
BAD 167836553611
BAD 167810399041
BAD 167810399047
BAD 167976798529
BAD 167976798553
BAD 167976798557
BAD 167976798559
BAD 167976929191
BAD 167977023173
BAD 167854555601
BAD 167799013583
BAD 167855100929
BAD 167811267353
BAD 167873810651
BAD 167873810653
BAD 167837576371
BAD 167811570769
BAD 167811617263
BAD 167855629663
BAD 167811710813
BAD 167811710821
BAD 167811710827
BAD 167811710839
BAD 168036652339
BAD 167838605797
BAD 167856583201
BAD 167874129613
BAD 167978197757
BAD 167978197759
BAD 167838703789
BAD 167811935029
BAD 167874409951
BAD 167839090057
BAD 167839178599
BAD 167874659699
BAD 167874659707
BAD 168037270493
BAD 168037290227
BAD 168037290229
BAD 167874856493
BAD 167874856507
BAD 168037420301
BAD 168037420303
BAD 168037420351
BAD 167979191449
BAD 167839393103
BAD 167812120277
BAD 168037839001
BAD 168037840813
BAD 167979486683
BAD 167812188031
BAD 167875368391
BAD 167812223801
BAD 167858286779
BAD 167980193363
BAD 167919058429
BAD 167858286781
BAD 168038252623
BAD 167858286793
BAD 167858286797
BAD 167858286803
BAD 167875477457
BAD 167919074483
BAD 167875550351
BAD 167875656259
BAD 168038515261
BAD 167875749427
BAD 167875883401
BAD 167875883407
BAD 167812737373
BAD 167919726113
BAD 167919726119
BAD 167919946141
BAD 168039577583
BAD 168039577591
BAD 167813288611
BAD 167981255551
BAD 167981255557
BAD 168039695071
BAD 167920211623
BAD 167920211629
BAD 168039743429
BAD 168039743483
BAD 167859491231
BAD 167876426143
BAD 167876426153
BAD 167876443853
BAD 167981730929
BAD 167981730953
BAD 167981730977
BAD 167981730979
BAD 167876600131
BAD 167876600137
BAD 167813798959
BAD 167876757889
BAD 167981896933
BAD 167813885773
BAD 167813885777
BAD 167813885779
BAD 167813885783
BAD 167876907427
BAD 167839836049
BAD 167982370547
BAD 167877310663
BAD 168040467323
BAD 167877660487
BAD 167982839611
BAD 167859827089
BAD 168040660981
BAD 167859924629
BAD 167878044143
BAD 167983077617
BAD 167878089667
BAD 167983897853
BAD 167878089683
BAD 167799720383
BAD 167815448467
BAD 167878089697
BAD 168041088211
BAD 167815448477
BAD 167902400443
BAD 167815448483
BAD 167902550341
BAD 167799921137
BAD 167799921139
BAD 167921103403
BAD 167902855039
BAD 167861472601
BAD 167921484151
BAD 167902974157
BAD 167902974167
BAD 167902974181
BAD 167902974191
BAD 167902974193
BAD 167878676891
BAD 167878676899
BAD 167878702193
BAD 167861641231
BAD 167984752009
BAD 167984752027
BAD 167984752031
BAD 167861694953
BAD 167800680667
BAD 167903276789
BAD 167984864039
BAD 167862081571
BAD 167922069571
BAD 167903276791
BAD 167800680679
BAD 167800680683
BAD 167840458039
BAD 167840458043
BAD 167862191269
BAD 167862191377
BAD 167862217951
BAD 167878865449
BAD 167922337243
BAD 167862402769
BAD 167840796637
BAD 167985172681
BAD 167985172687
BAD 167922654197
BAD 168041867537
BAD 167840981551
BAD 167841054637
BAD 167879575013
BAD 167879575051
BAD 167816271299
BAD 167923106783
BAD 167816304647
BAD 168042295747
BAD 168042361793
BAD 168042361801
BAD 167863344379
BAD 167985861229
BAD 167985861269
BAD 167985861271
BAD 167816612371
BAD 167903879839
BAD 167816658301
BAD 167985936851
BAD 167863653259
BAD 167863653263
BAD 167842164797
BAD 167842164799
BAD 167842164901
BAD 168042628241
BAD 168042658969
BAD 168042721283
BAD 168042721289
BAD 168042721291
BAD 167904354493
BAD 167923990433
BAD 167904370987
BAD 167817080467
BAD 167842681733
BAD 167842681739
BAD 168043022369
BAD 167924336969
BAD 167924336971
BAD 167904918289
BAD 168043298053
BAD 167905016827
BAD 167905016861
BAD 167881183681
BAD 167924534179
BAD 168043517911
BAD 167843381371
BAD 167817754837
BAD 167924536789
BAD 167881198889
BAD 167817825713
BAD 167864504707
BAD 167864640043
BAD 167905356653
BAD 167843740483
BAD 167843740487
BAD 167843740489
BAD 167881732267
BAD 167881736837
BAD 167843849483
BAD 167924738417
BAD 167924738419
BAD 167864970223
BAD 167865007643
BAD 168044202943
BAD 168044202947
BAD 167905753693
BAD 167905753699
BAD 167905753709
BAD 167905753711
BAD 167882095387
BAD 167882095391
BAD 167882095393
BAD 168044349799
BAD 167906054341
BAD 167865420277
BAD 168044381243
BAD 167925629821
BAD 167882401279
BAD 167882401303
BAD 167865685333
BAD 167882458369
BAD 167865697973
BAD 167865697981
BAD 167925993317
BAD 167882721977
BAD 167882906209
BAD 167845518067
BAD 167926407367
BAD 167906724787
BAD 167906816687
BAD 167906816689
BAD 167906816747
BAD 167845699891
BAD 167906880877
BAD 167906880881
BAD 167845804513
BAD 167845804517
BAD 167845804519
BAD 167926777559
BAD 167926777561
BAD 167883348181
BAD 167845840831
BAD 167883516631
BAD 167926826869
BAD 168045828749
BAD 168045828751
BAD 168045871793
BAD 168045871801
BAD 167883693577
BAD 167866908709
BAD 167883703651
BAD 167846064823
BAD 167846064829
BAD 167866988227
BAD 167866988231
BAD 167883867059
BAD 167907346577
BAD 167867188129
BAD 167867188133
BAD 167846351221
BAD 167907469519
BAD 167907469523
BAD 167907469531
BAD 167907469537
BAD 167867529559
BAD 167867529563
BAD 167907644419
BAD 167907644423
BAD 167927857021
BAD 167927857051
BAD 167884457413
BAD 167884457417
BAD 167846653939
BAD 167884457431
BAD 167884457437
BAD 167884457471
BAD 167884457473
BAD 167846653943
BAD 167846656409
BAD 167867944703
BAD 168046912651
BAD 167884517137
BAD 167928418433
BAD 168047105047
BAD 168047105053
BAD 168047105189
BAD 168047105207
BAD 168047105209
BAD 167846950031
BAD 167868190417
BAD 167928496327
BAD 167928496369
BAD 168047218819
BAD 167847118379
BAD 167847118381
BAD 167908120243
BAD 167928666683
BAD 167847390577
BAD 167847810679
BAD 168048096547
BAD 167847854413
BAD 167936059483
BAD 167847996461
BAD 167929341841
BAD 167936059493
BAD 167936059531
BAD 167909261843
BAD 167909261881
BAD 167909261899
BAD 167909261903
BAD 167929403599
BAD 168048803551
BAD 168048803567
BAD 168048803569
BAD 168048803581
BAD 167848148267
BAD 167848148269
BAD 167952582493
BAD 167848182791
BAD 168049087807
BAD 167936531249
BAD 167936531251
BAD 167936531263
BAD 167929753367
BAD 168049387963
BAD 168049387973
BAD 167952925163
BAD 167929983107
BAD 167929983113
BAD 167929983119
BAD 167929983121
BAD 167930117989
BAD 167848687267
BAD 167953314167
BAD 167937188527
BAD 167930192641
BAD 167937289657
BAD 167937423833
BAD 167930429363
BAD 167930429377
BAD 167910334103
BAD 167953945351
BAD 167937987401
BAD 167937987409
BAD 167849137013
BAD 167930746853
BAD 167849155337
BAD 167849155339
BAD 167849155343
BAD 167930804669
BAD 167938119953
BAD 168050780213
BAD 167910902339
BAD 168050939143
BAD 168050939153
BAD 167938414093
BAD 167938414099
BAD 167938414103
BAD 167938414159
BAD 167954532923
BAD 167954563921
BAD 167954567659
BAD 167931374333
BAD 167938715899
BAD 167954567663
BAD 167849481599
BAD 168051078661
BAD 167849481601
BAD 167911138363
BAD 168051078667
BAD 168051078691
BAD 167938781551
BAD 167931617237
BAD 167931617239
BAD 167931617603
BAD 167931754723
BAD 167931754729
BAD 167931754747
BAD 167931977891
BAD 167931977893
BAD 167931977903
BAD 167955285151
BAD 167932052461
BAD 167939721847
BAD 167932152617
BAD 167939967983
BAD 167939968003
BAD 167939968019
BAD 167939968039
BAD 167940101453
BAD 167955850217
BAD 167955850219
BAD 167940227209
BAD 167932601531
BAD 167940300721
BAD 167912481523
BAD 167955985051
BAD 167955985621
BAD 167850562879
BAD 167850601207
BAD 167850601231
BAD 167850696847
BAD 167912663671
BAD 167912876239
BAD 167933086103
BAD 167941019167
BAD 167941019173
BAD 167851276883
BAD 167941084159
BAD 167957518249
BAD 167957613547
BAD 167957613553
BAD 167957669653
BAD 167941469603
BAD 167933792893
BAD 167933792899
BAD 167933792903
BAD 167933950661
BAD 167958216859
BAD 167941755913
BAD 167958377479
BAD 167934184619
BAD 167941924897
BAD 167914418173
BAD 167914453843
BAD 167914453853
BAD 167914453859
BAD 167958850427
BAD 167942005051
BAD 167934612037
BAD 167934612059
BAD 167942637131
BAD 167942637133
BAD 167942637139
BAD 167942637143
BAD 167942694659
BAD 167915167369
BAD 167942724163
BAD 167959842779
BAD 167959842781
BAD 167942894183
BAD 167942894201
BAD 167942894219
BAD 167960261071
BAD 167915596201
BAD 167943213077
BAD 167935372313
BAD 167935372417
BAD 167935585429
BAD 167915977381
BAD 167961137959
BAD 167944229693
BAD 167961751861
BAD 167944807091
BAD 167944807109
BAD 167944807111
BAD 167917265507
BAD 167962174907
BAD 167962174909
BAD 167944967341
BAD 167962531621
BAD 167962540313
BAD 167917851131
BAD 167917857329
BAD 167917857337
BAD 167917998901
BAD 167918012809
BAD 167918012813
BAD 167918192899
BAD 167918192909
BAD 167963375131
BAD 167963378743
BAD 167918297017
BAD 167963517389
BAD 167946257663
BAD 167918688953
BAD 167918688967
BAD 167946622433
BAD 167946756863
BAD 167946756893
BAD 167946756899
BAD 167946843023
BAD 167947095923
BAD 167965132747
BAD 167947251271
BAD 167947251281
BAD 167965512839
BAD 167947420231
BAD 167947548973
BAD 167965715129
BAD 167965715131
BAD 167966923343
BAD 167967278761
BAD 167967385283
BAD 167967588433
BAD 167967606049
BAD 167949081721
BAD 167949244399
BAD 167968092077
BAD 167968092079
BAD 167968092113
BAD 167968322701
BAD 167949695383
BAD 167949695471
BAD 167950010911
BAD 167950010941
BAD 167950718449
BAD 167951001773
BAD 167951001797
BAD 167951028101
BAD 167951035177
BAD 167952305251
BAD 167986084471
BAD 167986162801
BAD 167986304351
BAD 167986349467
BAD 168002950343
BAD 168003719041
BAD 168004095461
BAD 168004095463
BAD 168004095533
BAD 167986739059
BAD 167986801289
BAD 167986801291
BAD 168004214971
BAD 167987517211
BAD 168004740061
BAD 167987814149
BAD 167987814151
BAD 167988134221
BAD 168005251553
BAD 167988215303
BAD 167988279947
BAD 168005707073
BAD 168005707087
BAD 168005945329
BAD 168005945333
BAD 168005945377
BAD 168006416287
BAD 168006490153
BAD 168006565501
BAD 168006819923
BAD 167988671971
BAD 168006869057
BAD 168006869059
BAD 168006869071
BAD 167988693679
BAD 167988693683
BAD 168006933197
BAD 168006933203
BAD 167988864319
BAD 167988864331
BAD 167988979813
BAD 167988997681
BAD 167989147247
BAD 167989174121
BAD 167989372417
BAD 167989850227
BAD 168007806419
BAD 168008431193
BAD 168009211801
BAD 167990495923
BAD 167990644763
BAD 167990787829
BAD 167991019019
BAD 167991019043
BAD 167991019159
BAD 167991035609
BAD 167991376261
BAD 168009577943
BAD 168009759949
BAD 168009774223
BAD 167991640207
BAD 168010145003
BAD 168010221413
BAD 168010703033
BAD 168010703041
BAD 168010935277
BAD 168011287397
BAD 168011287399
BAD 168011363759
BAD 168011363761
BAD 168011479063
BAD 168011479067
BAD 168011716013
BAD 168011731627
BAD 168011776663
BAD 168011796319
BAD 168011796419
BAD 168011943163
BAD 168011981041
BAD 168012481493
BAD 167992676543
BAD 167992848523
BAD 167992861249
BAD 167992888429
BAD 167992888433
BAD 167992889863
BAD 168019606597
BAD 168020036539
BAD 168020036543
BAD 168020492329
BAD 167994147137
BAD 168021389231
BAD 168015134303
BAD 167994147157
BAD 168021389233
BAD 167994147163
BAD 168021389251
BAD 167994147173
BAD 168021450721
BAD 168021679753
BAD 168021679759
BAD 168021810433
BAD 168021840859
BAD 168015447253
BAD 167994965239
BAD 168015616831
BAD 167995793543
BAD 168015923027
BAD 168015923029
BAD 168015966427
BAD 168016074929
BAD 168016074991
BAD 168016219477
BAD 167996322983
BAD 168023364017
BAD 168023364023
BAD 167996447627
BAD 168016581893
BAD 167996784871
BAD 167996800303
BAD 168023759551
BAD 168017255743
BAD 168017680729
BAD 168024025987
BAD 168024025993
BAD 168024531403
BAD 168024770611
BAD 168025047433
BAD 168025047439
BAD 168018176779
BAD 168025844159
BAD 168025844227
BAD 168018266683
BAD 168026002271
BAD 168026002273
BAD 168026074313
BAD 168026074319
BAD 168018485431
BAD 168018695363
BAD 168018695371
BAD 168018695381
BAD 168019205009
BAD 168019205023
BAD 168019239863
BAD 167997256249
BAD 167997256253
BAD 167997559063
BAD 167997559073
BAD 168028296503
BAD 168028631527
BAD 168028631531
BAD 168028958023
BAD 167997915271
BAD 167997915277
BAD 168029114719
BAD 168029156509
BAD 167998035061
BAD 167998035067
BAD 167998035077
BAD 167998039151
BAD 167998415383
BAD 167998454279
BAD 168030004477
BAD 168030392989
BAD 168030392993
BAD 168030552901
BAD 168030729901
BAD 167999511737
BAD 167999511739
BAD 167999716219
BAD 168031184483
BAD 168001174597
BAD 168001191907
BAD 168001357921
BAD 168032148707
BAD 168032148709
BAD 168001747447
BAD 168032341313
BAD 168033494227
BAD 168034499543
BAD 168034536679
BAD 168034805711
BAD 168034805713
BAD 168034805723
BAD 168034996313
BAD 168034996321
BAD 168035131171
BAD 168035421517
BAD 168035624129
BAD 168035624131
BAD 168035723213
BAD 168036112891
BAD 168036112913
BAD 168036112921
BAD 168121182247
BAD 168121646723
BAD 168121646731
BAD 168122664907
BAD 168123321019
BAD 168123330097
BAD 168123453101
BAD 168123553867
BAD 168123894199
BAD 168123946189
BAD 168123946201
BAD 168124290437
BAD 168124805819
BAD 168125608549
BAD 168126171799
BAD 168126437779
BAD 168126783607
BAD 168128005063
BAD 168128242003
BAD 168128946871
BAD 168129129283
BAD 168129129323
BAD 168129129361
BAD 168129171389
BAD 168129171391
BAD 168129171409
BAD 168129234913
BAD 168129504469
BAD 168129756437
BAD 168129756439
BAD 168129864983
BAD 168130024763
BAD 168130603271
BAD 168130603273
BAD 168130603307
BAD 168130603309
BAD 168131302063
BAD 168131479553
BAD 168131596153
BAD 168131596159
BAD 168131698279
BAD 168132143383
BAD 168132493189
BAD 168132962449
BAD 168133233841
BAD 168133233847
BAD 168133419331
BAD 168133821001
BAD 168133821007
BAD 168134428799
BAD 168134428801
BAD 168134591293
BAD 168134591297
BAD 168134591299
BAD 168134782237
BAD 168134782247
BAD 168135466091
BAD 168135818731
BAD 168135893843
BAD 168136382563
BAD 168136382573
BAD 168136457287
BAD 168086947463
BAD 168086950411
BAD 168087223039
BAD 168087223043
BAD 168087802747
BAD 168087802769
BAD 168087944527
BAD 168087944539
BAD 168088471781
BAD 168088471783
BAD 168088504061
BAD 168088504063
BAD 168088504069
BAD 168088815913
BAD 168088815977
BAD 168089290643
BAD 168089290651
BAD 168089290657
BAD 168089882603
BAD 168090867631
BAD 168091502927
BAD 168091624801
BAD 168091814203
BAD 168092160811
BAD 168092844659
BAD 168093261803
BAD 168093819473
BAD 168093819479
BAD 168094029361
BAD 168094280797
BAD 168069896737
BAD 168069974671
BAD 168070613093
BAD 168070878383
BAD 168071065579
BAD 168071154803
BAD 168071400317
BAD 168071469563
BAD 168071469569
BAD 168071469571
BAD 168071469581
BAD 168071469583
BAD 168071775653
BAD 168071998987
BAD 168072237037
BAD 168072413123
BAD 168072748583
BAD 168072762733
BAD 168073389349
BAD 168073389373
BAD 168073663367
BAD 168073663369
BAD 168073663393
BAD 168073663397
BAD 168073663399
BAD 168073663403
BAD 168073913809
BAD 168074196989
BAD 168074196991
BAD 168074197033
BAD 168074197037
BAD 168074352769
BAD 168074352779
BAD 168074352781
BAD 168074920877
BAD 168074920889
BAD 168074920891
BAD 168075614173
BAD 168094472179
BAD 168095092037
BAD 168095505007
BAD 168095528813
BAD 168095531231
BAD 168096178829
BAD 168097045387
BAD 168097294333
BAD 168098179429
BAD 168098184913
BAD 168098473073
BAD 168098783873
BAD 168099909853
BAD 168100085221
BAD 168100425931
BAD 168100752221
BAD 168101851537
BAD 168101851543
BAD 168101927573
BAD 168075900233
BAD 168075900283
BAD 168102182119
BAD 168102182123
BAD 168102423499
BAD 168102439567
BAD 168076190993
BAD 168076277969
BAD 168076487713
BAD 168076558129
BAD 168076824379
BAD 168076824389
BAD 168076824403
BAD 168077699359
BAD 168077699369
BAD 168077699371
BAD 168077727379
BAD 168077727383
BAD 168078069127
BAD 168078069139
BAD 168078069143
BAD 168078098933
BAD 168078098939
BAD 168078098941
BAD 168078656639
BAD 168078656659
BAD 168078661693
BAD 168078877313
BAD 168079199423
BAD 168080691871
BAD 168053167081
BAD 168053391113
BAD 168053884903
BAD 168080806643
BAD 168080806651
BAD 168081063841
BAD 168081063847
BAD 168081489577
BAD 168081489581
BAD 168081781039
BAD 168054351079
BAD 168054408673
BAD 168054408677
BAD 168054408679
BAD 168054842873
BAD 168055219009
BAD 168082309841
BAD 168082385573
BAD 168082599679
BAD 168058972247
BAD 168059010529
BAD 168083561227
BAD 168083561231
BAD 168060984593
BAD 168062292059
BAD 168062292061
BAD 168062348071
BAD 168062348081
BAD 168062348087
BAD 168062348089
BAD 168062348093
BAD 168083790577
BAD 168083790619
BAD 168084233459
BAD 168084233461
BAD 168084233483
BAD 168063272383
BAD 168084423811
BAD 168084423817
BAD 168063374449
BAD 168084727253
BAD 168063724069
BAD 168085083473
BAD 168064346719
BAD 168064996171
BAD 168065142499
BAD 168065146079
BAD 168065146087
BAD 168066070729
BAD 168066188761
BAD 168066188767
BAD 168067759949
BAD 168067881703
BAD 168067986451
BAD 168067986613
BAD 168068266909
BAD 168068266913
BAD 168068327971
BAD 168068644427
BAD 168068644459
BAD 168068644463
BAD 168068675393
BAD 168068760631
BAD 168069131693
BAD 168069131707
BAD 168069205067
BAD 168069205069
BAD 168069586351
BAD 168085468193
BAD 168085919579
BAD 168085919581
BAD 168086085779
BAD 168086085781
BAD 168086326423
BAD 168086424109
BAD 168086424113
BAD 168086424151
BAD 168086424161
BAD 168086424167
BAD 168137208727
BAD 168137289637
BAD 168137317097
BAD 168137317099
BAD 168137406817
BAD 168137406821
BAD 168137406823
BAD 168137670563
BAD 168138247273
BAD 168138291289
BAD 168138291301
BAD 168139637933
BAD 168140035711
BAD 168140969119
BAD 168140969123
BAD 168141354853
BAD 168141644743
BAD 168141655379
BAD 168141750277
BAD 168141850559
BAD 168141850561
BAD 168143209973
BAD 168143357059
BAD 168144580717
BAD 168144830131
BAD 168144830167
BAD 168144830221
BAD 168144830281
BAD 168145250023
BAD 168145395571
BAD 168146206009
BAD 168146206027
BAD 168146250421
BAD 168146385053
BAD 168146385073
BAD 168146946631
BAD 168147112297
BAD 168147787243
BAD 168147905633
BAD 168147929501
BAD 168147929503
BAD 168147929507
BAD 168148249849
BAD 168148674593
BAD 168148791977
BAD 168149074043
BAD 168149147149
BAD 168149635097
BAD 168149635111
BAD 168149728387
BAD 168150238057
BAD 168150238063
BAD 168150360709
BAD 168150538757
BAD 168150809599
BAD 168151087399
BAD 168103774261
BAD 168151984183
BAD 168104386657
BAD 168104419141
BAD 168152221387
BAD 168152338657
BAD 168152608279
BAD 168152875417
BAD 168152875427
BAD 168105124841
BAD 168105124843
BAD 168105730811
BAD 168105927659
BAD 168105981863
BAD 168106063787
BAD 168106063789
BAD 168106308751
BAD 168106308767
BAD 168106495573
BAD 168106556183
BAD 168106729051
BAD 168106975129
BAD 168107173261
BAD 168107173277
BAD 168107173279
BAD 168107855063
BAD 168108283373
BAD 168108363209
BAD 168108363211
BAD 168108363223
BAD 168108560843
BAD 168108560869
BAD 168108603589
BAD 168108835693
BAD 168108835723
BAD 168108871643
BAD 168108871657
BAD 168108871661
BAD 168108964259
BAD 168109124203
BAD 168109624261
BAD 168110196497
BAD 168110454023
BAD 168110964529
BAD 168111327071
BAD 168111327073
BAD 168111661297
BAD 168111661303
BAD 168111661307
BAD 168111661309
BAD 168112161487
BAD 168112161661
BAD 168112323997
BAD 168112324103
BAD 168113035201
BAD 168113519687
BAD 168113519689
BAD 168113529187
BAD 168205253383
BAD 168205546073
BAD 168205546087
BAD 168205758691
BAD 168205758709
BAD 168205758713
BAD 168206246851
BAD 168171475079
BAD 168171475081
BAD 168206727209
BAD 168206727211
BAD 168206841659
BAD 168207145891
BAD 168172200047
BAD 168207880513
BAD 168208023163
BAD 168208023173
BAD 168208755443
BAD 168174229463
BAD 168174450023
BAD 168209490481
BAD 168209577499
BAD 168174694799
BAD 168174694801
BAD 168209729801
BAD 168209729803
BAD 168175074443
BAD 168114468947
BAD 168175107413
BAD 168175107421
BAD 168114493021
BAD 168114949259
BAD 168115043549
BAD 168115073747
BAD 168115247011
BAD 168115247017
BAD 168115247021
BAD 168176455081
BAD 168115247033
BAD 168115650893
BAD 168176976223
BAD 168115792223
BAD 168115792261
BAD 168177230873
BAD 168116343413
BAD 168116360417
BAD 168177862933
BAD 168116778043
BAD 168116778083
BAD 168116778161
BAD 168116778163
BAD 168116915867
BAD 168178695457
BAD 168178695481
BAD 168178695493
BAD 168178695511
BAD 168117457969
BAD 168117457973
BAD 168179301679
BAD 168118356409
BAD 168179659357
BAD 168179667589
BAD 168179671453
BAD 168118608907
BAD 168118656877
BAD 168179858621
BAD 168180313859
BAD 168119186429
BAD 168119186437
BAD 168119502893
BAD 168119643781
BAD 168119722951
BAD 168119836657
BAD 168180834499
BAD 168210365053
BAD 168181007263
BAD 168181236593
BAD 168210663913
BAD 168210663923
BAD 168210663931
BAD 168210716567
BAD 168181754051
BAD 168181754053
BAD 168182023579
BAD 168182078993
BAD 168182079001
BAD 168182193677
BAD 168182193679
BAD 168255716789
BAD 168255716791
BAD 168255914737
BAD 168255914741
BAD 168255914777
BAD 168255914779
BAD 168221317039
BAD 168210882493
BAD 168221400773
BAD 168288177419
BAD 168221400779
BAD 168256451273
BAD 168221400799
BAD 168321721027
BAD 168321721039
BAD 168321836953
BAD 168321836971
BAD 168221648533
BAD 168256785311
BAD 168256785313
BAD 168183117761
BAD 168288644149
BAD 168221965273
BAD 168183242663
BAD 168183242671
BAD 168183264253
BAD 168210987829
BAD 168222038093
BAD 168322445519
BAD 168322445521
BAD 168322445527
BAD 168222291779
BAD 168211254479
BAD 168211254481
BAD 168211303543
BAD 168183739103
BAD 168211327399
BAD 168183739111
BAD 168211328101
BAD 168222509207
BAD 168183777479
BAD 168222509209
BAD 168183777481
BAD 168257416703
BAD 168323132363
BAD 168211621223
BAD 168211621231
BAD 168323321027
BAD 168323321029
BAD 168183979043
BAD 168289706173
BAD 168439003639
BAD 168289869877
BAD 168289869883
BAD 168212073949
BAD 168184245413
BAD 168372912163
BAD 168372912173
BAD 168212302367
BAD 168212302369
BAD 168212302373
BAD 168212302381
BAD 168258153199
BAD 168258153319
BAD 168258153353
BAD 168223079971
BAD 168290464973
BAD 168373145623
BAD 168323772739
BAD 168373454551
BAD 168323991229
BAD 168291101677
BAD 168213018229
BAD 168223732387
BAD 168223732423
BAD 168184678549
BAD 168373868759
BAD 168258862063
BAD 168258862067
BAD 168258862069
BAD 168223796233
BAD 168223796249
BAD 168389701651
BAD 168389701657
BAD 168273072203
BAD 168184788193
BAD 168291564943
BAD 168258893801
BAD 168291686267
BAD 168184917473
BAD 168273188557
BAD 168389934289
BAD 168389934331
BAD 168185003269
BAD 168213661969
BAD 168440155399
BAD 168185114899
BAD 168213795593
BAD 168213795613
BAD 168224285461
BAD 168292195787
BAD 168237972863
BAD 168214070207
BAD 168325476493
BAD 168390321433
BAD 168374402477
BAD 168214070209
BAD 168374402479
BAD 168292195789
BAD 168273993367
BAD 168185508991
BAD 168374717701
BAD 168259339951
BAD 168259340009
BAD 168374736163
BAD 168259449289
BAD 168259573219
BAD 168292609357
BAD 168292609361
BAD 168292609363
BAD 168292618343
BAD 168375104281
BAD 168375104297
BAD 168375104299
BAD 168375104309
BAD 168260027333
BAD 168260085509
BAD 168260085517
BAD 168214730311
BAD 168214730317
BAD 168326465647
BAD 168260391931
BAD 168186278191
BAD 168375535507
BAD 168260391997
BAD 168326465653
BAD 168375535519
BAD 168260417363
BAD 168260440259
BAD 168375568609
BAD 168260460833
BAD 168326589481
BAD 168214821253
BAD 168214821259
BAD 168214821301
BAD 168375701539
BAD 168326648353
BAD 168274760041
BAD 168391209829
BAD 168186657293
BAD 168326965369
BAD 168376128871
BAD 168239092837
BAD 168391448581
BAD 168186668249
BAD 168186668267
BAD 168186668269
BAD 168391481989
BAD 168239142173
BAD 168376183441
BAD 168261707701
BAD 168295679639
BAD 168187041283
BAD 168391535729
BAD 168327095731
BAD 168440501239
BAD 168295679641
BAD 168275293057
BAD 168239571449
BAD 168275293061
BAD 168275293063
BAD 168327132599
BAD 168327132601
BAD 168391619701
BAD 168391619731
BAD 168391619743
BAD 168187142857
BAD 168187142861
BAD 168187142863
BAD 168187142867
BAD 168187142869
BAD 168187142873
BAD 168239706541
BAD 168275534069
BAD 168275534071
BAD 168239766173
BAD 168275616799
BAD 168225155653
BAD 168327344113
BAD 168327344161
BAD 168376949791
BAD 168440911957
BAD 168215511019
BAD 168225234517
BAD 168262127333
BAD 168262127339
BAD 168276112033
BAD 168240770821
BAD 168262175467
BAD 168296393053
BAD 168440981693
BAD 168392394449
BAD 168392394451
BAD 168225427609
BAD 168240870349
BAD 168225444479
BAD 168240870353
BAD 168225444481
BAD 168276293257
BAD 168377232409
BAD 168262446007
BAD 168377281703
BAD 168327727913
BAD 168441387799
BAD 168215878253
BAD 168327809437
BAD 168262736113
BAD 168392753731
BAD 168296945783
BAD 168296945801
BAD 168241390553
BAD 168277608721
BAD 168216352589
BAD 168393468053
BAD 168263141707
BAD 168441999211
BAD 168277608743
BAD 168328942147
BAD 168393468083
BAD 168328942163
BAD 168377583683
BAD 168263160203
BAD 168263160209
BAD 168216460507
BAD 168225504329
BAD 168225504331
BAD 168277726081
BAD 168277743989
BAD 168263266729
BAD 168377736959
BAD 168377736973
BAD 168277885891
BAD 168277885913
BAD 168277885973
BAD 168329208667
BAD 168263450759
BAD 168329295971
BAD 168329295973
BAD 168329295983
BAD 168329460829
BAD 168242732761
BAD 168378320401
BAD 168216723061
BAD 168395096213
BAD 168226383571
BAD 168263908633
BAD 168263940083
BAD 168216846739
BAD 168378441241
BAD 168378490211
BAD 168378490213
BAD 168297542873
BAD 168378614641
BAD 168217044517
BAD 168442896997
BAD 168442897001
BAD 168442897003
BAD 168442897013
BAD 168442897043
BAD 168395289157
BAD 168395289163
BAD 168443086531
BAD 168443086549
BAD 168227071417
BAD 168227089343
BAD 168264494791
BAD 168278725619
BAD 168278725621
BAD 168227451829
BAD 168227451839
BAD 168227451841
BAD 168395490833
BAD 168279362873
BAD 168217859581
BAD 168154387559
BAD 168243294601
BAD 168265097993
BAD 168217859591
BAD 168379498163
BAD 168395490839
BAD 168243294607
BAD 168154387561
BAD 168379498253
BAD 168395490841
BAD 168379498277
BAD 168379498279
BAD 168395490847
BAD 168227539681
BAD 168227539687
BAD 168379572721
BAD 168379572737
BAD 168379572743
BAD 168217977311
BAD 168217977313
BAD 168227675731
BAD 168227764729
BAD 168443791099
BAD 168218313869
BAD 168379870849
BAD 168379870853
BAD 168379870859
BAD 168396045241
BAD 168244802227
BAD 168379870861
BAD 168396045247
BAD 168218391589
BAD 168444128399
BAD 168396045253
BAD 168154995583
BAD 168265376483
BAD 168444128401
BAD 168154995587
BAD 168280120891
BAD 168154995623
BAD 168154995629
BAD 168330191209
BAD 168330191221
BAD 168330191233
BAD 168379938619
BAD 168396099061
BAD 168280195717
BAD 168280195723
BAD 168396221783
BAD 168396221789
BAD 168280313101
BAD 168396303443
BAD 168396303457
BAD 168396311663
BAD 168155354317
BAD 168330260269
BAD 168228271231
BAD 168245794921
BAD 168219008611
BAD 168445208707
BAD 168339667849
BAD 168397009307
BAD 168265890547
BAD 168397009309
BAD 168155780567
BAD 168219019139
BAD 168219019141
BAD 168219019147
BAD 168280767121
BAD 168245814497
BAD 168445327291
BAD 168330963289
BAD 168228433469
BAD 168228505877
BAD 168397342957
BAD 168397342963
BAD 168219277381
BAD 168245885057
BAD 168245885149
BAD 168397405837
BAD 168445640413
BAD 168445640417
BAD 168445640423
BAD 168219395111
BAD 168219395117
BAD 168219395119
BAD 168380271463
BAD 168281152111
BAD 168397534073
BAD 168266243791
BAD 168397555069
BAD 168397555099
BAD 168397555103
BAD 168156072173
BAD 168156145249
BAD 168156245659
BAD 168331294429
BAD 168397706783
BAD 168397706791
BAD 168446002999
BAD 168156354679
BAD 168331327693
BAD 168266586899
BAD 168266586913
BAD 168340497139
BAD 168446286653
BAD 168156645367
BAD 168266847277
BAD 168446353549
BAD 168380769259
BAD 168331423243
BAD 168281596163
BAD 168446491711
BAD 168446491757
BAD 168380869387
BAD 168267214153
BAD 168229074553
BAD 168157030297
BAD 168446835983
BAD 168340820017
BAD 168298250123
BAD 168229074557
BAD 168281895647
BAD 168281895653
BAD 168267544877
BAD 168340882483
BAD 168281928611
BAD 168229147913
BAD 168381276331
BAD 168229147921
BAD 168246354193
BAD 168246354197
BAD 168246354203
BAD 168157287877
BAD 168341117327
BAD 168332081891
BAD 168332081893
BAD 168398367391
BAD 168298559987
BAD 168267954103
BAD 168157531973
BAD 168298621067
BAD 168298621069
BAD 168157574279
BAD 168157574281
BAD 168157574287
BAD 168268171153
BAD 168284592083
BAD 168399186139
BAD 168447470731
BAD 168341357183
BAD 168333223033
BAD 168157897489
BAD 168341422583
BAD 168284682463
BAD 168381471389
BAD 168284940583
BAD 168399469969
BAD 168341912693
BAD 168299578231
BAD 168285414607
BAD 168381947893
BAD 168230419339
BAD 168299805187
BAD 168230453707
BAD 168448508387
BAD 168285693721
BAD 168285693727
BAD 168285693731
BAD 168333776753
BAD 168333776993
BAD 168299938127
BAD 168299938129
BAD 168299938133
BAD 168448695449
BAD 168448695451
BAD 168448695461
BAD 168269152099
BAD 168246749507
BAD 168400810709
BAD 168300957893
BAD 168269152111
BAD 168286003771
BAD 168246749509
BAD 168300957901
BAD 168158583323
BAD 168158583337
BAD 168400864717
BAD 168158645749
BAD 168286150633
BAD 168382464343
BAD 168301171609
BAD 168231038023
BAD 168231041663
BAD 168246940649
BAD 168246940651
BAD 168246940657
BAD 168382498051
BAD 168382498057
BAD 168401048251
BAD 168342576527
BAD 168342576529
BAD 168301495729
BAD 168269378341
BAD 168301603373
BAD 168342840893
BAD 168382848091
BAD 168231701951
BAD 168342999059
BAD 168302331859
BAD 168333936157
BAD 168305027089
BAD 168287690941
BAD 168342999061
BAD 168305027117
BAD 168305027119
BAD 168305027123
BAD 168305027131
BAD 168449510293
BAD 168159428963
BAD 168159428999
BAD 168159429001
BAD 168159429007
BAD 168159429083
BAD 168302481569
BAD 168305333323
BAD 168305333327
BAD 168383171323
BAD 168270848209
BAD 168305510851
BAD 168302813071
BAD 168383364893
BAD 168334357159
BAD 168270949043
BAD 168305762809
BAD 168305782763
BAD 168402017543
BAD 168159869281
BAD 168383711627
BAD 168159869287
BAD 168402017549
BAD 168402017551
BAD 168402050573
BAD 168402050581
BAD 168248303921
BAD 168305986897
BAD 168160068463
BAD 168384008719
BAD 168402206419
BAD 168344625679
BAD 168402336259
BAD 168402340591
BAD 168402350663
BAD 168402350681
BAD 168402350689
BAD 168402374779
BAD 168402374783
BAD 168344725853
BAD 168344744677
BAD 168160560367
BAD 168160566859
BAD 168160566863
BAD 168335272009
BAD 168402526871
BAD 168402526879
BAD 168450145849
BAD 168450145873
BAD 168303915499
BAD 168345189613
BAD 168303915503
BAD 168345189619
BAD 168232919599
BAD 168306624469
BAD 168345245011
BAD 168249041503
BAD 168402996037
BAD 168402996049
BAD 168402996053
BAD 168233071681
BAD 168384568637
BAD 168345485479
BAD 168249262303
BAD 168249262309
BAD 168161469211
BAD 168161493011
BAD 168161493013
BAD 168233313023
BAD 168233355289
BAD 168403439641
BAD 168450852587
BAD 168450852589
BAD 168307329469
BAD 168307329473
BAD 168249827453
BAD 168249965071
BAD 168233934733
BAD 168307620253
BAD 168233979847
BAD 168307720237
BAD 168233979853
BAD 168250089457
BAD 168346329133
BAD 168346329139
BAD 168451444009
BAD 168451444013
BAD 168451490819
BAD 168451490821
BAD 168250252633
BAD 168404096033
BAD 168451567793
BAD 168307989763
BAD 168234323893
BAD 168234323941
BAD 168451740091
BAD 168234545131
BAD 168234545137
BAD 168234559133
BAD 168385925107
BAD 168385925111
BAD 168346614283
BAD 168386128991
BAD 168386128993
BAD 168386268419
BAD 168452375071
BAD 168386391871
BAD 168452432821
BAD 168386455253
BAD 168386455261
BAD 168308942453
BAD 168347015911
BAD 168405046493
BAD 168162456523
BAD 168235452169
BAD 168386522467
BAD 168235520917
BAD 168453012491
BAD 168453012493
BAD 168162527903
BAD 168162546793
BAD 168386736809
BAD 168386736811
BAD 168162570749
BAD 168453161969
BAD 168453161971
BAD 168453162113
BAD 168337590767
BAD 168337590769
BAD 168309623899
BAD 168309623903
BAD 168236057533
BAD 168309848741
BAD 168163165927
BAD 168347603663
BAD 168252296959
BAD 168252297013
BAD 168338136587
BAD 168347755171
BAD 168338178161
BAD 168347874187
BAD 168236441299
BAD 168454375157
BAD 168163595603
BAD 168454537319
BAD 168387613091
BAD 168252778523
BAD 168387701467
BAD 168454780037
BAD 168454780061
BAD 168454780063
BAD 168236846543
BAD 168454867081
BAD 168348250949
BAD 168348250951
BAD 168252910129
BAD 168252910139
BAD 168252910141
BAD 168454964693
BAD 168253258427
BAD 168253258429
BAD 168348513457
BAD 168455230171
BAD 168388239629
BAD 168388239647
BAD 168253461823
BAD 168253461841
BAD 168455410069
BAD 168348714691
BAD 168164599769
BAD 168311603123
BAD 168187335229
BAD 168187335233
BAD 168187450999
BAD 168187451023
BAD 168254141023
BAD 168187618349
BAD 168187618351
BAD 168187726673
BAD 168254347633
BAD 168165210949
BAD 168165210979
BAD 168165680329
BAD 168165841759
BAD 168188702813
BAD 168349782719
BAD 168349782721
BAD 168312734063
BAD 168349817689
BAD 168188905201
BAD 168350018597
BAD 168350018623
BAD 168166634243
BAD 168166634249
BAD 168189724543
BAD 168189991973
BAD 168189991987
BAD 168350554681
BAD 168167204713
BAD 168167205463
BAD 168314005997
BAD 168314005999
BAD 168314562463
BAD 168314562467
BAD 168167806537
BAD 168352039117
BAD 168352039123
BAD 168192561169
BAD 168192571801
BAD 168192622189
BAD 168192867631
BAD 168192867643
BAD 168193050139
BAD 168193071373
BAD 168315317077
BAD 168168406463
BAD 168315577373
BAD 168193890547
BAD 168352937447
BAD 168352937449
BAD 168352937453
BAD 168315804053
BAD 168168999079
BAD 168168999083
BAD 168168999091
BAD 168353091343
BAD 168353091359
BAD 168194178017
BAD 168194543107
BAD 168194600503
BAD 168316339033
BAD 168353470367
BAD 168316339043
BAD 168316339049
BAD 168194649671
BAD 168194649673
BAD 168316485193
BAD 168316530619
BAD 168194808337
BAD 168194867237
BAD 168169667233
BAD 168169667243
BAD 168169742317
BAD 168195053909
BAD 168195053911
BAD 168195342463
BAD 168195342467
BAD 168195342473
BAD 168195342481
BAD 168195342487
BAD 168354332633
BAD 168317692729
BAD 168170427017
BAD 168317921087
BAD 168354627293
BAD 168318184163
BAD 168318384853
BAD 168318384863
BAD 168318663991
BAD 168319122623
BAD 168196987403
BAD 168319334093
BAD 168197359301
BAD 168197359303
BAD 168197439253
BAD 168197439259
BAD 168320120569
BAD 168197888083
BAD 168197888087
BAD 168197953351
BAD 168198188449
BAD 168198188453
BAD 168198188461
BAD 168198342379
BAD 168198342383
BAD 168320874529
BAD 168320941609
BAD 168320941627
BAD 168198492929
BAD 168198492967
BAD 168198492971
BAD 168198818041
BAD 168198818069
BAD 168198818071
BAD 168198818083
BAD 168198818089
BAD 168198879287
BAD 168198940271
BAD 168199084681
BAD 168199084687
BAD 168199084693
BAD 168199084699
BAD 168199602611
BAD 168199602617
BAD 168199602619
BAD 168200201053
BAD 168200201063
BAD 168200582663
BAD 168200802929
BAD 168200802937
BAD 168201284701
BAD 168201572753
BAD 168202566349
BAD 168202566391
BAD 168202730431
BAD 168203769421
BAD 168203872153
BAD 168405637999
BAD 168405807827
BAD 168406081093
BAD 168406976149
BAD 168406976203
BAD 168406976207
BAD 168406976209
BAD 168407532133
BAD 168407532143
BAD 168407532311
BAD 168407532313
BAD 168407731421
BAD 168407731423
BAD 168407866399
BAD 168355063913
BAD 168422613991
BAD 168422912059
BAD 168423470993
BAD 168408206867
BAD 168408248941
BAD 168356101103
BAD 168423847591
BAD 168408414331
BAD 168423942101
BAD 168424475299
BAD 168356432483
BAD 168409011943
BAD 168424741493
BAD 168424784167
BAD 168424784173
BAD 168357061793
BAD 168410166187
BAD 168410479807
BAD 168410675333
BAD 168410675339
BAD 168410675341
BAD 168410753243
BAD 168410805733
BAD 168410805743
BAD 168357599803
BAD 168357599807
BAD 168357599821
BAD 168357785053
BAD 168425858023
BAD 168359026183
BAD 168426354883
BAD 168426462187
BAD 168426501757
BAD 168426557149
BAD 168426557153
BAD 168411101167
BAD 168411368569
BAD 168411664229
BAD 168411664231
BAD 168411664249
BAD 168411664283
BAD 168427175563
BAD 168427175573
BAD 168359735251
BAD 168359759153
BAD 168359861521
BAD 168412553579
BAD 168412553581
BAD 168412583293
BAD 168359947757
BAD 168359947759
BAD 168359967001
BAD 168427662659
BAD 168427662661
BAD 168361102549
BAD 168361231631
BAD 168361231639
BAD 168427714043
BAD 168427884509
BAD 168427884511
BAD 168414211271
BAD 168414407617
BAD 168362756153
BAD 168414489983
BAD 168414559823
BAD 168414929041
BAD 168363322357
BAD 168363322363
BAD 168415242019
BAD 168415486039
BAD 168415523629
BAD 168363730369
BAD 168415897717
BAD 168363920003
BAD 168415920307
BAD 168364146961
BAD 168416198063
BAD 168416250559
BAD 168416250577
BAD 168416451143
BAD 168416961827
BAD 168428681809
BAD 168364845353
BAD 168428843603
BAD 168364908629
BAD 168364908631
BAD 168417209197
BAD 168365170973
BAD 168429154511
BAD 168417698909
BAD 168429154513
BAD 168417698941
BAD 168417698947
BAD 168417699001
BAD 168417699059
BAD 168429445543
BAD 168429530287
BAD 168417811481
BAD 168417811483
BAD 168417969569
BAD 168417969571
BAD 168418091113
BAD 168418091173
BAD 168418233031
BAD 168418633597
BAD 168418641211
BAD 168430821157
BAD 168430915441
BAD 168431770543
BAD 168431802361
BAD 168420166087
BAD 168420245827
BAD 168420356473
BAD 168432615007
BAD 168432749011
BAD 168365426681
BAD 168365474569
BAD 168365654953
BAD 168365825413
BAD 168421074971
BAD 168366424789
BAD 168367271257
BAD 168367271263
BAD 168367271273
BAD 168432874139
BAD 168432935249
BAD 168433697753
BAD 168368442103
BAD 168368654827
BAD 168369047551
BAD 168369378563
BAD 168435198863
BAD 168435198871
BAD 168369724139
BAD 168369724141
BAD 168369724163
BAD 168369879871
BAD 168435700249
BAD 168437040103
BAD 168437040119
BAD 168370809757
BAD 168437443673
BAD 168438338183
BAD 168438369751
BAD 168438456961
BAD 168438587347
BAD 168438587351
BAD 168438587363
BAD 168438587377
BAD 168438868399
BAD 168455782609
BAD 168456013393
BAD 168456035219
BAD 168456189533
BAD 168456245669
BAD 168456315059
BAD 168456456197
BAD 168456456199
BAD 168457356191
BAD 168457562093
BAD 168457903619
BAD 168458365099
BAD 168458634739
BAD 168458736337
BAD 168458789861
BAD 168458789867
BAD 168458789869
BAD 168458978851
BAD 168459118153
BAD 168459118159
BAD 168459842503
BAD 168459842513
BAD 168459842521
BAD 168460218379
BAD 168460304833
BAD 168460478533
BAD 168460478539
BAD 168461757097
BAD 168462554903
BAD 168463141019
BAD 168463141069
BAD 168463141073
BAD 168463768411
BAD 168464208961
BAD 168464742689
BAD 168464742731
BAD 168464964683
BAD 168465095377
BAD 168465095387
BAD 168465095389
BAD 168465095399
BAD 168465095401
BAD 168465095437
BAD 168465095443
BAD 168465249181
BAD 168465500761
BAD 168466724207
BAD 168466939253
BAD 168467110921
BAD 168467519029
BAD 168468154369
BAD 168468375967
BAD 168468396709
BAD 168468396721
BAD 168468778649
BAD 168468778651
BAD 168468778657
BAD 168468778663
BAD 168468778679
BAD 168468892313
BAD 168470075833
BAD 168470968877
BAD 168470968879
BAD 168471065963
BAD 168471065989
BAD 168471065993
BAD 168471065999
BAD 168471066007
BAD 168471066013
BAD 168471226969
BAD 168471577951
BAD 168471796879
BAD 168471796891
BAD 168472773341
BAD 168472950463
BAD 168473823409
BAD 168474747191
BAD 168474821953
BAD 168475999883
BAD 168476223431
BAD 168477163583
BAD 168478467929
BAD 168478467931
BAD 168478730971
BAD 168478946567
BAD 168478946569
BAD 168478990327
BAD 168478990333
BAD 168478990349
BAD 168479077087
BAD 168479365541
BAD 168479463739
BAD 168479935801
BAD 168480279049
BAD 168480279053
BAD 168480279061
BAD 168480354023
BAD 168480446839
BAD 168480446843
BAD 168480591793
BAD 168480763403
BAD 168480763411
BAD 168482894311
BAD 168483027407
BAD 168483027409
BAD 168483027413
BAD 168483766823
BAD 168483766831
BAD 168484156979
BAD 168484207303
BAD 168484845733
BAD 168484845751
BAD 168484916921
BAD 168484916923
BAD 168484916927
BAD 168485905879
BAD 168486837997
BAD 168487428569
BAD 168488076061
BAD 168489183451
BAD 168522867907
BAD 168522889043
BAD 168523699007
BAD 168524530283
BAD 168524563429
BAD 168524563433
BAD 168524778223
BAD 168524778229
BAD 168525059641
BAD 168525097879
BAD 168525097883
BAD 168525097891
BAD 168525097921
BAD 168525097927
BAD 168525263597
BAD 168525293413
BAD 168525311987
BAD 168525311989
BAD 168525686207
BAD 168525686209
BAD 168525686213
BAD 168525686239
BAD 168525686281
BAD 168525741367
BAD 168525741383
BAD 168525741389
BAD 168525984779
BAD 168526279309
BAD 168526747021
BAD 168526806181
BAD 168527285401
BAD 168528154621
BAD 168528665257
BAD 168529158953
BAD 168529313101
BAD 168529469513
BAD 168529642751
BAD 168530470967
BAD 168531472793
BAD 168531472801
BAD 168531847177
BAD 168532468891
BAD 168533292847
BAD 168533904361
BAD 168534511261
BAD 168534555229
BAD 168535502669
BAD 168535502671
BAD 168536206147
BAD 168536616943
BAD 168536616971
BAD 168536938621
BAD 168537214673
BAD 168538346929
BAD 168538346941
BAD 168538408681
BAD 168539425991
BAD 168539425993
BAD 168539425997
BAD 168539426023
BAD 168506049667
BAD 168506327719
BAD 168506327723
BAD 168506327777
BAD 168506416999
BAD 168506436911
BAD 168506436913
BAD 168507657959
BAD 168508450093
BAD 168509271923
BAD 168509271929
BAD 168509308973
BAD 168509309011
BAD 168509526023
BAD 168510205789
BAD 168510205793
BAD 168510205813
BAD 168510630193
BAD 168510630199
BAD 168511566709
BAD 168511729523
BAD 168512232893
BAD 168512232907
BAD 168512232923
BAD 168512232943
BAD 168512418379
BAD 168512459077
BAD 168512459083
BAD 168512459099
BAD 168513040373
BAD 168513085471
BAD 168513107723
BAD 168513136567
BAD 168513326273
BAD 168513336391
BAD 168513587327
BAD 168513587329
BAD 168514414553
BAD 168514693121
BAD 168514793921
BAD 168515529593
BAD 168516428807
BAD 168516428809
BAD 168516782389
BAD 168516782393
BAD 168517033549
BAD 168517033561
BAD 168517097869
BAD 168518347159
BAD 168518347163
BAD 168518440249
BAD 168518617723
BAD 168518645639
BAD 168518645641
BAD 168518674801
BAD 168518854789
BAD 168519079349
BAD 168519395813
BAD 168520186607
BAD 168520186609
BAD 168520295927
BAD 168520295929
BAD 168489527197
BAD 168489527249
BAD 168489527251
BAD 168489527299
BAD 168520589929
BAD 168520613719
BAD 168521006587
BAD 168521473489
BAD 168490498327
BAD 168490498331
BAD 168521964503
BAD 168522255169
BAD 168491679739
BAD 168491897059
BAD 168492400807
BAD 168492412537
BAD 168493628273
BAD 168493628299
BAD 168493628309
BAD 168493628311
BAD 168493629281
BAD 168493987591
BAD 168494061293
BAD 168494539391
BAD 168494539393
BAD 168494700511
BAD 168494893823
BAD 168494989681
BAD 168495583961
BAD 168495943951
BAD 168496247771
BAD 168496247839
BAD 168496279663
BAD 168496321471
BAD 168496442423
BAD 168496737901
BAD 168496738073
BAD 168496738079
BAD 168497480863
BAD 168497859863
BAD 168499406687
BAD 168499406689
BAD 168499406693
BAD 168499813679
BAD 168499813681
BAD 168500410097
BAD 168500503231
BAD 168500761201
BAD 168500761207
BAD 168501156559
BAD 168502178573
BAD 168502395029
BAD 168502395031
BAD 168502415911
BAD 168502739711
BAD 168502739723
BAD 168503248289
BAD 168504384541
BAD 168504756919
BAD 168504756947
BAD 168504756949
BAD 168505293433
BAD 168505789181
BAD 168505789183
BAD 168505799899
BAD 168506037277
BAD 168506037283
BAD 168506037289
BAD 168540397981
BAD 168540522877
BAD 168540910523
BAD 168540910529
BAD 168541103413
BAD 168541305061
BAD 168542166487
BAD 168542166497
BAD 168542166503
BAD 168543242437
BAD 168544088597
BAD 168544088599
BAD 168544572437
BAD 168544572439
BAD 168545648683
BAD 168545806829
BAD 168545891407
BAD 168545891411
BAD 168545891413
BAD 168545891419
BAD 168546080413
BAD 168546552709
BAD 168546675653
BAD 168547328933
BAD 168547741147
BAD 168547849157
BAD 168547849159
BAD 168547849163
BAD 168547849177
BAD 168548468633
BAD 168548510657
BAD 168548510659
BAD 168548510677
BAD 168548633479
BAD 168548864279
BAD 168548952433
BAD 168549053641
BAD 168549188729
BAD 168549576599
BAD 168549576607
BAD 168549967013
BAD 168550248649
BAD 168550326883
BAD 168550340059
BAD 168550340071
BAD 168550588861
BAD 168550588867
BAD 168551437099
BAD 168551498053
BAD 168553369493
BAD 168553369531
BAD 168553577141
BAD 168553577147
BAD 168553577149
BAD 168553907381
BAD 168554752519
BAD 168555719279
BAD 168555719281
BAD 168556258643
BAD 168675462343
BAD 168675522361
BAD 168675689363
BAD 168676406221
BAD 168676735039
BAD 168677300983
BAD 168677300989
BAD 168677300993
BAD 168677324633
BAD 168640959779
BAD 168677902531
BAD 168677948431
BAD 168641592047
BAD 168641999797
BAD 168678391397
BAD 168678391403
BAD 168642036203
BAD 168678534047
BAD 168678534049
BAD 168642829907
BAD 168643676023
BAD 168643676059
BAD 168643676353
BAD 168643676371
BAD 168680087911
BAD 168644433011
BAD 168644834297
BAD 168644834299
BAD 168556739599
BAD 168557041703
BAD 168681789217
BAD 168681789223
BAD 168658472417
BAD 168658472419
BAD 168646229027
BAD 168646229039
BAD 168646256963
BAD 168658697303
BAD 168557563861
BAD 168557652301
BAD 168682552901
BAD 168682552903
BAD 168659173079
BAD 168647069629
BAD 168683347003
BAD 168659907499
BAD 168558930019
BAD 168558930091
BAD 168559078081
BAD 168559188527
BAD 168559188529
BAD 168660185389
BAD 168648467893
BAD 168559571491
BAD 168707595809
BAD 168707595811
BAD 168648521023
BAD 168660240347
BAD 168660240349
BAD 168660240361
BAD 168707685863
BAD 168648630349
BAD 168660909049
BAD 168758261603
BAD 168649292821
BAD 168649292993
BAD 168758305913
BAD 168758305921
BAD 168661071181
BAD 168649384621
BAD 168560732513
BAD 168758679521
BAD 168758762677
BAD 168758762681
BAD 168649995979
BAD 168709079327
BAD 168758945123
BAD 168661790431
BAD 168759024319
BAD 168661996441
BAD 168808256093
BAD 168808256101
BAD 168650980891
BAD 168724992473
BAD 168709802399
BAD 168760061111
BAD 168561815819
BAD 168662547421
BAD 168808431383
BAD 168760283849
BAD 168561944869
BAD 168561964523
BAD 168808775209
BAD 168808775249
BAD 168808775251
BAD 168808775257
BAD 168760721911
BAD 168760721917
BAD 168760721923
BAD 168725738047
BAD 168808905679
BAD 168663204187
BAD 168725862989
BAD 168710537407
BAD 168710537419
BAD 168710537423
BAD 168562361791
BAD 168562361819
BAD 168761066431
BAD 168809198963
BAD 168663556349
BAD 168663556351
BAD 168563362259
BAD 168726661447
BAD 168652712867
BAD 168809541361
BAD 168711127471
BAD 168711127477
BAD 168711127483
BAD 168711127489
BAD 168663578753
BAD 168809583647
BAD 168809583659
BAD 168563466229
BAD 168563466233
BAD 168563466241
BAD 168563466361
BAD 168563466373
BAD 168563466377
BAD 168711386329
BAD 168726950281
BAD 168727022941
BAD 168663955013
BAD 168563664053
BAD 168727050157
BAD 168727110319
BAD 168727110323
BAD 168727110449
BAD 168727110451
BAD 168810067219
BAD 168810067249
BAD 168810067253
BAD 168607215097
BAD 168563976109
BAD 168684408293
BAD 168762924797
BAD 168711790873
BAD 168728560943
BAD 168711790883
BAD 168607215103
BAD 168653337011
BAD 168564173749
BAD 168564173753
BAD 168711953903
BAD 168607442329
BAD 168711984829
BAD 168712099631
BAD 168729070931
BAD 168729070933
BAD 168729070943
BAD 168763429699
BAD 168564975289
BAD 168608305373
BAD 168608305379
BAD 168608305381
BAD 168653972009
BAD 168653972027
BAD 168565279793
BAD 168608595167
BAD 168685260859
BAD 168608716231
BAD 168565555133
BAD 168775400753
BAD 168608781349
BAD 168690798713
BAD 168685478413
BAD 168729801517
BAD 168690798721
BAD 168565555139
BAD 168664140529
BAD 168763899289
BAD 168565555141
BAD 168729801523
BAD 168685478419
BAD 168655057091
BAD 168655057093
BAD 168655057097
BAD 168655057099
BAD 168775400771
BAD 168775400779
BAD 168763955167
BAD 168763955179
BAD 168763955183
BAD 168763955209
BAD 168763955221
BAD 168775460213
BAD 168690888799
BAD 168608941411
BAD 168565684387
BAD 168565684393
BAD 168565684411
BAD 168712985123
BAD 168764219587
BAD 168686208799
BAD 168664820603
BAD 168691008293
BAD 168811321463
BAD 168566248141
BAD 168764221891
BAD 168686208811
BAD 168691008307
BAD 168776249753
BAD 168764221897
BAD 168609493163
BAD 168764221903
BAD 168764221909
BAD 168730160783
BAD 168730160789
BAD 168730160791
BAD 168764254433
BAD 168764279087
BAD 168691083739
BAD 168609588029
BAD 168609588031
BAD 168686331523
BAD 168686404361
BAD 168686404363
BAD 168811500107
BAD 168811500239
BAD 168811500241
BAD 168764542033
BAD 168776434433
BAD 168776487107
BAD 168730667629
BAD 168655727743
BAD 168691457749
BAD 168764671277
BAD 168730667639
BAD 168665980271
BAD 168764671279
BAD 168686829079
BAD 168764671301
BAD 168811775663
BAD 168566939393
BAD 168609962867
BAD 168776487109
BAD 168764671303
BAD 168811775669
BAD 168566939419
BAD 168811775689
BAD 168566947183
BAD 168566947187
BAD 168691489691
BAD 168691489693
BAD 168811805977
BAD 168811805993
BAD 168811806001
BAD 168567021053
BAD 168610110587
BAD 168666314293
BAD 168811985609
BAD 168811985611
BAD 168765050303
BAD 168610429087
BAD 168812765633
BAD 168731143057
BAD 168567807593
BAD 168713387021
BAD 168765050329
BAD 168656547287
BAD 168668726927
BAD 168691903759
BAD 168765050371
BAD 168567807601
BAD 168610429093
BAD 168668726929
BAD 168687471067
BAD 168610429111
BAD 168567807607
BAD 168691976449
BAD 168668814277
BAD 168713515423
BAD 168812911373
BAD 168812911381
BAD 168812911391
BAD 168656765833
BAD 168656765839
BAD 168669027803
BAD 168669042943
BAD 168669042967
BAD 168669043003
BAD 168568051727
BAD 168568051739
BAD 168610647113
BAD 168692839703
BAD 168669188227
BAD 168656878829
BAD 168813325763
BAD 168731783419
BAD 168714694601
BAD 168669188231
BAD 168687811381
BAD 168714694609
BAD 168765492823
BAD 168568051741
BAD 168714699523
BAD 168714699529
BAD 168731863373
BAD 168731863387
BAD 168731874433
BAD 168765563359
BAD 168765563363
BAD 168765563371
BAD 168765563381
BAD 168731896429
BAD 168688025123
BAD 168610936433
BAD 168610936441
BAD 168610936621
BAD 168777153707
BAD 168777153709
BAD 168669417491
BAD 168669417493
BAD 168611524831
BAD 168715114307
BAD 168688124357
BAD 168732373309
BAD 168813604979
BAD 168688124359
BAD 168765782179
BAD 168568326491
BAD 168813657923
BAD 168813744353
BAD 168813744383
BAD 168693952759
BAD 168715421689
BAD 168694195399
BAD 168694195403
BAD 168688510121
BAD 168814307677
BAD 168715747457
BAD 168669877157
BAD 168669877171
BAD 168766198621
BAD 168694375651
BAD 168694375657
BAD 168715920167
BAD 168715920169
BAD 168670071151
BAD 168670071187
BAD 168733312621
BAD 168766410847
BAD 168568991093
BAD 168670352987
BAD 168766775959
BAD 168734829547
BAD 168716363873
BAD 168694911529
BAD 168777352823
BAD 168568991267
BAD 168689154307
BAD 168815607383
BAD 168694929961
BAD 168612802951
BAD 168612802957
BAD 168612802979
BAD 168612803063
BAD 168612803069
BAD 168694947403
BAD 168716553053
BAD 168695224309
BAD 168716644861
BAD 168716644939
BAD 168695244569
BAD 168716696051
BAD 168689432983
BAD 168777659663
BAD 168816191581
BAD 168777738953
BAD 168695525683
BAD 168695645281
BAD 168695702731
BAD 168671149093
BAD 168717856897
BAD 168735458953
BAD 168689727757
BAD 168778477627
BAD 168696054713
BAD 168613886149
BAD 168671149099
BAD 168816691391
BAD 168689727853
BAD 168671149103
BAD 168689727859
BAD 168689727863
BAD 168613886153
BAD 168569748187
BAD 168569748233
BAD 168569785543
BAD 168689908591
BAD 168689908613
BAD 168696369701
BAD 168696369703
BAD 168696369707
BAD 168817178851
BAD 168817178867
BAD 168817178869
BAD 168817254443
BAD 168817254457
BAD 168817342417
BAD 168696685621
BAD 168696714887
BAD 168696714889
BAD 168571643203
BAD 168614412319
BAD 168690482833
BAD 168817507009
BAD 168778687201
BAD 168589953551
BAD 168817507073
BAD 168719026583
BAD 168767307593
BAD 168589953557
BAD 168589953559
BAD 168719026613
BAD 168767307623
BAD 168696825047
BAD 168696825049
BAD 168719192437
BAD 168671806243
BAD 168671884373
BAD 168614721889
BAD 168614748647
BAD 168614748649
BAD 168817901137
BAD 168736014709
BAD 168736014721
BAD 168614795969
BAD 168614795971
BAD 168614861747
BAD 168614861749
BAD 168767791501
BAD 168614931811
BAD 168572087767
BAD 168736504999
BAD 168719680333
BAD 168697168513
BAD 168590970293
BAD 168767854159
BAD 168672086399
BAD 168697168579
BAD 168767854163
BAD 168767854169
BAD 168818438629
BAD 168672110539
BAD 168697259813
BAD 168591173477
BAD 168591173479
BAD 168672514669
BAD 168719955473
BAD 168591391193
BAD 168591434939
BAD 168672862459
BAD 168672862469
BAD 168591465631
BAD 168737348771
BAD 168697826513
BAD 168697826519
BAD 168737766851
BAD 168737766853
BAD 168737766871
BAD 168780202733
BAD 168780202781
BAD 168780202783
BAD 168721743493
BAD 168769442183
BAD 168819497359
BAD 168615651319
BAD 168673404313
BAD 168738385853
BAD 168592374463
BAD 168592374469
BAD 168738385859
BAD 168738385861
BAD 168780202793
BAD 168698181541
BAD 168615743719
BAD 168721868377
BAD 168673692961
BAD 168722156623
BAD 168819948727
BAD 168592867673
BAD 168592867679
BAD 168592867699
BAD 168616213373
BAD 168820076783
BAD 168820111963
BAD 168698477903
BAD 168616515259
BAD 168722577173
BAD 168722577181
BAD 168722670689
BAD 168820553399
BAD 168820553401
BAD 168616697803
BAD 168698602973
BAD 168820553417
BAD 168593556953
BAD 168616697807
BAD 168593556959
BAD 168698602981
BAD 168593556961
BAD 168593556991
BAD 168593556997
BAD 168616719043
BAD 168780946351
BAD 168780956999
BAD 168780957001
BAD 168616775233
BAD 168739025263
BAD 168820662509
BAD 168820662511
BAD 168820671091
BAD 168616799269
BAD 168770190209
BAD 168781004591
BAD 168616839143
BAD 168781004593
BAD 168781004597
BAD 168781004599
BAD 168781004603
BAD 168616883917
BAD 168723246091
BAD 168698840881
BAD 168770346131
BAD 168723293467
BAD 168781105177
BAD 168593856349
BAD 168770346133
BAD 168770346137
BAD 168770346139
BAD 168698865763
BAD 168739218469
BAD 168739218491
BAD 168739218493
BAD 168821114543
BAD 168821126231
BAD 168723417769
BAD 168770466989
BAD 168770467013
BAD 168770543273
BAD 168699253699
BAD 168699328807
BAD 168699328813
BAD 168699344651
BAD 168617734163
BAD 168699419543
BAD 168821541583
BAD 168739632101
BAD 168617991623
BAD 168739686149
BAD 168739686151
BAD 168594837193
BAD 168699634343
BAD 168595187483
BAD 168771065909
BAD 168724025161
BAD 168724025167
BAD 168618673357
BAD 168618722359
BAD 168724142701
BAD 168619013377
BAD 168595634503
BAD 168595634507
BAD 168595634509
BAD 168740299633
BAD 168771436453
BAD 168822550601
BAD 168699981787
BAD 168782408791
BAD 168595922401
BAD 168822876269
BAD 168822876281
BAD 168822876283
BAD 168700189243
BAD 168782541569
BAD 168740530733
BAD 168740581829
BAD 168740581831
BAD 168740581861
BAD 168700289689
BAD 168619742311
BAD 168619827221
BAD 168619827223
BAD 168700404233
BAD 168619827227
BAD 168771957251
BAD 168771957253
BAD 168771957257
BAD 168771971803
BAD 168771971807
BAD 168771971813
BAD 168619894013
BAD 168772048297
BAD 168772054291
BAD 168620057831
BAD 168620057833
BAD 168823798487
BAD 168823798489
BAD 168620105081
BAD 168620105083
BAD 168596654623
BAD 168596663947
BAD 168620233673
BAD 168700632301
BAD 168700640291
BAD 168700640293
BAD 168700640299
BAD 168824045513
BAD 168783341767
BAD 168620500843
BAD 168597040543
BAD 168772504231
BAD 168824506223
BAD 168597169933
BAD 168783745777
BAD 168620646643
BAD 168701190529
BAD 168772755691
BAD 168597262103
BAD 168783982201
BAD 168783982219
BAD 168783982223
BAD 168783982243
BAD 168783982247
BAD 168784021117
BAD 168824669183
BAD 168824672453
BAD 168824672459
BAD 168824672461
BAD 168597502373
BAD 168824753863
BAD 168773102447
BAD 168621366107
BAD 168784959199
BAD 168784985323
BAD 168785113073
BAD 168702027353
BAD 168702027359
BAD 168598294661
BAD 168598294663
BAD 168598294723
BAD 168598294763
BAD 168598298003
BAD 168785453399
BAD 168621675503
BAD 168785453401
BAD 168773642137
BAD 168785501477
BAD 168785501483
BAD 168785501527
BAD 168785501537
BAD 168785501539
BAD 168621772699
BAD 168621772703
BAD 168773876669
BAD 168773876671
BAD 168621986483
BAD 168598767119
BAD 168598925393
BAD 168598925401
BAD 168599191637
BAD 168599191639
BAD 168599191643
BAD 168702935417
BAD 168702935419
BAD 168702935449
BAD 168702935459
BAD 168702935461
BAD 168599265689
BAD 168599265691
BAD 168599265727
BAD 168599265743
BAD 168599265749
BAD 168786825803
BAD 168622733611
BAD 168622946551
BAD 168622946563
BAD 168622946567
BAD 168622961029
BAD 168622961033
BAD 168622961041
BAD 168599631763
BAD 168599631773
BAD 168703530077
BAD 168703530089
BAD 168703530091
BAD 168703583161
BAD 168787468309
BAD 168787468327
BAD 168787468337
BAD 168787576063
BAD 168703883797
BAD 168787791673
BAD 168787802509
BAD 168704082241
BAD 168704082247
BAD 168704201011
BAD 168704201021
BAD 168704201023
BAD 168600642863
BAD 168788461771
BAD 168788461837
BAD 168788461847
BAD 168788715559
BAD 168788781547
BAD 168705266761
BAD 168601668233
BAD 168601668253
BAD 168601909771
BAD 168705769237
BAD 168789518971
BAD 168789518977
BAD 168602145167
BAD 168602188019
BAD 168789627103
BAD 168602352109
BAD 168789774541
BAD 168789774557
BAD 168789795287
BAD 168789795289
BAD 168706170979
BAD 168706210727
BAD 168706235273
BAD 168706235309
BAD 168706273457
BAD 168706273459
BAD 168790072291
BAD 168706542383
BAD 168790388849
BAD 168706741079
BAD 168790657261
BAD 168603405889
BAD 168603510479
BAD 168790949389
BAD 168604684279
BAD 168604711633
BAD 168604718573
BAD 168604718603
BAD 168604718609
BAD 168604718617
BAD 168605393123
BAD 168605659063
BAD 168825013463
BAD 168825511403
BAD 168825511423
BAD 168825511433
BAD 168825985381
BAD 168826211647
BAD 168826460851
BAD 168826668191
BAD 168826668193
BAD 168827169617
BAD 168827169619
BAD 168828220709
BAD 168828220711
BAD 168828326309
BAD 168828326311
BAD 168828576457
BAD 168828576473
BAD 168828576509
BAD 168828763423
BAD 168828954743
BAD 168829095797
BAD 168573218017
BAD 168573446633
BAD 168830528521
BAD 168573937271
BAD 168574089889
BAD 168574089923
BAD 168830973683
BAD 168830973697
BAD 168830973709
BAD 168830973713
BAD 168830973721
BAD 168574338643
BAD 168831746273
BAD 168831893917
BAD 168831893947
BAD 168575326027
BAD 168575326063
BAD 168841960393
BAD 168841960403
BAD 168833400161
BAD 168833400163
BAD 168833400167
BAD 168833400173
BAD 168576619097
BAD 168576635273
BAD 168576640021
BAD 168842155303
BAD 168842353681
BAD 168834798763
BAD 168843204107
BAD 168843204109
BAD 168843204121
BAD 168835488377
BAD 168835619573
BAD 168835619587
BAD 168835778407
BAD 168835827421
BAD 168835827431
BAD 168835987519
BAD 168836057993
BAD 168844473619
BAD 168844512413
BAD 168844574303
BAD 168844811467
BAD 168844960423
BAD 168844960489
BAD 168844960519
BAD 168844960523
BAD 168838154833
BAD 168845027513
BAD 168838298051
BAD 168838298053
BAD 168838298059
BAD 168838298063
BAD 168838519261
BAD 168838519271
BAD 168838519273
BAD 168838519277
BAD 168838519279
BAD 168576944149
BAD 168576944153
BAD 168839394391
BAD 168839411869
BAD 168577046389
BAD 168577082423
BAD 168839662577
BAD 168846161933
BAD 168577417249
BAD 168840188711
BAD 168840348119
BAD 168840348121
BAD 168577814869
BAD 168847142417
BAD 168847142419
BAD 168847241411
BAD 168578424541
BAD 168578424571
BAD 168578506193
BAD 168791320463
BAD 168578678861
BAD 168578939899
BAD 168578965073
BAD 168578965081
BAD 168579109159
BAD 168623517991
BAD 168623856259
BAD 168623856263
BAD 168579507181
BAD 168579880927
BAD 168624620243
BAD 168848949013
BAD 168792888793
BAD 168580466809
BAD 168792888799
BAD 168849468947
BAD 168849629821
BAD 168581040113
BAD 168581051167
BAD 168793793563
BAD 168581140471
BAD 168850277977
BAD 168625935649
BAD 168626237077
BAD 168626237081
BAD 168626237083
BAD 168626248711
BAD 168850939951
BAD 168850964333
BAD 168851313623
BAD 168627020767
BAD 168627020773
BAD 168795086183
BAD 168627365611
BAD 168795194699
BAD 168627474331
BAD 168795402179
BAD 168582623543
BAD 168627669319
BAD 168627669323
BAD 168852673411
BAD 168627911597
BAD 168854514481
BAD 168796392733
BAD 168742395593
BAD 168854514487
BAD 168627911603
BAD 168627911609
BAD 168627911611
BAD 168628026037
BAD 168628161287
BAD 168796745869
BAD 168855033617
BAD 168628495159
BAD 168628495163
BAD 168628498151
BAD 168628498153
BAD 168797037323
BAD 168742919603
BAD 168742919651
BAD 168797282209
BAD 168629032309
BAD 168629032321
BAD 168743341733
BAD 168797897867
BAD 168797897869
BAD 168855931319
BAD 168797965657
BAD 168629663663
BAD 168629663669
BAD 168629663693
BAD 168798355987
BAD 168744668513
BAD 168630610741
BAD 168744668737
BAD 168798355997
BAD 168856996801
BAD 168798452569
BAD 168798452573
BAD 168630720761
BAD 168630720763
BAD 168799109473
BAD 168799146787
BAD 168799146793
BAD 168799157251
BAD 168745962467
BAD 168745970389
BAD 168631656863
BAD 168857742059
BAD 168857742061
BAD 168799596997
BAD 168746347519
BAD 168746402417
BAD 168631927999
BAD 168631930603
BAD 168631930609
BAD 168631930657
BAD 168746538293
BAD 168746538319
BAD 168746538329
BAD 168799853479
BAD 168799853483
BAD 168746567501
BAD 168858083299
BAD 168746567503
BAD 168799855261
BAD 168583291441
BAD 168583291453
BAD 168632269453
BAD 168583348343
BAD 168583568443
BAD 168747184951
BAD 168747258877
BAD 168747457583
BAD 168747457591
BAD 168632614957
BAD 168632671531
BAD 168801113483
BAD 168632912059
BAD 168748319783
BAD 168748346719
BAD 168633351751
BAD 168748374877
BAD 168748374901
BAD 168748624189
BAD 168748624193
BAD 168584837807
BAD 168584837809
BAD 168748894973
BAD 168749451259
BAD 168749451263
BAD 168749451271
BAD 168749451281
BAD 168585517973
BAD 168749463451
BAD 168803548853
BAD 168585544159
BAD 168749497463
BAD 168585639799
BAD 168634704467
BAD 168634704473
BAD 168585701387
BAD 168749735699
BAD 168749735701
BAD 168804101633
BAD 168586020403
BAD 168804261799
BAD 168586096489
BAD 168804414743
BAD 168804414749
BAD 168635126509
BAD 168804531319
BAD 168804699863
BAD 168750682193
BAD 168586492273
BAD 168750682201
BAD 168586515577
BAD 168586515583
BAD 168750759143
BAD 168586606103
BAD 168586606109
BAD 168635645939
BAD 168858651139
BAD 168587693657
BAD 168636037819
BAD 168805955911
BAD 168750976027
BAD 168750976033
BAD 168858738571
BAD 168858738577
BAD 168858738583
BAD 168806104223
BAD 168636219743
BAD 168636219757
BAD 168858873773
BAD 168806469331
BAD 168806469343
BAD 168588319589
BAD 168588319591
BAD 168859409671
BAD 168806869879
BAD 168806869883
BAD 168752020961
BAD 168806871091
BAD 168806871169
BAD 168752084713
BAD 168752164837
BAD 168752164849
BAD 168752164859
BAD 168752279473
BAD 168588822307
BAD 168588822319
BAD 168588822323
BAD 168637168813
BAD 168752555089
BAD 168752555093
BAD 168752555107
BAD 168637252859
BAD 168752639879
BAD 168807558823
BAD 168807558827
BAD 168807667439
BAD 168807667459
BAD 168753047387
BAD 168753047389
BAD 168589527679
BAD 168589527683
BAD 168589635211
BAD 168589635229
BAD 168589635233
BAD 168589635241
BAD 168860779603
BAD 168753230483
BAD 168638268833
BAD 168638286769
BAD 168638286829
BAD 168753363853
BAD 168753363859
BAD 168638346187
BAD 168589894021
BAD 168638392873
BAD 168861489373
BAD 168753976973
BAD 168639282703
BAD 168639282709
BAD 168862017733
BAD 168639807703
BAD 168639807709
BAD 168639853729
BAD 168754596991
BAD 168754597001
BAD 168754597003
BAD 168754726771
BAD 168862751401
BAD 168862751437
BAD 168862751441
BAD 168862751443
BAD 168862751507
BAD 168862897579
BAD 168862897583
BAD 168755245727
BAD 168755245733
BAD 168755282513
BAD 168864051091
BAD 168756128603
BAD 168756191819
BAD 168864276439
BAD 168864741011
BAD 168864741013
BAD 168865102313
BAD 168865380529
BAD 168866086867
BAD 168866395699
BAD 168875607463
BAD 168867452123
BAD 168876029983
BAD 168876181283
BAD 168867788909
BAD 168867788911
BAD 168876813751
BAD 168868317859
BAD 168868444489
BAD 168877525849
BAD 168877860973
BAD 168870471613
BAD 168879865621
BAD 168880636063
BAD 168880636069
BAD 168871106101
BAD 168881020589
BAD 168871303589
BAD 168871303591
BAD 168871657159
BAD 168881349079
BAD 168881431289
BAD 168881431291
BAD 168881431309
BAD 168881431351
BAD 168872108423
BAD 168872108453
BAD 168872253799
BAD 168872353303
BAD 168881795311
BAD 168872474423
BAD 168881913311
BAD 168882057007
BAD 168873533341
BAD 168873533363
BAD 168873533449
BAD 168873533453
BAD 168873597791
BAD 168873597793
BAD 168882646957
BAD 168883337341
BAD 168883337369
BAD 168883337419
BAD 168884416097
BAD 168884799451
BAD 168885219341
BAD 168885219343
BAD 168885326299
BAD 168885500831
BAD 168885500857
BAD 168885500921
BAD 168885500947
BAD 168885501067
BAD 168885723133
BAD 168885757307
BAD 168885757309
BAD 168886012979
BAD 168886690523
BAD 168887507203
BAD 168887507207
BAD 168887847943
BAD 168888161587
BAD 168888161641
BAD 168888275261
BAD 168888275263
BAD 168888731213
BAD 168888839953
BAD 168888839957
BAD 168888844339
BAD 168888844343
BAD 168889657969
BAD 168890001851
BAD 168890001853
BAD 168890001893
BAD 168891062471
BAD 168891294413
BAD 168892688077
BAD 168893154673
BAD 168893154679
BAD 168893154691
BAD 168893272789
BAD 168893570761
BAD 168893583059
BAD 168894371183
BAD 168894378781
BAD 168894640793
BAD 168895032379
BAD 168895282957
BAD 168895282967
BAD 168895923047
BAD 168896143597
BAD 168896143613
BAD 168896143657
BAD 168896154733
BAD 168896392669
BAD 168896392673
BAD 168896392681
BAD 168896596823
BAD 168896993521
BAD 168897136027
BAD 168897312611
BAD 168897312613
BAD 168897826259
BAD 168897826261
BAD 168897846553
BAD 168898252097
BAD 168898831501
BAD 168899167951
BAD 168899167963
BAD 168899722241
BAD 168899722249
BAD 168899855191
BAD 168900263869
BAD 168900725113
BAD 168900725117
BAD 168901174697
BAD 168901248907
BAD 168901261549
BAD 168901261913
BAD 168901401989
BAD 168901402001
BAD 168901402003
BAD 168902147671
BAD 168902443291
BAD 168902738663
BAD 168903216271
BAD 168903916969
BAD 168904313353
BAD 168904567781
BAD 168904731959
BAD 168904791401
BAD 168904791403
BAD 168904791413
BAD 168904893061
BAD 168905006911
BAD 168906440543
BAD 168906472981
BAD 168906553289
BAD 168906553331
BAD 168906553337
BAD 168906553339
BAD 168906553429
BAD 168907137743
BAD 168907256941
BAD 168907301741
BAD 168907301749
BAD 168907389019
BAD 168907389023
BAD 168907389031
BAD 168907389037
BAD 168907389047
BAD 168907889209
BAD 168908149523
BAD 168908178853
BAD 168925611737
BAD 168925611739
BAD 168925667431
BAD 168925667437
BAD 168926695831
BAD 168926695849
BAD 168926695853
BAD 168927178241
BAD 168927449083
BAD 168927449111
BAD 168927449113
BAD 168928639021
BAD 168928639027
BAD 168928663957
BAD 168928663963
BAD 168928663973
BAD 168928663991
BAD 168929044681
BAD 168929286629
BAD 168929439193
BAD 168929439197
BAD 168929439199
BAD 168929748067
BAD 168929797433
BAD 168930133231
BAD 168931309411
BAD 168931360111
BAD 168932710853
BAD 168932819701
BAD 168934896007
BAD 168934999243
BAD 168935319743
BAD 168935319757
BAD 168935937773
BAD 168936138121
BAD 168936232741
BAD 168936402731
BAD 168937202689
BAD 168937576831
BAD 168938454413
BAD 168939220871
BAD 168939220873
BAD 168939364021
BAD 168940024303
BAD 168940689647
BAD 168940689649
BAD 168940792591
BAD 168941213033
BAD 168941213039
BAD 168941213041
BAD 168941624119
BAD 168941770691
BAD 168941770747
BAD 168941952409
BAD 168942191191
BAD 168942242087
BAD 168908996077
BAD 168909109639
BAD 168909110569
BAD 168909146647
BAD 168909325093
BAD 168910183679
BAD 168910371151
BAD 168910371199
BAD 168910814011
BAD 168913078393
BAD 168914104873
BAD 168915182819
BAD 168915541741
BAD 168916202107
BAD 168916630249
BAD 168917589031
BAD 168918781081
BAD 168919135403
BAD 168919185091
BAD 168919222819
BAD 168919222831
BAD 168919719797
BAD 168919719799
BAD 168919719803
BAD 168920234473
BAD 168920649743
BAD 168920649749
BAD 168921023503
BAD 168921023543
BAD 168921455569
BAD 168921538957
BAD 168921837199
BAD 168922067857
BAD 168922067861
BAD 168922067863
BAD 168922508947
BAD 168923679839
BAD 168923840719
BAD 168924750233
BAD 168925247873
BAD 168942357643
BAD 168943645487
BAD 168943645489
BAD 168944396017
BAD 168945498391
BAD 168945503669
BAD 168946415101
BAD 168946892221
BAD 168946892227
BAD 168946892237
BAD 168947062289
BAD 168947261713
BAD 168948265261
BAD 168948570631
BAD 168948672523
BAD 168948874189
BAD 168949848391
BAD 168949848401
BAD 168949848439
BAD 168975865909
BAD 168975928453
BAD 168950746381
BAD 168975928463
BAD 168951031829
BAD 168951031913
BAD 168951031919
BAD 168951031927
BAD 168976206599
BAD 168976206601
BAD 168976207669
BAD 168976207681
BAD 168951292429
BAD 168993206051
BAD 168951581707
BAD 168951677929
BAD 168951677933
BAD 168976934317
BAD 168951753307
BAD 168993588377
BAD 168993588461
BAD 168952060523
BAD 168993726289
BAD 168993995419
BAD 169111610251
BAD 168977389927
BAD 168977403961
BAD 169111673173
BAD 168952637479
BAD 168977782999
BAD 168977783003
BAD 168977783011
BAD 169112229661
BAD 168953027557
BAD 169112229667
BAD 169112229677
BAD 169112229679
BAD 168953433647
BAD 169112785981
BAD 168953565257
BAD 168953565259
BAD 168953646319
BAD 169113760567
BAD 169113828619
BAD 169113828623
BAD 168979304503
BAD 168954867293
BAD 168954906877
BAD 168954906881
BAD 168954910951
BAD 168979528951
BAD 168954963091
BAD 168955022447
BAD 168955022449
BAD 169114323583
BAD 169114323601
BAD 169127433193
BAD 169127433199
BAD 169127433257
BAD 169127433259
BAD 169114910543
BAD 168980402893
BAD 169128129953
BAD 168955763311
BAD 168994515113
BAD 169128129967
BAD 169115306897
BAD 168994676759
BAD 168994676761
BAD 169115358703
BAD 169115358719
BAD 169128418663
BAD 169115727061
BAD 168956230879
BAD 168995178403
BAD 168956418151
BAD 169116187243
BAD 168956518729
BAD 168956518747
BAD 169129017457
BAD 169116293263
BAD 168956680447
BAD 169129491877
BAD 168956888461
BAD 168956888509
BAD 168956888531
BAD 168956888533
BAD 169116799793
BAD 169116890857
BAD 169116890861
BAD 169116890863
BAD 169116890869
BAD 168996329149
BAD 168957030097
BAD 168996329153
BAD 168996376463
BAD 168957066119
BAD 168957066121
BAD 169116958609
BAD 169129911421
BAD 169130051887
BAD 169117427119
BAD 168957404333
BAD 168957404351
BAD 168996910309
BAD 169117534589
BAD 169117534591
BAD 168957700567
BAD 169130580427
BAD 169130580433
BAD 169130580439
BAD 169118000629
BAD 169118000633
BAD 168958338097
BAD 168958338103
BAD 168958367731
BAD 168997843723
BAD 168958556779
BAD 169119007271
BAD 168958598539
BAD 168958799561
BAD 168958799573
BAD 168958831973
BAD 169132038841
BAD 168980402911
BAD 169119962261
BAD 168958831981
BAD 168958831999
BAD 169120008103
BAD 168980477363
BAD 169132178401
BAD 169132178431
BAD 169132231859
BAD 169132231861
BAD 168998229401
BAD 168998229403
BAD 168998229409
BAD 169132344127
BAD 169132344131
BAD 169132344133
BAD 168981090373
BAD 168998530847
BAD 168998530849
BAD 169132998803
BAD 169120715083
BAD 169133103709
BAD 169133157731
BAD 169120951007
BAD 169120951009
BAD 169121016199
BAD 169133995939
BAD 168982344199
BAD 168982344203
BAD 169134414863
BAD 168999597023
BAD 169134414881
BAD 169121861123
BAD 169134414923
BAD 169121861149
BAD 169121912629
BAD 169121945593
BAD 168982466039
BAD 168982466041
BAD 168982529579
BAD 168982529581
BAD 169122343343
BAD 169122449941
BAD 168982823281
BAD 168982861309
BAD 169122572611
BAD 168982970287
BAD 168982970293
BAD 169122717811
BAD 169122785483
BAD 169000440047
BAD 169135286429
BAD 169135286431
BAD 169000479911
BAD 169000479913
BAD 169000479959
BAD 169000479961
BAD 169000560049
BAD 169135604419
BAD 168983943353
BAD 169135614679
BAD 169135614691
BAD 169001011379
BAD 169136240431
BAD 169001536883
BAD 169136290943
BAD 169136290957
BAD 169136496941
BAD 169136496943
BAD 168984411403
BAD 168984411529
BAD 169002019253
BAD 169002059063
BAD 168984866993
BAD 168984903023
BAD 168984903029
BAD 169137120709
BAD 168985171343
BAD 168985171361
BAD 168985171363
BAD 169137158689
BAD 168985299503
BAD 169002790841
BAD 169002790843
BAD 168985519229
BAD 168985519231
BAD 169002845213
BAD 169002845227
BAD 169002845243
BAD 169137428851
BAD 168986136877
BAD 169137482989
BAD 169137482993
BAD 169137482999
BAD 169003327711
BAD 169138356353
BAD 169003662743
BAD 169003662823
BAD 168986696603
BAD 169138964593
BAD 169139053337
BAD 169139053339
BAD 169004160511
BAD 169004448721
BAD 168987713779
BAD 168987758399
BAD 169139852369
BAD 169005242743
BAD 169005694103
BAD 169005848951
BAD 169005891437
BAD 169140674167
BAD 169140674179
BAD 169006435333
BAD 169006887191
BAD 169006887193
BAD 169006960043
BAD 169007042783
BAD 169007042797
BAD 168989682053
BAD 169007042803
BAD 169007103739
BAD 169007103743
BAD 169141058717
BAD 169141071767
BAD 169141071769
BAD 168989907733
BAD 169007810371
BAD 169008017911
BAD 169008017917
BAD 169008132487
BAD 169008212227
BAD 168990546661
BAD 169009370737
BAD 169008443677
BAD 169009370743
BAD 169009370749
BAD 169142284187
BAD 169142284189
BAD 169142452397
BAD 169009687709
BAD 169009687711
BAD 168990888889
BAD 168990888893
BAD 169008838729
BAD 169008845669
BAD 169008845671
BAD 168959876101
BAD 169009344187
BAD 169011733703
BAD 169142677673
BAD 168960967697
BAD 168991349003
BAD 168960967699
BAD 169123489397
BAD 169123489399
BAD 168960988019
BAD 169142866231
BAD 168991447283
BAD 169142895323
BAD 169011895229
BAD 169011895231
BAD 168961145863
BAD 168961145867
BAD 168961145869
BAD 168961226587
BAD 169124037013
BAD 169012791757
BAD 168961840433
BAD 169124828101
BAD 169012953173
BAD 169012953181
BAD 168961863503
BAD 168992231201
BAD 168962030581
BAD 168992312903
BAD 169125220013
BAD 169013414839
BAD 169125399959
BAD 169013540629
BAD 169125491461
BAD 169125644299
BAD 169125772381
BAD 169014113869
BAD 169014113887
BAD 169014262247
BAD 168962676361
BAD 168962896103
BAD 169261343947
BAD 168963145343
BAD 169014814253
BAD 168963424061
BAD 169261989361
BAD 168963777419
BAD 168963777421
BAD 168963900047
BAD 168964123973
BAD 168964123981
BAD 168964144231
BAD 168964236901
BAD 168964317601
BAD 169015762973
BAD 169015837871
BAD 169015837873
BAD 169015837877
BAD 168964477127
BAD 169263409699
BAD 169263673643
BAD 169016543093
BAD 169016543099
BAD 169016543107
BAD 169264084609
BAD 169264166473
BAD 169264166483
BAD 168965577083
BAD 168965577089
BAD 168965577091
BAD 168965577107
BAD 168966017323
BAD 168966017333
BAD 168966017351
BAD 168966064583
BAD 169264847179
BAD 169264847183
BAD 168966278303
BAD 168966278333
BAD 168966278347
BAD 169265098621
BAD 169265098633
BAD 169265258101
BAD 168966527773
BAD 168966527777
BAD 169265356657
BAD 169265595881
BAD 169265595883
BAD 169018376147
BAD 169018399811
BAD 168966792259
BAD 168966792263
BAD 169266354637
BAD 168966792271
BAD 169266354641
BAD 169266354643
BAD 169018923121
BAD 169266441649
BAD 169018923127
BAD 169018937239
BAD 168966904321
BAD 168966904343
BAD 169266590629
BAD 169019041957
BAD 169266660767
BAD 169266774973
BAD 169019201063
BAD 169019767909
BAD 168967825291
BAD 168967825321
BAD 169268054807
BAD 169268066963
BAD 169268066969
BAD 169268066971
BAD 168968102311
BAD 169268130217
BAD 168968202113
BAD 168968407483
BAD 168968407493
BAD 169268633393
BAD 169268790217
BAD 169020407557
BAD 168969882667
BAD 169021402841
BAD 169021402843
BAD 169021508791
BAD 169021508813
BAD 169021515521
BAD 169021545631
BAD 169021545659
BAD 169021580941
BAD 169021944139
BAD 169021944191
BAD 169022158939
BAD 169022158951
BAD 169271271167
BAD 169022667439
BAD 168971635271
BAD 168971635291
BAD 168971635307
BAD 168971635309
BAD 168971799221
BAD 168971853697
BAD 169023061859
BAD 169023061861
BAD 168972070483
BAD 169023209791
BAD 169023367861
BAD 169272033649
BAD 169076874983
BAD 169076874991
BAD 169077267649
BAD 169272617477
BAD 169024410631
BAD 168973201223
BAD 169272675631
BAD 169024581227
BAD 169093296257
BAD 169078195477
BAD 168973956511
BAD 169078287509
BAD 168974081057
BAD 169273531967
BAD 169025040733
BAD 169273690787
BAD 169273690853
BAD 169093679009
BAD 169093679011
BAD 169025175173
BAD 169078856813
BAD 168974699759
BAD 168974699767
BAD 168974734597
BAD 168974734763
BAD 168974820529
BAD 168974820551
BAD 169079030993
BAD 168974957549
BAD 168974957551
BAD 169274344279
BAD 168975397021
BAD 168975397081
BAD 169079452189
BAD 169025631427
BAD 169094279857
BAD 169094279863
BAD 169094279867
BAD 169094299057
BAD 169274626957
BAD 169079547211
BAD 169025802269
BAD 169025802331
BAD 169025802377
BAD 169025952019
BAD 169025952023
BAD 169026122311
BAD 169080214399
BAD 169094556713
BAD 169080236729
BAD 169080236737
BAD 169080294571
BAD 169094835251
BAD 169094835253
BAD 169094877881
BAD 169094981773
BAD 169094981779
BAD 169095103717
BAD 169095103721
BAD 169095203891
BAD 169080700409
BAD 169080700447
BAD 169276019179
BAD 169080925063
BAD 169276287319
BAD 169096074841
BAD 169081117111
BAD 169081117201
BAD 169276539053
BAD 169096318253
BAD 169276737673
BAD 169096591553
BAD 169096663273
BAD 169096663279
BAD 169276921907
BAD 169276921909
BAD 169276928563
BAD 169276928567
BAD 169081658693
BAD 169096828429
BAD 169081927237
BAD 169097550253
BAD 169097550263
BAD 169082233483
BAD 169097710129
BAD 169082233493
BAD 169082233501
BAD 169082405033
BAD 169082805533
BAD 169083177203
BAD 169083182509
BAD 169083260393
BAD 169083532663
BAD 169083629089
BAD 169099360069
BAD 169099360103
BAD 169083913729
BAD 169084337171
BAD 169084337173
BAD 169085178151
BAD 169085205491
BAD 169085205493
BAD 169085284399
BAD 169085465663
BAD 169085541631
BAD 169085693201
BAD 169101427987
BAD 169277983247
BAD 169277983249
BAD 169101683593
BAD 169086260621
BAD 169086722269
BAD 169279028239
BAD 169102658069
BAD 169102658071
BAD 169102658083
BAD 169102937779
BAD 169102961513
BAD 169279280329
BAD 169087261661
BAD 169087601633
BAD 169087601689
BAD 169087601693
BAD 169087622069
BAD 169087622071
BAD 169279749923
BAD 169279749931
BAD 169279749941
BAD 169279749943
BAD 169279757149
BAD 169103436083
BAD 169087775839
BAD 169087775861
BAD 169087775863
BAD 169087905323
BAD 169087905331
BAD 169087928557
BAD 169087928567
BAD 169103560987
BAD 169103560991
BAD 169103560993
BAD 169103635321
BAD 169103988913
BAD 169088469559
BAD 169280639807
BAD 169280693083
BAD 169280693111
BAD 169280693117
BAD 169280693119
BAD 169280693123
BAD 169280864761
BAD 169088760983
BAD 169281391229
BAD 169089359083
BAD 169105242073
BAD 169144176169
BAD 169105242091
BAD 169282016063
BAD 169282302073
BAD 169144454761
BAD 169282487719
BAD 169282487729
BAD 169089626753
BAD 169089642583
BAD 169089642677
BAD 169089642679
BAD 169282869169
BAD 169089862457
BAD 169089862463
BAD 169144552583
BAD 169283590963
BAD 169090210873
BAD 169026158423
BAD 169026225211
BAD 169026225217
BAD 169090322287
BAD 169145197003
BAD 169026744709
BAD 169026744727
BAD 169026744743
BAD 169026744749
BAD 169090727413
BAD 169027049563
BAD 169091520203
BAD 169146252071
BAD 169146252073
BAD 169027633457
BAD 169027633459
BAD 169091696219
BAD 169027738813
BAD 169146749789
BAD 169107155183
BAD 169028265893
BAD 169285416143
BAD 169285416161
BAD 169285416163
BAD 169285416173
BAD 169107482363
BAD 169285431043
BAD 169285431047
BAD 169147314601
BAD 169147324337
BAD 169147324373
BAD 169028533907
BAD 169028533909
BAD 169147502813
BAD 169147502837
BAD 169147502873
BAD 169107643349
BAD 169107643351
BAD 169107643357
BAD 169147690909
BAD 169147690939
BAD 169028919503
BAD 169028919517
BAD 169092808403
BAD 169286147629
BAD 169148144717
BAD 169286147633
BAD 169161570113
BAD 169028959681
BAD 169286284261
BAD 169161779047
BAD 169161993907
BAD 169108181551
BAD 169286712593
BAD 169148356813
BAD 169148371669
BAD 169162430491
BAD 169162430513
BAD 169029615091
BAD 169108607599
BAD 169149015281
BAD 169149015283
BAD 169108788353
BAD 169108788361
BAD 169287964669
BAD 169108966843
BAD 169288082363
BAD 169163048317
BAD 169288172701
BAD 169149855403
BAD 169150001927
BAD 169030742249
BAD 169030742267
BAD 169288972711
BAD 169163670997
BAD 169151136061
BAD 169030742269
BAD 169030742273
BAD 169030742281
BAD 169163671013
BAD 169163671031
BAD 169030855193
BAD 169163841299
BAD 169289283353
BAD 169031143763
BAD 169031143783
BAD 169289385163
BAD 169289385169
BAD 169151517851
BAD 169151517853
BAD 169151517859
BAD 169151517863
BAD 169151517877
BAD 169031309299
BAD 169289587501
BAD 169289587531
BAD 169151682829
BAD 169151878613
BAD 169151878631
BAD 169151878633
BAD 169289869393
BAD 169289869403
BAD 169289994977
BAD 169152226073
BAD 169152242503
BAD 169290251981
BAD 169290251983
BAD 169290261499
BAD 169152483133
BAD 169032053051
BAD 169032053053
BAD 169043114189
BAD 169043114197
BAD 169043114203
BAD 169032200671
BAD 169164856613
BAD 169164868009
BAD 169290656867
BAD 169290656869
BAD 169152987043
BAD 169152987049
BAD 169032447977
BAD 169032447979
BAD 169165096613
BAD 169290929191
BAD 169153233019
BAD 169153233023
BAD 169291027471
BAD 169153396079
BAD 169153396081
BAD 169153412269
BAD 169153412273
BAD 169291185533
BAD 169043973971
BAD 169165806289
BAD 169153741777
BAD 169033074787
BAD 169153898581
BAD 169166088677
BAD 169166111281
BAD 169291690727
BAD 169291690741
BAD 169291856417
BAD 169166693093
BAD 169044745873
BAD 169044745879
BAD 169033971149
BAD 169033971151
BAD 169155134899
BAD 169044959093
BAD 169155522317
BAD 169155522323
BAD 169155725407
BAD 169034712727
BAD 169155855733
BAD 169155855751
BAD 169167381569
BAD 169167381571
BAD 169034926069
BAD 169034926079
BAD 169034986333
BAD 169156063523
BAD 169167572633
BAD 169036670029
BAD 169045410323
BAD 169036670147
BAD 169156418407
BAD 169292813813
BAD 169156418411
BAD 169036670149
BAD 169156418413
BAD 169036670171
BAD 169292813827
BAD 169156420703
BAD 169156420711
BAD 169045527289
BAD 169167794863
BAD 169167823441
BAD 169293182363
BAD 169293182393
BAD 169168209493
BAD 169157062663
BAD 169157110699
BAD 169037311141
BAD 169157235749
BAD 169157235757
BAD 169157235763
BAD 169157235769
BAD 169157235773
BAD 169037443579
BAD 169046251169
BAD 169157468069
BAD 169293801673
BAD 169037898383
BAD 169046621071
BAD 169158104131
BAD 169038246763
BAD 169038246787
BAD 169158388339
BAD 169294029923
BAD 169047018103
BAD 169047018113
BAD 169169890763
BAD 169038755867
BAD 169038755869
BAD 169038755887
BAD 169038755891
BAD 169158884143
BAD 169039025401
BAD 169039025557
BAD 169039025693
BAD 169047412309
BAD 169170399613
BAD 169159377917
BAD 169047693341
BAD 169047693343
BAD 169047695953
BAD 169170942403
BAD 169170942407
BAD 169159605443
BAD 169171179503
BAD 169171768433
BAD 169171816433
BAD 169048498193
BAD 169171816481
BAD 169171816483
BAD 169172201179
BAD 169172201227
BAD 169172201243
BAD 169172201281
BAD 169172201293
BAD 169172201299
BAD 169172201327
BAD 169040997053
BAD 169040997079
BAD 169040997091
BAD 169172872111
BAD 169049262857
BAD 169049262859
BAD 169041681307
BAD 169173302743
BAD 169042015463
BAD 169042226293
BAD 169173859139
BAD 169173859147
BAD 169173859157
BAD 169174151273
BAD 169042916717
BAD 169042916719
BAD 169174466897
BAD 169174466899
BAD 169174811573
BAD 169050855593
BAD 169051099211
BAD 169051099213
BAD 169051491163
BAD 169051491187
BAD 169175540231
BAD 169051686151
BAD 169051686157
BAD 169051686163
BAD 169175646569
BAD 169175646571
BAD 169051813141
BAD 169175706641
BAD 169052070137
BAD 169177324139
BAD 169052337481
BAD 169052378167
BAD 169052378171
BAD 169052474783
BAD 169052699917
BAD 169176311453
BAD 169176322193
BAD 169052804621
BAD 169052804623
BAD 169053133033
BAD 169053133043
BAD 169053167429
BAD 169053167431
BAD 169053545593
BAD 169053545597
BAD 169178286359
BAD 169053580771
BAD 169053580781
BAD 169053580783
BAD 169227573563
BAD 169211451839
BAD 169211567443
BAD 169228021201
BAD 169211897033
BAD 169211924279
BAD 169211924281
BAD 169212036073
BAD 169212036079
BAD 169212036083
BAD 169054531889
BAD 169212224647
BAD 169212239893
BAD 169054747273
BAD 169054952629
BAD 169228894531
BAD 169179709219
BAD 169212762899
BAD 169055038643
BAD 169055038673
BAD 169179895403
BAD 169229196469
BAD 169229196481
BAD 169180067153
BAD 169213293973
BAD 169213293983
BAD 169229356423
BAD 169213340693
BAD 169055664031
BAD 169213759447
BAD 169055725849
BAD 169060164193
BAD 169060189121
BAD 169060189139
BAD 169060189141
BAD 169180982717
BAD 169181013173
BAD 169181135401
BAD 169181135423
BAD 169181135429
BAD 169230713473
BAD 169231057519
BAD 169056836041
BAD 169231126343
BAD 169231248061
BAD 169231248077
BAD 169231248079
BAD 169056972121
BAD 169231368541
BAD 169231368569
BAD 169182076403
BAD 169182076411
BAD 169231710523
BAD 169216139803
BAD 169057699973
BAD 169057699981
BAD 169058112109
BAD 169232231153
BAD 169058229553
BAD 169232289407
BAD 169232289409
BAD 169232526847
BAD 169058560903
BAD 169058560907
BAD 169217461207
BAD 169217461213
BAD 169217461223
BAD 169058675707
BAD 169232829487
BAD 169232925793
BAD 169232950577
BAD 169232950583
BAD 169232950589
BAD 169232950591
BAD 169217857373
BAD 169233195961
BAD 169218627983
BAD 169218677533
BAD 169218677557
BAD 169233857521
BAD 169219020757
BAD 169219047661
BAD 169219047707
BAD 169219163203
BAD 169219166833
BAD 169219166839
BAD 169219166843
BAD 169219166849
BAD 169184380133
BAD 169184380139
BAD 169063667447
BAD 169063667449
BAD 169063667453
BAD 169184436571
BAD 169234391609
BAD 169234391611
BAD 169219377079
BAD 169234560967
BAD 169184826983
BAD 169185079807
BAD 169185079813
BAD 169185079849
BAD 169185550669
BAD 169064819003
BAD 169235336623
BAD 169235428367
BAD 169186304179
BAD 169235865541
BAD 169220506253
BAD 169064963009
BAD 169186907047
BAD 169220665597
BAD 169187214949
BAD 169187214953
BAD 169237222853
BAD 169237328213
BAD 169237328237
BAD 169065236209
BAD 169221788279
BAD 169238131921
BAD 169244469349
BAD 169244469353
BAD 169065536483
BAD 169065536491
BAD 169238479247
BAD 169188105553
BAD 169188105631
BAD 169222160717
BAD 169222160719
BAD 169065750899
BAD 169188229237
BAD 169188229261
BAD 169188290779
BAD 169188293257
BAD 169188303829
BAD 169222321237
BAD 169188303833
BAD 169222321241
BAD 169188303841
BAD 169222321243
BAD 169188342067
BAD 169222449401
BAD 169222501229
BAD 169222501237
BAD 169066041349
BAD 169066041359
BAD 169066095439
BAD 169222626011
BAD 169188741373
BAD 169066149773
BAD 169066149799
BAD 169066149803
BAD 169066158181
BAD 169066158187
BAD 169245257989
BAD 169239357619
BAD 169239357649
BAD 169239357653
BAD 169245371387
BAD 169245371389
BAD 169239436549
BAD 169245450281
BAD 169245450287
BAD 169245450289
BAD 169222920439
BAD 169245589559
BAD 169239789443
BAD 169223177441
BAD 169223177443
BAD 169239944077
BAD 169239969709
BAD 169067329117
BAD 169067329121
BAD 169067329147
BAD 169067372329
BAD 169067372363
BAD 169223354567
BAD 169223354569
BAD 169246025731
BAD 169246025749
BAD 169190198173
BAD 169240652597
BAD 169240652599
BAD 169190334101
BAD 169246383301
BAD 169241252603
BAD 169241252611
BAD 169190804147
BAD 169190804149
BAD 169241441899
BAD 169067861789
BAD 169067861791
BAD 169067861813
BAD 169068193123
BAD 169223723177
BAD 169223723183
BAD 169247263657
BAD 169068389779
BAD 169068406411
BAD 169068406433
BAD 169242110707
BAD 169224011017
BAD 169068568057
BAD 169068568063
BAD 169068568069
BAD 169068568073
BAD 169242332689
BAD 169224149641
BAD 169191730861
BAD 169242407197
BAD 169191780547
BAD 169224153893
BAD 169068775741
BAD 169242947077
BAD 169068885421
BAD 169068885431
BAD 169068885437
BAD 169068885457
BAD 169192251773
BAD 169192251779
BAD 169248073073
BAD 169224976771
BAD 169248270307
BAD 169069127683
BAD 169069127687
BAD 169225194143
BAD 169225222429
BAD 169069325377
BAD 169069325419
BAD 169069325423
BAD 169192702837
BAD 169069557361
BAD 169069557367
BAD 169069557379
BAD 169225551113
BAD 169192759069
BAD 169192798591
BAD 169244152603
BAD 169069716323
BAD 169244152607
BAD 169069716331
BAD 169225855739
BAD 169225855741
BAD 169069791589
BAD 169069791593
BAD 169193131069
BAD 169193293967
BAD 169249390267
BAD 169249390273
BAD 169249390283
BAD 169226020501
BAD 169193416687
BAD 169193481329
BAD 169193481343
BAD 169070214241
BAD 169070214253
BAD 169070323243
BAD 169070323249
BAD 169070744033
BAD 169070744041
BAD 169226546389
BAD 169294790491
BAD 169226767909
BAD 169226772437
BAD 169226772439
BAD 169226772443
BAD 169250677039
BAD 169251049939
BAD 169251049951
BAD 169072044481
BAD 169295482273
BAD 169072044487
BAD 169227331981
BAD 169227362401
BAD 169295521177
BAD 169295689837
BAD 169295903323
BAD 169251389077
BAD 169296117439
BAD 169296117443
BAD 169296117467
BAD 169296117469
BAD 169296184711
BAD 169072991641
BAD 169072991653
BAD 169296563077
BAD 169296563081
BAD 169296563083
BAD 169296905311
BAD 169296905317
BAD 169296905321
BAD 169296905363
BAD 169252219133
BAD 169073735249
BAD 169252737421
BAD 169252762639
BAD 169252762643
BAD 169252821863
BAD 169297609609
BAD 169074238453
BAD 169252957849
BAD 169074238457
BAD 169074297299
BAD 169074297319
BAD 169074297349
BAD 169297743101
BAD 169297872683
BAD 169298121259
BAD 169074820589
BAD 169074820591
BAD 169298971453
BAD 169298971463
BAD 169193936729
BAD 169193936731
BAD 169075853579
BAD 169255146737
BAD 169194235087
BAD 169194437947
BAD 169255912013
BAD 169194869429
BAD 169300151551
BAD 169256655319
BAD 169195527593
BAD 169300640107
BAD 169256672513
BAD 169195871297
BAD 169257184111
BAD 169196055151
BAD 169196055157
BAD 169257331351
BAD 169257331357
BAD 169257331363
BAD 169257331367
BAD 169257437053
BAD 169257437071
BAD 169196197613
BAD 169196429177
BAD 169196558879
BAD 169301055293
BAD 169301055299
BAD 169301231543
BAD 169301242783
BAD 169301242787
BAD 169301242793
BAD 169301414719
BAD 169301626493
BAD 169197038119
BAD 169302112279
BAD 169302112283
BAD 169302192481
BAD 169302192487
BAD 169302192491
BAD 169259228483
BAD 169302558311
BAD 169197841123
BAD 169197988639
BAD 169302968719
BAD 169302968753
BAD 169303244899
BAD 169198285961
BAD 169260283189
BAD 169198285987
BAD 169260283193
BAD 169198286293
BAD 169198628947
BAD 169303773439
BAD 169304600119
BAD 169304600123
BAD 169199254823
BAD 169199595743
BAD 169199595757
BAD 169199734339
BAD 169200080953
BAD 169200177023
BAD 169200177031
BAD 169200187487
BAD 169200187489
BAD 169306238317
BAD 169201112779
BAD 169201276633
BAD 169201276637
BAD 169201276639
BAD 169201577351
BAD 169307888081
BAD 169307888111
BAD 169307888117
BAD 169307888119
BAD 169202158673
BAD 169308804409
BAD 169309018397
BAD 169309018399
BAD 169309071353
BAD 169309071359
BAD 169309071401
BAD 169309071403
BAD 169309697693
BAD 169310071081
BAD 169310071093
BAD 169310833049
BAD 169310833051
BAD 169202315651
BAD 169203111629
BAD 169203111631
BAD 169203473203
BAD 169203700591
BAD 169203700597
BAD 169203873547
BAD 169203992821
BAD 169204037263
BAD 169204037267
BAD 169204037341
BAD 169205588479
BAD 169205678903
BAD 169205712499
BAD 169206381109
BAD 169206381151
BAD 169206672511
BAD 169206672521
BAD 169207347271
BAD 169207713581
BAD 169207713583
BAD 169207713617
BAD 169207773367
BAD 169207773373
BAD 169207773379
BAD 169209376823
BAD 169209407221
BAD 169210171171
BAD 169210585463
BAD 169210585477
BAD 169210590361
BAD 169311645353
BAD 169311943747
BAD 169311943753
BAD 169312543759
BAD 169313099213
BAD 169313245463
BAD 169313263877
BAD 169313797283
BAD 169313802979
BAD 169313858099
BAD 169313858101
BAD 169313982743
BAD 169313982751
BAD 169313982757
BAD 169314173183
BAD 169314173789
BAD 169314173797
BAD 169314204481
BAD 169314436877
BAD 169314865639
BAD 169315866023
BAD 169316088581
BAD 169316088583
BAD 169316393903
BAD 169316517011
BAD 169316948869
BAD 169317131909
BAD 169317131911
BAD 169318091281
BAD 169318091287
BAD 169318451779
BAD 169318497241
BAD 169318497247
BAD 169318497269
BAD 169318792913
BAD 169318911409
BAD 169318974767
BAD 169319344031
BAD 169319721157
BAD 169319947697
BAD 169319977663
BAD 169319977667
BAD 169319977669
BAD 169320225133
BAD 169320798433
BAD 169320814969
BAD 169320814973
BAD 169321217041
BAD 169321665199
BAD 169322076673
BAD 169322444597
BAD 169323035743
BAD 169323794617
BAD 169323794623
BAD 169323854851
BAD 169323854873
BAD 169323894199
BAD 169324168771
BAD 169324348943
BAD 169324662511
BAD 169325271187
BAD 169325271211
BAD 169325271263
BAD 169326115957
BAD 169326856861
BAD 169326996431
BAD 169326996473
BAD 169327254043
BAD 169327254049
BAD 169327254091
BAD 169328126963
BAD 169328298883
BAD 169328803313
BAD 169328803327
BAD 169329028591
BAD 169329292687
BAD 169329629479
BAD 169330859281
BAD 169330859303
BAD 169330859317
BAD 169330859333
BAD 169330859339
BAD 169330951051
BAD 169331059351
BAD 169331059357
BAD 169331513587
BAD 169332842971
BAD 169332905899
BAD 169333410199
BAD 169333894243
BAD 169334574907
BAD 169334574911
BAD 169335548593
BAD 169335548597
BAD 169336099519
BAD 169336099523
BAD 169336099531
BAD 169336315243
BAD 169336315261
BAD 169337662939
BAD 169337938339
BAD 169338896393
BAD 169339210069
BAD 169341480169
BAD 169341672023
BAD 169342527821
BAD 169342533889
BAD 169342838317
BAD 169343617921
BAD 169344927991
BAD 169345018897
BAD 169345018901
BAD 169345018903
BAD 169345579709
BAD 169346276063
BAD 169346791639
BAD 169346791651
BAD 169347743599
BAD 169348019663
BAD 169348062131
BAD 169348062151
BAD 169348780987
BAD 169349296621
BAD 169349549717
BAD 169349555467
BAD 169349584441
BAD 169350113029
BAD 169350113033
BAD 169350113047
BAD 169350227429
BAD 169350239941
BAD 169351872409
BAD 169352150777
BAD 169352790947
BAD 169353044953
BAD 169353542053
BAD 169353769807
BAD 169353769811
BAD 169353769813
BAD 169354288339
BAD 169354535101
BAD 169355147023
BAD 169355201233
BAD 169355201243
BAD 169355800409
BAD 169357326503
BAD 169358646383
BAD 169358886283
BAD 169359091571
BAD 169359091579
BAD 169359491513
BAD 169359592433
BAD 169360852127
BAD 169361459503
BAD 169412218889
BAD 169412218891
BAD 169412218907
BAD 169412218909
BAD 169412228047
BAD 169412645327
BAD 169412773861
BAD 169412773867
BAD 169412773883
BAD 169412773889
BAD 169412847271
BAD 169412847283
BAD 169412904289
BAD 169412904299
BAD 169412904301
BAD 169412904319
BAD 169413400613
BAD 169413400627
BAD 169413421981
BAD 169413679553
BAD 169413901429
BAD 169414800899
BAD 169414800901
BAD 169415630291
BAD 169415630309
BAD 169415630311
BAD 169415630317
BAD 169415876191
BAD 169362632479
BAD 169462523731
BAD 169362949447
BAD 169462935833
BAD 169363270009
BAD 169363479293
BAD 169363563493
BAD 169463647063
BAD 169463733479
BAD 169364163119
BAD 169364163121
BAD 169464452959
BAD 169464583507
BAD 169464583511
BAD 169464583513
BAD 169464583573
BAD 169365138511
BAD 169464833191
BAD 169464833207
BAD 169465397713
BAD 169365747601
BAD 169465514069
BAD 169465559113
BAD 169465559119
BAD 169465664437
BAD 169465761853
BAD 169465761863
BAD 169465955213
BAD 169466011223
BAD 169466260939
BAD 169366425953
BAD 169466642393
BAD 169466642399
BAD 169366843033
BAD 169467046213
BAD 169467046219
BAD 169467046223
BAD 169467263827
BAD 169467263831
BAD 169467263839
BAD 169467709861
BAD 169467739891
BAD 169467740027
BAD 169467888937
BAD 169367911021
BAD 169367960701
BAD 169468311367
BAD 169368557473
BAD 169368557513
BAD 169468387897
BAD 169468641751
BAD 169369816157
BAD 169369816183
BAD 169369919573
BAD 169369919669
BAD 169369919671
BAD 169469090353
BAD 169469373641
BAD 169469412323
BAD 169469412349
BAD 169469412353
BAD 169469537101
BAD 169469636221
BAD 169469750419
BAD 169469750423
BAD 169370673781
BAD 169370741011
BAD 169371041209
BAD 169371041221
BAD 169371073073
BAD 169371073087
BAD 169470278171
BAD 169372161979
BAD 169372161983
BAD 169372177921
BAD 169372184021
BAD 169372184027
BAD 169471440001
BAD 169372184029
BAD 169471965709
BAD 169471965713
BAD 169373111671
BAD 169373345671
BAD 169373725111
BAD 169373805383
BAD 169473444713
BAD 169473444719
BAD 169374816203
BAD 169375162169
BAD 169375162171
BAD 169375260451
BAD 169375260463
BAD 169375260469
BAD 169375260499
BAD 169376176943
BAD 169376404069
BAD 169376404073
BAD 169376683549
BAD 169416505009
BAD 169416804923
BAD 169416929047
BAD 169416929057
BAD 169416967067
BAD 169475954407
BAD 169417069667
BAD 169476113231
BAD 169596614357
BAD 169596614359
BAD 169596614371
BAD 169596614377
BAD 169476863123
BAD 169476863173
BAD 169477299097
BAD 169597162369
BAD 169417896229
BAD 169417896233
BAD 169378652857
BAD 169597322977
BAD 169378711237
BAD 169378711241
BAD 169378781519
BAD 169378781521
BAD 169477819813
BAD 169477819817
BAD 169378888649
BAD 169379056549
BAD 169418431387
BAD 169418431397
BAD 169418530163
BAD 169418554213
BAD 169418603413
BAD 169597604411
BAD 169418732603
BAD 169418732611
BAD 169418732621
BAD 169418732641
BAD 169379436803
BAD 169478836073
BAD 169419455089
BAD 169378029319
BAD 169378029323
BAD 169419548497
BAD 169379636047
BAD 169379636057
BAD 169379636059
BAD 169597824131
BAD 169379878321
BAD 169597977443
BAD 169380002423
BAD 169598432701
BAD 169598458373
BAD 169380559147
BAD 169380843143
BAD 169421223619
BAD 169421223623
BAD 169599477923
BAD 169381603687
BAD 169421599733
BAD 169599822103
BAD 169599842569
BAD 169599960823
BAD 169382043293
BAD 169382065771
BAD 169382414681
BAD 169600660403
BAD 169600667113
BAD 169382535481
BAD 169382600701
BAD 169422792043
BAD 169601065531
BAD 169601260471
BAD 169601384611
BAD 169383026119
BAD 169601546357
BAD 169601654381
BAD 169423399297
BAD 169423399309
BAD 169601711353
BAD 169601766157
BAD 169423479439
BAD 169423479443
BAD 169423611559
BAD 169423836797
BAD 169423836809
BAD 169423836811
BAD 169423836839
BAD 169424358269
BAD 169384336063
BAD 169424448043
BAD 169424504461
BAD 169384547869
BAD 169603044673
BAD 169603239391
BAD 169603256917
BAD 169603488973
BAD 169603609411
BAD 169385472989
BAD 169603623757
BAD 169385586499
BAD 169385681923
BAD 169603842949
BAD 169603842953
BAD 169603842959
BAD 169385944033
BAD 169385944111
BAD 169603960049
BAD 169603960051
BAD 169386264683
BAD 169386264689
BAD 169386439913
BAD 169386588109
BAD 169386588113
BAD 169386588121
BAD 169386588127
BAD 169386667381
BAD 169386667423
BAD 169386667427
BAD 169386907687
BAD 169604739263
BAD 169605215669
BAD 169605215671
BAD 169387049771
BAD 169387049773
BAD 169387272293
BAD 169605681041
BAD 169605681043
BAD 169605837007
BAD 169605875129
BAD 169387491409
BAD 169387580137
BAD 169606013851
BAD 169387806593
BAD 169387873709
BAD 169606533403
BAD 169606693189
BAD 169388747849
BAD 169388747851
BAD 169388828923
BAD 169607352679
BAD 169607956339
BAD 169389805199
BAD 169389805201
BAD 169608036541
BAD 169608097237
BAD 169390047653
BAD 169390047661
BAD 169390184153
BAD 169390184167
BAD 169390184179
BAD 169608884749
BAD 169425528641
BAD 169391237419
BAD 169391237423
BAD 169426233679
BAD 169391354179
BAD 169391354183
BAD 169391354207
BAD 169426425319
BAD 169391961757
BAD 169392269929
BAD 169392269933
BAD 169392269947
BAD 169426936663
BAD 169426995407
BAD 169392616189
BAD 169392616193
BAD 169392679441
BAD 169428006437
BAD 169428052837
BAD 169428119723
BAD 169428119743
BAD 169428664333
BAD 169393905487
BAD 169393905497
BAD 169609191053
BAD 169609191061
BAD 169394203571
BAD 169610188141
BAD 169395197249
BAD 169610630107
BAD 169610889013
BAD 169610972837
BAD 169611545513
BAD 169611886069
BAD 169611919591
BAD 169612016671
BAD 169612016677
BAD 169612225771
BAD 169612391693
BAD 169612391701
BAD 169612552763
BAD 169613253793
BAD 169697789257
BAD 169697789263
BAD 169697848939
BAD 169698240269
BAD 169699067423
BAD 169699067431
BAD 169699067443
BAD 169699516243
BAD 169699516247
BAD 169699516249
BAD 169700433137
BAD 169700989303
BAD 169428869873
BAD 169701951953
BAD 169701951961
BAD 169702505113
BAD 169702534069
BAD 169702534073
BAD 169704199573
BAD 169430098619
BAD 169705562251
BAD 169432188589
BAD 169432188619
BAD 169432326653
BAD 169432338679
BAD 169707123827
BAD 169432964509
BAD 169433133559
BAD 169707376691
BAD 169433266117
BAD 169708357171
BAD 169708357177
BAD 169433824039
BAD 169433824051
BAD 169433964781
BAD 169434065561
BAD 169434065587
BAD 169434065629
BAD 169708758623
BAD 169434128713
BAD 169434157913
BAD 169434373687
BAD 169709661593
BAD 169435590083
BAD 169435590091
BAD 169435590133
BAD 169710555503
BAD 169710717907
BAD 169710966319
BAD 169436065459
BAD 169436065471
BAD 169711283737
BAD 169436496949
BAD 169436664773
BAD 169712066603
BAD 169712143883
BAD 169395241759
BAD 169437060301
BAD 169437181889
BAD 169437181891
BAD 169395371051
BAD 169395371053
BAD 169437210169
BAD 169437210197
BAD 169496161673
BAD 169712390011
BAD 169395519023
BAD 169395519031
BAD 169712484989
BAD 169496340631
BAD 169395757313
BAD 169496594903
BAD 169437732749
BAD 169437732757
BAD 169437886399
BAD 169437886403
BAD 169437910841
BAD 169437910843
BAD 169437979819
BAD 169396312093
BAD 169438193893
BAD 169438262473
BAD 169438262479
BAD 169438405771
BAD 169396604561
BAD 169396604563
BAD 169497820489
BAD 169498068673
BAD 169498068679
BAD 169498068683
BAD 169498290919
BAD 169397189329
BAD 169438868087
BAD 169438868089
BAD 169499186999
BAD 169499187001
BAD 169398193073
BAD 169439721181
BAD 169439721193
BAD 169439798329
BAD 169440051829
BAD 169398475087
BAD 169563786841
BAD 169563839509
BAD 169563839513
BAD 169440339163
BAD 169440339169
BAD 169440339179
BAD 169440339181
BAD 169564000427
BAD 169564000429
BAD 169440477931
BAD 169440477937
BAD 169500682609
BAD 169564332557
BAD 169564332569
BAD 169501069957
BAD 169398963137
BAD 169398963143
BAD 169398963179
BAD 169398963931
BAD 169441241149
BAD 169441241153
BAD 169441267253
BAD 169441267267
BAD 169441267301
BAD 169501226569
BAD 169441749457
BAD 169399265323
BAD 169441813549
BAD 169441813561
BAD 169399317709
BAD 169501821113
BAD 169501821121
BAD 169501960729
BAD 169442090449
BAD 169442135189
BAD 169442135197
BAD 169442135209
BAD 169442167801
BAD 169399550363
BAD 169399560871
BAD 169442470607
BAD 169442470609
BAD 169502402759
BAD 169502402761
BAD 169442474209
BAD 169502422643
BAD 169565135269
BAD 169502492933
BAD 169400052931
BAD 169442691647
BAD 169442691653
BAD 169502790187
BAD 169502823499
BAD 169502823509
BAD 169443021437
BAD 169443299587
BAD 169513265189
BAD 169513265191
BAD 169400668343
BAD 169400668399
BAD 169400668403
BAD 169400877263
BAD 169400877271
BAD 169443743341
BAD 169565875711
BAD 169565875733
BAD 169443764603
BAD 169443777079
BAD 169443777169
BAD 169443854959
BAD 169513587119
BAD 169513587121
BAD 169513587127
BAD 169503823949
BAD 169401326819
BAD 169566869077
BAD 169514191501
BAD 169531135933
BAD 169504358341
BAD 169401326821
BAD 169504358369
BAD 169444472513
BAD 169401473233
BAD 169504580299
BAD 169504657033
BAD 169567326121
BAD 169445846963
BAD 169567364557
BAD 169401831901
BAD 169531707643
BAD 169531707649
BAD 169505084461
BAD 169531942513
BAD 169505347849
BAD 169505347853
BAD 169505347873
BAD 169505347909
BAD 169515147773
BAD 169567897943
BAD 169567955093
BAD 169567964389
BAD 169505519809
BAD 169515263191
BAD 169515270283
BAD 169532345839
BAD 169446316309
BAD 169505662393
BAD 169446316313
BAD 169444658969
BAD 169446316321
BAD 169505662397
BAD 169505662399
BAD 169444742359
BAD 169505859961
BAD 169505859967
BAD 169532544893
BAD 169402994993
BAD 169402995001
BAD 169515775267
BAD 169506018691
BAD 169446622253
BAD 169446622259
BAD 169506139853
BAD 169445073229
BAD 169445073241
BAD 169532932141
BAD 169568918851
BAD 169506336833
BAD 169403451593
BAD 169506525079
BAD 169403608763
BAD 169569237083
BAD 169506641939
BAD 169506925067
BAD 169506925069
BAD 169516496627
BAD 169506925073
BAD 169570119661
BAD 169447576913
BAD 169534308353
BAD 169534308397
BAD 169404936487
BAD 169448064469
BAD 169448064479
BAD 169448064481
BAD 169405139611
BAD 169448149583
BAD 169571047759
BAD 169571066857
BAD 169405415923
BAD 169405415929
BAD 169571193667
BAD 169405468321
BAD 169405492079
BAD 169571237083
BAD 169517559557
BAD 169517559583
BAD 169517559587
BAD 169571802847
BAD 169571802893
BAD 169571837839
BAD 169507890059
BAD 169507890061
BAD 169507890067
BAD 169507890073
BAD 169580080367
BAD 169406096047
BAD 169448987531
BAD 169571866447
BAD 169406096053
BAD 169517960033
BAD 169535903323
BAD 169517960039
BAD 169535973713
BAD 169507985663
BAD 169507985671
BAD 169536135961
BAD 169580280413
BAD 169518317519
BAD 169518351949
BAD 169518351953
BAD 169518351973
BAD 169449215893
BAD 169449324097
BAD 169449324103
BAD 169580657033
BAD 169580689853
BAD 169449492361
BAD 169449492371
BAD 169580757113
BAD 169536732919
BAD 169406953369
BAD 169407026071
BAD 169572705413
BAD 169580874053
BAD 169449945661
BAD 169536958303
BAD 169508966839
BAD 169518977387
BAD 169407400889
BAD 169573230583
BAD 169407400891
BAD 169537013911
BAD 169537013917
BAD 169449981023
BAD 169509291593
BAD 169537715233
BAD 169581558049
BAD 169581558053
BAD 169450313119
BAD 169581666697
BAD 169480298347
BAD 169450430089
BAD 169450497481
BAD 169581840203
BAD 169538168777
BAD 169408656223
BAD 169480618171
BAD 169408754453
BAD 169408855373
BAD 169582171621
BAD 169647108493
BAD 169480931743
BAD 169574563757
BAD 169574563759
BAD 169538714803
BAD 169582349929
BAD 169538715173
BAD 169582374953
BAD 169647342883
BAD 169647342889
BAD 169481367919
BAD 169510224361
BAD 169574918257
BAD 169539257543
BAD 169582859263
BAD 169582859267
BAD 169582859269
BAD 169582859273
BAD 169520874877
BAD 169481694289
BAD 169481770379
BAD 169521018383
BAD 169521018389
BAD 169521018391
BAD 169481824913
BAD 169510593533
BAD 169521202309
BAD 169510593599
BAD 169510593601
BAD 169451524351
BAD 169451524357
BAD 169647922139
BAD 169647922141
BAD 169647922151
BAD 169511134459
BAD 169613820833
BAD 169647922153
BAD 169539821093
BAD 169575996103
BAD 169522154471
BAD 169482209069
BAD 169511134469
BAD 169411390853
BAD 169451759237
BAD 169451759251
BAD 169647941003
BAD 169647941027
BAD 169539922163
BAD 169539922169
BAD 169539922171
BAD 169648017787
BAD 169614002521
BAD 169482301633
BAD 169411568167
BAD 169411608763
BAD 169522162921
BAD 169648123399
BAD 169614136723
BAD 169451998621
BAD 169614205879
BAD 169648259281
BAD 169511456833
BAD 169540415089
BAD 169540415147
BAD 169540415153
BAD 169614630091
BAD 169576572047
BAD 169511525101
BAD 169614630103
BAD 169523073389
BAD 169576572049
BAD 169583340937
BAD 169452469651
BAD 169576572083
BAD 169483420927
BAD 169452469657
BAD 169583340967
BAD 169583340991
BAD 169452476629
BAD 169523087779
BAD 169540453783
BAD 169540453787
BAD 169452514549
BAD 169452598127
BAD 169452598129
BAD 169511732857
BAD 169483643401
BAD 169452658129
BAD 169648579693
BAD 169546690787
BAD 169614910193
BAD 169452658159
BAD 169540632263
BAD 169523253863
BAD 169648579721
BAD 169483681799
BAD 169524011743
BAD 169452858067
BAD 169615087787
BAD 169648579729
BAD 169512396649
BAD 169648579733
BAD 169583659897
BAD 169541116453
BAD 169648579739
BAD 169577135033
BAD 169524011803
BAD 169577135041
BAD 169583659913
BAD 169512454549
BAD 169512454561
BAD 169512454571
BAD 169512465841
BAD 169453053559
BAD 169453053563
BAD 169524356299
BAD 169524387181
BAD 169524387199
BAD 169524387203
BAD 169524387217
BAD 169524497999
BAD 169483974661
BAD 169577555911
BAD 169577555929
BAD 169631328859
BAD 169615992473
BAD 169541973407
BAD 169546690793
BAD 169525019203
BAD 169453980001
BAD 169578032917
BAD 169484381641
BAD 169546756609
BAD 169484439889
BAD 169484499251
BAD 169484499253
BAD 169578216727
BAD 169578220843
BAD 169578237233
BAD 169542221593
BAD 169484613041
BAD 169484613049
BAD 169484613061
BAD 169454321599
BAD 169649717621
BAD 169649717623
BAD 169547030533
BAD 169547030539
BAD 169578457163
BAD 169578483803
BAD 169578500059
BAD 169484858219
BAD 169484858227
BAD 169616385739
BAD 169525513373
BAD 169585520641
BAD 169542995131
BAD 169455243203
BAD 169579010129
BAD 169632098737
BAD 169485800329
BAD 169650142531
BAD 169579010131
BAD 169579010137
BAD 169485800333
BAD 169650142537
BAD 169617157429
BAD 169617157439
BAD 169617157441
BAD 169525649443
BAD 169579118899
BAD 169579118903
BAD 169579118923
BAD 169632321151
BAD 169585767427
BAD 169525763599
BAD 169650383603
BAD 169650522163
BAD 169617329117
BAD 169579399499
BAD 169632608647
BAD 169586024249
BAD 169650675463
BAD 169543556873
BAD 169526140279
BAD 169486402777
BAD 169543935263
BAD 169617444923
BAD 169455708971
BAD 169650841291
BAD 169547567179
BAD 169526140291
BAD 169632826021
BAD 169455708973
BAD 169547567183
BAD 169455708979
BAD 169632826093
BAD 169586441683
BAD 169544076859
BAD 169617553519
BAD 169617560681
BAD 169651031359
BAD 169547814031
BAD 169547814119
BAD 169547814169
BAD 169455867677
BAD 169617646753
BAD 169547901059
BAD 169547901067
BAD 169486926277
BAD 169486926283
BAD 169547996011
BAD 169547996017
BAD 169548123161
BAD 169617989509
BAD 169456516711
BAD 169487132107
BAD 169633679233
BAD 169527716539
BAD 169544878099
BAD 169587243169
BAD 169617989521
BAD 169544878109
BAD 169663729111
BAD 169681206923
BAD 169651903873
BAD 169548231187
BAD 169681206931
BAD 169663741691
BAD 169663741693
BAD 169663741697
BAD 169633696669
BAD 169633696769
BAD 169548339511
BAD 169548339517
BAD 169487424539
BAD 169487424541
BAD 169652258569
BAD 169457007761
BAD 169457007763
BAD 169457007767
BAD 169587653327
BAD 169548756739
BAD 169652455883
BAD 169652455901
BAD 169487958449
BAD 169652455909
BAD 169545340513
BAD 169528363969
BAD 169545340519
BAD 169528363973
BAD 169681786567
BAD 169528371479
BAD 169618573799
BAD 169618573801
BAD 169618573853
BAD 169634385827
BAD 169634402893
BAD 169634402923
BAD 169634402933
BAD 169618703071
BAD 169488193561
BAD 169528616827
BAD 169588043563
BAD 169681967003
BAD 169549421189
BAD 169664982679
BAD 169549421191
BAD 169682054041
BAD 169549491809
BAD 169682054063
BAD 169665125117
BAD 169528850929
BAD 169549575353
BAD 169549652513
BAD 169529187593
BAD 169619029903
BAD 169549652521
BAD 169619029907
BAD 169549652527
BAD 169549652533
BAD 169653326309
BAD 169653362491
BAD 169635297023
BAD 169653573391
BAD 169619366627
BAD 169588583611
BAD 169588583623
BAD 169635508099
BAD 169666006387
BAD 169488931921
BAD 169683102067
BAD 169683102073
BAD 169619686151
BAD 169635713321
BAD 169654014479
BAD 169458902203
BAD 169458921769
BAD 169458921803
BAD 169550486177
BAD 169550486179
BAD 169635920149
BAD 169683770593
BAD 169654417861
BAD 169620260903
BAD 169666936111
BAD 169654575851
BAD 169550977111
BAD 169589472977
BAD 169489875887
BAD 169489875889
BAD 169589567591
BAD 169489956179
BAD 169589590831
BAD 169667167673
BAD 169620640447
BAD 169684486277
BAD 169620640507
BAD 169620667781
BAD 169684526941
BAD 169620764239
BAD 169589755523
BAD 169459976407
BAD 169490269163
BAD 169621036241
BAD 169655278073
BAD 169655278081
BAD 169655289019
BAD 169667530859
BAD 169667530861
BAD 169667530871
BAD 169667530873
BAD 169621152529
BAD 169621256977
BAD 169490686373
BAD 169490686381
BAD 169460429629
BAD 169685339393
BAD 169655563423
BAD 169637147707
BAD 169637147737
BAD 169637147741
BAD 169621648687
BAD 169685374321
BAD 169552169957
BAD 169490930899
BAD 169460784499
BAD 169460880793
BAD 169685974753
BAD 169491320681
BAD 169491320683
BAD 169552653187
BAD 169656367043
BAD 169656367051
BAD 169622422313
BAD 169637661967
BAD 169552817461
BAD 169668377453
BAD 169590935153
BAD 169590935159
BAD 169590935161
BAD 169686325849
BAD 169622675903
BAD 169622675941
BAD 169637810779
BAD 169656715009
BAD 169689581497
BAD 169668932813
BAD 169492200217
BAD 169656715013
BAD 169623897589
BAD 169553046463
BAD 169656715021
BAD 169492200239
BAD 169638216001
BAD 169656762347
BAD 169656762349
BAD 169461377053
BAD 169623965843
BAD 169689765337
BAD 169689765341
BAD 169492366343
BAD 169689948223
BAD 169656859751
BAD 169656859753
BAD 169656859759
BAD 169656859763
BAD 169690088677
BAD 169690088683
BAD 169657116469
BAD 169553701579
BAD 169669507561
BAD 169669507643
BAD 169669507649
BAD 169657192381
BAD 169690432129
BAD 169657312817
BAD 169591058927
BAD 169493060453
BAD 169638644047
BAD 169591058929
BAD 169493060461
BAD 169493060551
BAD 169638644057
BAD 169638644059
BAD 169638644101
BAD 169638644113
BAD 169638644117
BAD 169669932253
BAD 169669932259
BAD 169669932269
BAD 169638686177
BAD 169638686179
BAD 169638686183
BAD 169657362463
BAD 169638706277
BAD 169638711149
BAD 169591158943
BAD 169625337253
BAD 169625351899
BAD 169625351911
BAD 169591275289
BAD 169625479039
BAD 169591397993
BAD 169625614453
BAD 169591558223
BAD 169691008997
BAD 169625782973
BAD 169691008999
BAD 169625782987
BAD 169691009029
BAD 169554852697
BAD 169658048851
BAD 169670670031
BAD 169639475659
BAD 169493892773
BAD 169555100809
BAD 169691327213
BAD 169691327261
BAD 169658165843
BAD 169670859419
BAD 169494072001
BAD 169670951753
BAD 169670951759
BAD 169670951761
BAD 169691501227
BAD 169691515879
BAD 169626327841
BAD 169626327863
BAD 169671171961
BAD 169592076197
BAD 169691865289
BAD 169494517679
BAD 169494531421
BAD 169691994427
BAD 169691994443
BAD 169640348551
BAD 169658683057
BAD 169671436453
BAD 169592225123
BAD 169626953179
BAD 169555878119
BAD 169555879861
BAD 169555879943
BAD 169692011911
BAD 169494835253
BAD 169627064869
BAD 169627064881
BAD 169556099443
BAD 169495085051
BAD 169659040687
BAD 169671892633
BAD 169671910301
BAD 169556527807
BAD 169692624961
BAD 169692624977
BAD 169692624979
BAD 169692680593
BAD 169692689611
BAD 169495804603
BAD 169556815381
BAD 169692727783
BAD 169556908733
BAD 169556908747
BAD 169556908757
BAD 169641478021
BAD 169628274799
BAD 169672696793
BAD 169672696799
BAD 169672696801
BAD 169672766917
BAD 169659902767
BAD 169628502931
BAD 169641657469
BAD 169557754733
BAD 169673297273
BAD 169628924041
BAD 169558021363
BAD 169558059329
BAD 169673597153
BAD 169673597167
BAD 169558144429
BAD 169558144433
BAD 169558144439
BAD 169558144447
BAD 169629299863
BAD 169642196771
BAD 169673866013
BAD 169558380479
BAD 169674060833
BAD 169660919201
BAD 169629922883
BAD 169661124013
BAD 169661124019
BAD 169674546931
BAD 169558909043
BAD 169594455139
BAD 169662273281
BAD 169643581351
BAD 169675213769
BAD 169662273283
BAD 169694296433
BAD 169662273299
BAD 169643581357
BAD 169662273301
BAD 169675243963
BAD 169675243967
BAD 169675243973
BAD 169594609489
BAD 169594609493
BAD 169694449621
BAD 169662482063
BAD 169675488641
BAD 169675488643
BAD 169662500923
BAD 169662501007
BAD 169644002197
BAD 169662618163
BAD 169662824987
BAD 169595245609
BAD 169663108243
BAD 169676509867
BAD 169676509879
BAD 169676583599
BAD 169676583613
BAD 169595605979
BAD 169560123991
BAD 169595605981
BAD 169645198433
BAD 169595605987
BAD 169560257033
BAD 169677241103
BAD 169695930563
BAD 169696020413
BAD 169696020421
BAD 169696020427
BAD 169645519319
BAD 169645519321
BAD 169645975157
BAD 169696548773
BAD 169596394621
BAD 169596398627
BAD 169646081123
BAD 169561064173
BAD 169678165219
BAD 169646498953
BAD 169678435963
BAD 169678435967
BAD 169646697851
BAD 169646697853
BAD 169646697859
BAD 169646697863
BAD 169678588253
BAD 169678607521
BAD 169678624757
BAD 169678624771
BAD 169697154481
BAD 169679019871
BAD 169679019877
BAD 169679072467
BAD 169562307689
BAD 169680210131
BAD 169562816713
BAD 169562816719
BAD 169562816723
BAD 169562816741
BAD 169680241351
BAD 169680263419
BAD 169680263429
BAD 169714098667
BAD 169715716943
BAD 169715716969
BAD 169716775279
BAD 169716852103
BAD 169717105471
BAD 169717105483
BAD 169717870043
BAD 169719680593
BAD 169719680597
BAD 169719942211
BAD 169720799957
BAD 169720799959
BAD 169722585611
BAD 169722776693
BAD 169723781911
BAD 169723817311
BAD 169724273657
BAD 169724273659
BAD 169725438601
BAD 169725438607
BAD 169725438611
BAD 169725438613
BAD 169725521557
BAD 169725716669
BAD 169725785573
BAD 169726485529
BAD 169726485541
BAD 169726637869
BAD 169727328739
BAD 169727329021
BAD 169727603939
BAD 169728884993
BAD 169728907279
BAD 169729074037
BAD 169729074079
BAD 169729074083
BAD 169729340327
BAD 169729340329
BAD 169729437259
BAD 169729437271
BAD 169729526443
BAD 169729741303
BAD 169729816573
BAD 169730203493
BAD 169730203529
BAD 169730369971
BAD 169731616231
BAD 169731616253
BAD 169731750389
BAD 169732273463
BAD 169732440277
BAD 169733483701
BAD 169733962711
BAD 169733962729
BAD 169734238633
BAD 169734650473
BAD 169735070101
BAD 169735070107
BAD 169735277869
BAD 169735277993
BAD 169736426491
BAD 169737468941
BAD 169737638647
BAD 169737962491
BAD 169737962497
BAD 169737962501
BAD 169738197361
BAD 169738589659
BAD 169738883233
BAD 169739433841
BAD 169739788747
BAD 169740232957
BAD 169740328447
BAD 169740487963
BAD 169740626443
BAD 169741814717
BAD 169741814719
BAD 169742152873
BAD 169742776943
BAD 169742851231
BAD 169743616223
BAD 169744325921
BAD 169744325923
BAD 169744751221
BAD 169745865769
BAD 169746292237
BAD 169746415933
BAD 169746415939
BAD 169747228543
BAD 169747228549
BAD 169747228603
BAD 169747637123
BAD 169747637131
BAD 169748813189
BAD 169748813191
BAD 169749240473
BAD 169749240517
BAD 169749572581
BAD 169750048537
BAD 169750560167
BAD 169750560169
BAD 169750560179
BAD 169750560181
BAD 169750675573
BAD 169750675579
BAD 169751477393
BAD 169751975023
BAD 169753103963
BAD 169753450301
BAD 169753450303
BAD 169753584599
BAD 169753584601
BAD 169754065081
BAD 169754065111
BAD 169754678059
BAD 169754678063
BAD 169755313309
BAD 169755584107
BAD 169755587623
BAD 169755812659
BAD 169756472813
BAD 169756531699
BAD 169756816837
BAD 169756898107
BAD 169757858707
BAD 169758186769
BAD 169758350963
BAD 169758839779
BAD 169759530617
BAD 169760316091
BAD 169760535029
BAD 169760535047
BAD 169761117497
BAD 169761117499
BAD 169761289199
BAD 169761289231
BAD 169761289253
BAD 169761289309
BAD 169761452347
BAD 169761584989
BAD 169761871483
BAD 169762587767
BAD 169762651943
BAD 169762684409
BAD 169762684411
BAD 169763310533
BAD 169763614103
BAD 169763614129
BAD 169763714333
BAD 169763714347
BAD 169763714353
BAD 169763844487
BAD 169763844499
BAD 169763844563
BAD 169764490549
BAD 169764708587
BAD 169765321513
BAD 169765421143
BAD 169765421149
BAD 169765421153
BAD 169765504949
BAD 169765566227
BAD 169765622249
BAD 169765622251
BAD 169765719553
BAD 169765763071
BAD 169766107741
BAD 169766203183
BAD 169767548063
BAD 169767696893
BAD 169767816203
BAD 169767816247
BAD 169767915139
BAD 169767915143
BAD 169767915157
BAD 169768160131
BAD 169768160141
BAD 169768160143
BAD 169768160147
BAD 169768603733
BAD 169768815899
BAD 169768815901
BAD 169768891993
BAD 169768891997
BAD 169769263309
BAD 169769908817
BAD 169770129409
BAD 169770129413
BAD 169770134273
BAD 169770838753
BAD 169770838777
BAD 169770838781
BAD 169771692473
BAD 169771846201
BAD 169771846207
BAD 169772111653
BAD 169772545643
BAD 169772545651
BAD 169773161713
BAD 169773894841
BAD 169775673721
BAD 169776704107
BAD 169777505809
BAD 169777600253
BAD 169777964899
BAD 169777964903
BAD 169778539013
BAD 169778539019
BAD 169778539043
BAD 169779297323
BAD 169780009879
BAD 169780090651
BAD 169780487453
BAD 169831578211
BAD 169798570399
BAD 169798570457
BAD 169831711319
BAD 169831711321
BAD 169831762547
BAD 169831762549
BAD 169831762553
BAD 169832104249
BAD 169832104307
BAD 169832104313
BAD 169832657153
BAD 169832657161
BAD 169832666881
BAD 169832779271
BAD 169832779273
BAD 169799807731
BAD 169800138631
BAD 169800270173
BAD 169800358789
BAD 169833744181
BAD 169801001443
BAD 169801281653
BAD 169802089537
BAD 169781191369
BAD 169802343563
BAD 169835653453
BAD 169835653459
BAD 169835748427
BAD 169802851159
BAD 169802986523
BAD 169836147311
BAD 169836162113
BAD 169836162157
BAD 169803142471
BAD 169803281521
BAD 169837097453
BAD 169781937631
BAD 169837239097
BAD 169837241713
BAD 169782046003
BAD 169782046013
BAD 169837413803
BAD 169782061159
BAD 169782061171
BAD 169837619251
BAD 169837619257
BAD 169837842121
BAD 169782309889
BAD 169782505511
BAD 169782505513
BAD 169838314507
BAD 169838314511
BAD 169782517241
BAD 169782517243
BAD 169782517253
BAD 169782633217
BAD 169805572303
BAD 169805715713
BAD 169839300847
BAD 169839331993
BAD 169783596683
BAD 169783941683
BAD 169840316941
BAD 169840316963
BAD 169840402819
BAD 169840456013
BAD 169840569413
BAD 169840716533
BAD 169840716571
BAD 169841118871
BAD 169785031099
BAD 169807032761
BAD 169785380887
BAD 169842256253
BAD 169807263361
BAD 169785946259
BAD 169842435493
BAD 169842445609
BAD 169842445613
BAD 169786070087
BAD 169807410583
BAD 169786287691
BAD 169807518733
BAD 169807518737
BAD 169807518739
BAD 169807518743
BAD 169807540291
BAD 169842867143
BAD 169843705337
BAD 169843705351
BAD 169843705357
BAD 169843705363
BAD 169787971163
BAD 169788282281
BAD 169788282283
BAD 169788889279
BAD 169844565743
BAD 169789059799
BAD 169844687491
BAD 169789102003
BAD 169789480813
BAD 169789506673
BAD 169789717351
BAD 169808798843
BAD 169789976927
BAD 169789976929
BAD 169789976933
BAD 169845888769
BAD 169809256559
BAD 169790815111
BAD 169809653929
BAD 169846511839
BAD 169846680863
BAD 169791838189
BAD 169791838193
BAD 169846888987
BAD 169810440323
BAD 169792230583
BAD 169792230589
BAD 169792230593
BAD 169792308953
BAD 169792309039
BAD 169792309051
BAD 169792309081
BAD 169810561153
BAD 169810561157
BAD 169810561159
BAD 169847537129
BAD 169792841069
BAD 169811013247
BAD 169792964389
BAD 169811198311
BAD 169793212763
BAD 169793320819
BAD 169848215767
BAD 169848215773
BAD 169793414389
BAD 169793414393
BAD 169811715347
BAD 169811715349
BAD 169793590541
BAD 169793590543
BAD 169812158899
BAD 169812249517
BAD 169812300953
BAD 169812432943
BAD 169794123601
BAD 169794123619
BAD 169812560017
BAD 169812632519
BAD 169794475493
BAD 169812917303
BAD 169813442509
BAD 169815122629
BAD 169814408789
BAD 169814408791
BAD 169814488733
BAD 169796203363
BAD 169796239579
BAD 169796239583
BAD 169796311913
BAD 169796369797
BAD 169796587369
BAD 169796601761
BAD 169815988423
BAD 169796601763
BAD 169796850499
BAD 169816174369
BAD 169796928803
BAD 169797213283
BAD 169816671653
BAD 169816850963
BAD 169797717211
BAD 169797798283
BAD 169818014671
BAD 169818210193
BAD 169818212653
BAD 169818212671
BAD 169818214373
BAD 169819448237
BAD 169820069917
BAD 169820329219
BAD 169820329249
BAD 169820329253
BAD 169821049039
BAD 169821049043
BAD 169821049049
BAD 169821815173
BAD 169821815179
BAD 169822125593
BAD 169822125601
BAD 169822233181
BAD 169822451873
BAD 169823134829
BAD 169823161073
BAD 169823494453
BAD 169823494459
BAD 169823600207
BAD 169823600209
BAD 169823600213
BAD 169823731747
BAD 169825355197
BAD 169825355201
BAD 169825616509
BAD 169826665207
BAD 169826665237
BAD 169826665291
BAD 169826942827
BAD 169828072033
BAD 169828351981
BAD 169829649923
BAD 169830211763
BAD 169830274373
BAD 169831270253
BAD 169848234847
BAD 169848373003
BAD 169848905731
BAD 169849091903
BAD 169849504261
BAD 169849504271
BAD 169849514399
BAD 169850083813
BAD 169850621419
BAD 169850621431
BAD 169850761747
BAD 169852165669
BAD 169852165741
BAD 169852171921
BAD 169852797607
BAD 169853189731
BAD 169853201233
BAD 169853386229
BAD 169853386231
BAD 169853386247
BAD 169853386249
BAD 169853386253
BAD 169853456659
BAD 169853619833
BAD 169853619841
BAD 169853619847
BAD 169853619853
BAD 169853619863
BAD 169853619877
BAD 169854679567
BAD 169854679571
BAD 169854679573
BAD 169854779221
BAD 169854970921
BAD 169855119997
BAD 169855591603
BAD 169855591621
BAD 169855634813
BAD 169855639543
BAD 169856510573
BAD 169856716531
BAD 169856868661
BAD 169857166631
BAD 169857166637
BAD 169858587097
BAD 169859062517
BAD 169859062519
BAD 169859468959
BAD 169859468963
BAD 169859468971
BAD 169859703383
BAD 169859703389
BAD 169860206783
BAD 169860267469
BAD 169860267481
BAD 169860640153
BAD 169861260313
BAD 169861551451
BAD 169861878947
BAD 169862215519
BAD 169862215529
BAD 169862215531
BAD 169865340611
BAD 169865340613
BAD 169862468141
BAD 169865364749
BAD 169865364751
BAD 169862532473
BAD 169862652007
BAD 169865820413
BAD 169862987653
BAD 169865990653
BAD 169862987663
BAD 169866109381
BAD 169866202711
BAD 169866223069
BAD 169863625297
BAD 169867149989
BAD 169867198021
BAD 169863939853
BAD 169863939863
BAD 169863939877
BAD 169867488949
BAD 169867488953
BAD 169867624603
BAD 169867624607
BAD 169867687757
BAD 169867687763
BAD 169864266833
BAD 169867708187
BAD 169867708189
BAD 169864297753
BAD 169864320287
BAD 169867756913
BAD 169868941273
BAD 169868941283
BAD 169869685967
BAD 169869685969
BAD 169869744953
BAD 169869744959
BAD 169869834613
BAD 169869978049
BAD 169869978053
BAD 169870348523
BAD 169932276421
BAD 169932276427
BAD 169932276431
BAD 169932276433
BAD 169932276439
BAD 169932276443
BAD 169870454063
BAD 169933268431
BAD 169933268437
BAD 169933268467
BAD 169933268473
BAD 169871512361
BAD 169871512373
BAD 169871658479
BAD 169871658487
BAD 169871658491
BAD 169871658493
BAD 169871658497
BAD 169871703823
BAD 169872353117
BAD 169872459739
BAD 169934600663
BAD 169873259687
BAD 169873259693
BAD 169873342831
BAD 169873669249
BAD 169873669253
BAD 169935586957
BAD 169935802681
BAD 169873904807
BAD 169935912457
BAD 169936133539
BAD 169936133561
BAD 169936156043
BAD 169936171403
BAD 169874483399
BAD 169874483423
BAD 169874483431
BAD 169874483437
BAD 169937316203
BAD 169876033267
BAD 169938050629
BAD 169938050647
BAD 169876071877
BAD 169876071881
BAD 169938251809
BAD 169876291891
BAD 169876309153
BAD 169938564377
BAD 169938579709
BAD 169876708471
BAD 169939019611
BAD 169939051831
BAD 169939378183
BAD 169939386949
BAD 169878110299
BAD 169878471991
BAD 169941313193
BAD 169941313211
BAD 169941707963
BAD 169941768713
BAD 169941844591
BAD 169879082257
BAD 169942023271
BAD 169942023287
BAD 169942147021
BAD 169879442209
BAD 169879640963
BAD 169942785253
BAD 169942785283
BAD 169879916953
BAD 169880033273
BAD 169943162581
BAD 169943162603
BAD 169880045383
BAD 169880045389
BAD 169943331029
BAD 169943331031
BAD 169880162141
BAD 169880372569
BAD 169880372573
BAD 169880712121
BAD 169880769943
BAD 169944292033
BAD 169944292039
BAD 169944292043
BAD 169881230593
BAD 169944897349
BAD 169881230611
BAD 169881287197
BAD 169881287203
BAD 169945168207
BAD 169881417157
BAD 169945256791
BAD 169945934173
BAD 169945934177
BAD 169947113821
BAD 169947877837
BAD 169947952639
BAD 169948070927
BAD 169948618219
BAD 169948806373
BAD 169898997097
BAD 169899317953
BAD 169899728731
BAD 169899746383
BAD 169899746389
BAD 169900196071
BAD 169900284397
BAD 169900284403
BAD 169901127049
BAD 169901127083
BAD 169901198671
BAD 169901198683
BAD 169901719033
BAD 169901729227
BAD 169881788551
BAD 169902160081
BAD 169882288019
BAD 169903592323
BAD 169903614799
BAD 169951600373
BAD 169951600381
BAD 169951600393
BAD 169903854859
BAD 169883735401
BAD 169883844281
BAD 169883844283
BAD 169904282057
BAD 169883967901
BAD 169904745013
BAD 169904746937
BAD 169904746939
BAD 169884520747
BAD 169905447697
BAD 169953490183
BAD 169905779363
BAD 169905779369
BAD 169905946757
BAD 169905946759
BAD 169905946787
BAD 169906307873
BAD 169954181809
BAD 169886345999
BAD 169886346001
BAD 169886354333
BAD 169954622113
BAD 169906949789
BAD 169886473979
BAD 169906949791
BAD 169886473987
BAD 169886529587
BAD 169954685443
BAD 169954779751
BAD 169886745499
BAD 169907305559
BAD 169955118499
BAD 169955147587
BAD 169955147603
BAD 169907556433
BAD 169907556437
BAD 169955217097
BAD 169887411751
BAD 169955730071
BAD 169955730073
BAD 169887805793
BAD 169887904469
BAD 169908512167
BAD 169888385417
BAD 169888728349
BAD 169888766071
BAD 169889205139
BAD 169889205151
BAD 169889430649
BAD 169889430653
BAD 169957193773
BAD 169965852487
BAD 169957238201
BAD 169957238203
BAD 169965859187
BAD 169965915079
BAD 169965975889
BAD 169966026583
BAD 169890127853
BAD 169957596047
BAD 169957596049
BAD 169890215569
BAD 169966249561
BAD 169966249567
BAD 169966249571
BAD 169966249573
BAD 169890293647
BAD 169890293663
BAD 169966738453
BAD 169966891337
BAD 169911553549
BAD 169958490113
BAD 169911774631
BAD 169911794719
BAD 169967239927
BAD 169891380083
BAD 169958850287
BAD 169958850289
BAD 169958850301
BAD 169958850307
BAD 169912318577
BAD 169912318579
BAD 169891915031
BAD 169891915033
BAD 169959435599
BAD 169959435601
BAD 169959435623
BAD 169891975471
BAD 169959501011
BAD 169959501013
BAD 169959501017
BAD 169892030149
BAD 169959808951
BAD 169968388049
BAD 169968478501
BAD 169960076779
BAD 169912933727
BAD 169912933763
BAD 169892817949
BAD 169892817953
BAD 169969211779
BAD 169893204361
BAD 169893204367
BAD 169893204373
BAD 169893435433
BAD 169960986743
BAD 169893522389
BAD 169893522391
BAD 169893522397
BAD 169893543367
BAD 169893604759
BAD 169893604763
BAD 169893604781
BAD 169961165459
BAD 169893648679
BAD 169893835777
BAD 169893835781
BAD 169893835807
BAD 169961559337
BAD 169961559353
BAD 169961559409
BAD 169961559421
BAD 169961559433
BAD 169962266657
BAD 169962266659
BAD 169894626931
BAD 169894891561
BAD 169963033423
BAD 169971883451
BAD 169971923557
BAD 169971923567
BAD 169972096601
BAD 169972096603
BAD 169972096607
BAD 169972096639
BAD 169972121323
BAD 169972350959
BAD 169972395997
BAD 169972550879
BAD 169963759891
BAD 169963759907
BAD 169963759909
BAD 169963759913
BAD 169972752373
BAD 169972752377
BAD 169963846981
BAD 169963848493
BAD 169896399833
BAD 169964157887
BAD 169964255807
BAD 169964255809
BAD 169896856079
BAD 169896856081
BAD 169964343323
BAD 169964343331
BAD 169973688757
BAD 169897079881
BAD 169964613073
BAD 169974343457
BAD 169974343459
BAD 169974456859
BAD 169974456863
BAD 169897925531
BAD 169965438529
BAD 169965580313
BAD 169975736389
BAD 169975736431
BAD 169975736443
BAD 169975736449
BAD 169976125507
BAD 169976308283
BAD 169982572453
BAD 169982572457
BAD 169977370699
BAD 169977370729
BAD 169977617683
BAD 169977877607
BAD 169983185951
BAD 169978502273
BAD 169978502279
BAD 169978502299
BAD 169978507073
BAD 169978507141
BAD 169984033783
BAD 169984033789
BAD 169984164073
BAD 169984164079
BAD 169984164083
BAD 169915612703
BAD 169915775363
BAD 169915775369
BAD 169915775371
BAD 169984376249
BAD 169979330153
BAD 169984635883
BAD 169979540963
BAD 169984792457
BAD 169984792459
BAD 169916231509
BAD 169984821529
BAD 169979916607
BAD 169985195473
BAD 169985195491
BAD 169985195519
BAD 169985195521
BAD 169980191483
BAD 169980241471
BAD 169917400259
BAD 169986056629
BAD 169986259081
BAD 169981166963
BAD 169981166969
BAD 169981166987
BAD 169981166989
BAD 169986367183
BAD 169918179169
BAD 169918179173
BAD 169918296473
BAD 169918932829
BAD 169918932839
BAD 169919258869
BAD 169919289979
BAD 169919289983
BAD 169988000011
BAD 169988000059
BAD 169988000069
BAD 169988000071
BAD 169919819569
BAD 169988483723
BAD 169988483747
BAD 169988667787
BAD 169988778499
BAD 169988778503
BAD 169988778541
BAD 169920724027
BAD 169920724031
BAD 169988954053
BAD 169921198661
BAD 169921198663
BAD 169989149303
BAD 169921311467
BAD 169921311481
BAD 169989248647
BAD 169989308701
BAD 169989308711
BAD 169921822163
BAD 169921970377
BAD 169989793717
BAD 169990209661
BAD 169922916349
BAD 169990347913
BAD 169990347929
BAD 169990347931
BAD 169924117543
BAD 169991313143
BAD 169924332733
BAD 169991585837
BAD 169991585839
BAD 169991585843
BAD 169924822523
BAD 169924822567
BAD 169924842449
BAD 169926094847
BAD 169926094853
BAD 169926094873
BAD 169926094913
BAD 169926100651
BAD 169926354173
BAD 169993881301
BAD 169926682327
BAD 169994161721
BAD 169994161723
BAD 169994188649
BAD 169926861241
BAD 169994264753
BAD 169994405899
BAD 169994405957
BAD 169994439397
BAD 169994558749
BAD 169994558753
BAD 169994705963
BAD 169994993263
BAD 169994993269
BAD 169994993281
BAD 169927880477
BAD 169928024141
BAD 169928024143
BAD 169928105821
BAD 169928533681
BAD 169928868023
BAD 169996285751
BAD 169996285783
BAD 169996442527
BAD 169996879127
BAD 169929808931
BAD 169996969073
BAD 169929808933
BAD 169929853453
BAD 169930243333
BAD 169997473993
BAD 169930331653
BAD 169930504831
BAD 169930568963
BAD 169997844631
BAD 169997844637
BAD 169930731703
BAD 169930917803
BAD 169931001893
BAD 169998322387
BAD 169931405537
BAD 169998591019
BAD 169931806823
BAD 169931806843
RANGE 160000000000 170000000000 PRIMES 387156696 BAD 36312
